wavelength,luminosity
20000.0,2.1567294809124507e+37
19922.303018228908,2.1893754087905706e+37
19845.207382417146,2.216210683090144e+37
19768.706138183254,2.2473175502252547e+37
19692.792437967706,2.2801294658684264e+37
19617.4595389897,2.3083553082229545e+37
19542.700801250732,2.3396352533114167e+37
19468.50968558357,2.3736943552447207e+37
19394.87975174554,2.40332674855059e+37
19321.804656554923,2.4383705035958252e+37
19249.278152069295,2.4687002631545154e+37
19177.294083804773,2.502000773799655e+37
19105.846388995033,2.5420374160703917e+37
19034.92909488912,2.5787902483572143e+37
18964.536317087048,2.6123490947077797e+37
18894.66225791214,2.64326445133353e+37
18825.301204819276,2.67134789035296e+37
18756.447528838038,2.6984459035881416e+37
18688.095683049898,2.730021384272093e+37
18620.240201098593,2.7426030116941837e+37
18552.875695732837,2.7302773726710897e+37
18485.996857380534,2.716763992540037e+37
18419.59845275373,2.705804579075504e+37
18353.675323483527,2.702746890279183e+37
18288.2223847842,2.70133393109567e+37
18223.234624145785,2.683240820174695e+37
18158.70710005448,2.666046058439658e+37
18094.63494074007,2.686389603361026e+37
18031.013342949875,2.779262785445086e+37
17967.83757074836,2.8410662626928823e+37
17905.102954341986,2.8623356144619525e+37
17842.80488892854,2.872386150418638e+37
17780.938833570413,2.880774198483076e+37
17719.500310091258,2.9901745603245905e+37
17658.48490199541,3.093294386417954e+37
17597.88825340959,3.1499100850589893e+37
17537.7060680463,3.1440170986900983e+37
17477.934108188412,3.1340062724378795e+37
17418.56819369448,3.170848308463028e+37
17359.604201024216,3.2528812578965233e+37
17301.038062283737,3.3018392019057275e+37
17242.865764290025,3.349967721012259e+37
17185.083347654236,3.406265731262588e+37
17127.68690588336,3.4551563588406374e+37
17070.67258449983,3.5755518624332717e+37
17014.036580178647,3.738064805291702e+37
16957.775139901645,3.8519592428199167e+37
16901.884560128452,3.925611880281433e+37
16846.361185983827,3.97916066742937e+37
16791.20141046092,4.0280873372784263e+37
16736.401673640165,4.0722288119615333e+37
16681.95846192343,4.1137672651866667e+37
16627.868307283006,4.15369273812809e+37
16574.127786525234,4.1938069653764345e+37
16520.733520568312,4.2311122742234535e+37
16467.682173734047,4.266913253761541e+37
16414.970453053185,4.309429006314008e+37
16362.595107584062,4.362106856935214e+37
16310.55292774425,4.407732366223407e+37
16258.840744654906,4.475585748885947e+37
16207.455429497568,4.5547292282773095e+37
16156.393892883107,4.620735767078312e+37
16105.653084232566,4.68424137500918e+37
16055.229991169623,4.741734896210477e+37
16005.121638924456,4.807718681453422e+37
15955.325089748701,4.872486941592386e+37
15905.837442341339,4.928625127761721e+37
15856.655831285181,4.985703632192074e+37
15807.777426493836,5.043041070708467e+37
15759.19943266882,5.101665501783221e+37
15710.919088766692,5.160332008626671e+37
15662.933667475918,5.216628488066515e+37
15615.240474703309,5.269979840294148e+37
15567.836849069823,5.327809698285006e+37
15520.72016141549,5.384994039534222e+37
15473.887814313346,5.449836814208714e+37
15427.337241592102,5.515574765865756e+37
15381.065907867414,5.575608795110621e+37
15335.07130808158,5.632848389525325e+37
15289.350967051449,5.6936229904243e+37
15243.90243902439,5.754028593136216e+37
15198.723307242191,5.816758134149782e+37
15153.811183512653,5.883479740671146e+37
15109.163707788774,5.9477074366889315e+37
15064.778547755348,6.011539751511674e+37
15020.65339842283,6.078103117495232e+37
14976.78598172832,6.142236074287741e+37
14933.174046143507,6.202630904985198e+37
14889.815366289458,6.265918429336798e+37
14846.707742558088,6.3291511515868715e+37
14803.849000740192,6.390864973551653e+37
14761.2369916599,6.456821018947028e+37
14718.869590815424,6.523982249546287e+37
14676.744698025977,6.597008983337433e+37
14634.860237084737,6.661386301670521e+37
14593.21415541773,6.728922502859217e+37
14551.804423748546,6.795326829379894e+37
14510.629035768701,6.863221657022269e+37
14469.686007813632,6.93329111397634e+37
14428.973378544119,7.010455761204217e+37
14388.489208633096,7.088576161684831e+37
14348.23158045771,7.171458854976764e+37
14308.198597796538,7.251926325019912e+37
14268.388385531856,7.324886943628419e+37
14228.79908935686,7.399098613123221e+37
14189.428875487763,7.465817145249958e+37
14150.275930380643,7.531351942362626e+37
14111.338460452975,7.601801478417736e+37
14072.61469180974,7.674166056787689e+37
14034.10286997404,7.744021551452324e+37
13995.801259622114,7.809108885520471e+37
13957.708144322703,7.87338870593777e+37
13919.821826280626,7.940458406105249e+37
13882.140626084543,8.009540734051001e+37
13844.662882458813,8.084372780933405e+37
13807.386952019331,8.157851914928669e+37
13770.311209033325,8.230942575417698e+37
13733.434045183,8.289370440320404e+37
13696.75386933297,8.338921228390726e+37
13660.269107301414,8.389484483079832e+37
13623.978201634878,8.431821699762324e+37
13587.879611386645,8.483917742783648e+37
13551.971811898633,8.54327365500395e+37
13516.253294586742,8.604502039611843e+37
13480.722566729579,8.672806856930608e+37
13445.378151260506,8.742327421724555e+37
13410.218586562962,8.81495677034631e+37
13375.242426268976,8.889805935677963e+37
13340.448239060834,9.011393733807517e+37
13305.834608475818,9.149180487772423e+37
13271.400132714003,9.266795042739737e+37
13237.143424449005,9.364584999401144e+37
13203.06311064167,9.45646705456225e+37
13169.157832356621,9.547092676178227e+37
13135.426244581637,9.63491642131894e+37
13101.867016049788,9.711824983928427e+37
13068.478829064297,9.78836205105396e+37
13035.260379326079,9.860572033132878e+37
13002.210375763882,9.943021077876054e+37
12969.327540367032,1.0029370328746223e+38
12936.610608020701,1.011838783597641e+38
12904.058326343637,1.020323154229912e+38
12871.669455528383,1.0282811903635316e+38
12839.442768183862,1.0358055164632269e+38
12807.37704918033,1.0435409954980052e+38
12775.471095496649,1.0520504316494717e+38
12743.723716069837,1.0618532100229845e+38
12712.133731646858,1.071851013023315e+38
12680.6999746386,1.081503573279442e+38
12649.42128897603,1.0908406070353538e+38
12618.296529968455,1.1003006239062353e+38
12587.324564163888,1.110602399108736e+38
12556.504269211451,1.1216242521204204e+38
12525.83453372581,1.13231898790224e+38
12495.314257153568,1.1428471185050109e+38
12464.942349641633,1.1535676677116489e+38
12434.717731907487,1.1643471709699034e+38
12404.639335111333,1.1753000637587748e+38
12374.706100730109,1.185109626508022e+38
12344.916980433307,1.1944309410874931e+38
12315.270935960592,1.2035152329923827e+38
12285.766939001167,1.2125787038792438e+38
12256.403971074888,1.2214627497729102e+38
12227.181023415053,1.230428665478772e+38
12198.09709685289,1.2396265012384102e+38
12169.15120170368,1.2490561146208397e+38
12140.342357654488,1.259784268994613e+38
12111.669593653487,1.2703939615585706e+38
12083.13194780087,1.2797287119306032e+38
12054.728467241277,1.2894898804285217e+38
12026.458208057727,1.2999979974678453e+38
11998.320235167079,1.3107281113808543e+38
11970.313622216903,1.322080494958237e+38
11942.437451483847,1.3335541372297825e+38
11914.690813773383,1.3464105405289176e+38
11887.072808320952,1.35810432409393e+38
11859.582542694498,1.3686812196095133e+38
11832.21913269834,1.3794398380101625e+38
11804.981702278363,1.3898780436186366e+38
11777.869383428537,1.4006044874097021e+38
11750.881316098707,1.4109642243624218e+38
11724.016648103641,1.4203009613826664e+38
11697.274535033339,1.4312380894509482e+38
11670.654140164557,1.4429591212717458e+38
11644.154634373546,1.454470455034181e+38
11617.775196049957,1.4652858099983336e+38
11591.51501101194,1.4761131870010164e+38
11565.373272422368,1.4867548310632616e+38
11539.34918070621,1.4975864745316433e+38
11513.441943469,1.5081088276108312e+38
11487.650775416429,1.51933140647986e+38
11461.974898274973,1.5310308589394517e+38
11436.413540713633,1.5427364090116877e+38
11410.965938266676,1.553753885632108e+38
11385.63133325743,1.5651467815964818e+38
11360.40897472309,1.5761124211054548e+38
11335.298118340514,1.5863974919344459e+38
11310.298026352993,1.5968246698824104e+38
11285.407967498026,1.6068812451431963e+38
11260.627216935984,1.6165039804491962e+38
11235.955056179775,1.6263353140278901e+38
11211.390773025394,1.637158615987555e+38
11186.933661483388,1.6482356515200009e+38
11162.583021711223,1.6603500295404408e+38
11138.338159946536,1.6725423631254082e+38
11114.198388441235,1.6832411820700788e+38
11090.163025396474,1.69576133176879e+38
11066.231394898468,1.7099846146691128e+38
11042.402826855125,1.7227578212787116e+38
11018.676656933503,1.7346420458755014e+38
10995.052226498075,1.746365469979449e+38
10971.528882549783,1.7575571360807672e+38
10948.105977665866,1.7721990217081627e+38
10924.78286994046,1.786737426976434e+38
10901.558922925979,1.799854736977202e+38
10878.433505575198,1.8119710313259243e+38
10855.405992184109,1.823374505261716e+38
10832.475762335482,1.8346179143580275e+38
10809.642200843153,1.847162545531159e+38
10786.904697696997,1.8624442494428006e+38
10764.262648008611,1.876942619967535e+38
10741.715451957678,1.891088195496664e+38
10719.262514738984,1.904477781030037e+38
10696.903246510135,1.917865073788413e+38
10674.63706233988,1.9315752710113838e+38
10652.463382157124,1.9450393951793573e+38
10630.381630700542,1.958349176733675e+38
10608.391237468839,1.9721117072159563e+38
10586.491636671606,1.9855355734645238e+38
10564.682267180815,1.9984592320820017e+38
10542.96257248287,2.0107037324771645e+38
10521.33200063128,2.0226099031827693e+38
10499.790004199916,2.0349391571303393e+38
10478.33604023681,2.047680681066371e+38
10456.96957021855,2.062452936617948e+38
10435.690060005218,2.077718057593484e+38
10414.496979795875,2.0925055213824265e+38
10393.389804084602,2.106370578656568e+38
10372.36801161705,2.119322667916701e+38
10351.431085347549,2.132259055968746e+38
10330.578512396694,2.1460846322988235e+38
10309.809784009485,2.1597243893902042e+38
10289.124395513942,2.1738117331397044e+38
10268.52184628023,2.18760609715232e+38
10248.001639680264,2.2007431579370132e+38
10227.563283047815,2.213959739845314e+38
10207.206287639074,2.228176131183144e+38
10186.930168593695,2.2419589005211824e+38
10166.7344448963,2.255006570343412e+38
10146.618639338441,2.268430129304057e+38
10126.582278481013,2.282238667074636e+38
10106.62489261711,2.2962885449632044e+38
10086.746015735325,2.310962929064808e+38
10066.945185483466,2.325784629005073e+38
10047.221943132723,2.3414263607116017e+38
10027.57583354224,2.3563056192032075e+38
10008.006405124099,2.3697484685148677e+38
9988.513209808722,2.382690669531371e+38
9969.095803010667,2.394541582646516e+38
9949.753743594847,2.407150371188444e+38
9930.486593843098,2.4199252647616897e+38
9911.293919421181,2.432645275979143e+38
9892.175289346129,2.4448073408434248e+38
9873.130275953992,2.4569182199569116e+38
9854.158454867955,2.4685432407768036e+38
9835.259404966806,2.4794851297171994e+38
9816.432708353785,2.4904650122039496e+38
9797.677950325773,2.5007247803055514e+38
9778.99471934285,2.50989738458342e+38
9760.382606998195,2.5048726443191275e+38
9741.84120798831,2.4952657401621806e+38
9723.370120083622,2.4825490309406025e+38
9704.968944099379,2.472364925687941e+38
9686.637283866905,2.4620586958061358e+38
9668.374746205162,2.451517925787107e+38
9650.180940892642,2.4478078309479857e+38
9632.055480639568,2.442089452241258e+38
9613.997981060424,2.442434708069127e+38
9596.008060646773,2.4436148300146177e+38
9578.085340740385,2.45095158465972e+38
9560.229445506693,2.457668318655243e+38
9542.44000190849,2.4695865679068674e+38
9524.71663967997,2.4809957254943575e+38
9507.05899130104,2.495912791255221e+38
9489.466691971911,2.5136183800531205e+38
9471.939379587971,2.617949555033535e+38
9454.476694714947,2.7140318297809853e+38
9437.078280564338,2.791235800680592e+38
9419.743782969103,2.8509086157202542e+38
9402.472850359645,2.8965116214236843e+38
9385.265133740028,2.9296709372149545e+38
9368.120286664482,2.9585408836425138e+38
9351.037965214138,2.983537352224562e+38
9334.017827974052,3.0058509216963958e+38
9317.059536010434,3.0266485860378982e+38
9300.162752848175,3.0457811455057317e+38
9283.32714444857,3.0640334192610015e+38
9266.552379187324,3.080951129996778e+38
9249.838127832763,3.097063579005601e+38
9233.184063524306,3.1134913060562133e+38
9216.589861751152,3.129615060145696e+38
9200.055200331202,3.1464173926242975e+38
9183.57975939021,3.1625759671407204e+38
9167.163221341156,3.1776163531841035e+38
9150.805270863837,3.1928716884727704e+38
9134.505594884677,3.207158271931302e+38
9118.263882556761,3.2164978162749996e+38
9102.079825240067,3.2161429084133868e+38
9085.953116481918,3.2080522165029807e+38
9069.883451997643,3.198784988827915e+38
9053.870529651425,3.188562980181022e+38
9037.91404943739,3.182277100197033e+38
9022.013713460845,3.1755696225146756e+38
9006.169225919755,3.172873144485574e+38
8990.380293086399,3.1722265518451976e+38
8974.646623289209,3.1727224101625358e+38
8958.967926894822,3.1770332405929794e+38
8943.343916290301,3.181199805587114e+38
8927.774305865549,3.190545880769362e+38
8912.2588119959,3.2014087184717645e+38
8896.79715302491,3.2113304885185874e+38
8881.389049247302,3.2230894411894977e+38
8866.0342228921,3.2435551788088673e+38
8850.732398105944,3.271086064603452e+38
8835.483300936561,3.3368906882931223e+38
8820.286659316427,3.42650476044194e+38
8805.142203046578,3.501895848319333e+38
8790.0496637806,3.563973253995542e+38
8775.008775008775,3.615660935507242e+38
8760.019272042398,3.659342511231577e+38
8745.080891998252,3.695153110535004e+38
8730.19337378323,3.7250232220208e+38
8715.356458079135,3.7514853185678274e+38
8700.56988732762,3.776312347866858e+38
8685.833405715279,3.8004784974315964e+38
8671.146759158899,3.824883419473225e+38
8656.509695290859,3.849752716718514e+38
8641.92196344467,3.8745191466029375e+38
8627.383314640669,3.8985794807591015e+38
8612.893501571853,3.921690677913272e+38
8598.452278589853,3.944457624165697e+38
8584.05940169106,3.96662290434268e+38
8569.714628502872,3.988115667736557e+38
8555.417718270095,4.009662781552743e+38
8541.168431841475,4.031191373581508e+38
8526.966531656362,4.0518354575492226e+38
8512.811781731505,4.071695165534788e+38
8498.703947647984,4.091003366181563e+38
8484.642796538266,4.110403997077749e+38
8470.628097073397,4.130648770620566e+38
8456.659619450318,4.151128554863104e+38
8442.73713537929,4.170809623204853e+38
8428.860418071477,4.190867253655611e+38
8415.029242226616,4.209637062249606e+38
8401.243384020836,4.227448314418322e+38
8387.502621094569,4.243893425773996e+38
8373.806732540612,4.259084747749998e+38
8360.15549889228,4.274235393640191e+38
8346.548702111677,4.289528774757313e+38
8332.986125578102,4.305307636321293e+38
8319.46755407654,4.3185918433020245e+38
8305.992773786287,4.331418293009976e+38
8292.561572269675,4.344938121501425e+38
8279.1737384609,4.360687372543568e+38
8265.829062654984,4.377096996625934e+38
8252.527336496802,4.393010398357776e+38
8239.268352970255,4.409401111222667e+38
8226.051906387529,4.425828589707625e+38
8212.87779237845,4.442048744049758e+38
8199.745807879955,4.4585749556967935e+38
8186.655751125665,4.474742548423162e+38
8173.607421635538,4.495893325509903e+38
8160.600620205647,4.5190409583374206e+38
8147.635148898032,4.543531014838715e+38
8134.710811030667,4.56952382273622e+38
8121.827411167513,4.595799672592862e+38
8108.98475510866,4.62197595815206e+38
8096.182649880581,4.647351013583129e+38
8083.420903726457,4.673598913596408e+38
8070.6993260966065,4.700216015476655e+38
8058.017727639,4.728164936389687e+38
8045.37592018987,4.757626548607725e+38
8032.773716764399,4.787932209814289e+38
8020.2109315475,4.818458358977224e+38
8007.68737988469,4.849218265296729e+38
7995.202878273038,4.880597229298942e+38
7982.7572443522,4.912832689041654e+38
7970.350296895549,4.945300119980725e+38
7957.98185580137,4.978285948947512e+38
7945.651742084146,5.011851686483643e+38
7933.359777865927,5.045436756913868e+38
7921.105786367778,5.079385259976882e+38
7908.889591901298,5.113897979540835e+38
7896.711019860229,5.1484831985955695e+38
7884.569896712135,5.184044401437603e+38
7872.46604999016,5.220706641542986e+38
7860.399308284863,5.257188162261788e+38
7848.369501236119,5.29261010589519e+38
7836.376459525117,5.327908399673635e+38
7824.420014866399,5.359897858593691e+38
7812.500000000001,5.388533713580313e+38
7800.6162486836465,5.416514463574941e+38
7788.768595685023,5.442324689476567e+38
7776.956876774119,5.466474883200024e+38
7765.18092871564,5.489192639635235e+38
7753.440589261486,5.512887579021192e+38
7741.7356971433,5.536798933888852e+38
7730.066092065088,5.5603345332359295e+38
7718.4316146958945,5.583766308717439e+38
7706.832106662557,5.606206535392818e+38
7695.267410542517,5.62818115451288e+38
7683.737369856699,5.6506399625298924e+38
7672.241829062453,5.673290442098437e+38
7660.780633546559,5.675201327009833e+38
7649.353629618298,5.663089991920918e+38
7637.960664502579,5.645475175290443e+38
7626.60158633313,5.624438747753073e+38
7615.276244145758,5.605372943325953e+38
7603.984487871646,5.583144998527126e+38
7592.72616833074,5.554927669762057e+38
7581.501137225171,5.531742368046998e+38
7570.309247132746,5.507996696004475e+38
7559.150351500492,5.481561505168041e+38
7548.024304638262,5.4599074410121564e+38
7536.930961712392,5.435737983841224e+38
7525.8701787394175,5.414815392858684e+38
7514.841812579846,5.3965906584784606e+38
7503.845720931979,5.377705921315768e+38
7492.881762325792,5.3623928440218026e+38
7481.949796116869,5.3461680477320485e+38
7471.0496824803895,5.334094543062858e+38
7460.181282405163,5.3229724473408054e+38
7449.344457687725,5.316037573046144e+38
7438.539070926471,5.3677785673241516e+38
7427.764985515859,5.439378389992916e+38
7417.022065640646,5.522046045552311e+38
7406.310176270184,5.6016621852982055e+38
7395.629183152757,5.682113599904621e+38
7384.9789528099855,5.7589647353167125e+38
7374.35935253125,5.83519112484576e+38
7363.770250368189,5.909125828454764e+38
7353.211515129234,5.975610899564021e+38
7342.683016374184,6.03824322184081e+38
7332.184624408843,6.0978820785294756e+38
7321.71621027969,6.154854984611593e+38
7311.277645768599,6.209822994359885e+38
7300.868803387603,6.2594614293535e+38
7290.489556373712,6.305701212861904e+38
7280.1397786837515,6.3476586754806946e+38
7269.819344989278,6.3864815387624116e+38
7259.528130671507,6.422143750542322e+38
7249.266011816305,6.453155582383091e+38
7239.032865209209,6.4776638329565285e+38
7228.828568330503,6.499840147233843e+38
7218.652999350322,6.520659628298197e+38
7208.506037123808,6.541317877921227e+38
7198.387561186295,6.56184923273603e+38
7188.2974517485545,6.5825546313918805e+38
7178.2355896920535,6.603030154460763e+38
7168.201856564282,6.622126877374973e+38
7158.196134574087,6.6399810741451165e+38
7148.218306587084,6.655844409564069e+38
7138.268256121066,6.64870816859832e+38
7128.345867341483,6.5774242558439e+38
7118.451025056948,6.4778613781789815e+38
7108.583614714769,6.3708090288934255e+38
7098.743522396537,6.2485195142921786e+38
7088.930634813739,6.118178846420808e+38
7079.144839303413,5.979535781394387e+38
7069.386023823831,5.833041034766974e+38
7059.65407695023,5.666948639039499e+38
7049.948887870563,5.507617798570583e+38
7040.270346381302,5.3418409486544394e+38
7030.618342883256,5.176935068833804e+38
7020.9927683774495,5.016285611042385e+38
7011.393514461,4.846750969086076e+38
7001.820473323064,4.698492842626173e+38
6992.273537740797,4.555066933269147e+38
6982.752601075345,4.41931559286276e+38
6973.257557267878,4.3047432964707044e+38
6963.788300835656,4.2030175177602355e+38
6954.344726868112,4.111048952324091e+38
6944.926731022989,4.041260697532064e+38
6935.53420952249,3.9898262351624175e+38
6926.167059149468,4.1455521445819644e+38
6916.825177243645,4.382278801936386e+38
6907.508461697866,4.700343053640113e+38
6898.216810954369,5.047819281630137e+38
6888.950124001103,5.426671984237912e+38
6879.708300368065,5.8096991574821494e+38
6870.491240123669,6.190761340428548e+38
6861.298843871145,6.527316694296148e+38
6852.131012744964,6.837118255754156e+38
6842.987648407296,7.082699510435502e+38
6833.868653044489,7.297921009110079e+38
6824.7739293635905,7.468883138297723e+38
6815.703380588878,7.621497577795145e+38
6806.65691045843,7.777567924801834e+38
6797.634423220719,7.909254308565133e+38
6788.635823631242,8.03221733475175e+38
6779.661016949153,8.140614642222922e+38
6770.709908933953,8.244126391322256e+38
6761.782405842181,8.342073470732014e+38
6752.878414424149,8.435302719342856e+38
6743.997841920692,8.529007296464739e+38
6735.140596059943,8.623589217109395e+38
6726.306585054148,8.717653606351162e+38
6717.49571759648,8.811494569553775e+38
6708.70790285791,8.907650891643784e+38
6699.943050484071,9.00232844360967e+38
6691.201070592172,9.092677969479364e+38
6682.481873767918,9.175310162918038e+38
6673.785371062468,9.258654228155001e+38
6665.111473989403,9.342768514806642e+38
6656.460094521734,9.42773432134434e+38
6647.831145088916,9.507995536991674e+38
6639.224538573895,9.587198032446639e+38
6630.640188310182,9.658878844179174e+38
6622.078008078935,9.724633106314226e+38
6613.537912106081,9.787074944419031e+38
6605.019815059446,9.846381866737279e+38
6596.523632045913,9.89864744635825e+38
6588.049278608604,9.947546354391117e+38
6579.596670724085,9.987496661806574e+38
6571.16572479958,1.0027240305489856e+39
6562.756357670222,1.0068939820470362e+39
6554.368486596317,1.01122436558121e+39
6546.00202926063,1.0155193574005269e+39
6537.656903765691,1.0198144866625168e+39
6529.333028631126,1.0240772843988884e+39
6521.030322791002,1.0283083523127365e+39
6512.748705591196,1.0325008101341952e+39
6504.488096786783,1.0369763373378058e+39
6496.248416539449,1.0424835040852449e+39
6488.02958541491,1.0424243484577221e+39
6479.831524380366,1.0388233835820594e+39
6471.654154801968,1.0294623586185695e+39
6463.497398442298,1.0170107248993437e+39
6455.361177457879,1.0037087019568744e+39
6447.2454143967,9.87794708752363e+38
6439.15003219575,9.69639638304452e+38
6431.074954178592,9.517540123602392e+38
6423.020104052926,9.309848814540197e+38
6414.985405908202,9.089175041797629e+38
6406.970784213225,8.841970330627482e+38
6398.976163813791,8.587647323410558e+38
6391.001469930338,8.315884308000459e+38
6383.046628155619,8.032976670752234e+38
6375.111564452378,7.743228755190897e+38
6367.196205151063,7.44187579987015e+38
6359.3004769475365,7.138820248607498e+38
6351.4243069008235,6.83166706705382e+38
6343.567622430856,6.536370387217357e+38
6335.730351316249,6.238946280598269e+38
6327.9124216920845,5.955506454803396e+38
6320.113762047717,5.691064017928671e+38
6312.334301224594,5.4349923416329254e+38
6304.573968414085,5.255205697503756e+38
6296.832693155343,5.217524391492651e+38
6289.110405333166,5.237309960041165e+38
6281.407035175879,5.350586728127585e+38
6273.722513253239,5.5185548131146405e+38
6266.056770474341,5.744065457822901e+38
6258.409738085553,6.033125719379694e+38
6250.781347668459,6.354172897075198e+38
6243.171531137818,6.7258784441296675e+38
6235.58022073954,7.122678549573577e+38
6228.007349048672,7.527993968324784e+38
6220.452848967405,7.933628798629393e+38
6212.916653723091,8.298541306112423e+38
6205.398696866274,8.637076850992169e+38
6197.898912268741,8.910977727316799e+38
6190.41723412158,9.157031189324685e+38
6182.9535969332555,9.36583634107433e+38
6175.507935527697,9.553167058655993e+38
6168.080185042407,9.691966666845152e+38
6160.670280926565,9.816931152530382e+38
6153.278158939175,9.906151526068e+38
6145.903755147195,9.985912712299864e+38
6138.547005923698,1.0045001096462354e+39
6131.207847946046,1.010083683740508e+39
6123.886218194066,1.014763048003639e+39
6116.582053948255,1.0192000987029753e+39
6109.295292787977,1.0228702988636166e+39
6102.0258725897,1.0263871009875347e+39
6094.773731525217,1.0296011784778287e+39
6087.538808059901,1.0327632930502475e+39
6080.321040950963,1.0358928609227754e+39
6073.120369245718,1.0394636712021609e+39
6065.936732279883,1.0427190355789524e+39
6058.770069675857,1.0457369801454421e+39
6051.620321341039,1.0486681286969842e+39
6044.4874274661515,1.0516418806729969e+39
6037.371328523562,1.0548668602210436e+39
6030.271965265634,1.0584489620052899e+39
6023.189278723084,1.0619494365519392e+39
6016.123210203345,1.0656234934965193e+39
6009.073701288947,1.0691796359576749e+39
6002.040693835905,1.072918052599864e+39
5995.024129972123,1.0769734543367631e+39
5988.023952095809,1.0812997493323581e+39
5981.040102873891,1.0855785643500907e+39
5974.072525240456,1.0896882821570114e+39
5967.121162395203,1.0938798090128285e+39
5960.185957801884,1.0981482074536834e+39
5953.266855186784,1.1024433580651543e+39
5946.363798537194,1.1065664024030592e+39
5939.476732099903,1.1106266735647474e+39
5932.6056003796875,1.1146511722733191e+39
5925.7503481378335,1.1184205716278333e+39
5918.910920390648,1.1220161178404371e+39
5912.087262407993,1.1256160123127403e+39
5905.279319711823,1.1290635620350832e+39
5898.487038074734,1.1325835625249588e+39
5891.71036351853,1.1366106797067744e+39
5884.949242312785,1.142327956738787e+39
5878.2036209734315,1.1478099513982527e+39
5871.473446261339,1.1526429485665983e+39
5864.758665180928,1.1573124793781408e+39
5858.059224978765,1.1615706888578041e+39
5851.375073142189,1.1657050528415472e+39
5844.706157397937,1.1695270853537798e+39
5838.052425710783,1.1732981364993995e+39
5831.4138262821825,1.1769441842445714e+39
5824.790307548929,1.1805237049965588e+39
5818.181818181818,1.184014182064988e+39
5811.5883070843265,1.1868365048842348e+39
5805.0097233912875,1.1872009812210314e+39
5798.4460164675875,1.1871261830147765e+39
5791.897135906866,1.1866705949070054e+39
5785.363031530229,1.1859275866504116e+39
5778.843653384958,1.1846991270437228e+39
5772.338951743246,1.1846665981477504e+39
5765.8488771009315,1.1848764972330916e+39
5759.373380176236,1.1847115172480401e+39
5752.912411908529,1.1840566249975935e+39
5746.465923457074,1.1843701702757925e+39
5740.033866199811,1.1847583179849721e+39
5733.616191732126,1.1853409563597368e+39
5727.212851865639,1.1860533553082659e+39
5720.823798627002,1.187485703563266e+39
5714.448984256694,1.1893975326889856e+39
5708.088361207831,1.1908458408979142e+39
5701.7418821449955,1.1927480902059474e+39
5695.409499943046,1.1950294790843361e+39
5689.091167685962,1.197219219658134e+39
5682.786838665682,1.1997785770240142e+39
5676.49646638095,1.2024517996551471e+39
5670.220004536176,1.2050247762833701e+39
5663.9574070403,1.207969572581796e+39
5657.708628005658,1.2109205304860183e+39
5651.473621746871,1.2138583867345107e+39
5645.252342779723,1.2170572980880502e+39
5639.044745820058,1.228228745924576e+39
5632.850785782685,1.2429038955696446e+39
5626.6704177802785,1.2565957532076411e+39
5620.503597122302,1.2694599976832587e+39
5614.350279313927,1.2808640893682217e+39
5608.21042005496,1.2910939673979908e+39
5602.083975238789,1.3003280309204971e+39
5595.970900951316,1.3084249597525899e+39
5589.871153469913,1.315744368455246e+39
5583.784689262382,1.3217798399948465e+39
5577.711464985917,1.3270929461758568e+39
5571.651437486071,1.3314038853722034e+39
5565.604563795742,1.3348855356261461e+39
5559.570801134153,1.3369024392682735e+39
5553.55010690584,1.3382941566253017e+39
5547.5424386996565,1.3393120731946806e+39
5541.5477542877725,1.3400108873548932e+39
5535.566011624688,1.3401888784736753e+39
5529.59716884625,1.3397864136846097e+39
5523.641184268669,1.3386022618304203e+39
5517.698016387563,1.3371222647506548e+39
5511.767623876978,1.33543394183151e+39
5505.849965588438,1.3335349272499546e+39
5499.945000549994,1.3317395074887063e+39
5494.052687965278,1.3303773872739757e+39
5488.172987212558,1.3288649147322925e+39
5482.3058578438095,1.3265008192715871e+39
5476.45125958379,1.3237769814962338e+39
5470.6091523291125,1.3207674982664835e+39
5464.77949614733,1.3172654448475161e+39
5458.962251276033,1.3139587119266398e+39
5453.157378121933,1.3101073803079794e+39
5447.364837259976,1.3063992644986961e+39
5441.584589432443,1.3027477397399973e+39
5435.816595548066,1.2991073584990938e+39
5430.060816681147,1.295060428229305e+39
5424.317214070679,1.292580339636258e+39
5418.58574911948,1.2918480909794497e+39
5412.866383393327,1.2914631471221951e+39
5407.159078620093,1.2920600051715806e+39
5401.463796688903,1.2940996784939462e+39
5395.780499649274,1.2975188579277578e+39
5390.109149710282,1.3011916884009468e+39
5384.449709239716,1.3047322019633772e+39
5378.802140763251,1.3085927141185201e+39
5373.166406963624,1.3124869362790542e+39
5367.542470679799,1.3193547737067173e+39
5361.930294906166,1.327630309404655e+39
5356.329842791719,1.3357958644704192e+39
5350.7410776392535,1.343283513701234e+39
5345.163962904562,1.3505613114652326e+39
5339.598462195643,1.3579246101808702e+39
5334.044539271903,1.3651728243601817e+39
5328.502158043375,1.3724446710980538e+39
5322.971282569931,1.3800105407341634e+39
5317.451877060513,1.3874108997466247e+39
5311.943905872355,1.3946379965359078e+39
5306.447333510215,1.4012261628925672e+39
5300.96212462562,1.408345900258666e+39
5295.488244016098,1.4158534650404622e+39
5290.025656624434,1.4228756199449156e+39
5284.574327537917,1.429795635954763e+39
5279.134221987594,1.436443479831902e+39
5273.705305347537,1.4431895448276797e+39
5268.287543134104,1.4488294176367292e+39
5262.88090100521,1.454174642336821e+39
5257.4853447596015,1.459163512556876e+39
5252.100840336135,1.4638368256312885e+39
5246.7273538130585,1.468135278721281e+39
5241.3648514073075,1.472275362722818e+39
5236.0132994737805,1.476335576720658e+39
5230.672664504656,1.4802056156024866e+39
5225.342913128675,1.484094637015616e+39
5220.024012110455,1.4901213274984922e+39
5214.715928349803,1.49631597096348e+39
5209.418628881018,1.5025991186796543e+39
5204.132080872213,1.5087902018357888e+39
5198.856251624643,1.5164670965947752e+39
5193.591108572022,1.524409561756775e+39
5188.336619279859,1.532442373178115e+39
5183.092751444787,1.540252262307183e+39
5177.859472893906,1.5480805697403082e+39
5172.63675158412,1.5555224524054413e+39
5167.4245556014885,1.562699930949648e+39
5162.222853160571,1.5696980262336465e+39
5157.031612603785,1.5764245567652764e+39
5151.850802400763,1.582961440039351e+39
5146.68039114771,1.5894012013392393e+39
5141.520347566776,1.5954701884097443e+39
5136.370640505418,1.6007312089673257e+39
5131.231238935783,1.605695853143495e+39
5126.102111954071,1.6099106370079418e+39
5120.983228779926,1.613890530844855e+39
5115.874558755819,1.619108677057268e+39
5110.776071346433,1.6249786492046145e+39
5105.6877361380575,1.6308402229829433e+39
5100.609522837979,1.6363298845979444e+39
5095.541401273885,1.6418773687361393e+39
5090.483341393266,1.6472417552218728e+39
5085.435313262816,1.6515889534840625e+39
5080.397287067849,1.6543982224134066e+39
5075.369233111709,1.6565791394992707e+39
5070.351121815186,1.657277446837469e+39
5065.342923715936,1.6572930247810225e+39
5060.344609467906,1.6569209006697287e+39
5055.356149840757,1.6550274210131004e+39
5050.3775157192995,1.6522778831670384e+39
5045.408678102926,1.6496057040981494e+39
5040.449608105044,1.6462177687975018e+39
5035.500276952515,1.6418581338914176e+39
5030.560655985109,1.6376647668028734e+39
5025.63071665494,1.6340445835388256e+39
5020.71043052592,1.630308940572079e+39
5015.799769273211,1.6262007771108877e+39
5010.898704682685,1.6219624995285713e+39
5006.00720865038,1.6179193382937995e+39
5001.125253181966,1.613988061299426e+39
4996.252810392206,1.6095643929463637e+39
4991.38985250443,1.60662112132332e+39
4986.536351850005,1.604724252349709e+39
4981.692280867811,1.6039474399609368e+39
4976.857612103718,1.6039889310167052e+39
4972.032318210068,1.6055999373595262e+39
4967.216371945162,1.607168304589496e+39
4962.409746172742,1.6084718709029758e+39
4957.612413861484,1.6095391813026676e+39
4952.824348084495,1.6105840167609664e+39
4948.045522018802,1.611583361331601e+39
4943.275908944857,1.6125061039036082e+39
4938.515482246036,1.615024097071557e+39
4933.764215408146,1.622361359866785e+39
4929.022082018928,1.6304131128796868e+39
4924.289055767573,1.638998043309476e+39
4919.565110444238,1.647562973705055e+39
4914.850219939547,1.6561348362078285e+39
4910.1443582441325,1.6669085317162698e+39
4905.447499448137,1.6814214777238002e+39
4900.7596177407495,1.6958890300324338e+39
4896.080687409729,1.710487670035164e+39
4891.410682840932,1.7242588936604883e+39
4886.749578517849,1.737239148116103e+39
4882.097349021139,1.7499646769530248e+39
4877.453969028168,1.7621862366961488e+39
4872.819413312543,1.77409630931006e+39
4868.193656743665,1.7873635898230884e+39
4863.576674286271,1.8001350943788528e+39
4858.968440999976,1.8134091026472603e+39
4854.368932038836,1.8276237449797687e+39
4849.77812265089,1.8419318423118828e+39
4845.195988177722,1.8559945523577926e+39
4840.622504054022,1.8697413821398845e+39
4836.057645807138,1.883831936092609e+39
4831.50138905665,1.8975103947149858e+39
4826.953709513926,1.911366477533812e+39
4822.414582981699,1.924617993180145e+39
4817.883985353633,1.9386575475047718e+39
4813.361892613897,1.9534504511494472e+39
4808.84828083674,1.968349623562542e+39
4804.3431261860715,1.9827551098911688e+39
4799.8464049150425,1.997899786596968e+39
4795.358093365622,2.0131473427895612e+39
4790.878167968189,2.027782836188999e+39
4786.406605241115,2.042063553166117e+39
4781.943381790359,2.0559458872097597e+39
4777.488474309055,2.0696569831417584e+39
4773.041859577109,2.082391174155519e+39
4768.60351446079,2.094716315396618e+39
4764.173415912339,2.106335166372762e+39
4759.751540969562,2.116810387101455e+39
4755.337866755433,2.12682642062393e+39
4750.932370477706,2.136296508496273e+39
4746.535029428517,2.1443286403404256e+39
4742.145820983995,2.1521063171846452e+39
4737.764722603875,2.159295594015534e+39
4733.391711831113,2.1664812990612912e+39
4729.026766291498,2.1739333018885236e+39
4724.669863693275,2.1813096743285602e+39
4720.320981826764,2.1885746873931287e+39
4715.980098563984,2.1965836614748276e+39
4711.647191858274,2.2053142531125563e+39
4707.322239743921,2.2141635978793994e+39
4703.005220335795,2.2228875284236874e+39
4698.696111828967,2.231442276918145e+39
4694.394892498357,2.2399095958695515e+39
4690.101540698356,2.2481648029011546e+39
4685.8160348624715,2.2560293589166063e+39
4681.538353502961,2.259063998784491e+39
4677.268475210477,2.2547634879198168e+39
4673.006378653707,2.2456451924037468e+39
4668.752042579019,2.2313673738019332e+39
4664.505445810108,2.2146620594941206e+39
4660.266567247647,2.1951077079947728e+39
4656.035385868933,2.17439808668041e+39
4651.811880727543,2.1512395535299375e+39
4647.59603095299,2.125082440998975e+39
4643.387815750371,2.0991368416800613e+39
4639.187214400037,2.0708348565208208e+39
4634.994206257242,2.0410771079680146e+39
4630.808770751812,2.0087235323134877e+39
4626.630887387804,1.9768396500040864e+39
4622.4605357431765,1.9424915218867602e+39
4618.2976954694495,1.9084101107416788e+39
4614.142346291383,1.8737353256061963e+39
4609.994468006638,1.8392604827269855e+39
4605.8540404854575,1.80197109100425e+39
4601.721043670333,1.76593759895462e+39
4597.595457575688,1.730810116147864e+39
4593.477262287552,1.694471662084929e+39
4589.366437963239,1.6586553826786536e+39
4585.262964831033,1.6238952792761655e+39
4581.166823189867,1.5875879185149896e+39
4577.077993409008,1.5523669582089408e+39
4572.996455927747,1.5170240982235276e+39
4568.922191255083,1.481629041841011e+39
4564.855179969416,1.4475015529846036e+39
4560.795402718234,1.4145860536219253e+39
4556.742840217812,1.3830312114110442e+39
4552.6974732529025,1.353746913443654e+39
4548.659282676431,1.3258025845662786e+39
4544.628249409198,1.316857963441221e+39
4540.604354439576,1.3146430452055654e+39
4536.58757882321,1.3177826021648104e+39
4532.57790368272,1.335075807850166e+39
4528.575310207409,1.3555099581572937e+39
4524.579779652965,1.3836586939543836e+39
4520.591293341169,1.4200143441303177e+39
4516.609832659606,1.458968934397574e+39
4512.635379061372,1.504861780908213e+39
4508.667914064789,1.5532985495617883e+39
4504.70741925312,1.6038251240472562e+39
4500.753876274276,1.654857958689961e+39
4496.807266840543,1.707624960016805e+39
4492.867572728294,1.756440726405035e+39
4488.934775777708,1.8022929147635675e+39
4485.008857892494,1.845498812864376e+39
4481.089801039612,1.88119559879672e+39
4477.177587248998,1.9172229478659014e+39
4473.272198613286,1.9478193002521564e+39
4469.373617287537,1.972813448170401e+39
4465.481825488971,1.9972526193706237e+39
4461.596805496687,2.0175049119756765e+39
4457.718539651407,2.035883248686598e+39
4453.8470103551945,2.0534089333250055e+39
4449.982200071199,2.0730415424741095e+39
4446.124091323389,2.0929374902964286e+39
4442.272666696282,2.1128129338622098e+39
4438.427908834691,2.130708057737366e+39
4434.589800443458,2.147449343768212e+39
4430.7583242872015,2.159146743200589e+39
4426.933463190048,2.170253005517552e+39
4423.115200035385,2.1793066097933155e+39
4419.3035177656,2.1862858366989982e+39
4415.4983993818305,2.1935031960990658e+39
4411.699827943707,2.1996727765490952e+39
4407.907786569105,2.2052990638368294e+39
4404.122258433894,2.2106532830592233e+39
4400.343226771688,2.215437229670003e+39
4396.570674873598,2.220644907472488e+39
4392.804586087987,2.225658047617599e+39
4389.044943820225,2.2299842097809647e+39
4385.29173153244,2.2340175017513896e+39
4381.544932743285,2.237701893163135e+39
4377.804531027689,2.2417324402480252e+39
4374.0705100166215,2.2462683914265167e+39
4370.342853396849,2.2489214445173413e+39
4366.621544910702,2.2511510606657765e+39
4362.906568355839,2.2512534877195668e+39
4359.197907585004,2.2529892805235235e+39
4355.495546505804,2.253828207913496e+39
4351.799469080464,2.252650414757422e+39
4348.109659325608,2.2494612386934913e+39
4344.426101312017,2.2466049261885493e+39
4340.748779164406,2.2425219771062946e+39
4337.077677061196,2.2376421998753695e+39
4333.412779234286,2.232359645691351e+39
4329.754069968826,2.2272456694052048e+39
4326.101533602993,2.223043834115591e+39
4322.455154527772,2.218948485458776e+39
4318.814917186724,2.2149832592806518e+39
4315.180806075775,2.2103338679992952e+39
4311.552805742988,2.205747162618227e+39
4307.930900788351,2.202460165074917e+39
4304.315075863553,2.1984805273350476e+39
4300.70531567177,2.1936300150996287e+39
4297.101604967449,2.188874189369322e+39
4293.503928556094,2.183945482803353e+39
4289.912271294052,2.1783582378622226e+39
4286.326618088298,2.1720676409228726e+39
4282.746953896229,2.1645320064450252e+39
4279.173263725448,2.1569951156088835e+39
4275.605532633559,2.1504007971057977e+39
4272.043745727956,2.1419279881178317e+39
4268.487888165618,2.1336580572649825e+39
4264.9379451528985,2.1248507074516735e+39
4261.393901945326,2.1166658942092216e+39
4257.855743847398,2.1073365456745054e+39
4254.323456212376,2.09716555108471e+39
4250.797024442083,2.086837015161694e+39
4247.276433986705,2.0766787589506376e+39
4243.761670344594,2.0739738569350503e+39
4240.252719062056,2.0730322965251276e+39
4236.749565733169,2.071427121319217e+39
4233.2521959995765,2.0716934703965945e+39
4229.760595550291,2.0767785133316864e+39
4226.274750121505,2.0835538720823398e+39
4222.794645496389,2.088907273124878e+39
4219.320267504905,2.0925912781773143e+39
4215.851602023608,2.0944510367153336e+39
4212.388634975463,2.095391360158227e+39
4208.931352329643,2.0906121765130015e+39
4205.479740101352,2.077805099750548e+39
4202.033784351626,2.063822163663822e+39
4198.593471187152,2.0487452088618238e+39
4195.158786760079,2.032471370701101e+39
4191.72971726783,2.014400719569789e+39
4188.306248952924,1.9922529088190298e+39
4184.888368102781,1.9700556291608866e+39
4181.4760610495505,1.9499126900451622e+39
4178.069314169922,1.930985099159643e+39
4174.668113884946,1.91002634665413e+39
4171.272446659853,1.889955526778389e+39
4167.882299003876,1.8689692757707515e+39
4164.497657470068,1.8499583484286184e+39
4161.118508655127,1.833161399638295e+39
4157.744839199218,1.8177907880192937e+39
4154.3766357858,1.8031532672064917e+39
4151.013885141446,1.785044979650027e+39
4147.65657403567,1.7700657358647608e+39
4144.304689280756,1.7599918951064438e+39
4140.958217731583,1.746949665032011e+39
4137.6171462854545,1.7317891077955605e+39
4134.281461881925,1.720846981112691e+39
4130.951151502633,1.7154849487257063e+39
4127.626202171131,1.7111664498162124e+39
4124.306600952715,1.704880828895415e+39
4120.992334954257,1.6981569255364075e+39
4117.683391324041,1.6926632852490734e+39
4114.379757251594,1.6861294181694777e+39
4111.081419967522,1.6823724429453114e+39
4107.788366743345,1.6780151618129502e+39
4104.500584891333,1.6754794020909708e+39
4101.218061764344,1.677939771136755e+39
4097.94078475566,1.6810099992111777e+39
4094.6687412988285,1.6843703363213394e+39
4091.4019188675,1.6901332734108996e+39
4088.1403049752666,1.698545877179365e+39
4084.883887175507,1.762796782198166e+39
4081.6326530612246,1.829095534263956e+39
4078.3865902648913,1.8974614444798333e+39
4075.1456864582906,1.9672167277068073e+39
4071.9099293523623,2.0404340169425864e+39
4068.6793066970463,2.1115375736753478e+39
4065.453806281126,2.1775737899750822e+39
4062.2334159320794,2.244901786125955e+39
4059.0181235159216,2.3052672426844884e+39
4055.8079169370535,2.3584255383774525e+39
4052.602784138113,2.410662476694161e+39
4049.4027130998174,2.4537963210283487e+39
4046.207691840822,2.4893113834703955e+39
4043.017708417563,2.5242414604954095e+39
4039.8327509241117,2.5506128525495197e+39
4036.6528074920275,2.5729075511005197e+39
4033.4778662902086,2.594586549536806e+39
4030.307915524746,2.6103756271584936e+39
4027.1429434387774,2.623909337682485e+39
4023.982938312341,2.63752473725017e+39
4020.8278884622346,2.6472288533994852e+39
4017.6777822418644,2.655988074966576e+39
4014.5326080411087,2.6643572785888884e+39
4011.3923542861726,2.670898250199219e+39
4008.257009439445,2.6768631951368428e+39
4005.1265619993587,2.6830449453754205e+39
4002.00100050025,2.6873310313346734e+39
3998.880313512216,2.6915075863919313e+39
3995.76448964098,2.6958659236015076e+39
3992.653517527749,2.6994680626908948e+39
3989.5473858490755,2.7036208637689212e+39
3986.446083316723,2.708404012422557e+39
3983.3495986775274,2.713421374278402e+39
3980.257920713262,2.7186032322488322e+39
3977.171038240499,2.723522053478901e+39
3974.0889401104796,2.7293833634152217e+39
3971.0116152089745,2.735074555188744e+39
3967.939052456154,2.7407821123722417e+39
3964.871240806455,2.746361378621711e+39
3961.8081692484448,2.751507427181526e+39
3958.7498268046947,2.756358769359769e+39
3955.6962025316457,2.761260646220226e+39
3952.6472855194766,2.7664913711270214e+39
3949.603064891978,2.7703339001455273e+39
3946.5635298064212,2.7748313968011214e+39
3943.528669453427,2.7797446550510226e+39
3940.4984730568417,2.785056248022798e+39
3937.4729298736074,2.7895274539575894e+39
3934.4520291936337,2.7931491159533835e+39
3931.4357603396757,2.7968554806893564e+39
3928.4241126672036,2.8007470750384825e+39
3925.4170755642785,2.804280345389693e+39
3922.4146384514306,2.807797982260879e+39
3919.4167907815317,2.8103978434975785e+39
3916.4235220396736,2.812716526009736e+39
3913.434821743044,2.812802668619607e+39
3910.4506794408057,2.812034239578856e+39
3907.4710847139727,2.8106231847903165e+39
3904.496027175292,2.8088722228074126e+39
3901.5254964691194,2.8083401705289856e+39
3898.5594822713006,2.8086503459041695e+39
3895.5979742890536,2.810524289201761e+39
3892.6409622608458,2.811565634169504e+39
3889.68843595628,2.811682180543009e+39
3886.7403851759723,2.810614590652015e+39
3883.796799751437,2.809157460739391e+39
3880.857669544969,2.806288888972864e+39
3877.922984449529,2.8002354394926894e+39
3874.992734388623,2.7939809053566046e+39
3872.066909316193,2.7859491450579e+39
3869.145499216498,2.777478449541933e+39
3866.2284941040016,2.7626414844924984e+39
3863.315884023257,2.7450847049711106e+39
3860.4076590487957,2.727490528835071e+39
3857.503809285012,2.7084368349204342e+39
3854.6043248660526,2.689212200697439e+39
3851.7091959557056,2.669458153198066e+39
3848.8184127472864,2.649463232905278e+39
3845.931965463531,2.628777886732914e+39
3843.049844356481,2.6080990618376795e+39
3840.172039707379,2.5865255360671377e+39
3837.298541826554,2.5657571071031722e+39
3834.429341053318,2.545009530645895e+39
3831.5644277558526,2.523088902227185e+39
3828.7037923311063,2.500820329206241e+39
3825.847425204683,2.4801604402797175e+39
3822.995316830737,2.4604842013226087e+39
3820.1474576918667,2.4393539805489705e+39
3817.3038382990094,2.4189276855888543e+39
3814.4644491913336,2.3994395789381295e+39
3811.629280936136,2.379479944653566e+39
3808.7983241287375,2.3601210155010687e+39
3805.9715693923768,2.3414636766817886e+39
3803.1490073781088,2.3242115956266996e+39
3800.3306287647024,2.3086645881937306e+39
3797.516424258535,2.2945889069624577e+39
3794.706384593492,2.2820669397155963e+39
3791.900500530866,2.270502113310027e+39
3789.098762859254,2.2594790805756416e+39
3786.3011623944567,2.2469358979729732e+39
3783.50768997938,2.234589142058089e+39
3780.718336483932,2.224322638856572e+39
3777.9330928049267,2.2117993112860333e+39
3775.1519498659823,2.201755410804152e+39
3772.3748986174246,2.19002262859797e+39
3769.6019300361877,2.1795996569537217e+39
3766.8330351257177,2.176898268412151e+39
3764.0682049158727,2.1770183627214797e+39
3761.307430462829,2.181398358615469e+39
3758.5507028489815,2.188295002509718e+39
3755.798013182851,2.2015408582361832e+39
3753.0493525989864,2.236997512193134e+39
3750.304712257871,2.2774204832686594e+39
3747.564083345825,2.3186185157858998e+39
3744.827457074915,2.3605990630916763e+39
3742.0948246828575,2.4030925018408892e+39
3739.366177432925,2.4459782864082773e+39
3736.641506613855,2.4853100233090295e+39
3733.920803539757,2.52459511955894e+39
3731.2040595500166,2.5628059689232237e+39
3728.491266009209,2.593427173501888e+39
3725.7824143070043,2.6190352067649393e+39
3723.077495858076,2.6438450014386176e+39
3720.3765021020126,2.6639519239793617e+39
3717.679424503225,2.6809719790051327e+39
3714.986254550858,2.6971749498081156e+39
3712.2969837587007,2.711951522579289e+39
3709.611603665096,2.7229821709381596e+39
3706.9301058328547,2.7325908217379944e+39
3704.2524818491625,2.7427551337447075e+39
3701.5787233254982,2.749469492549801e+39
3698.90882189754,2.7559881702080486e+39
3696.2427692250826,2.761972923743414e+39
3693.5805569919476,2.7674123314706666e+39
3690.9221769059,2.773088431712192e+39
3688.2676206985575,2.7789764908287195e+39
3685.6168801253107,2.78351199483878e+39
3682.969946965233,2.7901491679368717e+39
3680.3268130209963,2.795196991354361e+39
3677.687470118789,2.800571560766983e+39
3675.05191010823,2.8127479594173346e+39
3672.420124862284,2.825831900445101e+39
3669.792106277179,2.8404161768352064e+39
3667.1678462723235,2.854832878801569e+39
3664.5473367902227,2.866844380627614e+39
3661.9305697963964,2.879373123511683e+39
3659.317537279297,2.8905038657876526e+39
3656.7082312502284,2.9005903081583303e+39
3654.102643743263,2.9104188505434425e+39
3651.500766815161,2.919158765783938e+39
3648.9025925452916,2.9283186751736726e+39
3646.3081130355513,2.9365928191114716e+39
3643.7173204102824,2.9490901806825666e+39
3641.130206816196,2.961117695264184e+39
3638.5467644222895,2.9722529871209764e+39
3635.9669854197723,2.9786377451398854e+39
3633.390862021982,2.986397013324515e+39
3630.8183864643092,2.993399028022186e+39
3628.249551004118,2.997318379762705e+39
3625.68434792067,3.001138745968511e+39
3623.122769515045,3.007241905816771e+39
3620.564808110065,3.025155938288924e+39
3618.010456050218,3.0446904449717263e+39
3615.45970570158,3.063746077372664e+39
3612.9125494517407,3.082762776840997e+39
3610.3689797097263,3.101779524633739e+39
3607.8289889059256,3.1213797604276267e+39
3605.292569492014,3.135309602632824e+39
3602.7597139408786,3.146387202168295e+39
3600.230414746544,3.158261261838735e+39
3597.7046644240972,3.167691445082536e+39
3595.182455509617,3.175162177349618e+39
3592.6637805600963,3.182231106245741e+39
3590.1486321533707,3.189787691867442e+39
3587.6370028880474,3.196132855194346e+39
3585.1288853834294,3.2005249023117205e+39
3582.6242722794445,3.203042335870902e+39
3580.1231562365742,3.203053639305255e+39
3577.6255299357813,3.2025891961019537e+39
3575.1313860784385,3.2028671990241235e+39
3572.640717386256,3.200550730971933e+39
3570.1535166012136,3.198204479985423e+39
3567.6697764854885,3.195762096591536e+39
3565.189489821384,3.193165854220338e+39
3562.7126494112613,3.190697481116681e+39
3560.2392480774706,3.189505168201671e+39
3557.769278662279,3.189486983666689e+39
3555.302734027802,3.188621267394443e+39
3552.8396070559393,3.1865380986137085e+39
3550.3798906482994,3.184876030082222e+39
3547.9235777261356,3.183468642366768e+39
3545.4706612302784,3.182031689584858e+39
3543.0211341210647,3.180420208094216e+39
3540.5749893782745,3.177844555456273e+39
3538.1322200010613,3.1745671617237814e+39
3535.6928190078843,3.1712214774599634e+39
3533.2567794364454,3.1665749440433197e+39
3530.8240943436194,3.163516205173445e+39
3528.394756805391,3.158296023115517e+39
3525.968759916787,3.1538214759735156e+39
3523.546096791811,3.156926982513938e+39
3521.1267605633802,3.162917577102122e+39
3518.710744383258,3.169690429158522e+39
3516.298041421991,3.175511221989763e+39
3513.888644868844,3.181552646098369e+39
3511.4825479317365,3.1868833388617144e+39
3509.0797438371783,3.1909097406302937e+39
3506.6802258302064,3.1942399537531477e+39
3504.2839871743204,3.1972654355862994e+39
3501.8910211514217,3.1996522879023895e+39
3499.5013210617485,3.201038173501305e+39
3497.1148802238154,3.200899310797375e+39
3494.731691974349,3.205735007797925e+39
3492.3517496682266,3.21108722814547e+39
3489.9750466784158,3.2152279711892195e+39
3487.601576395912,3.219033999113575e+39
3485.231332229677,3.222425339204932e+39
3482.8643076065755,3.227074182876582e+39
3480.5004959713206,3.235500141879161e+39
3478.1398907864072,3.245264848956938e+39
3475.782485532055,3.2546971455681845e+39
3473.4282737061476,3.262834097898409e+39
3471.0772488241723,3.2701582088897437e+39
3468.729404419161,3.277313492027576e+39
3466.384734041631,3.2843061731230734e+39
3464.0432312595262,3.289487736036775e+39
3461.7048896581564,3.294259764305579e+39
3459.369702840142,3.2983974856201936e+39
3457.0376644253533,3.301780649246528e+39
3454.708768050853,3.3006801622140674e+39
3452.3830073708373,3.2974439747873234e+39
3450.060376056581,3.2952121692015074e+39
3447.7408677963763,3.293061614784538e+39
3445.4244762954795,3.289984106229077e+39
3443.111195276051,3.286678787035065e+39
3440.8010184771015,3.281741096759635e+39
3438.4939396544314,3.2759112146476354e+39
3436.1899525805784,3.2698043469898896e+39
3433.8890510447604,3.2648061672488346e+39
3431.591228852819,3.2595223771921415e+39
3429.2964798271632,3.2540337094805696e+39
3427.004797806717,3.248187151246538e+39
3424.7161766468603,3.2418962581183826e+39
3422.4306102193777,3.235385542829005e+39
3420.148092412401,3.2284516057837275e+39
3417.8686171303575,3.220154631236127e+39
3415.5921782939117,3.21193089078377e+39
3413.318769839915,3.203245140739703e+39
3411.0483857213517,3.194393205679202e+39
3408.781019907281,3.185233190539069e+39
3406.51666638279,3.17538773044477e+39
3404.255319148936,3.1652955426702983e+39
3401.9969722226947,3.1547491222610177e+39
3399.7416196369077,3.1445720407873403e+39
3397.4892554402295,3.133273969566785e+39
3395.2398736970767,3.121628492665601e+39
3392.9934684875734,3.11034643398399e+39
3390.7500339075,3.098310304423605e+39
3388.5095640682443,3.086032368452439e+39
3386.272053096746,3.074039723954541e+39
3384.0374951354456,3.061561393324952e+39
3381.8058843422386,3.048465765046981e+39
3379.577214890417,3.0358624427717106e+39
3377.3514809686244,3.0227010257443143e+39
3375.1286767808024,3.009916881576897e+39
3372.9087965461413,2.996588154770562e+39
3370.6918344990304,2.982652111834698e+39
3368.4777848890085,2.9691479282861275e+39
3366.266641980711,2.955597558891686e+39
3364.0584000538247,2.943106378332608e+39
3361.853053403035,2.93019631851351e+39
3359.650596337981,2.9167739676404375e+39
3357.4510231831996,2.902990143986644e+39
3355.2543282780834,2.8899020763572227e+39
3353.0605059768304,2.880038456978215e+39
3350.8695506483928,2.87263813279004e+39
3348.6814566764333,2.86484473942773e+39
3346.4962184592728,2.857634311390354e+39
3344.313830409845,2.8507292478896856e+39
3342.1342869556497,2.844225105054614e+39
3339.957582538702,2.8372999099948025e+39
3337.783711615487,2.8305576303339624e+39
3335.6126686569155,2.8233359847601736e+39
3333.444448148271,2.816908867474224e+39
3331.2790445891696,2.8102255026744413e+39
3329.116452493508,2.803619236538285e+39
3326.9566663894198,2.7979341366028185e+39
3324.7996808192306,2.7940029500996483e+39
3322.645490339408,2.7908733818662904e+39
3320.4940895205204,2.7881484715966496e+39
3318.3454729471887,2.777449232611495e+39
3316.1996352180404,2.765905857119267e+39
3314.056570945666,2.754448571659031e+39
3311.916274756574,2.744438218597337e+39
3309.778741291145,2.734852491201146e+39
3307.643965203585,2.725006834050044e+39
3305.511941161887,2.713547719370427e+39
3303.38266384778,2.7001100418933957e+39
3301.256127956687,2.686959819899104e+39
3299.132328197684,2.6756695531661125e+39
3297.0112592934506,2.6640046609279748e+39
3294.89291598023,2.652263991706183e+39
3292.777293007787,2.6415657144618294e+39
3290.664385139359,2.631073573617408e+39
3288.554187151619,2.6204923487913102e+39
3286.4466938346254,2.61154211949794e+39
3284.341899991789,2.6036519400751993e+39
3282.23980043982,2.5960165648703378e+39
3280.140390008692,2.5882148835683183e+39
3278.0436635415986,2.576779000103512e+39
3275.9496158949073,2.56464629095095e+39
3273.8582419381237,2.5525766192945284e+39
3271.769536553845,2.539959475091552e+39
3269.683494637719,2.5287116368610638e+39
3267.6001110984034,2.515328390345265e+39
3265.519380857525,2.5024837188062856e+39
3263.441298849637,2.4903362337083783e+39
3261.365860022177,2.480894141023806e+39
3259.29305933543,2.473061016533247e+39
3257.222891762483,2.4637011215626553e+39
3255.1553522891877,2.4556586755281823e+39
3253.090435914118,2.448774526358771e+39
3251.0281376485314,2.4414094720349448e+39
3248.9684525163257,2.4332806236212034e+39
3246.9113755540043,2.426324691989376e+39
3244.85690181063,2.418928341104257e+39
3242.8050263477908,2.4136626092551076e+39
3240.755744239557,2.407658728923184e+39
3238.709050572442,2.4007211416612606e+39
3236.6649404453647,2.3952983182372872e+39
3234.6234089696104,2.3899654989976596e+39
3232.5844512687895,2.3857286881764285e+39
3230.5480624787992,2.3812697616729443e+39
3228.5142377477882,2.3755313923308367e+39
3226.482972236114,2.37221143124406e+39
3224.4542611163056,2.3699062459017747e+39
3222.428099573028,2.3684650708060908e+39
3220.4044828030396,2.362807730721153e+39
3218.383406015158,2.3572809347917628e+39
3216.3648644302207,2.3534650346943633e+39
3214.3488532810466,2.3490774761202628e+39
3212.3353678123995,2.343086761931983e+39
3210.3244032809516,2.3364897536498135e+39
3208.315954955244,2.319282704290784e+39
3206.3100181156515,2.3026332502205097e+39
3204.306588054345,2.2877116063804995e+39
3202.305660075254,2.27268003395973e+39
3200.307229494031,2.2605254068440084e+39
3198.311291638015,2.2485766172247463e+39
3196.317841846193,2.239867502177975e+39
3194.3268754691667,2.2324517561431307e+39
3192.3383878691143,2.22615089209665e+39
3190.3523744197546,2.2212415494305474e+39
3188.368830506313,2.2174424420615195e+39
3186.387751525483,2.213403042875676e+39
3184.409132885393,2.2106988755404785e+39
3182.4329700055687,2.207432127945621e+39
3180.4592583169006,2.2004750583846535e+39
3178.4879932616054,2.1951798735944863e+39
3176.5191702931925,2.1871836802188576e+39
3174.55278487643,2.1772044611899398e+39
3172.5888324873094,2.1700406204564898e+39
3170.627308613009,2.163732828856745e+39
3168.6682087518616,2.1600988279318185e+39
3166.7115284133192,2.1574990582902716e+39
3164.7572631179187,2.1696451058046117e+39
3162.8054083972484,2.1845828857245535e+39
3160.855959793912,2.1999725301816277e+39
3158.9089128614974,2.2121269415275156e+39
3156.964263164541,2.2259546506459843e+39
3155.022006278494,2.2414795959096394e+39
3153.082137789689,2.2588407091765662e+39
3151.144653295309,2.2752669868410654e+39
3149.2095484033507,2.2956938190587267e+39
3147.2768187325914,2.3237488969904825e+39
3145.346459912559,2.3547343983853416e+39
3143.4184675834967,2.385177581064906e+39
3141.4928373963307,2.418500186027315e+39
3139.5695650126368,2.456250147366253e+39
3137.6486461046093,2.4944907366647012e+39
3135.7300763550274,2.531046372935715e+39
3133.8138514572233,2.5666566684850836e+39
3131.89996711505,2.6032910837604288e+39
3129.9884190428493,2.639083765745595e+39
3128.0792029654185,2.6782810459052088e+39
3126.1723146179816,2.7156875184158812e+39
3124.267749746153,2.7541377958574796e+39
3122.3655041059105,2.789209582021643e+39
3120.4655734635603,2.8308500605616746e+39
3118.567953595709,2.872997568255121e+39
3116.672640289227,2.9161279439354824e+39
3114.779629341224,2.958496528414828e+39
3112.8889165590126,3.0005262315216734e+39
3111.0004977600797,3.0451065933360993e+39
3109.114368772055,3.0893958343895627e+39
3107.2305254326816,3.130346573944634e+39
3105.348963589783,3.1631905478398176e+39
3103.4696791012348,3.19284649183058e+39
3101.592667834933,3.22205805317824e+39
3099.7179256687637,3.246914397755972e+39
3097.8454484905747,3.271811610067988e+39
3095.9752321981423,3.302169712128612e+39
3094.1072726991442,3.340913270198022e+39
3092.241565911129,3.3766425051081725e+39
3090.3781077614844,3.4119716667939284e+39
3088.5168941874113,3.445608355161401e+39
3086.65792113589,3.4782249626996466e+39
3084.8011845636547,3.510867259176619e+39
3082.946680437162,3.5437889367060155e+39
3081.094404732561,3.573072241057824e+39
3079.2443534356667,3.6017944832618973e+39
3077.3965225419292,3.629490825721146e+39
3075.550908056405,3.6595089294539465e+39
3073.7075059937297,3.6862626637829614e+39
3071.8663123780852,3.710034369613682e+39
3070.027323243177,3.730170653585299e+39
3068.1905346322,3.7472540380868487e+39
3066.3559425978165,3.762829114074622e+39
3064.5235432021204,3.777665921600211e+39
3062.693332516615,3.792431292751542e+39
3060.8653066221823,3.807160987683739e+39
3059.039461609055,3.8192703448564844e+39
3057.2157935767896,3.8310624829810825e+39
3055.3942986342386,3.842959177817696e+39
3053.574972899522,3.8529986738093344e+39
3051.7578125,3.8631347825382415e+39
3049.9428135722455,3.872508473221091e+39
3048.129972262017,3.8819243273124224e+39
3046.319284724232,3.8905385284116615e+39
3044.510747122937,3.899304655899037e+39
3042.7043556312847,3.9076967908202907e+39
3040.9001064315034,3.915453336027449e+39
3039.097995714872,3.923132495360307e+39
3037.2980196816907,3.930410753800401e+39
3035.5001745412596,3.937046899620862e+39
3033.7044565118467,3.945730297858453e+39
3031.910861820662,3.955915716160377e+39
3030.119386703836,3.9670954781858396e+39
3028.3300274063868,3.9783386130589575e+39
3026.5427801821975,3.988576828485942e+39
3024.757641293991,3.997244169146698e+39
3022.974607013301,4.0060419062812046e+39
3021.1936736204475,4.014822092866005e+39
3019.414837404511,4.022034635924796e+39
3017.6380946633067,4.035738344148198e+39
3015.8634417033595,4.0500283182282695e+39
3014.090874839876,4.0629092077568155e+39
3012.3203903967224,4.0743793437406255e+39
3010.5519847063956,4.0854832651010444e+39
3008.785654110001,4.0964434657959777e+39
3007.021394957225,4.107365097226319e+39
3005.2592036063106,4.117471398855131e+39
3003.499076424034,4.1259428179995096e+39
3001.7410097856755,4.134465106536841e+39
2999.9850000749993,4.142384703864751e+39
2998.2310436842263,4.1495735272946575e+39
2996.4791370140083,4.154257817143999e+39
2994.7292764734066,4.16039653400424e+39
2992.9814584798646,4.163547887274804e+39
2991.2356794591847,4.165270282803525e+39
2989.491935845503,4.167772714775394e+39
2987.7502240812664,4.167587721328166e+39
2986.010540617208,4.1684021492410266e+39
2984.272881912322,4.1679468028324207e+39
2982.5372444338395,4.165783189953999e+39
2980.8036246572074,4.1632517307694786e+39
2979.0720190660604,4.160830382828097e+39
2977.3424241522016,4.1589745056541823e+39
2975.6148364155742,4.1562398824966485e+39
2973.8892523642417,4.154579477194531e+39
2972.165668514363,4.151450595053329e+39
2970.4440813901674,4.14558860680718e+39
2968.724487523935,4.1348971406406984e+39
2967.0068834559697,4.121416466083293e+39
2965.2912657345764,4.1062111134160324e+39
2963.5776309160415,4.0904547621290685e+39
2961.865975564606,4.074800303993624e+39
2960.1562962524417,4.059391877968519e+39
2958.448589559635,4.042294746999476e+39
2956.7428520741546,4.02532819272216e+39
2955.039080391838,4.01100171980848e+39
2953.3372711163615,3.996185539045875e+39
2951.6374208592215,3.985055431002797e+39
2949.9395262397115,3.971671736846751e+39
2948.2435838849005,3.955557530456452e+39
2946.5495904296067,3.940316427931426e+39
2944.857542516381,3.9241837335692665e+39
2943.167436795479,3.90551178969071e+39
2941.479269924845,3.885478345274498e+39
2939.7930385700847,3.8583503269608016e+39
2938.1087394044453,3.829816062333901e+39
2936.4263691087945,3.800770240012537e+39
2934.745924371597,3.76876636311558e+39
2933.0674018888953,3.731491762036951e+39
2931.390798364284,3.69520873776123e+39
2929.7161105088912,3.65696679513474e+39
2928.043335041358,3.615946684322962e+39
2926.3724686878145,3.5734239317862695e+39
2924.7035081818576,3.5300080201859e+39
2923.0364502645343,3.48463548887723e+39
2921.3712916843165,3.441989385990454e+39
2919.7080291970797,3.39532743592384e+39
2918.046659566086,3.346508969386571e+39
2916.3871795619584,3.2987973358850966e+39
2914.7295859626624,3.247216771207747e+39
2913.073875553484,3.194693590351909e+39
2911.420045127011,3.141694833160897e+39
2909.7680914831085,3.08715294550423e+39
2908.1180114289036,3.032213678942238e+39
2906.4698017787596,2.978895088254402e+39
2904.8234593542575,2.927216122735379e+39
2903.178980984177,2.872235903829463e+39
2901.5363635044755,2.819171586875231e+39
2899.8956037582648,2.766088567060232e+39
2898.256698595794,2.711450360839169e+39
2896.6196448744313,2.6555408796776902e+39
2894.9844394586376,2.602377831262892e+39
2893.351079219952,2.5458807091030574e+39
2891.7195610369704,2.487363034038148e+39
2890.0898817953234,2.4299503295723283e+39
2888.4620383876604,2.37318386871229e+39
2886.8360277136258,2.3141085593944747e+39
2885.211846679842,2.260618318918339e+39
2883.58949219989,2.2182252942621968e+39
2881.9689611942877,2.181637075230101e+39
2880.3502505904717,2.1447051673859616e+39
2878.733357322778,2.1092860534421495e+39
2877.118278332422,2.079328677665475e+39
2875.5050105674804,2.0515674860186884e+39
2873.893550982871,2.0242377466440035e+39
2872.283896540334,1.9964004140485537e+39
2870.676044208411,1.9694975901749935e+39
2869.0699909624295,1.9418739527949985e+39
2867.4657337844815,1.9145747765468875e+39
2865.8632696634045,1.8910229686072263e+39
2864.262595594764,1.872491974433918e+39
2862.6637085808343,1.854058144800425e+39
2861.066605630579,1.835896690088518e+39
2859.471283759633,1.818443759726232e+39
2857.8777399902833,1.8029944945151902e+39
2856.285971351452,1.7883229847339908e+39
2854.6959748786758,1.7740013688042433e+39
2853.107747614089,1.7601068543736808e+39
2851.5212866064044,1.74987228098796e+39
2849.9365889108967,1.7408148596896453e+39
2848.353651589381,1.7316029162735162e+39
2846.7724717101987,1.7236789424339824e+39
2845.193046348195,1.7188645609750795e+39
2843.6153725847043,1.7151515642248134e+39
2842.039447507532,1.712502393241737e+39
2840.465268210933,1.709860839234607e+39
2838.8928317956,1.7119425099182298e+39
2837.3221353686395,1.714623757838661e+39
2835.7531760435572,1.719488408114793e+39
2834.185950940241,1.7255513031881493e+39
2832.6204571849416,1.7356747176439383e+39
2831.0566919102557,1.747425171900574e+39
2829.4946522551077,1.759183152980967e+39
2827.934335364733,1.7700344097962656e+39
2826.3757383906614,1.784962581763888e+39
2824.8188584906993,1.802702059364628e+39
2823.2636928289103,1.8207303836909822e+39
2821.7102385756007,1.8401247966470493e+39
2820.1584929073015,1.8613014193025426e+39
2818.6084530067506,1.885722684719637e+39
2817.060116062877,1.911053625507284e+39
2815.5134792707818,1.9370749936938696e+39
2813.9685398317247,1.966519476312288e+39
2812.4252949531033,1.9968175623748068e+39
2810.8837418484372,2.0281739372976705e+39
2809.343877737355,2.0604764694928968e+39
2807.8056998455704,2.0939979180586642e+39
2806.269205404875,2.127385976264232e+39
2804.734391653111,2.161422618604511e+39
2803.2012558341626,2.1972802754937294e+39
2801.6697951979377,2.2344915542390612e+39
2800.14000700035,2.269869589350131e+39
2798.611888503302,2.304421355835243e+39
2797.0854369746726,2.3369896210171915e+39
2795.560649688295,2.3698129057668455e+39
2794.0375239239465,2.395362048942185e+39
2792.516056967328,2.418478266468203e+39
2790.996246110049,2.4435760705831513e+39
2789.4780886496137,2.4670445619688927e+39
2787.9615818894013,2.4892196361673854e+39
2786.446723138654,2.507663459244279e+39
2784.933509712456,2.525205130419438e+39
2783.4219389317227,2.5436364791269408e+39
2781.912008123183,2.562003626678983e+39
2780.4037146193627,2.5741018982187407e+39
2778.8970557585694,2.5863821983178168e+39
2777.392028884877,2.5964774452789355e+39
2775.8886313481107,2.608053813196734e+39
2774.3868605038288,2.6147535615732144e+39
2772.8867137133116,2.6168436492459706e+39
2771.3881883435415,2.621877780799975e+39
2769.891281767191,2.625679893199034e+39
2768.3959913626045,2.6270825308679885e+39
2766.902314513786,2.6268875370222743e+39
2765.410248610381,2.6296910866766523e+39
2763.919791047664,2.6352093137260712e+39
2762.4309392265195,2.6380412796820302e+39
2760.943690553431,2.638109184358313e+39
2759.458042440465,2.6389045184957684e+39
2757.9739923052525,2.6402245107934188e+39
2756.4915375709797,2.641000365495576e+39
2755.010675666368,2.6401286027444e+39
2753.531404025663,2.632888010586831e+39
2752.0537200886165,2.6272738702440067e+39
2750.5776213004733,2.6208112077212777e+39
2749.1031051119576,2.6126351910260675e+39
2747.6301689792554,2.599697157550345e+39
2746.1588103640033,2.5850643540443875e+39
2744.689026733271,2.56974599455084e+39
2743.2208155595486,2.5550426968713505e+39
2741.7541743207303,2.5370474221080007e+39
2740.289100500103,2.5150248149088472e+39
2738.825591586328,2.4978497355116808e+39
2737.36364507343,2.4782672068154203e+39
2735.9032584607808,2.457665008999991e+39
2734.4444292530866,2.4271220719261963e+39
2732.987154960372,2.3984920464182295e+39
2731.5314330979663,2.368487727142745e+39
2730.077261186492,2.3400090049333905e+39
2728.624636751845,2.3108012863801998e+39
2727.173557325188,2.279769168656193e+39
2725.7240204429304,2.246254749726994e+39
2724.276023646716,2.2150656344318484e+39
2722.8295644834116,2.1822330898825506e+39
2721.3846405050895,2.1483038166370285e+39
2719.941249269016,2.1129606093197586e+39
2718.499388337638,2.0778496345460387e+39
2717.0590552785666,2.046997207105526e+39
2715.6202476645667,2.015208057340601e+39
2714.182963073541,1.9823498624717396e+39
2712.7471990885174,1.949798017682275e+39
2711.3129532976345,1.9264947658191952e+39
2709.8802232941307,1.9051246765994236e+39
2708.449006676327,1.8820769179880492e+39
2707.0193010476164,1.8558178543068955e+39
2705.5911040164506,1.834514671638243e+39
2704.1644131963226,1.818861727430565e+39
2702.7392262057597,1.8044244416950456e+39
2701.3155406683054,1.7883875273999386e+39
2699.893354212509,1.7736311627084907e+39
2698.4726644719094,1.7649504182590964e+39
2697.0534690850245,1.7518518725486148e+39
2695.635765695339,1.737704080216089e+39
2694.2195519512884,1.7229373839329738e+39
2692.804825506247,1.7138956236087552e+39
2691.391584018517,1.7060005651465514e+39
2689.9798251513116,1.6987931065539912e+39
2688.569546572746,1.6918171783566604e+39
2687.160745955823,1.686529877141678e+39
2685.7534209784203,1.684218097710976e+39
2684.347569323276,1.682217218089644e+39
2682.94318867798,1.67995845646562e+39
2681.5402767349565,1.6782048677544455e+39
2680.138831191456,1.6780889960909847e+39
2678.738849749538,1.6784002340606932e+39
2677.3403301160624,1.6789944617637778e+39
2675.943270002676,1.6793139264048212e+39
2674.5476671257975,1.6802685640247462e+39
2673.153519206608,1.6801976084220894e+39
2671.7608239710385,1.6804947644895183e+39
2670.3695791497544,1.6802886376519097e+39
2668.979782478148,1.6786836464223447e+39
2667.5914316963217,1.674583084639762e+39
2666.204524549078,1.6708077205247563e+39
2664.8190587859085,1.6665628500732527e+39
2663.4350321609777,1.6623581731294147e+39
2662.052442433116,1.654710348081954e+39
2660.6712873658025,1.6457049682247516e+39
2659.2915647271566,1.6374879729184883e+39
2657.9132722899253,1.6307200901719822e+39
2656.536407831469,1.6225231848322822e+39
2655.1609691337535,1.6119120218931144e+39
2653.7869539833346,1.6014476258381962e+39
2652.4143601713463,1.591582515557455e+39
2651.0431854934914,1.58138046721021e+39
2649.67342775003,1.5686131216573383e+39
2648.3050847457625,1.5543842246937133e+39
2646.938154290025,1.540067750890966e+39
2645.572634196672,1.5259821002005193e+39
2644.2085222840674,1.5103367961268158e+39
2642.8458163750724,1.4941718006490763e+39
2641.4845142970353,1.477849081126837e+39
2640.1246138817755,1.4611883544751142e+39
2638.766112965577,1.4445790218039988e+39
2637.409009389176,1.42819508200513e+39
2636.053300997746,1.410922960055073e+39
2634.698985640891,1.393693291083681e+39
2633.346061172629,1.3784008661201554e+39
2631.9945254513873,1.36285000311558e+39
2630.644376339985,1.3489304711859632e+39
2629.295611705624,1.336334805814956e+39
2627.9482294198806,1.3233412461059997e+39
2626.6022273586887,1.3111981111308872e+39
2625.2576034023336,1.2974211749499884e+39
2623.9143554354387,1.2808941843098596e+39
2622.5724813469533,1.2647573680029017e+39
2621.2319790301444,1.2495320495339199e+39
2619.8928463825832,1.234252506673823e+39
2618.5550813061354,1.218963590336575e+39
2617.21868170695,1.2044365667581465e+39
2615.8836454954485,1.1906270467643892e+39
2614.5499705863126,1.177115490187541e+39
2613.217654898476,1.163602146922091e+39
2611.8866963551122,1.1501505017994103e+39
2610.5570928836214,1.136828119262638e+39
2609.2288424156245,1.124559407427336e+39
2607.9019428869474,1.112436008989576e+39
2606.5763922376154,1.100069710715986e+39
2605.2521884118387,1.0875873675745053e+39
2603.9293293580013,1.0751493130032772e+39
2602.6078130286546,1.0641922987891863e+39
2601.2876373805034,1.0525218632125704e+39
2599.9688003743954,1.041472500030307e+39
2598.651299975313,1.02865816706297e+39
2597.33513415236,1.0166063318974752e+39
2596.020300878753,1.0046680542476552e+39
2594.7067981318114,9.929219050340426e+38
2593.3946238929448,9.820252939472214e+38
2592.083776147645,9.718410405957993e+38
2590.7742528854747,9.622371450662192e+38
2589.4660521000574,9.502939108594384e+38
2588.1591717890647,9.378705008265008e+38
2586.8536099542125,9.265425409033455e+38
2585.5493646012433,9.161472232139155e+38
2584.2464337399215,9.056979527008025e+38
2582.9448153840194,8.957562540043122e+38
2581.64450755131,8.868293603106634e+38
2580.3455082635564,8.78340760768742e+38
2579.0478155465003,8.711260647872326e+38
2577.7514274298533,8.642983017109395e+38
2576.4563419472856,8.569425455074161e+38
2575.1625571364193,8.501064220667872e+38
2573.870071038814,8.443243111199313e+38
2572.57888169996,8.394194413840691e+38
2571.288987169268,8.337302261721843e+38
2570.0003855000577,8.29093946866507e+38
2568.7130747495507,8.230077049553334e+38
2567.4270529788573,8.174656943059891e+38
2566.14231825297,8.122685510592754e+38
2564.858868640753,8.073377748242727e+38
2563.5767022149307,8.02849810314547e+38
2562.2958170520783,7.94471437471925e+38
2561.016211232617,7.84698674177744e+38
2559.7378828407973,7.749843041184895e+38
2558.4608299646934,7.655060797902849e+38
2557.1850506961937,7.560328509549104e+38
2555.9105431309904,7.470279885841928e+38
2554.63730536857,7.380485845852847e+38
2553.365335512205,7.300010313421381e+38
2552.0946316689424,7.213659689250179e+38
2550.8251919495956,7.138609936572842e+38
2549.557014468736,7.068806038165793e+38
2548.2900973446817,6.999183601607603e+38
2547.0244386994896,6.930861268999552e+38
2545.760036658945,6.864316240401366e+38
2544.496889352553,6.806532521150214e+38
2543.23499491353,6.7521805910810456e+38
2541.974351478794,6.698079935366134e+38
2540.714957188953,6.647462546925267e+38
2539.456810188301,6.603684934851472e+38
2538.1999086248034,6.568383345068388e+38
2536.944250650092,6.529377730554509e+38
2535.689834419454,6.492560497206116e+38
2534.4366580918227,6.456748179561218e+38
2533.1847198297696,6.42443814550192e+38
2531.9340177994964,6.4004899100070754e+38
2530.684550170821,6.386552390568335e+38
2529.436315117176,6.377549469313862e+38
2528.1893108155937,6.3697356907386394e+38
2526.943535446701,6.3638446704836614e+38
2525.698987194706,6.3513783022982714e+38
2524.4556642473967,6.325321702086049e+38
2523.213564796124,6.313833209272012e+38
2521.9726870357995,6.303916091636635e+38
2520.7330291648814,6.3011804932481265e+38
2519.494589385369,6.270562739074974e+38
2518.2573659027953,6.239130370215789e+38
2517.0213569262137,6.1821892819789785e+38
2515.786560668193,6.13553535956216e+38
2514.552975344808,6.08660233660682e+38
2513.320599175631,6.025639873879601e+38
2512.0894303837213,5.9731172826409406e+38
2510.859467195621,5.894429860622026e+38
2509.630707841341,5.814131478362937e+38
2508.4031505543576,5.731232807093044e+38
2507.176793571599,5.6455485221340985e+38
2505.951635133442,5.5670341348348016e+38
2504.7276734837005,5.500401148986834e+38
2503.5049068696176,5.4396200085556204e+38
2502.283333541857,5.375241945000613e+38
2501.0629517544953,5.312634906706852e+38
2499.8437597650145,5.250863118336746e+38
2498.6257558342913,5.194028325206938e+38
2497.40893822659,5.1398487151823215e+38
2496.1933052095555,5.0857122964778146e+38
2494.9788550542034,5.037412784235747e+38
2493.7655860349128,4.9907346379417566e+38
2492.553496429417,4.95672234192518e+38
2491.3425845187976,4.9207828093523376e+38
2490.1328485874724,4.8822663275127456e+38
2488.9242869231916,4.8462054573544505e+38
2487.7168978170284,4.805570705428258e+38
2486.5106795633687,4.771905987104898e+38
2485.305630459906,4.734101112769827e+38
2484.101748807631,4.696962807917632e+38
2482.899032910827,4.66180021673254e+38
2481.6974810770566,4.636784837489249e+38
2480.49709161716,4.610239862670435e+38
2479.2978628452424,4.590235533117401e+38
2478.0997930786675,4.5725113675007234e+38
2476.90288063805,4.552457010176547e+38
2475.707123847249,4.5460988370532315e+38
2474.5125210333563,4.5382072807705645e+38
2473.3190705266934,4.5386421941822796e+38
2472.126770660799,4.5314843816153614e+38
2470.935619772427,4.532946336095392e+38
2469.7456162015314,4.497549458733421e+38
2468.5567582912654,4.452350305669173e+38
2467.369044387969,4.4079840791781574e+38
2466.1824728411657,4.3673285889367935e+38
2464.9970420035497,4.3208341471040446e+38
2463.8127502309826,4.292942653273352e+38
2462.629595882483,4.260327198976828e+38
2461.447577320222,4.232155697835e+38
2460.266692909511,4.2026016110064334e+38
2459.0869410188,4.181554853482497e+38
2457.9083200196633,4.1623865136537104e+38
2456.730828286799,4.140510808341358e+38
2455.554464198016,4.125669521390454e+38
2454.37922613423,4.1073338530300254e+38
2453.2051124794543,4.090502721712422e+38
2452.0321216207935,4.085352402587553e+38
2450.860251948434,4.074453472664333e+38
2449.6895018556397,4.0680088967722185e+38
2448.519869738743,4.064052503955868e+38
2447.351353997137,4.062165294640701e+38
2446.183953033268,4.071623615045176e+38
2445.0176652526316,4.077893137121699e+38
2443.8524890637605,4.08745631821259e+38
2442.68842287822,4.093829733676929e+38
2441.5254651106015,4.075419152437607e+38
2440.3636141785123,4.03352903543342e+38
2439.2028685025734,3.9942377194224396e+38
2438.043226506406,3.958815794434251e+38
2436.8846866166296,3.926459530455104e+38
2435.7272472628515,3.894718343312133e+38
2434.5709068776628,3.870236634046156e+38
2433.4156638966288,3.846324558576701e+38
2432.2615167582817,3.8131323211246115e+38
2431.108463904117,3.78087451694489e+38
2429.9565037785824,3.749112021993705e+38
2428.805634829073,3.723816364715914e+38
2427.6558555059237,3.697465862809368e+38
2426.5071642624025,3.670472856039289e+38
2425.359559554704,3.643891475720383e+38
2424.2130398419413,3.623817347611428e+38
2423.06760358614,3.606058445106872e+38
2421.9232492522315,3.588316730156883e+38
2420.7799753080444,3.57347987492114e+38
2419.6377802243005,3.5596064720715716e+38
2418.4966624746057,3.5512411173890806e+38
2417.356620535444,3.548766382686425e+38
2416.217652886172,3.5459134547379356e+38
2415.0797580090084,3.544320356376786e+38
2413.942934389031,3.543584827267162e+38
2412.8071805141694,3.542828087749384e+38
2411.672494875196,3.5353722524642675e+38
2410.538875965722,3.5272152921540646e+38
2409.4063222821896,3.521374543334675e+38
2408.274832323865,3.507196272117033e+38
2407.1444045928315,3.5006535196827136e+38
2406.015037593985,3.4929411165695455e+38
2404.8867298350247,3.4862836800459704e+38
2403.7594798264486,3.4832989719311936e+38
2402.6332860815455,3.477486786303163e+38
2401.508147116389,3.480214394721528e+38
2400.384061449832,3.482113754432138e+38
2399.2610276034984,3.484323772543358e+38
2398.1390441017775,3.487103807499034e+38
2397.018109471817,3.490534797973778e+38
2395.8982222435193,3.488138653346376e+38
2394.7793809495297,3.486155015236107e+38
2393.6615841252365,3.479704266376807e+38
2392.544830308758,3.479171656623918e+38
2391.4291180409414,3.4756118960342724e+38
2390.3144458653537,3.4711714303490256e+38
2389.2008123282762,3.462726930250681e+38
2388.088215978698,3.465051321916525e+38
2386.9766553683107,3.467134337114526e+38
2385.8661290514992,3.474595564966741e+38
2384.7566355853382,3.478627544842322e+38
2383.648173529587,3.485250668970685e+38
2382.5407414466786,3.483660749609176e+38
2381.434337901718,3.475558772700386e+38
2380.328961462474,3.465885720748755e+38
2379.224610699373,3.459807351758253e+38
2378.1212841854936,3.452558127225581e+38
2377.0189804965594,3.4491697352355905e+38
2375.917698210934,3.4494028053469806e+38
2374.8174359096147,3.45117453456701e+38
2373.718192176225,3.452322522441285e+38
2372.6199655970104,3.4514548984868735e+38
2371.522754760832,3.456345754580309e+38
2370.426558259159,3.460258232751383e+38
2369.3313746860636,3.4646959839228026e+38
2368.2372026382163,3.470338914722073e+38
2367.1440407148775,3.4756403961053705e+38
2366.051887517893,3.482357159728043e+38
2364.9607416516887,3.478379191113388e+38
2363.8706017232616,3.473489500424178e+38
2362.781466342178,3.467981671666073e+38
2361.6933341205645,3.464957893332214e+38
2360.606203673103,3.46295801463005e+38
2359.5200736170264,3.4573146106851586e+38
2358.4349425721093,3.454736087380535e+38
2357.3508091606654,3.450354413047298e+38
2356.26767200754,3.449747764019559e+38
2355.1855297401053,3.452654731067689e+38
2354.104380988253,3.4572442144974744e+38
2353.02422438439,3.464326334620078e+38
2351.9450585634318,3.466880482308779e+38
2350.8668821627975,3.472857321309631e+38
2349.789693822403,3.477159538732924e+38
2348.713492184656,3.483455575943385e+38
2347.63827589445,3.4883250197639595e+38
2346.56404359916,3.492443795490341e+38
2345.490793948634,3.4836046730184116e+38
2344.4185255951893,3.479118781133897e+38
2343.3472371936073,3.472376752589135e+38
2342.2769274011266,3.464774388316374e+38
2341.2075948774377,3.457381926585194e+38
2340.139238284678,3.453735097752281e+38
2339.0718562874254,3.454198860895012e+38
2338.0054475526927,3.45319534441473e+38
2336.940010749924,3.456572550403616e+38
2335.8755445509864,3.455401296257642e+38
2334.8120476301656,3.457541390776688e+38
2333.7495186641618,3.462678451443466e+38
2332.6879563320813,3.467350802922446e+38
2331.627359315434,3.470243940985391e+38
2330.567726298126,3.476335952211392e+38
2329.509055966455,3.47215983164043e+38
2328.451347009104,3.4698031481775036e+38
2327.394598117138,3.46875609803956e+38
2326.3388079839947,3.46566166796228e+38
2325.283975305484,3.464389814040777e+38
2324.2300987797794,3.4636188279364055e+38
2323.1771771074123,3.4655985228588936e+38
2322.1252089912687,3.4692587904565365e+38
2321.0741931365837,3.471255569208608e+38
2320.0241282509337,3.476748716513966e+38
2318.9750130442344,3.478942872490888e+38
2317.9268462287328,3.481579430577846e+38
2316.879626519004,3.488139125672099e+38
2315.8333526319448,3.491835741830938e+38
2314.7880232867674,3.495855831155474e+38
2313.743637204998,3.493492903538574e+38
2312.7001931104664,3.4920725558252284e+38
2311.657689729305,3.494505374760037e+38
2310.616125789942,3.4977574241435885e+38
2309.5755000230956,3.4936813650716715e+38
2308.5358111617707,3.487903246297549e+38
2307.497057941251,3.4860455336232214e+38
2306.459239099097,3.4919790887843196e+38
2305.4223533751383,3.496104093069594e+38
2304.3863995114702,3.500946228225652e+38
2303.351376252447,3.5043428246254204e+38
2302.31728234468,3.5088831320113896e+38
2301.284116537028,3.512042407878284e+38
2300.251877580595,3.5136703015149005e+38
2299.2205642287263,3.516068916369486e+38
2298.190175237001,3.517995011296885e+38
2297.160709363227,3.4979534043134335e+38
2296.1321653674386,3.482581545139601e+38
2295.1045420118885,3.471802938725187e+38
2294.0778380610454,3.4611596105216346e+38
2293.052052281587,3.451083899694068e+38
2292.0271834423957,3.4401578403229646e+38
2291.0032303145545,3.431314651491877e+38
2289.9801916713423,3.423719272016578e+38
2288.9580662882254,3.413219834212416e+38
2287.936852942859,3.406861077955636e+38
2286.9165504150756,3.400751222575762e+38
2285.8971574868847,3.396411756376066e+38
2284.878672942467,3.3916619949473617e+38
2283.8610955681675,3.3933372551469365e+38
2282.844424152494,3.392580889478148e+38
2281.8286574861095,3.3959786050864214e+38
2280.8137943618285,3.3967026195024108e+38
2279.7998335746124,3.3998823538264723e+38
2278.786773921564,3.395708299469309e+38
2277.774614201925,3.375866332056623e+38
2276.7633532170667,3.3563396598571216e+38
2275.7529897704903,3.3381636298312317e+38
2274.7435226678194,3.3217558894732135e+38
2273.734950716795,3.304523375919563e+38
2272.7272727272725,3.287911757104427e+38
2271.7204875112166,3.2805251683954854e+38
2270.7145938826948,3.268758411581495e+38
2269.709590657875,3.2600201889831636e+38
2268.7054766550204,3.252614892118545e+38
2267.7022506944836,3.2456391039483148e+38
2266.6999115987037,3.2322070707752718e+38
2265.6984581921993,3.2202045306618553e+38
2264.697889301567,3.2071328290863447e+38
2263.6982037554753,3.2021414331445058e+38
2262.699400384659,3.195407707896161e+38
2261.701478021916,3.189008380933961e+38
2260.7044355021026,3.1854401490310245e+38
2259.7082716621285,3.180620296779848e+38
2258.712985340953,3.168831859005869e+38
2257.718575379579,3.1516706114399485e+38
2256.7250406210505,3.1394505608569518e+38
2255.7323799104474,3.129723993148169e+38
2254.7405920948795,3.1205523502529258e+38
2253.749676023484,3.1107860512976554e+38
2252.759630547421,3.10203084370783e+38
2251.7704545198662,3.0918879899154506e+38
2250.7821467960116,3.0896726506225544e+38
2249.7947062330563,3.0873863354362606e+38
2248.8081316902044,3.0840293841448663e+38
2247.8224220286597,3.0850963469328107e+38
2246.8375761116226,3.0837325598149566e+38
2245.853592804285,3.0813403031409728e+38
2244.870470973825,3.0802511570019724e+38
2243.8882094894034,3.079623519115908e+38
2242.90680722216,3.076994331651991e+38
2241.9262630452085,3.0757337456986065e+38
2240.9465758336323,3.0736638635505705e+38
2239.9677444644794,3.071748054846754e+38
2238.9897678167613,3.06953084262159e+38
2238.012644771443,3.068466557954669e+38
2237.0363742114446,3.0639868753216878e+38
2236.060955021634,3.0608582739395686e+38
2235.0863860888226,3.0593840992697463e+38
2234.1126663017617,3.0545450375761915e+38
2233.139794551139,3.047267044383124e+38
2232.1677697295727,3.0414641960564626e+38
2231.1965907316094,3.03735940529024e+38
2230.2262564537173,3.033338981654832e+38
2229.256765794284,3.027505083953584e+38
2228.2881176536125,3.02260422375735e+38
2227.3203109339156,3.0168616718799714e+38
2226.353344539312,3.0146416713872445e+38
2225.3872173758236,3.011675961859057e+38
2224.42192835137,3.0074748153410975e+38
2223.457476375764,3.0047645448864855e+38
2222.4938603607106,3.0023880917172858e+38
2221.5310792197984,3.000567817559734e+38
2220.5691318684976,2.996434847981306e+38
2219.608017224158,2.994139011236956e+38
2218.6477342060016,2.9899918856342584e+38
2217.6882817351193,2.9859836491398148e+38
2216.729658734469,2.981870137823178e+38
2215.7718641288693,2.9801408389580494e+38
2214.814896844996,2.9763880778066815e+38
2213.858755811379,2.9743096066920084e+38
2212.9034399583975,2.972319431838411e+38
2211.9489482182753,2.9712192969875065e+38
2210.9952795250783,2.9705413411851405e+38
2210.04243281471,2.9682265184517856e+38
2209.0904070249076,2.9660405400319385e+38
2208.1392010952372,2.9653015518682574e+38
2207.188813967091,2.9641267942635584e+38
2206.2392445836826,2.963155841904132e+38
2205.2904918900444,2.963175463984713e+38
2204.342554833021,2.962423763539639e+38
2203.395432361269,2.9584836603212042e+38
2202.4491234252487,2.956277384320852e+38
2201.5036269772254,2.955147338602666e+38
2200.558941971261,2.9533429506974627e+38
2199.6150673632114,2.9521273985930252e+38
2198.672002110725,2.9503587807225886e+38
2197.729745173236,2.9499428311284097e+38
2196.7882955119617,2.948500594273096e+38
2195.847652089898,2.94538401497192e+38
2194.9078138718173,2.9426629126798388e+38
2193.968779824263,2.9436307499370956e+38
2193.0305489155467,2.944130048657468e+38
2192.0931201157423,2.9442923107260388e+38
2191.1564923966866,2.9433948063876692e+38
2190.2206647319717,2.9437019371010798e+38
2189.2856360969417,2.9419406286311924e+38
2188.3514054686902,2.9399498933215787e+38
2187.4179718260566,2.93763674458431e+38
2186.4853341496214,2.9335942873708822e+38
2185.553491421703,2.9326916654395943e+38
2184.622442626353,2.92792647390782e+38
2183.6921867493556,2.9281673301365526e+38
2182.7627227782204,2.924340255224587e+38
2181.8340497021795,2.9224908241010903e+38
2180.906166512186,2.916326347411681e+38
2179.979072200907,2.9132547058414755e+38
2179.052765762723,2.909968047143081e+38
2178.1272461937224,2.906196650745057e+38
2177.2025124916995,2.8989964468287048e+38
2176.278563656148,2.889766479206978e+38
2175.3553986882607,2.882557857373422e+38
2174.433016590924,2.874899718613573e+38
2173.5114163687144,2.868088428072835e+38
2172.590597027896,2.8618642072066487e+38
2171.670557576416,2.8574332829309823e+38
2170.7512970239,2.8533047606462775e+38
2169.832814381652,2.8478909487537866e+38
2168.915108662647,2.8455348484905293e+38
2167.99817888153,2.8391086697261256e+38
2167.0820240546104,2.8334163645471293e+38
2166.166643199861,2.8284183306101535e+38
2165.252035336913,2.8247896594073452e+38
2164.338199487052,2.8190446400016766e+38
2163.4251346732144,2.813220914166924e+38
2162.512839919987,2.8116299865624728e+38
2161.601314253599,2.8084515133195215e+38
2160.690556701922,2.805115335698796e+38
2159.7805662944643,2.802335692789629e+38
2158.87134206237,2.7993577693999254e+38
2157.9628830384117,2.7965119689595296e+38
2157.0551882569916,2.7921452728126406e+38
2156.1482567541343,2.78727531980439e+38
2155.242087567486,2.7843127469531276e+38
2154.336679736309,2.780862567460832e+38
2153.4320323014804,2.7745499273507954e+38
2152.528144305487,2.7707299714178303e+38
2151.625014792422,2.7668209093122604e+38
2150.7226428079834,2.7613173953786627e+38
2149.821027399469,2.7579005765070574e+38
2148.920167615773,2.7532931558683623e+38
2148.020062507384,2.7486308742429124e+38
2147.1207111263793,2.744256433511304e+38
2146.2221125264255,2.7424004520436336e+38
2145.32426576277,2.740532752607063e+38
2144.4271698922425,2.73560572803003e+38
2143.5308239732485,2.732310787231668e+38
2142.635227065768,2.729428252653083e+38
2141.740378231351,2.727308815472019e+38
2140.8462765331137,2.7236738186471952e+38
2139.9529210357373,2.719581555242228e+38
2139.0603108054634,2.7152262465076257e+38
2138.16844491009,2.709685999017759e+38
2137.2773224189705,2.7043903610699916e+38
2136.386942403008,2.7015470452140978e+38
2135.4973039346537,2.6971474666722302e+38
2134.608406087903,2.6961795247802e+38
2133.7202479382927,2.6895811382346583e+38
2132.8328285628972,2.684922805983824e+38
2131.9461470403257,2.6816646520832256e+38
2131.0602024507193,2.6800225552834123e+38
2130.174993875747,2.674376336022393e+38
2129.2905203986033,2.667593271737383e+38
2128.4067811040045,2.6639474295290338e+38
2127.5237750781866,2.6632346396344847e+38
2126.6415014089,2.6618148907814485e+38
2125.7599591854087,2.6595812875480896e+38
2124.879147498486,2.6575729199743104e+38
2123.9990654404114,2.6545031304388096e+38
2123.119712104967,2.6525519363227563e+38
2122.2410865874363,2.652552154481363e+38
2121.363187984599,2.6512677375773046e+38
2120.4860153947284,2.6491974834128946e+38
2119.6095679175896,2.6486304816541528e+38
2118.7338446544345,2.6489610709836423e+38
2117.858844708,2.6477093838438776e+38
2116.984567182505,2.6457660854225155e+38
2116.1110111836465,2.6463788632455027e+38
2115.238175818597,2.6422275297671044e+38
2114.3660601960014,2.640053055853433e+38
2113.494663425975,2.6383772963500877e+38
2112.6239846200974,2.6322727522355103e+38
2111.7540228914136,2.6304145899253448e+38
2110.884777354428,2.6290793800468793e+38
2110.016247125103,2.6311081562052772e+38
2109.1484313208543,2.6285829189297037e+38
2108.2813290605495,2.6276646449123106e+38
2107.4149394645056,2.621656332083349e+38
2106.5492616544834,2.6155473283857265e+38
2105.6842947536875,2.6120134843892634e+38
2104.820037886761,2.611841880664788e+38
2103.956490179783,2.611237747464988e+38
2103.0936507602682,2.611696864702886e+38
2102.2315187571608,2.6122812065437816e+38
2101.370093300832,2.612630893371692e+38
2100.5093735230794,2.6120983347081805e+38
2099.649358557121,2.61201282508773e+38
2098.7900475375945,2.612351873843594e+38
2097.931439600554,2.6121188396380706e+38
2097.0735338834656,2.6106660542172296e+38
2096.216329525207,2.6122477980775573e+38
2095.3598256660625,2.612726427215821e+38
2094.5040214477212,2.6117470120987715e+38
2093.6489160132737,2.6116493704292577e+38
2092.7945085072097,2.6123588706245917e+38
2091.9407980754145,2.6121156322099746e+38
2091.087783865167,2.612041029949276e+38
2090.235465025135,2.6106956281441927e+38
2089.383840705376,2.6117634959463106e+38
2088.5329100573304,2.6093541296187863e+38
2087.6826722338205,2.6082190884512306e+38
2086.833126389048,2.608535932464212e+38
2085.9842716785915,2.6075647374343155e+38
2085.1361072594013,2.6073416762715735e+38
2084.2886322897994,2.6109263054003187e+38
2083.441845929475,2.612677349724044e+38
2082.595747339484,2.6112983080151504e+38
2081.7503356822417,2.6143935875064016e+38
2080.9056101215247,2.6121612615096724e+38
2080.061569822467,2.613893882355448e+38
2079.2182139515544,2.6145383126851883e+38
2078.3755416766253,2.61401283117022e+38
2077.5335521668676,2.6147053097981905e+38
2076.6922445928126,2.614392745290323e+38
2075.8516181263362,2.6145857448509423e+38
2075.0116719406547,2.6100018235958933e+38
2074.1724052103214,2.6079177033789417e+38
2073.333817111224,2.6063804869617403e+38
2072.495906820584,2.608244336240419e+38
2071.6586735169512,2.6070619397468116e+38
2070.822116380203,2.6089529538204982e+38
2069.98623459154,2.6109860005794882e+38
2069.151027333485,2.6119506241226987e+38
2068.3164937898796,2.614044618858152e+38
2067.4826331458817,2.6137389449045996e+38
2066.6494445879616,2.6176062102677614e+38
2065.8169273039025,2.6133273013946845e+38
2064.9850804827934,2.6099655333248675e+38
2064.153903315031,2.6065038116316753e+38
2063.3233949923138,2.603271262911671e+38
2062.4935547076416,2.6064901769079783e+38
2061.66438165531,2.608921213885811e+38
2060.8358750309126,2.6123537258268318e+38
2060.0080340313325,2.617721755998552e+38
2059.1808578547457,2.621316585518598e+38
2058.354345700612,2.6218573698613602e+38
2057.5284967696803,2.6045957364377722e+38
2056.703310263978,2.589113369716289e+38
2055.8787853868134,2.572928202423233e+38
2055.054921342773,2.5627375905363416e+38
2054.2317173377155,2.5530236401787962e+38
2053.409172578774,2.5423878891995863e+38
2052.5872862743486,2.5325391354113315e+38
2051.7660576341086,2.524615329313945e+38
2050.9454858689855,2.513038685137741e+38
2050.125570191174,2.5100382878056715e+38
2049.306309814128,2.5033086247811316e+38
2048.4877039525572,2.500858134695628e+38
2047.669751822426,2.4961701811108e+38
2046.8524526409515,2.4927047533247646e+38
2046.0358056265984,2.48769902145581e+38
2045.2198099990796,2.4900610004995044e+38
2044.4044649793514,2.4930551675770047e+38
2043.5897697896123,2.4941342646197832e+38
2042.7757236533002,2.494785579792252e+38
2041.962325795089,2.4969836322960152e+38
2041.1495754408882,2.4988346596373188e+38
2040.3374718178386,2.5005408517054603e+38
2039.5260141543104,2.501349089203187e+38
2038.7152016799012,2.5046610696158436e+38
2037.905033625433,2.5065549345413202e+38
2037.0955092229499,2.5095306309134075e+38
2036.2866277057158,2.512624119326128e+38
2035.478388308212,2.5140995667171725e+38
2034.6707902661349,2.518135772049759e+38
2033.863832816393,2.5216597338501565e+38
2033.0575151971047,2.5277738596355433e+38
2032.2518366475972,2.5303705109555242e+38
2031.446796408402,2.5354552331711018e+38
2030.6423937212537,2.5404063150636502e+38
2029.8386278290875,2.5434741081271446e+38
2029.035497976037,2.5490994712573976e+38
2028.2330034074314,2.5534411205887333e+38
2027.4311433697933,2.5573645298254627e+38
2026.6299171108362,2.5616918441456744e+38
2025.8293238794631,2.5676128738179004e+38
2025.0293629257624,2.5743788268502396e+38
2024.230033501007,2.57925306688734e+38
2023.4313348576516,2.5856711206067145e+38
2022.6332662493298,2.5894639839877657e+38
2021.835826930853,2.5942962005510426e+38
2021.0390161582068,2.599281560291373e+38
2020.2428331885494,2.6050943451792104e+38
2019.4472772802083,2.6087354318789116e+38
2018.6523476926802,2.6143253554678147e+38
2017.8580436866266,2.6176281325343557e+38
2017.064364523872,2.6156712317377533e+38
2016.2713094674018,2.612443502524858e+38
2015.4788777813608,2.613727207067634e+38
2014.6870687310493,2.6163605601922796e+38
2013.895881582922,2.620234967147135e+38
2013.1053156045857,2.624603200457412e+38
2012.3153700647965,2.6302996668956024e+38
2011.5260442334577,2.6363225712775082e+38
2010.7373373816179,2.6406571849660523e+38
2009.9492487814684,2.642726262698573e+38
2009.161777706341,2.6482147638764368e+38
2008.3749234307058,2.6516753449754606e+38
2007.58868523017,2.655171864325095e+38
2006.8030623814732,2.661681689159177e+38
2006.0180541624875,2.6686275619238852e+38
2005.233659852214,2.6754723285009207e+38
2004.449878730782,2.683323545557293e+38
2003.6667100794452,2.69070318664643e+38
2002.88415318058,2.7001290691720327e+38
2002.1022073176835,2.7058325568440767e+38
2001.3208717753716,2.7119365535285112e+38
2000.5401458393767,2.7187183376020247e+38
1999.7600287965445,2.7264497571843555e+38
1998.9805199348332,2.7326341877565253e+38
1998.201618543311,2.7392498662865533e+38
1997.4233239121534,2.747935611725436e+38
1996.6456353326412,2.7545141505214087e+38
1995.8685520971587,2.7626430824598264e+38
1995.0920734991919,2.7719444281375205e+38
1994.3161988333252,2.7804886037036983e+38
1993.5409273952394,2.7855252444628335e+38
1992.7662584817115,2.7942291483214977e+38
1991.9921913906096,2.8042928268910265e+38
1991.2187254208939,2.8146211072263382e+38
1990.4458598726114,2.8231557826217067e+38
1989.6735940468966,2.8314732459250765e+38
1988.9019272459675,2.8420339205722885e+38
1988.1308587731244,2.849871964309987e+38
1987.3603879327477,2.857011392573218e+38
1986.5905140302955,2.8656613471595064e+38
1985.8212363723017,2.8716252719678565e+38
1985.0525542663743,2.8749828296992886e+38
1984.284467021192,2.8733460960275102e+38
1983.5169739465043,2.876882239957758e+38
1982.7500743531277,2.87820994059463e+38
1981.9837675529436,2.8809836493640945e+38
1981.2180528588976,2.880362417060415e+38
1980.4529295849961,2.8747902853590194e+38
1979.6883970463048,2.870335614121525e+38
1978.9244545589472,2.8566753869954402e+38
1978.1611014401012,2.835870259641126e+38
1977.3983370079984,2.8163429737675333e+38
1976.6361605819216,2.794653449235032e+38
1975.874571482202,2.7734016853051404e+38
1975.1135690302192,2.7543500950314525e+38
1974.353152548396,2.738384662616877e+38
1973.5933213602004,2.723469941211148e+38
1972.8340747901398,2.7101698060400776e+38
1972.0754121637613,2.6950935138090045e+38
1971.3173328076487,2.679544094180928e+38
1970.5598360494216,2.667833123416833e+38
1969.802921217732,2.655831674918793e+38
1969.0465876422636,2.6479300060814793e+38
1968.2908346537283,2.6408340803063637e+38
1967.535661583866,2.631025073718373e+38
1966.7810677654418,2.6204316312078113e+38
1966.0270525322426,2.615030074282241e+38
1965.2736152190787,2.6097696154491275e+38
1964.5207551617782,2.60903781100862e+38
1963.768471697187,2.6058291433910706e+38
1963.016764163166,2.6055895930097726e+38
1962.26563189859,2.605416249146219e+38
1961.5150742433455,2.604931802856041e+38
1960.765090538328,2.6052057103791432e+38
1960.0156801254411,2.601713703327861e+38
1959.2668423475934,2.5979157404884846e+38
1958.5185765486985,2.5977885211150772e+38
1957.770882073671,2.595457886267856e+38
1957.0237582684254,2.596316832879958e+38
1956.2772044798749,2.594829292462239e+38
1955.531220055928,2.5959091756852493e+38
1954.7858043454887,2.5979776676233303e+38
1954.0409566984524,2.599073899531828e+38
1953.2966764657049,2.598147946673799e+38
1952.5529629991213,2.600930088289038e+38
1951.809815651563,2.6019112606645023e+38
1951.0672337768758,2.5981060822829927e+38
1950.3252167298895,2.592126072205601e+38
1949.5837638664145,2.588801004100035e+38
1948.84287454324,2.5793773699004786e+38
1948.1025481181327,2.5667818747929044e+38
1947.3627839498358,2.551702045628794e+38
1946.6235813980652,2.5369258600979672e+38
1945.8849398235084,2.526379312570889e+38
1945.1468585878233,2.5148242426057783e+38
1944.4093370536364,2.5062529518284635e+38
1943.67237458454,2.496548760804915e+38
1942.9359705450906,2.4873965063925176e+38
1942.200124300808,2.4791092676241768e+38
1941.464835218172,2.4735644008417333e+38
1940.7301026646223,2.4703068948735407e+38
1939.9959260085554,2.4652893456179694e+38
1939.2623046193225,2.460787523615835e+38
1938.5292378672302,2.457420637718234e+38
1937.7967251235345,2.452875650218937e+38
1937.0647657604432,2.448496988253269e+38
1936.3333591511114,2.4433536444382936e+38
1935.602504669641,2.4383027890139217e+38
1934.8722016910783,2.431170744277532e+38
1934.1424495914125,2.4229237188624308e+38
1933.4132477475737,2.414772889766764e+38
1932.6845955374313,2.4098673989989962e+38
1931.9564923397925,2.3931643253694483e+38
1931.2289375343998,2.3836383181405125e+38
1930.5019305019305,2.3722228710168946e+38
1929.7754706239928,2.3594831300164236e+38
1929.0495572831267,2.348738439959252e+38
1928.3241898627996,2.3356503041952253e+38
1927.5993677474073,2.3269177620731503e+38
1926.8750903222697,2.3191669758317035e+38
1926.1513569736308,2.3142251981243688e+38
1925.4281670886564,2.3056249763808546e+38
1924.7055200554314,2.299084294614769e+38
1923.9834152629605,2.2968976057149394e+38
1923.2618521011634,2.292047671344946e+38
1922.5408299608764,2.2875892069613044e+38
1921.8203482338472,2.280340361045457e+38
1921.100406312736,2.2741344197529123e+38
1920.3810035911124,2.267489119665754e+38
1919.6621394634542,2.262975649389291e+38
1918.9438133251456,2.2557456581736747e+38
1918.2260245724754,2.2503930776128193e+38
1917.5087726026345,2.2440374359866504e+38
1916.7920568137165,2.2362801546750166e+38
1916.0758766047136,2.2301216707074085e+38
1915.360231375516,2.220761936343071e+38
1914.6451205269102,2.2141671379440168e+38
1913.9305434605776,2.2063566831053994e+38
1913.2164995790922,2.202602388029322e+38
1912.5029882859192,2.1982086991715368e+38
1911.790008985413,2.193774141901812e+38
1911.0775610828164,2.188608352681077e+38
1910.3656439842587,2.18566119993037e+38
1909.6542570967526,2.1833783516207837e+38
1908.943399828195,2.1819705566664777e+38
1908.2330715873636,2.1769714955373243e+38
1907.5232717839158,2.1771711053905674e+38
1906.8139998283866,2.1719890739879433e+38
1906.1052551321882,2.1682294840487158e+38
1905.3970371076073,2.159787320023182e+38
1904.6893451678031,2.1555081408751057e+38
1903.982178726807,2.1505138689851133e+38
1903.2755371995204,2.1441476595303705e+38
1902.5694200017124,2.1401338427117356e+38
1901.863826550019,2.1402065616065146e+38
1901.1587562619416,2.1343452093859066e+38
1900.4542085558446,2.1327131166901223e+38
1899.7501828509548,2.132975513591491e+38
1899.046678567359,2.1328735094271638e+38
1898.3436951260026,2.1309826247937836e+38
1897.6412319486876,2.1331653558741393e+38
1896.939288458073,2.1356714261258598e+38
1896.2378640776699,2.137803694038049e+38
1895.536958231843,2.1401461509150147e+38
1894.8365703458076,2.1427402165073243e+38
1894.1366998456278,2.144453226256618e+38
1893.4373461582154,2.149439440769664e+38
1892.738508711329,2.152725291250977e+38
1892.0401869335703,2.1525484165066955e+38
1891.3423802543855,2.156741032270449e+38
1890.6450881040612,2.15894496953291e+38
1889.9483099137237,2.1614837656595686e+38
1889.252045115339,2.163658570943936e+38
1888.5562931417078,2.1663439602088558e+38
1887.8610534264678,2.1685255801700857e+38
1887.1663254040893,2.158426569216471e+38
1886.4721085098756,2.148771533822514e+38
1885.7784021799598,2.135084404632751e+38
1885.0852058513044,2.1232420956246077e+38
1884.3925189616998,2.1150520253608794e+38
1883.7003409497615,2.1070685763791624e+38
1883.0086712549312,2.0979376440679597e+38
1882.3175093174718,2.087277692015968e+38
1881.6268545784685,2.0763592707075943e+38
1880.9367064798269,2.066500108916947e+38
1880.2470644642706,2.057300929720452e+38
1879.5579279753401,2.048462801037449e+38
1878.8692964573918,2.041737463745477e+38
1878.181169355596,2.0334793731509985e+38
1877.4935461159353,2.0271698275276442e+38
1876.806426185203,2.0186354673657383e+38
1876.1198090110033,2.012091224455327e+38
1875.4336940417472,2.006016864005949e+38
1874.7480807266522,2.003788593868786e+38
1874.062968515742,2.000211060155656e+38
1873.378356859843,1.9970759852480532e+38
1872.6942452105843,1.994997065089799e+38
1872.0106330203955,1.991531169408093e+38
1871.3275197425053,1.991949230298289e+38
1870.6449048309405,1.995965130186339e+38
1869.962787740524,1.9968776107633135e+38
1869.2811679268736,2.000248313467847e+38
1868.6000448464008,2.0017074004550794e+38
1867.9194179563092,2.005111313121218e+38
1867.2392867145923,2.0061396070762743e+38
1866.5596505800333,2.0054439399723053e+38
1865.8805090122028,2.0038042638488578e+38
1865.2018614714577,2.0003026253696244e+38
1864.5237074189397,2.0008070541166534e+38
1863.8460463165743,1.999109190331684e+38
1863.168877627068,1.9995406124874258e+38
1862.492200813909,2.0013082325662817e+38
1861.816015341364,2.0056065727014518e+38
1861.1403206744772,2.0078744776420903e+38
1860.4651162790697,2.0106424790645676e+38
1859.7904016217374,2.013588953296056e+38
1859.1161761698486,2.0177146158226572e+38
1858.4424393915458,2.0192144911648386e+38
1857.7691907557405,2.0215212596893217e+38
1857.0964297321136,2.0246022689928786e+38
1856.424155791115,2.0282801602744985e+38
1855.7523684039602,2.0319980624620853e+38
1855.0810670426297,2.0340297686414285e+38
1854.4102511798685,2.0387249487788193e+38
1853.7399202891834,2.035633421716997e+38
1853.0700738448425,2.032690753241727e+38
1852.4007113218731,2.0317259088263774e+38
1851.7318321960613,2.0315688419167823e+38
1851.0634359439498,2.030310330179532e+38
1850.3955220428365,2.02821116478976e+38
1849.7280899707744,2.0267192389479057e+38
1849.061139206568,2.0262231769496423e+38
1848.3946692297739,2.026962045598858e+38
1847.7286795206992,2.030440842935496e+38
1847.0631695603988,2.0329408242123445e+38
1846.398138830676,2.0363067353313293e+38
1845.7335868140792,2.039934708463886e+38
1845.069512993902,2.043651409537611e+38
1844.4059168541812,2.0472772623610007e+38
1843.742797879696,2.034841574108704e+38
1843.080155555965,2.0211317544344657e+38
1842.417989369248,2.0078807359661663e+38
1841.756298806542,1.9957252131888394e+38
1841.0950833555798,1.9855253095803737e+38
1840.434342504831,1.9744034558034942e+38
1839.7740757434988,1.9640231772447353e+38
1839.1142825615184,1.9530805019691923e+38
1838.4549624495573,1.944949119777707e+38
1837.796114899013,1.93698116910511e+38
1837.1377394020117,1.9286643822524222e+38
1836.4798354514069,1.9200496742855606e+38
1835.8224025407783,1.912562581056602e+38
1835.1654401644307,1.9055497038694478e+38
1834.508947817393,1.8986155602859824e+38
1833.8529249954154,1.8878426336131883e+38
1833.1973711949697,1.8786344233459954e+38
1832.5422859132475,1.871017752838898e+38
1831.8876686481585,1.862848166132168e+38
1831.2335188983297,1.8539229223409085e+38
1830.5798361631048,1.84677055728202e+38
1829.9266199425404,1.8383839308727264e+38
1829.2738697374077,1.830017856060758e+38
1828.62158504919,1.8224057631664004e+38
1827.9697653800806,1.8141978051738997e+38
1827.318410232983,1.807046706592501e+38
1826.6675191115087,1.800510023418182e+38
1826.0170915199765,1.793134776270112e+38
1825.3671269634103,1.785665111413013e+38
1824.7176249475392,1.7804137345733744e+38
1824.0685849787951,1.7728688971320175e+38
1823.4200065643117,1.767127571051968e+38
1822.7718892119244,1.760278399329226e+38
1822.124232430167,1.7555979011554747e+38
1821.477035728272,1.7508394648767784e+38
1820.8302986161689,1.7449532212792487e+38
1820.184020604483,1.7392880431423213e+38
1819.5382012045343,1.732989964667983e+38
1818.8928399283357,1.729321275881968e+38
1818.2479362885922,1.7231301934952622e+38
1817.6034897987004,1.7191837546953078e+38
1816.9594999727456,1.7137904413194212e+38
1816.315966325502,1.7103646561487553e+38
1815.6728883724309,1.7048944421341366e+38
1815.0302656296794,1.700612267596134e+38
1814.3880976140795,1.6951558296765763e+38
1813.7463838431472,1.6901514714369343e+38
1813.10512383508,1.68773850985172e+38
1812.4643171087569,1.6836954897582408e+38
1811.823963183737,1.6795913663533634e+38
1811.184061580258,1.67491818470808e+38
1810.5446118192351,1.669856346330689e+38
1809.90561342226,1.664217312265909e+38
1809.267065911599,1.6604312530689216e+38
1808.6289688101933,1.6561837541460925e+38
1807.991321641656,1.6529189974185326e+38
1807.3541239302722,1.6503260253139709e+38
1806.7173752009974,1.6470878625290276e+38
1806.081074979456,1.6458050507559163e+38
1805.4452227919403,1.6387570074347618e+38
1804.8098181654107,1.6337309772807852e+38
1804.1748606274919,1.6295881182810595e+38
1803.5403497064738,1.6261308395131389e+38
1802.906284931309,1.624316195347553e+38
1802.2726658316135,1.6226325877299992e+38
1801.6394919376633,1.6188328596871787e+38
1801.0067627803942,1.6170990058259674e+38
1800.3744778914013,1.6158470237132712e+38
1799.742636802937,1.6147663585897616e+38
1799.1112390479102,1.6152503499881954e+38
1798.4802841598848,1.614930918639551e+38
1797.8497716730787,1.617239077470851e+38
1797.2197011223636,1.6176758739769404e+38
1796.590072043262,1.6184629398120077e+38
1795.960883971947,1.6201248473335582e+38
1795.3321364452422,1.6218624268918654e+38
1794.703829000619,1.6248473340952193e+38
1794.075961176196,1.6265420078065193e+38
1793.448532510738,1.6280247440743257e+38
1792.821542543655,1.6328477466161892e+38
1792.1949908150007,1.6337736494287366e+38
1791.5688768654709,1.6374622563678949e+38
1790.9432002364044,1.6398117260728938e+38
1790.3179604697793,1.6432962733324145e+38
1789.6931571082139,1.6457983376002837e+38
1789.0687896949637,1.649387443922498e+38
1788.4448577739226,1.6524324434386747e+38
1787.8213608896199,1.6550039137396128e+38
1787.1982985872196,1.6586662606425685e+38
1786.5756704125204,1.6583684539881782e+38
1785.9534759119524,1.6610018000391161e+38
1785.3317146325787,1.6621936575559995e+38
1784.710386122092,1.662202135173706e+38
1784.0894899288146,1.6654127059406426e+38
1783.469025601698,1.665187050552831e+38
1782.8489926903192,1.6698653181176888e+38
1782.2293907448827,1.6722732050625141e+38
1781.610219316218,1.6755829206952321e+38
1780.991477955778,1.6809318343663517e+38
1780.3731662156385,1.6844189903993554e+38
1779.755283648498,1.6862038524994301e+38
1779.1378298076752,1.6897439850106862e+38
1778.5208042471074,1.6928069156787941e+38
1777.9042065213525,1.696806393636372e+38
1777.2880361855844,1.6974106305102389e+38
1776.6722927955939,1.7005488968155934e+38
1776.056975907787,1.7040514212039506e+38
1775.4420850791846,1.7064624635717404e+38
1774.8276198674203,1.707868928429507e+38
1774.21357983074,1.7098951406236493e+38
1773.5999645280008,1.709895608252226e+38
1772.9867735186695,1.709803148263001e+38
1772.3740063628227,1.7144829984183702e+38
1771.761662621144,1.7182662899762856e+38
1771.149741854925,1.7224006587813014e+38
1770.5382436260625,1.7258468092486242e+38
1769.9271674970573,1.7303594756301162e+38
1769.3165130310158,1.7354755005141915e+38
1768.7062797916462,1.7428841606425486e+38
1768.0964673432584,1.7461267563935868e+38
1767.487075250762,1.7501867859118458e+38
1766.8781030796686,1.7535423270139937e+38
1766.2695503960858,1.758503683969671e+38
1765.6614167667205,1.7634186866613525e+38
1765.053701758876,1.7638498708546832e+38
1764.4464049404498,1.764067931174611e+38
1763.8395258799355,1.763801913379018e+38
1763.2330641464187,1.7648080155323765e+38
1762.6270193095788,1.767257430164006e+38
1762.021390939686,1.7708851485039487e+38
1761.4161786076004,1.773823171820162e+38
1760.8113818847723,1.777442668714665e+38
1760.2070003432402,1.7813244819020195e+38
1759.6030335556297,1.7858510230825566e+38
1758.999481095153,1.7897190758857044e+38
1758.3963425356076,1.7934553602012267e+38
1757.7936174513748,1.7989669685944464e+38
1757.1913054174208,1.802042100981866e+38
1756.5894060092924,1.8067624919627064e+38
1755.9879188031184,1.8132688080907848e+38
1755.3868433756088,1.8189136140411736e+38
1754.7861793040518,1.8239125786438743e+38
1754.1859261663142,1.82141127980356e+38
1753.586083540841,1.8139708805144316e+38
1752.9866510066524,1.8107810576766904e+38
1752.3876281433452,1.8070519756203248e+38
1751.7890145310898,1.80174483522675e+38
1751.1908097506303,1.7976863201495566e+38
1750.5930133832833,1.7941462341989545e+38
1749.9956250109374,1.789951177311136e+38
1749.3986442160508,1.78739694352153e+38
1748.8020705816516,1.7862291985069416e+38
1748.2059036913367,1.7831585776563917e+38
1747.6101431292707,1.7832041333191878e+38
1747.0147884801845,1.7811934459729978e+38
1746.4198393293746,1.781751216528255e+38
1745.825295262703,1.7810637905478204e+38
1745.2311558665942,1.7812997771249387e+38
1744.6374207280371,1.782908224382768e+38
1744.0440894345809,1.78420429524756e+38
1743.4511615743363,1.7840256301245188e+38
1742.8586367359742,1.785707933419096e+38
1742.2665145087242,1.786616363958031e+38
1741.674794482374,1.7884372065267486e+38
1741.0834762472687,1.7923175384884898e+38
1740.4925593943085,1.7964217557830503e+38
1739.90204351495,1.7992974271783093e+38
1739.3119282012035,1.80374279886943e+38
1738.7222130456328,1.80793003523818e+38
1738.1328976413536,1.8122076213403783e+38
1737.5439815820337,1.817135740232735e+38
1736.955464461891,1.8109728956374977e+38
1736.3673458756932,1.8024339187973615e+38
1735.7796254187567,1.7941725523207698e+38
1735.1923026869451,1.785004774342539e+38
1734.6053772766695,1.776638399514434e+38
1734.0188487848864,1.7671381575407137e+38
1733.4327168090967,1.7588449693876156e+38
1732.8469809473474,1.75003959842736e+38
1732.2616407982262,1.7420507881666695e+38
1731.676695960864,1.7341333290786745e+38
1731.0921460349334,1.726160656928871e+38
1730.5079906206465,1.718107546696102e+38
1729.9242293187558,1.7102577172693538e+38
1729.3408617305513,1.7025791494751093e+38
1728.7578874578617,1.6950027826229278e+38
1728.1753061030508,1.6847300221618311e+38
1727.5931172690207,1.6767757079570517e+38
1727.011320559206,1.669571572801637e+38
1726.429915577577,1.6624086030995956e+38
1725.848901928636,1.654924236255015e+38
1725.2682792174182,1.6478940610838264e+38
1724.6880470494898,1.6398747912676944e+38
1724.1082050309476,1.631410038344606e+38
1723.528752768418,1.621765978164744e+38
1722.9496898690556,1.6121808911413612e+38
1722.3710159405439,1.6040791536820675e+38
1721.7927305910914,1.5946708073500252e+38
1721.2148334294345,1.5858852769172859e+38
1720.6373240648336,1.5781099287174872e+38
1720.0602021070736,1.57037741918028e+38
1719.483467166463,1.5612859591268443e+38
1718.9071188538326,1.5543344375758819e+38
1718.3311567805347,1.5472348566442451e+38
1717.755580558442,1.5392416634331004e+38
1717.1803897999484,1.5311840473665658e+38
1716.605584117965,1.5227698892918303e+38
1716.0311631259224,1.5145496325921313e+38
1715.4571264377676,1.5061978625447253e+38
1714.8834736679642,1.4978314050877102e+38
1714.3102044314917,1.4918167332658143e+38
1713.7373183438442,1.484116158557194e+38
1713.164815021029,1.477529237214547e+38
1712.5926940795669,1.47066890695315e+38
1712.0209551364908,1.465676321561509e+38
1711.4495978093444,1.4588428676361006e+38
1710.8786217161821,1.4541007447845058e+38
1710.3080264755683,1.4499722706525708e+38
1709.7378117065748,1.4468103563862016e+38
1709.1679770287824,1.4436703420835577e+38
1708.598522062278,1.440488986349126e+38
1708.0294464276562,1.4377126874854948e+38
1707.4607497460152,1.4346716387468125e+38
1706.892431638958,1.4313322431388266e+38
1706.324491728592,1.428248087979171e+38
1705.7569296375266,1.4258101899868096e+38
1705.1897449888734,1.4228941066949308e+38
1704.6229374062457,1.4197586329292323e+38
1704.0565065137557,1.4156210576428004e+38
1703.4904519360168,1.41203031264974e+38
1702.9247732981394,1.4088714754757488e+38
1702.3594702257328,1.4072681288061595e+38
1701.7945423449025,1.4059448507104263e+38
1701.229989282251,1.4053345640512958e+38
1700.6658106648752,1.405150034947493e+38
1700.1020061203672,1.4044299034603013e+38
1699.5385752768123,1.4044596903771434e+38
1698.975517762789,1.4031618778621438e+38
1698.4128332073676,1.4000169410114316e+38
1697.85052124011,1.3951552046838128e+38
1697.2885814910678,1.3902683667197066e+38
1696.7270135907831,1.3861507313432185e+38
1696.1658171702866,1.3818056279781156e+38
1695.6049918610959,1.3768966291126602e+38
1695.0445372952174,1.3732827527458669e+38
1694.4844531051428,1.3686991056345195e+38
1693.9247389238494,1.3632391475941911e+38
1693.3653943848,1.3607813788977672e+38
1692.8064191219412,1.3586727462494944e+38
1692.247812769702,1.3557206896140944e+38
1691.6895749629941,1.3537374617302933e+38
1691.1317053372118,1.3508125385643147e+38
1690.5742035282283,1.3479591436125752e+38
1690.0170691723986,1.3443904634036616e+38
1689.4603019065557,1.34490823375699e+38
1688.903901368012,1.343302534312651e+38
1688.3478671945568,1.3423559233523526e+38
1687.792199024456,1.3418588072026126e+38
1687.2368964964526,1.3407356154773537e+38
1686.6819592497638,1.3408063411425437e+38
1686.127386924082,1.3388302211756904e+38
1685.573179159573,1.3375096488390617e+38
1685.0193355968759,1.333237572581272e+38
1684.4658558771014,1.329823154282114e+38
1683.9127396418316,1.326014785702837e+38
1683.35998653312,1.3229439307334673e+38
1682.8075961934892,1.3206580628703786e+38
1682.2555682659308,1.318165011568471e+38
1681.7039023939055,1.315334804888833e+38
1681.1525982213404,1.3123358601324316e+38
1680.6016553926304,1.3097750950421363e+38
1680.0510735526361,1.3063448892617123e+38
1679.5008523466827,1.302794407825335e+38
1678.9509914205605,1.2990451470453513e+38
1678.4014904205233,1.2936260214990934e+38
1677.8523489932886,1.2883370131444258e+38
1677.3035667860345,1.2815389836486678e+38
1676.7551434464024,1.273742258288147e+38
1676.2070786224929,1.2660897600044953e+38
1675.6593719628675,1.2592734626314938e+38
1675.112023116546,1.2517489420300797e+38
1674.5650317330073,1.2445532451398727e+38
1674.018397462188,1.2379106507347905e+38
1673.4721199544815,1.2307269876464603e+38
1672.926198860737,1.223635714303187e+38
1672.3806338322602,1.2200969177109644e+38
1671.8354245208102,1.2150305892789731e+38
1671.2905705786009,1.2109456593828614e+38
1670.746071658299,1.20492853771073e+38
1670.2019274130241,1.2004032173689368e+38
1669.6581374963478,1.1951253686955812e+38
1669.1147015622912,1.1903440387943513e+38
1668.5716192653279,1.1876005742845603e+38
1668.0288902603793,1.1845088547163222e+38
1667.4865142028164,1.181358712226624e+38
1666.944490748458,1.1787631423323685e+38
1666.4028195535705,1.1762625987672403e+38
1665.861500274867,1.1736440916604236e+38
1665.3205325695062,1.1703350025258658e+38
1664.7799160950922,1.1658684261062175e+38
1664.2396505096733,1.1638512584568376e+38
1663.699735471742,1.1612493985239574e+38
1663.1601706402334,1.1589428066465218e+38
1662.6209556745252,1.1556614438970236e+38
1662.0820902344367,1.1534190431513296e+38
1661.5435739802276,1.152381369313746e+38
1661.0054065725983,1.1508651153319092e+38
1660.4675876726885,1.1489727779610745e+38
1659.9301169420767,1.1464242086085615e+38
1659.392994042779,1.144180948687663e+38
1658.8562186372496,1.1414598855948458e+38
1658.3197903883784,1.1403779654686244e+38
1657.783708959492,1.1391130765884377e+38
1657.2479740143515,1.139140361605141e+38
1656.7125852171534,1.1396947177174561e+38
1656.1775422325275,1.1394717183634724e+38
1655.6428447255357,1.1397255320462448e+38
1655.1084923616743,1.139859494353953e+38
1654.5744848068696,1.1395133533348427e+38
1654.0408217274803,1.1387108531741737e+38
1653.5075027902938,1.135399689527245e+38
1652.9745276625285,1.1296055866247465e+38
1652.4418960118312,1.123741753965696e+38
1651.9096075062773,1.1188427855288267e+38
1651.3776618143686,1.1125702150404301e+38
1650.8460586050348,1.1075963185917905e+38
1650.3147975476322,1.1025798730194368e+38
1649.783878311941,1.0987740889448449e+38
1649.2533005681678,1.0949664879356184e+38
1648.7230639869422,1.0916669788583034e+38
1648.1931682393176,1.0885012760668972e+38
1647.6636129967703,1.0841688070002764e+38
1647.1343979311991,1.0818558300470212e+38
1646.605522714923,1.0798359450595606e+38
1646.076987020683,1.077709415367781e+38
1645.5487905216387,1.0766365900136643e+38
1645.0209328913709,1.0757321441209713e+38
1644.4934138038775,1.074908465563792e+38
1643.9662329335754,1.0738566581969573e+38
1643.4393899552983,1.0729500413958988e+38
1642.912884544297,1.072615947182453e+38
1642.386716376238,1.0736636584969975e+38
1641.8608851272031,1.0735437094363009e+38
1641.3353904736894,1.0732681389721024e+38
1640.8102320926073,1.0737782513228173e+38
1640.285409661281,1.0730140518568008e+38
1639.7609228574474,1.0735272040816485e+38
1639.236771359255,1.0721218731245052e+38
1638.7129548452644,1.0717131507901553e+38
1638.1894729944465,1.0718981397079028e+38
1637.6663254861821,1.0716529099686358e+38
1637.1435120002618,1.0722266786242098e+38
1636.621032216885,1.0721487608008238e+38
1636.0988858166586,1.0728206230379112e+38
1635.577072480598,1.072395705499183e+38
1635.0555918901243,1.0728184748796342e+38
1634.5344437270653,1.073943594503294e+38
1634.0136276736548,1.073424075387535e+38
1633.4931434125303,1.071481733260513e+38
1632.972990626735,1.0709532642802132e+38
1632.4531689997143,1.0706585385792972e+38
1631.9336782153173,1.0704275260109046e+38
1631.4145179577952,1.068872952869606e+38
1630.895687911801,1.0672321287123548e+38
1630.3771877623888,1.0655080617300546e+38
1629.8590171950127,1.0639693526951254e+38
1629.3411758955265,1.0630602114460943e+38
1628.823663550184,1.0642672837402658e+38
1628.3064798456364,1.0637682950687686e+38
1627.7896244689337,1.0640693150114267e+38
1627.273097107522,1.0642402907286737e+38
1626.7568974492451,1.0654562169654328e+38
1626.2410251823421,1.0651821046769831e+38
1625.7254799954478,1.0659780844496793e+38
1625.2102615775916,1.0664265052414249e+38
1624.6953696181965,1.0666376867766405e+38
1624.1808038070797,1.0670820235939607e+38
1623.666563834451,1.067454238030932e+38
1623.1526493909118,1.0678150103400119e+38
1622.6390601674564,1.0686283874890798e+38
1622.1257958554684,1.0684316434476441e+38
1621.6128561467235,1.066607265531664e+38
1621.1002407333856,1.0650457687357234e+38
1620.5879493080088,1.0653416752526677e+38
1620.0759815635352,1.0648178958119238e+38
1619.564337193295,1.0645571083808028e+38
1619.0530158910053,1.064488868153046e+38
1618.5420173507703,1.0643991357694479e+38
1618.0313412670803,1.0638660913007738e+38
1617.5209873348103,1.0636750638901497e+38
1617.0109552492218,1.0648437522565716e+38
1616.5012447059582,1.0651666512582143e+38
1615.9918554010487,1.0668787854332173e+38
1615.482787030904,1.0682961351726447e+38
1614.9740392923184,1.0694134036742736e+38
1614.4656118824669,1.070553151684783e+38
1613.9575044989065,1.0717198520584716e+38
1613.4497168395746,1.0727759947189416e+38
1612.9422486027888,1.0718630401529343e+38
1612.4350994872455,1.0715574624679e+38
1611.928269192021,1.0709560178132993e+38
1611.4217574165687,1.072325987385748e+38
1610.91556386072,1.0723259373342189e+38
1610.409688224684,1.0728044134405633e+38
1609.904130209046,1.074171315954226e+38
1609.398889514766,1.074278967112648e+38
1608.893965843181,1.0741975324729438e+38
1608.3893588960013,1.0739480467815215e+38
1607.8850683753126,1.0747778363240796e+38
1607.3810939835726,1.0753849365239454e+38
1606.877435423613,1.0759154418022336e+38
1606.3740923986377,1.0763552020649083e+38
1605.8710646122222,1.0772906367744778e+38
1605.3683517683132,1.0778245660598381e+38
1604.865953571228,1.0794395225088865e+38
1604.3638697256536,1.0806869713785574e+38
1603.8620999366474,1.0821323370485251e+38
1603.3606439096343,1.0829503619103535e+38
1602.8595013504091,1.0845870230255827e+38
1602.3586719651325,1.0849182217451865e+38
1601.858155460334,1.0846988978960522e+38
1601.3579515429083,1.084151207481196e+38
1600.858059920117,1.083404659999023e+38
1600.358480299587,1.0816234834732316e+38
1599.8592123893097,1.0815623805118605e+38
1599.360255897641,1.0833989043122974e+38
1598.8616105333,1.084738597435481e+38
1598.3632760053704,1.0859470976789968e+38
1597.8652520232968,1.0875650891870657e+38
1597.3675382968868,1.0900062611106008e+38
1596.8701345363088,1.0908773510339605e+38
1596.3730404520927,1.0926333176795596e+38
1595.8762557551286,1.0897074980421069e+38
1595.3797801566661,1.087317097966091e+38
1594.8836133683142,1.0850931369402795e+38
1594.3877551020407,1.0833841481905031e+38
1593.892205070171,1.0816179233966139e+38
1593.3969629853887,1.0796677246086345e+38
1592.9020285607335,1.0789414715680328e+38
1592.407401509602,1.07601890319757e+38
1591.9130815457474,1.0748236605027804e+38
1591.4190683832774,1.0735903499657319e+38
1590.9253617366542,1.071697564254588e+38
1590.4319613206944,1.0699243160298247e+38
1589.9388668505696,1.0679294081983872e+38
1589.4460780418021,1.0661682883850678e+38
1588.9535946102692,1.06430276115539e+38
1588.4614162721987,1.0619252302625428e+38
1587.96954274417,1.0591628308200533e+38
1587.4779737431143,1.0573605830104237e+38
1586.9867089863121,1.0554955024002042e+38
1586.4957481913948,1.0543784305013783e+38
1586.005091076342,1.05334507133944e+38
1585.5147373594834,1.0527516435683728e+38
1585.0246867594963,1.052182872857595e+38
1584.5349389954047,1.0517823808881318e+38
1584.0454937865813,1.0511685978208992e+38
1583.556350852745,1.0514522227061347e+38
1583.06750991396,1.0522454413634666e+38
1582.5789706906373,1.0537818018471643e+38
1582.090732903532,1.0549656751353462e+38
1581.6027962737437,1.0567204929653272e+38
1581.1151605227167,1.0581306530928572e+38
1580.6278253722378,1.0598372015658641e+38
1580.1407905444376,1.0620310205095036e+38
1579.6540557617882,1.0629289049431122e+38
1579.167620747104,1.0642396163883133e+38
1578.6814852235414,1.0644064539873248e+38
1578.1956489145957,1.0652426100754264e+38
1577.7101115441048,1.0663599977788874e+38
1577.2248728362447,1.06645997697367e+38
1576.7399325155307,1.068117445295075e+38
1576.255290306818,1.0694874138536829e+38
1575.7709459352989,1.0700266820598464e+38
1575.2868991265032,1.0718179490645129e+38
1574.803149606299,1.0729880494766304e+38
1574.3196971008902,1.0740358246322357e+38
1573.8365413368167,1.0760627729985653e+38
1573.3536820409543,1.0780738451691778e+38
1572.871118940514,1.0793068460799823e+38
1572.3888517630407,1.080874494029059e+38
1571.9068802364147,1.0819077809097629e+38
1571.4252040888482,1.0826978028840208e+38
1570.9438230488877,1.0835366417972971e+38
1570.4627368454114,1.0862220304227218e+38
1569.9819452076301,1.0886378242646044e+38
1569.5014478650855,1.0916642244046494e+38
1569.0212445476511,1.0947127600551422e+38
1568.54133498553,1.09713489015938e+38
1568.0617189092563,1.1001749017920253e+38
1567.582396049692,1.1030598554511186e+38
1567.1033661380304,1.1052406733396706e+38
1566.624628905791,1.1086781069841673e+38
1566.1461840848224,1.1120490804479588e+38
1565.6680314073005,1.1147905186370229e+38
1565.1901706057283,1.119164255320449e+38
1564.7126014129356,1.121448708237969e+38
1564.2353235620765,1.124555730679398e+38
1563.7583367866328,1.1285868757236704e+38
1563.2816408204103,1.1318279935239186e+38
1562.8052353975386,1.135051608932615e+38
1562.3291202524724,1.1381268399378087e+38
1561.8532951199893,1.1419890065289346e+38
1561.3777597351902,1.1452372349637427e+38
1560.9025138334985,1.1481632625001437e+38
1560.4275571506594,1.1498783712628313e+38
1559.9528894227394,1.1521057952624937e+38
1559.4785103861268,1.1550114208212908e+38
1559.0044197775298,1.15729565544913e+38
1558.5306173339775,1.1595601371802083e+38
1558.0571027928174,1.1628943606346028e+38
1557.5838758917166,1.1661262531792961e+38
1557.1109363686614,1.1695610230968898e+38
1556.6382839619557,1.1735693804924268e+38
1556.165918410221,1.1762996114642724e+38
1555.6938394523959,1.1801513297711915e+38
1555.2220468277358,1.1828576847510842e+38
1554.7505402758127,1.1854741727289535e+38
1554.2793195365139,1.1878667873738214e+38
1553.808384350042,1.1893116719360698e+38
1553.3377344569142,1.191543994944564e+38
1552.8673695979624,1.193259187501779e+38
1552.3972895143324,1.195099730209956e+38
1551.9274939474826,1.197974410259036e+38
1551.457982639185,1.200460771143373e+38
1550.9887553315236,1.2012377696091792e+38
1550.5198117668947,1.2013672449148452e+38
1550.0511516880056,1.2031403601332553e+38
1549.5827748378747,1.2038964377630033e+38
1549.1146809598313,1.2050570102478742e+38
1548.6468697975145,1.2055926446329023e+38
1548.1793410948724,1.2052428859275315e+38
1547.7120945961633,1.205287405326895e+38
1547.2451300459531,1.2052037079941617e+38
1546.7784471891168,1.2050881817867351e+38
1546.3120457708364,1.2058809632361194e+38
1545.8459255366017,1.206094077848698e+38
1545.380086232209,1.2065542398751584e+38
1544.9145276037602,1.20779562557643e+38
1544.4492493976647,1.2092290474240776e+38
1543.9842513606359,1.2102855069069383e+38
1543.5195332396931,1.211301506132521e+38
1543.055094782159,1.2113570341467575e+38
1542.5909357356616,1.2103024091483612e+38
1542.127055848131,1.2091048951710396e+38
1541.6634548678023,1.2068219191919753e+38
1541.2001325432113,1.2070368677260502e+38
1540.7370886231975,1.2058194107040509e+38
1540.2743228569009,1.205619664263278e+38
1539.8118349937638,1.2039588357095351e+38
1539.3496247835292,1.2038557567811601e+38
1538.8876919762397,1.20149471407273e+38
1538.4260363222388,1.2005227308828327e+38
1537.964657572169,1.1994372556039627e+38
1537.5035554769722,1.1988487512457537e+38
1537.0427297878882,1.197620196498724e+38
1536.5821802564558,1.1976020520333079e+38
1536.1219066345107,1.1970234560639301e+38
1535.6619086741864,1.1968704643759613e+38
1535.2021861279131,1.1969556362487406e+38
1534.7427387484174,1.1969616334921649e+38
1534.2835662887214,1.19712567334139e+38
1533.8246685021436,1.1967049344939213e+38
1533.3660451422963,1.1960352777548754e+38
1532.9076959630877,1.1961877567518723e+38
1532.449620718719,1.1952750179708867e+38
1531.991819163686,1.1950311726220077e+38
1531.5342910527768,1.1961104040607298e+38
1531.0770361410737,1.194976629367483e+38
1530.62005418395,1.1936870529925544e+38
1530.1633449370722,1.1923320862856308e+38
1529.7069081563973,1.1908193633676272e+38
1529.2507435981743,1.191111073867923e+38
1528.794851018942,1.1899976271799596e+38
1528.33923017553,1.189023613980097e+38
1527.8838808250573,1.1881948254238403e+38
1527.428802724933,1.1873991354187552e+38
1526.9739956328547,1.188074596122596e+38
1526.5194593068074,1.1877228217890383e+38
1526.0651935050666,1.186311766271478e+38
1525.6111979861935,1.1857714198899989e+38
1525.1574725090368,1.1855730161012388e+38
1524.7040168327323,1.1844233845328036e+38
1524.250830716703,1.1845237727091482e+38
1523.797913920656,1.1836991364093966e+38
1523.3452662045854,1.1833606629300562e+38
1522.8928873287698,1.1833290856376434e+38
1522.4407770537728,1.1814013296902513e+38
1521.9889351404415,1.1770664448555712e+38
1521.5373613499082,1.1735507527612944e+38
1521.086055443587,1.1702742848552577e+38
1520.6350171831757,1.165541640133397e+38
1520.1842463306555,1.1618760403477148e+38
1519.7337426482882,1.1584752165248537e+38
1519.2835058986184,1.154554396497459e+38
1518.8335358444717,1.1505641129265143e+38
1518.3838322489541,1.1456078257750019e+38
1517.9343948754536,1.140931501446093e+38
1517.4852234876364,1.1364770142838862e+38
1517.0363178494492,1.1306935176628334e+38
1516.5876777251185,1.1273004323107447e+38
1516.1393028791488,1.123018927214074e+38
1515.6911930763226,1.1197297195177684e+38
1515.243348081702,1.1158972769362398e+38
1514.7957676606252,1.1134937720207921e+38
1514.3484515787084,1.1097542188636642e+38
1513.901399601844,1.1058836096846502e+38
1513.4546114962013,1.1030047539861154e+38
1513.0080870282252,1.099991035396941e+38
1512.5618259646365,1.0965240784886507e+38
1512.1158280724305,1.0937105342519293e+38
1511.6700931188777,1.0897723072854154e+38
1511.2246208715233,1.0865752178350471e+38
1510.7794110981856,1.083191805949895e+38
1510.3344635669569,1.0794820734385755e+38
1509.8897780462028,1.0759461356516553e+38
1509.4453543045609,1.0737873618154734e+38
1509.0011921109417,1.0713991711065417e+38
1508.557291234528,1.0703331326011663e+38
1508.113651444773,1.0694155316188885e+38
1507.670272511402,1.0680944309914823e+38
1507.2271542044102,1.0675218703207923e+38
1506.784296294064,1.066725377731773e+38
1506.3416985508995,1.0664257831591953e+38
1505.8993607457214,1.0664242695505024e+38
1505.457282649605,1.0671067718939115e+38
1505.015464033893,1.0663746835946701e+38
1504.5739046701976,1.0661873706595287e+38
1504.132604330398,1.0661576706193531e+38
1503.6915627866413,1.0647613816277128e+38
1503.250779811342,1.0641944310998556e+38
1502.8102551771813,1.064443674610218e+38
1502.3699886571067,1.061365562593431e+38
1501.9299800243314,1.0547604859936477e+38
1501.4902290523346,1.0484223886030045e+38
1501.0507355148607,1.0431628280265472e+38
1500.6114991859185,1.036758580573901e+38
1500.1725198397817,1.0308267494980478e+38
1499.7337972509881,1.0243238343063763e+38
1499.2953311943388,1.0184179931899586e+38
1498.8571214448982,1.0141653937247285e+38
1498.4191677779943,1.0083021495499047e+38
1497.9814699692165,1.0033589097389413e+38
1497.5440277944174,9.983235496854531e+37
1497.1068410297103,9.92731955144662e+37
1496.6699094514704,9.884359814359386e+37
1496.2332328363345,9.83518763083079e+37
1495.7968109611993,9.781431512514474e+37
1495.3606436032212,9.721291104480552e+37
1494.9247305398176,9.655184896148435e+37
1494.4890715486642,9.585475901926867e+37
1494.0536664076974,9.50630187620831e+37
1493.6185148951108,9.438799554060809e+37
1493.1836167893566,9.368980685855025e+37
1492.7489718691456,9.28808723909891e+37
1492.3145799134459,9.216559095901152e+37
1491.8804407014823,9.143467143566884e+37
1491.446554012737,9.068634221182634e+37
1491.0129196269488,8.994631856900599e+37
1490.5795373241117,8.922786736572563e+37
1490.1464068844766,8.84576042220908e+37
1489.7135280885486,8.759102112842135e+37
1489.2809007170888,8.680514518663528e+37
1488.8485245511122,8.60568805598797e+37
1488.4163993718885,8.534478114897648e+37
1487.9845249609405,8.471901582994451e+37
1487.5529011000453,8.401467526999139e+37
1487.1215275712332,8.324155367765431e+37
1486.6904041567864,8.257926409318299e+37
1486.2595306392402,8.1982138117263685e+37
1485.828906801382,8.127101455578801e+37
1485.39853242625,8.074126290670725e+37
1484.968407297135,8.004451163097782e+37
1484.5385311975774,7.955623956063292e+37
1484.108903911369,7.903848614491617e+37
1483.6795252225518,7.847738402796781e+37
1483.2503949154177,7.793801526351158e+37
1482.8215127745075,7.743589628976484e+37
1482.3928785846113,7.68906183418543e+37
1481.9644921307686,7.650408951845604e+37
1481.5363531982666,7.595331758318759e+37
1481.108461572641,7.570487337420527e+37
1480.680817039675,7.529416683689819e+37
1480.253419385399,7.505591648906102e+37
1479.8262683960904,7.468804121817749e+37
1479.3993638582735,7.443968672704338e+37
1478.972705558719,7.411048050648167e+37
1478.5462932844428,7.394101081342666e+37
1478.120126822707,7.374861169893325e+37
1477.6942059610187,7.343782710499478e+37
1477.2685304871295,7.320876067224915e+37
1476.843100189036,7.286664955241233e+37
1476.417914854979,7.267085737387061e+37
1475.9929742734425,7.23794060792926e+37
1475.5682782331546,7.215472497539527e+37
1475.143826523086,7.208476758486773e+37
1474.7196189324504,7.200506154908984e+37
1474.295655250704,7.188023746452197e+37
1473.8719352675446,7.164480585348471e+37
1473.4484587729123,7.153442577317412e+37
1473.0252255569876,7.143551827438209e+37
1472.6022354101933,7.129779601501217e+37
1472.1794881231922,7.123848191491312e+37
1471.7569834868866,7.105047352771627e+37
1471.3347212924205,7.083044142818186e+37
1470.912701331176,7.067624770374866e+37
1470.4909233947753,7.044326322154129e+37
1470.0693872750794,7.026722751382134e+37
1469.6480927641876,7.003201070359225e+37
1469.227039654438,6.985901287574549e+37
1468.8062277384058,6.967564411135517e+37
1468.3856568089045,6.955385839279894e+37
1467.9653266589842,6.945079062756029e+37
1467.5452370819332,6.9310877075119285e+37
1467.1253878712746,6.921956754353384e+37
1466.7057788207687,6.910090189083381e+37
1466.2864097244114,6.902907516491881e+37
1465.8672803764348,6.902990841523591e+37
1465.448390571305,6.9035976546585775e+37
1465.0297401037244,6.904167474042058e+37
1464.611328768628,6.904895704614665e+37
1464.1931563611874,6.889016533095756e+37
1463.7752226768057,6.895027178533884e+37
1463.3575275111216,6.889928169976383e+37
1462.9400706600054,6.886285952739425e+37
1462.5228519195612,6.87393675114435e+37
1462.1058710861255,6.845108011811988e+37
1461.6891279562665,6.829033827833791e+37
1461.2726223267846,6.808423213387775e+37
1460.8563539947118,6.793716050854061e+37
1460.4403227573114,6.77401311421109e+37
1460.0245284120774,6.751511458449538e+37
1459.6089707567344,6.7325021021415e+37
1459.193649589237,6.706953929318229e+37
1458.7785647077703,6.693594584215076e+37
1458.3637159107482,6.675111960950202e+37
1457.9491029968146,6.65499744593751e+37
1457.5347257648416,6.619450923599971e+37
1457.12058401393,6.589184554881997e+37
1456.7066775434098,6.54379982206284e+37
1456.293006152838,6.496956305444545e+37
1455.8795696419993,6.454616630800116e+37
1455.466367810906,6.439155110918583e+37
1455.0534004597969,6.405650206349145e+37
1454.6406673891383,6.374139100529861e+37
1454.2281683996218,6.349398890127928e+37
1453.8159032921662,6.327748702909269e+37
1453.4038718679146,6.301860095175677e+37
1452.9920739282368,6.280800928513088e+37
1452.5805092747266,6.248765910894746e+37
1452.1691777092033,6.229208098452876e+37
1451.7580790337097,6.210859113075062e+37
1451.3472130505143,6.1976596515048195e+37
1450.9365795621075,6.187584006352872e+37
1450.5261783712042,6.174329080627209e+37
1450.1160092807427,6.171246541701853e+37
1449.706072093883,6.155634088880653e+37
1449.296366614009,6.145380857919555e+37
1448.8868926447258,6.14187425029033e+37
1448.4776499898608,6.139594879687498e+37
1448.0686384534629,6.148334473233171e+37
1447.659857839802,6.144350391114512e+37
1447.2513079533696,6.141930564062763e+37
1446.8429885988774,6.140831863253951e+37
1446.4348995812572,6.13711046372923e+37
1446.0270407056612,6.133874589909176e+37
1445.6194117774614,6.139428671430809e+37
1445.212012602249,6.139274067758552e+37
1444.8048429858336,6.147179452226505e+37
1444.3979027342452,6.139616600502413e+37
1443.991191653731,6.143991804655865e+37
1443.5847095507565,6.153500941389032e+37
1443.1784562320054,6.154807057804607e+37
1442.7724315043788,6.155152053610581e+37
1442.366635174995,6.1591969233550965e+37
1441.9610670511897,6.159657794005275e+37
1441.5557269405142,6.165876001017289e+37
1441.150614650737,6.139461981862831e+37
1440.7457299898429,6.114117203010768e+37
1440.341072766031,6.100175409740004e+37
1439.9366427877173,6.082168025963198e+37
1439.5324398635323,6.072372094869526e+37
1439.1284638023212,6.066575787575307e+37
1438.7247144131443,6.055433351458508e+37
1438.3211915052752,6.048011458749859e+37
1437.917894888202,6.043523973062807e+37
1437.5148243716264,6.044001346240049e+37
1437.1119797654633,6.03141797114758e+37
1436.709360879841,6.029074452683676e+37
1436.3069675250995,6.006049027113946e+37
1435.9047995117924,5.98620080668435e+37
1435.5028566506846,5.968262992718935e+37
1435.1011387527535,5.9467840465954e+37
1434.6996456291874,5.931892516310491e+37
1434.2983770913863,5.907296624530588e+37
1433.8973329509608,5.904318363739016e+37
1433.4965130197322,5.89220404181038e+37
1433.0959171097322,5.882199625273145e+37
1432.6955450332027,5.881029037699891e+37
1432.2953966025955,5.869598952610868e+37
1431.895471630571,5.867629049999843e+37
1431.49576993,5.858896637593874e+37
1431.096291313961,5.857651773772752e+37
1430.6970355957424,5.8531963940749405e+37
1430.2980025888394,5.851708761201866e+37
1429.8991921069564,5.859259671169901e+37
1429.5006039640052,5.8520930984893615e+37
1429.1022379741046,5.85742402719798e+37
1428.7040939515814,5.856301813704752e+37
1428.3061717109679,5.856587871485158e+37
1427.9084710670047,5.8505594663854585e+37
1427.5109918346373,5.850832141992688e+37
1427.1137338290175,5.847260486424244e+37
1426.7166968655033,5.841812372281016e+37
1426.319880759658,5.845184563856167e+37
1425.9232853272495,5.842624718094001e+37
1425.5269103842509,5.838719576260039e+37
1425.13075574684,5.839459292806577e+37
1424.7348212313984,5.84168147800962e+37
1424.3391066545125,5.843858679940258e+37
1423.9436118329716,5.839895591276651e+37
1423.5483365837688,5.841946428384972e+37
1423.1532807241006,5.834499186522822e+37
1422.7584440713656,5.831436530669179e+37
1422.3638264431659,5.813854574297553e+37
1421.9694276573055,5.816129893194243e+37
1421.5752475317902,5.811676843213983e+37
1421.1812858848275,5.818473824839722e+37
1420.787542534827,5.817877339087156e+37
1420.3940173003994,5.820960498835315e+37
1420.0007100003552,5.823810736983778e+37
1419.6076204537069,5.825273863286857e+37
1419.2147484796662,5.831425926140501e+37
1418.8220938976463,5.824075728894948e+37
1418.4296565272589,5.794428869084917e+37
1418.0374361883153,5.7620307282348355e+37
1417.6454327008273,5.734604534890844e+37
1417.253645885004,5.70928850452934e+37
1416.8620755612546,5.681430768757315e+37
1416.4707215501855,5.658097140435437e+37
1416.0795836726024,5.633053764488694e+37
1415.6886617495081,5.605897798327837e+37
1415.2979556021032,5.581981149300207e+37
1414.9074650517855,5.565792645330157e+37
1414.5171899201505,5.543812130877737e+37
1414.1271300289895,5.530242870053697e+37
1413.7372852002914,5.52238427022546e+37
1413.34765525624,5.5074447159704825e+37
1412.9582400192162,5.494108786792592e+37
1412.5690393117964,5.485307034055015e+37
1412.180052956752,5.472915188516888e+37
1411.79128077705,5.468154390245704e+37
1411.4027225958519,5.471565883532762e+37
1411.0143782365144,5.476481271100517e+37
1410.6262475225878,5.476722190904018e+37
1410.238330277817,5.479230839208265e+37
1409.8506263261409,5.479604407226567e+37
1409.4631354916912,5.484159989117196e+37
1409.0758575987938,5.484739165679361e+37
1408.6887924719672,5.490800926470554e+37
1408.3019399359223,5.48835379970529e+37
1407.915299815563,5.494050152674938e+37
1407.5288719359858,5.489902354481907e+37
1407.1426561224778,5.4930982498823825e+37
1406.7566522005193,5.499356718367235e+37
1406.3708599957808,5.493477035814353e+37
1405.9852793341256,5.497904213147718e+37
1405.5999100416057,5.494951028060676e+37
1405.214751944466,5.485112193790355e+37
1404.8298048691402,5.472770917805393e+37
1404.4450686422526,5.46112032668157e+37
1404.060543090618,5.446111080556389e+37
1403.6762280412402,5.437081493115274e+37
1403.292123321312,5.419413425233803e+37
1402.908228758216,5.405470039485411e+37
1402.5245441795232,5.397616641051117e+37
1402.1410694129938,5.404372434717313e+37
1401.7578042865753,5.404476383566073e+37
1401.3747486284044,5.402610443092512e+37
1400.9919022668048,5.402688406453606e+37
1400.6092650302883,5.405210019798315e+37
1400.226836747553,5.405948268970688e+37
1399.8446172474858,5.406331849341924e+37
1399.4626063591584,5.413103417565973e+37
1399.08080391183,5.364882179752223e+37
1398.6992097349464,5.309038259854454e+37
1398.3178236581393,5.25563942825594e+37
1397.9366455112256,5.202553677840497e+37
1397.5556751242077,5.164545393275794e+37
1397.1749123272743,5.1201127856938e+37
1396.794356950798,5.081730761767707e+37
1396.4140088253366,5.043311909867823e+37
1396.0338677816324,5.003138343884998e+37
1395.653933650612,4.961979018770361e+37
1395.274206263386,4.922870362460564e+37
1394.8946854512485,4.886647724871642e+37
1394.5153710456773,4.858280212304845e+37
1394.1362628783338,4.829707344014264e+37
1393.7573607810616,4.803836559282978e+37
1393.378664585888,4.779641343247629e+37
1393.0001741250219,4.753810734663325e+37
1392.621889230855,4.734217676612374e+37
1392.2438097359611,4.7114181806197335e+37
1391.8659354730953,4.684904948487353e+37
1391.4882662751947,4.664111481287801e+37
1391.1108019753774,4.65090887606932e+37
1390.7335424069427,4.636339524973881e+37
1390.3564874033702,4.622478485160672e+37
1389.979636798321,4.608504356345017e+37
1389.6029904256354,4.600660616330586e+37
1389.2265481193347,4.58433047874883e+37
1388.8503097136193,4.577349481486406e+37
1388.4742750428693,4.564336781361572e+37
1388.0984439416445,4.549950951106613e+37
1387.7228162446831,4.54774204639405e+37
1387.3473917869035,4.54650343485e+37
1386.972170403401,4.545242227358427e+37
1386.5971519294499,4.545534631378689e+37
1386.2223362005034,4.544757022810485e+37
1385.847723052191,4.545560312636971e+37
1385.4733123203214,4.544095827249913e+37
1385.09910384088,4.543859874162666e+37
1384.7250974500287,4.543893580581634e+37
1384.3512929841077,4.539836506216254e+37
1383.977690279633,4.540560312587737e+37
1383.6042891732966,4.542072890187252e+37
1383.2310895019677,4.535795202808243e+37
1382.8580911026909,4.523163980739265e+37
1382.4852938126871,4.509165646152203e+37
1382.1126974693516,4.502023373614843e+37
1381.740301910256,4.489112303385247e+37
1381.3681069731463,4.477497543208549e+37
1380.9961124959434,4.476081932707662e+37
1380.624318316743,4.463291198992069e+37
1380.2527242738147,4.453875563825559e+37
1379.8813302056024,4.451422637656486e+37
1379.510135950724,4.451407631237616e+37
1379.1391413479707,4.455131838248548e+37
1378.7683462363073,4.4546182068547795e+37
1378.3977504548714,4.459679222010133e+37
1378.027353842974,4.458538173197137e+37
1377.6571562400982,4.461878271173457e+37
1377.2871574859,4.462339940589382e+37
1376.9173574202077,4.46531612573564e+37
1376.547755883021,4.463759176198552e+37
1376.178352714512,4.468624298909352e+37
1375.8091477550233,4.466855274281397e+37
1375.4401408450706,4.468846794669676e+37
1375.0713318253386,4.463718637435311e+37
1374.7027205366842,4.459142528376295e+37
1374.334306820134,4.447550416763518e+37
1373.966090516886,4.441423839981746e+37
1373.5980714683078,4.424787777460032e+37
1373.2302495159363,4.4059270191727955e+37
1372.8626245014793,4.38381584490531e+37
1372.495196266813,4.367562609381098e+37
1372.1279646539836,4.347824127182851e+37
1371.760929505206,4.329565868134595e+37
1371.3940906628634,4.305821792302415e+37
1371.0274479695083,4.285578938936188e+37
1370.6610012678616,4.268875434360398e+37
1370.2947504008114,4.2510743157757786e+37
1369.9286952114144,4.2380323116982803e+37
1369.5628355428948,4.225241724791785e+37
1369.1971712386442,4.207545556930525e+37
1368.8317021422215,4.1957481925934777e+37
1368.466428097353,4.188744560309922e+37
1368.10134894793,4.1751380794393224e+37
1367.7364645380128,4.1595663723563495e+37
1367.3717747118264,4.1361310630499227e+37
1367.0072793137624,4.1105474968798733e+37
1366.6429781883783,4.0965455524607515e+37
1366.2788711803967,4.074271190178754e+37
1365.9149581347065,4.0559869999398603e+37
1365.5512388963616,4.03937672458069e+37
1365.1877133105804,4.0292981393182064e+37
1364.8243812227463,4.013914270947537e+37
1364.4612424784073,4.00041892710113e+37
1364.0982969232762,3.985736358603071e+37
1363.7355444032294,3.97710611002727e+37
1363.372984764307,3.972992636757256e+37
1363.010617852713,3.9668543081828773e+37
1362.6484435148154,3.958020986115155e+37
1362.2864615971448,3.950550990334675e+37
1361.9246719463947,3.935884540542009e+37
1361.5630744094221,3.9306261920565303e+37
1361.201668833246,3.9267011764536566e+37
1360.8404550650482,3.916604147672393e+37
1360.4794329521724,3.9134612685924127e+37
1360.1186023421242,3.9122756454090915e+37
1359.7579630825712,3.9086501111133375e+37
1359.3975150213428,3.906224918186474e+37
1359.0372580064284,3.9065030930518486e+37
1358.67719188598,3.903572647173601e+37
1358.3173165083094,3.904305004525001e+37
1357.9576317218903,3.9048483447745224e+37
1357.5981373753555,3.9041471836773013e+37
1357.2388333174988,3.893802202248027e+37
1356.8797193972741,3.8902927388379267e+37
1356.5207954637945,3.885626150368824e+37
1356.1620613663335,3.8861717812888716e+37
1355.803516954323,3.8887294153810487e+37
1355.4451620773552,3.890760384897835e+37
1355.0869965851807,3.891500898088782e+37
1354.7290203277091,3.894293285264616e+37
1354.371233155008,3.8963863471844663e+37
1354.0136349173038,3.8927066796639467e+37
1353.656225464981,3.903081440568845e+37
1353.299004648582,3.9011847905918316e+37
1352.941972318807,3.901930152835876e+37
1352.585128326514,3.905992128400112e+37
1352.2284725227173,3.9075249695028426e+37
1351.8720047585894,3.906750350065319e+37
1351.5157248854591,3.90677174049356e+37
1351.1596327548118,3.907011122817135e+37
1350.80372821829,3.9128401668088883e+37
1350.4480111276916,3.9099256698250003e+37
1350.0924813349714,3.908677517430617e+37
1349.7371386922398,3.9043515505018476e+37
1349.3819830517623,3.9081018598087004e+37
1349.0270142659608,3.905906899887386e+37
1348.6722321874115,3.910190853036604e+37
1348.3176366688465,3.907644970491078e+37
1347.963227563152,3.918046298200597e+37
1347.6090047233697,3.9154954001030434e+37
1347.2549680026946,3.9217891611398706e+37
1346.9011172544767,3.924538072402161e+37
1346.54745233222,3.932576624394702e+37
1346.1939730895824,3.9280377389741425e+37
1345.840679380375,3.932936540540749e+37
1345.4875710585625,3.9344209716126764e+37
1345.1346479782626,3.9299940684893628e+37
1344.7819099937467,3.9410770097293247e+37
1344.4293569594386,3.9440400800769825e+37
1344.0769887299145,3.939309544600207e+37
1343.724805159903,3.934196424449811e+37
1343.3728061042862,3.9223466078179364e+37
1343.020991418096,3.9087969126358123e+37
1342.6693609565177,3.898157819014313e+37
1342.317914574888,3.8945260561763672e+37
1341.9666521286947,3.883501868423624e+37
1341.615573473577,3.8783613683222367e+37
1341.264678465325,3.870705121942912e+37
1340.9139669598799,3.863835271467645e+37
1340.5634388133333,3.8611648783703787e+37
1340.2130938819273,3.859246448216319e+37
1339.8629320220543,3.856838375689006e+37
1339.5129530902564,3.8466945619984464e+37
1339.163156943226,3.8465943806577273e+37
1338.8135434378055,3.834902037383804e+37
1338.4641124309853,3.8260302371070093e+37
1338.114863779907,3.815895157917031e+37
1337.7657973418593,3.8084596138354574e+37
1337.4169129742816,3.80914618247409e+37
1337.0682105347605,3.8133087091664224e+37
1336.7196898810319,3.8139202537716115e+37
1336.37135087098,3.818385684389577e+37
1336.023193362637,3.8228745296687243e+37
1335.6752172141823,3.826021320982312e+37
1335.327422283944,3.827720501803717e+37
1334.9798084303975,3.830399160280643e+37
1334.6323755121653,3.8335270806627624e+37
1334.285123388017,3.834726743724982e+37
1333.9380519168692,3.838468834419497e+37
1333.5911609577852,3.8442853528221916e+37
1333.2444503699753,3.8397572820677343e+37
1332.8979200127958,3.8339408097545405e+37
1332.5515697457492,3.8301431888024116e+37
1332.2053994284838,3.826755222564631e+37
1331.8594089207943,3.8265549198945776e+37
1331.5135980826205,3.833971593845753e+37
1331.1679667740477,3.825605229615238e+37
1330.8225148553063,3.8298903083413415e+37
1330.4772421867724,3.8287089236120687e+37
1330.1321486289664,3.827359407128891e+37
1329.7872340425533,3.8338136097043983e+37
1329.442498288343,3.8466642587793686e+37
1329.097941227289,3.851367017931133e+37
1328.75356272049,3.854880471312667e+37
1328.4093626291879,3.860413592901564e+37
1328.0653408147682,3.866051624841564e+37
1327.72149713876,3.872953249279333e+37
1327.3778314628369,3.8789227005712365e+37
1327.0343436488138,3.878250270770341e+37
1326.6910335586497,3.8865325931795244e+37
1326.3479010544468,3.8876103540967057e+37
1326.0049459984486,3.8907251669454238e+37
1325.6621682530424,3.895483924823619e+37
1325.319567680757,3.8989017214139383e+37
1324.9771441442635,3.902230776097681e+37
1324.634897506375,3.9007037242448314e+37
1324.2928276300456,3.900308751458304e+37
1323.9509343783718,3.899254615920443e+37
1323.6092176145914,3.8901318986710567e+37
1323.267677202083,3.882123016010861e+37
1322.9263130043657,3.859193695215654e+37
1322.5851248851004,3.8404795028086264e+37
1322.244112708088,3.818473970001308e+37
1321.9032763372704,3.8014458498737767e+37
1321.562615636729,3.7898804037292907e+37
1321.2221304706854,3.7857794796248767e+37
1320.8818207035017,3.7770153733719193e+37
1320.5416861996794,3.773491289523772e+37
1320.2017268238587,3.767517113207543e+37
1319.8619424408207,3.765866142177575e+37
1319.5223329154846,3.758450005345402e+37
1319.1828981129088,3.749768766488399e+37
1318.843637898291,3.748367164336151e+37
1318.5045521369664,3.7271006469615367e+37
1318.1656406944098,3.70008169533926e+37
1317.8269034362338,3.6750493667153064e+37
1317.4883402281891,3.6564305150796332e+37
1317.1499509361643,3.633940728057478e+37
1316.8117354261863,3.6144370436257713e+37
1316.4736935644185,3.5968654920527504e+37
1316.1358252171626,3.576397488056615e+37
1315.798130250857,3.555772699503204e+37
1315.4606085320775,3.5378001666604945e+37
1315.1232599275368,3.5230757100920475e+37
1314.7860843040837,3.511387496683825e+37
1314.4490815287043,3.494591462472662e+37
1314.1122514685205,3.485577242253349e+37
1313.7755939907904,3.473871986390403e+37
1313.4391089629087,3.4641682956946344e+37
1313.1027962524047,3.4547046404550554e+37
1312.7666557269445,3.4447452301396108e+37
1312.4306872543293,3.429646254795261e+37
1312.0948907024958,3.4173065520668567e+37
1311.7592659395148,3.416847670352726e+37
1311.4238128335935,3.4053821942293167e+37
1311.088531253073,3.4045205933181677e+37
1310.753421066429,3.400527843195575e+37
1310.4184821422723,3.399586641204158e+37
1310.083714349347,3.393875654688387e+37
1309.749117556532,3.386515877290922e+37
1309.4146916328402,3.384376612867512e+37
1309.0804364474175,3.3762488501527726e+37
1308.7463518695442,3.382860200713344e+37
1308.4124377686335,3.390147280097924e+37
1308.078694014232,3.391959135134366e+37
1307.7451204760193,3.3969757578308353e+37
1307.411717023808,3.3982582210078052e+37
1307.0784835275435,3.4014610802700123e+37
1306.7454198573034,3.4058912550863653e+37
1306.4125258832983,3.406738685037149e+37
1306.0798014758702,3.4186317326586655e+37
1305.7472465054939,3.4258840851658288e+37
1305.4148608427759,3.427813397762587e+37
1305.082644358454,3.4359003897468264e+37
1304.750596923398,3.4411191191377455e+37
1304.4187184086093,3.442365913990236e+37
1304.0870086852194,3.4478963195190805e+37
1303.7554676244924,3.454668677896874e+37
1303.424095097822,3.458109329988058e+37
1303.0928909767333,3.467113352436604e+37
1302.761855132882,3.4708365146466543e+37
1302.430987438053,3.468799999288118e+37
1302.1002877641636,3.4743266192592813e+37
1301.7697559832593,3.4750748436346815e+37
1301.4393919675163,3.468397091917086e+37
1301.1091955892398,3.467401292748497e+37
1300.7791667208658,3.4722869567806257e+37
1300.4493052349585,3.4740564382904197e+37
1300.1196110042124,3.4764131769346074e+37
1299.7900839014499,3.4839720141184123e+37
1299.460723799623,3.4888801675799506e+37
1299.1315305718126,3.489924849553451e+37
1298.802504091228,3.4957948311493246e+37
1298.4736442312062,3.4970190747422656e+37
1298.1449508652138,3.512954684667127e+37
1297.816423866844,3.516815679819032e+37
1297.4880631098194,3.521325469758265e+37
1297.1598684679893,3.536526924584317e+37
1296.831839815331,3.542036060325372e+37
1296.5039770259498,3.553224259676763e+37
1296.1762799740766,3.564041948696981e+37
1295.848748534071,3.5689772961502333e+37
1295.5213825804196,3.5848891476977666e+37
1295.1941819877345,3.593694796043131e+37
1294.8671466307558,3.609670016129609e+37
1294.540276384349,3.6157360609678064e+37
1294.2135711235069,3.630915444836419e+37
1293.8870307233476,3.6394437214083473e+37
1293.5606550591158,3.6466227770031418e+37
1293.2344440061818,3.656833761983575e+37
1292.9083974400414,3.6598339413566247e+37
1292.5825152363166,3.662118841154129e+37
1292.2567972707536,3.66119904621178e+37
1291.9312434192252,3.670932581991564e+37
1291.6058535577283,3.6696004847357586e+37
1291.280627562385,3.6678860542249587e+37
1290.9555653094421,3.659001951571322e+37
1290.630666675271,3.6537615950961473e+37
1290.3059315363673,3.6448947263733915e+37
1289.9813597693512,3.6432641310879562e+37
1289.6569512509673,3.6311380464728388e+37
1289.332705858083,3.6233679495068174e+37
1289.008623467691,3.6187768162776627e+37
1288.6847039569066,3.6112408060084145e+37
1288.3609472029684,3.607779056614187e+37
1288.0373530832394,3.6030957477596313e+37
1287.713921475205,3.6003265901232847e+37
1287.3906522564741,3.596481313471144e+37
1287.0675453047775,3.5946739613309696e+37
1286.7446004979702,3.589526540731351e+37
1286.4218177140285,3.583889863403311e+37
1286.0991968310516,3.5802438511775665e+37
1285.7767377272612,3.574484978197482e+37
1285.4544402810004,3.5753011070407254e+37
1285.132304370735,3.573244175176895e+37
1284.8103298750523,3.5833134597257277e+37
1284.4885166726608,3.5864216511112187e+37
1284.1668646423918,3.594938933882203e+37
1283.8453736631961,3.608941165526565e+37
1283.524043614147,3.6160482586359367e+37
1283.2028743744386,3.618562328492317e+37
1282.8818658233856,3.625585503713354e+37
1282.5610178404236,3.6462027363279405e+37
1282.2403303051092,3.6450625793167634e+37
1281.9198030971181,3.6560742355397553e+37
1281.5994360962482,3.6565711787266054e+37
1281.2792291824157,3.6541607342360737e+37
1280.959182235658,3.6685465038274944e+37
1280.639295136132,3.663972132444537e+37
1280.3195677641138,3.6685078254897436e+37
1280.0,3.67930865982766e+37
1279.6805917243055,3.6877640562317215e+37
1279.3613428176654,3.703217357539482e+37
1279.042253160833,3.708100789299735e+37
1278.7233226346816,3.720795182598383e+37
1278.404551120202,3.7389738918846424e+37
1278.0859384985044,3.754633252056634e+37
1277.7674846508182,3.7544950566428083e+37
1277.4491894584892,3.7704120206024446e+37
1277.1310528029833,3.7902526289813776e+37
1276.8130745658837,3.7843271644742134e+37
1276.495254628891,3.7737496264449465e+37
1276.1775928738243,3.7638339728824496e+37
1275.8600891826204,3.758039556305017e+37
1275.5427434373328,3.747181668378387e+37
1275.2255555201327,3.7437822789877637e+37
1274.908525313309,3.7383509522905645e+37
1274.5916526992667,3.7459557085083457e+37
1274.274937560528,3.744624027328711e+37
1273.9583797797327,3.740968583803201e+37
1273.6419792396357,3.7398020985884053e+37
1273.3257358231097,3.741558421908676e+37
1273.0096494131426,3.740216285863224e+37
1272.6937198928392,3.7433828776365546e+37
1272.37794714542,3.7413808882060527e+37
1272.0623310542219,3.7413643060895337e+37
1271.746871502696,3.7507227437633634e+37
1271.4315683744112,3.750589615387514e+37
1271.11642155305,3.7579209840444285e+37
1270.8014309224113,3.770364444391215e+37
1270.4865963664083,3.7811814971253913e+37
1270.17191776907,3.786492042134832e+37
1269.8573950145399,3.794998547583351e+37
1269.543027987076,3.7979656389254257e+37
1269.2288165710515,3.8093425517029095e+37
1268.9147606509532,3.820540321061897e+37
1268.600860111383,3.8330356212747447e+37
1268.2871148370566,3.859116671722169e+37
1267.973524712804,3.868205630132589e+37
1267.6600896235684,3.8867870279769015e+37
1267.346809454407,3.896370029787877e+37
1267.0336840904915,3.9160248412047825e+37
1266.720713417106,3.9346009460621097e+37
1266.4078973196476,3.9513934614189506e+37
1266.0952356836283,3.9704278146213017e+37
1265.782728394671,3.9724882627168557e+37
1265.4703753385133,3.9754070915400223e+37
1265.1581764010045,3.984346562793173e+37
1264.846131468107,3.98674576081827e+37
1264.5342404258952,3.9992474423766518e+37
1264.2225031605562,4.0060315262650434e+37
1263.9109195583897,4.0141815677443336e+37
1263.5994895058063,4.022464776348924e+37
1263.2882128893298,4.0401051532818714e+37
1262.9770895955949,4.0483418627048174e+37
1262.6661195113484,4.0577235050940033e+37
1262.3553025234485,4.0690694115482985e+37
1262.0446385188645,4.0856163190141693e+37
1261.7341273846775,4.1032092580782212e+37
1261.4237690080795,4.118400642855497e+37
1261.113563276373,4.132834601102163e+37
1260.803510076972,4.145529523746581e+37
1260.4936092974008,4.167871636769647e+37
1260.1838608252945,4.186395035659757e+37
1259.8742645483983,4.2037748909435914e+37
1259.5648203545675,4.22016283939618e+37
1259.2555281317686,4.229162793432037e+37
1258.9463877680769,4.240305654219117e+37
1258.6373991516782,4.254910952135069e+37
1258.3285621708683,4.276823904743937e+37
1258.019876714052,4.296399316386588e+37
1257.711342669744,4.313737703806166e+37
1257.4029599265675,4.331985105841635e+37
1257.0947283732567,4.351116004462512e+37
1256.7866478986525,4.369892407431918e+37
1256.4787183917074,4.3835134358408e+37
1256.17093974148,4.404812170618497e+37
1255.8633118371397,4.424030037692226e+37
1255.5558345679633,4.368623189876749e+37
1255.2485078233362,4.311600662190062e+37
1254.9413314927526,4.257763305208312e+37
1254.6343054658144,4.1976768460787693e+37
1254.3274296322313,4.140229818109111e+37
1254.0207038818212,4.0809420112266465e+37
1253.7141281045094,4.0332509422102856e+37
1253.4077021903302,3.975869992316357e+37
1253.1014260294228,3.9275798115096167e+37
1252.7952995120363,3.877653964651083e+37
1252.4893225285255,3.829418644361035e+37
1252.1834949693528,3.775870492293117e+37
1251.8778167250878,3.7300065497601373e+37
1251.572287686406,3.677419353483748e+37
1251.2669077440908,3.621561529321869e+37
1250.9616767890316,3.577267429583102e+37
1250.656594712224,3.53738287510581e+37
1250.35166140477,3.493197826862229e+37
1250.0468767578784,3.4546606671080956e+37
1249.7422406628632,3.4109329528910957e+37
1249.437753011145,3.373355470595045e+37
1249.1334136942498,3.3350472840110314e+37
1248.829222603809,3.2925292832905267e+37
1248.5251796315601,3.252681164877294e+37
1248.221284669346,3.2106894184217387e+37
1247.9175376091148,3.1689777187716575e+37
1247.6139383429193,3.128438904941864e+37
1247.3104867629174,3.088076715946012e+37
1247.0071827613729,3.0500197600215593e+37
1246.7040262306527,3.0108330200885635e+37
1246.40101706323,2.9710096829695977e+37
1246.0981551516813,2.929460737564664e+37
1245.7954403886881,2.894100433272411e+37
1245.4928726670362,2.8561370918848225e+37
1245.190451879615,2.8155388363416767e+37
1244.8881779194185,2.784055002753604e+37
1244.586050679544,2.746014781487016e+37
1244.284070053193,2.7196787296274977e+37
1243.9822359336708,2.690684781353927e+37
1243.6805482143855,2.657986556263943e+37
1243.3790067888494,2.6272739321937485e+37
1243.0776115506771,2.5935644521872617e+37
1242.7763623935873,2.566212887184702e+37
1242.475259211401,2.53415224791876e+37
1242.1743018980424,2.507867551423098e+37
1241.8734903475383,2.478999676186184e+37
1241.5728244540182,2.4560693812116637e+37
1241.2723041117144,2.4333017751246955e+37
1240.9719292149614,2.4165962758555043e+37
1240.671699658195,2.394356723979541e+37
1240.3716153359546,2.3754075984454464e+37
1240.071676142881,2.3545965579801567e+37
1239.771881973717,2.3355417790026235e+37
1239.4722327233062,2.3144969449568236e+37
1239.1727282865959,2.301293906763644e+37
1238.8733685586328,2.2830401175791375e+37
1238.5741534345661,2.2695275494312652e+37
1238.2750828096462,2.2573588868543066e+37
1237.9761565792244,2.2496926099041123e+37
1237.677374638753,2.2368501311346887e+37
1237.3787368837855,2.224091667823408e+37
1237.0802432099758,2.2118292041113006e+37
1236.781893513079,2.2022573401957603e+37
1236.48368768895,2.191795230898656e+37
1236.1856256335452,2.186118070634239e+37
1235.88770724292,2.178324720011798e+37
1235.5899324132308,2.1764138444109004e+37
1235.292301040734,2.1731487456201034e+37
1234.9948130217854,2.1694714998773074e+37
1234.6974682528414,2.1662979590148496e+37
1234.4002666304575,2.160012478400609e+37
1234.1032080512896,2.1583586466349865e+37
1233.8062924120914,2.1565401077664375e+37
1233.5095196097175,2.147444328849514e+37
1233.2128895411213,2.1313252760049274e+37
1232.9164021033555,2.1198943796331903e+37
1232.6200571935706,2.1124592609142023e+37
1232.3238547090175,2.1066582605714555e+37
1232.027794547045,2.0988314074888197e+37
1231.7318766051005,2.0922511958916448e+37
1231.4361007807306,2.0862980219568223e+37
1231.1404669715791,2.0793815349698136e+37
1230.8449750753894,2.0729497985167202e+37
1230.5496249900016,2.0679580977368732e+37
1230.2544166133557,2.0593848573115869e+37
1229.9593498434876,2.0508325848993468e+37
1229.6644245785326,2.041757601483587e+37
1229.3696407167226,2.0302550081171797e+37
1229.0749981563874,2.0163845024950548e+37
1228.7804967959548,2.003899749515116e+37
1228.4861365339493,1.996332217475147e+37
1228.1919172689923,1.9817476518492343e+37
1227.8978388998037,1.9679233159182518e+37
1227.6039013251984,1.9589103370588647e+37
1227.31010444409,1.9448048364039977e+37
1227.0164481554875,1.940271602855217e+37
1226.7229323584975,1.9374206182727446e+37
1226.4295569523224,1.9355700236038768e+37
1226.136321836262,1.9339221381323527e+37
1225.8432269097107,1.932376399405478e+37
1225.5502720721604,1.9305050517625985e+37
1225.257457223199,1.929836546770721e+37
1224.96478226251,1.9271184038116894e+37
1224.6722470898726,1.9253406812757851e+37
1224.3798516051618,1.9229480784681442e+37
1224.087595708349,1.9186017669925001e+37
1223.7954792994994,1.9184813619968192e+37
1223.5035022787752,1.9144856482247542e+37
1223.2116645464332,1.9070591777800584e+37
1222.9199660028248,1.8949602862125328e+37
1222.6284065483978,1.8800187466630584e+37
1222.3369860836935,1.8673498722355246e+37
1222.0457045093485,1.8582033491473517e+37
1221.754561726095,1.845594498224112e+37
1221.463557634758,1.8375561061401144e+37
1221.1726921362585,1.8270451640307642e+37
1220.8819651316112,1.819873426991228e+37
1220.591376521925,1.811835813475805e+37
1220.3009262084029,1.803045679261689e+37
1220.0106140923428,1.79293288207489e+37
1219.7204400751348,1.7857611639686596e+37
1219.4304040582645,1.7790952357813903e+37
1219.14050594331,1.7742772981689357e+37
1218.8507456319437,1.7686728052572653e+37
1218.561123025931,1.7659495257038636e+37
1218.2716380271308,1.761589255097166e+37
1217.9822905374956,1.755860247182214e+37
1217.6930804590704,1.7525212050383011e+37
1217.4040076939934,1.7465748453126773e+37
1217.115072144496,1.7445635563090765e+37
1216.826273712902,1.7403511234566328e+37
1216.5376123016283,1.7275284532632841e+37
1216.2490878131841,1.7188272322171421e+37
1215.960700150171,1.7086665396842476e+37
1215.6724492152835,1.7007152245843634e+37
1215.3843349113074,1.6952324911648085e+37
1215.0963571411212,1.6874061239011753e+37
1214.8085158076958,1.6818498037541614e+37
1214.5208108140935,1.6747466342404397e+37
1214.2332420634682,1.6682174800275708e+37
1213.9458094590657,1.663180089866528e+37
1213.6585129042242,1.6605404489804459e+37
1213.3713523023723,1.6526930865049716e+37
1213.0843275570303,1.6476836380992902e+37
1212.7974385718096,1.6435411755112134e+37
1212.5106852504139,1.6404233914054245e+37
1212.2240674966363,1.638518021900524e+37
1211.9375852143614,1.6329660543921265e+37
1211.6512383075656,1.6295561838875423e+37
1211.3650266803147,1.6248768548033569e+37
1211.078950236766,1.6225755625727362e+37
1210.7930088811668,1.6161585370138094e+37
1210.507202517855,1.61172294649864e+37
1210.221531051259,1.604336039595024e+37
1209.935994385897,1.6005949900140942e+37
1209.6505924263774,1.5958553395984296e+37
1209.3653250773993,1.5933631566366511e+37
1209.0801922437506,1.5848918815556201e+37
1208.7951938303092,1.582210338440706e+37
1208.5103297420435,1.5761814473659497e+37
1208.2255998840103,1.5761418457429194e+37
1207.941004161357,1.5711923529089277e+37
1207.656542479319,1.5716409444079556e+37
1207.3722147432222,1.5697690173257655e+37
1207.088020858481,1.5654367930989332e+37
1206.803960730599,1.5607428466286414e+37
1206.520034265169,1.55898933568975e+37
1206.2362413678718,1.5548092949420437e+37
1205.9525819444777,1.5494703129388101e+37
1205.6690559008457,1.5421301721000597e+37
1205.3856631429228,1.5367615376490256e+37
1205.1024035767439,1.5314370901313144e+37
1204.8192771084337,1.5272931652033677e+37
1204.536283644204,1.5207112550932841e+37
1204.2534230903552,1.5146483379906241e+37
1203.970695353275,1.5092504638321722e+37
1203.68810033944,1.5031810919217306e+37
1203.4056379554138,1.49768821050687e+37
1203.1233081078478,1.4910324915783656e+37
1202.8411107034815,1.4843798581059762e+37
1202.5590456491414,1.4792309505979021e+37
1202.2771128517413,1.475244607626377e+37
1201.9953122182824,1.473225007380249e+37
1201.7136436558533,1.4707942147884962e+37
1201.4321070716294,1.4712120335508908e+37
1201.1507023728732,1.4733923009759095e+37
1200.869429466934,1.4712582119419144e+37
1200.588288261248,1.4710434069447678e+37
1200.3072786633377,1.4702738530870385e+37
1200.0264005808128,1.4707983337491757e+37
1199.7456539213688,1.470109228063989e+37
1199.4650385927876,1.4675432002311868e+37
1199.184554502938,1.46345741896363e+37
1198.9042015597743,1.4623018864073658e+37
1198.6239796713373,1.4595134595990694e+37
1198.3438887457532,1.4561751573263357e+37
1198.0639286912349,1.4522914520213904e+37
1197.7840994160802,1.4502584833361338e+37
1197.5044008286732,1.4494781199603937e+37
1197.2248328374828,1.448668879692479e+37
1196.945395351064,1.4484343885843782e+37
1196.6660882780575,1.4479745113109214e+37
1196.386911527188,1.44811134060423e+37
1196.1078650072664,1.4473563389755046e+37
1195.8289486271883,1.4474476973873204e+37
1195.5501622959346,1.447956136597618e+37
1195.2715059225702,1.4461177515887435e+37
1194.9929794162458,1.443887516196727e+37
1194.7145826861963,1.4451223241362415e+37
1194.4363156417407,1.4447352401465915e+37
1194.1581781922835,1.4427333582601627e+37
1193.8801702473124,1.4404739064676021e+37
1193.6022917164003,1.44054468162809e+37
1193.3245425092036,1.43905577796288e+37
1193.0469225354634,1.4357006826313457e+37
1192.7694317050043,1.434241440047404e+37
1192.4920699277352,1.4323902776696549e+37
1192.2148371136477,1.4286455701965149e+37
1191.937733172819,1.4246921958407246e+37
1191.6607580154082,1.420126040587406e+37
1191.3839115516585,1.4167833030442873e+37
1191.1071936918963,1.4140154940592477e+37
1190.8306043465318,1.4149023302849969e+37
1190.5541434260576,1.4156364723443384e+37
1190.2778108410503,1.4118120921011554e+37
1190.001606502169,1.413910809120759e+37
1189.7255303201553,1.4148221475402541e+37
1189.4495822058343,1.4127547130936041e+37
1189.1737620701138,1.4142364159437418e+37
1188.8980698239836,1.416453708895432e+37
1188.622505378517,1.413611891974295e+37
1188.3470686448684,1.4152044941339849e+37
1188.071759534276,1.4139226602482264e+37
1187.7965779580588,1.415221549370466e+37
1187.5215238276194,1.4137691341028807e+37
1187.2465970544413,1.4127037098361112e+37
1186.9717975500903,1.4134252954568636e+37
1186.6971252262142,1.4120150969804775e+37
1186.4225799945425,1.412904848347848e+37
1186.1481617668862,1.4128399956173992e+37
1185.8738704551383,1.4148950651271459e+37
1185.599705971273,1.4153626653967506e+37
1185.3256682273454,1.414448305686281e+37
1185.0517571354928,1.4151789980117894e+37
1184.7779726079332,1.4130911618923542e+37
1184.5043145569657,1.4110523200351076e+37
1184.2307828949706,1.4123017821984466e+37
1183.9573775344088,1.4114583986784146e+37
1183.6840983878221,1.4097088943860782e+37
1183.4109453678338,1.410368194671846e+37
1183.1379183871463,1.4108987248676583e+37
1182.8650173585443,1.410909864016287e+37
1182.5922421948912,1.4097942178081968e+37
1182.3195928091322,1.4079933260406358e+37
1182.047069114292,1.4112195984402569e+37
1181.774671023476,1.4102662655557839e+37
1181.502398449869,1.4096801549670165e+37
1181.230251306736,1.4090158984268599e+37
1180.9582295074224,1.406975458049474e+37
1180.686332965353,1.4078678974830427e+37
1180.4145615940317,1.4077052951760634e+37
1180.1429153070437,1.4060837950928152e+37
1179.8713940180521,1.4084077602525081e+37
1179.5999976408,1.4066282128678536e+37
1179.3287260891102,1.4067055922474766e+37
1179.0575792768839,1.4055619891583168e+37
1178.7865571181026,1.4026776654436012e+37
1178.515659526826,1.4015744647306714e+37
1178.244886417193,1.3998040259374538e+37
1177.9742377034215,1.3946908323371122e+37
1177.7037132998082,1.3941942101430153e+37
1177.4333131207281,1.3896087508712402e+37
1177.1630370806356,1.3880474867628454e+37
1176.892885094063,1.3878839134540032e+37
1176.6228570756216,1.3846399707983104e+37
1176.35295294,1.3833997179682275e+37
1176.0831726019665,1.3813444139228564e+37
1175.8135159763663,1.3801931446892285e+37
1175.543982978123,1.3813683322197352e+37
1175.2745735222393,1.37900133498316e+37
1175.0052875237939,1.3768822631445156e+37
1174.7361248979448,1.3771592485613232e+37
1174.4670855599272,1.373992103783661e+37
1174.198169425054,1.3724625077012631e+37
1173.9293764087154,1.368977790023838e+37
1173.6607064263792,1.3657435011347864e+37
1173.3921593935909,1.3629094331381538e+37
1173.123735225973,1.359343506221618e+37
1172.855433839225,1.3549495952329255e+37
1172.5872551491238,1.351544868596777e+37
1172.3191990715231,1.3491966415665045e+37
1172.051265522354,1.3457462469411057e+37
1171.7834544176237,1.3413958257392453e+37
1171.5157656734166,1.3401368884389815e+37
1171.2481992058938,1.3376909413273127e+37
1170.9807549312927,1.3355997823855866e+37
1170.7134327659276,1.3320678210511666e+37
1170.4462326261887,1.329671561536275e+37
1170.179154428543,1.3279763433701952e+37
1169.9121980895334,1.3249278318055054e+37
1169.645363525779,1.3256450608961172e+37
1169.378650653975,1.3242647740435674e+37
1169.1120593908925,1.3202370640927259e+37
1168.845589653379,1.3187301615095875e+37
1168.5792413583565,1.3175160270281029e+37
1168.3130144228242,1.3191724638407802e+37
1168.046908763856,1.317799331946418e+37
1167.7809242986016,1.3152033095397083e+37
1167.5150609442862,1.316985265135053e+37
1167.2493186182103,1.3152079756211778e+37
1166.9836972377495,1.3134314754724276e+37
1166.718196720355,1.311993145822152e+37
1166.452816983553,1.3100051833692847e+37
1166.1875579449443,1.3104601750956178e+37
1165.922419522205,1.3063136140115652e+37
1165.657401633086,1.3041749337434912e+37
1165.392504195413,1.2982027962269515e+37
1165.1277271270862,1.2939722929642814e+37
1164.8630703460808,1.2925165943294907e+37
1164.598533770446,1.2876055425222068e+37
1164.3341173183057,1.2871572573182406e+37
1164.069820907858,1.2862889333276892e+37
1163.8056444573756,1.2810893873570386e+37
1163.541587885205,1.2816895352527036e+37
1163.2776511097668,1.2771053212782072e+37
1163.0138340495562,1.2748058124136284e+37
1162.750136623141,1.274297803937392e+37
1162.4865587491645,1.2702644103074507e+37
1162.2231003463426,1.2692924268940425e+37
1161.959761333465,1.267182760966166e+37
1161.6965416293956,1.2663316465096948e+37
1161.4334411530713,1.262045334688779e+37
1161.1704598235021,1.2626874420040246e+37
1160.9075975597723,1.2621916108869296e+37
1160.6448542810385,1.2575509370079367e+37
1160.3822299065312,1.2563515337168508e+37
1160.1197243555534,1.258084521349406e+37
1159.8573375474816,1.2565896721288231e+37
1159.595069401765,1.2559591494643324e+37
1159.3329198379254,1.253363046640804e+37
1159.0708887755575,1.2495214861965725e+37
1158.8089761343292,1.2511047512649744e+37
1158.5471818339802,1.2484659066646805e+37
1158.2855057943232,1.245527041648152e+37
1158.0239479352433,1.2432525616328554e+37
1157.7625081766978,1.245309533082002e+37
1157.501186438716,1.24479093175694e+37
1157.2399826414003,1.244597977712201e+37
1156.9788967049242,1.2453617752686485e+37
1156.7179285495336,1.2451790920157538e+37
1156.4570780955464,1.2443402559771183e+37
1156.1963452633527,1.2468097684240467e+37
1155.9357299734136,1.2469318207907587e+37
1155.6752321462623,1.2471176081501977e+37
1155.4148517025037,1.2481167755418868e+37
1155.1545885628145,1.249307352978396e+37
1154.894442647942,1.2519805189426023e+37
1154.6344138787058,1.254150777555223e+37
1154.374502175996,1.2560649977729655e+37
1154.1147074607745,1.2565437529529532e+37
1153.8550296540743,1.2549536482674465e+37
1153.5954686769992,1.2535481510213228e+37
1153.3360244507237,1.2530154357563144e+37
1153.076696896494,1.250166310420012e+37
1152.8174859356268,1.248153771563424e+37
1152.558391489509,1.2469407930755104e+37
1152.2994134795986,1.2441164947513315e+37
1152.0405518274242,1.243597565799221e+37
1151.7818064545854,1.242252150147215e+37
1151.5231772827508,1.243354652342264e+37
1151.2646642336606,1.244913183901604e+37
1151.0062672291251,1.2442077694320124e+37
1150.7479861910242,1.2441876927847814e+37
1150.4898210413085,1.2452413862722061e+37
1150.231771701998,1.244147390041354e+37
1149.9738380951833,1.2471279445785515e+37
1149.7160201430247,1.2467719980877115e+37
1149.4583177677519,1.2476639366684192e+37
1149.2007308916648,1.2462008306909636e+37
1148.9432594371326,1.2484237955270174e+37
1148.6859033265944,1.2492170545424275e+37
1148.4286624825584,1.252700191349894e+37
1148.171536827602,1.255554341957982e+37
1147.9145262843729,1.2568556450003036e+37
1147.657630775587,1.259013399280489e+37
1147.4008502240301,1.2621788335209304e+37
1147.1441845525565,1.2651038109217512e+37
1146.88763368409,1.2671253300818848e+37
1146.6311975416227,1.2698601258929137e+37
1146.3748760482165,1.2724529093080073e+37
1146.1186691270013,1.2662126037757742e+37
1145.8625767011763,1.255842325419233e+37
1145.6065986940084,1.2489135919645407e+37
1145.3507350288342,1.238148006225334e+37
1145.0949856290579,1.2282923708974402e+37
1144.8393504181524,1.2193892052600154e+37
1144.5838293196593,1.2086496042147303e+37
1144.3284222571879,1.203111778038976e+37
1144.0731291544155,1.1940815048565414e+37
1143.8179499350883,1.1857182956822335e+37
1143.5628845230199,1.1790744351696803e+37
1143.307932842092,1.1705578069627463e+37
1143.0530948162543,1.1629199555676063e+37
1142.7983703695238,1.1567123053517448e+37
1142.543759425986,1.1496077841257402e+37
1142.2892619097934,1.1427686931268164e+37
1142.0348777451663,1.1349306710899808e+37
1141.7806068563925,1.1285921858706342e+37
1141.5264491678272,1.1217939001709468e+37
1141.272404603893,1.1150128732093566e+37
1141.0184730890794,1.108260819864992e+37
1140.7646545479436,1.1015772809264917e+37
1140.5109489051094,1.0960381570914194e+37
1140.2573560852684,1.0912880687995477e+37
1140.0038760131783,1.087244149731466e+37
1139.7505086136646,1.079592063172715e+37
1139.4972538116183,1.0762296740151398e+37
1139.2441115319984,1.0702272842298448e+37
1138.9910816998304,1.065741639006239e+37
1138.7381642402054,1.0619221105375892e+37
1138.4853590782823,1.0567474784109581e+37
1138.2326661392856,1.0547957090991636e+37
1137.9800853485062,1.0523716615844546e+37
1137.7276166313022,1.0515694274728594e+37
1137.475259913097,1.0491433959943143e+37
1137.2230151193799,1.0479078954969601e+37
1136.9708821757074,1.0445584594429564e+37
1136.7188610077012,1.0439486314123968e+37
1136.4669515410492,1.0393020407704355e+37
1136.215153701505,1.0390238935307261e+37
1135.963467414888,1.0360225021162435e+37
1135.7118926070834,1.0342752605145814e+37
1135.4604292040422,1.0293207951956106e+37
1135.2090771317808,1.0267476568987833e+37
1134.9578363163807,1.020057993020746e+37
1134.70670668399,1.0174699229629228e+37
1134.4556881608205,1.0125273990220051e+37
1134.2047806731505,1.008735889440044e+37
1133.9539841473234,1.003318855475881e+37
1133.7032985097471,9.994865688490552e+36
1133.452723686895,9.975529200520452e+36
1133.2022596053057,9.954685011252054e+36
1132.951906191582,9.973822094907658e+36
1132.7016633723927,1.0002341140609619e+37
1132.45153107447,1.00179131200626e+37
1132.2015092246118,1.00328396264031e+37
1131.95159774968,1.0043063163741764e+37
1131.7017965766022,1.0042385049509699e+37
1131.4521056323686,1.0063536288912145e+37
1131.2025248440355,1.0085503527554693e+37
1130.9530541387228,1.0101666993964218e+37
1130.7036934436146,1.0117859425202856e+37
1130.4544426859597,1.0080303101506847e+37
1130.2053017930707,1.0031073652051532e+37
1129.9562706923243,9.962255579856099e+36
1129.707349311161,9.880985200310972e+36
1129.4585375770855,9.8128219280609e+36
1129.2098354176665,9.730094798150126e+36
1128.9612427605362,9.649643994200824e+36
1128.7127595333902,9.588842935525961e+36
1128.4643856639884,9.53078048723469e+36
1128.2161210801542,9.471707548583905e+36
1127.9679657097738,9.391740340537463e+36
1127.719919480798,9.318629396443507e+36
1127.4719823212392,9.266217832737121e+36
1127.2241541591752,9.202867504831816e+36
1126.9764349227457,9.133345782963712e+36
1126.728824540154,9.071442303222381e+36
1126.4813229396657,9.002222373683045e+36
1126.2339300496105,8.945882631687367e+36
1125.9866457983808,8.862183363956748e+36
1125.7394701144315,8.811243403120725e+36
1125.4924029262802,8.738811359248907e+36
1125.245444162508,8.665432226826991e+36
1124.9985937517579,8.60684785352586e+36
1124.7518516227358,8.540663890168584e+36
1124.5052177042103,8.482139540824648e+36
1124.2586919250118,8.392315477050602e+36
1124.0122742140345,8.313436185128656e+36
1123.7659645002332,8.251965785394696e+36
1123.519762712626,8.174516769468274e+36
1123.2736687802933,8.088142019391326e+36
1123.0276826323768,8.014233583477029e+36
1122.781804198081,7.943614068898097e+36
1122.5360334066722,7.865592081142107e+36
1122.2903701874786,7.787264054087052e+36
1122.0448144698898,7.726882913676445e+36
1121.7993661833582,7.653262373343031e+36
1121.5540252573967,7.579343009632471e+36
1121.3087916215807,7.502641645528947e+36
1121.063665205547,7.425434689622172e+36
1120.8186459389938,7.364468270094228e+36
1120.573733751681,7.313943717660208e+36
1120.3289285734293,7.259717742886286e+36
1120.0842303341212,7.206734299548217e+36
1119.8396389637005,7.14535955485444e+36
1119.5951543921717,7.070748812003799e+36
1119.3507765496013,7.010987511358546e+36
1119.1065053661157,6.946659412337474e+36
1118.8623407719033,6.879670466966536e+36
1118.6182826972124,6.812182389917472e+36
1118.3743310723532,6.762999356143505e+36
1118.130485827696,6.712203127302769e+36
1117.8867468936721,6.658450370131065e+36
1117.6431142007734,6.621448605378048e+36
1117.399587679552,6.5865441110577e+36
1117.1561672606213,6.529877548628723e+36
1116.9128528746544,6.49412860802732e+36
1116.6696444523852,6.453520392594708e+36
1116.4265419246078,6.409326997113837e+36
1116.1835452221762,6.36636086999535e+36
1115.9406542760057,6.325074136742617e+36
1115.6978690170702,6.289887909983503e+36
1115.4551893764046,6.269292622453523e+36
1115.2126152851042,6.235788546619839e+36
1114.9701466743227,6.216077402050524e+36
1114.7277834752754,6.197498223105312e+36
1114.4855256192361,6.17086551724121e+36
1114.2433730375387,6.147861769875476e+36
1114.0013256615775,6.118723090800721e+36
1113.7593834228053,6.091720493036786e+36
1113.517546252735,6.077422848722783e+36
1113.275814082939,6.059262280120226e+36
1113.034186845049,6.028966938102332e+36
1112.7926644707557,5.999380141907514e+36
1112.5512468918098,5.974493465312898e+36
1112.309934040021,5.957829484959089e+36
1112.0687258472574,5.946961894584566e+36
1111.827622245447,5.926371347177905e+36
1111.5866231665768,5.899282133341042e+36
1111.3457285426923,5.882174576144303e+36
1111.1049383058983,5.864013369000907e+36
1110.8642523883582,5.843116703461381e+36
1110.6236707222943,5.842408439625378e+36
1110.3831932399871,5.832795340179411e+36
1110.1428198737767,5.817332786849374e+36
1109.9025505560612,5.797883944290441e+36
1109.662385219297,5.788218400872609e+36
1109.4223237959995,5.768443009247953e+36
1109.182366218742,5.759588870712617e+36
1108.9425124201562,5.754413367513111e+36
1108.7027623329323,5.736785219895568e+36
1108.4631158898187,5.728641255685014e+36
1108.2235730236218,5.725225219891973e+36
1107.984133667206,5.731728292950913e+36
1107.7447977534935,5.73739152716901e+36
1107.5055652154651,5.739343236705038e+36
1107.2664359861592,5.732892188387284e+36
1107.0274099986716,5.740553127769382e+36
1106.7884871861563,5.747084649786113e+36
1106.5496674818248,5.743856558897964e+36
1106.3109508189466,5.772068795993049e+36
1106.0723371308484,5.784669664172704e+36
1105.8338263509143,5.783573134562855e+36
1105.595418412586,5.772022511107738e+36
1105.357113249363,5.746203548995223e+36
1105.1189107948016,5.734837539383208e+36
1104.8808109825154,5.699065817028792e+36
1104.6428137461753,5.672828042793339e+36
1104.4049190195092,5.646159931766908e+36
1104.1671267363029,5.621534883163275e+36
1103.929436830398,5.607563122641078e+36
1103.6918492356933,5.627855117280223e+36
1103.4543638861455,5.628213779342501e+36
1103.2169807157672,5.645438416796825e+36
1102.9796996586279,5.647882769475226e+36
1102.7425206488538,5.652260394688429e+36
1102.5054436206278,5.676374617763266e+36
1102.26846850819,5.676656528843624e+36
1102.0315952458357,5.682460262146844e+36
1101.794823767918,5.701243610804426e+36
1101.5581540088456,5.704109619558984e+36
1101.3215859030838,5.709866870318404e+36
1101.085119385154,5.717351526003084e+36
1100.8487543896345,5.731261448979767e+36
1100.6124908511588,5.704417120810712e+36
1100.376328704417,5.686215612101606e+36
1100.1402678841553,5.680414461201303e+36
1099.9043083251756,5.663597467446081e+36
1099.6684499623364,5.675496999479355e+36
1099.432692730551,5.674341097445004e+36
1099.1970365647894,5.666366587290762e+36
1098.961481400077,5.66713488463394e+36
1098.7260271714947,5.658718769438083e+36
1098.4906738141794,5.665998928250202e+36
1098.2554212633231,5.672367048064456e+36
1098.020269454174,5.67879396184121e+36
1097.7852183220352,5.686849301563716e+36
1097.5502678022654,5.683263985445172e+36
1097.3154178302782,5.693456938279904e+36
1097.080668341543,5.691628496789651e+36
1096.8460192715845,5.702718744497705e+36
1096.611470555982,5.693088183374796e+36
1096.3770221303703,5.704200331994277e+36
1096.1426739304388,5.700756007022292e+36
1095.9084258919324,5.708964251430664e+36
1095.6742779506508,5.706292956217366e+36
1095.4402300424483,5.702479629531065e+36
1095.2062821032341,5.703698530039474e+36
1094.9724340689722,5.713484468007289e+36
1094.7386858756813,5.703913469570025e+36
1094.505037459435,5.724608339176853e+36
1094.2714887563604,5.729332387321135e+36
1094.0380397026404,5.742017022119778e+36
1093.8046902345118,5.751465311538423e+36
1093.5714402882654,5.761200329179042e+36
1093.3382898002471,5.755138254977134e+36
1093.1052387068567,5.761954995615598e+36
1092.8722869445476,5.770521585643928e+36
1092.6394344498287,5.768919993006014e+36
1092.406681159262,5.765919527528598e+36
1092.1740270094635,5.776560919450593e+36
1091.941471937104,5.797436046412833e+36
1091.7090158789076,5.782943335919443e+36
1091.4766587716522,5.794071605121295e+36
1091.2444005521697,5.79798957066857e+36
1091.0122411573457,5.809143889947665e+36
1090.78018052412,5.796512400011756e+36
1090.5482185894848,5.791793246366236e+36
1090.3163552904875,5.777338892792458e+36
1090.0845905642277,5.760892703468605e+36
1089.8529243478592,5.758385392317492e+36
1089.621356578589,5.748435038073559e+36
1089.3898871936772,5.737707159241384e+36
1089.1585161304376,5.725526526869811e+36
1088.9272433262372,5.701219761878879e+36
1088.6960687184958,5.686452011533516e+36
1088.464992244687,5.67023752160081e+36
1088.2340138423367,5.646460235142614e+36
1088.0031334490243,5.617127612208921e+36
1087.7723510023823,5.592491574056549e+36
1087.5416664400955,5.571231204269636e+36
1087.3110796999022,5.534113137344923e+36
1087.0805907195931,5.50083547982901e+36
1086.8501994370115,5.49519475096268e+36
1086.6199057900542,5.466869593428976e+36
1086.3897097166696,5.447323865937006e+36
1086.1596111548592,5.428214365897091e+36
1085.929610042677,5.412346009772661e+36
1085.6997063182296,5.395258749057223e+36
1085.469899919675,5.379026513777846e+36
1085.2401907852256,5.37253135565232e+36
1085.0105788531437,5.35624931633197e+36
1084.7810640617458,5.344228486510361e+36
1084.551646349399,5.333918277918784e+36
1084.322325654524,5.322770131927751e+36
1084.0931019155926,5.3129902886853506e+36
1083.8639750711286,5.319029265225933e+36
1083.6349450597083,5.316556608186001e+36
1083.4060118199595,5.313192932072253e+36
1083.1771752905622,5.305415532219453e+36
1082.9484354102478,5.293474844351372e+36
1082.7197921178,5.3064626399910767e+36
1082.4912453520533,5.3079265303023437e+36
1082.2627950518945,5.318704299878807e+36
1082.034441156262,5.32520539417774e+36
1081.8061836041454,5.3162568322990866e+36
1081.5780223345862,5.321611166596697e+36
1081.3499572866767,5.326011335796678e+36
1081.1219883995611,5.324652653155478e+36
1080.8941156124347,5.332338467674932e+36
1080.6663388645438,5.343155925009778e+36
1080.4386580951866,5.338026328218673e+36
1080.2110732437118,5.341773774585323e+36
1079.9835842495193,5.35251777960815e+36
1079.7561910520606,5.360337260999986e+36
1079.528893590837,5.351500840768007e+36
1079.3016918054018,5.353813336789633e+36
1079.074585635359,5.354928347942464e+36
1078.8475750203631,5.353562532177105e+36
1078.6206599001198,5.344844861219179e+36
1078.3938402143847,5.348169446088038e+36
1078.167115902965,5.343173809436133e+36
1077.940486905718,5.348154274464087e+36
1077.7139531625517,5.364611470008516e+36
1077.4875146134243,5.369283402185899e+36
1077.2611711983452,5.366365640681362e+36
1077.0349228573737,5.373028881749698e+36
1076.808769530619,5.382354569553169e+36
1076.5827111582414,5.383880831613108e+36
1076.3567476804512,5.388709649843007e+36
1076.1308790375085,5.394865179688396e+36
1075.905105169724,5.39777982862325e+36
1075.6794260174584,5.396283738177119e+36
1075.4538415211218,5.398313351920926e+36
1075.2283516211755,5.393635525099033e+36
1075.0029562581299,5.380972064517574e+36
1074.7776553725448,5.3811740461883e+36
1074.552448905031,5.370766081008417e+36
1074.3273367962486,5.381801888081965e+36
1074.1023189869068,5.36860997398342e+36
1073.877395417765,5.366910337423215e+36
1073.6525660296327,5.351404359882802e+36
1073.427830763368,5.347193421285626e+36
1073.2031895598793,5.32769538689949e+36
1072.9786423601238,5.319944506138455e+36
1072.7541891051085,5.300579140958025e+36
1072.5298297358895,5.28375276854501e+36
1072.3055641935725,5.266640014185121e+36
1072.0813924193124,5.2422547004757955e+36
1071.857314354313,5.230158600398653e+36
1071.6333299398277,5.211442399031602e+36
1071.4094391171586,5.1934209336533326e+36
1071.185641827657,5.176122987514668e+36
1070.961938012723,5.1541474854265174e+36
1070.7383276138062,5.1353146529728734e+36
1070.5148105724043,5.1259214467119706e+36
1070.2913868300645,5.100284842128651e+36
1070.0680563283825,5.0884329190703024e+36
1069.8448190090028,5.085313903673186e+36
1069.6216748136185,5.081711408375565e+36
1069.3986236839712,5.0682737786534976e+36
1069.1756655618517,5.069185424727272e+36
1068.952800389099,5.06824807189206e+36
1068.7300281075998,5.077852187254506e+36
1068.5073486592903,5.0866764909204245e+36
1068.284761986155,5.089690589706987e+36
1068.062268030226,5.096432158517872e+36
1067.8398667335846,5.101856545744652e+36
1067.6175580383594,5.113111292551212e+36
1067.395341886728,5.116546658316013e+36
1067.1732182209155,5.1150192675542766e+36
1066.9511869831954,5.110917311997e+36
1066.7292481158895,5.095392011053722e+36
1066.5074015613668,5.0908015840990787e+36
1066.285647262045,5.077645183576186e+36
1066.0639851603894,5.0712731297053006e+36
1065.8424151989127,5.0605584284754395e+36
1065.6209373201766,5.0268304368790153e+36
1065.3995514667888,5.012701188674449e+36
1065.1782575814061,4.992437430663209e+36
1064.9570556067326,4.975420461611392e+36
1064.7359454855196,4.965818121992102e+36
1064.514927160566,4.944749066137691e+36
1064.2940005747187,4.9305437162988054e+36
1064.0731656708715,4.9244303515780676e+36
1063.8524223919658,4.9076679979638925e+36
1063.6317706809903,4.8936061953857154e+36
1063.4112104809808,4.887060380346794e+36
1063.190741735021,4.8656815872693994e+36
1062.970364386241,4.858820483250579e+36
1062.7500783778182,4.845687898667197e+36
1062.5298836529778,4.825707665259571e+36
1062.309780154991,4.8186227511832584e+36
1062.0897678271767,4.802380053165688e+36
1061.8698466129006,4.7841809192047794e+36
1061.6500164555753,4.7645104109490766e+36
1061.4302772986598,4.746230173390723e+36
1061.210629085661,4.738018894966812e+36
1060.9910717601313,4.7085781465858925e+36
1060.7716052656704,4.700286496298535e+36
1060.5522295459245,4.6823045222025376e+36
1060.332944544587,4.669044532864786e+36
1060.113750205397,4.6511219388738407e+36
1059.8946464721407,4.6386172368240554e+36
1059.6756332886503,4.625837307451724e+36
1059.4567105988049,4.618813804660748e+36
1059.2378783465297,4.597852615396087e+36
1059.0191364757961,4.5875460768309246e+36
1058.8004849306221,4.5749422075715517e+36
1058.5819236550717,4.557440368308306e+36
1058.363452593255,4.550817145667682e+36
1058.1450716893287,4.530313069085886e+36
1057.9267808874947,4.5356516937492825e+36
1057.708580132002,4.5281257459388874e+36
1057.490469367145,4.533466204908251e+36
1057.2724485372635,4.524019813185503e+36
1057.0545175867444,4.533950040165205e+36
1056.8366764600198,4.5273676150837004e+36
1056.6189251015674,4.534499561371557e+36
1056.401263455911,4.536942198012909e+36
1056.18369146762,4.535395729449669e+36
1055.9662090813094,4.532961385223195e+36
1055.7488162416398,4.5000031486823165e+36
1055.5315128933173,4.485404933335122e+36
1055.314298981094,4.471501358380976e+36
1055.097174449767,4.447253817966854e+36
1054.8801392441783,4.4268164274763737e+36
1054.6631933092167,4.410481021121661e+36
1054.446336589815,4.389182996456199e+36
1054.2295690309522,4.373889908535009e+36
1054.0128905776517,4.3493846108110214e+36
1053.7963011749828,4.323887786035339e+36
1053.5798007680596,4.305626563059362e+36
1053.3633893020415,4.2874338763978394e+36
1053.1470667221324,4.256069038354466e+36
1052.930832973582,4.2331326222185923e+36
1052.7146880016842,4.214700494358425e+36
1052.4986317517787,4.203593977128931e+36
1052.282664169249,4.172122231328434e+36
1052.0667851995245,4.152033163747135e+36
1051.8509947880782,4.127991561072e+36
1051.635292880429,4.1164320596772895e+36
1051.4196794221398,4.096500066134232e+36
1051.204154358818,4.070765002807916e+36
1050.9887176361162,4.052938933693753e+36
1050.773369199731,4.0360414487336456e+36
1050.5581089954037,4.02961880404131e+36
1050.3429369689204,4.009342341497348e+36
1050.1278530661107,4.005324691580608e+36
1049.9128572328495,3.9921448092250114e+36
1049.6979494150557,3.979835137924045e+36
1049.4831295586923,3.972528158585121e+36
1049.2683976097665,3.956874475046015e+36
1049.05375351433,3.9482622543658193e+36
1048.8391972184784,3.9280650509482487e+36
1048.6247286683515,3.9189163942024976e+36
1048.4103478101329,3.9074410932110105e+36
1048.1960545900504,3.894474620630947e+36
1047.9818489543761,3.879297300340265e+36
1047.7677308494253,3.8499434018531933e+36
1047.5537002215576,3.832941730801365e+36
1047.3397570171765,3.812982323434298e+36
1047.1259011827287,3.785909124112505e+36
1046.9121326647055,3.770136658899658e+36
1046.6984514096412,3.7486254781487677e+36
1046.4848573641139,3.721046124708511e+36
1046.2713504747455,3.6970823716663954e+36
1046.0579306882014,3.675677183750154e+36
1045.8445979511903,3.6527701865594507e+36
1045.6313522104647,3.629923464097564e+36
1045.41819341282,3.600208711456972e+36
1045.2051215050953,3.58206939050765e+36
1044.9921364341733,3.564757733830958e+36
1044.7792381469794,3.5473865564400654e+36
1044.566426590483,3.526376565254421e+36
1044.3537017116957,3.527626219208193e+36
1044.141063457673,3.5237827646662053e+36
1043.9285117755137,3.5191929261298576e+36
1043.7160466123587,3.5107748542117946e+36
1043.5036679153927,3.516770167281802e+36
1043.2913756318433,3.512680346293316e+36
1043.0791697089808,3.503052453177699e+36
1042.8670500941187,3.504664435278135e+36
1042.655016734613,3.5107643639954473e+36
1042.4430695778626,3.500910520980396e+36
1042.2312085713095,3.491633048035304e+36
1042.0194336624377,3.4940029393759277e+36
1041.8077447987748,3.47111576743998e+36
1041.5961419278901,3.461211280000498e+36
1041.3846249973965,3.4520319409155894e+36
1041.1731939549484,3.446581329602726e+36
1040.9618487482433,3.433915419090167e+36
1040.750589325021,3.425954782526416e+36
1040.5394156330642,3.411538652286918e+36
1040.328327620197,3.3999773021912637e+36
1040.1173252342865,3.3856996650826823e+36
1039.9064084232418,3.378638738106531e+36
1039.695577135015,3.366176099322002e+36
1039.484831317599,3.356371667402837e+36
1039.27417091903,3.3533632766948026e+36
1039.0635958873863,3.3462874392927604e+36
1038.8531061707874,3.337031797732651e+36
1038.6427017173958,3.3301380083624637e+36
1038.4323824754151,3.331794780928797e+36
1038.2221483930916,3.3270845407112845e+36
1038.0119994187132,3.323622757242067e+36
1037.8019355006097,3.3185080760629955e+36
1037.5919565871525,3.313988569305768e+36
1037.3820626267552,3.301534897235199e+36
1037.1722535678725,3.295676629856084e+36
1036.9625293590016,3.287803142697114e+36
1036.7528899486806,3.2746666278989525e+36
1036.54333528549,3.2676068946108603e+36
1036.3338653180508,3.270815769362907e+36
1036.1244799950266,3.260294631498746e+36
1035.9151792651217,3.259223570710076e+36
1035.7059630770825,3.2468425865468505e+36
1035.496831379696,3.24809827925205e+36
1035.2877841217912,3.235614817256403e+36
1035.0788212522384,3.228379795628943e+36
1034.8699427199488,3.2253948829362224e+36
1034.6611484738748,3.210713222135753e+36
1034.4524384630106,3.215087213072759e+36
1034.2438126363909,3.213899178697163e+36
1034.0352709430917,3.204915783914476e+36
1033.8268133322306,3.20463437500549e+36
1033.618439752965,3.199334211345092e+36
1033.4101501544949,3.186305887530287e+36
1033.2019444860593,3.184342338665686e+36
1032.9938226969402,3.182320091837263e+36
1032.785784736459,3.171559648157868e+36
1032.577830553978,3.1771254946905913e+36
1032.3699600989012,3.174915701105426e+36
1032.162173320672,3.177426125523845e+36
1031.9544701687762,3.180311838821371e+36
1031.7468505927386,3.1808482776931783e+36
1031.5393145421253,3.17817795870104e+36
1031.3318619665436,3.1787043600111135e+36
1031.12449281564,3.1812026199695814e+36
1030.9172070391028,3.1804177554194355e+36
1030.7100045866596,3.187619373523078e+36
1030.502885408079,3.1842395520830376e+36
1030.2958494531704,3.1860455574312885e+36
1030.0888966717828,3.1790661943147754e+36
1029.8820270138056,3.1773832481658507e+36
1029.6752404291685,3.172893774983157e+36
1029.468536867842,3.17889091789277e+36
1029.2619162798358,3.1729188373198984e+36
1029.0553786152002,3.170288378870537e+36
1028.8489238240256,3.167866372400376e+36
1028.6425518564427,3.157008797992785e+36
1028.4362626626214,3.1454995214191425e+36
1028.2300561927725,3.1329562924633204e+36
1028.0239323971462,3.1251781602419736e+36
1027.8178912260325,3.115455982713078e+36
1027.6119326297617,3.10351020417561e+36
1027.4060565587033,3.092340150820799e+36
1027.2002629632673,3.0832172318039186e+36
1026.9945517939027,3.070108858549163e+36
1026.7889230010987,3.061496966787199e+36
1026.5833765353836,3.045469376371312e+36
1026.3779123473262,3.036170781479912e+36
1026.1725303875342,3.020518166116127e+36
1025.9672306066543,3.012574108853187e+36
1025.762012955374,2.999365767650858e+36
1025.5568773844197,2.994052572371967e+36
1025.3518238445565,2.9848291725146335e+36
1025.14685228659,2.9742388782419594e+36
1024.9419626613642,2.976549395466929e+36
1024.737154919763,2.971903160866015e+36
1024.5324290127091,2.978083860641558e+36
1024.327784891165,2.977668265318309e+36
1024.123222506132,2.979686851647593e+36
1023.9187418086501,2.9820396855074644e+36
1023.714342749799,2.984549183545487e+36
1023.5100252806976,2.980788767931021e+36
1023.3057893525032,2.9846209487562995e+36
1023.1016349164125,2.984959429368365e+36
1022.8975619236611,2.98532236387212e+36
1022.6935703255233,2.9880617910796944e+36
1022.4896600733125,2.99151710901911e+36
1022.2858311183808,2.9924940090849834e+36
1022.0820834121188,2.9890534523339636e+36
1021.8784169059566,2.9843246518327684e+36
1021.6748315513622,2.9771122820046554e+36
1021.4713272998426,2.9759675615057733e+36
1021.2679041029438,2.968267295993081e+36
1021.0645619122497,2.962041205860665e+36
1020.8613006793832,2.95621653642626e+36
1020.6581203560055,2.9511157988558735e+36
1020.4550208938166,2.945228017776855e+36
1020.2520022445544,2.924755444847398e+36
1020.0490643599957,2.896049815114364e+36
1019.8462071919555,2.875176029152077e+36
1019.6434306922869,2.857386854419813e+36
1019.4407348128817,2.842222249750459e+36
1019.2381195056695,2.827969530224068e+36
1019.0355847226184,2.8115029125116745e+36
1018.8331304157348,2.789919167191191e+36
1018.6307565370629,2.771395444309107e+36
1018.428463038685,2.753521714518493e+36
1018.2262498727217,2.7359257903766713e+36
1018.0241169913315,2.7209341231326897e+36
1017.8220643467109,2.701963971315623e+36
1017.6200918910943,2.6830742843614456e+36
1017.4181995767541,2.664467316223513e+36
1017.2163873560003,2.661984183320565e+36
1017.0146551811811,2.660611559710677e+36
1016.8130030046824,2.6540644427020054e+36
1016.6114307789276,2.649520307804175e+36
1016.4099384563782,2.645356562522393e+36
1016.2085259895331,2.6406981406744528e+36
1016.0071933309288,2.638345487465431e+36
1015.8059404331397,2.6387290751709795e+36
1015.6047672487775,2.6198711750293143e+36
1015.4036737304915,2.6096487323301017e+36
1015.2026598309687,2.5969306897434028e+36
1015.0017255029334,2.5818078367463894e+36
1014.800870699147,2.563848275993162e+36
1014.600095372409,2.5464386163926172e+36
1014.3993994755555,2.5347769416168567e+36
1014.1987829614604,2.5182613248378378e+36
1013.9982457830347,2.5034753742753304e+36
1013.7977878932268,2.491607616362267e+36
1013.5974092450219,2.477249898757781e+36
1013.3971097914429,2.464006028128235e+36
1013.1968894855493,2.4456050176092614e+36
1012.9967482804379,2.4307405120577014e+36
1012.796686129243,2.4170320874514615e+36
1012.596702985135,2.412569988407216e+36
1012.3967988013222,2.4128953701147e+36
1012.1969735310491,2.40770504105205e+36
1011.9972271275976,2.4063947649980724e+36
1011.7975595442864,2.401496720989118e+36
1011.5979707344708,2.3992869843798862e+36
1011.3984606515429,2.3956698560931637e+36
1011.1990292489319,2.392541159286333e+36
1010.9996764801034,2.3919030287071165e+36
1010.80040229856,2.3853380678174393e+36
1010.6012066578406,2.387058889158148e+36
1010.4020895115211,2.3840826845387113e+36
1010.2030508132135,2.3801588829250594e+36
1010.0040905165666,2.379064093040705e+36
1009.8052085752659,2.3650016419225108e+36
1009.6064049430329,2.357186237153503e+36
1009.4076795736262,2.3428444959984462e+36
1009.2090324208401,2.329585445295289e+36
1009.0104634385059,2.317574264492504e+36
1008.8119725804906,2.3052511270461695e+36
1008.613559800698,2.2969763043469154e+36
1008.4152250530678,2.2845212163259255e+36
1008.2169682915763,2.2757757451438987e+36
1008.0187894702357,2.265352597407845e+36
1007.8206885430943,2.257331265051264e+36
1007.622665464237,2.2461087655900058e+36
1007.4247201877839,2.2353667910713486e+36
1007.2268526678921,2.2238676737208478e+36
1007.0290628587541,2.214570151161828e+36
1006.8313507145986,2.2049817334953323e+36
1006.6337161896901,2.1935625141227364e+36
1006.4361592383291,2.1823585121299777e+36
1006.238679814852,2.1768328675675592e+36
1006.0412778736311,2.1681384492821923e+36
1005.8439533690743,2.1639934742636295e+36
1005.6467062556253,2.157313477822851e+36
1005.4495364877637,2.1519094252661015e+36
1005.2524440200045,2.1438967430603527e+36
1005.0554288068987,2.1381620598084996e+36
1004.8584908030327,2.1346492645965768e+36
1004.6616299630284,2.1277319363149198e+36
1004.4648462415436,2.1234393963562024e+36
1004.2681395932715,2.1201516906500438e+36
1004.0715099729402,2.1159706351560613e+36
1003.8749573353143,2.1110030114472923e+36
1003.6784816351931,2.1065873810213458e+36
1003.4820828274111,2.101390272827586e+36
1003.2857608668388,2.1009857400014062e+36
1003.0895157083818,2.0949616777211386e+36
1002.8933473069806,2.0956210894551196e+36
1002.6972556176113,2.089019628153933e+36
1002.5012405952851,2.0811951381951986e+36
1002.3053021950486,2.0771814383547657e+36
1002.1094403719829,2.0752608076546865e+36
1001.913655081205,2.071377753850032e+36
1001.7179462778665,2.0657598848519473e+36
1001.5223139171541,2.0609989356927937e+36
1001.3267579542894,2.0609743404201257e+36
1001.1312783445293,2.0548536461515762e+36
1000.9358750431653,2.053246299801308e+36
1000.740548005524,2.0436454369785143e+36
1000.545297186967,2.0455257856635078e+36
1000.35012254289,2.0406888682608634e+36
1000.1550240287244,2.031803084449011e+36
999.960001599936,2.0249567910665904e+36
999.7650552120251,2.022146714102519e+36
999.5701848205272,2.0189920407492616e+36
999.3753903810119,2.0124190852905225e+36
999.1806718490838,2.0092587014151665e+36
998.9860291803819,2.00898440043393e+36
998.7914623305801,2.0027732134770637e+36
998.596971255386,2.0024099236621317e+36
998.4025559105431,2.001345656313116e+36
998.208216251828,1.9969654495315464e+36
998.0139522350522,1.9975460571572375e+36
997.8197638160618,1.9925203510118056e+36
997.6256509507373,1.9898775085898784e+36
997.4316135949929,1.9935248699697548e+36
997.2376517047777,1.9906334433771951e+36
997.0437652360749,1.9911224349059564e+36
996.8499541449021,1.9888166465625472e+36
996.6562183873106,1.986694360836191e+36
996.4625579193861,1.9879188847845916e+36
996.2689726972488,1.98396894783115e+36
996.0754626770524,1.980905436696967e+36
995.882027814985,1.979036928276021e+36
995.6886680672686,1.9788609344450568e+36
995.4953833901595,1.972894325399659e+36
995.3021737399474,1.9732279953586235e+36
995.1090390729564,1.9672045838643505e+36
994.9159793455443,1.964005939919377e+36
994.7229945141027,1.9639530457099104e+36
994.5300845350572,1.9604613786323896e+36
994.337249364867,1.9617435924137228e+36
994.1444889600255,1.9609304756876163e+36
993.9518032770592,1.9569597453808747e+36
993.7591922725285,1.962345618260261e+36
993.5666559030278,1.958478266624501e+36
993.374194125185,1.9591498338215975e+36
993.1818068956612,1.958141122050522e+36
992.9894941711517,1.9534667853892713e+36
992.7972559083846,1.95479570101211e+36
992.6050920641223,1.957383842123045e+36
992.41300259516,1.9535123073374528e+36
992.2209874583267,1.9552779066499708e+36
992.0290466104848,1.9527043422696262e+36
991.8371800085298,1.9476754246305427e+36
991.6453876093909,1.9446931820262407e+36
991.4536693700303,1.9474314391338175e+36
991.2620252474437,1.9441006195491872e+36
991.07045519866,1.9475608921322486e+36
990.8789591807412,1.9464654972530746e+36
990.6875371507826,1.952727852723138e+36
990.4961890659125,1.952328970108515e+36
990.3049148832926,1.9526668873299463e+36
990.1137145601172,1.9530773272239312e+36
989.9225880536143,1.9565964490910456e+36
989.7315353210441,1.9568375734869506e+36
989.5405563197007,1.9581234034384217e+36
989.3496510069106,1.961997958990329e+36
989.1588193400332,1.9658704197089414e+36
988.968061276461,1.9658279405773457e+36
988.7773767736194,1.9636577571519265e+36
988.5867657889663,1.9632537370204003e+36
988.3962282799929,1.9631712879562377e+36
988.2057642042226,1.9624747625269927e+36
988.015373519212,1.965102753071752e+36
987.82505618255,1.9646742511447747e+36
987.6348121518588,1.9679702599517755e+36
987.4446413847922,1.9685605827989893e+36
987.2545438390381,1.963573094707649e+36
987.0645194723153,1.9586362095787313e+36
986.8745682423763,1.951646104452666e+36
986.6846901070058,1.9494735895105485e+36
986.4948850240211,1.9431664967382256e+36
986.3051529512715,1.933457659768321e+36
986.1154938466393,1.9260080235303784e+36
985.9259076680387,1.919996264690762e+36
985.7363943734167,1.9114532553772378e+36
985.5469539207521,1.9072344657929388e+36
985.3575862680567,1.8967669766080247e+36
985.1682913733738,1.8878539395363698e+36
984.9790691947795,1.877016785891837e+36
984.789919690382,1.8715135925384148e+36
984.6008428183214,1.860228287996059e+36
984.4118385367702,1.8554729424798848e+36
984.2229068039329,1.8478667826624347e+36
984.0340475780462,1.8355837547031112e+36
983.8452608173786,1.8274813417284226e+36
983.6565464802309,1.8162829132135425e+36
983.4679045249358,1.8142704687106323e+36
983.2793349098578,1.8011584449857604e+36
983.0908375933936,1.7954065200575038e+36
982.9024125339715,1.786083981995102e+36
982.714059690052,1.776612105901526e+36
982.525779020127,1.7709842593885732e+36
982.3375704827207,1.7618185779745132e+36
982.1494340363886,1.749780374949522e+36
981.9613696397184,1.7421816462842057e+36
981.7733772513291,1.7318628547981835e+36
981.5854568298716,1.7204757991269727e+36
981.3976083340285,1.7145696295236457e+36
981.2098317225139,1.7033262049440673e+36
981.0221269540733,1.6977972460543726e+36
980.8344939874845,1.6885937500290473e+36
980.646932781556,1.6792570601095687e+36
980.459443295128,1.6673628686547453e+36
980.2720254870726,1.6553986736230537e+36
980.0846793162929,1.650425750324524e+36
979.8974047417234,1.6390936105353723e+36
979.7102017223305,1.6296566689359818e+36
979.5230702171112,1.6209769201924568e+36
979.3360101850944,1.6044787629061916e+36
979.1490215853402,1.5983527381279516e+36
978.9621043769396,1.5917551132304912e+36
978.7752585190151,1.58349740708684e+36
978.5884839707205,1.5766342191155026e+36
978.4017806912408,1.5692193637454146e+36
978.2151486397919,1.5634058514599505e+36
978.0285877756206,1.55549886058232e+36
977.8420980580056,1.550094412155199e+36
977.6556794462558,1.5421301420639135e+36
977.4693318997116,1.536502850218972e+36
977.2830553777443,1.5268395256244152e+36
977.0968498397561,1.524846265143556e+36
976.9107152451802,1.5192856560306696e+36
976.7246515534806,1.5105065829557627e+36
976.5386587241522,1.5097083998630727e+36
976.352736716721,1.501539006374655e+36
976.1668854907434,1.4988457947742902e+36
975.9811050058071,1.493968905775698e+36
975.7953952215299,1.4885645339135504e+36
975.6097560975609,1.4803602748311506e+36
975.4241875935797,1.480498477992209e+36
975.2386896692965,1.4750355899830346e+36
975.0532622844522,1.472003195101025e+36
974.8679053988184,1.4716557704396243e+36
974.6826189721971,1.4620001202115142e+36
974.4974029644211,1.459600904651429e+36
974.3122573353534,1.4561145437530482e+36
974.1271820448878,1.4491659507078074e+36
973.9421770529483,1.449139633284736e+36
973.7572423194897,1.4411039452735816e+36
973.5723778044969,1.4376891706509356e+36
973.3875834679853,1.436089091158716e+36
973.2028592700005,1.4342780250871775e+36
973.0182051706188,1.429305604128236e+36
972.8336211299463,1.423613518381063e+36
972.6491071081196,1.42198434633626e+36
972.4646630653058,1.4158401179416243e+36
972.2802889617018,1.411229092022951e+36
972.095984757535,1.4114932299710303e+36
971.9117504130625,1.4012974743325269e+36
971.727585888572,1.394650458610983e+36
971.543491144381,1.3895009287834853e+36
971.3594661408373,1.375101585772637e+36
971.1755108383187,1.3681274811818326e+36
970.9916251972326,1.359410641489944e+36
970.807809178017,1.3505632292552574e+36
970.6240627411394,1.3403558493207326e+36
970.4403858470973,1.3293240610229028e+36
970.2567784564184,1.319769881279661e+36
970.07324052966,1.313870940270119e+36
969.8897720274091,1.3077771871913019e+36
969.7063729102827,1.2998643996411735e+36
969.5230431389277,1.2942683221422546e+36
969.3397826740207,1.2916831712933808e+36
969.1565914762677,1.2835352262398487e+36
968.9734695064049,1.2787121886919955e+36
968.7904167251977,1.2746213899651805e+36
968.6074330934415,1.2724336685607017e+36
968.4245185719611,1.2635210911363694e+36
968.2416731216111,1.2590707011276467e+36
968.0588967032754,1.2551601110914452e+36
967.8761892778675,1.2468321404083774e+36
967.6935508063306,1.2442288844100121e+36
967.5109812496372,1.2408474615757928e+36
967.328480568789,1.2376478296596636e+36
967.1460487248179,1.2324025968643541e+36
966.9636856787843,1.2283986355364462e+36
966.7813913917785,1.2237468740602892e+36
966.5991658249199,1.2192625251506082e+36
966.4170089393573,1.2167949850726308e+36
966.2349206962689,1.2127228660245558e+36
966.0529010568617,1.2098704362687887e+36
965.8709499823728,1.2016453738803596e+36
965.6890674340676,1.2014058817970328e+36
965.507253373241,1.1958405899489294e+36
965.3255077612171,1.1965893233367858e+36
965.1438305593491,1.1927355967863555e+36
964.9622217290192,1.1856772618386592e+36
964.780681231639,1.1819457651711853e+36
964.5992090286486,1.1786211948203208e+36
964.4178050815174,1.1697419148726614e+36
964.2364693517437,1.1696984574059984e+36
964.0552018008551,1.1666693292063441e+36
963.8740023904074,1.1632414872267416e+36
963.6928710819861,1.1590818156963043e+36
963.5118078372051,1.154795988915991e+36
963.3308126177069,1.1511663213203483e+36
963.1498853851637,1.1462309472924461e+36
962.9690261012755,1.1389345400737532e+36
962.7882347277715,1.1324422749188795e+36
962.6075112264101,1.1269797918289804e+36
962.4268555589774,1.1224459759908121e+36
962.2462676872891,1.1107838207258939e+36
962.0657475731891,1.1051619746465472e+36
961.8852951785499,1.0940366046048736e+36
961.7049104652727,1.0923009197087258e+36
961.5245933952875,1.0835282433652348e+36
961.3443439305526,1.0758903243809359e+36
961.1641620330544,1.0739705561426987e+36
960.9840476648088,1.0722492648337715e+36
960.8040007878592,1.0682616950770761e+36
960.6240213642783,1.0630868755826177e+36
960.4441093561663,1.058336977913913e+36
960.2642647256524,1.0572875150096894e+36
960.0844874348943,1.0520050506852134e+36
959.9047774460773,1.0491356141502126e+36
959.7251347214158,1.0478992087352409e+36
959.5455592231519,1.0382438386036781e+36
959.3660509135563,1.0410925201620396e+36
959.1866097549278,1.0388064673865542e+36
959.0072357095934,1.0395375394396064e+36
958.8279287399083,1.0395343080404261e+36
958.6486888082559,1.0438717475645733e+36
958.4695158770475,1.0414839546435155e+36
958.2904099087228,1.0396692873905091e+36
958.1113708657494,1.0360048302168673e+36
957.9323987106229,1.0335291930647103e+36
957.7534934058672,1.0331272199472723e+36
957.5746549140338,1.0296277815243892e+36
957.3958831977021,1.0300075703730139e+36
957.2171782194803,1.0278202633926418e+36
957.0385399420035,1.0225378033021993e+36
956.859968327935,1.019911985082422e+36
956.6814633399663,1.014164474226823e+36
956.5030249408163,1.0121811246189103e+36
956.3246530932321,1.0048828164906193e+36
956.1463477599881,1.0045128458837705e+36
955.968108903887,1.0011953459361126e+36
955.7899364877587,1.0007119651505346e+36
955.6118304744613,9.97707022782461e+35
955.4337908268801,9.943681474975329e+35
955.2558175079286,9.916906713223944e+35
955.0779104805475,9.88469866824672e+35
954.900069707705,9.882065169013045e+35
954.7222951523976,9.829462098343331e+35
954.5445867776484,9.775180253607638e+35
954.3669445465086,9.788447659453463e+35
954.189368422057,9.757830910129043e+35
954.0118583673994,9.710284174196475e+35
953.8344143456695,9.670102154752781e+35
953.6570363200282,9.601513224080886e+35
953.4797242536637,9.625366318313619e+35
953.3024781097919,9.550261165081297e+35
953.1252978516555,9.541636100042886e+35
952.9481834425252,9.515056743227068e+35
952.7711348456986,9.482473970090407e+35
952.5941520245007,9.457888722274931e+35
952.4172349422835,9.434082090726057e+35
952.2403835624265,9.467899244811274e+35
952.0635978483363,9.378630475557852e+35
951.8868777634465,9.382249712490376e+35
951.7102232712183,9.336224670604349e+35
951.5336343351396,9.316942329057306e+35
951.3571109187257,9.26130717310914e+35
951.1806529855182,9.184631700772073e+35
951.0042604990871,9.146260705283333e+35
950.8279334230281,9.129409419715694e+35
950.6516717209646,9.061076787681165e+35
950.4754753565471,8.961842509217062e+35
950.2993442934525,8.909892952001363e+35
950.1232784953847,8.838310472252189e+35
949.947277926075,8.762160841834529e+35
949.7713425492813,8.755437337507604e+35
949.595472328788,8.713757146128896e+35
949.4196672284066,8.700077741386648e+35
949.2439272119756,8.651796219102352e+35
949.06825224336,8.622585034800686e+35
948.8926422864517,8.623931348328519e+35
948.7170973051691,8.629129065646572e+35
948.5416172634574,8.611626340183998e+35
948.3662021252886,8.61181380234187e+35
948.1908518546613,8.54214893189835e+35
948.0155664156006,8.52103484534887e+35
947.8403457721581,8.522566187775795e+35
947.6651898884124,8.50876189153783e+35
947.4900987284683,8.467693079093177e+35
947.3150722564571,8.450102272168195e+35
947.1401104365369,8.421765608007925e+35
946.9652132328919,8.347369832149544e+35
946.7903806097329,8.344238361604196e+35
946.6156125312974,8.31180674919249e+35
946.4409089618489,8.292184634821747e+35
946.2662698656775,8.231090864092825e+35
946.0916952070994,8.213136376208218e+35
945.9171849504576,8.153254255971443e+35
945.7427390601208,8.143294886697973e+35
945.5683575004845,8.137138929915332e+35
945.3940402359704,8.123339207144455e+35
945.2197872310259,8.094304286990901e+35
945.0455984501252,8.044367741741645e+35
944.8714738577685,8.019898984291928e+35
944.697413418482,7.981651031493296e+35
944.5234170968183,7.91327626139949e+35
944.349484857356,7.909863750501387e+35
944.1756166646996,7.853467438569716e+35
944.00181248348,7.860123105833273e+35
943.8280722783537,7.818889223465872e+35
943.6543960140037,7.7763591638041e+35
943.4807836551389,7.753567253741433e+35
943.3072351664937,7.743376551767309e+35
943.1337505128289,7.69036077810294e+35
942.9603296589312,7.72298419775032e+35
942.786972569613,7.662008973010506e+35
942.6136792097126,7.656641114725845e+35
942.4404495440943,7.679418568061533e+35
942.2672835376482,7.66500563357675e+35
942.09418115529,7.648599813724946e+35
941.9211423619614,7.676300183647124e+35
941.7481671226298,7.648233105659175e+35
941.5752554022879,7.701291961218666e+35
941.4024071659551,7.685059312073758e+35
941.2296223786755,7.682526780122956e+35
941.0569010055192,7.696379884712016e+35
940.8842430115823,7.711254636846199e+35
940.7116483619858,7.72737246868471e+35
940.5391170218769,7.759847758134471e+35
940.3666489564281,7.767942543884542e+35
940.1942441308374,7.770601303284211e+35
940.0219025103285,7.803661299509588e+35
939.8496240601503,7.806798577196885e+35
939.6774087455776,7.833095732118768e+35
939.5052565319103,7.879386627300215e+35
939.3331673844738,7.909453269078375e+35
939.1611412686188,7.932565251656548e+35
938.9891781497217,7.946416911745332e+35
938.8172779931842,7.967140541583458e+35
938.6454407644328,7.978863210390805e+35
938.47366642892,8.017782462754592e+35
938.3019549521231,8.05564086865881e+35
938.130306299545,8.023431054775371e+35
937.9587204367136,8.014792330158461e+35
937.7871973291819,8.003432465672006e+35
937.6157369425289,7.96770070963825e+35
937.4443392423574,7.97739582870819e+35
937.2730041942966,7.946399942892724e+35
937.1017317640002,7.930620120118135e+35
936.9305219171473,7.928250845405596e+35
936.7593746194415,7.921435515228571e+35
936.5882898366121,7.910584881819633e+35
936.4172675344133,7.877749018896691e+35
936.246307678624,7.875434450501935e+35
936.0754102350485,7.857113940876547e+35
935.9045751695157,7.889850348338023e+35
935.7338024478795,7.860292444773957e+35
935.5630920360192,7.8768695472734e+35
935.3924438998381,7.847363811481134e+35
935.2218580052653,7.827438147269953e+35
935.051334318254,7.7763785030951e+35
934.8808728047828,7.717181006647768e+35
934.7104734308548,7.709577166103334e+35
934.5401361624978,7.67359931763566e+35
934.3698609657646,7.617494686375571e+35
934.1996478067327,7.575839487936232e+35
934.0294966515042,7.538957481325045e+35
933.859407466206,7.479956525476815e+35
933.6893802169893,7.452946549611159e+35
933.5194148700307,7.466545614394725e+35
933.3495113915308,7.410278439733674e+35
933.1796697477148,7.328284701913469e+35
933.009889904833,7.312293940882556e+35
932.8401718291597,7.260190588295168e+35
932.6705154869938,7.262428360982984e+35
932.5009208446593,7.224290355775317e+35
932.331387868504,7.198485592020003e+35
932.1619165249003,7.146820905029189e+35
931.9925067802454,7.166678666510019e+35
931.8231586009607,7.137831433820016e+35
931.6538719534918,7.175530613553156e+35
931.484646804309,7.120094780721812e+35
931.3154831199068,7.09115690546324e+35
931.1463808668042,7.133724648003354e+35
930.9773400115441,7.133445872120324e+35
930.8083605206941,7.095000513862382e+35
930.6394423608461,7.028793642301238e+35
930.470585498616,7.049223063032318e+35
930.3017899006437,7.013092406580173e+35
930.1330555335941,7.030877867504889e+35
929.9643823641554,6.97361882780901e+35
929.7957703590406,7.004126152070547e+35
929.6272194849865,6.964391057659174e+35
929.458729708754,6.991384274212953e+35
929.2903009971285,6.97704569601537e+35
929.1219333169188,6.941956873682082e+35
928.9536266349584,6.970473225251815e+35
928.7853809181042,6.91074065599468e+35
928.6171961332379,6.985825864023381e+35
928.4490722472646,6.933390516168117e+35
928.2810092271133,7.015868475048618e+35
928.1130070397371,6.96490521908851e+35
927.9450656521133,7.0244821666039e+35
927.7771850312429,7.020229694893953e+35
927.6093651441504,7.002378174539287e+35
927.4416059578849,7.085901221463429e+35
927.2739074395186,7.103427883901244e+35
927.1062695561478,7.140819993711862e+35
926.9386922748929,7.154685499719862e+35
926.7711755628976,7.180128234396211e+35
926.6037193873296,7.24353868502455e+35
926.4363237153802,7.244256214221345e+35
926.2689885142645,7.343648502434211e+35
926.1017137512212,7.335974282503139e+35
925.9344993935129,7.32105407572768e+35
925.7673454084253,7.4024466387661e+35
925.6002517632685,7.416302840742741e+35
925.4332184253753,7.329247114414991e+35
925.266245362103,7.336849847325507e+35
925.0993325408315,7.295974496596522e+35
924.9324799289652,7.256859777307212e+35
924.7656874939312,7.228459648803958e+35
924.5989552031805,7.263059039355311e+35
924.4322830241878,7.192853337444222e+35
924.2656709244505,7.259934099302939e+35
924.0991188714902,7.256998028004121e+35
923.9326268328513,7.198266343277924e+35
923.7661947761022,7.248552861395909e+35
923.599822668834,7.212632232853827e+35
923.4335104786617,7.213298961967392e+35
923.2672581732234,7.21058740494422e+35
923.1010657201804,7.197938611646542e+35
922.9349330872172,7.181890748337699e+35
922.7688602420423,7.189880302497376e+35
922.6028471523863,7.186198171747939e+35
922.4368937860039,7.182604792836771e+35
922.2710001106725,7.191727757635096e+35
922.105166094193,7.151685562623528e+35
921.9393917043893,7.091336397852659e+35
921.7736769091085,7.002162064811772e+35
921.6080216762207,6.963703264976895e+35
921.442425973619,6.905058690113004e+35
921.2768897692201,6.91195987499691e+35
921.1114130309631,6.85708553887958e+35
920.9459957268106,6.848034967303701e+35
920.7806378247478,6.8120223764263e+35
920.6153392927832,6.775146725385759e+35
920.4501000989484,6.789350117587294e+35
920.2849202112974,6.73611874424295e+35
920.1197995979076,6.718188998042888e+35
919.9547382268793,6.69954071758563e+35
919.7897360663352,6.707135316433063e+35
919.6247930844215,6.694475491692655e+35
919.459909249307,6.657783897537191e+35
919.295084529183,6.654953895824396e+35
919.1303188922641,6.667934373616077e+35
918.9656123067874,6.633648244846209e+35
918.800964741013,6.617051621206581e+35
918.6363761632233,6.6258287771952735e+35
918.471846541724,6.608460014000928e+35
918.3073758448428,6.58220038847536e+35
918.1429640409308,6.554686794285222e+35
917.9786110983613,6.535998405152617e+35
917.8143169855307,6.526077667338588e+35
917.6500816708572,6.523853079546153e+35
917.4859051227825,6.519932844702297e+35
917.3217873097705,6.528120647291336e+35
917.1577282003071,6.504731623152868e+35
916.9937277629022,6.491871108291987e+35
916.8297859660864,6.468640210044281e+35
916.6659027784143,6.458262092850261e+35
916.5020781684623,6.4491909006250975e+35
916.3383121048291,6.4199557991995845e+35
916.1746045561363,6.427181993798878e+35
916.0109554910276,6.4010019641608565e+35
915.8473648781694,6.38822073831113e+35
915.6838326862501,6.3981742418074215e+35
915.5203588839806,6.362643476537038e+35
915.3569434400944,6.426363383419351e+35
915.193586323347,6.419258895741637e+35
915.0302875025162,6.416299654288243e+35
914.8670469464024,6.387403956124249e+35
914.7038646238279,6.37351045283833e+35
914.5407405036375,6.397410235195819e+35
914.3776745546979,6.377874332996628e+35
914.2146667458985,6.359732928054781e+35
914.0517170461504,6.330540978005835e+35
913.8888254243872,6.301347710494169e+35
913.7259918495641,6.2715725463586846e+35
913.5632162906593,6.2562637822897165e+35
913.4004987166724,6.2245921958565426e+35
913.2378390966251,6.1750324582221124e+35
913.0752373995616,6.112862884790428e+35
912.912693594548,6.0935281760697224e+35
912.7502076506721,6.042128146872186e+35
912.5877795370442,6.025476712993857e+35
912.4254092227959,5.998213277973926e+35
912.2630966770816,6.0064888484850944e+35
912.1008418690769,6.0053460580244566e+35
911.93864476798,5.997128449915875e+35
911.7765053430103,6.01340665181721e+35
911.6144235634096,6.015367042266452e+35
911.4523993984413,6.015533425751614e+35
911.2904328173911,6.008844965287818e+35
911.1285237895657,6.02735733142586e+35
910.9666722842945,6.053032680435205e+35
910.8048782709279,6.029360028285144e+35
910.6431417188389,6.005235198634e+35
910.4814625974215,6.0318494028460765e+35
910.3198408760918,6.0560196132818015e+35
910.1582765242875,6.0573122315717996e+35
909.9967695114682,6.067568127881654e+35
909.835319807115,6.085200614022346e+35
909.6739273807303,6.1012928295382785e+35
909.512592201839,6.039479504423708e+35
909.3513142399868,6.043503856970075e+35
909.1900934647415,6.030203350959005e+35
909.0289298456922,6.0304468676035385e+35
908.8678233524498,6.00670163740711e+35
908.7067739546465,5.999032074506109e+35
908.5457816219359,5.945854231407138e+35
908.3848463239937,5.929429636728984e+35
908.2239680305163,5.8972164465101065e+35
908.0631467112223,5.895704300894726e+35
907.9023823358511,5.9053775508225566e+35
907.7416748741642,5.8848715399347405e+35
907.5810242959441,5.868570760079266e+35
907.4204305709943,5.9031201728559306e+35
907.2598936691404,5.923129812491898e+35
907.0994135602291,5.9067164276821705e+35
906.9389902141282,5.938537399631905e+35
906.7786236007272,5.9544203354845544e+35
906.6183136899365,5.986523234174015e+35
906.458060451688,6.002153270783887e+35
906.2978638559348,6.019671399312179e+35
906.1377238726513,6.018874843439518e+35
905.9776404718331,5.954782757660887e+35
905.8176136234969,5.954897421232088e+35
905.6576432976806,5.9376305763372114e+35
905.4977294644434,5.957631418018169e+35
905.3378720938655,5.917119954152431e+35
905.1780711560482,5.940822546008106e+35
905.018326621114,5.922320867126882e+35
904.8586384592066,5.891422484547911e+35
904.6990066404906,5.8993985626672194e+35
904.5394311351517,5.8686168717451244e+35
904.3799119133965,5.911718404059139e+35
904.2204489454529,5.901519870226219e+35
904.0610422015694,5.879502855600893e+35
903.9016916520159,5.891370949898398e+35
903.7423972670829,5.908300475668539e+35
903.5831590170822,5.886800031315761e+35
903.4239768723462,5.8756602202494124e+35
903.2648508032281,5.859045871654245e+35
903.1057807801027,5.849254258667005e+35
902.9467667733649,5.844013043732944e+35
902.7878087534306,5.8451048574490364e+35
902.6289066907367,5.822258515992513e+35
902.470060555741,5.8052878402048114e+35
902.3112703189219,5.802022891716874e+35
902.1525359507785,5.75846934905922e+35
901.993857421831,5.7822026273547504e+35
901.8352347026198,5.7562033630572724e+35
901.6766677637066,5.7436263581211884e+35
901.5181565756735,5.8073279020921605e+35
901.3597011091231,5.739161112900749e+35
901.2013013346791,5.7542808416788185e+35
901.0429572229856,5.7147086790968366e+35
900.8846687447073,5.7433562089637436e+35
900.7264358705295,5.693161407673052e+35
900.5682585711584,5.682172760004622e+35
900.4101368173203,5.648545201647269e+35
900.2520705797624,5.605812956616273e+35
900.0940598292522,5.6031342582000294e+35
899.9361045365779,5.601064759994492e+35
899.7782046725481,5.64349647972956e+35
899.6203602079921,5.615426347071342e+35
899.4625711137594,5.6428002004627855e+35
899.3048373607202,5.5944699221907466e+35
899.1471589197645,5.581501414712634e+35
898.9895357618037,5.560949428959765e+35
898.8319678577687,5.558388760135874e+35
898.6744551786115,5.587656793272974e+35
898.5169976953039,5.538336078031222e+35
898.3595953788382,5.5346794295115334e+35
898.2022482002271,5.533541827801155e+35
898.0449561305038,5.4997972671301906e+35
897.8877191407215,5.4636901423803964e+35
897.7305372019534,5.5090091794770266e+35
897.5734102852937,5.461330585745311e+35
897.4163383618562,5.4397357562028645e+35
897.2593214027752,5.455398488679179e+35
897.1023593792052,5.412032856496119e+35
896.9454522623207,5.386018808483462e+35
896.7886000233166,5.429752709869456e+35
896.6318026334076,5.420597960521322e+35
896.475060063829,5.410677195992684e+35
896.3183722858358,5.411906203768867e+35
896.1617392707035,5.448297160783242e+35
896.0051609897273,5.475680245670176e+35
895.8486374142225,5.493239861130284e+35
895.6921685155245,5.50471480995745e+35
895.535754264989,5.500395488493154e+35
895.3793946339913,5.493431272350346e+35
895.2230895939267,5.465226483753438e+35
895.066839116211,5.45939095405884e+35
894.9106431722792,5.430116842898129e+35
894.7545017335868,5.401837283403719e+35
894.598414771609,5.398492916912806e+35
894.4423822578409,5.3826724549592434e+35
894.2864041637974,5.3811019278179575e+35
894.1304804610136,5.375138571180075e+35
893.9746111210442,5.358522081259983e+35
893.8187961154634,5.323044152521611e+35
893.6630354158661,5.3003334317011044e+35
893.507328993866,5.310017705712794e+35
893.3516768210974,5.280392993463553e+35
893.1960788692138,5.316741496594357e+35
893.0405351098885,5.297746317189909e+35
892.8850455148151,5.2878474082273514e+35
892.7296100557063,5.280018027670951e+35
892.5742287042946,5.248082134524321e+35
892.4189014323323,5.26286019521934e+35
892.2636282115914,5.249802727124305e+35
892.1084090138634,5.267898683341726e+35
891.9532438109594,5.293598868540031e+35
891.7981325747103,5.2999459862759234e+35
891.6430752769666,5.292457436091085e+35
891.4880718895981,5.314082165895041e+35
891.3331223844943,5.3300915847439296e+35
891.1782267335644,5.336714580590149e+35
891.023384908737,5.3507093608230046e+35
890.8685968819599,5.3772097155800614e+35
890.7138626252009,5.380204379479966e+35
890.5591821104471,5.381436470430794e+35
890.404555309705,5.366674728149346e+35
890.2499821950004,5.3573568366705544e+35
890.0954627383787,5.346504705004678e+35
889.9409969119047,5.327533546458619e+35
889.7865846876626,5.311700016478432e+35
889.632226037756,5.2849853715155355e+35
889.4779209343076,5.271484652948198e+35
889.3236693494597,5.280949377437872e+35
889.169471255374,5.282251866707434e+35
889.015326624231,5.269486167693542e+35
888.8612354282311,5.259016110306122e+35
888.7071976395937,5.275096067937178e+35
888.5532132305573,5.2756029712627576e+35
888.3992821733799,5.254266508352848e+35
888.2454044403387,5.24178518517455e+35
888.09158000373,5.2320554256761296e+35
887.9378088358691,5.209149306566408e+35
887.7840909090908,5.204821287190829e+35
887.630426195749,5.227285194283154e+35
887.4768146682168,5.186155005333706e+35
887.3232562988859,5.2074494746548235e+35
887.1697510601679,5.2197466117387474e+35
887.0162989244927,5.173151457784965e+35
886.8628998643098,5.186816153059147e+35
886.7095538520879,5.15224547926569e+35
886.5562608603142,5.1537214442006816e+35
886.4030208614951,5.108391866853892e+35
886.2498338281562,5.132314016593706e+35
886.0966997328419,5.12773993169846e+35
885.9436185481155,5.124650526198481e+35
885.7905902465598,5.099843502100685e+35
885.6376148007757,5.093217399103157e+35
885.4846921833838,5.07475364296777e+35
885.331822367023,5.071798682342057e+35
885.1790053243517,5.04592758672567e+35
885.0262410280465,5.062586954703721e+35
884.8735294508033,5.032759556302409e+35
884.7208705653366,5.011051238526896e+35
884.56826434438,5.028587393689291e+35
884.4157107606859,4.987943678926884e+35
884.2632097870252,4.980561644472611e+35
884.1107613961877,4.984520833370556e+35
883.958365560982,4.9821647420304656e+35
883.8060222542356,4.958207209622804e+35
883.6537314487944,4.951836177563987e+35
883.5014931175233,4.9563061812034704e+35
883.3493072333057,4.9555137044557916e+35
883.1971737690438,4.935608863473255e+35
883.0450926976586,4.936678774889717e+35
882.8930639920893,4.90943184040939e+35
882.741087625294,4.885889003858423e+35
882.5891635702496,4.89115369512297e+35
882.4372917999515,4.924570401643599e+35
882.2854722874132,4.8854373844615306e+35
882.1337050056677,4.889324713818609e+35
881.9819899277657,4.868196673566748e+35
881.8303270267767,4.856220229507054e+35
881.678716275789,4.857072330969403e+35
881.5271576479092,4.841149024588246e+35
881.3756511162622,4.8127731562695365e+35
881.2241966539916,4.7892309823159394e+35
881.0727942342596,4.814437953928642e+35
880.9214438302464,4.796850804930758e+35
880.770145415151,4.781238217527608e+35
880.6188989621905,4.770437681063337e+35
880.4677044446009,4.7441393921460405e+35
880.316561835636,4.7497235709242834e+35
880.1654711085683,4.72305015580281e+35
880.0144322366887,4.732033914593352e+35
879.863445193306,4.709729759813124e+35
879.7125099517477,4.697428429985612e+35
879.5616264853596,4.7029516691561656e+35
879.4107947675058,4.6829499939128104e+35
879.2600147715682,4.679153493798236e+35
879.1092864709476,4.6724393894532235e+35
878.9586098390625,4.6464862068603e+35
878.8079848493503,4.662265664995786e+35
878.6574114752657,4.6260735392380284e+35
878.5068896902823,4.6538919731027276e+35
878.3564194678917,4.622011479777985e+35
878.2060007816033,4.6076470449589785e+35
878.0556336049452,4.6150025898995456e+35
877.9053179114632,4.596074043862472e+35
877.7550536747215,4.594079767482493e+35
877.6048408683022,4.569912348379953e+35
877.4546794658055,4.5595679135290395e+35
877.30456944085,4.540355745661429e+35
877.1545107670717,4.555125640883173e+35
877.004503418125,4.526876515536084e+35
876.8545473676826,4.5147932497120966e+35
876.7046425894348,4.512437257739101e+35
876.5547890570899,4.488920928882197e+35
876.4049867443745,4.5193476571427646e+35
876.2552356250328,4.484344530197335e+35
876.105535672827,4.48446832010302e+35
875.9558868615377,4.482675049987458e+35
875.8062891649624,4.4480895161435334e+35
875.6567425569177,4.4560685973151175e+35
875.5072470112372,4.4358335090936615e+35
875.3578025017725,4.424569238853796e+35
875.2084090023936,4.435917889027623e+35
875.0590664869878,4.417128901407917e+35
874.9097749294604,4.3901909932394886e+35
874.7605343037343,4.374167694982654e+35
874.6113445837506,4.371207748733488e+35
874.4622057434677,4.36148647333574e+35
874.3131177568622,4.358361972660202e+35
874.1640805979282,4.356821844206838e+35
874.0150942406775,4.3496043299228106e+35
873.8661586591397,4.336172014553315e+35
873.7172738273621,4.3437384557007544e+35
873.5684397194098,4.3075780026648526e+35
873.4196563093651,4.292796488599145e+35
873.2709235713287,4.275335421414003e+35
873.1222414794183,4.284022224608326e+35
872.9736100077694,4.2630546020959354e+35
872.8250291305353,4.25739473435653e+35
872.6764988218868,4.2586800133506214e+35
872.528019056012,4.245080421200473e+35
872.3795898071168,4.2342234897514514e+35
872.2312110494249,4.209115388695187e+35
872.0828827571772,4.201929540071795e+35
871.9346049046321,4.196722757637924e+35
871.7863774660657,4.200135345432683e+35
871.6382004157713,4.183495578158113e+35
871.4900737280602,4.142986063142147e+35
871.3419973772606,4.115758977880893e+35
871.1939713377183,4.084209485968766e+35
871.0459955837968,4.056913913003395e+35
870.8980700898766,4.0187403297837715e+35
870.750194830356,3.9818438024081136e+35
870.6023697796505,3.960829324473867e+35
870.4545949121929,3.9075007944359844e+35
870.3068702024334,3.877728682993205e+35
870.1591956248395,3.8548021698248954e+35
870.0115711538963,3.7987919366032084e+35
869.8639967641059,3.742161103036389e+35
869.7164724299878,3.6494451665104524e+35
869.5689981260788,3.524038437234851e+35
869.4215738269329,3.529943111146069e+35
869.2741995071215,3.515596956878872e+35
869.126875141233,3.513970926697324e+35
868.9796007038734,3.498780191870697e+35
868.8323761696655,3.507537728420194e+35
868.6852015132496,3.476433497106578e+35
868.5380767092829,3.48210848691161e+35
868.3910017324399,3.4622734214277745e+35
868.2439765574126,3.450319571405547e+35
868.0970011589094,3.445023663631521e+35
867.9500755116565,3.4435343162015876e+35
867.8031995903968,3.428130153100714e+35
867.6563733698905,3.414724608267986e+35
867.5095968249148,3.4071641171955434e+35
867.362869930264,3.391457356112853e+35
867.2161926607494,3.355265713049004e+35
867.0695649911992,3.326070805510101e+35
866.922986896459,3.3155680704191836e+35
866.7764583513912,3.2973678541254083e+35
866.629979330875,3.2844454232966222e+35
866.4835498098068,3.285248755102427e+35
866.3371697631001,3.2672881930091727e+35
866.190839165685,3.273142783377631e+35
866.0445579925087,3.2527483753075966e+35
865.8983262185353,3.2447324689262124e+35
865.7521438187462,3.246395284749378e+35
865.6060107681388,3.2324155528751535e+35
865.4599270417282,3.2296937438032007e+35
865.3138926145459,3.210984268560331e+35
865.1679074616407,3.222297699772843e+35
865.0219715580776,3.2385727833663733e+35
864.876084878939,3.238796118337209e+35
864.7302473993237,3.2631094085237995e+35
864.5844590943478,3.2658582233020446e+35
864.4387199391434,3.280203108288585e+35
864.2930299088603,3.2500033088064138e+35
864.1473889786643,3.2450396286336084e+35
864.001797123738,3.25206455999468e+35
863.8562543192812,3.2297203359188637e+35
863.7107605405103,3.23241765097268e+35
863.5653157626576,3.2218011029454054e+35
863.4199199609734,3.2357596189488397e+35
863.2745731107235,3.2423888711370855e+35
863.1292751871911,3.217318599449933e+35
862.9840261656756,3.23987882952304e+35
862.8388260214933,3.238372103368429e+35
862.6936747299768,3.2458414925099143e+35
862.5485722664757,3.2327011589817284e+35
862.4035186063559,3.249977787003929e+35
862.258513725,3.240259691340577e+35
862.1135575978067,3.2559261411816635e+35
861.9686502001922,3.2390390446867522e+35
861.8237915075883,3.2308299120652573e+35
861.6789814954438,3.2222274663144666e+35
861.5342201392239,3.2107144812631874e+35
861.3895074144101,3.22390566999819e+35
861.2448432965007,3.226100092414774e+35
861.1002277610103,3.231013753451597e+35
860.9556607834696,3.221256620597917e+35
860.8111423394264,3.2270258154069873e+35
860.6666724044444,3.2063267575589872e+35
860.522250954104,3.2039187959540255e+35
860.3778779640018,3.2017339873972217e+35
860.2335534097507,3.2023401256175278e+35
860.0892772669803,3.196254175852075e+35
859.9450495113363,3.1881415009285947e+35
859.8008701184805,3.1701473719291566e+35
859.6567390640917,3.1584039117247967e+35
859.5126563238643,3.161191758824323e+35
859.3686218735095,3.1608166875219707e+35
859.2246356887545,3.1450717536052397e+35
859.0806977453427,3.1289181888015383e+35
858.9368080190341,3.1223112164093252e+35
858.7929664856044,3.115477699081672e+35
858.6491731208463,3.1090557139623388e+35
858.5054279005678,3.111701134707018e+35
858.361730800594,3.1151363833651116e+35
858.2180817967653,3.120017191096227e+35
858.074480864939,3.104586563991227e+35
857.9309279809883,3.103408957671367e+35
857.7874231208021,3.085289009180776e+35
857.6439662602863,3.0903274216921535e+35
857.5005573753623,3.0875965833091467e+35
857.3571964419676,3.0703986331315557e+35
857.213883436056,3.0739389987325137e+35
857.0706183335975,3.081245276837299e+35
856.9274011105779,3.0673174517629125e+35
856.7842317429989,3.028556097451403e+35
856.6411102068787,3.0076350786687506e+35
856.4980364782513,3.0015308286243812e+35
856.3550105331666,2.9852786135110443e+35
856.2120323476905,2.9761564316654596e+35
856.0691018979052,2.9831080950179013e+35
855.9262191599084,2.966783376130615e+35
855.7833841098142,2.9475126168663137e+35
855.6405967237521,2.9451554917631635e+35
855.4978569778682,2.9430380516174273e+35
855.3551648483242,2.923055298792465e+35
855.2125203112973,2.912224547925012e+35
855.0699233429813,2.90311446517512e+35
854.9273739195854,2.9004596509196253e+35
854.784872017335,2.8902000534655135e+35
854.6424176124709,2.8929796004949586e+35
854.50001068125,2.8720900581787762e+35
854.3576511999453,2.8788812194132808e+35
854.2153391448451,2.8814423051445392e+35
854.0730744922536,2.870641831667844e+35
853.930857218491,2.8678624565503564e+35
853.7886872998932,2.8598131366631146e+35
853.6465647128119,2.869312511172312e+35
853.5044894336144,2.866804795066591e+35
853.3624614386837,2.857593356524347e+35
853.2204807044188,2.85798410985302e+35
853.078547207234,2.841669066121619e+35
852.9366609235598,2.8434485348225422e+35
852.7948218298419,2.834159056981223e+35
852.6530299025417,2.836162974560415e+35
852.5112851181367,2.824967669219769e+35
852.3695874531197,2.8140215262574225e+35
852.227936883999,2.806146819599843e+35
852.0863333872987,2.8110617239062036e+35
851.9447769395588,2.812696822334485e+35
851.8032675173341,2.810184450910546e+35
851.6618050971958,2.7865200971109858e+35
851.5203896557302,2.785594270852851e+35
851.3790211695393,2.785402185757394e+35
851.2376996152406,2.7800702732937653e+35
851.096424969467,2.7800021693046394e+35
850.9551972088669,2.7775513470249957e+35
850.8140163101046,2.782926134501002e+35
850.6728822498596,2.7669518220361475e+35
850.5317950048268,2.760726808237283e+35
850.3907545517164,2.760621178036417e+35
850.2497608672547,2.74693397877013e+35
850.1088139281827,2.7325320720880688e+35
849.9679137112573,2.7360734780928635e+35
849.8270601932506,2.7357744069968034e+35
849.6862533509501,2.730198524964937e+35
849.5454931611587,2.727232358104853e+35
849.4047796006948,2.722515263980233e+35
849.2641126463918,2.717930229556236e+35
849.123492275099,2.702970868693419e+35
848.9829184636804,2.6806468449696812e+35
848.842391189016,2.665694492093512e+35
848.7019104280004,2.637496113348264e+35
848.5614761575439,2.630830953384899e+35
848.4210883545721,2.60371642245085e+35
848.2807469960258,2.5628184016500726e+35
848.1404520588609,2.54691071257856e+35
848.0002035200488,2.538984162806061e+35
847.8600013565759,2.5175506709915283e+35
847.7198455454442,2.5039830732550116e+35
847.5797360636701,2.4873234304323495e+35
847.4396728882862,2.458255149250874e+35
847.2996559963397,2.438791722038512e+35
847.1596853648929,2.4177420078752603e+35
847.0197609710234,2.424743963208325e+35
846.8798827918242,2.393343292651071e+35
846.740050804403,2.3821816548088762e+35
846.600264985883,2.353874168783979e+35
846.460525313402,2.3416428451638863e+35
846.3208317641134,2.3333655257375123e+35
846.1811843151855,2.3335246966557132e+35
846.0415829438017,2.332768139629626e+35
845.9020276271601,2.305774408331611e+35
845.7625183424746,2.3041112377193524e+35
845.6230550669733,2.2821792258178913e+35
845.4836377778998,2.280426755073716e+35
845.3442664525128,2.264716065698038e+35
845.2049410680854,2.2714476932356362e+35
845.0656616019065,2.2628391517902235e+35
844.9264280312792,2.2617121275136157e+35
844.787240333522,2.260034759854255e+35
844.6480984859683,2.2481108166771913e+35
844.5090024659662,2.2538392577183436e+35
844.3699522508791,2.2496747860832204e+35
844.230947818085,2.246255679735926e+35
844.0919891449769,2.24052676270054e+35
843.9530762089627,2.24268153817533e+35
843.8142089874651,2.23538126687878e+35
843.6753874579216,2.2299716256422177e+35
843.5366115977848,2.2284935653102618e+35
843.3978813845218,2.2301836359025685e+35
843.259196795615,2.2340548093383012e+35
843.120557808561,2.2533564327851476e+35
842.9819644008717,2.2506904673884828e+35
842.8434165500732,2.2524682711189358e+35
842.7049142337073,2.256845432142718e+35
842.5664574293297,2.2600423651000063e+35
842.4280461145113,2.270074960729238e+35
842.2896802668373,2.2765812404665776e+35
842.1513598639083,2.2746420723142407e+35
842.013084883339,2.2554185892030132e+35
841.8748553027592,2.2488863987210884e+35
841.7366710998132,2.2591277173640477e+35
841.5985322521598,2.2574246427920326e+35
841.4604387374727,2.2546755873044167e+35
841.3223905334404,2.243751524731437e+35
841.1843876177658,2.244982221554056e+35
841.0464299681663,2.2371177326744845e+35
840.9085175623743,2.2318128675646307e+35
840.7706503781366,2.225092822152228e+35
840.6328283932143,2.2146865934612515e+35
840.4950515853837,2.211958338037643e+35
840.3573199324353,2.207694057628326e+35
840.219633412174,2.1991376858486357e+35
840.0819920024194,2.190458740670334e+35
839.9443956810059,2.1953455382268727e+35
839.8068444257821,2.184398545665404e+35
839.6693382146111,2.193009765125711e+35
839.5318770253707,2.1899726702201447e+35
839.3944608359529,2.177946454732971e+35
839.2570896242646,2.1963130161181927e+35
839.1197633682267,2.1832243264335457e+35
838.9824820457749,2.190191596880535e+35
838.8452456348591,2.177779994291861e+35
838.7080541134436,2.1844427796717273e+35
838.5709074595075,2.165835844965121e+35
838.4338056510437,2.152579675060577e+35
838.2967486660602,2.1479604165979108e+35
838.1597364825788,2.1459417569094633e+35
838.0227690786359,2.1308232549300027e+35
837.8858464322819,2.1215567426896584e+35
837.7489685215825,2.117141166163387e+35
837.6121353246166,2.113746981355703e+35
837.4753468194779,2.0979304397199074e+35
837.3386029842748,2.101081611645462e+35
837.2019037971291,2.1031567294640827e+35
837.0652492361779,2.0975234869462702e+35
836.9286392795717,2.092477944937786e+35
836.792073905476,2.0862343847183394e+35
836.6555530920697,2.093500007569288e+35
836.5190768175468,2.0821775120561854e+35
836.382645060115,2.0876646794420858e+35
836.2462577979963,2.0775160353056606e+35
836.109915009427,2.0937974547738283e+35
835.9736166726578,2.083954508146258e+35
835.837362765953,2.109977561451311e+35
835.7011532675915,2.0863665209819036e+35
835.5649881558662,2.11283531277349e+35
835.4288674090844,2.0774733272128622e+35
835.2927910055672,2.094699944555703e+35
835.1567589236498,2.068608955251516e+35
835.0207711416821,2.0668222010426394e+35
834.8848276380273,2.0658785152903125e+35
834.748928391063,2.056788911573095e+35
834.6130733791814,2.042642817660765e+35
834.4772625807877,2.0362297727122655e+35
834.3414959743022,2.027617057071762e+35
834.2057735381587,2.0488047076490485e+35
834.0700952508048,2.015366160697294e+35
833.9344610907028,2.0407094642857145e+35
833.7988710363286,2.0145597777720684e+35
833.663325066172,2.0342618303489343e+35
833.527823158737,2.0121795499497438e+35
833.3923652925415,2.0253859531560508e+35
833.2569514461175,2.000836967351888e+35
833.1215815980105,2.0155071416755073e+35
832.9862557267804,2.0015753622758678e+35
832.850973811001,2.0026348860003795e+35
832.7157358292599,1.983083226232034e+35
832.5805417601586,1.985145344781581e+35
832.4453915823121,1.9784608423675924e+35
832.3102852743502,1.95909314764746e+35
832.1752228149159,1.9755153601911324e+35
832.040204182666,1.9409944189794785e+35
831.9052293562717,1.9470396572893857e+35
831.7702983144175,1.929267443122482e+35
831.6354110358018,1.924387505022518e+35
831.5005674991372,1.9362627029087677e+35
831.3657676831498,1.9129109557743314e+35
831.2310115665795,1.9198587166858593e+35
831.0962991281799,1.9038802248667767e+35
830.9616303467187,1.8888937518348677e+35
830.8270052009769,1.896793199511752e+35
830.6924236697499,1.869179530480535e+35
830.5578857318461,1.892388786474022e+35
830.4233913660879,1.8796535529495725e+35
830.2889405513118,1.867308488599503e+35
830.1545332663676,1.883118676748653e+35
830.0201694901185,1.871615363337813e+35
829.8858492014423,1.854978373126037e+35
829.7515723792296,1.881374828829846e+35
829.617339002385,1.846695633224156e+35
829.483149049827,1.8639865073761965e+35
829.3490025004871,1.8660823365593128e+35
829.2148993333111,1.841357676171104e+35
829.080839527258,1.849234899618079e+35
828.9468230613005,1.851362144852351e+35
828.812849914425,1.8205963435300973e+35
828.6789200656312,1.8476162699314077e+35
828.545033493933,1.834048421529618e+35
828.411190178357,1.8084795026255162e+35
828.2773900979437,1.809685567170967e+35
828.1436332317476,1.824917995360777e+35
828.0099195588363,1.818069053680817e+35
827.8762490582908,1.7943172615980875e+35
827.7426217092058,1.818052232370323e+35
827.6090374906894,1.8124007044631088e+35
827.4754963818633,1.8019868856550084e+35
827.3419983618628,1.8126463028005668e+35
827.2085434098364,1.8263424308084628e+35
827.0751315049458,1.8112967823999594e+35
826.941762626367,1.802751185215826e+35
826.8084367532886,1.818080309418054e+35
826.675153864913,1.8177398531665425e+35
826.5419139404559,1.8048469232788322e+35
826.4087169591464,1.8115937575735165e+35
826.2755629002272,1.8123139313164036e+35
826.142451742954,1.8150212591194956e+35
826.0093834665961,1.8090924750120113e+35
825.8763580504362,1.7931971055584907e+35
825.7433754737702,1.808919991591082e+35
825.6104357159074,1.794735901082909e+35
825.4775387561704,1.7961480738809755e+35
825.344684573895,1.77924906119815e+35
825.2118731484308,1.7898235315005847e+35
825.07910445914,1.7859553467042134e+35
824.9463784853983,1.7788386584408063e+35
824.8136952065952,1.776461338868531e+35
824.6810546021325,1.7603134637014182e+35
824.5484566514262,1.7625353358328348e+35
824.4159013339049,1.7636233396249118e+35
824.2833886290106,1.769278499557298e+35
824.1509185161987,1.7628831680236844e+35
824.0184909749374,1.7391404875377704e+35
823.8861059847086,1.7577322179949487e+35
823.7537635250071,1.7535832815058308e+35
823.6214635753407,1.74316708804772e+35
823.4892061152308,1.7590884847267684e+35
823.3569911242116,1.741796433628839e+35
823.2248185818306,1.7197832242348155e+35
823.0926884676483,1.7262931677015536e+35
822.9606007612384,1.741080603726866e+35
822.828555442188,1.737807099492642e+35
822.6965524900967,1.735819527804231e+35
822.5645918845777,1.7349591379344623e+35
822.4326736052569,1.7260815190694986e+35
822.3007976317737,1.721111979625228e+35
822.16896394378,1.7039734542585954e+35
822.0371725209413,1.720788966103901e+35
821.9054233429358,1.708382168174916e+35
821.773716389455,1.7002483316844917e+35
821.6420516402029,1.7046340292237697e+35
821.510429074897,1.694241616696295e+35
821.3788486732677,1.6882650143568728e+35
821.2473104150583,1.6842214969551223e+35
821.1158142800251,1.6870137617424582e+35
820.9843602479373,1.6761461612858315e+35
820.8529482985771,1.6647294117741765e+35
820.7215784117396,1.6578057048346951e+35
820.5902505672329,1.668145259268876e+35
820.4589647448782,1.6701820098160534e+35
820.3277209245093,1.655967800564507e+35
820.1965190859729,1.6510806572283646e+35
820.0653592091289,1.6456079084674098e+35
819.9342412738498,1.645788881840554e+35
819.803165260021,1.650315749002953e+35
819.6721311475409,1.6342740388455615e+35
819.5411389163207,1.6398257317580496e+35
819.4101885462844,1.628502870456341e+35
819.2792800173687,1.6179468198667992e+35
819.1484133095233,1.6124119157027046e+35
819.0175884027109,1.6071373165032255e+35
818.8868052769064,1.5928448587737588e+35
818.7560639120983,1.5866605248573651e+35
818.6253642882871,1.5880781371769143e+35
818.4947063854864,1.5774151780032032e+35
818.3640901837227,1.5681839079455504e+35
818.2335156630351,1.5588066113765371e+35
818.1029828034752,1.5558621331379034e+35
817.972491585108,1.5411415968617323e+35
817.8420419880104,1.538907987775653e+35
817.7116339922725,1.5346607901864044e+35
817.5812675779972,1.5411710559537446e+35
817.4509427252997,1.5385755808887842e+35
817.320659414308,1.5275753786526436e+35
817.1904176251628,1.5401975616440658e+35
817.0602173380178,1.537367958895673e+35
816.9300585330387,1.5354155346062383e+35
816.7999411904043,1.528403226875076e+35
816.6698652903058,1.5272294250403457e+35
816.539830812947,1.5203021357877326e+35
816.4098377385448,1.5255838605318722e+35
816.2798860473279,1.524891756907367e+35
816.1499757195381,1.5130434803953677e+35
816.02010673543,1.5111066751871962e+35
815.8902790752699,1.5106285539613617e+35
815.7604927193375,1.510302815545761e+35
815.6307476479249,1.512680861434006e+35
815.501043841336,1.5211599751254318e+35
815.3713812798884,1.5103244169857575e+35
815.2417599439113,1.5149084823013956e+35
815.1121798137468,1.5158047981577261e+35
814.9826408697494,1.5135067488574708e+35
814.8531430922861,1.5118680669068263e+35
814.7236864617364,1.504024928224051e+35
814.5942709584923,1.5187420310938136e+35
814.4648965629581,1.5008689668038858e+35
814.3355632555506,1.491573337666377e+35
814.2062710166992,1.4972171908577669e+35
814.0770198268458,1.4869133676318158e+35
813.9478096664442,1.484741393467978e+35
813.818640515961,1.4813856097916835e+35
813.6895123558752,1.482864684401768e+35
813.5604251666782,1.468835471538269e+35
813.4313789288735,1.4723419827687483e+35
813.3023736229774,1.4701942883855563e+35
813.1734092295181,1.4654823079611357e+35
813.0444857290365,1.4553589083219558e+35
812.9156031020858,1.4567634243125013e+35
812.7867613292315,1.4560794389211188e+35
812.657960391051,1.4705216311282297e+35
812.5292002681346,1.4411619001713632e+35
812.4004809410847,1.4509164373028646e+35
812.2718023905159,1.4372859056106609e+35
812.1431645970551,1.4536045151867458e+35
812.0145675413416,1.4331378638840792e+35
811.886011204027,1.4292188284929823e+35
811.7574955657747,1.4302378860963206e+35
811.6290206072608,1.4417181647164651e+35
811.5005863091735,1.419880238416142e+35
811.3721926522134,1.4203077134836226e+35
811.2438396170928,1.4298663865094416e+35
811.1155271845369,1.4194108861427204e+35
810.9872553352824,1.4190815576133792e+35
810.8590240500787,1.4077892482167482e+35
810.730833309687,1.3988454630589096e+35
810.602683094881,1.3921047546958282e+35
810.4745733864464,1.3865676981929773e+35
810.3465041651809,1.3912066046095591e+35
810.2184754118947,1.3854557016023882e+35
810.0904871074099,1.3800214453744046e+35
809.9625392325605,1.3816503007046968e+35
809.8346317681929,1.3699830502766078e+35
809.7067646951656,1.3861912542380393e+35
809.5789379943491,1.3713102721229326e+35
809.451151646626,1.3654025702157241e+35
809.3234056328909,1.379263330290675e+35
809.1956999340505,1.3592370357950808e+35
809.0680345310236,1.3571776530488019e+35
808.9404094047412,1.3560873124982109e+35
808.8128245361459,1.3517084716560392e+35
808.6852799061925,1.3729138099149983e+35
808.557775495848,1.350814152802897e+35
808.4303112860914,1.3593636407368455e+35
808.3028872579132,1.32157658115336e+35
808.1755033923166,1.3066844679932564e+35
808.0481596703163,1.295748512598443e+35
807.920856072939,1.272058756397604e+35
807.7935925812236,1.2651624980786576e+35
807.6663691762207,1.2333130983838516e+35
807.5391858389928,1.2397665815837128e+35
807.4120425506146,1.2138087849251782e+35
807.2849392921726,1.2268740970476947e+35
807.157876044765,1.2264188758579074e+35
807.0308527895021,1.2414140670685461e+35
806.9038695075062,1.2139532241521897e+35
806.7769261799111,1.2309355223792185e+35
806.6500227878631,1.2140092673477901e+35
806.5231593125196,1.2291422108271283e+35
806.3963357350503,1.2037405639770775e+35
806.2695520366369,1.2164792444043085e+35
806.1428081984723,1.196706621907266e+35
806.0161042017619,1.1938385296491921e+35
805.8894400277226,1.2118121675525391e+35
805.762815657583,1.1864569924096996e+35
805.6362310725838,1.2002215327076199e+35
805.5096862539772,1.1776452504699292e+35
805.3831811830272,1.190083376930065e+35
805.25671584101,1.1763037394231938e+35
805.1302902092131,1.1700278899928617e+35
805.0039042689357,1.1806264727598295e+35
804.877558001489,1.1728980379088576e+35
804.7512513881958,1.18104662763129e+35
804.6249844103909,1.1838323900085437e+35
804.4987570494203,1.1549967082465896e+35
804.3725692866421,1.1714477247001812e+35
804.246421103426,1.152488807831934e+35
804.1203124811534,1.1471419173686676e+35
803.9942434012172,1.1665766951100371e+35
803.8682138450222,1.1480661303467424e+35
803.7422237939847,1.1445124752535928e+35
803.6162732295329,1.161973311249657e+35
803.4903621331061,1.150739493122097e+35
803.364490486156,1.1347618040310808e+35
803.2386582701453,1.147717645324131e+35
803.1128654665483,1.1475844923978666e+35
802.9871120568515,1.1333744908245244e+35
802.8613980225523,1.1336267616536459e+35
802.7357233451602,1.1470405858110804e+35
802.6100880061961,1.1455219655600795e+35
802.4844919871923,1.1274652903745109e+35
802.3589352696929,1.1226103369407274e+35
802.2334178352534,1.1369999464424058e+35
802.1079396654408,1.1337351714268434e+35
801.9825007418337,1.1275637862211287e+35
801.8571010460225,1.1156775084987127e+35
801.7317405596086,1.1173906715649676e+35
801.6064192642054,1.1255212846883544e+35
801.4811371414373,1.1303371620002957e+35
801.3558941729407,1.122978188688836e+35
801.2306903403629,1.124072605175389e+35
801.105525625363,1.1010772257081098e+35
800.9804000096119,1.0935712638423326e+35
800.8553134747912,1.1162596369504224e+35
800.7302660025945,1.1133029612092075e+35
800.6052575747266,1.1115471928026626e+35
800.4802881729038,1.1107941729411026e+35
800.3553577788538,1.109520768280258e+35
800.2304663743158,1.1054516590308865e+35
800.1056139410402,1.0935093363933903e+35
799.980800460789,1.087762009782093e+35
799.8560259153353,1.093395899158167e+35
799.7312902864637,1.0915518724054762e+35
799.6065935559704,1.0806656824768283e+35
799.4819357056629,1.0799367516875166e+35
799.3573167173593,1.082723197169649e+35
799.2327365728901,1.0745679108517703e+35
799.1081952540965,1.072485758566177e+35
798.9836927428312,1.0739604221243966e+35
798.8592290209582,1.0713926318710707e+35
798.7348040703525,1.0646613367318827e+35
798.6104178729012,1.0634011000185429e+35
798.4860704105017,1.054932544008768e+35
798.3617616650633,1.055226559996489e+35
798.2374916185063,1.047756699696448e+35
798.1132602527626,1.0517484002728064e+35
797.9890675497746,1.049135484952222e+35
797.8649134914968,1.044285309227022e+35
797.7407980598944,1.0413515988244504e+35
797.616721236944,1.0311692061511605e+35
797.4926830046335,1.0349088256686816e+35
797.3686833449617,1.0253318859991448e+35
797.2447222399389,1.023978965083651e+35
797.1207996715863,1.0241516114485268e+35
796.9969156219365,1.0248394574577267e+35
796.8730700730334,1.0127194495856422e+35
796.7492630069318,1.0071004637416503e+35
796.6254944056975,1.0125723369672237e+35
796.5017642514078,1.011661769266987e+35
796.3780725261511,1.0044050904473437e+35
796.2544192120267,1.0100761571600876e+35
796.1308042911451,9.99402001356344e+34
796.007227745628,1.0063905736836985e+35
795.8836895576081,9.945564400076902e+34
795.7601897092293,9.930615071353982e+34
795.6367281826465,9.87792285986586e+34
795.5133049600255,9.94680438129137e+34
795.3899200235436,9.87820907062674e+34
795.2665733553887,1.0039822091543884e+35
795.1432649377603,9.840071532538398e+34
795.0199947528681,9.774672353334385e+34
794.8967627829336,9.798797678929913e+34
794.773569010189,9.751222342326763e+34
794.6504134168777,9.819613238638283e+34
794.5272959852537,9.650249349935937e+34
794.4042166975823,9.806275997426828e+34
794.2811755361398,9.656068696422739e+34
794.1581724832135,9.725560799360798e+34
794.0352075211015,9.478914767654654e+34
793.912280632113,9.690159988375947e+34
793.7893917985681,9.564488289668123e+34
793.6665410027978,9.549074854432787e+34
793.543728227144,9.613720590334132e+34
793.4209534539598,9.419389658407287e+34
793.298216665609,9.57072921217656e+34
793.1755178444663,9.475559686373936e+34
793.0528569729173,9.428372699074673e+34
792.9302340333586,9.51002004683317e+34
792.8076490081977,9.524107707992542e+34
792.6851018798528,9.343015974307851e+34
792.5625926307531,9.491670956081324e+34
792.4401212433386,9.437722479503026e+34
792.3176877000603,9.384565879120613e+34
792.1952919833798,9.313005049395166e+34
792.0729340757697,9.291170015252022e+34
791.9506139597136,9.497707555131355e+34
791.8283316177053,9.377546282730514e+34
791.7060870322503,9.409679878844731e+34
791.5838801858639,9.345711419821595e+34
791.4617110610733,9.33555259005416e+34
791.3395796404153,9.405899785491276e+34
791.2174859064387,9.28889054366741e+34
791.095429841702,9.27982109179184e+34
790.973411428775,9.326789278126407e+34
790.8514306502381,9.204048385509488e+34
790.7294874886828,9.252018622181895e+34
790.6075819267108,9.221510625595092e+34
790.4857139469348,9.24082217058301e+34
790.3638835319782,9.19897845614322e+34
790.2420906644751,9.29405966211126e+34
790.1203353270703,9.199819215299992e+34
789.9986175024194,9.130445286872717e+34
789.8769371731885,9.137071741159118e+34
789.7552943220543,9.211486777232227e+34
789.6336889317046,9.207980921749065e+34
789.5121209848375,9.222370758767268e+34
789.3905904641617,9.168134797221517e+34
789.2690973523969,9.199989036787521e+34
789.147641632273,9.12590977855492e+34
789.026223286531,9.088398723207509e+34
788.9048422979221,9.036227160430909e+34
788.7834986492084,9.05832785207539e+34
788.6621923231622,8.988273342815566e+34
788.5409233025672,9.123620108575457e+34
788.4196915702167,8.951862933095108e+34
788.2984971089153,9.076253601728384e+34
788.1773399014779,9.033469719893412e+34
788.0562199307299,8.96451861046048e+34
787.9351371795074,9.03600906523124e+34
787.8140916306571,8.998425145348547e+34
787.6930832670358,8.943964723352485e+34
787.5721120715116,8.950484506630144e+34
787.4511780269623,8.967611406703593e+34
787.330281116277,8.886143060928633e+34
787.2094213223544,8.914132754358517e+34
787.0885986281047,8.877671464138795e+34
786.9678130164477,8.85145011134204e+34
786.8470644703143,8.742200161587135e+34
786.7263529726456,8.774151725935491e+34
786.6056785063931,8.757957045077527e+34
786.4850410545191,8.76904216722244e+34
786.3644405999962,8.767256811923413e+34
786.243877125807,8.611525838174914e+34
786.1233506149451,8.609770383498876e+34
786.0028610504143,8.518419670221913e+34
785.8824084152288,8.452675817101356e+34
785.7619926924135,8.491239396928662e+34
785.6416138650033,8.470786645247774e+34
785.5212719160436,8.496108152599864e+34
785.4009668285903,8.367635180421778e+34
785.2806985857095,8.351135080648806e+34
785.1604671704781,8.295059764935065e+34
785.0402725659827,8.332566326160463e+34
784.9201147553209,8.376341536217514e+34
784.7999937216001,8.245966718567693e+34
784.6799094479385,8.255751406723795e+34
784.5598619174643,8.245543714320466e+34
784.4398511133163,8.148829924873493e+34
784.3198770186434,8.147531000106154e+34
784.1999396166048,8.119944741400837e+34
784.08003889037,8.2088016408116155e+34
783.960174823119,8.155380686853578e+34
783.840347398042,8.164330727982554e+34
783.7205565983394,8.2065318705534205e+34
783.6008024072217,8.149092875165227e+34
783.4810848079101,8.140148256194867e+34
783.3614037836356,8.109607902827357e+34
783.2417593176399,8.111608759708179e+34
783.1221513931745,8.063216440659243e+34
783.0025799935012,8.022499080982677e+34
782.8830451018923,8.08209827179771e+34
782.7635467016303,8.047426674704684e+34
782.6440847760073,7.948658400786198e+34
782.5246593083265,8.017679248443513e+34
782.4052702819007,7.995668269399181e+34
782.2859176800529,7.938123024204975e+34
782.1666014861165,7.897635191964252e+34
782.047321683435,7.88449623246924e+34
781.928078255362,7.974293625269983e+34
781.8088711852614,7.902489693993285e+34
781.6897004565068,7.660905488429275e+34
781.5705660524825,7.555727442353028e+34
781.4514679565825,7.470755172459967e+34
781.3324061522113,7.385554248280015e+34
781.2133806227833,7.467630989534986e+34
781.0943913517231,7.451469056724395e+34
780.9754383224648,7.499452624256769e+34
780.8565215184536,7.514984975742556e+34
780.7376409231442,7.500112558164292e+34
780.6187965200014,7.474852242533943e+34
780.4999882925002,7.4350081434085705e+34
780.3812162241255,7.416320854478016e+34
780.2624802983723,7.403288104411972e+34
780.1437804987461,7.4061126112072495e+34
780.0251168087613,7.420347289896917e+34
779.9064892119435,7.391323314400825e+34
779.7878976918279,7.356352183545662e+34
779.6693422319595,7.345603401433861e+34
779.5508228158935,7.304867627395016e+34
779.4323394271953,7.297144066873026e+34
779.3138920494397,7.3260756434478235e+34
779.1954806662122,7.316003566404421e+34
779.0771052611077,7.229574708400965e+34
778.9587658177315,7.208412859316103e+34
778.8404623196985,7.204895042363399e+34
778.7221947506338,7.123494729600801e+34
778.6039630941722,7.1386905116253365e+34
778.4857673339587,7.13335181164049e+34
778.3676074536482,7.104158203315197e+34
778.2494834369055,7.065272854340573e+34
778.1313952674049,7.060784136667431e+34
778.0133429288312,6.998699875136156e+34
777.895326404879,7.00565313365438e+34
777.7773456792526,6.944414010088531e+34
777.6594007356658,6.965907735096578e+34
777.5414915578433,6.937362946500998e+34
777.4236181295188,6.900237096178826e+34
777.3057804344363,6.87484319559012e+34
777.1879784563494,6.8271242773006545e+34
777.0702121790215,6.811160560665083e+34
776.9524815862262,6.738939600380783e+34
776.8347866617468,6.690097192389202e+34
776.7171273893762,6.692776234489502e+34
776.5995037529171,6.658230971941712e+34
776.4819157361825,6.706385010891139e+34
776.3643633229948,6.657933508400225e+34
776.2468464971862,6.594082043694246e+34
776.1293652425987,6.595040526271043e+34
776.0119195430842,6.630474507113085e+34
775.8945093825043,6.593799808255118e+34
775.7771347447306,6.570186386363474e+34
775.6597956136438,6.567486597446826e+34
775.5424919731353,6.533974089570865e+34
775.4252238071053,6.514771528092992e+34
775.3079910994643,6.487104302426129e+34
775.1907938341325,6.485067164447064e+34
775.0736319950396,6.524861643692994e+34
774.9565055661252,6.48605842463451e+34
774.8394145313384,6.473965143972962e+34
774.7223588746384,6.414459886261486e+34
774.6053385799936,6.3331183965550015e+34
774.4883536313823,6.332493562886359e+34
774.3714040127926,6.270918014527703e+34
774.2544897082222,6.297499816562695e+34
774.1376107016783,6.273789344947714e+34
774.0207669771781,6.253023831892503e+34
773.9039585187478,6.199035844424288e+34
773.7871853104241,6.210782375627873e+34
773.6704473362528,6.165871507955557e+34
773.553744580289,6.186860875117335e+34
773.4370770265984,6.196538207887049e+34
773.3204446592557,6.21943049739687e+34
773.203847462345,6.24023058953172e+34
773.0872854199604,6.1925796481646415e+34
772.9707585162055,6.193153081175849e+34
772.854266735193,6.200980617816224e+34
772.7378100610464,6.187295214361756e+34
772.6213884778973,6.177561555556298e+34
772.5050019698878,6.211053816065159e+34
772.3886505211692,6.177805465799551e+34
772.2723341159027,6.151397410803283e+34
772.1560527382585,6.2100781777032425e+34
772.0398063724167,6.200820520186136e+34
771.9235950025667,6.209500275806276e+34
771.8074186129078,6.193154584905752e+34
771.6912771876483,6.13555174911767e+34
771.5751707110066,6.157955000702817e+34
771.4590991672098,6.1773499980983465e+34
771.3430625404955,6.171871572849526e+34
771.22706081511,6.168890506631113e+34
771.1110939753091,6.110702555999547e+34
770.9951620053585,6.140409046592463e+34
770.879264889533,6.196566481759687e+34
770.7634026121173,6.199027799727232e+34
770.6475751574048,6.180998846604902e+34
770.5317825096992,6.185724587518782e+34
770.4160246533128,6.129368253101778e+34
770.3003015725682,6.137353591099089e+34
770.1846132517966,6.083860865545061e+34
770.068959675339,6.037631529976735e+34
769.953340827546,6.05365066145691e+34
769.8377566927771,5.928197339349656e+34
769.7222072554015,5.8379857498259725e+34
769.606692499798,5.726160322724525e+34
769.4912124103544,5.64297330739606e+34
769.3757669714678,5.622475821644517e+34
769.260356167545,5.631296671042102e+34
769.1449799830019,5.592619278134426e+34
769.0296384022641,5.587135709778164e+34
768.9143314097661,5.5379723990906005e+34
768.7990589899518,5.481052872939367e+34
768.6838211272749,5.478380802129072e+34
768.5686178061977,5.4800078391638445e+34
768.4534490111926,5.449939029647738e+34
768.3383147267405,5.444405993153077e+34
768.2232149373323,5.426448793694355e+34
768.1081496274677,5.391577431113945e+34
767.9931187816558,5.401196938461292e+34
767.8781223844153,5.33926032121307e+34
767.7631604202736,5.339458476727919e+34
767.648232873768,5.276075036231172e+34
767.5333397294445,5.266197975618944e+34
767.4184809718588,5.256833575536027e+34
767.3036565855755,5.269734962374556e+34
767.1888665551686,5.256120669735004e+34
767.0741108652213,5.243498870489578e+34
766.959389500326,5.284538621314835e+34
766.8447024450844,5.290285191804408e+34
766.7300496841073,5.223190952274996e+34
766.6154312020147,5.3019659608066e+34
766.500846983436,5.304682108316656e+34
766.3862970130094,5.282733040949246e+34
766.2717812753828,5.325247644831575e+34
766.1572997552128,5.322237020536431e+34
766.0428524371654,5.344905464287254e+34
765.9284393059157,5.370424294725864e+34
765.814060346148,5.3415919289917595e+34
765.6997155425557,5.343795339260962e+34
765.5854048798413,5.302826140711428e+34
765.4711283427168,5.298641303529839e+34
765.3568859159027,5.306495605515715e+34
765.242677584129,5.227304821228961e+34
765.1285033321348,5.304895343033829e+34
765.0143631446681,5.347635618057756e+34
764.9002570064864,5.316822209859816e+34
764.786184902356,5.3031893800819125e+34
764.6721468170522,5.364185756609397e+34
764.5581427353596,5.285384493385526e+34
764.444172642072,5.321848357475766e+34
764.3302365219918,5.272670004308831e+34
764.2163343599307,5.336734304418245e+34
764.1024661407095,5.299658638830898e+34
763.9886318491582,5.3025133681984205e+34
763.8748314701154,5.340361387032337e+34
763.7610649884291,5.322970260110199e+34
763.6473323889562,5.324153367513458e+34
763.5336336565626,5.386636300788685e+34
763.4199687761234,5.327648475993471e+34
763.3063377325223,5.31536001151355e+34
763.1927405106524,5.357639309669237e+34
763.0791770954155,5.347723690012173e+34
762.9656474717226,5.311143089745202e+34
762.8521516244938,5.330206282532516e+34
762.7386895386576,5.35530680235908e+34
762.625261199152,5.318471243779851e+34
762.5118665909239,5.339857054220449e+34
762.3985056989288,5.374027362777649e+34
762.2851785081317,5.3581029065391545e+34
762.171885003506,5.414585523943489e+34
762.0586251700344,5.351230647422095e+34
761.9453989927083,5.381985464186632e+34
761.832206456528,5.377781413620927e+34
761.719047546503,5.358357607043906e+34
761.6059222476515,5.320691328908996e+34
761.4928305450004,5.348880519504956e+34
761.3797724235861,5.321415225637355e+34
761.2667478684531,5.311605928148793e+34
761.1537568646554,5.29658142253135e+34
761.0407993972558,5.316991346233142e+34
760.9278754513253,5.2914322950678835e+34
760.8149850119448,5.269991033998157e+34
760.7021280642033,5.264261824710628e+34
760.5893045931988,5.206914737791818e+34
760.4765145840383,5.283110561658558e+34
760.3637580218377,5.228994391976885e+34
760.2510348917212,5.217691020379845e+34
760.1383451788225,5.210186090963847e+34
760.0256888682839,5.185793923944508e+34
759.9130659452559,5.181607508422713e+34
759.8004763948987,5.22903255411476e+34
759.6879202023808,5.197469896278216e+34
759.5753973528798,5.177021998568697e+34
759.4629078315816,5.164262712761598e+34
759.3504516236811,5.131941305371239e+34
759.2380287143823,5.127877491074972e+34
759.1256390888974,5.12579548312818e+34
759.0132827324479,5.131192999593227e+34
758.9009596302635,5.088864084056886e+34
758.7886697675831,5.118786269234485e+34
758.6764131296541,5.051675638725085e+34
758.5641897017325,5.043921837881289e+34
758.4519994690837,5.026037779818811e+34
758.3398424169808,4.9872142315183135e+34
758.2277185307064,4.933994316789653e+34
758.1156277955514,4.877552119072248e+34
758.0035701968156,4.892009519108147e+34
757.8915457198075,4.832133735108731e+34
757.7795543498441,4.766596000991407e+34
757.6675960722513,4.708486443191062e+34
757.5556708723633,4.690817043776094e+34
757.4437787355234,4.7185456258434365e+34
757.3319196470833,4.713818849883765e+34
757.2200935924036,4.705860745485264e+34
757.1083005568532,4.685691377898452e+34
756.9965405258098,4.693564093767153e+34
756.8848134846598,4.7097781143232425e+34
756.7731194187983,4.729806381237408e+34
756.6614583136287,4.734142792664538e+34
756.5498301545631,4.73069931880024e+34
756.4382349270226,4.757303236705311e+34
756.3266726164366,4.730547552302497e+34
756.2151432082427,4.718422741428283e+34
756.1036466878879,4.680127851702598e+34
755.9921830408275,4.683737220457643e+34
755.8807522525248,4.689106534950413e+34
755.7693543084522,4.724676605979443e+34
755.6579891940908,4.693966221537677e+34
755.5466568949299,4.6838175221783035e+34
755.4353573964677,4.714753266024283e+34
755.3240906842103,4.724163902631237e+34
755.2128567436732,4.724018151488889e+34
755.1016555603799,4.6966424873000275e+34
754.9904871198623,4.710046632978471e+34
754.8793514076614,4.691890043507052e+34
754.7682484093259,4.669336559812773e+34
754.657178110414,4.645267525370746e+34
754.5461404964914,4.624323055675916e+34
754.435135553133,4.664102757051452e+34
754.3241632659219,4.627068557957437e+34
754.2132236204498,4.603666062429982e+34
754.1023166023166,4.563623607978543e+34
753.9914421971312,4.551437903945445e+34
753.8806003905102,4.529864827681898e+34
753.7697911680793,4.458731748767259e+34
753.6590145154727,4.452057832945923e+34
753.5482704183323,4.425293109137182e+34
753.4375588623093,4.448976105155656e+34
753.3268798330629,4.411836971191118e+34
753.2162333162605,4.384664888503765e+34
753.1056192975784,4.374086606659077e+34
752.9950377627013,4.369996110140272e+34
752.8844886973216,4.36701538924873e+34
752.7739720871413,4.356250969415785e+34
752.6634879178694,4.363893853613627e+34
752.5530361752245,4.35163084541731e+34
752.4426168449329,4.346529764834622e+34
752.3322299127295,4.312597303787751e+34
752.2218753643574,4.285615196540278e+34
752.1115531855685,4.274314788534714e+34
752.0012633621225,4.261790292597953e+34
751.8910058797877,4.233625121740989e+34
751.7807807243408,4.211239268960168e+34
751.6705878815668,4.2280271681374625e+34
751.560427337259,4.232656828888255e+34
751.450299077219,4.217493172812068e+34
751.3402030872569,4.209130207681208e+34
751.2301393531909,4.171666675731414e+34
751.1201078608476,4.1495788897878504e+34
751.0101085960617,4.172368921088668e+34
750.9001415446767,4.157667294036459e+34
750.7902066925438,4.184041474119963e+34
750.6803040255231,4.1457189359771164e+34
750.5704335294824,4.1301674521692933e+34
750.4605951902981,4.091756557474276e+34
750.3507889938547,4.151597547534068e+34
750.2410149260451,4.0938356961604312e+34
750.1312729727704,4.061888422548789e+34
750.0215631199397,4.111353894177873e+34
749.911885353471,4.0495974913450265e+34
749.80223965929,4.0893080567619226e+34
749.6926260233305,4.1245568919094845e+34
749.583044431535,4.0615967295358774e+34
749.4734948698539,4.0446515135724883e+34
749.3639773242461,4.0195953638936356e+34
749.2544917806782,3.979146957154036e+34
749.1450382251256,4.0256780192713795e+34
749.0356166435714,3.99807075576534e+34
748.9262270220073,3.9692154848156177e+34
748.8168693464327,3.9707435844437225e+34
748.7075436028556,3.9536392925234327e+34
748.5982497772922,3.9542331969616136e+34
748.4889878557663,3.9231255131071114e+34
748.3797578243104,3.945393281492739e+34
748.2705596689651,3.9433366198952935e+34
748.161393375779,3.9106743821633354e+34
748.052258930809,3.8876059267852556e+34
747.9431563201197,3.9049914637948344e+34
747.8340855297845,3.8862247583854952e+34
747.7250465458842,3.876616994177577e+34
747.6160393545083,3.884453247458896e+34
747.5070639417544,3.8540835002719925e+34
747.3981202937274,3.835940482185031e+34
747.2892083965415,3.8327063575210427e+34
747.1803282363182,3.836731170002874e+34
747.0714797991872,3.812255677990842e+34
746.9626630712864,3.7967935037135993e+34
746.8538780387618,3.8064216232186606e+34
746.7451246877673,3.8015870553514277e+34
746.6364030044649,3.801452530000011e+34
746.527712975025,3.740423522640199e+34
746.4190545856255,3.738909803846938e+34
746.3104278224529,3.757827277204738e+34
746.201832671701,3.7414727330151363e+34
746.0932691195726,3.7383957794807054e+34
745.984737152278,3.728759927809175e+34
745.8762367560352,3.7460915381097723e+34
745.7677679170707,3.719620522402851e+34
745.659330621619,3.7101934998274105e+34
745.5509248559223,3.6800300866658807e+34
745.4425506062312,3.6849163045294548e+34
745.3342078588039,3.6670667401410914e+34
745.2258965999068,3.6569311813971465e+34
745.1176168158144,3.685130646536548e+34
745.0093684928089,3.646260086210302e+34
744.9011516171804,3.6767872768192176e+34
744.7929661752275,3.639438692711039e+34
744.6848121532562,3.6311317630511567e+34
744.5766895375807,3.6134770471965476e+34
744.4685983145231,3.631228801990509e+34
744.3605384704136,3.6000377780454042e+34
744.25250999159,3.586279610895074e+34
744.1445128643984,3.561310994309556e+34
744.0365470751923,3.550881348363397e+34
743.928612610334,3.5437407340854983e+34
743.8207094561927,3.5425931535659267e+34
743.7128375991462,3.523145049067704e+34
743.60499702558,3.5400334270592257e+34
743.4971877218876,3.5167461503086748e+34
743.3894096744699,3.5078082383012474e+34
743.2816628697362,3.492833764775286e+34
743.1739472941036,3.5334728220246e+34
743.0662629339971,3.4782158537444738e+34
742.9586097758495,3.4917810604253575e+34
742.8509878061011,3.447692956484294e+34
742.7433970112006,3.463923603908296e+34
742.6358373776044,3.4616983467511308e+34
742.5283088917765,3.413503721955307e+34
742.4208115401891,3.4307308444663197e+34
742.313345309322,3.404121556700735e+34
742.2059101856629,3.424940800542508e+34
742.0985061557071,3.406722448681491e+34
741.9911332059581,3.368416678146884e+34
741.8837913229272,3.402411798331297e+34
741.776480493133,3.3692957922280665e+34
741.6692007031024,3.346032940415384e+34
741.5619519393699,3.3570226930062414e+34
741.4547341884779,3.3161172091112753e+34
741.3475474369762,3.294794029352668e+34
741.240391671423,3.298699519204251e+34
741.1332668783838,3.2770743552301612e+34
741.026173044432,3.277126906462457e+34
740.9191101561487,3.2565298593307534e+34
740.812078200123,3.246170509644104e+34
740.7050771629514,3.218327846262041e+34
740.5981070312386,3.238385474584343e+34
740.4911677915961,3.2259625652747464e+34
740.3842594306445,3.2154574295198974e+34
740.2773819350111,3.2197033164880934e+34
740.1705352913311,3.227858057506939e+34
740.0637194862478,3.1837867428172473e+34
739.9569345064117,3.172617841486873e+34
739.8501803384814,3.1380822871470595e+34
739.7434569691231,3.083715484244532e+34
739.6367643850106,3.086191103035435e+34
739.5301025728252,3.080122988694151e+34
739.4234715192564,3.090136911729058e+34
739.3168712110011,3.1150254381068666e+34
739.2103016347636,3.1096293531683205e+34
739.1037627772563,3.1254967238577843e+34
738.997254625199,3.0973879016744037e+34
738.8907771653195,3.0874388833123775e+34
738.7843303843526,3.082846146269811e+34
738.6779142690414,3.0819466799575644e+34
738.5715288061361,3.066229511804086e+34
738.4651739823951,3.0474525327340963e+34
738.3588497845839,3.036006075677139e+34
738.2525561994759,3.0314023267171593e+34
738.146293213852,3.0172120241591724e+34
738.0400608145011,3.016834030727159e+34
737.9338589882188,3.0131539764587415e+34
737.8276877218095,2.972729908484814e+34
737.7215470020841,2.9578883967205953e+34
737.6154368158617,2.96190901504604e+34
737.509357149969,2.9628207213776702e+34
737.4033079912397,2.9671624702790694e+34
737.2972893265159,2.9529785579547352e+34
737.1913011426466,2.9426029343701575e+34
737.0853434264886,2.9307509962201597e+34
736.9794161649065,2.92793607784182e+34
736.873519344772,2.9193397009255407e+34
736.7676529529648,2.9048101415165075e+34
736.6618169763717,2.909880696742604e+34
736.5560114018871,2.8733048754308235e+34
736.4502362164133,2.8693556002440125e+34
736.3444914068599,2.8708804828645647e+34
736.2387769601437,2.8583741703583685e+34
736.1330928631896,2.8675911787792376e+34
736.0274391029297,2.8625085385637513e+34
735.9218156663036,2.8590038126438087e+34
735.8162225402584,2.839583137130861e+34
735.7106597117487,2.8407491876030757e+34
735.6051271677363,2.823060063869445e+34
735.4996248951913,2.8141327789911816e+34
735.3941528810905,2.8214983631300805e+34
735.2887111124184,2.8191331226958314e+34
735.1832995761669,2.8072066978729745e+34
735.0779182593355,2.8173651198442436e+34
734.9725671489313,2.806334012954705e+34
734.8672462319682,2.7947713708135927e+34
734.7619554954684,2.779670882330183e+34
734.656694926461,2.7866106653788314e+34
734.5514645119824,2.7711596123358884e+34
734.446264239077,2.7807146707645073e+34
734.3410940947961,2.7693935799791933e+34
734.2359540661987,2.7729229006345632e+34
734.1308441403511,2.7433586640115015e+34
734.0257643043271,2.722936657243519e+34
733.9207145452077,2.728607237046783e+34
733.8156948500815,2.7020792513290603e+34
733.7107052060444,2.7066040291434094e+34
733.6057456001996,2.687531813676872e+34
733.5008160196578,2.6937113208445746e+34
733.3959164515372,2.6910034457033037e+34
733.2910468829631,2.680823527565043e+34
733.1862073010683,2.6779102846097053e+34
733.0813976929929,2.654949734247427e+34
732.9766180458844,2.657000198255018e+34
732.8718683468976,2.6328870231622578e+34
732.7671485831947,2.6361265876147635e+34
732.6624587419453,2.613912096256366e+34
732.5577988103262,2.624965674134098e+34
732.4531687755214,2.616801121705943e+34
732.3485686247227,2.6164851493947375e+34
732.2439983451286,2.5917912092246222e+34
732.1394579239454,2.615075283660117e+34
732.0349473483865,2.5923148686210667e+34
731.9304666056726,2.5778401536409348e+34
731.8260156830316,2.578212516581547e+34
731.721594567699,2.569122522526094e+34
731.6172032469171,2.5496567356094587e+34
731.5128417079362,2.559455406552917e+34
731.4085099380131,2.5574195880435996e+34
731.3042079244125,2.5379006275132554e+34
731.1999356544057,2.54337549022352e+34
731.0956931152718,2.52318031980913e+34
730.9914802942972,2.527343180187383e+34
730.887297178775,2.511312179115682e+34
730.7831437560061,2.503972859152986e+34
730.6790200132984,2.499629764081891e+34
730.5749259379669,2.4930446202042153e+34
730.470861517334,2.488690352639632e+34
730.3668267387296,2.498488623115171e+34
730.2628215894902,2.5137021439002015e+34
730.1588460569598,2.4972163490015476e+34
730.0549001284897,2.512712625044174e+34
729.9509837914384,2.5004247803385393e+34
729.8470970331716,2.485526074317863e+34
729.743239841062,2.4933891696456143e+34
729.6394122024897,2.477992828412984e+34
729.5356141048416,2.464136745997846e+34
729.4318455355124,2.478130800460931e+34
729.3281064819035,2.46950746564497e+34
729.2243969314237,2.44544971407676e+34
729.1207168714889,2.4390813798163915e+34
729.0170662895218,2.4456423970677613e+34
728.913445172953,2.4381953155828878e+34
728.8098535092195,2.442369474178601e+34
728.7062912857659,2.4183938872386206e+34
728.6027584900437,2.4109557355049315e+34
728.4992551095118,2.4193298990744146e+34
728.3957811316358,2.412115253150067e+34
728.2923365438887,2.3969611003082576e+34
728.1889213337508,2.404431205529457e+34
728.0855354887092,2.390699768787339e+34
727.9821789962582,2.390160153708584e+34
727.878851843899,2.375338454797653e+34
727.7755540191406,2.390349103000503e+34
727.672285509498,2.363188598792315e+34
727.5690463024941,2.3679436820982336e+34
727.4658363856588,2.3597429679492736e+34
727.3626557465287,2.3505324223928986e+34
727.2595043726478,2.359981783055423e+34
727.156382251567,2.3328278717952593e+34
727.0532893708445,2.323833659332799e+34
726.9502257180451,2.3343857887950794e+34
726.8471912807411,2.3244099626508133e+34
726.7441860465116,2.326075479951478e+34
726.6412100029429,2.3042025471848644e+34
726.5382631376282,2.300181563243298e+34
726.4353454381677,2.3036299655153296e+34
726.3324568921687,2.291243325147313e+34
726.2295974872457,2.2736038443612616e+34
726.1267672110197,2.269364988669306e+34
726.0239660511195,2.279781011402303e+34
725.9211939951799,2.2592582524448347e+34
725.8184510308438,2.235328261075826e+34
725.71573714576,2.246659370366255e+34
725.6130523275853,2.2435200172193965e+34
725.5103965639828,2.2340245944144997e+34
725.4077698426229,2.2219799644248825e+34
725.3051721511827,2.2240622643964118e+34
725.2026034773465,2.198577457159992e+34
725.1000638088057,2.197874673016368e+34
724.9975531332582,2.1979626260899055e+34
724.8950714384093,2.191867754989649e+34
724.792618711971,2.1797208103213866e+34
724.6901949416625,2.174838865579477e+34
724.5878001152096,2.1581576309982525e+34
724.485434220345,2.161792787396211e+34
724.3830972448089,2.148562507758398e+34
724.280789176348,2.1355520385897678e+34
724.1785100027157,2.1309863656601886e+34
724.076259711673,2.1350998571137543e+34
723.974038290987,2.1258670194328145e+34
723.8718457284323,2.120219358501749e+34
723.7696820117902,2.1058288847737097e+34
723.667547128849,2.1012087109459686e+34
723.5654410674039,2.1144077096307816e+34
723.4633638152565,2.110724521111757e+34
723.3613153602159,2.09675660011714e+34
723.2592956900979,2.094744994731017e+34
723.1573047927251,2.0956702684557487e+34
723.0553426559269,2.075547124289802e+34
722.9534092675399,2.0659973732470431e+34
722.8515046154068,2.0537133085849122e+34
722.7496286873783,2.0250961589511027e+34
722.6477814713109,1.961075193747396e+34
722.5459629550686,1.9320498864393628e+34
722.4441731265217,1.92816194177628e+34
722.3424119735479,1.9234965977093916e+34
722.2406794840313,1.898912513934947e+34
722.1389756458632,1.9108548524210017e+34
722.0373004469412,1.8901967594173837e+34
721.9356538751701,1.890212148400507e+34
721.8340359184616,1.8743242785110059e+34
721.7324465647341,1.8702980907781817e+34
721.6308858019124,1.8670271282179393e+34
721.5293536179287,1.8659194303323692e+34
721.4278500007214,1.8389527556233246e+34
721.3263749382364,1.8382567820530525e+34
721.224928418426,1.8326864168084208e+34
721.1235104292489,1.8281731162155353e+34
721.022120958671,1.8263305889554254e+34
720.9207599946652,1.809118871769325e+34
720.8194275252107,1.8172690359570667e+34
720.7181235382935,1.8013864439138512e+34
720.6168480219069,1.806579358721149e+34
720.51560096405,1.7934207738096728e+34
720.4143823527294,1.7981905357422324e+34
720.3131921759581,1.7929693155309423e+34
720.2120304217563,1.8063776031783876e+34
720.1108970781501,1.805674425390359e+34
720.009792133173,1.8041073895090932e+34
719.9087155748653,1.8031421727655723e+34
719.8076673912732,1.8143013328552647e+34
719.7066475704503,1.8140154194699727e+34
719.605656100457,1.8041887518938355e+34
719.5046929693599,1.8087108922455302e+34
719.4037581652327,1.7985497860489735e+34
719.3028516761555,1.7920863993737057e+34
719.2019734902152,1.8035627974154e+34
719.1011235955057,1.7913588902866165e+34
719.0003019801268,1.7771169955401427e+34
718.8995086321859,1.7860690128558362e+34
718.7987435397963,1.7731327490699635e+34
718.6980066910785,1.7727849279917227e+34
718.5972980741592,1.7649234875601232e+34
718.4966176771723,1.7589699282390082e+34
718.3959654882578,1.762851723741909e+34
718.2953414955628,1.7461581366264029e+34
718.1947456872406,1.739633981959599e+34
718.0941780514515,1.7371064877644664e+34
717.9936385763623,1.7482936095015575e+34
717.8931272501463,1.7289095855217665e+34
717.7926440609837,1.7318494607144703e+34
717.6921889970611,1.7286635462579764e+34
717.5917620465718,1.7184969840206807e+34
717.4913631977155,1.7134494572608444e+34
717.390992438699,1.7008191653653988e+34
717.2906497577351,1.6908974419209686e+34
717.1903351430436,1.686120437794852e+34
717.0900485828507,1.6854576143856253e+34
716.9897900653895,1.6797619600144447e+34
716.8895595788991,1.6747068849032774e+34
716.7893571116257,1.656495457940361e+34
716.6891826518216,1.6569146299820183e+34
716.5890361877464,1.6519974837721559e+34
716.4889177076653,1.6534644545604396e+34
716.388827199851,1.6351825122342544e+34
716.288764652582,1.6369424589438866e+34
716.188730054144,1.6302689692602654e+34
716.0887233928285,1.6303020383935353e+34
715.988744656934,1.6145814921864333e+34
715.8887938347657,1.6195204467214184e+34
715.788870914635,1.6179126951145754e+34
715.6889758848599,1.6117513854549932e+34
715.5891087337651,1.6012195928437165e+34
715.4892694496815,1.5950595346602373e+34
715.3894580209466,1.5856856909605463e+34
715.2896744359047,1.5989709238889145e+34
715.1899186829063,1.5833163208665802e+34
715.0901907503084,1.5879934348319228e+34
714.9904906264748,1.579871546699398e+34
714.8908182997752,1.579934210142402e+34
714.7911737585864,1.568107675696916e+34
714.6915569912916,1.5711245300121178e+34
714.5919679862799,1.5689187702095126e+34
714.4924067319475,1.5422552433576897e+34
714.3928732166969,1.5457977709712002e+34
714.2933674289367,1.5371283072350674e+34
714.1938893570828,1.5308600003912063e+34
714.0944389895564,1.5205067910043471e+34
713.9950163147862,1.5232108264977057e+34
713.8956213212067,1.5178606183242217e+34
713.7962539972591,1.513896263914791e+34
713.6969143313909,1.504303598122618e+34
713.5976023120562,1.504376833614385e+34
713.4983179277154,1.5047443858269834e+34
713.3990611668356,1.5001455641465392e+34
713.2998320178896,1.4991028907011181e+34
713.2006304693573,1.492495562252033e+34
713.1014565097249,1.4828283625891652e+34
713.0023101274849,1.4859139203098017e+34
712.903191311136,1.4746102161694454e+34
712.8041000491836,1.4922088863768846e+34
712.7050363301393,1.4911214181327294e+34
712.6060001425212,1.479425721738586e+34
712.5069914748539,1.4983855865355538e+34
712.408010315668,1.489153694906944e+34
712.3090566535008,1.491430494686561e+34
712.2101304768959,1.510864909581112e+34
712.1112317744032,1.5049175963596977e+34
712.0123605345789,1.4995605835620012e+34
711.9135167459857,1.4963208011660346e+34
711.8147003971926,1.4996504085975605e+34
711.7159114767749,1.5006198342007838e+34
711.6171499733143,1.5103639500047913e+34
711.518415875399,1.5145801426858854e+34
711.419709171623,1.522813106908911e+34
711.321029850587,1.5242853060787575e+34
711.2223779008982,1.5113788715404498e+34
711.12375331117,1.5038407250655327e+34
711.0251560700218,1.5051030661794033e+34
710.9265861660796,1.5051089394439218e+34
710.8280435879757,1.5058860331170187e+34
710.7295283243485,1.4814276640249133e+34
710.6310403638431,1.4906091142398395e+34
710.5325796951105,1.4829588421230904e+34
710.4341463068082,1.4867334916291427e+34
710.3357401875996,1.4761634039225512e+34
710.2373613261552,1.466835102421961e+34
710.1390097111511,1.4723103659703359e+34
710.0406853312696,1.466434567727341e+34
709.9423881751997,1.4614529728657755e+34
709.8441182316365,1.4654969494953525e+34
709.7458754892812,1.4609231183839273e+34
709.6476599368414,1.4531475378694415e+34
709.549471563031,1.445807640002172e+34
709.4513103565703,1.4357793280739222e+34
709.3531763061852,1.4310322284881182e+34
709.2550694006086,1.4323101419595017e+34
709.156989628579,1.4262135946669797e+34
709.0589369788416,1.420177557949087e+34
708.9609114401478,1.4159139563453072e+34
708.8629130012548,1.4134954479184293e+34
708.7649416509262,1.398001210947293e+34
708.6669973779321,1.4029066475627789e+34
708.5690801710485,1.4056909126395617e+34
708.4711900190579,1.3992025724836778e+34
708.3733269107486,1.3938670736252423e+34
708.2754908349152,1.3928500876979756e+34
708.1776817803586,1.3882662156114025e+34
708.0798997358862,1.3833254350186114e+34
707.982144690311,1.3853975487772652e+34
707.8844166324523,1.3789769626108271e+34
707.7867155511359,1.3818019574006178e+34
707.6890414351934,1.373794619387331e+34
707.5913942734628,1.3720848444731572e+34
707.4937740547883,1.3537983939749455e+34
707.3961807680201,1.3612258425911513e+34
707.2986144020144,1.3553871354729866e+34
707.2010749456339,1.35589363815309e+34
707.1035623877473,1.3573557274490588e+34
707.0060767172295,1.352473020417067e+34
706.9086179229611,1.3509279822901676e+34
706.8111859938296,1.3512492298455198e+34
706.7137809187279,1.3395631036401435e+34
706.6164026865556,1.337602213502916e+34
706.519051286218,1.3349447927240187e+34
706.4217267066267,1.328147451507968e+34
706.3244289366993,1.3348462263627258e+34
706.2271579653597,1.3229536653664628e+34
706.1299137815377,1.3198955912956293e+34
706.0326963741691,1.3125858418431085e+34
705.9355057321964,1.311551645384197e+34
705.8383418445674,1.3038926220898115e+34
705.7412047002364,1.3022359773389371e+34
705.644094288164,1.3029772316385894e+34
705.5470105973161,1.2932139413280353e+34
705.4499536166657,1.2958853488938732e+34
705.3529233351908,1.286051260420378e+34
705.2559197418764,1.286174854635116e+34
705.158942825713,1.2745771591282958e+34
705.0619925756972,1.2734345985537065e+34
704.965068980832,1.2674682146620852e+34
704.8681720301261,1.2664099455901089e+34
704.7713017125943,1.2496949665075946e+34
704.6744580172575,1.257344974791704e+34
704.5776409331427,1.2603590110516419e+34
704.4808504492827,1.2419365579289342e+34
704.3840865547166,1.2507131202555541e+34
704.2873492384894,1.2458969318739022e+34
704.190638489652,1.2509868873807733e+34
704.0939542972615,1.2477670605499657e+34
703.9972966503809,1.2527365620435248e+34
703.9006655380792,1.2445013302224902e+34
703.8040609494317,1.2549437354760732e+34
703.7074828735192,1.2501463733939655e+34
703.6109312994287,1.2436140694004235e+34
703.5144062162533,1.2432157798276962e+34
703.417907613092,1.239507241053788e+34
703.3214354790498,1.2325306297325545e+34
703.2249898032377,1.2434561006529304e+34
703.1285705747724,1.2263268645786001e+34
703.0321777827772,1.2214907343612067e+34
702.9358114163805,1.2182487123548136e+34
702.8394714647175,1.2218482338582393e+34
702.7431579169287,1.209827703281166e+34
702.646870762161,1.199327582295114e+34
702.5506099895672,1.1943765457600982e+34
702.4543755883055,1.202156454063499e+34
702.3581675475409,1.195634889970139e+34
702.2619858564436,1.1836177743089352e+34
702.1658305041902,1.1865052559209955e+34
702.069701479963,1.177901281398221e+34
701.9735987729503,1.183495957429106e+34
701.8775223723461,1.1786827260927968e+34
701.7814722673508,1.1754618875391268e+34
701.6854484471701,1.1569265030051856e+34
701.5894509010163,1.1642713895838004e+34
701.4934796181069,1.1523282319722666e+34
701.397534587666,1.1495974665925965e+34
701.3016157989227,1.1450484290060301e+34
701.2057232411131,1.130816272351313e+34
701.1098569034782,1.1268493027182952e+34
701.0140167752654,1.123156297254387e+34
700.9182028457278,1.1210701267314494e+34
700.8224151041247,1.1170497726449418e+34
700.7266535397207,1.1134899208736408e+34
700.6309181417867,1.1213945322006341e+34
700.5352088995993,1.1030391673336205e+34
700.439525802441,1.1051892009671048e+34
700.3438688396002,1.1027586949753473e+34
700.2482380003711,1.0994240122643439e+34
700.1526332740538,1.1063960646594737e+34
700.057054649954,1.1032575259139613e+34
699.9615021173836,1.1078380854478284e+34
699.86597566566,1.096444310566468e+34
699.7704752841069,1.102642432780584e+34
699.6750009620532,1.0901844431751e+34
699.579552688834,1.093253874855897e+34
699.4841304537904,1.0838643347965577e+34
699.3887342462689,1.0843236992213614e+34
699.2933640556219,1.076288848563032e+34
699.1980198712077,1.0691398646581436e+34
699.1027016823907,1.0659990606940135e+34
699.0074094785406,1.075092263523958e+34
698.912143249033,1.0691215790440945e+34
698.8169029832494,1.0719092152123087e+34
698.7216886705772,1.0818006083004806e+34
698.6265003004095,1.0800824897056228e+34
698.5313378621449,1.0833175033299302e+34
698.4362013451881,1.0823524645621223e+34
698.3410907389497,1.0833834189197154e+34
698.2460060328455,1.0707679789416896e+34
698.1509472162976,1.0655411256447428e+34
698.0559142787338,1.0696084842123468e+34
697.9609072095872,1.0625587692850912e+34
697.8659259982973,1.0552232097583078e+34
697.7709706343087,1.0496026661034592e+34
697.6760411070724,1.0584100299774522e+34
697.5811374060446,1.0530597296021845e+34
697.4862595206876,1.052579615084196e+34
697.391407440469,1.040041697433848e+34
697.2965811548627,1.0480733125937475e+34
697.2017806533478,1.0459123923869165e+34
697.1070059254097,1.047945813935364e+34
697.0122569605387,1.0353484379090758e+34
696.9175337482316,1.0347779802081828e+34
696.8228362779906,1.0136118281408402e+34
696.7281645393234,1.0161867341505704e+34
696.6335185217437,1.0213787019798701e+34
696.5388982147708,1.0100170553945e+34
696.4443036079298,1.0096142103788157e+34
696.3497346907511,1.0057013233924746e+34
696.2551914527713,9.996294119701572e+33
696.1606738835324,9.964076368449256e+33
696.066181972582,9.932930170017125e+33
695.9717157094735,1.0031607876906298e+34
695.8772750837663,9.91967912030775e+33
695.7828600850247,9.951370440956334e+33
695.6884707028192,9.965484797641859e+33
695.5941069267261,9.896050327124091e+33
695.4997687463269,9.831198395618136e+33
695.405456151209,9.74943218211897e+33
695.3111691309654,9.737436513014951e+33
695.2169076751946,9.728379138515774e+33
695.1226717735012,9.705619947661436e+33
695.0284614154949,9.614326237544399e+33
694.9342765907915,9.578065511708667e+33
694.8401172890118,9.593898727940381e+33
694.7459834997829,9.574931679792397e+33
694.6518752127372,9.450767486084698e+33
694.5577924175127,9.355557716705792e+33
694.4637351037529,9.475006046772815e+33
694.3697032611072,9.403871419557249e+33
694.2756968792307,9.320443062231407e+33
694.1817159477838,9.314702051992141e+33
694.0877604564321,9.236868352565249e+33
693.9938303948478,9.24587883842756e+33
693.899925752708,9.267541608062216e+33
693.8060465196954,9.258150227400232e+33
693.7121926854987,9.207825025476235e+33
693.6183642398116,9.117644020417351e+33
693.524561172334,9.174119088306495e+33
693.4307834727707,9.144204173453019e+33
693.3370311308328,9.095767533398191e+33
693.2433041362361,9.189983940460611e+33
693.1496024787031,9.072547151522069e+33
693.0559261479605,9.011571916665024e+33
692.9622751337417,8.953105609549416e+33
692.8686494257852,8.950382213035753e+33
692.7750490138347,8.902063406515439e+33
692.6814738876402,8.853069972263215e+33
692.5879240369565,8.904999536000129e+33
692.4943994515445,8.965043845108589e+33
692.4009001211701,8.90668713725523e+33
692.3074260356053,8.887417795161747e+33
692.2139771846273,8.846722744725532e+33
692.1205535580187,8.8452424515383e+33
692.0271551455679,8.817641654974661e+33
691.9337819370686,8.860171900951721e+33
691.8404339223201,8.850318171452299e+33
691.7471110911274,8.856798545891232e+33
691.6538134333003,8.922297610981572e+33
691.5605409386552,8.798513876200154e+33
691.4672935970129,8.864006148078201e+33
691.3740713982003,8.741774056499095e+33
691.2808743320498,8.767888843559158e+33
691.1877023883992,8.721361112385007e+33
691.0945555570913,8.668561464620323e+33
691.0014338279752,8.681149213145846e+33
690.908337190905,8.615432261219604e+33
690.81526563574,8.598327487205385e+33
690.7222191523458,8.569993115103281e+33
690.6291977305924,8.476691333680294e+33
690.5362013603564,8.533573889656089e+33
690.4432300315187,8.341889201022383e+33
690.3502837339666,8.321037119145264e+33
690.2573624575923,8.350599206126644e+33
690.1644661922937,8.388397444573349e+33
690.0715949279737,8.37474758706527e+33
689.9787486545414,8.493044784816323e+33
689.8859273619107,8.377913197853609e+33
689.7931310400012,8.269096022203122e+33
689.7003596787376,8.346370663061876e+33
689.6076132680505,8.417793011611802e+33
689.5148917978756,8.39795932101399e+33
689.4221952581541,8.317578776161921e+33
689.3295236388327,8.314382098799837e+33
689.2368769298632,8.272074449724284e+33
689.1442551212033,8.304629527007987e+33
689.0516582028155,8.199965729143085e+33
688.9590861646682,8.192804236823401e+33
688.8665389967348,8.271985932763669e+33
688.7740166889945,8.133210296092706e+33
688.6815192314315,8.16145597685826e+33
688.5890466140355,8.10455086653124e+33
688.4965988268019,8.116720830696681e+33
688.4041758597308,8.019581931648059e+33
688.3117777028283,8.041453711531613e+33
688.2194043461055,8.003486722196297e+33
688.1270557795792,7.990108655210898e+33
688.0347319932711,7.922335830357782e+33
687.9424329772086,7.891228562385817e+33
687.8501587214241,7.830973090832174e+33
687.757909215956,7.762714418369118e+33
687.6656844508474,7.68563936386544e+33
687.573484416147,7.738417107046846e+33
687.4813091019088,7.77274770478289e+33
687.3891584981923,7.724970701500956e+33
687.2970325950618,7.850926161492663e+33
687.2049313825877,7.779392483715438e+33
687.1128548508451,7.689248124976476e+33
687.0208029899146,7.61657467703655e+33
686.9287757898823,7.609002378373598e+33
686.8367732408394,7.512194599666213e+33
686.7447953328824,7.454277823014726e+33
686.6528420561133,7.3082015654605e+33
686.5609134006392,7.333365142585624e+33
686.4690093565727,7.277160036395778e+33
686.3771299140313,7.178096893730228e+33
686.2852750631383,7.055090795717566e+33
686.1934447940218,6.897560554322128e+33
686.1016390968158,6.856531710023608e+33
686.009857961659,6.740275967872796e+33
685.9181013786954,6.656933830353244e+33
685.8263693380746,6.591214135585899e+33
685.7346618299515,6.647177282039806e+33
685.6429788444858,6.55692080960115e+33
685.5513203718431,6.553897804137806e+33
685.4596864021935,6.429072218962705e+33
685.368076925713,6.439750016597216e+33
685.2764919325825,6.428630198259175e+33
685.1849314129884,6.424710274492471e+33
685.0933953571222,6.421412546712321e+33
685.0018837551803,6.39210046242556e+33
684.9103965973652,6.369752346364206e+33
684.8189338738838,6.306199681123885e+33
684.7274955749486,6.343924566561214e+33
684.6360816907774,6.41909386809012e+33
684.5446922115927,6.428869984072769e+33
684.4533271276232,6.401618007279499e+33
684.3619864291018,6.367789703205486e+33
684.2706701062673,6.45365237389035e+33
684.1793781493632,6.421409527321089e+33
684.0881105486386,6.539143225113985e+33
683.9968672943479,6.46105909404676e+33
683.9056483767499,6.402918980196861e+33
683.8144537861097,6.454340464200962e+33
683.7232835126969,6.496285629613981e+33
683.6321375467861,6.510604732651983e+33
683.5410158786578,6.488519563668523e+33
683.4499184985972,6.507022112692187e+33
683.3588453968948,6.512129978947672e+33
683.2677965638463,6.492481498954046e+33
683.1767719897524,6.51884065395472e+33
683.0857716649192,6.416133549475033e+33
682.9947955796578,6.458751325825583e+33
682.9038437242843,6.403539635316433e+33
682.8129160891208,6.379304383191473e+33
682.7220126644934,6.550369287155739e+33
682.631133440734,6.429828457570418e+33
682.5402784081797,6.406137277061339e+33
682.4494475571722,6.548612597462198e+33
682.3586408780591,6.419991694221839e+33
682.2678583611927,6.338963141418655e+33
682.1770999969302,6.471790694764713e+33
682.0863657756346,6.389068417737729e+33
681.9956556876732,6.353097553665478e+33
681.9049697234193,6.39897071689995e+33
681.8143078732508,6.331575676207307e+33
681.7236701275505,6.30425362810018e+33
681.6330564767069,6.359521398817672e+33
681.5424669111133,6.338987984885153e+33
681.4519014211679,6.300580452504156e+33
681.3613599972746,6.378113595386992e+33
681.2708426298417,6.323779390611192e+33
681.1803493092831,6.312031264385694e+33
681.0898800260177,6.363403363402332e+33
680.9994347704692,6.305083748931386e+33
680.9090135330666,6.27704002351966e+33
680.8186163042443,6.387494356032209e+33
680.7282430744411,6.31476615764999e+33
680.6378938341013,6.253830307697198e+33
680.5475685736743,6.341273578968122e+33
680.4572672836146,6.229111481927926e+33
680.3669899543814,6.257750913215856e+33
680.2767365764394,6.231085115729915e+33
680.1865071402578,6.325970488001108e+33
680.0963016363116,6.278673183712001e+33
680.0061200550805,6.24988955318119e+33
679.915962387049,6.288235922995967e+33
679.8258286227068,6.291055219571967e+33
679.735718752549,6.261689011322806e+33
679.6456327670752,6.234475512600334e+33
679.5555706567906,6.329103766693423e+33
679.4655324122047,6.319694979760899e+33
679.3755180238326,6.339980348868202e+33
679.2855274821942,6.310374587625073e+33
679.1955607778148,6.372987671514088e+33
679.105617901224,6.342190299555934e+33
679.0156988429574,6.274277230314966e+33
678.9258035935543,6.230042137847126e+33
678.8359321435603,6.13928643459691e+33
678.7460844835251,6.12571915236479e+33
678.6562606040042,6.10478394751878e+33
678.5664604955571,6.157158931193545e+33
678.4766841487492,6.084590064960365e+33
678.3869315541506,6.10173672571946e+33
678.297202702336,6.035219818943608e+33
678.2074975838858,6.089994234383443e+33
678.1178161893847,6.087704053007459e+33
678.0281585094228,6.000082509614294e+33
677.9385245345952,6.029344188928797e+33
677.8489142555015,5.935543907973815e+33
677.759327662747,5.985702171544032e+33
677.6697647469412,6.000299226496365e+33
677.5802254986991,6.026219942020178e+33
677.4907099086404,5.966802310791602e+33
677.4012179673899,5.880999469682867e+33
677.3117496655774,5.895915097949874e+33
677.2223049938374,5.947501515448739e+33
677.1328839428094,5.957272290859559e+33
677.0434865031381,5.978744329044524e+33
676.954112665473,5.914286017220483e+33
676.8647624204684,5.913501848846521e+33
676.7754357587837,5.992540035033888e+33
676.6861326710831,5.908865576683071e+33
676.596853148036,5.969476110209022e+33
676.5075971803163,5.973243371164414e+33
676.4183647586033,5.943957625022551e+33
676.3291558735806,5.941264889015995e+33
676.2399705159373,5.984650301301169e+33
676.1508086763672,5.91405049807273e+33
676.0616703455689,5.913246770965115e+33
675.9725555142461,5.87544953952079e+33
675.8834641731073,5.832531189124842e+33
675.7943963128658,5.897044265839979e+33
675.70535192424,5.858814533466391e+33
675.6163309979529,5.900221052130338e+33
675.5273335247327,5.918692835151673e+33
675.4383594953125,5.928070443816898e+33
675.3494089004299,5.914354715734356e+33
675.2604817308277,5.87289776980147e+33
675.1715779772536,5.881087950780924e+33
675.0826976304597,5.879214174865952e+33
674.9938406812038,5.91144326150893e+33
674.9050071202478,5.901645092335588e+33
674.816196938359,5.899040148062033e+33
674.727410126309,5.92015907254192e+33
674.6386466748747,5.939697717888341e+33
674.5499065748379,5.969037555590552e+33
674.4611898169849,5.940108358066896e+33
674.3724963921071,5.967951578465515e+33
674.2838262910008,5.988695010512342e+33
674.1951795044665,5.969203051675985e+33
674.1065560233105,5.929657884980138e+33
674.0179558383436,5.916316895390439e+33
673.9293789403808,5.9668024376698e+33
673.8408253202429,5.929540755159896e+33
673.7522949687548,5.900404144864887e+33
673.6637878767466,5.974307864398457e+33
673.5753040350528,5.975648610949136e+33
673.4868434345135,5.949272860389956e+33
673.3984060659728,5.956038675495429e+33
673.3099919202801,5.917335144260268e+33
673.2216009882893,5.89247451231955e+33
673.1332332608594,5.864474974762523e+33
673.0448887288537,5.830576635824717e+33
672.9565673831412,5.818497742931929e+33
672.8682692145946,5.751452923697706e+33
672.7799942140921,5.65840759892962e+33
672.6917423725165,5.555106001487232e+33
672.6035136807554,5.46382574838716e+33
672.5153081297012,5.458699874784914e+33
672.4271257102512,5.491113074647901e+33
672.3389664133069,5.481404964279018e+33
672.2508302297754,5.462056092213906e+33
672.1627171505678,5.44629999188786e+33
672.0746271666005,5.48405360514338e+33
671.9865602687946,5.481350305905942e+33
671.8985164480757,5.452792908981144e+33
671.8104956953742,5.5240584611237e+33
671.7224980016256,5.4727963838592e+33
671.6345233577697,5.453537569768372e+33
671.5465717547513,5.498707737670851e+33
671.4586431835197,5.558092908086124e+33
671.3707376350294,5.536394092345381e+33
671.2828551002393,5.585972921795534e+33
671.1949955701131,5.523595099532682e+33
671.107159035619,5.523410440389431e+33
671.0193454877304,5.517774837227841e+33
670.9315549174252,5.491025604811645e+33
670.8437873156856,5.457632422159757e+33
670.7560426734995,5.40613742285586e+33
670.6683209818585,5.375921580047826e+33
670.5806222317594,5.442013987382771e+33
670.4929464142037,5.398963491322809e+33
670.4052935201977,5.392842763133143e+33
670.317663540752,5.398199399209191e+33
670.2300564668823,5.350133325052934e+33
670.1424722896088,5.376644988334941e+33
670.0549109999564,5.33201881305585e+33
669.9673725889548,5.341983400056481e+33
669.8798570476386,5.359761365107416e+33
669.7923643670462,5.237955076972161e+33
669.7048945382218,5.257872665083817e+33
669.6174475522134,5.214162301295258e+33
669.5300234000742,5.229565960635599e+33
669.4426220728622,5.230501656384327e+33
669.3552435616392,5.222641727817325e+33
669.2678878574727,5.202549083868222e+33
669.1805549514343,5.17632710826429e+33
669.0932448346002,5.108612626984301e+33
669.0059574980515,5.093705188892346e+33
668.918692932874,5.099379676264218e+33
668.8314511301579,5.1509467762626425e+33
668.7442320809982,5.1559127025529904e+33
668.6570357764948,5.131553679226371e+33
668.5698622077515,5.1766350509449457e+33
668.4827113658773,5.1269446349587983e+33
668.395583241986,5.1022641029848214e+33
668.3084778271955,5.1176530739565026e+33
668.2213951126287,5.0601508633627344e+33
668.1343350894131,5.087561169055716e+33
668.0472977486806,5.0754212666375345e+33
667.960283081568,5.0344938080732364e+33
667.8732910792165,5.05675864321762e+33
667.786321732772,5.1011745973546605e+33
667.699375033385,5.0792496185553135e+33
667.6124509722107,5.0242177548974204e+33
667.5255495404086,5.07221965429851e+33
667.4386707291434,5.10205297383347e+33
667.3518145295837,5.1116573365247e+33
667.2649809329032,5.147768990703845e+33
667.17816993028,5.114167043282867e+33
667.0913815128965,5.111551102507324e+33
667.0046156719404,5.1202209385867225e+33
666.9178723986035,5.046582323300603e+33
666.8311516840821,4.977799443505432e+33
666.7444535195773,4.956525208007567e+33
666.6577778962948,4.9413111051671444e+33
666.5711248054446,4.988647578199575e+33
666.4844942382416,4.936008291960373e+33
666.3978861859051,4.959729452231335e+33
666.3113006396588,4.967841627110448e+33
666.2247375907315,4.932171999707932e+33
666.138197030356,4.929941992736102e+33
666.0516789497698,4.9162032032169103e+33
665.9651833402149,4.9396662107720846e+33
665.8787101929383,4.861129023745959e+33
665.7922594991911,4.8748874139270257e+33
665.7058312502289,4.877610460076893e+33
665.619425437312,4.8809417117131735e+33
665.5330420517053,4.880382612261316e+33
665.4466810846782,4.891177571724229e+33
665.3603425275044,4.8352801573360717e+33
665.2740263714625,4.8317390112664977e+33
665.1877326078352,4.857244117075377e+33
665.1014612279104,4.812876423778802e+33
665.0152122229797,4.7938075802076413e+33
664.9289855843396,4.8061843356149516e+33
664.8427813032913,4.7892897956881495e+33
664.7565993711403,4.777342279579316e+33
664.6704397791965,4.790867279305803e+33
664.5843025187745,4.764288935333262e+33
664.4981875811933,4.7520440809403537e+33
664.4120949577766,4.683675782229032e+33
664.3260246398523,4.69607764415087e+33
664.2399766187528,4.6910875462450996e+33
664.1539508858153,4.679562162837491e+33
664.0679474323813,4.6510673695021043e+33
663.9819662497966,4.654850947450892e+33
663.8960073294119,4.6546571880997493e+33
663.810070662582,4.6898871835015624e+33
663.7241562406664,4.627572647855298e+33
663.6382640550289,4.664370627985434e+33
663.552394097038,4.617059069745844e+33
663.4665463580662,4.620508951226543e+33
663.3807208294912,4.5747579001824346e+33
663.2949175026947,4.611323783744384e+33
663.2091363690625,4.5725295918447006e+33
663.123377419986,4.5815274915461206e+33
663.0376406468595,4.596924641310318e+33
662.9519260410831,4.592153094527853e+33
662.8662335940608,4.561361823835704e+33
662.7805632972008,4.577256036196066e+33
662.6949151419162,4.542469054528713e+33
662.6092891196242,4.5585634281391885e+33
662.5236852217466,4.542939772156613e+33
662.4381034397098,4.590050459344638e+33
662.3525437649444,4.531739159369503e+33
662.2670061888851,4.57895579031947e+33
662.1814907029718,4.584148918560839e+33
662.0959972986484,4.571603050564005e+33
662.0105259673629,4.573927674704278e+33
661.9250767005682,4.5456381729437987e+33
661.8396494897216,4.5359432811269026e+33
661.7542443262846,4.5722867886974296e+33
661.6688612017231,4.5590272285048796e+33
661.5835001075073,4.4565570755996816e+33
661.4981610351124,4.387496805242456e+33
661.4128439760173,4.2650362900722e+33
661.3275489217054,4.182300226612323e+33
661.2422758636651,4.105334416788462e+33
661.1570247933885,4.0506416573585784e+33
661.0717957023724,4.075870607358094e+33
660.9865885821176,4.047215440274006e+33
660.9014034241301,4.0739316757838604e+33
660.8162402199196,4.062562683297198e+33
660.7310989610004,4.027363762699874e+33
660.6459796388909,4.0705086058250554e+33
660.5608822451144,4.031705926037321e+33
660.475806771198,4.012198417350732e+33
660.3907532086737,4.025098835552459e+33
660.3057215490772,3.9985630387632486e+33
660.2207117839494,3.95292920376521e+33
660.1357239048348,3.9933141290689327e+33
660.0507579032828,3.957301679891864e+33
659.9658137708466,3.946936296857613e+33
659.8808914990844,3.899348610191853e+33
659.7959910795582,3.9024640096781785e+33
659.7111125038347,3.908794093388287e+33
659.6262557634844,3.8824192662186175e+33
659.541420850083,3.906779587821784e+33
659.4566077552097,3.898753276098295e+33
659.3718164704487,3.880295347932919e+33
659.2870469873878,3.9210062972175794e+33
659.20229929762,3.8895198804847766e+33
659.1175733927419,3.824530583914565e+33
659.0328692643545,3.815037672023233e+33
658.9481869040637,3.875444949693133e+33
658.8635263034791,3.87238274762375e+33
658.7788874542149,3.835406622322893e+33
658.6942703478893,3.8848026168501474e+33
658.6096749761255,3.8863705618963557e+33
658.52510133055,3.885044206117924e+33
658.4405494027944,3.8444954063084075e+33
658.3560191844944,3.833506307846709e+33
658.2715106672898,3.8248194877972895e+33
658.1870238428249,3.8055230858141624e+33
658.1025587027482,3.8328363225853805e+33
658.0181152387125,3.8160742767253153e+33
657.9336934423749,3.7959889133655156e+33
657.8492933053966,3.7953116132862707e+33
657.7649148194436,3.823143383411331e+33
657.6805579761854,3.822201621833085e+33
657.5962227672965,3.7904186111088865e+33
657.511909184455,3.774198438881254e+33
657.4276172193441,3.7786113423433165e+33
657.3433468636506,3.744061901411225e+33
657.2590981090656,3.710145444801319e+33
657.1748709472847,3.69520437299531e+33
657.0906653700079,3.7782450799134504e+33
657.0064813689387,3.754792856326336e+33
656.9223189357858,3.745393942526583e+33
656.8381780622617,3.726248606780025e+33
656.754058740083,3.737878168250526e+33
656.6699609609708,3.7281883349642214e+33
656.5858847166504,3.745880648324641e+33
656.5018299988512,3.740619696760677e+33
656.4177967993069,3.7921287457848045e+33
656.3337851097555,3.7283777080290403e+33
656.2497949219392,3.728749932909099e+33
656.1658262276043,3.7207719288934085e+33
656.0818790185016,3.672243844587016e+33
655.9979532863858,3.731777839495143e+33
655.914049023016,3.758514012681843e+33
655.8301662201557,3.7354178636698626e+33
655.746304869572,3.7206777529600483e+33
655.6624649630371,3.743351484179074e+33
655.5786464923265,3.677214198345287e+33
655.4948494492205,3.681534293638776e+33
655.4110738255034,3.766579882479834e+33
655.3273196129637,3.7713442701241246e+33
655.2435868033942,3.727927697317706e+33
655.1598753885917,3.752756329474206e+33
655.0761853603575,3.7572086098889525e+33
654.9925167104966,3.68761660880915e+33
654.9088694308188,3.7175308376504e+33
654.8252435131375,3.730659947167914e+33
654.7416389492706,3.7942387258009117e+33
654.6580557310403,3.7303231722177034e+33
654.5744938502726,3.753174543181086e+33
654.4909532987981,3.7062516414008233e+33
654.4074340684512,3.7301088232873163e+33
654.3239361510704,3.746865338116368e+33
654.2404595384988,3.737028555544577e+33
654.1570042225834,3.698464139132259e+33
654.0735701951755,3.72472148177742e+33
653.9901574481304,3.686797876870859e+33
653.9067659733075,3.6693031055850793e+33
653.8233957625706,3.6382754736235224e+33
653.7400468077874,3.7094133850360656e+33
653.6567191008298,3.6895216679312927e+33
653.5734126335741,3.6448443467225e+33
653.4901273979003,3.6837232671565686e+33
653.406863385693,3.708896533749169e+33
653.3236205888406,3.731920303489977e+33
653.2403989992357,3.6804024627661817e+33
653.1571986087752,3.6557546425857337e+33
653.07401940936,3.6989974802255593e+33
652.9908613928949,3.716552012637377e+33
652.9077245512891,3.626446106624285e+33
652.8246088764563,3.6569953989319646e+33
652.7415143603133,3.681802584858456e+33
652.6584409947819,3.666074708756776e+33
652.5753887717879,3.6429833003465547e+33
652.4923576832606,3.6796338614865874e+33
652.4093477211342,3.654652889064791e+33
652.3263588773464,3.6697347770461595e+33
652.2433911438393,3.6629311771608393e+33
652.160444512559,3.644604918474998e+33
652.0775189754557,3.645306864648202e+33
651.994614524484,3.633822173369755e+33
651.9117311516021,3.678289746297265e+33
651.8288688487725,3.736143097964481e+33
651.7460276079618,3.7361765167868587e+33
651.6632074211406,3.706563308276903e+33
651.5804082802838,3.6496522530449654e+33
651.4976301773703,3.6659790521466476e+33
651.4148731043828,3.7122365433174645e+33
651.3321370533083,3.705954348302485e+33
651.2494220161379,3.7082728468549247e+33
651.1667279848668,3.75766040112423e+33
651.0840549514943,3.773735728616184e+33
651.0014029080234,3.748324903100106e+33
650.9187718464613,3.751595962138641e+33
650.8361617588197,3.8148194899137174e+33
650.7535726371137,3.760511948137214e+33
650.6710044733632,3.7851759881746733e+33
650.5884572595913,3.7832092480862867e+33
650.5059309878258,3.807871018437033e+33
650.4234256500982,3.752858039640389e+33
650.3409412384443,3.7794763919115775e+33
650.2584777449036,3.784882926555498e+33
650.1760351615201,3.782419614772554e+33
650.0936134803412,3.809523318466068e+33
650.011212693419,3.783269980822688e+33
649.9288327928092,3.80767939626704e+33
649.8464737705717,3.8051904686916224e+33
649.7641356187704,3.779072873920929e+33
649.6818183294732,3.7672953401116666e+33
649.5995218947519,3.806820122125688e+33
649.5172463066825,3.8040449685247235e+33
649.4349915573451,3.844795018358381e+33
649.3527576388235,3.831390834299799e+33
649.2705445432057,3.867770382028465e+33
649.1883522625836,3.823836132070111e+33
649.1061807890535,3.872732868920346e+33
649.0240301147151,3.896658379704644e+33
648.9419002316722,3.890039741580933e+33
648.8597911320333,3.91358743539068e+33
648.7777028079099,3.909652034681444e+33
648.6956352514183,3.8842752940549636e+33
648.6135884546782,3.8869039665171993e+33
648.5315624098137,3.9130228956379215e+33
648.4495571089525,3.908608736797559e+33
648.3675725442268,3.9157236693284867e+33
648.2856087077723,3.895346507489384e+33
648.2036655917288,3.900014903435475e+33
648.1217431882404,3.89049754990506e+33
648.0398414894547,3.8931085855742114e+33
647.9579604875236,3.847493863635471e+33
647.8761001746026,3.8490468059069534e+33
647.7942605428516,3.8513672507140887e+33
647.7124415844341,3.836691024633041e+33
647.630643291518,3.8443757835044917e+33
647.5488656562746,3.821413328171325e+33
647.4671086708796,3.832406383036056e+33
647.3853723275123,3.8045890688426946e+33
647.3036566183563,3.792170757856733e+33
647.2219615355989,3.7614393630374895e+33
647.1402870714313,3.725791190163485e+33
647.0586332180491,3.6441691943536803e+33
646.9769999676512,3.541753335492746e+33
646.8953873124408,3.428033020858385e+33
646.8137952446249,3.337434977598253e+33
646.7322237564148,3.1224636541086004e+33
646.6506728400251,2.832674657743849e+33
646.5691424876748,2.5402411760416642e+33
646.4876326915867,2.2508173707971656e+33
646.4061434439873,1.9825477008169385e+33
646.3246747371074,1.7886821529549083e+33
646.2432265631816,1.6536366171646588e+33
646.1617989144482,1.546064222958024e+33
646.0803917831496,1.4872848037925916e+33
645.9990051615321,1.4692199349902217e+33
645.9176390418457,1.4409897937493942e+33
645.8362934163448,1.4119218247018913e+33
645.7549682772872,1.4044201984009286e+33
645.6736636169347,1.4023425404662368e+33
645.5923794275533,1.3961643731878553e+33
645.5111157014123,1.407996964787706e+33
645.4298724307857,1.398370132848966e+33
645.3486496079507,1.393438779069697e+33
645.2674472251887,1.384949127782628e+33
645.1862652747848,1.3883429614431077e+33
645.1051037490283,1.391592565649603e+33
645.0239626402122,1.3873812220095014e+33
644.942841940633,1.381806779155545e+33
644.8617416425918,1.3871786624101115e+33
644.7806617383932,1.3855447601266626e+33
644.6996022203455,1.3962471884855558e+33
644.6185630807611,1.3958490483514632e+33
644.5375443119561,1.4090445635723978e+33
644.4565459062509,1.4065044549165085e+33
644.3755678559693,1.400754358864373e+33
644.2946101534387,1.3987925665468313e+33
644.2136727909913,1.4111776827246035e+33
644.1327557609624,1.4096914199038953e+33
644.0518590556911,1.3946135877009706e+33
643.9709826675211,1.3986275295209282e+33
643.8901265887989,1.3903810477537868e+33
643.8092908118757,1.3939330852950464e+33
643.7284753291062,1.3869458301163302e+33
643.6476801328489,1.3826208467428036e+33
643.5669052154662,1.371824827047138e+33
643.4861505693244,1.3612345594150776e+33
643.4054161867934,1.36220440090546e+33
643.3247020602473,1.3489982094040902e+33
643.2440081820638,1.345338294053666e+33
643.1633345446244,1.3370041542363052e+33
643.0826811403142,1.3291571465141526e+33
643.0020479615227,1.3207671218369137e+33
642.9214350006429,1.3173509067724167e+33
642.8408422500715,1.317469374378446e+33
642.7602697022093,1.3227362577587626e+33
642.6797173494604,1.3195068578948552e+33
642.5991851842332,1.322647055036701e+33
642.51867319894,1.3356676831201583e+33
642.4381813859961,1.331772629849626e+33
642.3577097378217,1.3338648293698818e+33
642.27725824684,1.338819064090477e+33
642.1968269054784,1.3481799195523847e+33
642.1164157061676,1.348788917181998e+33
642.0360246413427,1.3546839638508354e+33
641.9556537034422,1.3560664747264665e+33
641.8753028849086,1.36113983340316e+33
641.794972178188,1.3647707510445123e+33
641.7146615757304,1.364898524338839e+33
641.6343710699895,1.3703391121107403e+33
641.5541006534229,1.3687278333587363e+33
641.4738503184917,1.3795830262940925e+33
641.3936200576613,1.386604453157813e+33
641.3134098634002,1.385104713929415e+33
641.2332197281812,1.3917842488075206e+33
641.1530496444807,1.3947018088065165e+33
641.0728996047785,1.402293225699309e+33
640.9927696015588,1.4050448086252757e+33
640.9126596273094,1.411516174496819e+33
640.8325696745211,1.4135477828969147e+33
640.7524997356896,1.4161243583244515e+33
640.6724498033136,1.4196996146535982e+33
640.5924198698957,1.4262303666575773e+33
640.5124099279424,1.4354275548487013e+33
640.4324199699637,1.420327679380862e+33
640.3524499884737,1.3959026182653197e+33
640.2724999759898,1.361331104947355e+33
640.1925699250334,1.3359154103155717e+33
640.1126598281297,1.3138233258800003e+33
640.0327696778076,1.2890715533841613e+33
639.9528994665993,1.2756678416359768e+33
639.8730491870413,1.257582621713849e+33
639.7932188316737,1.244288691894123e+33
639.71340839304,1.2114239824732205e+33
639.6336178636876,1.1996028528659848e+33
639.553847236168,1.1865797033313592e+33
639.4740965030359,1.1668096784962433e+33
639.3943656568498,1.141678786525316e+33
639.3146546901721,1.1260030345959473e+33
639.2349635955688,1.1121257781740828e+33
639.1552923656096,1.0803835607222818e+33
639.075640992868,1.0641694689643433e+33
638.9960094699209,1.0556178380429513e+33
638.9163977893493,1.0249968355863894e+33
638.8368059437377,1.015088778084141e+33
638.7572339256742,9.961115504808404e+32
638.6776817277508,9.812876862779529e+32
638.5981493425631,9.62386166695597e+32
638.5186367627106,9.545926624912623e+32
638.4391439807957,9.4645634276292e+32
638.3596709894256,9.393222536240069e+32
638.2802177812104,9.315817871626631e+32
638.2007843487639,9.257329950129782e+32
638.1213706847042,9.211150267767768e+32
638.0419767816525,9.107518414006998e+32
637.9626026322336,9.033989023301858e+32
637.8832482290766,9.009237181881722e+32
637.8039135648137,9.002028344146527e+32
637.7245986320806,8.864463681548229e+32
637.6453034235177,8.756999449817152e+32
637.5660279317677,8.735773476850875e+32
637.4867721494779,8.694064757352141e+32
637.407536069299,8.571426238248181e+32
637.3283196838851,8.52549116622597e+32
637.2491229858945,8.525310892897961e+32
637.1699459679885,8.439210524485726e+32
637.0907886228327,8.379515049225226e+32
637.0116509430958,8.414487710657583e+32
636.9325329214503,8.460173014832057e+32
636.8534345505726,8.506765665294473e+32
636.7743558231423,8.490846636468662e+32
636.6952967318431,8.483349232474752e+32
636.6162572693619,8.534884330472516e+32
636.5372374283896,8.522704346378593e+32
636.4582372016205,8.428086063284431e+32
636.3792565817525,8.545557656957901e+32
636.3002955614872,8.491648992279947e+32
636.2213541335302,8.565974255995849e+32
636.1424322905899,8.439162159299678e+32
636.063530025379,8.508607181125523e+32
635.9846473306135,8.52334129441346e+32
635.905784199013,8.547753888819556e+32
635.8269406233012,8.492868972021478e+32
635.7481165962047,8.582223919348274e+32
635.669312110454,8.567396699996466e+32
635.5905271587833,8.585756210724484e+32
635.5117617339304,8.606741793963363e+32
635.4330158286365,8.648489591803006e+32
635.3542894356466,8.652896743203649e+32
635.2755825477093,8.64643287631715e+32
635.1968951575765,8.702651854675145e+32
635.1182272580041,8.708718322262218e+32
635.0395788417513,8.745480298706192e+32
634.960949901581,8.762037639717817e+32
634.8823404302598,8.755935074454902e+32
634.8037504205575,8.791888608430713e+32
634.7251798652478,8.781782484167729e+32
634.646628757108,8.819083766679866e+32
634.5680970889189,8.814452873709611e+32
634.4895848534646,8.858250593724793e+32
634.4110920435334,8.895861506588427e+32
634.3326186519163,8.871860466655466e+32
634.2541646714088,8.930350466173609e+32
634.1757300948093,8.965022936995393e+32
634.0973149149199,8.911304098552758e+32
634.0189191245466,9.00212089913775e+32
633.9405427164986,9.00686005675201e+32
633.8621856835887,9.029520695971668e+32
633.7838480186333,9.047945278433708e+32
633.7055297144524,9.040055446227146e+32
633.6272307638694,8.932630415257545e+32
633.5489511597114,8.794565752395273e+32
633.4706908948091,8.674671703728399e+32
633.3924499619965,8.46851441823716e+32
633.3142283541114,8.3626366381336e+32
633.2360260639948,8.197667045196041e+32
633.1578430844917,8.083475037971644e+32
633.0796794084504,7.929330829800314e+32
633.0015350287224,7.816435546384778e+32
632.9234099381634,7.712423954510621e+32
632.845304129632,7.555484928593669e+32
632.7672175959908,7.435366590175944e+32
632.6891503301056,7.291548061682496e+32
632.6111023248458,7.198458514644668e+32
632.5330735730844,7.06939722726056e+32
632.455064067698,7.044776479525278e+32
632.3770738015664,6.916320028216886e+32
632.2991027675732,6.810045336654656e+32
632.2211509586053,6.739156996686158e+32
632.1432183675535,6.636636645807232e+32
632.0653049873113,6.573652591376572e+32
631.9874108107766,6.439403397058493e+32
631.9095358308505,6.3732955779229336e+32
631.8316800404373,6.309750958838259e+32
631.753843432445,6.215413176838412e+32
631.6760259997853,6.1192158495182584e+32
631.5982277353729,5.973968022481821e+32
631.5204486321268,5.8750666138026686e+32
631.4426886829684,5.769445482868833e+32
631.3649478808236,5.6583317631962034e+32
631.2872262186211,5.507982967934269e+32
631.2095236892934,5.4377844160594406e+32
631.1318402857764,5.304937738820467e+32
631.0541760010096,5.2815010081820194e+32
630.9765308279359,5.21716441767483e+32
630.8989047595013,5.2523030589498396e+32
630.8212977886559,5.2171915198247254e+32
630.743709908353,5.183110511348879e+32
630.6661411115491,5.2688984120832004e+32
630.5885913912045,5.278223484729405e+32
630.511060740283,5.2238702182367835e+32
630.4335491517517,5.2662545819793895e+32
630.3560566185811,5.2588473030781444e+32
630.2785831337452,5.275567193662456e+32
630.2011286902215,5.322316551721313e+32
630.1236932809911,5.286094483342109e+32
630.0462768990382,5.350000153132126e+32
629.9688795373509,5.3838470384465995e+32
629.8915011889202,5.386297954676672e+32
629.814141846741,5.376344219360067e+32
629.7368015038115,5.377901967599706e+32
629.6594801531331,5.395405224241236e+32
629.5821777877112,5.413693256952713e+32
629.5048944005539,5.365833031314869e+32
629.4276299846734,5.3500612870270986e+32
629.3503845330849,5.400597218391452e+32
629.2731580388073,5.4067786948156825e+32
629.1959504948626,5.370521214811714e+32
629.1187618942765,5.3857968049747276e+32
629.0415922300783,5.467647462605e+32
628.9644414953,5.4958005347440234e+32
628.8873096829778,5.496112182329378e+32
628.8101967861511,5.4943356064225036e+32
628.7331027978623,5.519380763059124e+32
628.6560277111577,5.521891624300359e+32
628.5789715190868,5.5351941260552546e+32
628.5019342147025,5.573381780546797e+32
628.4249157910613,5.524887575943304e+32
628.3479162412228,5.564012446546128e+32
628.2709355582501,5.6070044387633234e+32
628.1939737352101,5.6323426835793924e+32
628.1170307651721,5.611437819255523e+32
628.0401066412101,5.6448721302444285e+32
627.9632013564005,5.646830158690761e+32
627.8863149038235,5.6404451369417895e+32
627.8094472765627,5.616638226537716e+32
627.7325984677047,5.6594943856605976e+32
627.6557684703401,5.6756262138284694e+32
627.5789572775625,5.6129918030629326e+32
627.5021648824688,5.6859508834375435e+32
627.4253912781596,5.7110773235749204e+32
627.3486364577386,5.8322946431781905e+32
627.2719004143131,5.8161611470226386e+32
627.1951831409934,5.8489231044690475e+32
627.1184846308938,5.858490758876374e+32
627.0418048771312,5.8440100637461524e+32
626.9651438728264,5.8832241129941596e+32
626.8885016111035,5.90290147420493e+32
626.8118780850897,6.0157090425120394e+32
626.7352732879159,6.0116216533091955e+32
626.6586872127162,6.017450093109014e+32
626.5821198526279,6.037554826890489e+32
626.5055712007919,6.1172493264178236e+32
626.4290412503524,6.1152861073469405e+32
626.3525299944569,6.2310488961353306e+32
626.276037426256,6.181950452961093e+32
626.1995635389042,6.2447050308245874e+32
626.123108325559,6.208299788345852e+32
626.0466717793811,6.284003619226647e+32
625.9702538935351,6.344384848758496e+32
625.893854661188,6.319274755130857e+32
625.8174740755112,6.315304475066464e+32
625.7411121296786,6.2810277419399344e+32
625.664768816868,6.327270982375827e+32
625.58844413026,6.364166630287119e+32
625.5121380630392,6.3564349285685435e+32
625.4358506083928,6.315963467712537e+32
625.3595817595117,6.3172425627853455e+32
625.2833315095903,6.362611942134611e+32
625.2070998518259,6.3691943888422286e+32
625.1308867794195,6.332860861073192e+32
625.054692285575,6.3820134391426515e+32
624.9785163635,6.47025838268128e+32
624.9023590064053,6.471000682775626e+32
624.8262202075048,6.483317382794328e+32
624.750099960016,6.521118012538457e+32
624.6739982571595,6.634424489787513e+32
624.5979150921595,6.597015911926623e+32
624.5218504582429,6.627317004822885e+32
624.4458043486405,6.714689448422828e+32
624.3697767565864,6.75174966526304e+32
624.2937676753173,6.70642098770138e+32
624.2177770980741,6.752794076950345e+32
624.1418050181002,6.823205071490692e+32
624.0658514286428,6.804054329778299e+32
623.9899163229522,6.780489216136632e+32
623.9139996942821,6.885454636039072e+32
623.8381015358893,6.86556606266245e+32
623.7622218410341,6.863492925314948e+32
623.68636060298,6.906916479902246e+32
623.6105178149934,6.878046522988057e+32
623.5346934703447,6.876990655235385e+32
623.4588875623069,6.975384765245231e+32
623.3831000841567,6.936463583897966e+32
623.307331029174,6.943805220192618e+32
623.2315803906415,7.001263272185255e+32
623.155848161846,7.001852405351656e+32
623.080134336077,7.095253174229236e+32
623.0044389066271,7.080457521925994e+32
622.9287618667929,7.048662642256868e+32
622.8531032098736,7.107651873942141e+32
622.7774629291715,7.060855969250486e+32
622.701841017993,7.12705638117593e+32
622.626237469647,7.145398799656681e+32
622.5506522774459,7.112271009856923e+32
622.4750854347054,7.196207272638631e+32
622.3995369347444,7.192270698040529e+32
622.3240067708853,7.288996998703733e+32
622.2484949364529,7.23259537151981e+32
622.1730014247762,7.270854128912682e+32
622.097526229187,7.350769627682541e+32
622.0220693430203,7.341690826660237e+32
621.9466307596145,7.415111360368265e+32
621.8712104723112,7.401763847814244e+32
621.795808474455,7.44666754959257e+32
621.7204247593943,7.444265847594108e+32
621.6450593204798,7.537890650778171e+32
621.5697121510664,7.516930148678455e+32
621.4943832445114,7.618540060328211e+32
621.419072594176,7.587464493370555e+32
621.3437801934243,7.644095879633407e+32
621.2685060356235,7.646279331210215e+32
621.1932501141442,7.728951126416379e+32
621.1180124223603,7.704267354998862e+32
621.0427929536486,7.683637746217476e+32
620.9675917013891,7.639240082444154e+32
620.8924086589655,7.664236960126904e+32
620.8172438197644,7.602219866997046e+32
620.7420971771753,7.620871616848164e+32
620.6669687245915,7.563743022674219e+32
620.591858455409,7.627620707568573e+32
620.5167663630272,7.652278922127805e+32
620.4416924408487,7.541470545043535e+32
620.3666366822792,7.626270868111955e+32
620.2915990807279,7.613238553015024e+32
620.2165796296067,7.708297464609654e+32
620.141578322331,7.60408337937167e+32
620.0665951523193,7.682469865134442e+32
619.9916301129934,7.765862603253876e+32
619.9166831977783,7.769687780410838e+32
619.8417544001018,7.791452211173308e+32
619.766843713395,7.828269312145652e+32
619.6919511310927,7.844075367028933e+32
619.6170766466324,7.878869408018286e+32
619.5422202534547,7.85470005730304e+32
619.4673819450037,7.887494951749701e+32
619.3925617147263,7.944719455376096e+32
619.317759556073,7.892135105852852e+32
619.242975462497,7.968667753704745e+32
619.1682094274552,7.944848058404646e+32
619.0934614444069,8.03251617229453e+32
619.0187315068154,8.014010892219659e+32
618.9440196081466,8.034387522529624e+32
618.8693257418696,8.100949639041635e+32
618.794649901457,8.090158072617526e+32
618.7199920803841,8.135657848114437e+32
618.6453522721298,8.202638200869196e+32
618.5707304701757,8.238330609383582e+32
618.4961266680068,8.218588549738587e+32
618.4215408591112,8.264977336687886e+32
618.3469730369802,8.29502631703528e+32
618.2724231951083,8.354024657652805e+32
618.1978913269927,8.29121497295189e+32
618.1233774261343,8.384160170677467e+32
618.0488814860366,8.450083674418618e+32
617.974403500207,8.461427543910627e+32
617.8999434621552,8.493672619275915e+32
617.8255013653944,8.474012001013915e+32
617.7510772034408,8.519427775266503e+32
617.6766709698142,8.586338839023266e+32
617.6022826580368,8.653114822232622e+32
617.5279122616342,8.692848015925144e+32
617.4535597741354,8.760197794264845e+32
617.3792251890724,8.771762513034547e+32
617.3049084999799,8.787320160072719e+32
617.2306097003963,8.774012590021539e+32
617.1563287838627,8.926823653355717e+32
617.0820657439233,8.967169913001189e+32
617.0078205741257,8.992345590631353e+32
616.9335932680207,9.06384168083979e+32
616.8593838191615,9.116835739772132e+32
616.7851922211051,9.149278132542194e+32
616.7110184674115,9.209111259095968e+32
616.6368625516434,9.211372506052027e+32
616.5627244673669,9.345686498289505e+32
616.4886042081512,9.334862100986446e+32
616.4145017675686,9.388946765429829e+32
616.3404171391943,9.396045618284526e+32
616.2663503166069,9.473764974175183e+32
616.1923012933876,9.487960138205311e+32
616.1182700631214,9.534188667941295e+32
616.0442566193956,9.58978946276104e+32
615.9702609558011,9.622351240799571e+32
615.8962830659317,9.697488719283889e+32
615.8223229433844,9.729743312611793e+32
615.7483805817591,9.770149847562999e+32
615.6744559746588,9.828038186329595e+32
615.6005491156899,9.789635429282991e+32
615.5266599984612,9.814074506999885e+32
615.4527886165853,9.97967260600187e+32
615.3789349636772,9.95616714606787e+32
615.3050990333558,1.0014532766527278e+33
615.231280819242,1.0054360167658582e+33
615.1574803149607,1.0071074726395734e+33
615.0836975141393,1.0090989702597369e+33
615.0099324104085,1.025031681049563e+33
614.9361849974018,1.0231748741572176e+33
614.8624552687564,1.0239249720757402e+33
614.7887432181118,1.0280339636695573e+33
614.7150488391106,1.029474563956059e+33
614.6413721253991,1.041102636867824e+33
614.567713070626,1.0458227449491083e+33
614.4940716684436,1.0439240380499045e+33
614.4204479125066,1.0621145381921052e+33
614.346841796473,1.0583147330889554e+33
614.2732533140043,1.0581110459079195e+33
614.1996824587642,1.0673265788311786e+33
614.1261292244201,1.0728025018660011e+33
614.0525936046423,1.0725392633275533e+33
613.9790755931037,1.0835975811829019e+33
613.905575183481,1.0847890399894438e+33
613.8320923694532,1.0914960920067804e+33
613.7586271447028,1.09287960230249e+33
613.685179502915,1.0980264265649028e+33
613.6117494377783,1.1024954010641148e+33
613.5383369429838,1.1051989181373578e+33
613.4649420122264,1.1113250860159443e+33
613.391564639203,1.1163351725269081e+33
613.3182048176145,1.117854123504292e+33
613.244862541164,1.1221341688896375e+33
613.1715378035583,1.1281853379216469e+33
613.0982305985066,1.1327226407813816e+33
613.0249409197213,1.1336707093034505e+33
612.9516687609182,1.1427604643906441e+33
612.8784141158156,1.142393944434423e+33
612.8051769781351,1.1479341037900361e+33
612.7319573416012,1.1575547409427278e+33
612.6587551999412,1.152081460834328e+33
612.5855705468858,1.157365126813532e+33
612.5124033761683,1.1666384261913244e+33
612.4392536815254,1.1744129300770247e+33
612.3661214566966,1.1748647011345594e+33
612.293006695424,1.1744014614249246e+33
612.2199093914534,1.1780068206640298e+33
612.1468295385331,1.1884801605412495e+33
612.0737671304146,1.1885154120029372e+33
612.0007221608522,1.1952304200030817e+33
611.9276946236033,1.2033179131308157e+33
611.8546845124283,1.2054957287589826e+33
611.7816918210905,1.2130960393332401e+33
611.7087165433563,1.2106822161469816e+33
611.635758672995,1.2198028994547149e+33
611.5628182037789,1.2231739396815438e+33
611.4898951294831,1.226464342334739e+33
611.4169894438857,1.230488510410297e+33
611.3441011407681,1.2314307781472267e+33
611.2712302139144,1.2404653065209424e+33
611.1983766571116,1.2381536623788546e+33
611.1255404641498,1.2426183393355992e+33
611.0527216288222,1.2545825848514342e+33
610.9799201449244,1.2606626344542078e+33
610.9071360062557,1.2547274716018137e+33
610.8343692066178,1.2628147263634745e+33
610.7616197398156,1.271379941792982e+33
610.6888875996568,1.2676895580120287e+33
610.6161727799523,1.2781236557130951e+33
610.5434752745156,1.2811662063170427e+33
610.4707950771635,1.2857609765705383e+33
610.3981321817156,1.2857600228216158e+33
610.3254865819943,1.2967652032287775e+33
610.2528582718248,1.303191020961164e+33
610.1802472450362,1.3048839188745115e+33
610.1076534954593,1.3093477407664748e+33
610.0350770169285,1.3110823615082052e+33
609.962517803281,1.316816441955081e+33
609.8899758483569,1.3218227636093203e+33
609.8174511459995,1.328708982543259e+33
609.7449436900545,1.3296239525158e+33
609.672453474371,1.335442526074657e+33
609.5999804928007,1.338525334337361e+33
609.5275247391984,1.3422813149087932e+33
609.4550862074219,1.34546704802765e+33
609.382664891332,1.3540587092599487e+33
609.3102607847916,1.357149689581379e+33
609.2378738816677,1.3607406345111395e+33
609.1655041758296,1.3661603653140515e+33
609.0931516611492,1.3736023185223553e+33
609.0208163315023,1.3735572096295336e+33
608.9484981807664,1.3796240034697936e+33
608.8761972028228,1.3837990058564218e+33
608.8039133915553,1.3898058636605372e+33
608.7316467408508,1.3910816154547777e+33
608.659397244599,1.4004157001949207e+33
608.5871648966923,1.4055949736321127e+33
608.5149496910265,1.4073957650020994e+33
608.4427516215,1.411387366877711e+33
608.3705706820139,1.4173336507557445e+33
608.2984068664724,1.4201862084581737e+33
608.2262601687828,1.4261351478472908e+33
608.154130582855,1.4312139075407273e+33
608.0820181026016,1.4286128516178602e+33
608.0099227219388,1.4355154697547984e+33
607.9378444347849,1.4407279515028435e+33
607.8657832350617,1.4481464202331463e+33
607.7937391166934,1.4545139647121602e+33
607.7217120736073,1.458063563042653e+33
607.6497020997335,1.458075436474751e+33
607.5777091890052,1.4644395988314867e+33
607.5057333353583,1.4687950584385278e+33
607.4337745327316,1.4739772689788308e+33
607.3618327750665,1.4827321749191555e+33
607.2899080563079,1.487786640343541e+33
607.2180003704029,1.491368958035685e+33
607.146109711302,1.5027993253873938e+33
607.0742360729581,1.5077381487957374e+33
607.0023794493275,1.489411649505143e+33
606.9305398343687,1.461728046007525e+33
606.8587172220435,1.4360621803928743e+33
606.7869116063166,1.4038655391537877e+33
606.7151229811554,1.3825793182349364e+33
606.6433513405301,1.355540062804322e+33
606.5715966784139,1.3262394596288895e+33
606.4998589887828,1.2973452629453965e+33
606.4281382656155,1.2693507282130237e+33
606.3564345028939,1.2451132504283304e+33
606.2847476946022,1.2133845616313086e+33
606.2130778347281,1.1881953762481555e+33
606.1414249172617,1.1587491924793347e+33
606.069788936196,1.129157388692917e+33
605.998169885527,1.1001031112175103e+33
605.9265677592533,1.0749050882304993e+33
605.8549825513766,1.0465402660053315e+33
605.7834142559011,1.0136755348090649e+33
605.7118628668343,9.867773350428564e+32
605.640328378186,9.60044249738675e+32
605.5688107839693,9.27893027558879e+32
605.4973100781999,9.061184222817254e+32
605.4258262548964,8.8956413955319e+32
605.35435930808,8.74301766701428e+32
605.282909231775,8.578179415595184e+32
605.2114760200083,8.384638759571201e+32
605.1400596668099,8.210427797548071e+32
605.0686601662125,8.054097649253921e+32
604.9972775122512,7.877986611866032e+32
604.9259116989647,7.686009656232493e+32
604.8545627203939,7.519124532440522e+32
604.7832305705828,7.350513674263546e+32
604.711915243578,7.177089024876795e+32
604.640616733429,6.999884349344888e+32
604.5693350341885,6.791752315637507e+32
604.4980701399111,6.647425813428751e+32
604.4268220446551,6.457265514467644e+32
604.355590742481,6.2442610923610924e+32
604.2843762274526,6.086213268285144e+32
604.2131784936361,5.898876810057632e+32
604.1419975351006,5.723607212558469e+32
604.0708333459181,5.616892542658728e+32
603.9996859201633,5.517615389862892e+32
603.9285552519136,5.5917661881459554e+32
603.8574413352496,5.3189700087125045e+32
603.786344164254,5.423077045140382e+32
603.715263733013,5.1580233049962516e+32
603.644200035615,5.228438841250203e+32
603.5731530661516,5.29204868826425e+32
603.502122818717,5.0412288570082485e+32
603.4311092874082,5.126912123997749e+32
603.360112466325,5.0192386796315135e+32
603.2891323495699,4.933828121395466e+32
603.2181689312482,5.0058305057145775e+32
603.1472222054682,4.750736421519367e+32
603.0762921663405,4.8117721595706316e+32
603.005378807979,4.731449327043839e+32
602.9344821244999,4.633181220883807e+32
602.8636021100226,4.713500342108476e+32
602.792738758669,4.600008578429396e+32
602.7218920645635,4.518701402546956e+32
602.651062021834,4.4456072317478665e+32
602.5802486246106,4.57225527742111e+32
602.5094518670262,4.3512261908127894e+32
602.4386717432166,4.480080214416527e+32
602.3679082473202,4.569308064795873e+32
602.2971613734784,4.368105955741492e+32
602.2264311158352,4.495745539289665e+32
602.1557174685373,4.432593232900743e+32
602.0850204257342,4.389391653702083e+32
602.0143399815784,4.342167155168092e+32
601.9436761302245,4.454403990786854e+32
601.8730288658305,4.2288796413191015e+32
601.8023981825568,4.3662547403065546e+32
601.7317840745667,4.481695441897629e+32
601.661186536026,4.2342162319391265e+32
601.5906055611036,4.360893417041645e+32
601.5200411439707,4.311741335371186e+32
601.4494932788019,4.263247078624954e+32
601.3789619597737,4.221339456490801e+32
601.308447181066,4.322544963867733e+32
601.237948936861,4.134327266303242e+32
601.1674672213438,4.278775322512843e+32
601.0970020287024,4.2567137051355645e+32
601.026553353127,4.393718585624325e+32
600.9561211888114,4.203744699156503e+32
600.8857055299511,4.364752256108487e+32
600.8153063707451,4.324183161786251e+32
600.7449237053947,4.327860284557413e+32
600.6745575281041,4.465238444668729e+32
600.6042078330801,4.4562646019677396e+32
600.5338746145324,4.581239600671525e+32
600.463557866673,4.4146256285397114e+32
600.3932575837173,4.559801413931914e+32
600.3229737598829,4.540839449211326e+32
600.25270638939,4.510549723453747e+32
600.1824554664618,4.498921397142916e+32
600.1122209853243,4.6311241716197664e+32
600.0420029402057,4.6161834463313824e+32
599.9718013253378,4.5910648570295946e+32
599.9016161349539,4.583995348607889e+32
599.8314473632909,4.555361901349028e+32
599.7612950045882,4.724415699398476e+32
599.6911590530877,4.5525471541438656e+32
599.6210395030341,4.7234384186807205e+32
599.5509363486749,4.7245123715222215e+32
599.48084958426,4.9051754074151e+32
599.4107792040425,4.72849305304281e+32
599.3407252022776,4.8965065491381026e+32
599.2706875732234,4.898617931119645e+32
599.2006663111409,5.05312866382986e+32
599.1306614102937,5.0473294696825615e+32
599.0606728649477,5.078835702292257e+32
598.990700669372,5.0606548679144475e+32
598.9207448178382,5.25283691520422e+32
598.8508053046204,5.228021485234487e+32
598.7808821239955,5.248458102827949e+32
598.7109752702431,5.247127338359919e+32
598.6410847376455,5.245582042411148e+32
598.5712105204875,5.422284883647859e+32
598.501352613057,5.430631686960483e+32
598.4315110096438,5.403756645158301e+32
598.361685704541,5.4082901637238934e+32
598.2918766920442,5.571018967353509e+32
598.2220839664517,5.5629962344184854e+32
598.1523075220643,5.5926847355597775e+32
598.0825473531856,5.564842124254226e+32
598.0128034541219,5.5729115692024815e+32
597.943075819182,5.755648575735384e+32
597.8733644426775,5.744342067283522e+32
597.8036693189223,5.9075236096129156e+32
597.7339904422334,5.931779804144156e+32
597.6643278069305,5.769445744130641e+32
597.5946814073355,5.936850528667275e+32
597.5250512377733,5.926666154766143e+32
597.4554372925709,6.094020133673562e+32
597.385839566059,6.109805691722686e+32
597.3162580525698,6.098329981801649e+32
597.2466927464388,6.11171027820774e+32
597.1771436420042,6.116282783748379e+32
597.1076107336064,6.28149806416367e+32
597.0380940155886,6.295632625292841e+32
596.9685934822969,6.2896294941739e+32
596.8991091280797,6.445454090066173e+32
596.829640947288,6.437910649574368e+32
596.7601889342759,6.454240230642346e+32
596.6907530833995,6.449172178575553e+32
596.621333389018,6.436882889373996e+32
596.551929845493,6.607430378098884e+32
596.482542447189,6.603285371717104e+32
596.4131711884726,6.764091440819687e+32
596.3438160637133,6.758140365645836e+32
596.2744770672837,6.755847601931453e+32
596.205154193558,6.774405288723715e+32
596.1358474369139,6.7702416462476e+32
596.0665567917314,6.761769912263411e+32
595.9972822523929,6.925928782736549e+32
595.9280238132839,6.927476535959378e+32
595.8587814687919,6.924741750056183e+32
595.7895552133076,7.070637441858114e+32
595.7203450412238,7.039724367488356e+32
595.6511509469365,7.047687588784682e+32
595.5819729248435,7.188925412191422e+32
595.512810969346,7.033282288845193e+32
595.4436650748473,7.008471100047714e+32
595.3745352357535,7.159712670364642e+32
595.3054214464731,7.171655903582256e+32
595.2363237014176,7.157760929803429e+32
595.1672419950006,7.174631206134761e+32
595.0981763216387,7.158807324537538e+32
595.0291266757508,7.173048412672023e+32
594.9600930517586,7.165407562794683e+32
594.8910754440861,7.176669181322166e+32
594.8220738471605,7.200851143631525e+32
594.7530882554107,7.335291404990543e+32
594.684118663269,7.207231598523322e+32
594.6151650651698,7.20798692610715e+32
594.5462274555503,7.399727277254693e+32
594.47730582885,7.281144305354287e+32
594.4084001795113,7.268408118977555e+32
594.3395105019791,7.474215780483032e+32
594.2706367907008,7.485166623759835e+32
594.2017790401264,7.351957647155111e+32
594.1329372447085,7.362882972471975e+32
594.0641113989021,7.511074042393927e+32
593.9953014971652,7.5293888368531e+32
593.9265075339578,7.35100222679891e+32
593.8577295037428,7.535754234413127e+32
593.7889674009857,7.544806146937044e+32
593.7202212201545,7.535682532762014e+32
593.6514909557195,7.395891122917767e+32
593.5827766021541,7.545480597674261e+32
593.5140781539338,7.556122734840271e+32
593.4453956055369,7.556834598181421e+32
593.376728951444,7.39306018104101e+32
593.3080781861386,7.578585842377596e+32
593.2394433041064,7.59398679247224e+32
593.170824299836,7.582342215146538e+32
593.1022211678182,7.62622137620729e+32
593.0336339025469,7.648038373792784e+32
592.9650624985176,7.647869835616643e+32
592.8965069502293,7.671871344281475e+32
592.8279672521832,7.69307025774113e+32
592.7594433988827,7.721149328920287e+32
592.6909353848342,7.733822346543653e+32
592.6224432045466,7.744178800594672e+32
592.5539668525311,7.757340128980478e+32
592.4855063233016,7.938705854189646e+32
592.4170616113744,7.785472387447693e+32
592.3486327112686,7.777715263808838e+32
592.2802196175054,7.785468956948788e+32
592.2118223246091,7.769635965802474e+32
592.143440827106,7.945949131320409e+32
592.0750751195251,7.94682324185171e+32
592.0067251963982,7.793471294376593e+32
591.9383910522594,7.782365769782315e+32
591.870072681645,7.77184096459014e+32
591.8017700790942,7.922802229197563e+32
591.7334832391491,7.912547996632304e+32
591.6652121563535,7.91083722706272e+32
591.5969568252541,7.73852534536388e+32
591.5287172404002,7.727918518338427e+32
591.4604933963436,7.88590192301063e+32
591.3922852876384,7.868255791937843e+32
591.3240929088415,7.856363941393086e+32
591.255916254512,7.83560619323753e+32
591.1877553192118,7.679632881121104e+32
591.1196100975052,7.827702681262866e+32
591.0514805839589,7.811500926782873e+32
590.9833667731422,7.790929847371704e+32
590.9152686596269,7.785422273189493e+32
590.8471862379873,7.772567064239366e+32
590.7791195028003,7.760887790159057e+32
590.711068448645,7.749595264057015e+32
590.6430330701035,7.772671733969798e+32
590.5750133617596,7.780412878678188e+32
590.5070093182006,7.780031844983298e+32
590.4390209340155,7.779205556737527e+32
590.3710482037961,7.780279094256712e+32
590.3030911221366,7.786360868482598e+32
590.235149683634,7.784817906575006e+32
590.1672238828872,7.947797736091424e+32
590.0993137144982,7.95302194514034e+32
590.031419173071,7.959646658056915e+32
589.9635402532123,7.811447870681326e+32
589.8956769495314,7.808240225108259e+32
589.82782925664,7.81234027366357e+32
589.759997169152,7.81880656694043e+32
589.6921806816842,7.82610318346894e+32
589.6243797888555,8.019369567139883e+32
589.5565944852876,8.017654927411105e+32
589.4888247656046,7.945101007113146e+32
589.4210706244327,7.984947785424e+32
589.3533320564012,7.978412997377337e+32
589.2856090561412,7.903834801093189e+32
589.217901618287,7.944784215412951e+32
589.1502097374746,7.940085362040223e+32
589.0825334083432,7.864443442627277e+32
589.0148726255338,7.899970000911555e+32
588.9472273836902,7.894934417195347e+32
588.8795976774588,8.036791652320019e+32
588.8119835014883,8.020911100009229e+32
588.7443848504295,7.878660502307923e+32
588.6768017189362,7.851145560584528e+32
588.6092341016646,7.849938842293563e+32
588.541681993273,7.839240909294547e+32
588.4741453884224,7.837550276519775e+32
588.4066242817761,7.81911990550658e+32
588.3391186680002,7.755722390897526e+32
588.2716285417629,7.813763518277259e+32
588.2041538977348,7.810177461901146e+32
588.1366947305893,7.793404203257264e+32
588.0692510350019,7.81559554499277e+32
588.0018228056507,7.810108317505737e+32
587.9344100372163,7.810097899858706e+32
587.8670127243814,7.820800992210983e+32
587.7996308618318,7.968598306734956e+32
587.7322644442551,7.976815071859615e+32
587.6649134663414,7.968973571131723e+32
587.5975779227838,7.983948783409884e+32
587.5302578082772,7.99063234801646e+32
587.462953117519,7.999609826377907e+32
587.3956638452095,7.99695424100771e+32
587.328389986051,7.996432462428397e+32
587.2611315347483,8.002755584357894e+32
587.1938884860086,8.006165406402901e+32
587.1266608345419,8.023819522538966e+32
587.05944857506,8.027058559082697e+32
586.9922517022775,8.01979293600304e+32
586.9250702109116,8.008408213225089e+32
586.8579040956813,8.011473292328573e+32
586.7907533513087,8.004872001982784e+32
586.7236179725179,7.977907121674436e+32
586.6564979540354,7.974601173110478e+32
586.5893932905906,8.094328355875139e+32
586.5223039769145,8.090241540074011e+32
586.4552300077412,8.13329373321816e+32
586.388171377807,8.068974188136813e+32
586.3211280818504,8.070303211011474e+32
586.2541001146127,8.050356495403672e+32
586.1870874708372,8.04092855128985e+32
586.1200901452698,8.082118721190136e+32
586.053108132659,8.018113661131762e+32
585.9861414277552,8.20704942267287e+32
585.9191900253118,7.998875270336537e+32
585.852253920084,8.057689436591664e+32
585.7853331068297,8.00575423643949e+32
585.7184275803094,8.007234012737906e+32
585.6515373352855,7.995992455741955e+32
585.5846623665233,7.995515814550778e+32
585.5178026687902,8.19136154011035e+32
585.4509582368559,8.126774801037301e+32
585.3841290654927,8.184731930661152e+32
585.3173151494755,8.129555346289385e+32
585.2505164835808,8.042118080730061e+32
585.1837330625883,7.980925412962353e+32
585.1169648812797,8.171911677314985e+32
585.0502119344393,8.125053963505776e+32
584.9834742168533,8.169071835835511e+32
584.916751723311,8.122293266901888e+32
584.8500444486034,8.158961697803979e+32
584.7833523875242,8.182934454457356e+32
584.7166755348695,8.148320720648027e+32
584.6500138854378,8.16491494465126e+32
584.5833674340298,8.146817416913103e+32
584.5167361754485,8.167275504563164e+32
584.4501201044997,8.230778633256072e+32
584.3835192159911,8.284555843525721e+32
584.316933504733,8.080139548427969e+32
584.250362965538,8.133887347356006e+32
584.1838075932211,8.06932890708025e+32
584.1172673825997,8.260668675697326e+32
584.0507423284935,8.219997837793786e+32
583.9842324257245,8.241289184171064e+32
583.9177376691172,8.079156461632291e+32
583.8512580534983,8.225260428916524e+32
583.784793573697,8.222269095187258e+32
583.7183442245448,8.241884260507868e+32
583.6519100008755,8.372950765339669e+32
583.5854908975253,8.243703935292172e+32
583.5190869093328,8.254471406758625e+32
583.4526980311389,8.263050915375454e+32
583.3863242577868,8.398271892746983e+32
583.3199655841221,8.272106900806275e+32
583.2536220049926,8.272177710707828e+32
583.1872935152488,8.423686001044523e+32
583.1209801097434,8.4266901966594e+32
583.054681783331,8.302817057609673e+32
582.9883985308692,8.429877107058438e+32
582.9221303472176,8.43749581012699e+32
582.855877227238,8.4164862239966e+32
582.7896391657949,8.402154469525367e+32
582.723416157755,8.419551894585903e+32
582.657208197987,8.404938193650084e+32
582.5910152813624,8.532697322201598e+32
582.5248374027548,8.387157682432658e+32
582.4586745570401,8.39685282335171e+32
582.3925267390969,8.52037242439837e+32
582.3263939438056,8.438035991308209e+32
582.2602761660489,8.506310627571614e+32
582.1941734007127,8.57997002720234e+32
582.1280856426839,8.400888338147723e+32
582.0620128868529,8.533750578383984e+32
581.9959551281119,8.570545345440418e+32
581.9299123613552,8.688647530679014e+32
581.8638845814799,8.620293258333131e+32
581.7978717833851,8.564275124878643e+32
581.7318739619722,8.75589395305019e+32
581.6658911121452,8.577170064149555e+32
581.5999232288101,8.770292726060052e+32
581.5339703068754,8.614582554425774e+32
581.468032341252,8.741285535752567e+32
581.4021093268526,8.798573650320078e+32
581.3362012585928,8.627638961417184e+32
581.2703081313904,8.818642925682826e+32
581.204429940165,8.767980592962963e+32
581.1385666798392,8.756293952846081e+32
581.0727183453373,8.831012427752659e+32
581.0068849315865,8.805857190273497e+32
580.9410664335156,8.87498712168419e+32
580.8752628460564,9.006972962513247e+32
580.8094741641426,8.82403069158079e+32
580.7437003827101,9.011662422696744e+32
580.6779414966974,8.849258900030723e+32
580.6121975010451,9.061277813307706e+32
580.5464683906962,8.942277956833673e+32
580.4807541605958,9.019774346110374e+32
580.4150548056915,9.188255784012441e+32
580.3493703209332,9.075276337554215e+32
580.2837007012728,9.21525229295317e+32
580.2180459416649,9.122348876457611e+32
580.1524060370659,9.232311485868457e+32
580.086780982435,9.125715217401723e+32
580.0211707727332,9.25122038347404e+32
579.9555754029242,9.213764524484399e+32
579.8899948679735,9.299255806532654e+32
579.8244291628495,9.281346122693486e+32
579.7588782825223,9.311666880726479e+32
579.6933422219646,9.319762271020106e+32
579.6278209761512,9.43245932828385e+32
579.5623145400593,9.340423915310809e+32
579.4968229086684,9.465861641648809e+32
579.43134607696,9.479851720922737e+32
579.3658840399183,9.496436292609352e+32
579.3004367925294,9.492114821259985e+32
579.2350043297816,9.498607326313991e+32
579.169586646666,9.526019120406764e+32
579.1041837381754,9.517229888872131e+32
579.0387955993051,9.655034337016777e+32
578.9734222250528,9.591872368538639e+32
578.908063610418,9.688266986845854e+32
578.842719750403,9.671686984634217e+32
578.7773906400121,9.753122646704898e+32
578.7120762742517,9.705830450575063e+32
578.6467766481306,9.694648751343447e+32
578.5814917566602,9.900183566384631e+32
578.5162215948535,9.85292687727492e+32
578.4509661577263,9.72450981342832e+32
578.3857254402961,9.92240711791406e+32
578.3204994375833,9.933029624513302e+32
578.2552881446101,9.876560298247822e+32
578.190091556401,9.930337447592914e+32
578.1249096679828,9.968954393388429e+32
578.0597424743847,9.899839654619605e+32
577.9945899706379,1.0023119426813392e+33
577.9294521517759,1.011448351109811e+33
577.8643290128343,1.0101694521554343e+33
577.7992205488515,1.0088802158797683e+33
577.7341267548675,1.0149743485788727e+33
577.6690476259247,1.0137920528885468e+33
577.6039831570679,1.0163324867782032e+33
577.538933343344,1.0246172994317403e+33
577.4738981798023,1.0320477527338585e+33
577.408877661494,1.0327897304874975e+33
577.343871783473,1.0319251572414142e+33
577.2788805407948,1.0465051805549435e+33
577.2139039285178,1.0470294871744149e+33
577.1489419417022,1.0479562678859283e+33
577.0839945754104,1.0491949067084724e+33
577.0190618247074,1.053343292303621e+33
576.9541436846599,1.0642538092216088e+33
576.8892401503374,1.0653623182901161e+33
576.824351216811,1.0664156480981778e+33
576.7594768791545,1.0732601133006628e+33
576.6946171324437,1.0707300188401874e+33
576.6297719717567,1.074527152679179e+33
576.5649413921738,1.0747201908613933e+33
576.5001253887773,1.0933232957954612e+33
576.435323956652,1.092024220095827e+33
576.370537090885,1.090308077043845e+33
576.3057647865651,1.0937105187313857e+33
576.2410070387839,1.0984106283611693e+33
576.1762638426347,1.1028082011993101e+33
576.1115351932134,1.0971305237338181e+33
576.0468210856178,1.1096148692012438e+33
575.9821215149482,1.1080203863450223e+33
575.9174364763068,1.1178425406286796e+33
575.8527659647981,1.116784059835676e+33
575.788109975529,1.1210884493821556e+33
575.7234685036084,1.1230988401657677e+33
575.6588415441473,1.134978714438478e+33
575.5942290922592,1.1336005869866342e+33
575.5296311430594,1.13610689669132e+33
575.4650476916659,1.1468650071792574e+33
575.4004787331983,1.1430823556679479e+33
575.3359242627789,1.1489811068684697e+33
575.271384275532,1.1497240891098167e+33
575.206858766584,1.1623626402719913e+33
575.1423477310634,1.1593691811221852e+33
575.0778511641013,1.1729130715228696e+33
575.0133690608307,1.1734953819547677e+33
574.9489014163865,1.1651202406399395e+33
574.8844482259066,1.174870011698598e+33
574.8200094845301,1.178820777286245e+33
574.755585187399,1.1892770988138112e+33
574.6911753296572,1.1896380011386859e+33
574.6267799064508,1.2015758418382195e+33
574.562398912928,1.1954183307357443e+33
574.4980323442393,1.2063164483798264e+33
574.4336801955372,1.2045875246345187e+33
574.3693424619768,1.2092498666171338e+33
574.3050191387148,1.2023824661702487e+33
574.2407102209104,1.2125558164819293e+33
574.176415703725,1.2250709717913937e+33
574.1121355823219,1.2178626564967247e+33
574.047869851867,1.2285634463017666e+33
573.9836185075278,1.2351739990963247e+33
573.9193815444744,1.228127326779441e+33
573.855158957879,1.2365265232463121e+33
573.7909507429158,1.2465391865217924e+33
573.7267568947614,1.24268318629646e+33
573.6625774085941,1.2487463913753778e+33
573.5984122795949,1.2513518816227172e+33
573.5342615029465,1.2606514153859393e+33
573.4701250738343,1.2684483607472771e+33
573.4060029874453,1.2707299835169286e+33
573.3418952389688,1.280484756186865e+33
573.2778018235967,1.2804618326594144e+33
573.2137227365223,1.2806383249238622e+33
573.1496579729417,1.2882674065918763e+33
573.0856075280525,1.296673595216252e+33
573.0215713970553,1.303499460681897e+33
572.9575495751519,1.2974792256962934e+33
572.8935420575472,1.2959642039415208e+33
572.8295488394474,1.3034946996566992e+33
572.7655699160613,1.3088767976217145e+33
572.7016052825996,1.3070727881195345e+33
572.6376549342755,1.3129810091213419e+33
572.573718866304,1.3177090964955103e+33
572.5097970739024,1.317779605043322e+33
572.44588955229,1.3204603914861845e+33
572.3819962966885,1.3369217304818045e+33
572.3181173023213,1.3347725838608515e+33
572.2542525644144,1.343818359364282e+33
572.1904020781956,1.3448261996703407e+33
572.1265658388949,1.3553745114485083e+33
572.0627438417446,1.3598743082882245e+33
571.9989360819789,1.3596203358373903e+33
571.9351425548343,1.3627219250588268e+33
571.8713632555493,1.3709061744887715e+33
571.8075981793646,1.3802227512652238e+33
571.743847321523,1.385194320926895e+33
571.6801106772695,1.390361062041861e+33
571.6163882418509,1.3970984573709062e+33
571.5526800105166,1.3924922736375163e+33
571.4889859785177,1.3996728621158275e+33
571.4253061411077,1.411168229571224e+33
571.3616404935422,1.4146290680514402e+33
571.2979890310786,1.4181094889187884e+33
571.2343517489768,1.4188262506439001e+33
571.1707286424985,1.4345187919892145e+33
571.1071197069078,1.4416908023066352e+33
571.0435249374707,1.4493795838435897e+33
570.9799443294554,1.4506437973638357e+33
570.9163778781322,1.4616497932528253e+33
570.8528255787735,1.4637027648435084e+33
570.7892874266536,1.465759506867442e+33
570.7257634170493,1.4785603400357404e+33
570.6622535452393,1.4752757634345916e+33
570.5987578065043,1.486883042000447e+33
570.5352761961273,1.491428161482287e+33
570.4718087093931,1.497125324999935e+33
570.4083553415891,1.5034558963269366e+33
570.3449160880042,1.5043656206811524e+33
570.28149094393,1.5231995365054588e+33
570.2180799046596,1.5236388302878367e+33
570.1546829654885,1.523377615936132e+33
570.0913001217145,1.530068033531199e+33
570.027931368637,1.5384558224674653e+33
569.964576701558,1.5416207922454208e+33
569.9012361157811,1.5519208414331565e+33
569.8379096066124,1.558826276088409e+33
569.7745971693598,1.5675850180508838e+33
569.7112987993335,1.576848596167193e+33
569.6480144918454,1.5831533598114608e+33
569.5847442422101,1.5817265052951617e+33
569.5214880457439,1.56207634836922e+33
569.4582458977652,1.5445969406325912e+33
569.3950177935943,1.5275162675243083e+33
569.331803728554,1.5092453021789787e+33
569.2686036979688,1.4989100319333668e+33
569.2054176971657,1.4784230399077907e+33
569.1422457214732,1.4638652117802473e+33
569.0790877662223,1.4434892716484764e+33
569.015943826746,1.4279153183827037e+33
568.9528138983793,1.4155968700249366e+33
568.8896979764594,1.3992170576115852e+33
568.8265960563252,1.377780564979515e+33
568.7635081333182,1.3574064184297902e+33
568.7004342027815,1.3392382297644116e+33
568.6373742600606,1.330598632986002e+33
568.5743283005029,1.3145087269660532e+33
568.5112963194579,1.2982562457007533e+33
568.448278312277,1.296178044490323e+33
568.3852742743142,1.2643255026323352e+33
568.3222842009246,1.2557445942695713e+33
568.2593080874665,1.2497247760734226e+33
568.1963459292994,1.2645688728361998e+33
568.1333977217851,1.274276785181734e+33
568.0704634602876,1.2848657250210762e+33
568.007543140173,1.2887242862465793e+33
567.9446367568089,1.3008701292777336e+33
567.8817443055658,1.310213799115199e+33
567.8188657818156,1.327548946036162e+33
567.7560011809325,1.3332628157928248e+33
567.6931504982927,1.338086438242137e+33
567.6303137292743,1.35130170093235e+33
567.567490869258,1.3640022379067488e+33
567.5046819136257,1.3742177788236314e+33
567.4418868577621,1.3833987084808274e+33
567.3791056970537,1.3918461419422507e+33
567.3163384268886,1.399450871932509e+33
567.2535850426575,1.415699227300323e+33
567.190845539753,1.428816268575935e+33
567.1281199135697,1.4351916969078392e+33
567.0654081595042,1.448650139692227e+33
567.0027102729551,1.4569771563680902e+33
566.9400262493232,1.4707086361495208e+33
566.8773560840112,1.475564657173702e+33
566.8146997724239,1.4849132073174266e+33
566.7520573099681,1.5013912783924028e+33
566.6894286920525,1.5115020266706376e+33
566.6268139140881,1.510922421723945e+33
566.5642129714877,1.5294336285905434e+33
566.5016258596662,1.5396466458768956e+33
566.4390525740406,1.5449526338969724e+33
566.37649311003,1.5571077888707807e+33
566.3139474630551,1.570183859639294e+33
566.2514156285391,1.5840962389993895e+33
566.1888976019069,1.5931072696190386e+33
566.1263933785857,1.600862475794174e+33
566.0639029540044,1.616572310221772e+33
566.0014263235944,1.6278810611346075e+33
565.9389634827884,1.6455111189240236e+33
565.8765144270217,1.6536782202877922e+33
565.8140791517316,1.6625851864221397e+33
565.7516576523569,1.6780921416908036e+33
565.689249924339,1.6909695184432078e+33
565.6268559631211,1.7064338494878478e+33
565.5644757641483,1.7151757625795213e+33
565.5021093228678,1.7306580540565533e+33
565.4397566347287,1.7426250134562248e+33
565.3774176951824,1.7635013770245554e+33
565.315092499682,1.7629213660858304e+33
565.2527810436827,1.7843518644285355e+33
565.1904833226419,1.7968446096589296e+33
565.1281993320184,1.8085397129913444e+33
565.0659290672739,1.8223688352763302e+33
565.0036725238714,1.8344054062319006e+33
564.9414296972761,1.8446551776975433e+33
564.8792005829554,1.8554568668147225e+33
564.8169851763782,1.864123223140488e+33
564.754783473016,1.881215066417448e+33
564.6925954683419,1.880669716646241e+33
564.6304211578312,1.8991065984482577e+33
564.5682605369609,1.9109341361341666e+33
564.5061136012102,1.917776434489809e+33
564.4439803460606,1.9332598327623972e+33
564.3818607669949,1.9401369452797887e+33
564.3197548594984,1.9513129437725962e+33
564.2576626190584,1.9626332934218215e+33
564.1955840411638,1.9656547103512316e+33
564.1335191213057,1.9462519389628778e+33
564.0714678549772,1.937830666443587e+33
564.0094302376735,1.9211783554384726e+33
563.9474062648917,1.913116119783404e+33
563.8853959321307,1.8951970293325858e+33
563.8233992348917,1.854198008073506e+33
563.7614161686774,1.8122992085170455e+33
563.699446728993,1.7713552252053678e+33
563.6374909113455,1.7265446702169427e+33
563.5755487112436,1.6910800061349576e+33
563.5136201241984,1.6605768733063938e+33
563.4517051457227,1.637117081027415e+33
563.3898037713313,1.6109119873866737e+33
563.3279159965412,1.5870521237971024e+33
563.2660418168709,1.557094601665028e+33
563.2041812278414,1.5295582740460324e+33
563.1423342249753,1.5016381917976023e+33
563.0805008037975,1.4755378527254998e+33
563.0186809598342,1.4515196588087795e+33
562.9568746886144,1.4214283133650236e+33
562.8950819856688,1.390485173600287e+33
562.8333028465295,1.3673923156038408e+33
562.7715372667312,1.337921743495132e+33
562.7097852418104,1.3137771643659204e+33
562.6480467673056,1.2834950810079896e+33
562.5863218387572,1.2530904707716957e+33
562.5246104517073,1.228647875472063e+33
562.4629126017003,1.2014258817643535e+33
562.4012282842826,1.1714945174948782e+33
562.3395574950022,1.1438088481685384e+33
562.2779002294094,1.114256220664034e+33
562.2162564830562,1.0992837169253285e+33
562.1546262514967,1.0855447242431827e+33
562.093009530287,1.0688699269812146e+33
562.0314063149849,1.0511954284067907e+33
561.9698166011503,1.0292011003333179e+33
561.9082403843453,1.015583016567257e+33
561.8466776601333,9.976559408410812e+32
561.7851284240804,9.7920766054259e+32
561.723592671754,9.6543488051332e+32
561.6620703987239,9.478820301139122e+32
561.6005616005616,9.300731897265064e+32
561.5390662728406,9.119054003721483e+32
561.4775844111364,8.922164445338943e+32
561.4161160110262,8.795885581595863e+32
561.3546610680895,8.598316669289764e+32
561.2932195779075,8.427185548439989e+32
561.2317915360634,8.235751776677003e+32
561.1703769381422,8.053073220740143e+32
561.108975779731,7.918798026888755e+32
561.0475880564189,7.734077783117418e+32
560.9862137637967,7.535206930210572e+32
560.9248528974573,7.432459266144005e+32
560.8635054529954,7.332034759422519e+32
560.8021714260077,7.214232223890636e+32
560.740850812093,7.109167917541705e+32
560.6795436068514,7.04487905727926e+32
560.618249805886,6.942543016993919e+32
560.5569694048006,6.833188720222728e+32
560.4957023992018,6.715798522349404e+32
560.4344487846979,6.637052534074256e+32
560.3732085568989,6.527741613776762e+32
560.3119817114169,6.425476442418891e+32
560.250768243866,6.3186014698678785e+32
560.1895681498619,6.208430038367092e+32
560.1283814250226,6.1261849028062155e+32
560.0672080649679,6.022087592098461e+32
560.0060480653191,5.905591531408847e+32
559.9449014217001,5.797913477470947e+32
559.8837681297363,5.7230314170945796e+32
559.822648185055,5.6036970491699716e+32
559.7615415832855,5.501810290448301e+32
559.7004483200591,5.385519237889744e+32
559.6393683910088,5.326817859574679e+32
559.5783017917697,5.258999399495453e+32
559.5172485179787,5.199958828063562e+32
559.4562085652746,5.1544357219851045e+32
559.395181929298,5.0508488887100385e+32
559.3341686056918,5.0065731213843744e+32
559.2731685901003,4.935861703226662e+32
559.21218187817,4.8670186985496206e+32
559.1512084655493,4.829626351649209e+32
559.0902483478883,4.757179194616162e+32
559.0293015208392,4.714250731832739e+32
558.968367980056,4.618481461839669e+32
558.9074477211947,4.5771035750503e+32
558.8465407399128,4.527999913249969e+32
558.7856470318703,4.4604015871288956e+32
558.7247665927288,4.391612027101716e+32
558.6638994181516,4.3153755959620224e+32
558.6030455038041,4.265920248511913e+32
558.5422048453536,4.187922579565181e+32
558.4813774384693,4.124183190682288e+32
558.4205632788222,4.078875277216818e+32
558.3597623620851,4.005596714263528e+32
558.298974683933,3.9880176804282364e+32
558.2382002400424,3.952390421610369e+32
558.177439026092,3.9046064775361914e+32
558.1166910377622,3.884815931696137e+32
558.0559562707352,3.841612866451208e+32
557.9952347206955,3.821229184254941e+32
557.934526383329,3.800881999204137e+32
557.8738312543235,3.722607096954914e+32
557.8131493293691,3.712153576431484e+32
557.7524806041574,3.661649543418825e+32
557.6918250743822,3.607862129675884e+32
557.6311827357385,3.618975784268128e+32
557.5705535839242,3.5586087983151065e+32
557.5099376146379,3.5415515427540345e+32
557.4493348235812,3.498071017899405e+32
557.3887452064567,3.4446148956538005e+32
557.3281687589695,3.415519741652068e+32
557.267605476826,3.392795596038073e+32
557.207055355735,3.337987118247612e+32
557.1465183914066,3.32257725565274e+32
557.0859945795532,3.270368340672955e+32
557.0254839158891,3.248182570531079e+32
556.9649863961303,3.2172312324930664e+32
556.9045020159944,3.228235927141857e+32
556.8440307712011,3.186461054327869e+32
556.7835726574723,3.1784270185263003e+32
556.7231276705312,3.159159392498188e+32
556.6626958061032,3.1257032306523236e+32
556.6022770599155,3.1026426098165493e+32
556.5418714276968,3.0793948909031252e+32
556.4814789051784,3.0678826917815993e+32
556.4210994880926,3.047490632983528e+32
556.3607331721742,3.031159658715925e+32
556.3003799531596,3.0096285396844166e+32
556.2400398267869,2.994778168752493e+32
556.1797127887963,2.9690910460353614e+32
556.1193988349298,2.9196868192976253e+32
556.0590979609312,2.9179526582672733e+32
555.9988101625462,2.893275850854334e+32
555.9385354355222,2.877946402067229e+32
555.8782737756086,2.8415159154958697e+32
555.8180251785566,2.8386891060173086e+32
555.757789640119,2.8061476433221295e+32
555.6975671560509,2.809106716390657e+32
555.6373577221091,2.78351219363807e+32
555.5771613340519,2.7914415705318906e+32
555.5169779876397,2.7628614211429493e+32
555.456807678635,2.765612832202319e+32
555.3966504028014,2.7467887008112106e+32
555.3365061559051,2.7353874071214577e+32
555.2763749337139,2.7191171200375003e+32
555.2162567319971,2.729973456599153e+32
555.1561515465263,2.720604529393313e+32
555.0960593730746,2.6998589899535e+32
555.035980207417,2.6841929050523154e+32
554.9759140453305,2.6891552021797194e+32
554.9158608825936,2.6667129593519755e+32
554.8558207149872,2.6578627656723614e+32
554.7957935382934,2.654454722952229e+32
554.7357793482964,2.623076364745536e+32
554.6757781407822,2.6293138898198368e+32
554.6157899115389,2.607808181510221e+32
554.5558146563556,2.6070895040051356e+32
554.4958523710243,2.594092685254757e+32
554.435903051338,2.585036945369672e+32
554.3759666930919,2.54491958746813e+32
554.316043292083,2.461942297902231e+32
554.2561328441099,2.393517508140089e+32
554.1962353449733,2.309708067112674e+32
554.1363507904755,2.2346344332969575e+32
554.0764791764208,2.1559166964572475e+32
554.016620498615,2.0779267214625116e+32
553.9567747528661,1.9993663751118747e+32
553.8969419349836,1.911945233929105e+32
553.837122040779,1.8464970478574084e+32
553.7773150660656,1.7630586622809314e+32
553.7175210066584,1.6872013260201517e+32
553.6577398583744,1.6062909854499468e+32
553.5979716170319,1.5223412525331231e+32
553.5382162784518,1.4483511330943692e+32
553.4784738384562,1.3738921635541008e+32
553.4187442928692,1.2969164727530768e+32
553.3590276375166,1.208211695049997e+32
553.2993238682262,1.125212042448685e+32
553.2396329808274,1.0530071737816006e+32
553.1799549711517,9.76881244949483e+31
553.1202898350318,8.843916993783184e+31
553.0606375683029,8.672992652258417e+31
553.0009981668017,8.714500001793491e+31
552.9413716263665,8.741068445990852e+31
552.8817579428376,8.67673701877421e+31
552.822157112057,8.724795455947254e+31
552.7625691298688,8.692399735642228e+31
552.7029939921184,8.75271522945546e+31
552.6434316946535,8.781480268150388e+31
552.583882233323,8.782660831800838e+31
552.5243456039782,8.73363178500811e+31
552.4648218024716,8.765921401907113e+31
552.4053108246583,8.780419714302141e+31
552.3458126663942,8.82924143223106e+31
552.2863273235376,8.819846294291996e+31
552.2268547919485,8.863792064595323e+31
552.1673950674887,8.849169268486963e+31
552.1079481460215,8.898186215123098e+31
552.0485140234124,8.805430208437113e+31
551.9890926955283,8.864485743340568e+31
551.9296841582383,8.831289361842449e+31
551.8702884074128,8.867118512326935e+31
551.8109054389241,8.894812104891085e+31
551.7515352486469,8.923460675899557e+31
551.6921778324567,8.958684668090416e+31
551.6328331862312,8.983535849693492e+31
551.5735013058503,9.01381705643733e+31
551.5141821871949,9.117765662176339e+31
551.4548758261484,9.1312215651235e+31
551.3955822185952,9.18464700956175e+31
551.3363013604223,9.214457681449362e+31
551.2770332475179,9.251452251473104e+31
551.2177778757721,9.29040455074618e+31
551.1585352410767,9.361255302265603e+31
551.0993053393256,9.39620567197604e+31
551.0400881664141,9.526426904026204e+31
550.9808837182394,9.579651195521883e+31
550.9216919907004,9.618622214247111e+31
550.862512979698,9.639794016651171e+31
550.8033466811344,9.668752333355704e+31
550.7441930909141,9.664054642115294e+31
550.685052204943,9.759994196414952e+31
550.6259240191287,9.771482805696119e+31
550.566808529381,9.862212869426049e+31
550.5077057316109,9.916828490480637e+31
550.4486156217317,9.910720288816873e+31
550.389538195658,9.93457880887828e+31
550.3304734493063,1.0075692433788396e+32
550.2714213785949,1.0037926446784298e+32
550.2123819794441,1.002507020226983e+32
550.1533552477753,1.0053799036723852e+32
550.0943411795123,1.014014202616029e+32
550.0353397705803,1.0098277674262192e+32
549.9763510169063,1.0112498315642429e+32
549.917374914419,1.022407198960426e+32
549.8584114590493,1.0222093459445681e+32
549.7994606467291,1.0219324276532965e+32
549.7405224733926,1.0311244573646304e+32
549.6815969349755,1.0300052389004778e+32
549.6226840274152,1.0261325503553914e+32
549.5637837466511,1.0341820086836547e+32
549.5048960886242,1.0319925604567751e+32
549.4460210492771,1.0463104263161332e+32
549.3871586245543,1.042203521551853e+32
549.3283088104021,1.051165657744161e+32
549.2694716027684,1.0498731762752597e+32
549.2106469976027,1.0572853629123648e+32
549.1518349908566,1.0539324786283485e+32
549.0930355784833,1.0671974675972329e+32
549.0342487564374,1.0651883571369292e+32
548.9754745206758,1.0728788152116872e+32
548.9167128671567,1.083958591238356e+32
548.8579637918401,1.0765992360067254e+32
548.799227290688,1.0833070499699798e+32
548.7405033596638,1.092010518955663e+32
548.6817919947326,1.090175336071958e+32
548.6230931918617,1.098937680013806e+32
548.5644069470196,1.1057880323402387e+32
548.5057332561769,1.0989511884738215e+32
548.4470721153054,1.1074614383860946e+32
548.3884235203794,1.1123437876691455e+32
548.3297874673743,1.1220840545818207e+32
548.2711639522674,1.125172047018091e+32
548.2125529710379,1.1261392360642201e+32
548.1539545196664,1.1393603125064195e+32
548.0953685941354,1.1374154565621184e+32
548.0367951904291,1.1397037606350442e+32
547.9782343045334,1.1475617750636743e+32
547.919685932436,1.154417163318984e+32
547.8611500701262,1.157885461896634e+32
547.8026267135951,1.1737172572024238e+32
547.7441158588354,1.1762832845750077e+32
547.6856175018415,1.180310759847877e+32
547.62713163861,1.1873309798250531e+32
547.5686582651382,1.1890806671133673e+32
547.5101973774262,1.1936656369058375e+32
547.451748971475,1.2044230420937389e+32
547.3933130432879,1.2087001632759342e+32
547.3348895888694,1.2116389181649492e+32
547.276478604226,1.2233160905364673e+32
547.2180800853661,1.224213955722352e+32
547.1596940282991,1.224858928571505e+32
547.1013204290368,1.238474333171921e+32
547.0429592835925,1.2396452798161543e+32
546.984610587981,1.2437493661548802e+32
546.9262743382192,1.2563852493947466e+32
546.8679505303252,1.260180964909659e+32
546.8096391603191,1.2618094134840524e+32
546.7513402242226,1.2721533080514994e+32
546.6930537180594,1.2788636938108111e+32
546.6347796378544,1.2840132421513092e+32
546.5765179796346,1.2841407119395226e+32
546.5182687394282,1.2884621815709612e+32
546.4600319132659,1.293428385817312e+32
546.4018074971792,1.304243973056097e+32
546.3435954872019,1.3116112661122146e+32
546.2853958793693,1.3127180292299592e+32
546.2272086697183,1.3180340268603707e+32
546.1690338542876,1.3250568040466612e+32
546.1108714291175,1.3312249200816531e+32
546.0527213902502,1.3403857184396705e+32
545.9945837337294,1.3436535419868279e+32
545.9364584556004,1.3455946697569238e+32
545.8783455519103,1.3517544694902328e+32
545.820245018708,1.3626445342558506e+32
545.7621568520439,1.3645498834903645e+32
545.7040810479701,1.3681403926410687e+32
545.6460176025405,1.3753212796802264e+32
545.5879665118106,1.382018227538462e+32
545.5299277718376,1.3874365295437013e+32
545.4719013786802,1.3963527608541184e+32
545.4138873283991,1.4000254457577103e+32
545.3558856170565,1.4007489819647804e+32
545.2978962407163,1.4102563036114487e+32
545.2399191954439,1.4183629130633628e+32
545.1819544773068,1.4225313810986431e+32
545.1240020823736,1.4248101289160408e+32
545.0660620067151,1.4325614030528629e+32
545.0081342464036,1.4390813916545028e+32
544.9502187975128,1.4482128854475402e+32
544.8923156561185,1.4511119165129525e+32
544.8344248182977,1.4549631762879078e+32
544.7765462801295,1.4633642089469524e+32
544.7186800376945,1.4677795189758115e+32
544.660826087075,1.4705135966426735e+32
544.6029844243546,1.4833629308059459e+32
544.5451550456193,1.4845889943839535e+32
544.487337946956,1.4684542916873945e+32
544.4295331244539,1.4475570857708141e+32
544.3717405742033,1.42619556763823e+32
544.3139602922967,1.4017146062899462e+32
544.2561922748276,1.3751598863253713e+32
544.1984365178919,1.3589584642117936e+32
544.1406930175866,1.3333272509046672e+32
544.0829617700107,1.3116503845808164e+32
544.0252427712646,1.286328609284852e+32
543.9675360174505,1.2655688762226226e+32
543.9098415046722,1.2444566059696182e+32
543.8521592290351,1.2218408082909315e+32
543.7944891866466,1.2002983600037306e+32
543.7368313736151,1.180483597894104e+32
543.6791857860513,1.1551605475751487e+32
543.6215524200672,1.1333388939710265e+32
543.5639312717766,1.1108426241264963e+32
543.5063223372946,1.0845461616253945e+32
543.4487256127385,1.0646957300712332e+32
543.3911410942268,1.0399242926200417e+32
543.3335687778798,1.017543191729639e+32
543.2760086598196,1.0031588681773923e+32
543.2184607361696,9.928994440539315e+31
543.1609250030554,9.812156456911287e+31
543.1034014566034,9.693257734929376e+31
543.0458900929423,9.578346571109554e+31
542.9883909082024,9.43022166887381e+31
542.9309038985153,9.304683738014792e+31
542.8734290600146,9.164740538520189e+31
542.8159663888354,9.055665122810155e+31
542.7585158811141,8.94288712673784e+31
542.7010775329894,8.795491899754618e+31
542.6436513406012,8.646679594620725e+31
542.5862373000908,8.508772273155437e+31
542.528835407602,8.397113223421356e+31
542.4714456592791,8.266757228549842e+31
542.4140680512689,8.119833896820798e+31
542.3567025797197,7.988656963808279e+31
542.2993492407809,7.85173597725299e+31
542.2420080306041,7.729725591069774e+31
542.1846789453424,7.618623472447773e+31
542.1273619811502,7.4894878119508975e+31
542.070057134184,7.346750551541784e+31
542.0127644006016,7.264064918089624e+31
541.9554837765626,7.229211831389323e+31
541.8982152582281,7.173343435658796e+31
541.8409588417608,7.100337248269655e+31
541.7837145233251,7.031318045863183e+31
541.7264822990871,6.95715154954517e+31
541.6692621652145,6.912254318609891e+31
541.6120541178765,6.83176199769815e+31
541.5548581532438,6.807813627540317e+31
541.497674267489,6.715841087212347e+31
541.4405024567862,6.669830820885384e+31
541.3833427173113,6.580714261472651e+31
541.3261950452413,6.511810744266484e+31
541.2690594367555,6.446661818701469e+31
541.2119358880341,6.398849827946165e+31
541.1548243952595,6.3115737164517365e+31
541.0977249546154,6.237293826676023e+31
541.0406375622873,6.182400283407411e+31
540.9835622144622,6.113615248126389e+31
540.9264989073284,6.0578177129830985e+31
540.8694476370766,5.998697488491629e+31
540.8124083998983,5.932202913641554e+31
540.7553811919871,5.914851902700964e+31
540.698366009538,5.885445462601797e+31
540.6413628487475,5.8551650781607095e+31
540.584371705814,5.82521604149554e+31
540.5273925769374,5.812285861004858e+31
540.4704254583189,5.774588647573669e+31
540.4134703461618,5.774415069603126e+31
540.3565272366708,5.745622205920405e+31
540.2995961260519,5.714877657525659e+31
540.2426770105131,5.670096655274226e+31
540.1857698862639,5.634850655163829e+31
540.1288747495153,5.639314140445913e+31
540.0719915964798,5.587692735949309e+31
540.0151204233719,5.597728294372596e+31
539.9582612264072,5.574295176427855e+31
539.9014140018032,5.517301707857777e+31
539.8445787457791,5.5174458863006e+31
539.7877554545553,5.49826509452603e+31
539.730944124354,5.48440568811908e+31
539.6741447513991,5.431212476526947e+31
539.617357331916,5.400614108753716e+31
539.5605818621315,5.391379073428742e+31
539.5038183382743,5.3677629487571435e+31
539.4470667565745,5.387888233734545e+31
539.3903271132639,5.367425811820392e+31
539.3335994045757,5.382824888186223e+31
539.2768836267448,5.353638683281382e+31
539.220179776008,5.374643831562287e+31
539.1634878486029,5.33231584278897e+31
539.1068078407694,5.381639575671701e+31
539.0501397487487,5.362926138831633e+31
538.9934835687836,5.405148265394077e+31
538.9368392971186,5.338108987875885e+31
538.8802069299995,5.354043858323949e+31
538.8235864636738,5.373607380850514e+31
538.766977894391,5.367788641325053e+31
538.7103812184013,5.34768065748498e+31
538.6537964319573,5.371839684741613e+31
538.5972235313127,5.337719840901445e+31
538.540662512723,5.381080326689527e+31
538.4841133724452,5.339388715064647e+31
538.4275761067379,5.356380724553396e+31
538.3710507118611,5.3615204405746e+31
538.3145371840767,5.3464283536328385e+31
538.2580355196478,5.333980717207049e+31
538.2015457148393,5.392823923650422e+31
538.1450677659177,5.413942352041383e+31
538.0886016691509,5.388004204211936e+31
538.0321474208084,5.412838952270331e+31
537.9757050171614,5.416092102123923e+31
537.9192744544825,5.444648739564157e+31
537.8628557290461,5.429374498399048e+31
537.806448837128,5.469640555082147e+31
537.7500537750054,5.468395400504792e+31
537.6936705389572,5.485546080168853e+31
537.6372991252641,5.495994169513514e+31
537.5809395302081,5.508123262692343e+31
537.5245917500725,5.513098185434135e+31
537.468255781143,5.561455600402723e+31
537.4119316197058,5.560097191944205e+31
537.3556192620495,5.56290421938182e+31
537.2993187044639,5.600057862109452e+31
537.2430299432402,5.592499762924883e+31
537.1867529746717,5.5958777377923415e+31
537.1304877950524,5.641088317711492e+31
537.0742344006788,5.624853678731374e+31
537.0179927878484,5.6295530352134285e+31
536.9617629528601,5.65926642492976e+31
536.9055448920149,5.669716803136478e+31
536.8493386016148,5.704038424828559e+31
536.7931440779638,5.709714039353484e+31
536.7369613173672,5.706778955338204e+31
536.6807903161318,5.759025255139289e+31
536.6246310705661,5.772291419357724e+31
536.5684835769802,5.753159768733576e+31
536.5123478316854,5.7827346057252535e+31
536.4562238309948,5.832426633815772e+31
536.4001115712232,5.830402040211534e+31
536.3440110486866,5.837882065172033e+31
536.2879222597028,5.832026603965128e+31
536.2318452005909,5.840104389162601e+31
536.1757798676718,5.832101484447187e+31
536.1197262572678,5.797822160053627e+31
536.0636843657027,5.812881766352507e+31
536.0076541893018,5.743111190223031e+31
535.9516357243922,5.746054061384844e+31
535.8956289673023,5.732671394740681e+31
535.8396339143621,5.700439779932705e+31
535.7836505619031,5.7202792403052875e+31
535.7276789062583,5.684370283734582e+31
535.6717189437626,5.663439242015907e+31
535.6157706707515,5.632487029966494e+31
535.5598340835634,5.6188704862392985e+31
535.503909178537,5.533289382809752e+31
535.4479959520131,5.521994991642458e+31
535.392094400334,5.511650743205568e+31
535.3362045198436,5.454092475693012e+31
535.2803263068869,5.443348243547893e+31
535.2244597578109,5.383422988964417e+31
535.1686048689639,5.35781592925179e+31
535.1127616366958,5.304371580617822e+31
535.056930057358,5.220670547449805e+31
535.0011101273035,5.194928369244638e+31
534.9453018428866,5.222452722657546e+31
534.8895052004632,5.221139774100732e+31
534.8337201963909,5.223031673558588e+31
534.7779468270287,5.270892872239685e+31
534.7221850887371,5.28152108145045e+31
534.6664349778782,5.302624606580268e+31
534.6106964908154,5.3330786165991555e+31
534.5549696239138,5.352381488570758e+31
534.4992543735401,5.358643602155265e+31
534.4435507360623,5.421916957793125e+31
534.3878587078501,5.412945231599275e+31
534.3321782852746,5.395625649044589e+31
534.2765094647084,5.448092631382627e+31
534.2208522425256,5.473305653092942e+31
534.1652066151019,5.482707476514903e+31
534.1095725788146,5.485869265885175e+31
534.0539501300422,5.518066154792869e+31
533.9983392651649,5.568174753797729e+31
533.9427399805645,5.579373638244078e+31
533.8871522726241,5.583606686187267e+31
533.8315761377285,5.59609090485569e+31
533.7760115722639,5.621588908666125e+31
533.720458572618,5.62573982064901e+31
533.66491713518,5.652853982421071e+31
533.6093872563406,5.703558700928941e+31
533.553868932492,5.706080556648795e+31
533.4983621600281,5.699879145811827e+31
533.442866935344,5.758475611751857e+31
533.3873832548365,5.757427956469679e+31
533.3319111149036,5.793661980026213e+31
533.2764505119454,5.815735557847542e+31
533.2210014423628,5.825335573853139e+31
533.1655639025587,5.830512958429151e+31
533.1101378889372,5.847971768576134e+31
533.054723397904,5.882316826472598e+31
532.9993204258665,5.907194953402557e+31
532.9439289692332,5.9302885623400225e+31
532.8885490244143,5.965704942523123e+31
532.8331805878215,5.958772910619956e+31
532.7778236558681,5.989961814109885e+31
532.7224782249688,5.99923246776986e+31
532.6671442915393,6.028273385754201e+31
532.6118218519978,6.03590965614185e+31
532.5565109027631,6.0600139541001265e+31
532.501211440256,6.093609443024429e+31
532.4459234608985,6.077904657977831e+31
532.3906469611142,6.126359019056603e+31
532.3353819373282,6.1683302124335615e+31
532.2801283859669,6.183862711682625e+31
532.2248863034587,6.194668543841279e+31
532.1696556862328,6.216231933794186e+31
532.1144365307204,6.231328359157347e+31
532.0592288333537,6.256651701786251e+31
532.004032590567,6.265815511549961e+31
531.9488477987957,6.300011123597192e+31
531.8936744544766,6.304828184309302e+31
531.8385125540481,6.323094765593994e+31
531.7833620939501,6.338590299345814e+31
531.7282230706242,6.384759331107714e+31
531.6730954805129,6.385014944641143e+31
531.6179793200606,6.4208465752036545e+31
531.5628745857132,6.433778853411136e+31
531.5077812739179,6.4417060896495895e+31
531.4526993811234,6.464484694799782e+31
531.3976289037798,6.5068420480649365e+31
531.342569838339,6.52684423084616e+31
531.2875221812541,6.524523627510081e+31
531.2324859289795,6.552508583164856e+31
531.1774610779715,6.572290804519682e+31
531.1224476246877,6.598132004175017e+31
531.0674455655868,6.604335711868733e+31
531.0124548971296,6.656154470058846e+31
530.957475615778,6.676185195709212e+31
530.9025077179951,6.687805708965236e+31
530.8475512002464,6.700718227222053e+31
530.7926060589976,6.733119771823051e+31
530.7376722907169,6.759093737055323e+31
530.6827498918734,6.786174796703762e+31
530.6278388589378,6.789250613391202e+31
530.5729391883825,6.8121837738792e+31
530.5180508766811,6.866964123093003e+31
530.4631739203085,6.8911387023814925e+31
530.4083083157415,6.917067892480616e+31
530.3534540594579,6.940137797194826e+31
530.2986111479373,6.957642494267654e+31
530.2437795776608,6.972885483167031e+31
530.1889593451106,7.01369019139005e+31
530.1341504467706,7.023476644313111e+31
530.079352879126,7.067516613854162e+31
530.0245666386637,7.079381189621566e+31
529.9697917218718,7.119100759617232e+31
529.9150281252402,7.1499329462820145e+31
529.8602758452596,7.18118470630795e+31
529.8055348784228,7.1932166512390195e+31
529.7508052212239,7.211942198949458e+31
529.6960868701583,7.222328473543305e+31
529.6413798217227,7.262674949486327e+31
529.5866840724157,7.290419271933421e+31
529.5319996187369,7.321026025515623e+31
529.4773264571877,7.346579715196319e+31
529.4226645842708,7.359033084361096e+31
529.3680139964903,7.400758261166205e+31
529.3133746903517,7.427741698632044e+31
529.258746662362,7.457010061148825e+31
529.2041299090298,7.467707334298319e+31
529.1495244268649,7.518349584046418e+31
529.0949302123787,7.522386812563045e+31
529.040347262084,7.564139471427042e+31
528.9857755724948,7.566342264578881e+31
528.931215140127,7.599642935069722e+31
528.8766659614978,7.6244866826999305e+31
528.8221280331254,7.653957114657378e+31
528.76760135153,7.668060755889348e+31
528.7130859132329,7.657812546492417e+31
528.6585817147569,7.636517145498e+31
528.6040887526265,7.566319364286995e+31
528.5496070233671,7.49400366710587e+31
528.4951365235062,7.397226020939865e+31
528.440677249572,7.3062287137992045e+31
528.3862291980946,7.170159175396423e+31
528.3317923656056,7.101940439942294e+31
528.2773667486376,7.025330788510697e+31
528.2229523437252,6.963018360374696e+31
528.168549147404,6.894885139303917e+31
528.1141571562109,6.803931167787294e+31
528.0597763666847,6.696377879158417e+31
528.0054067753654,6.603337062990055e+31
527.9510483787943,6.4891507315899035e+31
527.8967011735143,6.408663914545545e+31
527.8423651560698,6.298273395726791e+31
527.7880403230063,6.2057259914655605e+31
527.733726670871,6.081086068508316e+31
527.6794241962123,5.983249276059166e+31
527.6251328955804,5.883694058340752e+31
527.5708527655264,5.778449385532531e+31
527.5165838026032,5.676942184222374e+31
527.4623260033652,5.595634044926404e+31
527.4080793643678,5.4686112949904585e+31
527.3538438821681,5.377848149551239e+31
527.2996195533244,5.26729073620578e+31
527.2454063743969,5.157658859368336e+31
527.1912043419467,5.059600022435094e+31
527.1370134525365,4.967340017644144e+31
527.0828337027306,4.885809133081845e+31
527.0286650890941,4.820934599570678e+31
526.9745076081945,4.743892108900801e+31
526.9203612565997,4.691674957085366e+31
526.8662260308796,4.615569250181977e+31
526.8121019276055,4.554643449403727e+31
526.7579889433498,4.498560095280662e+31
526.7038870746866,4.419639069391132e+31
526.6497963181913,4.342569913236838e+31
526.5957166704407,4.275873258245053e+31
526.5416481280128,4.223017502652125e+31
526.4875906874875,4.13751796057744e+31
526.4335443454456,4.056728429378091e+31
526.3795090984698,3.9876659212447864e+31
526.3254849431437,3.8877030427945723e+31
526.2714718760525,3.8058901383868854e+31
526.217469893783,3.7106942326092737e+31
526.163478992923,3.6260174741926267e+31
526.1094991700622,3.543037116988546e+31
526.0555304217913,3.4528021498367495e+31
526.0015727447026,3.361562160481103e+31
525.9476261353894,3.27368615266386e+31
525.8936905904471,3.1872060785480353e+31
525.8397661064721,3.1316339486545188e+31
525.7858526800619,3.076367417975692e+31
525.7319503078161,3.027534219839729e+31
525.678058986335,2.978630715816123e+31
525.6241787122208,2.9403213679047264e+31
525.5703094820767,2.8884869788527143e+31
525.5164512925077,2.8468000246608526e+31
525.4626041401199,2.79011595918801e+31
525.4087680215208,2.7383980030015123e+31
525.3549429333193,2.686768969296803e+31
525.3011288721259,2.6393498041613594e+31
525.2473258345523,2.5983474420453846e+31
525.1935338172117,2.5457274271118713e+31
525.1397528167183,2.509565882882876e+31
525.0859828296884,2.476076756100594e+31
525.032223852739,2.4422328896931714e+31
524.9784758824887,2.401019731329659e+31
524.9247389155579,2.363493946310377e+31
524.8710129485679,2.3229114205279324e+31
524.8172979781414,2.2926082201721516e+31
524.7635940009026,2.251290302239838e+31
524.7099010134772,2.216478205246652e+31
524.656219012492,2.1880913947102667e+31
524.6025479945756,2.1516833093640158e+31
524.5488879563575,2.14916348084169e+31
524.4952388944689,2.129098944727927e+31
524.4416008055423,2.112981651685609e+31
524.3879736862115,2.090252265686597e+31
524.3343575331118,2.0748798585503076e+31
524.2807523428796,2.0677175607327275e+31
524.2271581121531,2.0445379331980164e+31
524.1735748375718,2.0198693325854349e+31
524.120002515776,2.021338045614643e+31
524.0664411434082,1.990408101416192e+31
524.0128907171116,1.9809758937067837e+31
523.9593512335313,1.960953944809623e+31
523.9058226893134,1.9400341327528907e+31
523.8523050811054,1.9280608123352616e+31
523.7987984055565,1.9146702155963824e+31
523.7453026593167,1.8960602250653215e+31
523.6918178390381,1.8708906745830872e+31
523.6383439413735,1.8587165312780328e+31
523.5848809629773,1.842484854924568e+31
523.5314289005055,1.8276179549636701e+31
523.4779877506151,1.8078774972517016e+31
523.4245575099648,1.7868449158758794e+31
523.3711381752141,1.7803660678841705e+31
523.3177297430249,1.77079205553662e+31
523.2643322100593,1.7785876281882691e+31
523.2109455729814,1.767889865105231e+31
523.1575698284566,1.769387781520675e+31
523.1042049731517,1.761104252423488e+31
523.0508510037346,1.7607048251020518e+31
522.9975079168748,1.7496984297087502e+31
522.944175709243,1.7597448996967038e+31
522.8908543775116,1.7434306566253932e+31
522.8375439183537,1.738466795608094e+31
522.7842443284444,1.7327932599467704e+31
522.73095560446,1.7331106165220785e+31
522.6776777430778,1.7311029319154141e+31
522.6244107409769,1.7251486929054257e+31
522.5711545948375,1.7227842928882273e+31
522.5179093013413,1.7087248316526583e+31
522.4646748571712,1.7091605064553112e+31
522.4114512590116,1.702448089321775e+31
522.3582385035481,1.6985897875321411e+31
522.3050365874678,1.6925855411964012e+31
522.251845507459,1.698511929858369e+31
522.1986652602116,1.6914053346930228e+31
522.1454958424165,1.6742855171782876e+31
522.0923372507661,1.6560145898320335e+31
522.0391894819544,1.6367366370450106e+31
521.9860525326764,1.6130508527219989e+31
521.9329263996284,1.5998509464980002e+31
521.8798110795084,1.576920470124948e+31
521.8267065690155,1.566741311193102e+31
521.7736128648502,1.5536825005592372e+31
521.7205299637143,1.5406568601062887e+31
521.667457862311,1.5214093522173935e+31
521.6143965573449,1.5086386887164582e+31
521.5613460455219,1.4878151946107693e+31
521.5083063235489,1.4811258721397055e+31
521.4552773881348,1.4692188400739796e+31
521.4022592359893,1.4653478251729938e+31
521.3492518638236,1.4538782075805859e+31
521.2962552683503,1.4528052283022342e+31
521.2432694462833,1.4405823482368003e+31
521.1902943943378,1.4364122278988014e+31
521.1373301092304,1.42977334130894e+31
521.084376587679,1.4253846574035067e+31
521.0314338264027,1.4211765952836681e+31
520.9785018221223,1.4113412905902233e+31
520.9255805715595,1.403166412357012e+31
520.8726700714377,1.4024220506528332e+31
520.8197703184813,1.3801144366324905e+31
520.7668813094162,1.389489204722809e+31
520.7140030409698,1.3747439966370158e+31
520.6611355098704,1.3744001380619587e+31
520.6082787128481,1.3631184660116536e+31
520.555432646634,1.3609626149747927e+31
520.5025973079605,1.3555199088523516e+31
520.4497726935618,1.3523550460210048e+31
520.3969588001727,1.3517757064722877e+31
520.3441556245301,1.3505189107197112e+31
520.2913631633714,1.3406763483549681e+31
520.2385814134362,1.336581924971005e+31
520.1858103714646,1.3350152437134241e+31
520.1330500341987,1.3360698757140837e+31
520.0803003983815,1.3314579848306283e+31
520.0275614607574,1.330936008108848e+31
519.9748332180723,1.3369959004799013e+31
519.9221156670731,1.3337344983391811e+31
519.8694088045083,1.3332898196857109e+31
519.8167126271277,1.335547561797825e+31
519.7640271316822,1.3340401321083914e+31
519.7113523149243,1.3290124077569186e+31
519.6586881736076,1.3211812409298863e+31
519.6060347044871,1.317179652176768e+31
519.553391904319,1.3157026964736376e+31
519.5007597698611,1.3156346753001315e+31
519.4481382978723,1.3137732914628098e+31
519.3955274851128,1.3252275081637247e+31
519.3429273283441,1.3222188526182231e+31
519.2903378243293,1.3046242881011186e+31
519.2377589698323,1.2881956702243553e+31
519.1851907616187,1.2676194676737137e+31
519.1326331964553,1.2546947432469403e+31
519.0800862711103,1.234426994856171e+31
519.0275499823531,1.2203345887903441e+31
518.9750243269543,1.198433301970003e+31
518.922509301686,1.1785435107488352e+31
518.8700049033216,1.1615020005676895e+31
518.8175111286356,1.1412219281801128e+31
518.7650279744041,1.1419073808821867e+31
518.7125554374044,1.1381974208386233e+31
518.6600935144148,1.1306901983413005e+31
518.6076422022155,1.1216132060770629e+31
518.5552014975874,1.1143123771915714e+31
518.5027713973132,1.1184491857023386e+31
518.4503518981763,1.107328062960032e+31
518.3979429969621,1.101221207309667e+31
518.345544690457,1.0982375144082261e+31
518.2931569754484,1.1018284884283847e+31
518.2407798487255,1.0945183257254647e+31
518.1884133070785,1.084353725806204e+31
518.1360573472988,1.0820299618633298e+31
518.0837119661795,1.0751480526640784e+31
518.0313771605146,1.0682481906345724e+31
517.9790529270996,1.0671046025049993e+31
517.9267392627313,1.054562906980864e+31
517.8744361642076,1.0494068597010362e+31
517.8221436283279,1.0506198034871565e+31
517.7698616518929,1.0422332894789307e+31
517.7175902317045,1.0379229961734793e+31
517.6653293645658,1.0319557317260889e+31
517.6130790472813,1.0281761468867698e+31
517.560839276657,1.0186592701880118e+31
517.5086100494997,1.0091411199580242e+31
517.4563913626179,9.964331087347355e+30
517.4041832128213,9.860181145070125e+30
517.3519855969207,9.752125187888193e+30
517.2997985117285,9.647668059907899e+30
517.247621954058,9.573468689273388e+30
517.1954559207243,9.432981595093772e+30
517.1433004085432,9.352823172733622e+30
517.0911554143322,9.245173213082705e+30
517.0390209349099,9.151424106964453e+30
516.9868969670964,9.039259222857394e+30
516.9347835077127,8.964438761832024e+30
516.8826805535813,8.838496895697609e+30
516.8305881015261,8.720580514233752e+30
516.7785061483722,8.614601690006769e+30
516.7264346909459,8.54789671051044e+30
516.6743737260747,8.518389624718606e+30
516.6223232505877,8.351929007454494e+30
516.5702832613148,8.249972172375513e+30
516.5182537550877,8.136650681659619e+30
516.466234728739,8.067239180304315e+30
516.4142261791028,7.898516863207052e+30
516.3622281030142,7.868514447141305e+30
516.31024049731,7.869409983628785e+30
516.2582633588279,7.873832519226983e+30
516.2062966844069,7.784788621047839e+30
516.1543404708875,7.795793026625491e+30
516.1023947151115,7.768422811561466e+30
516.0504594139214,7.714878041698178e+30
515.9985345641619,7.75012708483967e+30
515.946620162678,7.669596617072765e+30
515.8947162063166,7.632850033716533e+30
515.8428226919258,7.680771043375732e+30
515.7909396163548,7.628628976316002e+30
515.739066976454,7.547890191343068e+30
515.6872047690753,7.563439970283012e+30
515.6353529910717,7.511903239260006e+30
515.5835116392977,7.55260284225607e+30
515.5316807106088,7.511283076003836e+30
515.4798602018619,7.448271234558038e+30
515.428050109915,7.434049121004466e+30
515.3762504316276,7.39645693738815e+30
515.3244611638603,7.42957100001709e+30
515.272682303475,7.326810667865815e+30
515.2209138473348,7.275146061733868e+30
515.1691557923044,7.277991805087247e+30
515.1174081352492,7.322312483648847e+30
515.0656708730363,7.327802273508494e+30
515.0139440025339,7.276447796914266e+30
514.9622275206113,7.262795159946391e+30
514.9105214241396,7.349247462611146e+30
514.8588257099904,7.309012657748398e+30
514.807140375037,7.377729823955348e+30
514.755465416154,7.369451414177301e+30
514.7038008302172,7.395592112896e+30
514.6521466141036,7.400658838414789e+30
514.6005027646912,7.407318282264363e+30
514.5488692788598,7.369683871876934e+30
514.49724615349,7.402473250755943e+30
514.4456333854638,7.42395789187891e+30
514.3940309716646,7.464590187911706e+30
514.3424389089768,7.448442166459936e+30
514.2908571942862,7.488953430484899e+30
514.2392858244798,7.452218862568059e+30
514.1877247964459,7.480409612842638e+30
514.136174107074,7.564746382308242e+30
514.0846337532548,7.569515949847804e+30
514.0331037318803,7.483906778264755e+30
513.9815840398438,7.498941736331148e+30
513.9300746740398,7.511215853609632e+30
513.878575631364,7.600747887867106e+30
513.8270869087135,7.554184331930438e+30
513.7756085029863,7.586540198285441e+30
513.7241404110821,7.592211864666134e+30
513.6726826299014,7.644406033706889e+30
513.6212351563463,7.568106175313951e+30
513.5697979873199,7.611732333859453e+30
513.5183711197268,7.611883058287802e+30
513.4669545504726,7.516999050325578e+30
513.4155482764639,7.395125845734434e+30
513.3641522946094,7.310485529793316e+30
513.3127666018182,7.218743815856742e+30
513.2613911950008,7.101909813875214e+30
513.2100260710694,7.035614989002172e+30
513.1586712269367,6.890745633084598e+30
513.1073266595173,6.793532324758557e+30
513.0559923657269,6.694317372137903e+30
513.0046683424819,6.590223592233991e+30
512.9533545867007,6.464088867219367e+30
512.9020510953023,6.393086347405777e+30
512.8507578652075,6.291222636371452e+30
512.7994748933377,6.177546541916102e+30
512.7482021766161,6.076888794452696e+30
512.6969397119668,5.956260416788121e+30
512.6456874963154,5.855677153059592e+30
512.5944455265883,5.747010615758248e+30
512.5432137997135,5.635559832060646e+30
512.4919923126201,5.521629140944185e+30
512.4407810622384,5.452875562311014e+30
512.3895800455002,5.400136671945928e+30
512.338389259338,5.388887225504028e+30
512.2872087006859,5.378988036021836e+30
512.2360383664793,5.324507403795528e+30
512.1848782536543,5.316595295441654e+30
512.1337283591491,5.265775379926139e+30
512.0825886799023,5.279548477779788e+30
512.031459212854,5.181292484363488e+30
511.98033995494575,5.156344133210431e+30
511.9292309031199,5.173700014753078e+30
511.8781320543205,5.104543090638933e+30
511.8270434054924,5.122170058097232e+30
511.77596495358193,5.182658746213684e+30
511.7248966955365,5.146637042577218e+30
511.67383862830474,5.211424428496451e+30
511.6227907488367,5.168229147383862e+30
511.57175305408333,5.171179621616324e+30
511.5207255409971,5.167683059240929e+30
511.4697082065315,5.212771408608948e+30
511.4187010476412,5.271337096363275e+30
511.3677040612823,5.272553246856259e+30
511.3167172444119,5.27116596430711e+30
511.26574059398854,5.223231369788199e+30
511.21477410697173,4.653373821014123e+30
511.16381778032223,4.685541943387806e+30
511.1128716110022,4.6859630767123036e+30
511.0619355959749,4.754925466823723e+30
511.0110097322047,4.736797023305134e+30
510.9600940166573,4.7266635344790736e+30
510.9091884462996,4.6957091694125046e+30
510.85829301809974,4.779793175627232e+30
510.80740772902686,4.779901512394936e+30
510.7565325760516,4.775333133121586e+30
510.7056675561457,4.7271065550068515e+30
510.65481266628194,4.733020923624347e+30
510.6039679034346,4.814114967104937e+30
510.55313326457883,4.7678817180820734e+30
510.5023087466913,4.8280832590995386e+30
510.45149434674966,4.80898116206549e+30
510.400690061733,4.822689033165598e+30
510.34989588862123,4.8465820777909794e+30
510.2991118243959,4.8229714575155113e+30
510.2483378660394,4.815636784519071e+30
510.19757401053556,4.833345610067158e+30
510.14682025486934,4.8453670284349065e+30
510.0960765960269,4.813412944490542e+30
510.0453430309954,4.858516715608788e+30
509.99461955676367,4.8638330764195254e+30
509.9439061703212,4.931667926045244e+30
509.8932028686591,4.885013447705622e+30
509.84250964876946,4.8953188755524e+30
509.79182650764557,4.907035246270255e+30
509.74115344228204,4.960628796226288e+30
509.6904904496744,4.962293116986702e+30
509.6398375268198,4.981316884078179e+30
509.58919467071615,4.9277822986240243e+30
509.538561878363,4.9482892563677916e+30
509.48793914676054,4.947118364052567e+30
509.4373264729106,5.043520159956726e+30
509.38672385381614,5.04825310254182e+30
509.3361312864812,5.005368248736683e+30
509.28554876791094,5.0461012872428734e+30
509.23497629511184,5.0555956999067153e+30
509.1844138650916,5.04383792947276e+30
509.1338614748589,5.0449685123297775e+30
509.083319121424,5.120322294190215e+30
509.0327868017979,5.129126759002999e+30
508.9822645129931,5.137326273970805e+30
508.931752252023,5.162136541050564e+30
508.8812500159025,5.135072484528447e+30
508.83075780164756,5.139164422751462e+30
508.78027560627527,5.162625719868015e+30
508.7298034268039,5.153035117599973e+30
508.67934126025307,5.161521485678121e+30
508.6288891036433,5.231035529730018e+30
508.57844695399655,5.244199708247661e+30
508.5280148083358,5.238872346814267e+30
508.4775926636853,5.241525778097802e+30
508.4271805170704,5.233042389477414e+30
508.3767783655178,5.221919012667456e+30
508.3263862060552,5.255526220302356e+30
508.2760040357115,5.22169861035721e+30
508.22563185151677,5.245085783622312e+30
508.17526965050246,5.224065820394208e+30
508.1249174297009,5.284083299458352e+30
508.0745751861458,5.344185258074107e+30
508.02424291687197,5.327709310195913e+30
507.97392061891543,5.304717685084693e+30
507.9236082893133,5.305513702200439e+30
507.8733059251039,5.315583024258148e+30
507.82301352332684,5.317391598985965e+30
507.77273108102276,5.332468040202867e+30
507.7224585952335,5.325813974166052e+30
507.6721960630021,5.351155579770811e+30
507.6219434813728,5.368419811769964e+30
507.57170084739096,5.366993899211519e+30
507.52146815810306,5.358024877309134e+30
507.4712454105569,5.379073645133144e+30
507.4210326018013,5.40657872102703e+30
507.3708297288864,5.445185970500482e+30
507.3206367888633,5.43735087950627e+30
507.27045377878443,5.473772219181442e+30
507.2202806957033,5.510329346418067e+30
507.1701175366747,5.506667642721445e+30
507.1199642987545,5.518687836743704e+30
507.0698209789997,5.491640102329637e+30
507.0196875744685,5.585989404820496e+30
506.96956408222036,5.604699652168846e+30
506.91945049931564,5.560525598063805e+30
506.8693468228162,5.58607237186895e+30
506.8192530497849,5.6136729702299e+30
506.7691691772856,5.619934341379246e+30
506.71909520238364,5.629846988208238e+30
506.6690311221452,5.646232313737798e+30
506.61897693363795,5.613129194885775e+30
506.5689326339305,5.642493270553904e+30
506.5188982200926,5.66269390641746e+30
506.4688736891952,5.686953056639129e+30
506.4188590383106,5.683092871244461e+30
506.36885426451187,5.746219301627217e+30
506.31885936487356,5.75439202773043e+30
506.26887433647136,5.734709846028612e+30
506.21889917638185,5.773117603381982e+30
506.168933881683,5.764148604625584e+30
506.11897844945383,5.812233408124557e+30
506.0690328767747,5.764873194078338e+30
506.01909716072686,5.78925161731162e+30
505.9691712983928,5.812817159951621e+30
505.91925528685624,5.85548953145026e+30
505.8693491232019,5.834675897673408e+30
505.81945280451595,5.831967136736072e+30
505.76956632788534,5.8435707168851e+30
505.7196896903984,5.866144772033286e+30
505.66982288914454,5.867765253428639e+30
505.61996592121426,5.884506473784057e+30
505.5701187836994,5.914445217285162e+30
505.52028147369276,5.951523476548667e+30
505.4704539882882,5.958559357592887e+30
505.4206363245811,5.984537333273197e+30
505.37082847966764,6.002082127839314e+30
505.32103045064525,6.003258784840343e+30
505.2712422346126,5.998237974181073e+30
505.2214638286693,6.0441716305451e+30
505.1716952299163,5.954294553563804e+30
505.1219364354555,6.000738999898337e+30
505.0721874423902,5.99753124823733e+30
505.0224482478246,5.996408121958097e+30
504.9727188488642,6.05086487970054e+30
504.9229992426155,6.065678059920326e+30
504.87328942618626,6.097254243152893e+30
504.82358939668535,6.0834046594081e+30
504.7738991512227,6.087699839964324e+30
504.7242186869094,6.073428015046522e+30
504.67454800085795,6.06544813544259e+30
504.6248870901815,6.088212432113566e+30
504.5752359519947,6.099262802277848e+30
504.5255945834132,6.0795315308458e+30
504.47596298155383,6.168154632102278e+30
504.4263411435345,6.179803656472871e+30
504.37672906647435,6.156978526427059e+30
504.3271267474935,6.151788828193198e+30
504.2775341837133,6.215992280378228e+30
504.2279513722563,6.201065978046138e+30
504.17837831024616,6.222919538403412e+30
504.1288149948075,6.248908707001214e+30
504.07926142306616,6.251687339505809e+30
504.0297175921492,6.257639340280003e+30
503.98018349918476,6.262597767194834e+30
503.93065914130216,6.2673198659488e+30
503.88114451563166,6.339863698460444e+30
503.8316396193048,6.35327960034274e+30
503.7821444494543,6.350964583707258e+30
503.7326590032138,6.335420775272879e+30
503.6831832777183,6.366459609480222e+30
503.6337172701038,6.366473238015079e+30
503.58426097750737,6.384132794265021e+30
503.5348143970674,6.453248513266026e+30
503.48537752592324,6.365486932467133e+30
503.4359503612153,6.287253153012105e+30
503.3865329000853,6.273607098055077e+30
503.33712513967606,6.254281100771226e+30
503.28772707713136,6.200655362862558e+30
503.23833870959623,6.195439596416864e+30
503.1889600342168,6.198621735010546e+30
503.1395910481404,6.175178899362715e+30
503.0902317485153,6.205776629637727e+30
503.04088213249094,6.112828785740427e+30
502.99154219721794,6.121061357787294e+30
502.9422119398481,6.128781637270642e+30
502.8928913575342,6.159286367312025e+30
502.8435804474302,6.072227837648993e+30
502.79427920669116,6.087129718978698e+30
502.7449876324733,6.077206086982452e+30
502.69570572193385,6.041403948552449e+30
502.6464334722313,6.041803414450778e+30
502.59717088052514,6.003237762157991e+30
502.54791794397596,5.999070491786594e+30
502.4986746597456,5.965808971538081e+30
502.4494410249969,5.960046519608542e+30
502.40021703689376,5.985902830095184e+30
502.35100269260136,5.891761377249127e+30
502.3017979892859,5.915814263614585e+30
502.2526029241146,5.912049124275487e+30
502.20341749425603,5.861803716350938e+30
502.1542416968796,5.820902767112252e+30
502.105075529156,5.771580805266947e+30
502.0559189882569,5.72457689587e+30
502.0067720713553,5.618944432761834e+30
501.95763477562497,5.582940527263075e+30
501.90850709824105,5.496850943141416e+30
501.85938903637975,5.4679283371538e+30
501.8102805872184,5.41547634703438e+30
501.7611817479352,5.336295941283085e+30
501.71209251570986,5.304438077326618e+30
501.66301288772274,5.256402401551172e+30
501.6139428611558,5.16083318193537e+30
501.5648824331916,5.152512413680073e+30
501.5158316010141,5.102713282093284e+30
501.4667903618083,4.9945331685633507e+30
501.4177587127603,4.9812517606619605e+30
501.36873665105736,4.865105693236435e+30
501.3197241738878,4.8123984281605973e+30
501.2707212784408,4.793575036725667e+30
501.2217279619071,4.702336240723553e+30
501.17274422147824,4.6378579971900816e+30
501.12377005434683,4.5938148915636125e+30
501.07480545770676,4.527157582915409e+30
501.0258504287529,4.5270812262723946e+30
500.9769049646811,4.516029214549213e+30
500.92796906268865,4.536909693177279e+30
500.87904271997354,4.491608646059892e+30
500.83012593373513,4.484568565942539e+30
500.7812187011738,4.4553577017669325e+30
500.73232101949094,4.4510964361389556e+30
500.6834328858892,4.4414531005901626e+30
500.63455429757215,4.446779953177786e+30
500.5856852517445,4.41275906745991e+30
500.53682574561213,4.421437704497366e+30
500.487975776382,4.3915268829113114e+30
500.43913534126193,4.411473255999802e+30
500.3903044374612,4.362108391106159e+30
500.3414830621899,4.346507285644805e+30
500.2926712126594,4.3438247822341467e+30
500.24386888608194,4.3397176000451866e+30
500.195076079671,4.31187892133535e+30
500.14629279064127,4.3461737124015914e+30
500.09751901620814,4.313967759216179e+30
500.04875475358847,4.283121515722389e+30
