wavelength,luminosity
20000.0,1.8830545252906378e+37
19922.303018228908,1.9114780054887625e+37
19845.207382417146,1.940086680901424e+37
19768.706138183254,1.967812374344429e+37
19692.792437967706,1.9946393900967145e+37
19617.4595389897,2.0203741546899216e+37
19542.700801250732,2.0495062277456953e+37
19468.50968558357,2.0800382098934135e+37
19394.87975174554,2.110096401724881e+37
19321.804656554923,2.140820899706915e+37
19249.278152069295,2.1706551258745614e+37
19177.294083804773,2.201098245227731e+37
19105.846388995033,2.2318077647365744e+37
19034.92909488912,2.258382032114456e+37
18964.536317087048,2.2832321825776344e+37
18894.66225791214,2.309426896576342e+37
18825.301204819276,2.3347863123079483e+37
18756.447528838038,2.3620805045798896e+37
18688.095683049898,2.393231047895767e+37
18620.240201098593,2.4171810088931887e+37
18552.875695732837,2.428566298071357e+37
18485.996857380534,2.442249581404015e+37
18419.59845275373,2.4577809045268175e+37
18353.675323483527,2.476506654397841e+37
18288.2223847842,2.5023237754897067e+37
18223.234624145785,2.515928107459999e+37
18158.70710005448,2.5285052143269486e+37
18094.63494074007,2.561146913452424e+37
18031.013342949875,2.6238457637966594e+37
17967.83757074836,2.6620091443542153e+37
17905.102954341986,2.6797538308049523e+37
17842.80488892854,2.6939684243371777e+37
17780.938833570413,2.7083043367811964e+37
17719.500310091258,2.7508441763328016e+37
17658.48490199541,2.784659639732211e+37
17597.88825340959,2.8050503241215777e+37
17537.7060680463,2.8086493039854483e+37
17477.934108188412,2.8146120855497787e+37
17418.56819369448,2.8638208850495746e+37
17359.604201024216,2.920782841860692e+37
17301.038062283737,2.9633635603668853e+37
17242.865764290025,3.0235154086106837e+37
17185.083347654236,3.0993768140148893e+37
17127.68690588336,3.1550264614103315e+37
17070.67258449983,3.2408549644722803e+37
17014.036580178647,3.3300074961183223e+37
16957.775139901645,3.3898446265912778e+37
16901.884560128452,3.437261575579355e+37
16846.361185983827,3.480372294504896e+37
16791.20141046092,3.5229921574762242e+37
16736.401673640165,3.5627102630596323e+37
16681.95846192343,3.5993485889943708e+37
16627.868307283006,3.6376658852600915e+37
16574.127786525234,3.67727263344875e+37
16520.733520568312,3.7178992679020753e+37
16467.682173734047,3.758836560230905e+37
16414.970453053185,3.80349273633591e+37
16362.595107584062,3.845827283462734e+37
16310.55292774425,3.888097239708721e+37
16258.840744654906,3.9382661677682216e+37
16207.455429497568,3.989554675169822e+37
16156.393892883107,4.038279852892945e+37
16105.653084232566,4.0894274525128303e+37
16055.229991169623,4.1413495722041157e+37
16005.121638924456,4.199109726358461e+37
15955.325089748701,4.2517533049038945e+37
15905.837442341339,4.301125461771136e+37
15856.655831285181,4.346091583430924e+37
15807.777426493836,4.389794711010008e+37
15759.19943266882,4.435705764000352e+37
15710.919088766692,4.48276361512893e+37
15662.933667475918,4.527444022668399e+37
15615.240474703309,4.5701659157833005e+37
15567.836849069823,4.6144730830071765e+37
15520.72016141549,4.6601417277995015e+37
15473.887814313346,4.7094089390822e+37
15427.337241592102,4.759162828970503e+37
15381.065907867414,4.80934935388778e+37
15335.07130808158,4.859939981043913e+37
15289.350967051449,4.911313353707499e+37
15243.90243902439,4.9595680779923005e+37
15198.723307242191,5.004208481496807e+37
15153.811183512653,5.053061485058825e+37
15109.163707788774,5.103290352955618e+37
15064.778547755348,5.155376689567404e+37
15020.65339842283,5.206886787415268e+37
14976.78598172832,5.259493043510439e+37
14933.174046143507,5.311259980311681e+37
14889.815366289458,5.362687513523514e+37
14846.707742558088,5.4177627365862975e+37
14803.849000740192,5.4704381926547725e+37
14761.2369916599,5.524767014363643e+37
14718.869590815424,5.582190230418248e+37
14676.744698025977,5.640054907289452e+37
14634.860237084737,5.691395375821727e+37
14593.21415541773,5.741948682436142e+37
14551.804423748546,5.790095748668606e+37
14510.629035768701,5.845977981824433e+37
14469.686007813632,5.905069554499043e+37
14428.973378544119,5.963384248664044e+37
14388.489208633096,6.018662199233491e+37
14348.23158045771,6.070876940653217e+37
14308.198597796538,6.1229569858317055e+37
14268.388385531856,6.178838335664732e+37
14228.79908935686,6.242329218974803e+37
14189.428875487763,6.304528596959594e+37
14150.275930380643,6.363461919016757e+37
14111.338460452975,6.423235875504748e+37
14072.61469180974,6.482877768819206e+37
14034.10286997404,6.547958912294123e+37
13995.801259622114,6.613284799779928e+37
13957.708144322703,6.67755474585825e+37
13919.821826280626,6.743168569813774e+37
13882.140626084543,6.809930743794473e+37
13844.662882458813,6.87910103730503e+37
13807.386952019331,6.9428974493408295e+37
13770.311209033325,7.0053223989053405e+37
13733.434045183,7.061816607154381e+37
13696.75386933297,7.115371176405932e+37
13660.269107301414,7.1707706082193445e+37
13623.978201634878,7.227979030103635e+37
13587.879611386645,7.289103288982569e+37
13551.971811898633,7.359075361040525e+37
13516.253294586742,7.423929715060371e+37
13480.722566729579,7.485109725689528e+37
13445.378151260506,7.550769487484034e+37
13410.218586562962,7.616268949323533e+37
13375.242426268976,7.687416243622952e+37
13340.448239060834,7.776975770098196e+37
13305.834608475818,7.868403925758239e+37
13271.400132714003,7.943874759627487e+37
13237.143424449005,8.012042220063046e+37
13203.06311064167,8.079094488595804e+37
13169.157832356621,8.146666480287287e+37
13135.426244581637,8.214159104374526e+37
13101.867016049788,8.274242214500432e+37
13068.478829064297,8.342081698479571e+37
13035.260379326079,8.416150970214684e+37
13002.210375763882,8.489215436609133e+37
12969.327540367032,8.555820695364133e+37
12936.610608020701,8.620227356272106e+37
12904.058326343637,8.686212392660277e+37
12871.669455528383,8.750357336244386e+37
12839.442768183862,8.816829398791216e+37
12807.37704918033,8.887839675570884e+37
12775.471095496649,8.960026167229047e+37
12743.723716069837,9.034065132900235e+37
12712.133731646858,9.111563643204707e+37
12680.6999746386,9.186439630587667e+37
12649.42128897603,9.259193967758096e+37
12618.296529968455,9.332636237311745e+37
12587.324564163888,9.418619341593663e+37
12556.504269211451,9.50450267234435e+37
12525.83453372581,9.590893211695984e+37
12495.314257153568,9.675348373736292e+37
12464.942349641633,9.760529740576652e+37
12434.717731907487,9.846679875516665e+37
12404.639335111333,9.932564241266396e+37
12374.706100730109,1.0009745432132539e+38
12344.916980433307,1.008678119194484e+38
12315.270935960592,1.0165351199011357e+38
12285.766939001167,1.0244954972629722e+38
12256.403971074888,1.0320791480559547e+38
12227.181023415053,1.0393733623083512e+38
12198.09709685289,1.0466905301365222e+38
12169.15120170368,1.054062679455673e+38
12140.342357654488,1.061561914242312e+38
12111.669593653487,1.0691963828024847e+38
12083.13194780087,1.077010347341423e+38
12054.728467241277,1.0851248653694981e+38
12026.458208057727,1.094145763835293e+38
11998.320235167079,1.1037333011281611e+38
11970.313622216903,1.1128431374854579e+38
11942.437451483847,1.1220996639545731e+38
11914.690813773383,1.1332277599395668e+38
11887.072808320952,1.143625324427282e+38
11859.582542694498,1.1538034414450934e+38
11832.21913269834,1.1637421743329554e+38
11804.981702278363,1.1733369670864525e+38
11777.869383428537,1.182405956681298e+38
11750.881316098707,1.1911908390026795e+38
11724.016648103641,1.2002431589785623e+38
11697.274535033339,1.2092427816478288e+38
11670.654140164557,1.2181093861515308e+38
11644.154634373546,1.2273129205506077e+38
11617.775196049957,1.2364979914613962e+38
11591.51501101194,1.2453570289997249e+38
11565.373272422368,1.2540283809220655e+38
11539.34918070621,1.2633463621891945e+38
11513.441943469,1.2727385405369026e+38
11487.650775416429,1.2823237117822478e+38
11461.974898274973,1.2915372532372736e+38
11436.413540713633,1.300630187296578e+38
11410.965938266676,1.3098729478794083e+38
11385.63133325743,1.3191906323757943e+38
11360.40897472309,1.3278999355110743e+38
11335.298118340514,1.336862047860319e+38
11310.298026352993,1.346122478453605e+38
11285.407967498026,1.3555696367736416e+38
11260.627216935984,1.3654934677616437e+38
11235.955056179775,1.3767072116177322e+38
11211.390773025394,1.387723416935528e+38
11186.933661483388,1.397968140658765e+38
11162.583021711223,1.4081026636112941e+38
11138.338159946536,1.4171701323253001e+38
11114.198388441235,1.4231294183753886e+38
11090.163025396474,1.4293494706280523e+38
11066.231394898468,1.4365915890551423e+38
11042.402826855125,1.4432818279577413e+38
11018.676656933503,1.4498276255716811e+38
10995.052226498075,1.456526437097226e+38
10971.528882549783,1.4635521210717604e+38
10948.105977665866,1.4722266635465248e+38
10924.78286994046,1.4804741879032716e+38
10901.558922925979,1.4886226243511587e+38
10878.433505575198,1.497004967014659e+38
10855.405992184109,1.5050674153531423e+38
10832.475762335482,1.513416709165837e+38
10809.642200843153,1.5259327806411808e+38
10786.904697696997,1.54680579260847e+38
10764.262648008611,1.5646316701139068e+38
10741.715451957678,1.5802845261707949e+38
10719.262514738984,1.5944245794190075e+38
10696.903246510135,1.6077496655128423e+38
10674.63706233988,1.6208937523203447e+38
10652.463382157124,1.6332712127590902e+38
10630.381630700542,1.644868972187587e+38
10608.391237468839,1.6563305937772643e+38
10586.491636671606,1.6672734318151112e+38
10564.682267180815,1.677928251203282e+38
10542.96257248287,1.6886043621007421e+38
10521.33200063128,1.6983914389650312e+38
10499.790004199916,1.7079521790137002e+38
10478.33604023681,1.7177686939237924e+38
10456.96957021855,1.7287787269369043e+38
10435.690060005218,1.739542555962121e+38
10414.496979795875,1.750316415482971e+38
10393.389804084602,1.760938363830063e+38
10372.36801161705,1.7715715075951545e+38
10351.431085347549,1.781855371693864e+38
10330.578512396694,1.791941497511362e+38
10309.809784009485,1.8021921340976223e+38
10289.124395513942,1.81303693052847e+38
10268.52184628023,1.8245518821021893e+38
10248.001639680264,1.8356398833214754e+38
10227.563283047815,1.8470930959472936e+38
10207.206287639074,1.8600733327764293e+38
10186.930168593695,1.8730264912997828e+38
10166.7344448963,1.884976046657865e+38
10146.618639338441,1.896479613080146e+38
10126.582278481013,1.907746632650188e+38
10106.62489261711,1.9189176598822265e+38
10086.746015735325,1.9302160865563597e+38
10066.945185483466,1.9418681206343324e+38
10047.221943132723,1.953598616390837e+38
10027.57583354224,1.9653077702916056e+38
10008.006405124099,1.9770680212735897e+38
9988.513209808722,1.9885249593650232e+38
9969.095803010667,1.9993076421607622e+38
9949.753743594847,2.0095842634820044e+38
9930.486593843098,2.0199662825977156e+38
9911.293919421181,2.030766980296058e+38
9892.175289346129,2.041809465209976e+38
9873.130275953992,2.0530709421196e+38
9854.158454867955,2.0641382505012533e+38
9835.259404966806,2.0753883360890146e+38
9816.432708353785,2.0873340726909854e+38
9797.677950325773,2.099741536424214e+38
9778.99471934285,2.112392094028431e+38
9760.382606998195,2.1188185747378957e+38
9741.84120798831,2.1224758687910337e+38
9723.370120083622,2.125044678073263e+38
9704.968944099379,2.1302782601073536e+38
9686.637283866905,2.1367966196165525e+38
9668.374746205162,2.14377594291631e+38
9650.180940892642,2.153631942204846e+38
9632.055480639568,2.1624747094913196e+38
9613.997981060424,2.1728022970450473e+38
9596.008060646773,2.183609213566467e+38
9578.085340740385,2.1955545288986707e+38
9560.229445506693,2.206732780799522e+38
9542.44000190849,2.2197439104668143e+38
9524.71663967997,2.2329470504082763e+38
9507.05899130104,2.2467934160454558e+38
9489.466691971911,2.261350775103112e+38
9471.939379587971,2.3107021102526416e+38
9454.476694714947,2.3524634142831933e+38
9437.078280564338,2.38352552245988e+38
9419.743782969103,2.4075043981812724e+38
9402.472850359645,2.4279623329880898e+38
9385.265133740028,2.446663269626074e+38
9368.120286664482,2.4644371798840045e+38
9351.037965214138,2.4812320412064184e+38
9334.017827974052,2.4975130883932553e+38
9317.059536010434,2.513528552536115e+38
9300.162752848175,2.529120335012164e+38
9283.32714444857,2.544293491269675e+38
9266.552379187324,2.5584462992442578e+38
9249.838127832763,2.5722001954615486e+38
9233.184063524306,2.5860356248212767e+38
9216.589861751152,2.5999184621293052e+38
9200.055200331202,2.6139783392635905e+38
9183.57975939021,2.628115529383708e+38
9167.163221341156,2.642334962166017e+38
9150.805270863837,2.6563937783720146e+38
9134.505594884677,2.667090453125486e+38
9118.263882556761,2.6711324894865987e+38
9102.079825240067,2.6711591766337336e+38
9085.953116481918,2.6687440911138246e+38
9069.883451997643,2.667024244151436e+38
9053.870529651425,2.664907883745314e+38
9037.91404943739,2.6653292048331993e+38
9022.013713460845,2.666206501362364e+38
9006.169225919755,2.6694458640321843e+38
8990.380293086399,2.6756861856879827e+38
8974.646623289209,2.682421116290681e+38
8958.967926894822,2.6903020414598785e+38
8943.343916290301,2.6975508284938978e+38
8927.774305865549,2.7071912445799672e+38
8912.2588119959,2.7171364510250652e+38
8896.79715302491,2.72783157923523e+38
8881.389049247302,2.738690970312398e+38
8866.0342228921,2.7633459499555662e+38
8850.732398105944,2.7965089112587936e+38
8835.483300936561,2.8406115286805564e+38
8820.286659316427,2.8901780193722848e+38
8805.142203046578,2.9301225320607478e+38
8790.0496637806,2.963266036247795e+38
8775.008775008775,2.9920054686847638e+38
8760.019272042398,3.017643065084848e+38
8745.080891998252,3.0412066379604834e+38
8730.19337378323,3.062399486419755e+38
8715.356458079135,3.08258093219242e+38
8700.56988732762,3.1024777697945094e+38
8685.833405715279,3.1214818405074594e+38
8671.146759158899,3.1400779247589235e+38
8656.509695290859,3.1586930226595664e+38
8641.92196344467,3.1777789328594573e+38
8627.383314640669,3.1967150985462992e+38
8612.893501571853,3.215187757619237e+38
8598.452278589853,3.2335078539232097e+38
8584.05940169106,3.251787123565229e+38
8569.714628502872,3.270320862127348e+38
8555.417718270095,3.2886838592786545e+38
8541.168431841475,3.305242070508036e+38
8526.966531656362,3.319954509623416e+38
8512.811781731505,3.333054485458905e+38
8498.703947647984,3.3454082137136663e+38
8484.642796538266,3.357283493458364e+38
8470.628097073397,3.3689618078194167e+38
8456.659619450318,3.38069768938728e+38
8442.73713537929,3.3917684407440343e+38
8428.860418071477,3.401706557714316e+38
8415.029242226616,3.406489290042006e+38
8401.243384020836,3.409707699065144e+38
8387.502621094569,3.411570968258538e+38
8373.806732540612,3.4112057770161046e+38
8360.15549889228,3.409938570060839e+38
8346.548702111677,3.4076347612769286e+38
8332.986125578102,3.404153134935682e+38
8319.46755407654,3.3945047265656067e+38
8305.992773786287,3.3822867332516753e+38
8292.561572269675,3.3743827888542407e+38
8279.1737384609,3.37261197932262e+38
8265.829062654984,3.3720421537995904e+38
8252.527336496802,3.3718174211249497e+38
8239.268352970255,3.373848521508077e+38
8226.051906387529,3.3768218206468036e+38
8212.87779237845,3.3798423543872388e+38
8199.745807879955,3.383907611499157e+38
8186.655751125665,3.3870365694952608e+38
8173.607421635538,3.40580686022364e+38
8160.600620205647,3.4312596501634606e+38
8147.635148898032,3.459916283453525e+38
8134.710811030667,3.4894290220114065e+38
8121.827411167513,3.520455594442355e+38
8108.98475510866,3.553103737087294e+38
8096.182649880581,3.583687505516505e+38
8083.420903726457,3.621649584254339e+38
8070.6993260966065,3.662862110256887e+38
8058.017727639,3.703542448968477e+38
8045.37592018987,3.742889229278727e+38
8032.773716764399,3.781287101293959e+38
8020.2109315475,3.818949643955559e+38
8007.68737988469,3.856380684465365e+38
7995.202878273038,3.893813048371923e+38
7982.7572443522,3.9307576808993496e+38
7970.350296895549,3.9672804850463545e+38
7957.98185580137,4.00727532990443e+38
7945.651742084146,4.049407927098045e+38
7933.359777865927,4.088951408269342e+38
7921.105786367778,4.12786502536637e+38
7908.889591901298,4.168815149978969e+38
7896.711019860229,4.2083394710495054e+38
7884.569896712135,4.246953895084851e+38
7872.46604999016,4.284482127993966e+38
7860.399308284863,4.321208272802598e+38
7848.369501236119,4.355198761904481e+38
7836.376459525117,4.38736642738219e+38
7824.420014866399,4.416225785144175e+38
7812.500000000001,4.441936665310626e+38
7800.6162486836465,4.46663349275155e+38
7788.768595685023,4.488019859996329e+38
7776.956876774119,4.507144053013614e+38
7765.18092871564,4.524807210619276e+38
7753.440589261486,4.542430955749367e+38
7741.7356971433,4.559545258606371e+38
7730.066092065088,4.576107634836936e+38
7718.4316146958945,4.592880149631306e+38
7706.832106662557,4.6101617135035436e+38
7695.267410542517,4.6274726318171455e+38
7683.737369856699,4.644684240734475e+38
7672.241829062453,4.66080840444005e+38
7660.780633546559,4.646511471813388e+38
7649.353629618298,4.617469340621353e+38
7637.960664502579,4.581046145058007e+38
7626.60158633313,4.538103771024326e+38
7615.276244145758,4.4965097192287395e+38
7603.984487871646,4.448914276820605e+38
7592.72616833074,4.3920333656171584e+38
7581.501137225171,4.339101373945977e+38
7570.309247132746,4.2822501326284935e+38
7559.150351500492,4.221113107665682e+38
7548.024304638262,4.165730145450205e+38
7536.930961712392,4.105275278512261e+38
7525.8701787394175,4.048018159341642e+38
7514.841812579846,3.994222359243273e+38
7503.845720931979,3.939766620978909e+38
7492.881762325792,3.892246288046402e+38
7481.949796116869,3.843306634797658e+38
7471.0496824803895,3.8007729394796095e+38
7460.181282405163,3.760172610172481e+38
7449.344457687725,3.726073346663922e+38
7438.539070926471,3.782246581329825e+38
7427.764985515859,3.865222084481914e+38
7417.022065640646,3.965732505535982e+38
7406.310176270184,4.0662077764871465e+38
7395.629183152757,4.1702659735005446e+38
7384.9789528099855,4.266697687538547e+38
7374.35935253125,4.362195005057453e+38
7363.770250368189,4.4555401415423745e+38
7353.211515129234,4.5366246893781196e+38
7342.683016374184,4.6128702333849764e+38
7332.184624408843,4.684357054429649e+38
7321.71621027969,4.7504323129408535e+38
7311.277645768599,4.8128783473333875e+38
7300.868803387603,4.864999128004293e+38
7290.489556373712,4.913765997560832e+38
7280.1397786837515,4.957183360928915e+38
7269.819344989278,4.9946131686346324e+38
7259.528130671507,5.0309159082478825e+38
7249.266011816305,5.06263429758393e+38
7239.032865209209,5.09060898966245e+38
7228.828568330503,5.116574882315535e+38
7218.652999350322,5.1394294147823806e+38
7208.506037123808,5.1609931072887545e+38
7198.387561186295,5.182189576294041e+38
7188.2974517485545,5.203385575378992e+38
7178.2355896920535,5.223739663686475e+38
7168.201856564282,5.241822675183539e+38
7158.196134574087,5.258811202130529e+38
7148.218306587084,5.273976699914894e+38
7138.268256121066,5.269738368644449e+38
7128.345867341483,5.217453541386264e+38
7118.451025056948,5.144946202058785e+38
7108.583614714769,5.0688945231560774e+38
7098.743522396537,4.98344970584231e+38
7088.930634813739,4.897269988522612e+38
7079.144839303413,4.8099390208922315e+38
7069.386023823831,4.7179279063612096e+38
7059.65407695023,4.620203208437813e+38
7049.948887870563,4.540423285364687e+38
7040.270346381302,4.461640894571098e+38
7030.618342883256,4.3906328785249235e+38
7020.9927683774495,4.338360603841772e+38
7011.393514461,4.278542684648473e+38
7001.820473323064,4.238718537575757e+38
6992.273537740797,4.2016507289480884e+38
6982.752601075345,4.1690944232764335e+38
6973.257557267878,4.147348582322128e+38
6963.788300835656,4.134636804895313e+38
6954.344726868112,4.119198537450895e+38
6944.926731022989,4.1123973017442356e+38
6935.53420952249,4.118772779596583e+38
6926.167059149468,4.28526693741197e+38
6916.825177243645,4.520363397939594e+38
6907.508461697866,4.795387351058539e+38
6898.216810954369,5.070243969290677e+38
6888.950124001103,5.3126343532391795e+38
6879.708300368065,5.513744609530306e+38
6870.491240123669,5.671307574309863e+38
6861.298843871145,5.784261924747412e+38
6852.131012744964,5.8793318977022304e+38
6842.987648407296,5.949504375373533e+38
6833.868653044489,6.011606227552129e+38
6824.7739293635905,6.0632246400838374e+38
6815.703380588878,6.110771991861038e+38
6806.65691045843,6.161136173573143e+38
6797.634423220719,6.2077161359640824e+38
6788.635823631242,6.253163733889668e+38
6779.661016949153,6.298241523203082e+38
6770.709908933953,6.343713597301616e+38
6761.782405842181,6.391314963719168e+38
6752.878414424149,6.440750688540936e+38
6743.997841920692,6.492425815506581e+38
6735.140596059943,6.5476693713920925e+38
6726.306585054148,6.6044153542866614e+38
6717.49571759648,6.6620334703826666e+38
6708.70790285791,6.72288841069886e+38
6699.943050484071,6.786520396385021e+38
6691.201070592172,6.850524711328468e+38
6682.481873767918,6.912166860672507e+38
6673.785371062468,6.97412217001664e+38
6665.111473989403,7.039705902341483e+38
6656.460094521734,7.106122070323029e+38
6647.831145088916,7.169266373133678e+38
6639.224538573895,7.231309048081085e+38
6630.640188310182,7.289361990126288e+38
6622.078008078935,7.342837044502059e+38
6613.537912106081,7.39241053374448e+38
6605.019815059446,7.439742010862737e+38
6596.523632045913,7.481686479242695e+38
6588.049278608604,7.517728468189773e+38
6579.596670724085,7.549225603414948e+38
6571.16572479958,7.581236863179241e+38
6562.756357670222,7.612938186507531e+38
6554.368486596317,7.644782035741085e+38
6546.00202926063,7.677023010253299e+38
6537.656903765691,7.709348305544885e+38
6529.333028631126,7.741646816932104e+38
6521.030322791002,7.774668149446526e+38
6512.748705591196,7.808137477652882e+38
6504.488096786783,7.842489626567553e+38
6496.248416539449,7.879904999269888e+38
6488.02958541491,7.865387816729808e+38
6479.831524380366,7.821927634390139e+38
6471.654154801968,7.737275165544806e+38
6463.497398442298,7.634604748487967e+38
6455.361177457879,7.529839696540925e+38
6447.2454143967,7.408687890768232e+38
6439.15003219575,7.27603935388104e+38
6431.074954178592,7.143964131347831e+38
6423.020104052926,6.993009051639873e+38
6414.985405908202,6.838004434206561e+38
6406.970784213225,6.672374588615607e+38
6398.976163813791,6.504250838803043e+38
6391.001469930338,6.339729345252732e+38
6383.046628155619,6.176854549652434e+38
6375.111564452378,6.012552578823576e+38
6367.196205151063,5.863727430881904e+38
6359.3004769475365,5.7232840527343576e+38
6351.4243069008235,5.583069983703019e+38
6343.567622430856,5.471655787272335e+38
6335.730351316249,5.36095238784409e+38
6327.9124216920845,5.258025668329143e+38
6320.113762047717,5.17264474149009e+38
6312.334301224594,5.0917359322713215e+38
6304.573968414085,5.057970080438712e+38
6296.832693155343,5.130027741135768e+38
6289.110405333166,5.243401160611512e+38
6281.407035175879,5.415087677946853e+38
6273.722513253239,5.618061781789419e+38
6266.056770474341,5.860881378603981e+38
6258.409738085553,6.124058021961107e+38
6250.781347668459,6.384444647465111e+38
6243.171531137818,6.634440592180885e+38
6235.58022073954,6.856040557510566e+38
6228.007349048672,7.040377801301531e+38
6220.452848967405,7.193121696158175e+38
6212.916653723091,7.308632565269591e+38
6205.398696866274,7.402331050894091e+38
6197.898912268741,7.464489134426637e+38
6190.41723412158,7.515654800032864e+38
6182.9535969332555,7.56174675354964e+38
6175.507935527697,7.60276477820831e+38
6168.080185042407,7.628543228654117e+38
6160.670280926565,7.65005854544726e+38
6153.278158939175,7.665562906853898e+38
6145.903755147195,7.678894309399502e+38
6138.547005923698,7.688617267581781e+38
6131.207847946046,7.697594366195585e+38
6123.886218194066,7.70674819923957e+38
6116.582053948255,7.71538346391327e+38
6109.295292787977,7.72384156937219e+38
6102.0258725897,7.73712812566292e+38
6094.773731525217,7.756959322973367e+38
6087.538808059901,7.777125890916956e+38
6080.321040950963,7.798971879031008e+38
6073.120369245718,7.836579336287928e+38
6065.936732279883,7.873173435671527e+38
6058.770069675857,7.907400914644006e+38
6051.620321341039,7.940628890298147e+38
6044.4874274661515,7.975121499060284e+38
6037.371328523562,8.017395407448653e+38
6030.271965265634,8.063982170305378e+38
6023.189278723084,8.109989697034057e+38
6016.123210203345,8.159956040191523e+38
6009.073701288947,8.208152969810536e+38
6002.040693835905,8.253911692779124e+38
5995.024129972123,8.297951869977943e+38
5988.023952095809,8.339787231491779e+38
5981.040102873891,8.380095054400141e+38
5974.072525240456,8.417646735958095e+38
5967.121162395203,8.453855299326234e+38
5960.185957801884,8.488194204334041e+38
5953.266855186784,8.521199175759755e+38
5946.363798537194,8.552262290955349e+38
5939.476732099903,8.582558849877862e+38
5932.6056003796875,8.612417940945935e+38
5925.7503481378335,8.641385029800676e+38
5918.910920390648,8.669781805533883e+38
5912.087262407993,8.697605941572737e+38
5905.279319711823,8.724478857982428e+38
5898.487038074734,8.751714672667918e+38
5891.71036351853,8.781248533464787e+38
5884.949242312785,8.815092763613995e+38
5878.2036209734315,8.848078446448575e+38
5871.473446261339,8.87782067614519e+38
5864.758665180928,8.90533488323077e+38
5858.059224978765,8.930762897116394e+38
5851.375073142189,8.955440979933058e+38
5844.706157397937,8.978694393143664e+38
5838.052425710783,9.001792019245763e+38
5831.4138262821825,9.026956573123164e+38
5824.790307548929,9.052901301610399e+38
5818.181818181818,9.078991337974252e+38
5811.5883070843265,9.100474585276712e+38
5805.0097233912875,9.109873517015636e+38
5798.4460164675875,9.119000840224783e+38
5791.897135906866,9.128003321800137e+38
5785.363031530229,9.136411146110445e+38
5778.843653384958,9.142937965005525e+38
5772.338951743246,9.157766041323336e+38
5765.8488771009315,9.175232891394283e+38
5759.373380176236,9.192559377229134e+38
5752.912411908529,9.208843471498078e+38
5746.465923457074,9.232358206881553e+38
5740.033866199811,9.25635583140099e+38
5733.616191732126,9.281900874868777e+38
5727.212851865639,9.307124845218032e+38
5720.823798627002,9.33531568951114e+38
5714.448984256694,9.366369697417516e+38
5708.088361207831,9.396097097466349e+38
5701.7418821449955,9.426998165185202e+38
5695.409499943046,9.45980455624055e+38
5689.091167685962,9.491599130737323e+38
5682.786838665682,9.524166566333702e+38
5676.49646638095,9.557932974822399e+38
5670.220004536176,9.588745781601804e+38
5663.9574070403,9.619073754273941e+38
5657.708628005658,9.649683498222097e+38
5651.473621746871,9.679118334296958e+38
5645.252342779723,9.707239709377963e+38
5639.044745820058,9.773979544755708e+38
5632.850785782685,9.857814074385442e+38
5626.6704177802785,9.927437953841755e+38
5620.503597122302,9.987430634199567e+38
5614.350279313927,1.0038771491997255e+39
5608.21042005496,1.0082306850804672e+39
5602.083975238789,1.0122138321845802e+39
5595.970900951316,1.015706780100535e+39
5589.871153469913,1.0187297560855319e+39
5583.784689262382,1.0203994057895368e+39
5577.711464985917,1.021210012198263e+39
5571.651437486071,1.0218067284317554e+39
5565.604563795742,1.0211267114343267e+39
5559.570801134153,1.018752229262192e+39
5553.55010690584,1.0151476074690066e+39
5547.5424386996565,1.0114060246972004e+39
5541.5477542877725,1.0070371784648802e+39
5535.566011624688,1.0017948260664992e+39
5529.59716884625,9.957614247635121e+38
5523.641184268669,9.888146272559992e+38
5517.698016387563,9.815070291547551e+38
5511.767623876978,9.740060619509773e+38
5505.849965588438,9.661179699947295e+38
5499.945000549994,9.582421424826898e+38
5494.052687965278,9.501080034926368e+38
5488.172987212558,9.416535211255176e+38
5482.3058578438095,9.327399792510541e+38
5476.45125958379,9.238714892004276e+38
5470.6091523291125,9.150418791943286e+38
5464.77949614733,9.057542586295134e+38
5458.962251276033,8.97029899633155e+38
5453.157378121933,8.874646818286785e+38
5447.364837259976,8.783303506563075e+38
5441.584589432443,8.697100070992459e+38
5435.816595548066,8.611924676769895e+38
5430.060816681147,8.520921975705915e+38
5424.317214070679,8.46971511093396e+38
5418.58574911948,8.459722084190142e+38
5412.866383393327,8.457365895172314e+38
5407.159078620093,8.473677120033389e+38
5401.463796688903,8.518940832889424e+38
5395.780499649274,8.587159841322332e+38
5390.109149710282,8.657564775282772e+38
5384.449709239716,8.722852015290376e+38
5378.802140763251,8.793311419900572e+38
5373.166406963624,8.856640930174473e+38
5367.542470679799,8.971717738808235e+38
5361.930294906166,9.11059778507272e+38
5356.329842791719,9.246654197706644e+38
5350.7410776392535,9.361810355026672e+38
5345.163962904562,9.46749625593748e+38
5339.598462195643,9.56525797440148e+38
5334.044539271903,9.654304098604728e+38
5328.502158043375,9.723551952092366e+38
5322.971282569931,9.799245127915509e+38
5317.451877060513,9.861518047008986e+38
5311.943905872355,9.918630371241526e+38
5306.447333510215,9.955380829032602e+38
5300.96212462562,1.0004769720895458e+39
5295.488244016098,1.0064756161556101e+39
5290.025656624434,1.0113058519004515e+39
5284.574327537917,1.0159072050307455e+39
5279.134221987594,1.0202192569082995e+39
5273.705305347537,1.0250057150035967e+39
5268.287543134104,1.0283640108229078e+39
5262.88090100521,1.0309753861401575e+39
5257.4853447596015,1.0333318845901447e+39
5252.100840336135,1.0349153277782866e+39
5246.7273538130585,1.03548864278639e+39
5241.3648514073075,1.0364349233695714e+39
5236.0132994737805,1.0374052636128471e+39
5230.672664504656,1.0383178703945838e+39
5225.342913128675,1.0387610373067161e+39
5220.024012110455,1.0444705457938163e+39
5214.715928349803,1.0505300132652093e+39
5209.418628881018,1.0568446373565288e+39
5204.132080872213,1.0633007200196886e+39
5198.856251624643,1.0730049788695492e+39
5193.591108572022,1.0835784640431956e+39
5188.336619279859,1.0939356960658127e+39
5183.092751444787,1.103845915715145e+39
5177.859472893906,1.1136640411704407e+39
5172.63675158412,1.1224216009057482e+39
5167.4245556014885,1.1310933932425622e+39
5162.222853160571,1.1387413512194215e+39
5157.031612603785,1.1460262053972879e+39
5151.850802400763,1.1524427511768283e+39
5146.68039114771,1.1586915133240986e+39
5141.520347566776,1.1637689959645472e+39
5136.370640505418,1.1667541288887457e+39
5131.231238935783,1.1692438767663493e+39
5126.102111954071,1.170104033407298e+39
5120.983228779926,1.1712875515865251e+39
5115.874558755819,1.1748362317954646e+39
5110.776071346433,1.1788350035304796e+39
5105.6877361380575,1.182296163413908e+39
5100.609522837979,1.185864599840977e+39
5095.541401273885,1.189734527385856e+39
5090.483341393266,1.1942362683601407e+39
5085.435313262816,1.1989199577382254e+39
5080.397287067849,1.2027151419609938e+39
5075.369233111709,1.2066240075350419e+39
5070.351121815186,1.2094117460352958e+39
5065.342923715936,1.212411901874716e+39
5060.344609467906,1.2146484862486607e+39
5055.356149840757,1.2165873376784828e+39
5050.3775157192995,1.2181853354859844e+39
5045.408678102926,1.2196455496466887e+39
5040.449608105044,1.2210568413086652e+39
5035.500276952515,1.2218394679821595e+39
5030.560655985109,1.2222138615304357e+39
5025.63071665494,1.2222706357505698e+39
5020.71043052592,1.2221855720343167e+39
5015.799769273211,1.222168597679107e+39
5010.898704682685,1.2220382300166273e+39
5006.00720865038,1.2222641767981502e+39
5001.125253181966,1.2225989752524808e+39
4996.252810392206,1.2229766489466039e+39
4991.38985250443,1.2262230797717504e+39
4986.536351850005,1.2321504953685705e+39
4981.692280867811,1.2389679995967627e+39
4976.857612103718,1.2471617527458266e+39
4972.032318210068,1.2556149049558042e+39
4967.216371945162,1.2628881829197379e+39
4962.409746172742,1.2691155934514155e+39
4957.612413861484,1.2736079640168552e+39
4952.824348084495,1.2775684348424292e+39
4948.045522018802,1.2810306506320605e+39
4943.275908944857,1.2829069774209407e+39
4938.515482246036,1.2839737307926579e+39
4933.764215408146,1.284789737580865e+39
4929.022082018928,1.285227360883326e+39
4924.289055767573,1.2858608253634552e+39
4919.565110444238,1.2853629189562061e+39
4914.850219939547,1.2848978784321137e+39
4910.1443582441325,1.2845699720260493e+39
4905.447499448137,1.284902776419915e+39
4900.7596177407495,1.2850046463756065e+39
4896.080687409729,1.2854567464957982e+39
4891.410682840932,1.2860295030924523e+39
4886.749578517849,1.287335633715834e+39
4882.097349021139,1.2892484785735548e+39
4877.453969028168,1.2918345863900606e+39
4872.819413312543,1.294534812035053e+39
4868.193656743665,1.2978422893400339e+39
4863.576674286271,1.3013219345851654e+39
4858.968440999976,1.3044356641821445e+39
4854.368932038836,1.3071234176006602e+39
4849.77812265089,1.3097356276873765e+39
4845.195988177722,1.3120480154923725e+39
4840.622504054022,1.3143907719298259e+39
4836.057645807138,1.3176760467992629e+39
4831.50138905665,1.3210708683633632e+39
4826.953709513926,1.3251584852913416e+39
4822.414582981699,1.3296359450733612e+39
4817.883985353633,1.336782612676915e+39
4813.361892613897,1.3450404823803437e+39
4808.84828083674,1.353836797294859e+39
4804.3431261860715,1.362411454563195e+39
4799.8464049150425,1.3729310687956866e+39
4795.358093365622,1.3844834511081996e+39
4790.878167968189,1.395853543104348e+39
4786.406605241115,1.4068399640676936e+39
4781.943381790359,1.4175715798409087e+39
4777.488474309055,1.4287639552391026e+39
4773.041859577109,1.438922196849041e+39
4768.60351446079,1.448520232615676e+39
4764.173415912339,1.457158242885028e+39
4759.751540969562,1.4649373994847093e+39
4755.337866755433,1.4718566164442178e+39
4750.932370477706,1.4779381911961185e+39
4746.535029428517,1.4823731242813143e+39
4742.145820983995,1.485906627759535e+39
4737.764722603875,1.4887086466049704e+39
4733.391711831113,1.4913653374879463e+39
4729.026766291498,1.494079395610322e+39
4724.669863693275,1.4966135098660972e+39
4720.320981826764,1.4989677075241007e+39
4715.980098563984,1.5030870815617518e+39
4711.647191858274,1.508963993155706e+39
4707.322239743921,1.5154028403762727e+39
4703.005220335795,1.5218463951992988e+39
4698.696111828967,1.5284139769430434e+39
4694.394892498357,1.5347517885292254e+39
4690.101540698356,1.5411282157177258e+39
4685.8160348624715,1.547219681399946e+39
4681.538353502961,1.5493865941526088e+39
4677.268475210477,1.5468263685494036e+39
4673.006378653707,1.541147606929685e+39
4668.752042579019,1.531502929736162e+39
4664.505445810108,1.5197910041619372e+39
4660.266567247647,1.5064536863112786e+39
4656.035385868933,1.492233908061339e+39
4651.811880727543,1.4763470230714057e+39
4647.59603095299,1.4586543981449846e+39
4643.387815750371,1.4410480369663395e+39
4639.187214400037,1.422179420886726e+39
4634.994206257242,1.4025566443764377e+39
4630.808770751812,1.3817137642688497e+39
4626.630887387804,1.362074635595761e+39
4622.4605357431765,1.3412965870379006e+39
4618.2976954694495,1.3213037041725795e+39
4614.142346291383,1.3018646883958844e+39
4609.994468006638,1.286526307408897e+39
4605.8540404854575,1.2702399222806866e+39
4601.721043670333,1.255737678097821e+39
4597.595457575688,1.2419642878706244e+39
4593.477262287552,1.2288304704398563e+39
4589.366437963239,1.2165121575265218e+39
4585.262964831033,1.2059411052510589e+39
4581.166823189867,1.1947752138927963e+39
4577.077993409008,1.1849569110206536e+39
4572.996455927747,1.1755118379406252e+39
4568.922191255083,1.1659241840472465e+39
4564.855179969416,1.1571357547764746e+39
4560.795402718234,1.1491426296560387e+39
4556.742840217812,1.140737047488193e+39
4552.6974732529025,1.1337329005722065e+39
4548.659282676431,1.126495847679154e+39
4544.628249409198,1.1329929036202831e+39
4540.604354439576,1.1435719837313043e+39
4536.58757882321,1.1571045691506744e+39
4532.57790368272,1.1799105800676498e+39
4528.575310207409,1.2047952777011147e+39
4524.579779652965,1.2334874683695094e+39
4520.591293341169,1.265773717999904e+39
4516.609832659606,1.2988585815965019e+39
4512.635379061372,1.3308040517327019e+39
4508.667914064789,1.362267868253185e+39
4504.70741925312,1.3914131761077982e+39
4500.753876274276,1.4150999202301886e+39
4496.807266840543,1.4386089791022105e+39
4492.867572728294,1.4572013660138184e+39
4488.934775777708,1.473373202195592e+39
4485.008857892494,1.4879060249536477e+39
4481.089801039612,1.498910404665124e+39
4477.177587248998,1.5094781065168574e+39
4473.272198613286,1.5180995467992272e+39
4469.373617287537,1.5247954360014572e+39
4465.481825488971,1.5311609757733866e+39
4461.596805496687,1.5357776787413157e+39
4457.718539651407,1.5404724225127627e+39
4453.8470103551945,1.5446962647031577e+39
4449.982200071199,1.5483647657340927e+39
4446.124091323389,1.5519153030777103e+39
4442.272666696282,1.5551641710933463e+39
4438.427908834691,1.5579548277685002e+39
4434.589800443458,1.5606932081167637e+39
4430.7583242872015,1.5628622528987613e+39
4426.933463190048,1.5647422777124937e+39
4423.115200035385,1.5663808504088374e+39
4419.3035177656,1.5676858563151258e+39
4415.4983993818305,1.568903506460869e+39
4411.699827943707,1.5700026897681136e+39
4407.907786569105,1.5709112656943347e+39
4404.122258433894,1.5717038058969207e+39
4400.343226771688,1.5722925812561525e+39
4396.570674873598,1.572983598677079e+39
4392.804586087987,1.5737718499952068e+39
4389.044943820225,1.5745053058486307e+39
4385.29173153244,1.5752741848095275e+39
4381.544932743285,1.576037938760149e+39
4377.804531027689,1.5769187202178665e+39
4374.0705100166215,1.5778077477239622e+39
4370.342853396849,1.5787718076318912e+39
4366.621544910702,1.5796813157372017e+39
4362.906568355839,1.580654547777045e+39
4359.197907585004,1.5819921205939723e+39
4355.495546505804,1.5836548570543615e+39
4351.799469080464,1.58529420466305e+39
4348.109659325608,1.5867718588391494e+39
4344.426101312017,1.588355642389137e+39
4340.748779164406,1.589925446397477e+39
4337.077677061196,1.5914925803888668e+39
4333.412779234286,1.593656674701116e+39
4329.754069968826,1.5965556648573773e+39
4326.101533602993,1.5994490978148964e+39
4322.455154527772,1.6023069830963913e+39
4318.814917186724,1.6050490124248445e+39
4315.180806075775,1.607751941954929e+39
4311.552805742988,1.6102302559272984e+39
4307.930900788351,1.6127902157844654e+39
4304.315075863553,1.6150808279808644e+39
4300.70531567177,1.6170771101254025e+39
4297.101604967449,1.6190330866511498e+39
4293.503928556094,1.6209376851515717e+39
4289.912271294052,1.6228678784264375e+39
4286.326618088298,1.624688730426272e+39
4282.746953896229,1.626002500345799e+39
4279.173263725448,1.6274183360654168e+39
4275.605532633559,1.6290094032868652e+39
4272.043745727956,1.630430767157335e+39
4268.487888165618,1.6316349051085538e+39
4264.9379451528985,1.632574446220601e+39
4261.393901945326,1.6332965904856025e+39
4257.855743847398,1.633868782670328e+39
4254.323456212376,1.6343746099299147e+39
4250.797024442083,1.6347695036149345e+39
4247.276433986705,1.635120382149237e+39
4243.761670344594,1.635508816558252e+39
4240.252719062056,1.6360168523859033e+39
4236.749565733169,1.6363237844131427e+39
4233.2521959995765,1.636464600840224e+39
4229.760595550291,1.6368359040789014e+39
4226.274750121505,1.6374573026148397e+39
4222.794645496389,1.637756649393022e+39
4219.320267504905,1.6379837730315092e+39
4215.851602023608,1.6379592968633816e+39
4212.388634975463,1.6380445508861966e+39
4208.931352329643,1.6331455714012882e+39
4205.479740101352,1.6237482384472643e+39
4202.033784351626,1.6150376115885064e+39
4198.593471187152,1.6057642631178234e+39
4195.158786760079,1.596534162677859e+39
4191.72971726783,1.586768783427279e+39
4188.306248952924,1.5755093369212218e+39
4184.888368102781,1.5654445918936907e+39
4181.4760610495505,1.557244750378837e+39
4178.069314169922,1.549457998543133e+39
4174.668113884946,1.5404156962454797e+39
4171.272446659853,1.5322602512674426e+39
4167.882299003876,1.5237311954065344e+39
4164.497657470068,1.5170243176147153e+39
4161.118508655127,1.5111931479829197e+39
4157.744839199218,1.5070427908520438e+39
4154.3766357858,1.5029723548899877e+39
4151.013885141446,1.4976984796912117e+39
4147.65657403567,1.4937145904693236e+39
4144.304689280756,1.4946337801154948e+39
4140.958217731583,1.4946006677769092e+39
4137.6171462854545,1.4938215728843773e+39
4134.281461881925,1.493796436556035e+39
4130.951151502633,1.4954514034558277e+39
4127.626202171131,1.4974621329930047e+39
4124.306600952715,1.4995967793115912e+39
4120.992334954257,1.5017975890249984e+39
4117.683391324041,1.504504505837065e+39
4114.379757251594,1.5071399663463285e+39
4111.081419967522,1.5115609353250285e+39
4107.788366743345,1.5160686123061025e+39
4104.500584891333,1.520835383010878e+39
4101.218061764344,1.525445578984982e+39
4097.94078475566,1.5300701607842582e+39
4094.6687412988285,1.535601904012521e+39
4091.4019188675,1.5421177385028277e+39
4088.1403049752666,1.550254087342462e+39
4084.883887175507,1.5947104228224056e+39
4081.6326530612246,1.6403801686623877e+39
4078.3865902648913,1.6853790318064506e+39
4075.1456864582906,1.7224486262472968e+39
4071.9099293523623,1.760258338505181e+39
4068.6793066970463,1.7932550197810878e+39
4065.453806281126,1.8169634622716458e+39
4062.2334159320794,1.841532763393632e+39
4059.0181235159216,1.8614310250985934e+39
4055.8079169370535,1.876277467519502e+39
4052.602784138113,1.8912666668873825e+39
4049.4027130998174,1.9038428957385158e+39
4046.207691840822,1.9144478991613513e+39
4043.017708417563,1.925715856767981e+39
4039.8327509241117,1.9350156821889568e+39
4036.6528074920275,1.9439166451725386e+39
4033.4778662902086,1.9528266795192134e+39
4030.307915524746,1.9608175036130343e+39
4027.1429434387774,1.968745655561947e+39
4023.982938312341,1.976434948216e+39
4020.8278884622346,1.9840476959240296e+39
4017.6777822418644,1.9914975713746513e+39
4014.5326080411087,1.9986163098776493e+39
4011.3923542861726,2.0060458236697896e+39
4008.257009439445,2.0131698143149656e+39
4005.1265619993587,2.0206187325997465e+39
4002.00100050025,2.027287863030308e+39
3998.880313512216,2.0340655849169002e+39
3995.76448964098,2.0408343173933907e+39
3992.653517527749,2.0475184076269312e+39
3989.5473858490755,2.0541959153591692e+39
3986.446083316723,2.0621986376859294e+39
3983.3495986775274,2.070836512679814e+39
3980.257920713262,2.079788763728809e+39
3977.171038240499,2.0876533011497067e+39
3974.0889401104796,2.096756460262467e+39
3971.0116152089745,2.1049866747850092e+39
3967.939052456154,2.113320127048632e+39
3964.871240806455,2.1218444130411734e+39
3961.8081692484448,2.129993090610591e+39
3958.7498268046947,2.1373819711112198e+39
3955.6962025316457,2.1446007746119344e+39
3952.6472855194766,2.152257191434262e+39
3949.603064891978,2.1586600040016578e+39
3946.5635298064212,2.1656753416948557e+39
3943.528669453427,2.171166866095997e+39
3940.4984730568417,2.1772354083049946e+39
3937.4729298736074,2.1819536429503727e+39
3934.4520291936337,2.1862914481352914e+39
3931.4357603396757,2.1902215974055704e+39
3928.4241126672036,2.1938720424266518e+39
3925.4170755642785,2.1972876311958347e+39
3922.4146384514306,2.2003371613734307e+39
3919.4167907815317,2.203120173604142e+39
3916.4235220396736,2.205886469582941e+39
3913.434821743044,2.204815205452522e+39
3910.4506794408057,2.200698799157775e+39
3907.4710847139727,2.1960989156034493e+39
3904.496027175292,2.1897893741806513e+39
3901.5254964691194,2.1834615615360347e+39
3898.5594822713006,2.176023805896307e+39
3895.5979742890536,2.1682814460677605e+39
3892.6409622608458,2.1595967062032442e+39
3889.68843595628,2.1516461816808965e+39
3886.7403851759723,2.1427427163063727e+39
3883.796799751437,2.133132753899389e+39
3880.857669544969,2.1218131266915198e+39
3877.922984449529,2.1059718152570213e+39
3874.992734388623,2.0899347437979954e+39
3872.066909316193,2.0712422043388736e+39
3869.145499216498,2.051525249334298e+39
3866.2284941040016,2.029239978970014e+39
3863.315884023257,2.0056498078113597e+39
3860.4076590487957,1.9807939371162022e+39
3857.503809285012,1.9559884926635804e+39
3854.6043248660526,1.930067987532209e+39
3851.7091959557056,1.9035022050793435e+39
3848.8184127472864,1.875919833302784e+39
3845.931965463531,1.847026203506217e+39
3843.049844356481,1.818596432801743e+39
3840.172039707379,1.7876675191054613e+39
3837.298541826554,1.7581294137661214e+39
3834.429341053318,1.7260527679828578e+39
3831.5644277558526,1.69425836102268e+39
3828.7037923311063,1.6618134047741184e+39
3825.847425204683,1.6296886668560394e+39
3822.995316830737,1.5967786505343478e+39
3820.1474576918667,1.5632214296905363e+39
3817.3038382990094,1.529644048855783e+39
3814.4644491913336,1.4951314384660148e+39
3811.629280936136,1.4602297335428104e+39
3808.7983241287375,1.4252415321694662e+39
3805.9715693923768,1.3900759366769464e+39
3803.1490073781088,1.3558945764378997e+39
3800.3306287647024,1.327830023929432e+39
3797.516424258535,1.3055455584466507e+39
3794.706384593492,1.2836851897475283e+39
3791.900500530866,1.2633831996262133e+39
3789.098762859254,1.2441344982596997e+39
3786.3011623944567,1.2246942703773939e+39
3783.50768997938,1.2064055517280091e+39
3780.718336483932,1.1894591848841143e+39
3777.9330928049267,1.1724654917296483e+39
3775.1519498659823,1.1573092710079068e+39
3772.3748986174246,1.1426368581871755e+39
3769.6019300361877,1.1293917659030374e+39
3766.8330351257177,1.1272641649953533e+39
3764.0682049158727,1.13072412344047e+39
3761.307430462829,1.1348091260027174e+39
3758.5507028489815,1.1440071230947688e+39
3755.798013182851,1.1565848682374466e+39
3753.0493525989864,1.1731572111954384e+39
3750.304712257871,1.1920324504755655e+39
3747.564083345825,1.2125797153557009e+39
3744.827457074915,1.2324888190401741e+39
3742.0948246828575,1.2530433133376698e+39
3739.366177432925,1.2739662499068044e+39
3736.641506613855,1.2947492414190144e+39
3733.920803539757,1.3154400936800743e+39
3731.2040595500166,1.335296596830491e+39
3728.491266009209,1.3539638672941557e+39
3725.7824143070043,1.3738780683198806e+39
3723.077495858076,1.3929210881555343e+39
3720.3765021020126,1.4116958948395237e+39
3717.679424503225,1.4310842867706107e+39
3714.986254550858,1.4497466082033835e+39
3712.2969837587007,1.4684996537276122e+39
3709.611603665096,1.4871526940017335e+39
3706.9301058328547,1.5045459643402848e+39
3704.2524818491625,1.5216177423640522e+39
3701.5787233254982,1.5390580743273167e+39
3698.90882189754,1.5550297736145217e+39
3696.2427692250826,1.5695816029420503e+39
3693.5805569919476,1.585207359055908e+39
3690.9221769059,1.6009145837618105e+39
3688.2676206985575,1.6150929866071968e+39
3685.6168801253107,1.629974128445555e+39
3682.969946965233,1.6456974378990885e+39
3680.3268130209963,1.6599159953461337e+39
3677.687470118789,1.6754200825576332e+39
3675.05191010823,1.6931930208100775e+39
3672.420124862284,1.708654937579678e+39
3669.792106277179,1.7241296679356314e+39
3667.1678462723235,1.7403190782313414e+39
3664.5473367902227,1.756331923818679e+39
3661.9305697963964,1.7715775253732916e+39
3659.317537279297,1.7870263043140722e+39
3656.7082312502284,1.8018918474136658e+39
3654.102643743263,1.8161889525947917e+39
3651.500766815161,1.8304628793121705e+39
3648.9025925452916,1.8459841518843924e+39
3646.3081130355513,1.861514157856652e+39
3643.7173204102824,1.88102834378891e+39
3641.130206816196,1.901502037421466e+39
3638.5467644222895,1.9203306077364456e+39
3635.9669854197723,1.9332813360511358e+39
3633.390862021982,1.945758178137282e+39
3630.8183864643092,1.957923797188959e+39
3628.249551004118,1.969550089143567e+39
3625.68434792067,1.9811347003660806e+39
3623.122769515045,1.9928120620730788e+39
3620.564808110065,2.0040772795364515e+39
3618.010456050218,2.0154604228935196e+39
3615.45970570158,2.0272936734973014e+39
3612.9125494517407,2.038830721098701e+39
3610.3689797097263,2.051174933353884e+39
3607.8289889059256,2.0634129856526385e+39
3605.292569492014,2.068780342614043e+39
3602.7597139408786,2.068452819829252e+39
3600.230414746544,2.0694865399954894e+39
3597.7046644240972,2.0709583145171362e+39
3595.182455509617,2.0724856809798207e+39
3592.6637805600963,2.0742284438026157e+39
3590.1486321533707,2.0759118834682915e+39
3587.6370028880474,2.0777629040571494e+39
3585.1288853834294,2.0794378243093125e+39
3582.6242722794445,2.081018810884886e+39
3580.1231562365742,2.0828404576153936e+39
3577.6255299357813,2.0849225774272576e+39
3575.1313860784385,2.087175829141681e+39
3572.640717386256,2.0893650256272962e+39
3570.1535166012136,2.0915076137669537e+39
3567.6697764854885,2.09376384403956e+39
3565.189489821384,2.0959105571645775e+39
3562.7126494112613,2.0981344129970216e+39
3560.2392480774706,2.1005005883830257e+39
3557.769278662279,2.1029019456342085e+39
3555.302734027802,2.1055216192344043e+39
3552.8396070559393,2.1080567403907425e+39
3550.3798906482994,2.1108265375925672e+39
3547.9235777261356,2.113851661843689e+39
3545.4706612302784,2.1168095249470662e+39
3543.0211341210647,2.120221188687136e+39
3540.5749893782745,2.123423930107935e+39
3538.1322200010613,2.1265833878787696e+39
3535.6928190078843,2.1295633081703108e+39
3533.2567794364454,2.132375550124111e+39
3530.8240943436194,2.1354336389737497e+39
3528.394756805391,2.139494861451778e+39
3525.968759916787,2.143599727858884e+39
3523.546096791811,2.1476843823359808e+39
3521.1267605633802,2.1521284255904186e+39
3518.710744383258,2.1564279297774607e+39
3516.298041421991,2.1606791477082053e+39
3513.888644868844,2.1650924157429732e+39
3511.4825479317365,2.1696680839727703e+39
3509.0797438371783,2.1741760815506375e+39
3506.6802258302064,2.1789433081420507e+39
3504.2839871743204,2.1839598678189238e+39
3501.8910211514217,2.1890658691657705e+39
3499.5013210617485,2.1941659773738574e+39
3497.1148802238154,2.1994230004695978e+39
3494.731691974349,2.2060526284426824e+39
3492.3517496682266,2.2130616245472073e+39
3489.9750466784158,2.2201373478610275e+39
3487.601576395912,2.2271799516274513e+39
3485.231332229677,2.2344909564377682e+39
3482.8643076065755,2.24237494910117e+39
3480.5004959713206,2.2503027543534577e+39
3478.1398907864072,2.2583536151505552e+39
3475.782485532055,2.2666103796300514e+39
3473.4282737061476,2.2747553937723794e+39
3471.0772488241723,2.28264996166174e+39
3468.729404419161,2.2904169047881723e+39
3466.384734041631,2.2982699983342134e+39
3464.0432312595262,2.3058948723894617e+39
3461.7048896581564,2.3132238431610692e+39
3459.369702840142,2.3208547428616975e+39
3457.0376644253533,2.3284995728944307e+39
3454.708768050853,2.335882187136019e+39
3452.3830073708373,2.3431396281955037e+39
3450.060376056581,2.3504903190621135e+39
3447.7408677963763,2.3576229213624636e+39
3445.4244762954795,2.3640624577878142e+39
3443.111195276051,2.370169088635912e+39
3440.8010184771015,2.3761818064030053e+39
3438.4939396544314,2.3821812498822148e+39
3436.1899525805784,2.387959780288254e+39
3433.8890510447604,2.3938964348320806e+39
3431.591228852819,2.39974037421485e+39
3429.2964798271632,2.405457940475919e+39
3427.004797806717,2.4109812481062393e+39
3424.7161766468603,2.4165419456431414e+39
3422.4306102193777,2.4219572638810816e+39
3420.148092412401,2.4273060047794198e+39
3417.8686171303575,2.4325613649427744e+39
3415.5921782939117,2.4379752687526593e+39
3413.318769839915,2.4431634945042576e+39
3411.0483857213517,2.4482587504614197e+39
3408.781019907281,2.4534288273016667e+39
3406.51666638279,2.4582577148054683e+39
3404.255319148936,2.4629934041312135e+39
3401.9969722226947,2.4675530263055526e+39
3399.7416196369077,2.4723053360989223e+39
3397.4892554402295,2.4767390891411288e+39
3395.2398736970767,2.481132648288536e+39
3392.9934684875734,2.485377474269979e+39
3390.7500339075,2.489430071197413e+39
3388.5095640682443,2.4932796775332028e+39
3386.272053096746,2.4968178836208305e+39
3384.0374951354456,2.500239707947098e+39
3381.8058843422386,2.5033213296320762e+39
3379.577214890417,2.5065566232794387e+39
3377.3514809686244,2.508841007305491e+39
3375.1286767808024,2.510611624051259e+39
3372.9087965461413,2.511953375808651e+39
3370.6918344990304,2.512690613651409e+39
3368.4777848890085,2.5129795754566966e+39
3366.266641980711,2.5131788017730094e+39
3364.0584000538247,2.5133692525999485e+39
3361.853053403035,2.513162112070074e+39
3359.650596337981,2.5127852911837916e+39
3357.4510231831996,2.51195095012964e+39
3355.2543282780834,2.5114266600761664e+39
3353.0605059768304,2.5106679407135462e+39
3350.8695506483928,2.5100345170346346e+39
3348.6814566764333,2.5089087609804384e+39
3346.4962184592728,2.5076160641219966e+39
3344.313830409845,2.5059379294801212e+39
3342.1342869556497,2.503943499419982e+39
3339.957582538702,2.501634779395147e+39
3337.783711615487,2.4989979305444262e+39
3335.6126686569155,2.4957314016901686e+39
3333.444448148271,2.491963837659031e+39
3331.2790445891696,2.4876005062580587e+39
3329.116452493508,2.4830683345509783e+39
3326.9566663894198,2.4778445856456947e+39
3324.7996808192306,2.4721853620106298e+39
3322.645490339408,2.4658939345692733e+39
3320.4940895205204,2.458963474074336e+39
3318.3454729471887,2.4516369718967215e+39
3316.1996352180404,2.44384727722234e+39
3314.056570945666,2.4350878429124395e+39
3311.916274756574,2.425572631703208e+39
3309.778741291145,2.4156019921905024e+39
3307.643965203585,2.405022482557549e+39
3305.511941161887,2.3943133190963574e+39
3303.38266384778,2.3825391760640497e+39
3301.256127956687,2.370210692475974e+39
3299.132328197684,2.3569972784465695e+39
3297.0112592934506,2.343567451804321e+39
3294.89291598023,2.3294668614274746e+39
3292.777293007787,2.3148461932859806e+39
3290.664385139359,2.29963940258928e+39
3288.554187151619,2.284393830873078e+39
3286.4466938346254,2.2688573857811462e+39
3284.341899991789,2.2530209689334323e+39
3282.23980043982,2.2367399709350624e+39
3280.140390008692,2.2201970961930432e+39
3278.0436635415986,2.2042836180464834e+39
3275.9496158949073,2.1893407327279187e+39
3273.8582419381237,2.1743124101311233e+39
3271.769536553845,2.158980862857287e+39
3269.683494637719,2.143384528026379e+39
3267.6001110984034,2.1275435953150308e+39
3265.519380857525,2.1118000585378845e+39
3263.441298849637,2.097209072167166e+39
3261.365860022177,2.0826810116026124e+39
3259.29305933543,2.0685279690589285e+39
3257.222891762483,2.0544674640898705e+39
3255.1553522891877,2.0402642838769414e+39
3253.090435914118,2.0265837702414268e+39
3251.0281376485314,2.0131804736818333e+39
3248.9684525163257,2.0002903278161147e+39
3246.9113755540043,1.9875237447689065e+39
3244.85690181063,1.9750985399960775e+39
3242.8050263477908,1.9631063522498655e+39
3240.755744239557,1.9518063855975408e+39
3238.709050572442,1.9413238689444838e+39
3236.6649404453647,1.9315714408313995e+39
3234.6234089696104,1.9224476707064412e+39
3232.5844512687895,1.9133657738305326e+39
3230.5480624787992,1.905130421790835e+39
3228.5142377477882,1.8979199756739384e+39
3226.482972236114,1.8909099677564145e+39
3224.4542611163056,1.8855488645303757e+39
3222.428099573028,1.8808277913216656e+39
3220.4044828030396,1.8762910497065965e+39
3218.383406015158,1.874058058342298e+39
3216.3648644302207,1.8728935121829878e+39
3214.3488532810466,1.8724705383774045e+39
3212.3353678123995,1.8722985752694583e+39
3210.3244032809516,1.8725581200673914e+39
3208.315954955244,1.8738151978433367e+39
3206.3100181156515,1.877109834326961e+39
3204.306588054345,1.8806361861549517e+39
3202.305660075254,1.8847490334301792e+39
3200.307229494031,1.890002176388352e+39
3198.311291638015,1.896019587379497e+39
3196.317841846193,1.902300690214009e+39
3194.3268754691667,1.9089562919504762e+39
3192.3383878691143,1.9157790993501923e+39
3190.3523744197546,1.922472642329421e+39
3188.368830506313,1.9291417300266864e+39
3186.387751525483,1.935855399885853e+39
3184.409132885393,1.942584608780611e+39
3182.4329700055687,1.9495692556713182e+39
3180.4592583169006,1.9566438811570248e+39
3178.4879932616054,1.963774001620286e+39
3176.5191702931925,1.9708726965729512e+39
3174.55278487643,1.9781205440329646e+39
3172.5888324873094,1.985298343037757e+39
3170.627308613009,1.9924552038407685e+39
3168.6682087518616,1.9996605589163998e+39
3166.7115284133192,2.006552607109587e+39
3164.7572631179187,2.0134628697771223e+39
3162.8054083972484,2.020279787034326e+39
3160.855959793912,2.026982114421275e+39
3158.9089128614974,2.0331868705112504e+39
3156.964263164541,2.0391801364986888e+39
3155.022006278494,2.0451762810123615e+39
3153.082137789689,2.0512194344061405e+39
3151.144653295309,2.0567814583714342e+39
3149.2095484033507,2.0620225457643073e+39
3147.2768187325914,2.067294256526066e+39
3145.346459912559,2.072230422932066e+39
3143.4184675834967,2.07731973184623e+39
3141.4928373963307,2.0822038578141196e+39
3139.5695650126368,2.087309740459343e+39
3137.6486461046093,2.092189106263655e+39
3135.7300763550274,2.0955245359197348e+39
3133.8138514572233,2.0983238501102787e+39
3131.89996711505,2.1012211316125024e+39
3129.9884190428493,2.104151037542256e+39
3128.0792029654185,2.107219892429016e+39
3126.1723146179816,2.1098558412389516e+39
3124.267749746153,2.112223200554013e+39
3122.3655041059105,2.1135982244299797e+39
3120.4655734635603,2.1150448824829053e+39
3118.567953595709,2.116153977939098e+39
3116.672640289227,2.1173685452522645e+39
3114.779629341224,2.1193487896851132e+39
3112.8889165590126,2.1215884588146762e+39
3111.0004977600797,2.1239753454493244e+39
3109.114368772055,2.1262785044179244e+39
3107.2305254326816,2.128555581695708e+39
3105.348963589783,2.1306863836776807e+39
3103.4696791012348,2.1335366007154994e+39
3101.592667834933,2.137103557320465e+39
3099.7179256687637,2.140784082863823e+39
3097.8454484905747,2.1456624774134135e+39
3095.9752321981423,2.151720263569289e+39
3094.1072726991442,2.1583616116866108e+39
3092.241565911129,2.1651598284893508e+39
3090.3781077614844,2.1716544307720966e+39
3088.5168941874113,2.178057915210409e+39
3086.65792113589,2.1838392238218108e+39
3084.8011845636547,2.1891371045939503e+39
3082.946680437162,2.1946087463454525e+39
3081.094404732561,2.2002797814497276e+39
3079.2443534356667,2.2045158512277525e+39
3077.3965225419292,2.207915345409257e+39
3075.550908056405,2.2116251363959034e+39
3073.7075059937297,2.2148602421547185e+39
3071.8663123780852,2.2189898666321702e+39
3070.027323243177,2.2220369679849892e+39
3068.1905346322,2.2236974010506974e+39
3066.3559425978165,2.2259925172723294e+39
3064.5235432021204,2.228083329790186e+39
3062.693332516615,2.229188983152372e+39
3060.8653066221823,2.2308319854428695e+39
3059.039461609055,2.232123662848322e+39
3057.2157935767896,2.2330531465828675e+39
3055.3942986342386,2.2345052744903957e+39
3053.574972899522,2.2352553816099303e+39
3051.7578125,2.2362868564628836e+39
3049.9428135722455,2.236930123053258e+39
3048.129972262017,2.2373929606096574e+39
3046.319284724232,2.2387945020014522e+39
3044.510747122937,2.240364940698145e+39
3042.7043556312847,2.24167422278115e+39
3040.9001064315034,2.2426773084369682e+39
3039.097995714872,2.243812271912581e+39
3037.2980196816907,2.2447086031650295e+39
3035.5001745412596,2.2455905556548973e+39
3033.7044565118467,2.2463305790484322e+39
3031.910861820662,2.2479709685512843e+39
3030.119386703836,2.2496980247378676e+39
3028.3300274063868,2.25163811827876e+39
3026.5427801821975,2.2532820604316288e+39
3024.757641293991,2.2547213165797973e+39
3022.974607013301,2.2563021334066752e+39
3021.1936736204475,2.2572779020648006e+39
3019.414837404511,2.2585047865310782e+39
3017.6380946633067,2.2590480949514453e+39
3015.8634417033595,2.2591692001100733e+39
3014.090874839876,2.2604617875133636e+39
3012.3203903967224,2.2617094705225572e+39
3010.5519847063956,2.2625284043195535e+39
3008.785654110001,2.2634159356515184e+39
3007.021394957225,2.264606752965468e+39
3005.2592036063106,2.2648426436747904e+39
3003.499076424034,2.2651808999347014e+39
3001.7410097856755,2.2660324050861263e+39
2999.9850000749993,2.2670560315450258e+39
2998.2310436842263,2.268649396218255e+39
2996.4791370140083,2.2692416234490018e+39
2994.7292764734066,2.2720584725254858e+39
2992.9814584798646,2.273176990035241e+39
2991.2356794591847,2.2746981720864992e+39
2989.491935845503,2.279110618418736e+39
2987.7502240812664,2.282376644790424e+39
2986.010540617208,2.2868659982326877e+39
2984.272881912322,2.29138056701231e+39
2982.5372444338395,2.29605044568222e+39
2980.8036246572074,2.3010277403804748e+39
2979.0720190660604,2.30621913345494e+39
2977.3424241522016,2.311729677606995e+39
2975.6148364155742,2.3173041588316197e+39
2973.8892523642417,2.3233872548208665e+39
2972.165668514363,2.3299626750212575e+39
2970.4440813901674,2.3366452464476634e+39
2968.724487523935,2.3428237797623687e+39
2967.0068834559697,2.3492791244568552e+39
2965.2912657345764,2.3551882109251564e+39
2963.5776309160415,2.3606747242111455e+39
2961.865975564606,2.3662969671614318e+39
2960.1562962524417,2.3718870178772186e+39
2958.448589559635,2.377011914548095e+39
2956.7428520741546,2.3832037589309807e+39
2955.039080391838,2.389613243897168e+39
2953.3372711163615,2.3961531884816903e+39
2951.6374208592215,2.401548038173491e+39
2949.9395262397115,2.4075636573397506e+39
2948.2435838849005,2.413408503695403e+39
2946.5495904296067,2.4196757688676413e+39
2944.857542516381,2.4244886933556975e+39
2943.167436795479,2.42573992984504e+39
2941.479269924845,2.4263904001674098e+39
2939.7930385700847,2.4233875250030584e+39
2938.1087394044453,2.4206414344168802e+39
2936.4263691087945,2.415357296473718e+39
2934.745924371597,2.4084357149465922e+39
2933.0674018888953,2.40034130516332e+39
2931.390798364284,2.3921384258239245e+39
2929.7161105088912,2.382273718718473e+39
2928.043335041358,2.3706079731378785e+39
2926.3724686878145,2.360742097236041e+39
2924.7035081818576,2.3481295603806565e+39
2923.0364502645343,2.334805302348104e+39
2921.3712916843165,2.3223956197448553e+39
2919.7080291970797,2.3094764307225915e+39
2918.046659566086,2.29508525066213e+39
2916.3871795619584,2.2813696357227597e+39
2914.7295859626624,2.263835485961946e+39
2913.073875553484,2.2478049748273158e+39
2911.420045127011,2.231792124156021e+39
2909.7680914831085,2.2146723903633964e+39
2908.1180114289036,2.1977196789114793e+39
2906.4698017787596,2.18094874771384e+39
2904.8234593542575,2.1622888274158316e+39
2903.178980984177,2.142702492484151e+39
2901.5363635044755,2.122979327466569e+39
2899.8956037582648,2.10454703894063e+39
2898.256698595794,2.0840072128347468e+39
2896.6196448744313,2.0627970761369787e+39
2894.9844394586376,2.04200551972301e+39
2893.351079219952,2.0197472784442297e+39
2891.7195610369704,1.9972043723433014e+39
2890.0898817953234,1.9738995121725634e+39
2888.4620383876604,1.951102237882042e+39
2886.8360277136258,1.926926853846845e+39
2885.211846679842,1.902776271255954e+39
2883.58949219989,1.8765074774452964e+39
2881.9689611942877,1.850933989309662e+39
2880.3502505904717,1.824184948901896e+39
2878.733357322778,1.7970425037958633e+39
2877.118278332422,1.7704524106039284e+39
2875.5050105674804,1.7436969059746608e+39
2873.893550982871,1.7164905133512698e+39
2872.283896540334,1.688395515206845e+39
2870.676044208411,1.6600509675480714e+39
2869.0699909624295,1.6302953414726626e+39
2867.4657337844815,1.6014644085112184e+39
2865.8632696634045,1.5758110010423173e+39
2864.262595594764,1.5516322464949338e+39
2862.6637085808343,1.527701142043536e+39
2861.066605630579,1.5045208547605436e+39
2859.471283759633,1.479698290809381e+39
2857.8777399902833,1.466779215960486e+39
2856.285971351452,1.4547846060672882e+39
2854.6959748786758,1.4430526404250127e+39
2853.107747614089,1.4318182824845212e+39
2851.5212866064044,1.427355177710806e+39
2849.9365889108967,1.423999599348703e+39
2848.353651589381,1.420412726488044e+39
2846.7724717101987,1.41842963448957e+39
2845.193046348195,1.4210634897613994e+39
2843.6153725847043,1.4253125481600988e+39
2842.039447507532,1.430422563175263e+39
2840.465268210933,1.4362389716458947e+39
2838.8928317956,1.4464313659257033e+39
2837.3221353686395,1.4573607661316244e+39
2835.7531760435572,1.4698064138031857e+39
2834.185950940241,1.4828321593786234e+39
2832.6204571849416,1.4997771218063776e+39
2831.0566919102557,1.517409802591699e+39
2829.4946522551077,1.5363134984393307e+39
2827.934335364733,1.5551577908137485e+39
2826.3757383906614,1.5766389104708257e+39
2824.8188584906993,1.599564214039432e+39
2823.2636928289103,1.622217427311999e+39
2821.7102385756007,1.6458370539608024e+39
2820.1584929073015,1.6701324014332668e+39
2818.6084530067506,1.69474708682118e+39
2817.060116062877,1.7196689518931072e+39
2815.5134792707818,1.7443765799343396e+39
2813.9685398317247,1.7703571245948382e+39
2812.4252949531033,1.7937844799432515e+39
2810.8837418484372,1.817878119283496e+39
2809.343877737355,1.8416497976303136e+39
2807.8056998455704,1.8662554160321514e+39
2806.269205404875,1.887522382405184e+39
2804.734391653111,1.9083023115709073e+39
2803.2012558341626,1.9303382287525273e+39
2801.6697951979377,1.9519700433206494e+39
2800.14000700035,1.9698272342547764e+39
2798.611888503302,1.9869377877555805e+39
2797.0854369746726,2.0027519825766455e+39
2795.560649688295,2.018705694798228e+39
2794.0375239239465,2.030043369197412e+39
2792.516056967328,2.0390627560281198e+39
2790.996246110049,2.0484260916688708e+39
2789.4780886496137,2.0571158867441217e+39
2787.9615818894013,2.0636577030869326e+39
2786.446723138654,2.066239065527853e+39
2784.933509712456,2.0674291801067766e+39
2783.4219389317227,2.0694998270141982e+39
2781.912008123183,2.070767587282146e+39
2780.4037146193627,2.0663976084450202e+39
2778.8970557585694,2.0622482707167808e+39
2777.392028884877,2.0570160360872922e+39
2775.8886313481107,2.0525216126810634e+39
2774.3868605038288,2.0444824823745638e+39
2772.8867137133116,2.0344190056755298e+39
2771.3881883435415,2.0248852255902686e+39
2769.891281767191,2.0149801161193654e+39
2768.3959913626045,2.0031529615571825e+39
2766.902314513786,1.989886576721141e+39
2765.410248610381,1.97519566796701e+39
2763.919791047664,1.9615103218430786e+39
2762.4309392265195,1.9465145083419277e+39
2760.943690553431,1.9285563897336174e+39
2759.458042440465,1.909705598383213e+39
2757.9739923052525,1.8912694550207928e+39
2756.4915375709797,1.8720321251363834e+39
2755.010675666368,1.85145638461698e+39
2753.531404025663,1.8296296641117616e+39
2752.0537200886165,1.8079113347637085e+39
2750.5776213004733,1.7853934400968634e+39
2749.1031051119576,1.762267908552211e+39
2747.6301689792554,1.7377147452475602e+39
2746.1588103640033,1.7135794958265866e+39
2744.689026733271,1.689882264176857e+39
2743.2208155595486,1.666613214629713e+39
2741.7541743207303,1.6424280015489747e+39
2740.289100500103,1.618478927001891e+39
2738.825591586328,1.59478322007633e+39
2737.36364507343,1.5704776387919104e+39
2735.9032584607808,1.5448401447794138e+39
2734.4444292530866,1.516972762709887e+39
2732.987154960372,1.4895988585688845e+39
2731.5314330979663,1.462029895805299e+39
2730.077261186492,1.4348763410819398e+39
2728.624636751845,1.4083161378162508e+39
2727.173557325188,1.382302141106415e+39
2725.7240204429304,1.3557287394413223e+39
2724.276023646716,1.3301335463584191e+39
2722.8295644834116,1.304174710851455e+39
2721.3846405050895,1.278634173007774e+39
2719.941249269016,1.253277940802187e+39
2718.499388337638,1.2283297957214624e+39
2717.0590552785666,1.205694553882446e+39
2715.6202476645667,1.1835939744139574e+39
2714.182963073541,1.1612981614748027e+39
2712.7471990885174,1.1393242538543587e+39
2711.3129532976345,1.1214817767025261e+39
2709.8802232941307,1.1045428241998097e+39
2708.449006676327,1.0879293002256775e+39
2707.0193010476164,1.0712035394702727e+39
2705.5911040164506,1.0561294423314434e+39
2704.1644131963226,1.0434247570310831e+39
2702.7392262057597,1.0306494321554148e+39
2701.3155406683054,1.017791573993914e+39
2699.893354212509,1.0055833257908405e+39
2698.4726644719094,9.954322678088784e+38
2697.0534690850245,9.854574600916999e+38
2695.635765695339,9.75664803456043e+38
2694.2195519512884,9.656187849191838e+38
2692.804825506247,9.567739852999291e+38
2691.391584018517,9.477212343064219e+38
2689.9798251513116,9.392249341906301e+38
2688.569546572746,9.30485101207268e+38
2687.160745955823,9.218769388967506e+38
2685.7534209784203,9.123943499395519e+38
2684.347569323276,9.031084776872031e+38
2682.94318867798,8.942535873259255e+38
2681.5402767349565,8.849068942136876e+38
2680.138831191456,8.745940911959638e+38
2678.738849749538,8.643833800521485e+38
2677.3403301160624,8.549114508840023e+38
2675.943270002676,8.454542224628461e+38
2674.5476671257975,8.358176395102127e+38
2673.153519206608,8.25011627445255e+38
2671.7608239710385,8.15465142635908e+38
2670.3695791497544,8.06092368808276e+38
2668.979782478148,7.964101343048346e+38
2667.5914316963217,7.864484389492917e+38
2666.204524549078,7.768821868374507e+38
2664.8190587859085,7.681953466244848e+38
2663.4350321609777,7.592744781257867e+38
2662.052442433116,7.501603668643882e+38
2660.6712873658025,7.408434685380837e+38
2659.2915647271566,7.327783420105689e+38
2657.9132722899253,7.247218428970205e+38
2656.536407831469,7.164986839751781e+38
2655.1609691337535,7.079535887499662e+38
2653.7869539833346,7.008009452452895e+38
2652.4143601713463,6.942222282520823e+38
2651.0431854934914,6.877278466630795e+38
2649.67342775003,6.81122023136356e+38
2648.3050847457625,6.748108815811519e+38
2646.938154290025,6.6938323704240126e+38
2645.572634196672,6.638297528182947e+38
2644.2085222840674,6.586155228108968e+38
2642.8458163750724,6.5341470361168546e+38
2641.4845142970353,6.4947788112083806e+38
2640.1246138817755,6.455490313785899e+38
2638.766112965577,6.418293032907827e+38
2637.409009389176,6.3840955747014735e+38
2636.053300997746,6.347936118759396e+38
2634.698985640891,6.3195108520266974e+38
2633.346061172629,6.297963268379333e+38
2631.9945254513873,6.2762115945792e+38
2630.644376339985,6.255963855627312e+38
2629.295611705624,6.238163660584312e+38
2627.9482294198806,6.218804586096141e+38
2626.6022273586887,6.204834315229451e+38
2625.2576034023336,6.185963235152112e+38
2623.9143554354387,6.168978494268597e+38
2622.5724813469533,6.155070874617735e+38
2621.2319790301444,6.146602411867915e+38
2619.8928463825832,6.132847318593529e+38
2618.5550813061354,6.1237984952145024e+38
2617.21868170695,6.114869784220207e+38
2615.8836454954485,6.109859200729867e+38
2614.5499705863126,6.104936500298381e+38
2613.217654898476,6.1024652985992575e+38
2611.8866963551122,6.099643754023766e+38
2610.5570928836214,6.1099776901066765e+38
2609.2288424156245,6.1193005285791585e+38
2607.9019428869474,6.133489374444386e+38
2606.5763922376154,6.148531206354949e+38
2605.2521884118387,6.168125317879134e+38
2603.9293293580013,6.1918308592971764e+38
2602.6078130286546,6.223850359140512e+38
2601.2876373805034,6.251896233299296e+38
2599.9688003743954,6.287254871967812e+38
2598.651299975313,6.3199990029458925e+38
2597.33513415236,6.3595005311025255e+38
2596.020300878753,6.3978391769317656e+38
2594.7067981318114,6.444696633404351e+38
2593.3946238929448,6.495135584196993e+38
2592.083776147645,6.5484774969376966e+38
2590.7742528854747,6.601904159215627e+38
2589.4660521000574,6.66400517374041e+38
2588.1591717890647,6.729173280505543e+38
2586.8536099542125,6.794702065035018e+38
2585.5493646012433,6.861985453087043e+38
2584.2464337399215,6.932872548669772e+38
2582.9448153840194,7.010512317089675e+38
2581.64450755131,7.085062362998036e+38
2580.3455082635564,7.161960496799703e+38
2579.0478155465003,7.24420970489702e+38
2577.7514274298533,7.332289651693844e+38
2576.4563419472856,7.415179787544877e+38
2575.1625571364193,7.50476498375117e+38
2573.870071038814,7.600787520886003e+38
2572.57888169996,7.700519957402381e+38
2571.288987169268,7.802589326144046e+38
2570.0003855000577,7.907222689144214e+38
2568.7130747495507,7.996304506855079e+38
2567.4270529788573,8.08296875415598e+38
2566.14231825297,8.172950221051006e+38
2564.858868640753,8.265235249733192e+38
2563.5767022149307,8.359220636833302e+38
2562.2958170520783,8.397286034874781e+38
2561.016211232617,8.411157164078628e+38
2559.7378828407973,8.426445064950652e+38
2558.4608299646934,8.44040817691151e+38
2557.1850506961937,8.454446201257249e+38
2555.9105431309904,8.470401170160685e+38
2554.63730536857,8.48401289312935e+38
2553.365335512205,8.501413740287782e+38
2552.0946316689424,8.521975286784526e+38
2550.8251919495956,8.541769148178778e+38
2549.557014468736,8.562875704771756e+38
2548.2900973446817,8.58496113569795e+38
2547.0244386994896,8.6080874409688e+38
2545.760036658945,8.629786912545011e+38
2544.496889352553,8.659793570559879e+38
2543.23499491353,8.685187757501999e+38
2541.974351478794,8.716160110502845e+38
2540.714957188953,8.747785487295615e+38
2539.456810188301,8.780726755626459e+38
2538.1999086248034,8.817478445548658e+38
2536.944250650092,8.849414675908807e+38
2535.689834419454,8.878480741013404e+38
2534.4366580918227,8.899890870235483e+38
2533.1847198297696,8.929708296810682e+38
2531.9340177994964,8.950908903851895e+38
2530.684550170821,8.973376062126186e+38
2529.436315117176,8.999013611482061e+38
2528.1893108155937,9.025909325883319e+38
2526.943535446701,9.052621887905479e+38
2525.698987194706,9.055141402942402e+38
2524.4556642473967,9.04987109902054e+38
2523.213564796124,9.046057861570356e+38
2521.9726870357995,9.039720170132562e+38
2520.7330291648814,9.032050000931299e+38
2519.494589385369,8.987845059670955e+38
2518.2573659027953,8.936909388026402e+38
2517.0213569262137,8.846402161274143e+38
2515.786560668193,8.754501137071472e+38
2514.552975344808,8.662215597653424e+38
2513.320599175631,8.562619888101274e+38
2512.0894303837213,8.464143971367737e+38
2510.859467195621,8.32666887841406e+38
2509.630707841341,8.184473843108506e+38
2508.4031505543576,8.04479587032404e+38
2507.176793571599,7.90573123950528e+38
2505.951635133442,7.76796500573701e+38
2504.7276734837005,7.627708555372155e+38
2503.5049068696176,7.495096755265075e+38
2502.283333541857,7.367740442615099e+38
2501.0629517544953,7.241996777663327e+38
2499.8437597650145,7.111756709567336e+38
2498.6257558342913,6.978444154138748e+38
2497.40893822659,6.854648408310276e+38
2496.1933052095555,6.7337489435788426e+38
2494.9788550542034,6.6153491755512785e+38
2493.7655860349128,6.497187011475906e+38
2492.553496429417,6.3798613724365036e+38
2491.3425845187976,6.271489750822276e+38
2490.1328485874724,6.165798495223355e+38
2488.9242869231916,6.0651690942323276e+38
2487.7168978170284,5.958257068987161e+38
2486.5106795633687,5.8541733890860896e+38
2485.305630459906,5.75459461231172e+38
2484.101748807631,5.6617004817380354e+38
2482.899032910827,5.56915409919135e+38
2481.6974810770566,5.4785039062878425e+38
2480.49709161716,5.3909134766711014e+38
2479.2978628452424,5.310754197888097e+38
2478.0997930786675,5.235917983322136e+38
2476.90288063805,5.160099110402855e+38
2475.707123847249,5.0851699795594236e+38
2474.5125210333563,5.015081507406257e+38
2473.3190705266934,4.9479020811637984e+38
2472.126770660799,4.8829167907866565e+38
2470.935619772427,4.818118510969814e+38
2469.7456162015314,4.7528148681588455e+38
2468.5567582912654,4.689103924224977e+38
2467.369044387969,4.62882792521933e+38
2466.1824728411657,4.571928268701656e+38
2464.9970420035497,4.5123300813003986e+38
2463.8127502309826,4.455764899866032e+38
2462.629595882483,4.403118172325092e+38
2461.447577320222,4.354219722640026e+38
2460.266692909511,4.309003269082141e+38
2459.0869410188,4.2659504300535336e+38
2457.9083200196633,4.223573408218222e+38
2456.730828286799,4.183535275059254e+38
2455.554464198016,4.147729766767047e+38
2454.37922613423,4.1097552535603385e+38
2453.2051124794543,4.066432915175673e+38
2452.0321216207935,4.0251667349155145e+38
2450.860251948434,3.9841296831609156e+38
2449.6895018556397,3.948912751194675e+38
2448.519869738743,3.914070841606394e+38
2447.351353997137,3.880817099945622e+38
2446.183953033268,3.8496174913481765e+38
2445.0176652526316,3.8215873227305075e+38
2443.8524890637605,3.795351498374678e+38
2442.68842287822,3.768795720345805e+38
2441.5254651106015,3.740783512842512e+38
2440.3636141785123,3.710734717536175e+38
2439.2028685025734,3.684156334269742e+38
2438.043226506406,3.659740302793938e+38
2436.8846866166296,3.6372287671681814e+38
2435.7272472628515,3.6140832081658645e+38
2434.5709068776628,3.593644070093043e+38
2433.4156638966288,3.575891245374085e+38
2432.2615167582817,3.558371860850634e+38
2431.108463904117,3.544720561027278e+38
2429.9565037785824,3.529332894494307e+38
2428.805634829073,3.516681657381438e+38
2427.6558555059237,3.504777493649983e+38
2426.5071642624025,3.4965388397873896e+38
2425.359559554704,3.488891149221336e+38
2424.2130398419413,3.483074647158259e+38
2423.06760358614,3.4779120868295285e+38
2421.9232492522315,3.47611590843122e+38
2420.7799753080444,3.4759741926160975e+38
2419.6377802243005,3.4774999891086196e+38
2418.4966624746057,3.4805361003496285e+38
2417.356620535444,3.485803902814479e+38
2416.217652886172,3.494160114348819e+38
2415.0797580090084,3.505099929933373e+38
2413.942934389031,3.5165139119823815e+38
2412.8071805141694,3.529981168744963e+38
2411.672494875196,3.53864670124111e+38
2410.538875965722,3.5491792826713846e+38
2409.4063222821896,3.560331884353807e+38
2408.274832323865,3.570056169311173e+38
2407.1444045928315,3.581297244851649e+38
2406.015037593985,3.59301881083945e+38
2404.8867298350247,3.6072520437612584e+38
2403.7594798264486,3.623688862110209e+38
2402.6332860815455,3.640439223963817e+38
2401.508147116389,3.65877310153487e+38
2400.384061449832,3.678626802961203e+38
2399.2610276034984,3.702154311679957e+38
2398.1390441017775,3.726686140655534e+38
2397.018109471817,3.752747622732963e+38
2395.8982222435193,3.777056812068931e+38
2394.7793809495297,3.803354116324143e+38
2393.6615841252365,3.828380075859334e+38
2392.544830308758,3.856388630429771e+38
2391.4291180409414,3.884475185192902e+38
2390.3144458653537,3.913542166475614e+38
2389.2008123282762,3.941774384273217e+38
2388.088215978698,3.973877556578095e+38
2386.9766553683107,4.010017082876255e+38
2385.8661290514992,4.046363427204972e+38
2384.7566355853382,4.0843613062209164e+38
2383.648173529587,4.124128254293574e+38
2382.5407414466786,4.156864048782901e+38
2381.434337901718,4.182676854492959e+38
2380.328961462474,4.2117662704418935e+38
2379.224610699373,4.239938788832089e+38
2378.1212841854936,4.270792516543989e+38
2377.0189804965594,4.302619358792444e+38
2375.917698210934,4.336189656746212e+38
2374.8174359096147,4.3714995091091565e+38
2373.718192176225,4.406207154259674e+38
2372.6199655970104,4.441580910586274e+38
2371.522754760832,4.479114695722722e+38
2370.426558259159,4.515830920746963e+38
2369.3313746860636,4.550568567159615e+38
2368.2372026382163,4.585555749415167e+38
2367.1440407148775,4.6238133658101965e+38
2366.051887517893,4.661607543258116e+38
2364.9607416516887,4.696543738476807e+38
2363.8706017232616,4.727858505773788e+38
2362.781466342178,4.764240463787911e+38
2361.6933341205645,4.798049018775454e+38
2360.606203673103,4.836785138219775e+38
2359.5200736170264,4.876567202398997e+38
2358.4349425721093,4.918037991731739e+38
2357.3508091606654,4.96018620077861e+38
2356.26767200754,5.005169837472216e+38
2355.1855297401053,5.0483597934980226e+38
2354.104380988253,5.096962338165137e+38
2353.02422438439,5.143838357529149e+38
2351.9450585634318,5.1912299264404475e+38
2350.8668821627975,5.241779190410434e+38
2349.789693822403,5.28613385215264e+38
2348.713492184656,5.32675687681355e+38
2347.63827589445,5.369945965353987e+38
2346.56404359916,5.413976090202864e+38
2345.490793948634,5.4560364303420815e+38
2344.4185255951893,5.497600672481528e+38
2343.3472371936073,5.536103627609864e+38
2342.2769274011266,5.575715326007801e+38
2341.2075948774377,5.615041774774843e+38
2340.139238284678,5.655723918454783e+38
2339.0718562874254,5.697384710320196e+38
2338.0054475526927,5.736200265504506e+38
2336.940010749924,5.776931703492317e+38
2335.8755445509864,5.814437628973751e+38
2334.8120476301656,5.8544004176609794e+38
2333.7495186641618,5.8901685417267705e+38
2332.6879563320813,5.9203196406701836e+38
2331.627359315434,5.950886147173714e+38
2330.567726298126,5.980784286804082e+38
2329.509055966455,6.0030459911747485e+38
2328.451347009104,6.023167252284879e+38
2327.394598117138,6.033093989612171e+38
2326.3388079839947,6.043879984931594e+38
2325.283975305484,6.053327175783865e+38
2324.2300987797794,6.064742435126953e+38
2323.1771771074123,6.07894424270498e+38
2322.1252089912687,6.083094765674982e+38
2321.0741931365837,6.089200349352209e+38
2320.0241282509337,6.095753992157167e+38
2318.9750130442344,6.10297316548592e+38
2317.9268462287328,6.099297969561601e+38
2316.879626519004,6.0625100609252906e+38
2315.8333526319448,6.026404217485389e+38
2314.7880232867674,5.985173005251019e+38
2313.743637204998,5.936289160437431e+38
2312.7001931104664,5.888500797082464e+38
2311.657689729305,5.8373776975901755e+38
2310.616125789942,5.785578805843208e+38
2309.5755000230956,5.7351746170365425e+38
2308.5358111617707,5.685138859918362e+38
2307.497057941251,5.636759064056627e+38
2306.459239099097,5.5802358927743425e+38
2305.4223533751383,5.5145180214419615e+38
2304.3863995114702,5.4496870486195225e+38
2303.351376252447,5.387056568981249e+38
2302.31728234468,5.324414454095569e+38
2301.284116537028,5.252134174698083e+38
2300.251877580595,5.179430263661473e+38
2299.2205642287263,5.108598759406562e+38
2298.190175237001,5.039434354658061e+38
2297.160709363227,4.965184287284478e+38
2296.1321653674386,4.894031555708563e+38
2295.1045420118885,4.824996792136066e+38
2294.0778380610454,4.7566635306503204e+38
2293.052052281587,4.690828488253008e+38
2292.0271834423957,4.624968059947234e+38
2291.0032303145545,4.562902524371469e+38
2289.9801916713423,4.4998082554279764e+38
2288.9580662882254,4.4384021319420234e+38
2287.936852942859,4.378291301458236e+38
2286.9165504150756,4.3183172680875684e+38
2285.8971574868847,4.2606370591283566e+38
2284.878672942467,4.200114587907704e+38
2283.8610955681675,4.141690495723993e+38
2282.844424152494,4.084102495542853e+38
2281.8286574861095,4.028642985175961e+38
2280.8137943618285,3.97460807764118e+38
2279.7998335746124,3.922632276393141e+38
2278.786773921564,3.86951763620879e+38
2277.774614201925,3.814858670546587e+38
2276.7633532170667,3.761331069533819e+38
2275.7529897704903,3.708826784117974e+38
2274.7435226678194,3.6579443972654856e+38
2273.734950716795,3.6078403970185316e+38
2272.7272727272725,3.558805778601862e+38
2271.7204875112166,3.510508970447435e+38
2270.7145938826948,3.463083935942861e+38
2269.709590657875,3.4175973629912366e+38
2268.7054766550204,3.372699513549182e+38
2267.7022506944836,3.3303203262774646e+38
2266.6999115987037,3.2866664065253725e+38
2265.6984581921993,3.2445070751043296e+38
2264.697889301567,3.2043368964312263e+38
2263.6982037554753,3.1648395553152437e+38
2262.699400384659,3.1269169507481196e+38
2261.701478021916,3.0895579307375832e+38
2260.7044355021026,3.0540674716182596e+38
2259.7082716621285,3.019631706975873e+38
2258.712985340953,2.9846281188521527e+38
2257.718575379579,2.951220370198397e+38
2256.7250406210505,2.9183083258751454e+38
2255.7323799104474,2.88570696995069e+38
2254.7405920948795,2.854267694168183e+38
2253.749676023484,2.824249671747762e+38
2252.759630547421,2.7944190928362143e+38
2251.7704545198662,2.764827883665732e+38
2250.7821467960116,2.739574055086881e+38
2249.7947062330563,2.7127539994164518e+38
2248.8081316902044,2.6886228449873256e+38
2247.8224220286597,2.663655576022083e+38
2246.8375761116226,2.641544434952732e+38
2245.853592804285,2.6190944022057863e+38
2244.870470973825,2.597700850333425e+38
2243.8882094894034,2.5772061320925183e+38
2242.90680722216,2.555921915868275e+38
2241.9262630452085,2.5365547438748072e+38
2240.9465758336323,2.5177092657844267e+38
2239.9677444644794,2.5002769627968083e+38
2238.9897678167613,2.4829097809015836e+38
2238.012644771443,2.4660607480387304e+38
2237.0363742114446,2.450137607675197e+38
2236.060955021634,2.4352634606263154e+38
2235.0863860888226,2.4218477861172853e+38
2234.1126663017617,2.4066341281971595e+38
2233.139794551139,2.3928654030769633e+38
2232.1677697295727,2.379710173947643e+38
2231.1965907316094,2.367524425558984e+38
2230.2262564537173,2.3563718829416893e+38
2229.256765794284,2.345291369424784e+38
2228.2881176536125,2.3358298714306055e+38
2227.3203109339156,2.3273184788818947e+38
2226.353344539312,2.3170933137873463e+38
2225.3872173758236,2.3115082244424874e+38
2224.42192835137,2.304293306204068e+38
2223.457476375764,2.2981138133284224e+38
2222.4938603607106,2.2938106166764847e+38
2221.5310792197984,2.2895098445308443e+38
2220.5691318684976,2.285408402269061e+38
2219.608017224158,2.2845801926384e+38
2218.6477342060016,2.283407704176643e+38
2217.6882817351193,2.28314895030573e+38
2216.729658734469,2.2836798981069622e+38
2215.7718641288693,2.2835683949867514e+38
2214.814896844996,2.2841016741898577e+38
2213.858755811379,2.284281731410013e+38
2212.9034399583975,2.2852354681614224e+38
2211.9489482182753,2.285176539960377e+38
2210.9952795250783,2.286604940201224e+38
2210.04243281471,2.288366147035937e+38
2209.0904070249076,2.289869261840833e+38
2208.1392010952372,2.2909555201255907e+38
2207.188813967091,2.2924001541357046e+38
2206.2392445836826,2.293616107300392e+38
2205.2904918900444,2.2948533426617117e+38
2204.342554833021,2.2978066654502395e+38
2203.395432361269,2.298867980018186e+38
2202.4491234252487,2.2993640642538536e+38
2201.5036269772254,2.301436706607101e+38
2200.558941971261,2.3051881942301163e+38
2199.6150673632114,2.309206394660388e+38
2198.672002110725,2.312776092727377e+38
2197.729745173236,2.316691042359137e+38
2196.7882955119617,2.3203974071222898e+38
2195.847652089898,2.3243459633566825e+38
2194.9078138718173,2.3273621273345492e+38
2193.968779824263,2.3338591612505806e+38
2193.0305489155467,2.3405406292338777e+38
2192.0931201157423,2.3470073445937777e+38
2191.1564923966866,2.3556746767903243e+38
2190.2206647319717,2.3625086063282776e+38
2189.2856360969417,2.367141592756123e+38
2188.3514054686902,2.3745443253422416e+38
2187.4179718260566,2.3808363631282885e+38
2186.4853341496214,2.3884443214950185e+38
2185.553491421703,2.3961806888220737e+38
2184.622442626353,2.4026090851883144e+38
2183.6921867493556,2.4065333683926144e+38
2182.7627227782204,2.4048435664019464e+38
2181.8340497021795,2.4054063251603093e+38
2180.906166512186,2.4045812832481446e+38
2179.979072200907,2.3983551813450183e+38
2179.052765762723,2.391689535517989e+38
2178.1272461937224,2.3868817516282748e+38
2177.2025124916995,2.3812993621451687e+38
2176.278563656148,2.377491819527151e+38
2175.3553986882607,2.3711494433177517e+38
2174.433016590924,2.365437903557468e+38
2173.5114163687144,2.361024102097752e+38
2172.590597027896,2.3577619321142186e+38
2171.670557576416,2.3562235969724428e+38
2170.7512970239,2.355585048374816e+38
2169.832814381652,2.3551818987461054e+38
2168.915108662647,2.3547040614799867e+38
2167.99817888153,2.3551698736335876e+38
2167.0820240546104,2.3541911072280858e+38
2166.166643199861,2.3505828861960184e+38
2165.252035336913,2.3468072550345922e+38
2164.338199487052,2.343793288910089e+38
2163.4251346732144,2.340205062027364e+38
2162.512839919987,2.3374967829283307e+38
2161.601314253599,2.3370364819113083e+38
2160.690556701922,2.3368878016947273e+38
2159.7805662944643,2.3376980851875678e+38
2158.87134206237,2.3379311383976476e+38
2157.9628830384117,2.3382654407535997e+38
2157.0551882569916,2.3398329222145915e+38
2156.1482567541343,2.3414538660818287e+38
2155.242087567486,2.3431510371669733e+38
2154.336679736309,2.345272346023363e+38
2153.4320323014804,2.348952641409094e+38
2152.528144305487,2.3524525982071436e+38
2151.625014792422,2.3543113800572496e+38
2150.7226428079834,2.3572363686483615e+38
2149.821027399469,2.3581514732846607e+38
2148.920167615773,2.3601705703977547e+38
2148.020062507384,2.359126080012119e+38
2147.1207111263793,2.3597373874288136e+38
2146.2221125264255,2.35941366516873e+38
2145.32426576277,2.3601146301006037e+38
2144.4271698922425,2.3610380997430148e+38
2143.5308239732485,2.361986703633067e+38
2142.635227065768,2.3667233375741924e+38
2141.740378231351,2.3680039389122155e+38
2140.8462765331137,2.3729095637469873e+38
2139.9529210357373,2.3759694825653366e+38
2139.0603108054634,2.3799058925499785e+38
2138.16844491009,2.3840108160613085e+38
2137.2773224189705,2.3896089613450127e+38
2136.386942403008,2.3947899001325718e+38
2135.4973039346537,2.3995825279437813e+38
2134.608406087903,2.406324326968485e+38
2133.7202479382927,2.4113577429086694e+38
2132.8328285628972,2.4176558013402512e+38
2131.9461470403257,2.423553742036526e+38
2131.0602024507193,2.4282852930018294e+38
2130.174993875747,2.434939950417082e+38
2129.2905203986033,2.4410935515686743e+38
2128.4067811040045,2.4491481354329715e+38
2127.5237750781866,2.4581659473857328e+38
2126.6415014089,2.4672161550146026e+38
2125.7599591854087,2.4784311843295025e+38
2124.879147498486,2.488386120957545e+38
2123.9990654404114,2.501627501140865e+38
2123.119712104967,2.51116587739928e+38
2122.2410865874363,2.5220271525199038e+38
2121.363187984599,2.5315952634747492e+38
2120.4860153947284,2.54168827651543e+38
2119.6095679175896,2.5532177157189927e+38
2118.7338446544345,2.562456548606623e+38
2117.858844708,2.572431050258041e+38
2116.984567182505,2.5820168957990176e+38
2116.1110111836465,2.5940801194510053e+38
2115.238175818597,2.6005359747196595e+38
2114.3660601960014,2.6051924288195553e+38
2113.494663425975,2.6143057974964575e+38
2112.6239846200974,2.623058460651455e+38
2111.7540228914136,2.632763686876779e+38
2110.884777354428,2.6391216191187328e+38
2110.016247125103,2.6510713159374586e+38
2109.1484313208543,2.659477383985767e+38
2108.2813290605495,2.669172253866857e+38
2107.4149394645056,2.6787675798089557e+38
2106.5492616544834,2.6878267934335013e+38
2105.6842947536875,2.697559201238627e+38
2104.820037886761,2.7044450578869805e+38
2103.956490179783,2.7118775103305048e+38
2103.0936507602682,2.718964601596613e+38
2102.2315187571608,2.7280809529093797e+38
2101.370093300832,2.736120128905626e+38
2100.5093735230794,2.745891293726427e+38
2099.649358557121,2.7573063207008175e+38
2098.7900475375945,2.7689476847751876e+38
2097.931439600554,2.781641715271337e+38
2097.0735338834656,2.7944680614478636e+38
2096.216329525207,2.8076227474471637e+38
2095.3598256660625,2.805620095711381e+38
2094.5040214477212,2.8024689857415866e+38
2093.6489160132737,2.8020925274519713e+38
2092.7945085072097,2.801100806844114e+38
2091.9407980754145,2.8018689296853843e+38
2091.087783865167,2.8018294289646547e+38
2090.235465025135,2.802682144252266e+38
2089.383840705376,2.804628642099012e+38
2088.5329100573304,2.8043310026246755e+38
2087.6826722338205,2.8018682074331046e+38
2086.833126389048,2.801505059489348e+38
2085.9842716785915,2.8019599902558427e+38
2085.1361072594013,2.80247145336566e+38
2084.2886322897994,2.8059118060067916e+38
2083.441845929475,2.810131224576658e+38
2082.595747339484,2.8121607827027047e+38
2081.7503356822417,2.8166985718746383e+38
2080.9056101215247,2.8166549993795396e+38
2080.061569822467,2.8137697289191e+38
2079.2182139515544,2.8149728542073434e+38
2078.3755416766253,2.8139230172149153e+38
2077.5335521668676,2.8146659810385514e+38
2076.6922445928126,2.8146951135968365e+38
2075.8516181263362,2.8137661461660493e+38
2075.0116719406547,2.8098820478135376e+38
2074.1724052103214,2.8058996325849392e+38
2073.333817111224,2.80418119714185e+38
2072.495906820584,2.8026099823396634e+38
2071.6586735169512,2.7994366010301116e+38
2070.822116380203,2.7993570316950675e+38
2069.98623459154,2.799877381957644e+38
2069.151027333485,2.8020679762770938e+38
2068.3164937898796,2.8035557004701303e+38
2067.4826331458817,2.8048607339141963e+38
2066.6494445879616,2.8094173695504163e+38
2065.8169273039025,2.808225707267246e+38
2064.9850804827934,2.8066657052415064e+38
2064.153903315031,2.806887515473496e+38
2063.3233949923138,2.8073521949924213e+38
2062.4935547076416,2.8085277546746895e+38
2061.66438165531,2.8124980768777392e+38
2060.8358750309126,2.815746589676212e+38
2060.0080340313325,2.8201063124562496e+38
2059.1808578547457,2.8277443370539742e+38
2058.354345700612,2.8329320410571877e+38
2057.5284967696803,2.8394653355300247e+38
2056.703310263978,2.8443931068271434e+38
2055.8787853868134,2.85101968231421e+38
2055.054921342773,2.8591049559513758e+38
2054.2317173377155,2.867417779959748e+38
2053.409172578774,2.876961083831432e+38
2052.5872862743486,2.8876861647158655e+38
2051.7660576341086,2.9007447034017517e+38
2050.9454858689855,2.912594756551862e+38
2050.125570191174,2.928069285881302e+38
2049.306309814128,2.9461125574279827e+38
2048.4877039525572,2.9612779114820087e+38
2047.669751822426,2.981004849612583e+38
2046.8524526409515,3.0006009268745673e+38
2046.0358056265984,3.0207893220620732e+38
2045.2198099990796,3.0415578306320705e+38
2044.4044649793514,3.0649182712235486e+38
2043.5897697896123,3.0881919196212114e+38
2042.7757236533002,3.112711662639426e+38
2041.962325795089,3.1343991094669426e+38
2041.1495754408882,3.164317103586061e+38
2040.3374718178386,3.189002408860616e+38
2039.5260141543104,3.2120767795825203e+38
2038.7152016799012,3.2371517144556475e+38
2037.905033625433,3.259794607510856e+38
2037.0955092229499,3.280958528832931e+38
2036.2866277057158,3.307858268047612e+38
2035.478388308212,3.331716704588345e+38
2034.6707902661349,3.359939050189593e+38
2033.863832816393,3.3864095013610718e+38
2033.0575151971047,3.4144401166920916e+38
2032.2518366475972,3.439125763755511e+38
2031.446796408402,3.447583635963022e+38
2030.6423937212537,3.457586914295175e+38
2029.8386278290875,3.466951992789135e+38
2029.035497976037,3.47842672457745e+38
2028.2330034074314,3.4891500489462274e+38
2027.4311433697933,3.500693830491897e+38
2026.6299171108362,3.512698898472392e+38
2025.8293238794631,3.5286828908692964e+38
2025.0293629257624,3.540672286391556e+38
2024.230033501007,3.554735015033702e+38
2023.4313348576516,3.569444436122188e+38
2022.6332662493298,3.576648054993114e+38
2021.835826930853,3.5842268940736e+38
2021.0390161582068,3.595310060319252e+38
2020.2428331885494,3.6055797153547476e+38
2019.4472772802083,3.615857111511012e+38
2018.6523476926802,3.6248263528864224e+38
2017.8580436866266,3.6358882275031226e+38
2017.064364523872,3.644149551243762e+38
2016.2713094674018,3.651932458176761e+38
2015.4788777813608,3.663000665018623e+38
2014.6870687310493,3.674635583053775e+38
2013.895881582922,3.685922232061384e+38
2013.1053156045857,3.6952686202281764e+38
2012.3153700647965,3.70998931959235e+38
2011.5260442334577,3.724878423021962e+38
2010.7373373816179,3.737500844471254e+38
2009.9492487814684,3.749418535194124e+38
2009.161777706341,3.7638257277549526e+38
2008.3749234307058,3.7807307273387706e+38
2007.58868523017,3.795554505908143e+38
2006.8030623814732,3.813487543100604e+38
2006.0180541624875,3.831662444275688e+38
2005.233659852214,3.85042116789499e+38
2004.449878730782,3.867911033611685e+38
2003.6667100794452,3.887929672024916e+38
2002.88415318058,3.9088016357409765e+38
2002.1022073176835,3.924413245410109e+38
2001.3208717753716,3.942317301915451e+38
2000.5401458393767,3.9614160795627626e+38
1999.7600287965445,3.9801350998314994e+38
1998.9805199348332,3.997392507709812e+38
1998.201618543311,4.0190876632601515e+38
1997.4233239121534,4.0394549418979645e+38
1996.6456353326412,4.05940433498596e+38
1995.8685520971587,4.0828049578871804e+38
1995.0920734991919,4.106613496448876e+38
1994.3161988333252,4.129824061459882e+38
1993.5409273952394,4.145573363615203e+38
1992.7662584817115,4.1623265481195124e+38
1991.9921913906096,4.177346088638391e+38
1991.2187254208939,4.193194127590652e+38
1990.4458598726114,4.2080721207159626e+38
1989.6735940468966,4.225411555683176e+38
1988.9019272459675,4.245305147943973e+38
1988.1308587731244,4.2562005410895116e+38
1987.3603879327477,4.2678263603143045e+38
1986.5905140302955,4.281305670871815e+38
1985.8212363723017,4.292334144119791e+38
1985.0525542663743,4.287668341519896e+38
1984.284467021192,4.277153388442984e+38
1983.5169739465043,4.264493443568376e+38
1982.7500743531277,4.250843992066614e+38
1981.9837675529436,4.2389175034680675e+38
1981.2180528588976,4.225277357782393e+38
1980.4529295849961,4.2099230273430725e+38
1979.6883970463048,4.195384317898544e+38
1978.9244545589472,4.178217792673154e+38
1978.1611014401012,4.1607350447231305e+38
1977.3983370079984,4.1436909879969885e+38
1976.6361605819216,4.124264313470642e+38
1975.874571482202,4.107117953429205e+38
1975.1135690302192,4.08769048184447e+38
1974.353152548396,4.0671142825779725e+38
1973.5933213602004,4.04624352177471e+38
1972.8340747901398,4.027807489671436e+38
1972.0754121637613,4.009039181153006e+38
1971.3173328076487,3.989576908161775e+38
1970.5598360494216,3.9697138457866445e+38
1969.802921217732,3.947213645186024e+38
1969.0465876422636,3.9250212759465624e+38
1968.2908346537283,3.9061747629560175e+38
1967.535661583866,3.8869738132385096e+38
1966.7810677654418,3.866537026734292e+38
1966.0270525322426,3.84713849869917e+38
1965.2736152190787,3.825508270901475e+38
1964.5207551617782,3.805965738484145e+38
1963.768471697187,3.789821151061322e+38
1963.016764163166,3.773935845360375e+38
1962.26563189859,3.758180833952928e+38
1961.5150742433455,3.7417800176536425e+38
1960.765090538328,3.724384171445465e+38
1960.0156801254411,3.7077185471140555e+38
1959.2668423475934,3.693927480866877e+38
1958.5185765486985,3.680396067491973e+38
1957.770882073671,3.666227895623289e+38
1957.0237582684254,3.652812390219512e+38
1956.2772044798749,3.637491908136618e+38
1955.531220055928,3.623787048774332e+38
1954.7858043454887,3.6127748711842404e+38
1954.0409566984524,3.6028271421416684e+38
1953.2966764657049,3.592731373614469e+38
1952.5529629991213,3.5826254790469035e+38
1951.809815651563,3.571775417362967e+38
1951.0672337768758,3.561878934781501e+38
1950.3252167298895,3.551084809873702e+38
1949.5837638664145,3.543382714912781e+38
1948.84287454324,3.5357524802283285e+38
1948.1025481181327,3.5285436521082165e+38
1947.3627839498358,3.520487558652303e+38
1946.6235813980652,3.5124016645055434e+38
1945.8849398235084,3.505317496472856e+38
1945.1468585878233,3.500778357997579e+38
1944.4093370536364,3.496102584886535e+38
1943.67237458454,3.4922110387815944e+38
1942.9359705450906,3.488477624423915e+38
1942.200124300808,3.4840957758141525e+38
1941.464835218172,3.4812144196566086e+38
1940.7301026646223,3.480099376153677e+38
1939.9959260085554,3.479492061280915e+38
1939.2623046193225,3.4784530956911656e+38
1938.5292378672302,3.478293192797186e+38
1937.7967251235345,3.476935861543684e+38
1937.0647657604432,3.475470275716313e+38
1936.3333591511114,3.474697620268414e+38
1935.602504669641,3.474542349444059e+38
1934.8722016910783,3.47370934905879e+38
1934.1424495914125,3.4721322825635265e+38
1933.4132477475737,3.47175276157928e+38
1932.6845955374313,3.471912141411936e+38
1931.9564923397925,3.469718310094354e+38
1931.2289375343998,3.470777691406975e+38
1930.5019305019305,3.470378941232387e+38
1929.7754706239928,3.470646076309059e+38
1929.0495572831267,3.472119229122825e+38
1928.3241898627996,3.471873786547113e+38
1927.5993677474073,3.471896144612235e+38
1926.8750903222697,3.470727051582439e+38
1926.1513569736308,3.4715993701175545e+38
1925.4281670886564,3.469659486402702e+38
1924.7055200554314,3.4695821444814794e+38
1923.9834152629605,3.46988710651709e+38
1923.2618521011634,3.469622298739919e+38
1922.5408299608764,3.4694085104170694e+38
1921.8203482338472,3.469236824756792e+38
1921.100406312736,3.469452586602464e+38
1920.3810035911124,3.4687288881659265e+38
1919.6621394634542,3.4700604042895236e+38
1918.9438133251456,3.469557160109765e+38
1918.2260245724754,3.4695527432006206e+38
1917.5087726026345,3.4700745400252105e+38
1916.7920568137165,3.469619265024176e+38
1916.0758766047136,3.470601668068245e+38
1915.360231375516,3.471470706601103e+38
1914.6451205269102,3.473239838674797e+38
1913.9305434605776,3.4742306234129924e+38
1913.2164995790922,3.47640203255075e+38
1912.5029882859192,3.478798110450427e+38
1911.790008985413,3.479514152073515e+38
1911.0775610828164,3.483549228748798e+38
1910.3656439842587,3.4880752139050646e+38
1909.6542570967526,3.491225233689361e+38
1908.943399828195,3.4960980591171345e+38
1908.2330715873636,3.500186343604668e+38
1907.5232717839158,3.506968096381085e+38
1906.8139998283866,3.510890963841154e+38
1906.1052551321882,3.515631118545271e+38
1905.3970371076073,3.519324564588293e+38
1904.6893451678031,3.5216909986142035e+38
1903.982178726807,3.5238552895978764e+38
1903.2755371995204,3.525605193293982e+38
1902.5694200017124,3.529426993883493e+38
1901.863826550019,3.537275531502735e+38
1901.1587562619416,3.541918111006311e+38
1900.4542085558446,3.5481991479359115e+38
1899.7501828509548,3.554209743759616e+38
1899.046678567359,3.562504533443065e+38
1898.3436951260026,3.5692017542745385e+38
1897.6412319486876,3.5802445993188736e+38
1896.939288458073,3.5906567813005276e+38
1896.2378640776699,3.6016958259760944e+38
1895.536958231843,3.6125716321217234e+38
1894.8365703458076,3.6248950313641254e+38
1894.1366998456278,3.636726774603073e+38
1893.4373461582154,3.64650228511701e+38
1892.738508711329,3.654618029677667e+38
1892.0401869335703,3.6620298460350865e+38
1891.3423802543855,3.6696244833584896e+38
1890.6450881040612,3.6779598542801476e+38
1889.9483099137237,3.681971716870584e+38
1889.252045115339,3.6829072790062184e+38
1888.5562931417078,3.686954210729186e+38
1887.8610534264678,3.691180844788594e+38
1887.1663254040893,3.693263903902395e+38
1886.4721085098756,3.6975452782710276e+38
1885.7784021799598,3.700954895105627e+38
1885.0852058513044,3.7048115944473085e+38
1884.3925189616998,3.704250870064967e+38
1883.7003409497615,3.7002721461440246e+38
1883.0086712549312,3.6953663750149e+38
1882.3175093174718,3.69294334237949e+38
1881.6268545784685,3.68854760734036e+38
1880.9367064798269,3.684590256512891e+38
1880.2470644642706,3.680440214496008e+38
1879.5579279753401,3.676700389725496e+38
1878.8692964573918,3.672932563686233e+38
1878.181169355596,3.6706484430884075e+38
1877.4935461159353,3.666355917146315e+38
1876.806426185203,3.662582870453362e+38
1876.1198090110033,3.659876812896684e+38
1875.4336940417472,3.654891232227907e+38
1874.7480807266522,3.653785276804416e+38
1874.062968515742,3.650639059559914e+38
1873.378356859843,3.65135528324777e+38
1872.6942452105843,3.6478269230073e+38
1872.0106330203955,3.644778531233467e+38
1871.3275197425053,3.6451352678871766e+38
1870.6449048309405,3.6439223748694455e+38
1869.962787740524,3.640381999265282e+38
1869.2811679268736,3.640672274612694e+38
1868.6000448464008,3.6382543949362774e+38
1867.9194179563092,3.636455488557913e+38
1867.2392867145923,3.634808535708753e+38
1866.5596505800333,3.629112501681733e+38
1865.8805090122028,3.6227803997891405e+38
1865.2018614714577,3.616200591549534e+38
1864.5237074189397,3.610918916690914e+38
1863.8460463165743,3.604786097599681e+38
1863.168877627068,3.600308647931971e+38
1862.492200813909,3.598250600340998e+38
1861.816015341364,3.59604848022229e+38
1861.1403206744772,3.5923848609155315e+38
1860.4651162790697,3.59071752251298e+38
1859.7904016217374,3.587600295339353e+38
1859.1161761698486,3.586762650355257e+38
1858.4424393915458,3.583651384919001e+38
1857.7691907557405,3.576367136267849e+38
1857.0964297321136,3.561009087895575e+38
1856.424155791115,3.5387132660654186e+38
1855.7523684039602,3.514260131057902e+38
1855.0810670426297,3.4923575872838975e+38
1854.4102511798685,3.472936045665576e+38
1853.7399202891834,3.4444363353145126e+38
1853.0700738448425,3.414459851104584e+38
1852.4007113218731,3.3853818119244168e+38
1851.7318321960613,3.3557344305033973e+38
1851.0634359439498,3.3262704140425857e+38
1850.3955220428365,3.299286856095974e+38
1849.7280899707744,3.2733126903657155e+38
1849.061139206568,3.246498320612063e+38
1848.3946692297739,3.2213931279157732e+38
1847.7286795206992,3.1962540336649283e+38
1847.0631695603988,3.1734189138230963e+38
1846.398138830676,3.1494479423598207e+38
1845.7335868140792,3.1277179727114948e+38
1845.069512993902,3.105637797138511e+38
1844.4059168541812,3.0852717753170305e+38
1843.742797879696,3.054054507206572e+38
1843.080155555965,3.021950446510958e+38
1842.417989369248,2.990391229877979e+38
1841.756298806542,2.9598631651008946e+38
1841.0950833555798,2.9297285728827427e+38
1840.434342504831,2.8993047884590706e+38
1839.7740757434988,2.870135372532714e+38
1839.1142825615184,2.840223167972284e+38
1838.4549624495573,2.8111564838254274e+38
1837.796114899013,2.783339446104287e+38
1837.1377394020117,2.7554548787173962e+38
1836.4798354514069,2.726631474156334e+38
1835.8224025407783,2.700575039147828e+38
1835.1654401644307,2.673498807269797e+38
1834.508947817393,2.6460813166981815e+38
1833.8529249954154,2.619075956858606e+38
1833.1973711949697,2.591778766498858e+38
1832.5422859132475,2.5654835032241303e+38
1831.8876686481585,2.540348154517854e+38
1831.2335188983297,2.514981503660268e+38
1830.5798361631048,2.4886604992902237e+38
1829.9266199425404,2.464676506297668e+38
1829.2738697374077,2.4397404655669785e+38
1828.62158504919,2.416546004218673e+38
1827.9697653800806,2.3936983392399832e+38
1827.318410232983,2.3706210455417233e+38
1826.6675191115087,2.3481703750277166e+38
1826.0170915199765,2.3259167651703906e+38
1825.3671269634103,2.3030435113014526e+38
1824.7176249475392,2.2814277655265497e+38
1824.0685849787951,2.259579359403427e+38
1823.4200065643117,2.241198444164889e+38
1822.7718892119244,2.2211714810014858e+38
1822.124232430167,2.200200772627475e+38
1821.477035728272,2.1806677591270796e+38
1820.8302986161689,2.1617906643570606e+38
1820.184020604483,2.1427251816086478e+38
1819.5382012045343,2.123869382224132e+38
1818.8928399283357,2.107111069590889e+38
1818.2479362885922,2.08964396947708e+38
1817.6034897987004,2.0729073448204462e+38
1816.9594999727456,2.057466866288488e+38
1816.315966325502,2.042132957967998e+38
1815.6728883724309,2.0269461501081794e+38
1815.0302656296794,2.0132229129855215e+38
1814.3880976140795,1.9998351505705075e+38
1813.7463838431472,1.985859362302923e+38
1813.10512383508,1.9735583217695287e+38
1812.4643171087569,1.960577096619228e+38
1811.823963183737,1.948297956779731e+38
1811.184061580258,1.937213380521642e+38
1810.5446118192351,1.926367174093732e+38
1809.90561342226,1.9155676514903555e+38
1809.267065911599,1.9059150666895806e+38
1808.6289688101933,1.8962970012336423e+38
1807.991321641656,1.8883849122522734e+38
1807.3541239302722,1.88074944449843e+38
1806.7173752009974,1.873537657210151e+38
1806.081074979456,1.8679032000573273e+38
1805.4452227919403,1.860945269392973e+38
1804.8098181654107,1.856125130513813e+38
1804.1748606274919,1.8526813789531905e+38
1803.5403497064738,1.8497166552568157e+38
1802.906284931309,1.8478552000380038e+38
1802.2726658316135,1.846271263690411e+38
1801.6394919376633,1.84525481437206e+38
1801.0067627803942,1.845649854110025e+38
1800.3744778914013,1.8456625474646968e+38
1799.742636802937,1.8470340684817785e+38
1799.1112390479102,1.848807702203453e+38
1798.4802841598848,1.8518761225607745e+38
1797.8497716730787,1.8571658096201497e+38
1797.2197011223636,1.8616599747164603e+38
1796.590072043262,1.8659229354257696e+38
1795.960883971947,1.8710954054254862e+38
1795.3321364452422,1.87750402486828e+38
1794.703829000619,1.8854235773768272e+38
1794.075961176196,1.89329681409152e+38
1793.448532510738,1.9001823053749733e+38
1792.821542543655,1.9100576622552483e+38
1792.1949908150007,1.9180542351762446e+38
1791.5688768654709,1.9284155593622283e+38
1790.9432002364044,1.939024503999209e+38
1790.3179604697793,1.9516269926453166e+38
1789.6931571082139,1.9642431439967326e+38
1789.0687896949637,1.979289496612154e+38
1788.4448577739226,1.993525903877387e+38
1787.8213608896199,2.0092744164856466e+38
1787.1982985872196,2.024741181248578e+38
1786.5756704125204,2.037656624186232e+38
1785.9534759119524,2.0528669064975188e+38
1785.3317146325787,2.0662580793577876e+38
1784.710386122092,2.0786633290466323e+38
1784.0894899288146,2.090736656686692e+38
1783.469025601698,2.100983058426734e+38
1782.8489926903192,2.1163959882468586e+38
1782.2293907448827,2.130508682231245e+38
1781.610219316218,2.1460228492666186e+38
1780.991477955778,2.16437261393544e+38
1780.3731662156385,2.1790075145754426e+38
1779.755283648498,2.194573433233513e+38
1779.1378298076752,2.2102528501048797e+38
1778.5208042471074,2.2238763314446935e+38
1777.9042065213525,2.240320386362773e+38
1777.2880361855844,2.254419153533476e+38
1776.6722927955939,2.269416708235173e+38
1776.056975907787,2.287127453476897e+38
1775.4420850791846,2.3038700545763916e+38
1774.8276198674203,2.3232928941478824e+38
1774.21357983074,2.341482393452722e+38
1773.5999645280008,2.3577600459150506e+38
1772.9867735186695,2.3777957626940877e+38
1772.3740063628227,2.3977887823535655e+38
1771.761662621144,2.4188934193754634e+38
1771.149741854925,2.4376280092065615e+38
1770.5382436260625,2.457019483370821e+38
1769.9271674970573,2.4791958336454814e+38
1769.3165130310158,2.5003501982722796e+38
1768.7062797916462,2.5248440608649605e+38
1768.0964673432584,2.546663118015189e+38
1767.487075250762,2.567970773888919e+38
1766.8781030796686,2.5884816838506046e+38
1766.2695503960858,2.6126266899014747e+38
1765.6614167667205,2.634809199525258e+38
1765.053701758876,2.6573412950131774e+38
1764.4464049404498,2.679787669595337e+38
1763.8395258799355,2.7025992756874507e+38
1763.2330641464187,2.7257753407368058e+38
1762.6270193095788,2.7487575359834523e+38
1762.021390939686,2.7720718816155617e+38
1761.4161786076004,2.795296452962143e+38
1760.8113818847723,2.820137839993969e+38
1760.2070003432402,2.8431542924253273e+38
1759.6030335556297,2.8702146994596677e+38
1758.999481095153,2.8937532844893265e+38
1758.3963425356076,2.9220365998629278e+38
1757.7936174513748,2.950734658436612e+38
1757.1913054174208,2.973175812150992e+38
1756.5894060092924,2.9989140122051298e+38
1755.9879188031184,3.0261601878569413e+38
1755.3868433756088,3.055243507982787e+38
1754.7861793040518,3.0808949016230937e+38
1754.1859261663142,3.1021745781840743e+38
1753.586083540841,3.121448376228957e+38
1752.9866510066524,3.139069092836596e+38
1752.3876281433452,3.155398787063857e+38
1751.7890145310898,3.171452652302351e+38
1751.1908097506303,3.1859523522113053e+38
1750.5930133832833,3.2043354393331684e+38
1749.9956250109374,3.222300563159925e+38
1749.3986442160508,3.2377685022203172e+38
1748.8020705816516,3.247884180962818e+38
1748.2059036913367,3.2563947098048025e+38
1747.6101431292707,3.270674234466803e+38
1747.0147884801845,3.2825446208427382e+38
1746.4198393293746,3.298586273551302e+38
1745.825295262703,3.311503660654872e+38
1745.2311558665942,3.3218944040486055e+38
1744.6374207280371,3.3313398506171834e+38
1744.0440894345809,3.3390225638349505e+38
1743.4511615743363,3.3496549328753334e+38
1742.8586367359742,3.356650697800292e+38
1742.2665145087242,3.365371057597268e+38
1741.674794482374,3.377249408131369e+38
1741.0834762472687,3.3811212202709755e+38
1740.4925593943085,3.384465107086293e+38
1739.90204351495,3.3880551621275588e+38
1739.3119282012035,3.390683473319915e+38
1738.7222130456328,3.3941539815427764e+38
1738.1328976413536,3.396929916738659e+38
1737.5439815820337,3.4034255259382294e+38
1736.955464461891,3.3734541198726953e+38
1736.3673458756932,3.3355872741625846e+38
1735.7796254187567,3.2966811675443535e+38
1735.1923026869451,3.2581169220195256e+38
1734.6053772766695,3.216293667656562e+38
1734.0188487848864,3.176155235710048e+38
1733.4327168090967,3.1371461874456636e+38
1732.8469809473474,3.096402758783195e+38
1732.2616407982262,3.0547046315758113e+38
1731.676695960864,3.016852832697455e+38
1731.0921460349334,2.9750272871934683e+38
1730.5079906206465,2.9350502379885643e+38
1729.9242293187558,2.8935724387591326e+38
1729.3408617305513,2.8517217526211444e+38
1728.7578874578617,2.8100369105061724e+38
1728.1753061030508,2.7706250934669466e+38
1727.5931172690207,2.7321358711873698e+38
1727.011320559206,2.6919230215385486e+38
1726.429915577577,2.6540783379249215e+38
1725.848901928636,2.6146869251133895e+38
1725.2682792174182,2.57499961759793e+38
1724.6880470494898,2.535234325665954e+38
1724.1082050309476,2.497766050093736e+38
1723.528752768418,2.462193828912408e+38
1722.9496898690556,2.425290727921762e+38
1722.3710159405439,2.3887071764317674e+38
1721.7927305910914,2.3503679456169935e+38
1721.2148334294345,2.3132575847325996e+38
1720.6373240648336,2.275900300170406e+38
1720.0602021070736,2.2423884688094e+38
1719.483467166463,2.2090140790253076e+38
1718.9071188538326,2.176146331362465e+38
1718.3311567805347,2.142455171047852e+38
1717.755580558442,2.108459130869292e+38
1717.1803897999484,2.075113424837486e+38
1716.605584117965,2.0414572691901152e+38
1716.0311631259224,2.0147253394402914e+38
1715.4571264377676,1.9887368043539264e+38
1714.8834736679642,1.961830697879184e+38
1714.3102044314917,1.9352759377662566e+38
1713.7373183438442,1.907032492704576e+38
1713.164815021029,1.8798965049404507e+38
1712.5926940795669,1.8543553964152694e+38
1712.0209551364908,1.832219125287267e+38
1711.4495978093444,1.808327892219423e+38
1710.8786217161821,1.7847357733421187e+38
1710.3080264755683,1.7626086569744028e+38
1709.7378117065748,1.738378016859987e+38
1709.1679770287824,1.7147755647656546e+38
1708.598522062278,1.6934138892270824e+38
1708.0294464276562,1.6744486372112327e+38
1707.4607497460152,1.6558857620001685e+38
1706.892431638958,1.6382662792762581e+38
1706.324491728592,1.6194190211944247e+38
1705.7569296375266,1.5995250027661161e+38
1705.1897449888734,1.5819923101336565e+38
1704.6229374062457,1.5649816541834636e+38
1704.0565065137557,1.5497902182849385e+38
1703.4904519360168,1.5355256594164714e+38
1702.9247732981394,1.5199824966142031e+38
1702.3594702257328,1.5063712495942792e+38
1701.7945423449025,1.490680297474596e+38
1701.229989282251,1.4774178832533275e+38
1700.6658106648752,1.4650035076090766e+38
1700.1020061203672,1.4532137716097091e+38
1699.5385752768123,1.4443278639714993e+38
1698.975517762789,1.4332402992394922e+38
1698.4128332073676,1.4220104827802042e+38
1697.85052124011,1.4115586349176452e+38
1697.2885814910678,1.4014247405781408e+38
1696.7270135907831,1.391645507624303e+38
1696.1658171702866,1.3849126931432494e+38
1695.6049918610959,1.3774276467189762e+38
1695.0445372952174,1.3704027058675382e+38
1694.4844531051428,1.362510084563348e+38
1693.9247389238494,1.354658794776062e+38
1693.3653943848,1.3484226720581144e+38
1692.8064191219412,1.3426774851619582e+38
1692.247812769702,1.3383665447308912e+38
1691.6895749629941,1.3351210246858607e+38
1691.1317053372118,1.3326193852987392e+38
1690.5742035282283,1.3284089533477843e+38
1690.0170691723986,1.324948023162764e+38
1689.4603019065557,1.3221855408752866e+38
1688.903901368012,1.3198054182474278e+38
1688.3478671945568,1.319828752347337e+38
1687.792199024456,1.320336395511917e+38
1687.2368964964526,1.3204239742085496e+38
1686.6819592497638,1.3210864205931821e+38
1686.127386924082,1.3201948243832801e+38
1685.573179159573,1.3220204043329555e+38
1685.0193355968759,1.3233067942919651e+38
1684.4658558771014,1.3255984971559276e+38
1683.9127396418316,1.3265815711716216e+38
1683.35998653312,1.3291217404441944e+38
1682.8075961934892,1.3315262568439768e+38
1682.2555682659308,1.3334473070874722e+38
1681.7039023939055,1.3367453547880416e+38
1681.1525982213404,1.339479019130269e+38
1680.6016553926304,1.3458615079176635e+38
1680.0510735526361,1.3516912207261537e+38
1679.5008523466827,1.3573214383659851e+38
1678.9509914205605,1.3639415909914506e+38
1678.4014904205233,1.3690658619866069e+38
1677.8523489932886,1.3759388204069606e+38
1677.3035667860345,1.3827074623088582e+38
1676.7551434464024,1.3891442823702118e+38
1676.2070786224929,1.397033767481264e+38
1675.6593719628675,1.4041448689476004e+38
1675.112023116546,1.4113792722000848e+38
1674.5650317330073,1.4209915765124633e+38
1674.018397462188,1.4284909540593681e+38
1673.4721199544815,1.4369879469459621e+38
1672.926198860737,1.4453940368952527e+38
1672.3806338322602,1.4551416976737351e+38
1671.8354245208102,1.4647436922607039e+38
1671.2905705786009,1.474239781241905e+38
1670.746071658299,1.4834861317831099e+38
1670.2019274130241,1.4931032295850176e+38
1669.6581374963478,1.5036439014221024e+38
1669.1147015622912,1.5149091402536303e+38
1668.5716192653279,1.5274042265439365e+38
1668.0288902603793,1.5401924702259621e+38
1667.4865142028164,1.5528215048420116e+38
1666.944490748458,1.5655794526474968e+38
1666.4028195535705,1.579484552250295e+38
1665.861500274867,1.5927845320766686e+38
1665.3205325695062,1.6057313505915704e+38
1664.7799160950922,1.614743084088266e+38
1664.2396505096733,1.624649417974081e+38
1663.699735471742,1.6351742911054587e+38
1663.1601706402334,1.646767788876546e+38
1662.6209556745252,1.6578512439518397e+38
1662.0820902344367,1.668073227514643e+38
1661.5435739802276,1.6808639340224414e+38
1661.0054065725983,1.6921217023009445e+38
1660.4675876726885,1.7051463768577507e+38
1659.9301169420767,1.717251436728097e+38
1659.392994042779,1.7307483983194408e+38
1658.8562186372496,1.7437348456702356e+38
1658.3197903883784,1.75687817145458e+38
1657.783708959492,1.769654370202525e+38
1657.2479740143515,1.784388651818602e+38
1656.7125852171534,1.7952837610093923e+38
1656.1775422325275,1.8045871400478228e+38
1655.6428447255357,1.816045243352569e+38
1655.1084923616743,1.8268197297333993e+38
1654.5744848068696,1.83470097983687e+38
1654.0408217274803,1.8376396262600054e+38
1653.5075027902938,1.8408749866309535e+38
1652.9745276625285,1.8374960933843635e+38
1652.4418960118312,1.83290902070403e+38
1651.9096075062773,1.828331071766298e+38
1651.3776618143686,1.824373845847676e+38
1650.8460586050348,1.8211819779887386e+38
1650.3147975476322,1.818494530336441e+38
1649.783878311941,1.8152604838691963e+38
1649.2533005681678,1.812410310731968e+38
1648.7230639869422,1.809783829145489e+38
1648.1931682393176,1.8068211336881914e+38
1647.6636129967703,1.8058623325544928e+38
1647.1343979311991,1.805072683117091e+38
1646.605522714923,1.8061885614825548e+38
1646.076987020683,1.8056762054482884e+38
1645.5487905216387,1.8060565788155553e+38
1645.0209328913709,1.8061129700649035e+38
1644.4934138038775,1.8063006417864637e+38
1643.9662329335754,1.807955855872194e+38
1643.4393899552983,1.807544469539615e+38
1642.912884544297,1.8082619179467636e+38
1642.386716376238,1.81070732093619e+38
1641.8608851272031,1.8120700144023082e+38
1641.3353904736894,1.8135382876839894e+38
1640.8102320926073,1.8157199918178197e+38
1640.285409661281,1.816943872659799e+38
1639.7609228574474,1.818905145086681e+38
1639.236771359255,1.8193971395042666e+38
1638.7129548452644,1.8188620840275292e+38
1638.1894729944465,1.8186490607050227e+38
1637.6663254861821,1.8170527385215005e+38
1637.1435120002618,1.8157181329511835e+38
1636.621032216885,1.814833655537395e+38
1636.0988858166586,1.814106469171837e+38
1635.577072480598,1.8125920920452386e+38
1635.0555918901243,1.8126711576480257e+38
1634.5344437270653,1.812882256982268e+38
1634.0136276736548,1.81311504710376e+38
1633.4931434125303,1.813451965703262e+38
1632.972990626735,1.81346450690608e+38
1632.4531689997143,1.814236328465502e+38
1631.9336782153173,1.815988098460303e+38
1631.4145179577952,1.8163609750384504e+38
1630.895687911801,1.8178580579231685e+38
1630.3771877623888,1.8202187564715963e+38
1629.8590171950127,1.820940041892695e+38
1629.3411758955265,1.822398222904602e+38
1628.823663550184,1.82450927649561e+38
1628.3064798456364,1.825738755252188e+38
1627.7896244689337,1.82639379444694e+38
1627.273097107522,1.8292155237780186e+38
1626.7568974492451,1.831638692033966e+38
1626.2410251823421,1.833459103896715e+38
1625.7254799954478,1.8357159966071527e+38
1625.2102615775916,1.837722131345468e+38
1624.6953696181965,1.8380881745714137e+38
1624.1808038070797,1.8404078500710957e+38
1623.666563834451,1.8421325072277176e+38
1623.1526493909118,1.844575162773331e+38
1622.6390601674564,1.8475741437910393e+38
1622.1257958554684,1.851014886164373e+38
1621.6128561467235,1.853749860289354e+38
1621.1002407333856,1.857501428430816e+38
1620.5879493080088,1.862283265571569e+38
1620.0759815635352,1.866997029433334e+38
1619.564337193295,1.870416549435978e+38
1619.0530158910053,1.8776467927467378e+38
1618.5420173507703,1.8829444340244087e+38
1618.0313412670803,1.8899841959108236e+38
1617.5209873348103,1.8970672786415412e+38
1617.0109552492218,1.904535089219321e+38
1616.5012447059582,1.909916262588043e+38
1615.9918554010487,1.9180469659803504e+38
1615.482787030904,1.9266764720748574e+38
1614.9740392923184,1.9349571044132313e+38
1614.4656118824669,1.943350750729713e+38
1613.9575044989065,1.9529018632894756e+38
1613.4497168395746,1.963225756707458e+38
1612.9422486027888,1.971164187882829e+38
1612.4350994872455,1.9811125658648347e+38
1611.928269192021,1.9909002954614496e+38
1611.4217574165687,2.0013813883747897e+38
1610.91556386072,2.0131352961703055e+38
1610.409688224684,2.024374036882454e+38
1609.904130209046,2.0373891087895992e+38
1609.398889514766,2.050354547189351e+38
1608.893965843181,2.0636913524721208e+38
1608.3893588960013,2.0782509046941776e+38
1607.8850683753126,2.0912886277564382e+38
1607.3810939835726,2.1046978758409072e+38
1606.877435423613,2.1197896714390043e+38
1606.3740923986377,2.132830876375523e+38
1605.8710646122222,2.1490683005368083e+38
1605.3683517683132,2.162124397726902e+38
1604.865953571228,2.1769491827147498e+38
1604.3638697256536,2.191660368380177e+38
1603.8620999366474,2.205242653705952e+38
1603.3606439096343,2.21957318848485e+38
1602.8595013504091,2.2361234836923487e+38
1602.3586719651325,2.2494151185619555e+38
1601.858155460334,2.260045612272204e+38
1601.3579515429083,2.2708291767446096e+38
1600.858059920117,2.2816362528151623e+38
1600.358480299587,2.293542515953642e+38
1599.8592123893097,2.304372841047959e+38
1599.360255897641,2.317310288607853e+38
1598.8616105333,2.330904242851982e+38
1598.3632760053704,2.3446088241992033e+38
1597.8652520232968,2.3579039648812507e+38
1597.3675382968868,2.3712566172761786e+38
1596.8701345363088,2.385403460468549e+38
1596.3730404520927,2.3986314458676572e+38
1595.8762557551286,2.3997394778601193e+38
1595.3797801566661,2.3999081319913858e+38
1594.8836133683142,2.3984414442299455e+38
1594.3877551020407,2.3975231564512614e+38
1593.892205070171,2.395964699295808e+38
1593.3969629853887,2.3942588686839103e+38
1592.9020285607335,2.3936002938827093e+38
1592.407401509602,2.3934189118315678e+38
1591.9130815457474,2.393379306278542e+38
1591.4190683832774,2.39306188458977e+38
1590.9253617366542,2.3925884334022804e+38
1590.4319613206944,2.3912717061611225e+38
1589.9388668505696,2.3902490907985687e+38
1589.4460780418021,2.3898034429676002e+38
1588.9535946102692,2.388805374330723e+38
1588.4614162721987,2.3886351280134516e+38
1587.96954274417,2.3876316050798323e+38
1587.4779737431143,2.38766245097756e+38
1586.9867089863121,2.3869927044147616e+38
1586.4957481913948,2.3852892602417244e+38
1586.005091076342,2.3840315240987496e+38
1585.5147373594834,2.382933347063285e+38
1585.0246867594963,2.3826606445738992e+38
1584.5349389954047,2.3824391360757554e+38
1584.0454937865813,2.382695490282593e+38
1583.556350852745,2.3840336805997337e+38
1583.06750991396,2.3845985624682073e+38
1582.5789706906373,2.3865610415408294e+38
1582.090732903532,2.386920471555631e+38
1581.6027962737437,2.387814748720495e+38
1581.1151605227167,2.388029087040098e+38
1580.6278253722378,2.389386230691955e+38
1580.1407905444376,2.39087980530569e+38
1579.6540557617882,2.393199655219907e+38
1579.167620747104,2.3939641824033226e+38
1578.6814852235414,2.3951057437779493e+38
1578.1956489145957,2.3973114783279048e+38
1577.7101115441048,2.3990966453936045e+38
1577.2248728362447,2.4024235777817335e+38
1576.7399325155307,2.4045695750169597e+38
1576.255290306818,2.4078461590162942e+38
1575.7709459352989,2.410484646870071e+38
1575.2868991265032,2.4145796572235084e+38
1574.803149606299,2.417573928538577e+38
1574.3196971008902,2.4216024040547144e+38
1573.8365413368167,2.4268900057992068e+38
1573.3536820409543,2.432486749905015e+38
1572.871118940514,2.440039976543457e+38
1572.3888517630407,2.447866078768785e+38
1571.9068802364147,2.4567449895924617e+38
1571.4252040888482,2.464350386130486e+38
1570.9438230488877,2.473499737573901e+38
1570.4627368454114,2.483601517677471e+38
1569.9819452076301,2.493308820834105e+38
1569.5014478650855,2.5037942053949447e+38
1569.0212445476511,2.515196681919297e+38
1568.54133498553,2.526971575041315e+38
1568.0617189092563,2.538667422604781e+38
1567.582396049692,2.5512714618456417e+38
1567.1033661380304,2.5642128351443476e+38
1566.624628905791,2.5663404169941024e+38
1566.1461840848224,2.5692763596892632e+38
1565.6680314073005,2.572926209979021e+38
1565.1901706057283,2.5772941968952592e+38
1564.7126014129356,2.581360492757091e+38
1564.2353235620765,2.5854972100899543e+38
1563.7583367866328,2.5907468096242675e+38
1563.2816408204103,2.5963984926469826e+38
1562.8052353975386,2.602396692365007e+38
1562.3291202524724,2.6079413753052716e+38
1561.8532951199893,2.6138929633037765e+38
1561.3777597351902,2.61980148507086e+38
1560.9025138334985,2.6231714549318672e+38
1560.4275571506594,2.626738305767003e+38
1559.9528894227394,2.629326148979949e+38
1559.4785103861268,2.6299918390791767e+38
1559.0044197775298,2.6304860282098845e+38
1558.5306173339775,2.632226809387009e+38
1558.0571027928174,2.634279869075225e+38
1557.5838758917166,2.6360679939786504e+38
1557.1109363686614,2.6369948045923156e+38
1556.6382839619557,2.6393620492454725e+38
1556.165918410221,2.642434920484651e+38
1555.6938394523959,2.6455588892018987e+38
1555.2220468277358,2.6497531985763517e+38
1554.7505402758127,2.6535457922080068e+38
1554.2793195365139,2.6578437483173216e+38
1553.808384350042,2.6621136028455725e+38
1553.3377344569142,2.6668350797740498e+38
1552.8673695979624,2.6715781524581647e+38
1552.3972895143324,2.676351547331362e+38
1551.9274939474826,2.681996592282004e+38
1551.457982639185,2.6877689824219475e+38
1550.9887553315236,2.692606484929219e+38
1550.5198117668947,2.697849441992699e+38
1550.0511516880056,2.7023505977187755e+38
1549.5827748378747,2.7072632301431e+38
1549.1146809598313,2.7127584154015593e+38
1548.6468697975145,2.7185668530218617e+38
1548.1793410948724,2.7241210796766112e+38
1547.7120945961633,2.7292412591816307e+38
1547.2451300459531,2.7341809430435302e+38
1546.7784471891168,2.738135878888991e+38
1546.3120457708364,2.7421319867444078e+38
1545.8459255366017,2.746304046511401e+38
1545.380086232209,2.7504174941050063e+38
1544.9145276037602,2.7541295371804545e+38
1544.4492493976647,2.758714550821033e+38
1543.9842513606359,2.762272405180549e+38
1543.5195332396931,2.7652620325870623e+38
1543.055094782159,2.7683376251652514e+38
1542.5909357356616,2.7710837829853463e+38
1542.127055848131,2.774050372107418e+38
1541.6634548678023,2.777761695357128e+38
1541.2001325432113,2.7820096586406707e+38
1540.7370886231975,2.7861046936011326e+38
1540.2743228569009,2.7894342952976446e+38
1539.8118349937638,2.7928249181723094e+38
1539.3496247835292,2.7972946180850324e+38
1538.8876919762397,2.8017234128079274e+38
1538.4260363222388,2.805682730406252e+38
1537.964657572169,2.809775575195834e+38
1537.5035554769722,2.814146074106294e+38
1537.0427297878882,2.8186179282320234e+38
1536.5821802564558,2.8225410784786127e+38
1536.1219066345107,2.826566431700238e+38
1535.6619086741864,2.830864970845497e+38
1535.2021861279131,2.8344254923685498e+38
1534.7427387484174,2.83894539026907e+38
1534.2835662887214,2.842754376112949e+38
1533.8246685021436,2.847548697360997e+38
1533.3660451422963,2.850885879603719e+38
1532.9076959630877,2.854371410663325e+38
1532.449620718719,2.858502616913272e+38
1531.991819163686,2.862194960663284e+38
1531.5342910527768,2.8657428339070406e+38
1531.0770361410737,2.8665026468170726e+38
1530.62005418395,2.867000653621113e+38
1530.1633449370722,2.8670917268568913e+38
1529.7069081563973,2.867186543404548e+38
1529.2507435981743,2.8669393734857774e+38
1528.794851018942,2.8665679101103396e+38
1528.33923017553,2.8657619861034748e+38
1527.8838808250573,2.8649546123179926e+38
1527.428802724933,2.8650570837823253e+38
1526.9739956328547,2.8662278774737667e+38
1526.5194593068074,2.8651063183729283e+38
1526.0651935050666,2.864707503349225e+38
1525.6111979861935,2.8649504823761875e+38
1525.1574725090368,2.864663447215873e+38
1524.7040168327323,2.863181742242471e+38
1524.250830716703,2.863069892985232e+38
1523.797913920656,2.8615076682855546e+38
1523.3452662045854,2.8605264680156923e+38
1522.8928873287698,2.8598219103261422e+38
1522.4407770537728,2.8594092389156667e+38
1521.9889351404415,2.8569670885055316e+38
1521.5373613499082,2.8552786179795373e+38
1521.086055443587,2.854050185792474e+38
1520.6350171831757,2.8492933142563002e+38
1520.1842463306555,2.8456325314827396e+38
1519.7337426482882,2.8413111727342936e+38
1519.2835058986184,2.8340707307187082e+38
1518.8335358444717,2.8260381613794853e+38
1518.3838322489541,2.807023070372933e+38
1517.9343948754536,2.787574987743803e+38
1517.4852234876364,2.7670381513562018e+38
1517.0363178494492,2.7460003567161425e+38
1516.5876777251185,2.724587465187265e+38
1516.1393028791488,2.702580217437379e+38
1515.6911930763226,2.6829794285809875e+38
1515.243348081702,2.6634306524456008e+38
1514.7957676606252,2.643874106290685e+38
1514.3484515787084,2.6235585191255987e+38
1513.901399601844,2.604565026302163e+38
1513.4546114962013,2.584904885749285e+38
1513.0080870282252,2.5665855302186527e+38
1512.5618259646365,2.5465280823866963e+38
1512.1158280724305,2.5270260422385306e+38
1511.6700931188777,2.507248833215929e+38
1511.2246208715233,2.485823112447596e+38
1510.7794110981856,2.4647026076163884e+38
1510.3344635669569,2.444191754303369e+38
1509.8897780462028,2.424267682166367e+38
1509.4453543045609,2.403851242294939e+38
1509.0011921109417,2.383513468326213e+38
1508.557291234528,2.3638801184406683e+38
1508.113651444773,2.3431488547431836e+38
1507.670272511402,2.3230891310035326e+38
1507.2271542044102,2.303877188990049e+38
1506.784296294064,2.285292623373563e+38
1506.3416985508995,2.2666990560346275e+38
1505.8993607457214,2.2470975268087103e+38
1505.457282649605,2.227857686871399e+38
1505.015464033893,2.2073765002631947e+38
1504.5739046701976,2.187157571635488e+38
1504.132604330398,2.16820098330221e+38
1503.6915627866413,2.148221818543425e+38
1503.250779811342,2.1303988293033485e+38
1502.8102551771813,2.1125315628084835e+38
1502.3699886571067,2.0930658055003366e+38
1501.9299800243314,2.0724524251061114e+38
1501.4902290523346,2.0524104913053452e+38
1501.0507355148607,2.0333923429938108e+38
1500.6114991859185,2.013394362248288e+38
1500.1725198397817,1.9937561064211824e+38
1499.7337972509881,1.9747673805600907e+38
1499.2953311943388,1.9554034175551577e+38
1498.8571214448982,1.9364025557497217e+38
1498.4191677779943,1.9156708624648974e+38
1497.9814699692165,1.895706294022142e+38
1497.5440277944174,1.8758272609490657e+38
1497.1068410297103,1.855126788271515e+38
1496.6699094514704,1.8354914877595116e+38
1496.2332328363345,1.8168941367730266e+38
1495.7968109611993,1.7985443622758146e+38
1495.3606436032212,1.7803866567175296e+38
1494.9247305398176,1.7623846191654314e+38
1494.4890715486642,1.74413200692816e+38
1494.0536664076974,1.7267713512407125e+38
1493.6185148951108,1.709802289897323e+38
1493.1836167893566,1.6935380347197307e+38
1492.7489718691456,1.675755514149814e+38
1492.3145799134459,1.6600225741387052e+38
1491.8804407014823,1.6440794824543037e+38
1491.446554012737,1.6284479955048859e+38
1491.0129196269488,1.6129080630753391e+38
1490.5795373241117,1.5982709518298546e+38
1490.1464068844766,1.5834668355622084e+38
1489.7135280885486,1.5686197476848204e+38
1489.2809007170888,1.5540268836208183e+38
1488.8485245511122,1.539817159850492e+38
1488.4163993718885,1.526244770440555e+38
1487.9845249609405,1.5118989445951738e+38
1487.5529011000453,1.4985379889845891e+38
1487.1215275712332,1.4852494012522154e+38
1486.6904041567864,1.4718545642515475e+38
1486.2595306392402,1.4594049103406802e+38
1485.828906801382,1.4461640648059578e+38
1485.39853242625,1.433416033824726e+38
1484.968407297135,1.4216713737248976e+38
1484.5385311975774,1.4095721176363279e+38
1484.108903911369,1.3987830306614848e+38
1483.6795252225518,1.387833176635325e+38
1483.2503949154177,1.3763047808547476e+38
1482.8215127745075,1.3655483095089916e+38
1482.3928785846113,1.3539675477061665e+38
1481.9644921307686,1.343536019919509e+38
1481.5363531982666,1.3330726553516888e+38
1481.108461572641,1.3233372220787678e+38
1480.680817039675,1.3131191144094886e+38
1480.253419385399,1.3031998800603156e+38
1479.8262683960904,1.2939333338474183e+38
1479.3993638582735,1.284601029284499e+38
1478.972705558719,1.2762377769061557e+38
1478.5462932844428,1.267754249256484e+38
1478.120126822707,1.2583210565268718e+38
1477.6942059610187,1.2492369587557576e+38
1477.2685304871295,1.2401773993416776e+38
1476.843100189036,1.2308681224628246e+38
1476.417914854979,1.2229275352374918e+38
1475.9929742734425,1.2131200065179743e+38
1475.5682782331546,1.205151459833021e+38
1475.143826523086,1.1972863372483165e+38
1474.7196189324504,1.18972980234537e+38
1474.295655250704,1.1817973215230423e+38
1473.8719352675446,1.171224286876647e+38
1473.4484587729123,1.1610284066366024e+38
1473.0252255569876,1.1524989183881726e+38
1472.6022354101933,1.142421903005951e+38
1472.1794881231922,1.1338291289753796e+38
1471.7569834868866,1.1243841824597795e+38
1471.3347212924205,1.1149414373518727e+38
1470.912701331176,1.1056198131775759e+38
1470.4909233947753,1.0956140645719105e+38
1470.0693872750794,1.0866250753004844e+38
1469.6480927641876,1.0771287474565882e+38
1469.227039654438,1.0684303202939184e+38
1468.8062277384058,1.0602003433259562e+38
1468.3856568089045,1.0510428694087183e+38
1467.9653266589842,1.0421476462117692e+38
1467.5452370819332,1.0329235277747538e+38
1467.1253878712746,1.023962910864862e+38
1466.7057788207687,1.014810281661979e+38
1466.2864097244114,1.0059933875701464e+38
1465.8672803764348,9.968472889852887e+37
1465.448390571305,9.88739654387283e+37
1465.0297401037244,9.804812643019364e+37
1464.611328768628,9.718605715959748e+37
1464.1931563611874,9.63993583049151e+37
1463.7752226768057,9.56024108261586e+37
1463.3575275111216,9.479457976050973e+37
1462.9400706600054,9.399776172077946e+37
1462.5228519195612,9.314434856068918e+37
1462.1058710861255,9.232969282085488e+37
1461.6891279562665,9.165848051393626e+37
1461.2726223267846,9.094244089332833e+37
1460.8563539947118,9.019759460996007e+37
1460.4403227573114,8.945176647239851e+37
1460.0245284120774,8.877773773288452e+37
1459.6089707567344,8.803611834769991e+37
1459.193649589237,8.736602585371555e+37
1458.7785647077703,8.666236213113257e+37
1458.3637159107482,8.60832847775369e+37
1457.9491029968146,8.545743341570566e+37
1457.5347257648416,8.484981731805434e+37
1457.12058401393,8.42624080117148e+37
1456.7066775434098,8.36125855988597e+37
1456.293006152838,8.294406841216612e+37
1455.8795696419993,8.233934220052248e+37
1455.466367810906,8.171286788920115e+37
1455.0534004597969,8.113681395264363e+37
1454.6406673891383,8.060257373304064e+37
1454.2281683996218,8.004062216424501e+37
1453.8159032921662,7.958938670735081e+37
1453.4038718679146,7.903288942747299e+37
1452.9920739282368,7.853867767815735e+37
1452.5805092747266,7.797262255956427e+37
1452.1691777092033,7.744323290766007e+37
1451.7580790337097,7.700297396726316e+37
1451.3472130505143,7.656847766782783e+37
1450.9365795621075,7.622952751793801e+37
1450.5261783712042,7.574674491926669e+37
1450.1160092807427,7.536576933707894e+37
1449.706072093883,7.501104523050943e+37
1449.296366614009,7.456658513585097e+37
1448.8868926447258,7.422375370264922e+37
1448.4776499898608,7.385908777992245e+37
1448.0686384534629,7.370762501240267e+37
1447.659857839802,7.338776730464182e+37
1447.2513079533696,7.315615979390446e+37
1446.8429885988774,7.289129789688598e+37
1446.4348995812572,7.260259306540751e+37
1446.0270407056612,7.240907111173079e+37
1445.6194117774614,7.220066185313505e+37
1445.212012602249,7.187591879096847e+37
1444.8048429858336,7.151750463446519e+37
1444.3979027342452,7.10635147361688e+37
1443.991191653731,7.065955608016599e+37
1443.5847095507565,7.026994899762028e+37
1443.1784562320054,6.979115599584711e+37
1442.7724315043788,6.896713829060249e+37
1442.366635174995,6.823995495660329e+37
1441.9610670511897,6.756722970792639e+37
1441.5557269405142,6.696038242401767e+37
1441.150614650737,6.6298347608400205e+37
1440.7457299898429,6.555633254073156e+37
1440.341072766031,6.48711493421378e+37
1439.9366427877173,6.414565050640551e+37
1439.5324398635323,6.339192060315471e+37
1439.1284638023212,6.267938938174996e+37
1438.7247144131443,6.193387724360028e+37
1438.3211915052752,6.140745831665559e+37
1437.917894888202,6.095829996983116e+37
1437.5148243716264,6.043167138622372e+37
1437.1119797654633,5.987781188003865e+37
1436.709360879841,5.935525014951689e+37
1436.3069675250995,5.882077864059073e+37
1435.9047995117924,5.824556118651934e+37
1435.5028566506846,5.764771757220387e+37
1435.1011387527535,5.724749753476442e+37
1434.6996456291874,5.68197991101091e+37
1434.2983770913863,5.633504037095725e+37
1433.8973329509608,5.596943665397626e+37
1433.4965130197322,5.550653270586245e+37
1433.0959171097322,5.50370402147349e+37
1432.6955450332027,5.4608712446593615e+37
1432.2953966025955,5.410258770813952e+37
1431.895471630571,5.376365646042873e+37
1431.49576993,5.341727027511619e+37
1431.096291313961,5.306533164546035e+37
1430.6970355957424,5.267445964468114e+37
1430.2980025888394,5.225513336710968e+37
1429.8991921069564,5.187631730381329e+37
1429.5006039640052,5.138301563885632e+37
1429.1022379741046,5.0948331748880505e+37
1428.7040939515814,5.053357185984264e+37
1428.3061717109679,5.017528876571411e+37
1427.9084710670047,4.975818814058362e+37
1427.5109918346373,4.93984107449746e+37
1427.1137338290175,4.902632370728292e+37
1426.7166968655033,4.861616704513462e+37
1426.319880759658,4.823116731419561e+37
1425.9232853272495,4.785075417091091e+37
1425.5269103842509,4.742366563980543e+37
1425.13075574684,4.719448007848304e+37
1424.7348212313984,4.694031271202744e+37
1424.3391066545125,4.672569771118603e+37
1423.9436118329716,4.6421722045685135e+37
1423.5483365837688,4.616874384417901e+37
1423.1532807241006,4.587784813660374e+37
1422.7584440713656,4.562090720530882e+37
1422.3638264431659,4.528799084699292e+37
1421.9694276573055,4.512275474414399e+37
1421.5752475317902,4.487869810002251e+37
1421.1812858848275,4.476247642570327e+37
1420.787542534827,4.452325811256938e+37
1420.3940173003994,4.437133307577069e+37
1420.0007100003552,4.4214645154789655e+37
1419.6076204537069,4.40031687235083e+37
1419.2147484796662,4.384743937641979e+37
1418.8220938976463,4.365950334814971e+37
1418.4296565272589,4.3632846497695e+37
1418.0374361883153,4.35493812060726e+37
1417.6454327008273,4.351748762932706e+37
1417.253645885004,4.347002924773119e+37
1416.8620755612546,4.339377571613706e+37
1416.4707215501855,4.338505376530023e+37
1416.0795836726024,4.333315355117196e+37
1415.6886617495081,4.327053670685643e+37
1415.2979556021032,4.326922268970859e+37
1414.9074650517855,4.328273210201208e+37
1414.5171899201505,4.324898064425651e+37
1414.1271300289895,4.323958221846574e+37
1413.7372852002914,4.326693821333471e+37
1413.34765525624,4.325132361316792e+37
1412.9582400192162,4.325796075562989e+37
1412.5690393117964,4.324902851263635e+37
1412.180052956752,4.324425819239878e+37
1411.79128077705,4.3279955380248505e+37
1411.4027225958519,4.335188610034408e+37
1411.0143782365144,4.342569153480133e+37
1410.6262475225878,4.345499055366977e+37
1410.238330277817,4.349802434803019e+37
1409.8506263261409,4.357571306513787e+37
1409.4631354916912,4.362267915466549e+37
1409.0758575987938,4.365778124072609e+37
1408.6887924719672,4.378310857960024e+37
1408.3019399359223,4.389492717395802e+37
1407.915299815563,4.4060378717982755e+37
1407.5288719359858,4.419863032277883e+37
1407.1426561224778,4.4331144176786e+37
1406.7566522005193,4.453877460603852e+37
1406.3708599957808,4.465678326412944e+37
1405.9852793341256,4.482325793490477e+37
1405.5999100416057,4.492795935156907e+37
1405.214751944466,4.502759530294814e+37
1404.8298048691402,4.513556015328292e+37
1404.4450686422526,4.521274883216493e+37
1404.060543090618,4.528759768878778e+37
1403.6762280412402,4.540500937038976e+37
1403.292123321312,4.543478129519301e+37
1402.908228758216,4.555090976339169e+37
1402.5245441795232,4.56523744536085e+37
1402.1410694129938,4.583340562937534e+37
1401.7578042865753,4.599068722322947e+37
1401.3747486284044,4.616316925739812e+37
1400.9919022668048,4.631815148916224e+37
1400.6092650302883,4.649392929915824e+37
1400.226836747553,4.667850935720658e+37
1399.8446172474858,4.683693984140963e+37
1399.4626063591584,4.708302273543111e+37
1399.08080391183,4.689491746447562e+37
1398.6992097349464,4.661090682140892e+37
1398.3178236581393,4.643054116441101e+37
1397.9366455112256,4.618273214890979e+37
1397.5556751242077,4.596857687709152e+37
1397.1749123272743,4.5736905432352635e+37
1396.794356950798,4.546910207468653e+37
1396.4140088253366,4.528825727044568e+37
1396.0338677816324,4.507299001493974e+37
1395.653933650612,4.486974097030968e+37
1395.274206263386,4.469946258961441e+37
1394.8946854512485,4.45164644838988e+37
1394.5153710456773,4.4353152876818675e+37
1394.1362628783338,4.414768156809002e+37
1393.7573607810616,4.399162548757762e+37
1393.378664585888,4.384370861111409e+37
1393.0001741250219,4.370170790949678e+37
1392.621889230855,4.361121652119383e+37
1392.2438097359611,4.3481172746448715e+37
1391.8659354730953,4.337377542162139e+37
1391.4882662751947,4.329600547150033e+37
1391.1108019753774,4.322022587840862e+37
1390.7335424069427,4.310906989404785e+37
1390.3564874033702,4.302878444049025e+37
1389.979636798321,4.297645451907318e+37
1389.6029904256354,4.2923567569910645e+37
1389.2265481193347,4.284245129442641e+37
1388.8503097136193,4.282223282901595e+37
1388.4742750428693,4.279908617734358e+37
1388.0984439416445,4.27633007576202e+37
1387.7228162446831,4.269240390515158e+37
1387.3473917869035,4.268287787643588e+37
1386.972170403401,4.265416014514003e+37
1386.5971519294499,4.264100928816297e+37
1386.2223362005034,4.267846761499032e+37
1385.847723052191,4.266709345294272e+37
1385.4733123203214,4.268413174882521e+37
1385.09910384088,4.268987098150018e+37
1384.7250974500287,4.272291184071388e+37
1384.3512929841077,4.268452641413761e+37
1383.977690279633,4.271591375902655e+37
1383.6042891732966,4.275800415422018e+37
1383.2310895019677,4.277248068726381e+37
1382.8580911026909,4.281310493760299e+37
1382.4852938126871,4.286413510386591e+37
1382.1126974693516,4.291856836942092e+37
1381.740301910256,4.292661386985239e+37
1381.3681069731463,4.301005408355574e+37
1380.9961124959434,4.3079052030101925e+37
1380.624318316743,4.309976033547722e+37
1380.2527242738147,4.320086763698005e+37
1379.8813302056024,4.328390463983851e+37
1379.510135950724,4.338642664189628e+37
1379.1391413479707,4.347208785381378e+37
1378.7683462363073,4.3563047330293345e+37
1378.3977504548714,4.367270934946483e+37
1378.027353842974,4.374272477019806e+37
1377.6571562400982,4.385344846996748e+37
1377.2871574859,4.39390036732723e+37
1376.9173574202077,4.407364631427747e+37
1376.547755883021,4.421400338619675e+37
1376.178352714512,4.433340570489074e+37
1375.8091477550233,4.446855815840461e+37
1375.4401408450706,4.461652413442185e+37
1375.0713318253386,4.476189110369674e+37
1374.7027205366842,4.488589497465542e+37
1374.334306820134,4.5033175949266285e+37
1373.966090516886,4.512881392079717e+37
1373.5980714683078,4.517611908867971e+37
1373.2302495159363,4.500957180654681e+37
1372.8626245014793,4.486697360028204e+37
1372.495196266813,4.4685024632364605e+37
1372.1279646539836,4.452738699251411e+37
1371.760929505206,4.443678344191796e+37
1371.3940906628634,4.420313360009935e+37
1371.0274479695083,4.400859879407298e+37
1370.6610012678616,4.378638412663254e+37
1370.2947504008114,4.356573753238119e+37
1369.9286952114144,4.33359680163383e+37
1369.5628355428948,4.311282955242865e+37
1369.1971712386442,4.289552917599499e+37
1368.8317021422215,4.271206496611868e+37
1368.466428097353,4.255041133285145e+37
1368.10134894793,4.237423354942683e+37
1367.7364645380128,4.2200906622422156e+37
1367.3717747118264,4.1921300273731816e+37
1367.0072793137624,4.158109881904383e+37
1366.6429781883783,4.1250495992838003e+37
1366.2788711803967,4.0946637367502967e+37
1365.9149581347065,4.0613523501725393e+37
1365.5512388963616,4.030282361495931e+37
1365.1877133105804,4.0011141072823697e+37
1364.8243812227463,3.9774140407651636e+37
1364.4612424784073,3.9480954772604216e+37
1364.0982969232762,3.925066196956897e+37
1363.7355444032294,3.8985858426128615e+37
1363.372984764307,3.869765949535611e+37
1363.010617852713,3.849402313850281e+37
1362.6484435148154,3.8245794518924e+37
1362.2864615971448,3.808631071046302e+37
1361.9246719463947,3.7886022896019486e+37
1361.5630744094221,3.7746709923798597e+37
1361.201668833246,3.759052375828328e+37
1360.8404550650482,3.740442729633858e+37
1360.4794329521724,3.7291011161587838e+37
1360.1186023421242,3.7152714381788273e+37
1359.7579630825712,3.69779875555061e+37
1359.3975150213428,3.685362924276796e+37
1359.0372580064284,3.676345647953176e+37
1358.67719188598,3.6673446865481267e+37
1358.3173165083094,3.660485070736657e+37
1357.9576317218903,3.654888471024879e+37
1357.5981373753555,3.645904612746948e+37
1357.2388333174988,3.6390369695147767e+37
1356.8797193972741,3.6273987952982675e+37
1356.5207954637945,3.6183403840797716e+37
1356.1620613663335,3.613956740974788e+37
1355.803516954323,3.61182424037965e+37
1355.4451620773552,3.6139629523005725e+37
1355.0869965851807,3.6136528192333577e+37
1354.7290203277091,3.61029493387962e+37
1354.371233155008,3.616061286074507e+37
1354.0136349173038,3.612308271621972e+37
1353.656225464981,3.6100799337166003e+37
1353.299004648582,3.61371691070396e+37
1352.941972318807,3.61420894910971e+37
1352.585128326514,3.615252952165038e+37
1352.2284725227173,3.619679642356838e+37
1351.8720047585894,3.625752755102909e+37
1351.5157248854591,3.626388964278155e+37
1351.1596327548118,3.629605810622648e+37
1350.80372821829,3.632686488047135e+37
1350.4480111276916,3.6393357329755473e+37
1350.0924813349714,3.643904764386809e+37
1349.7371386922398,3.645895532270745e+37
1349.3819830517623,3.649208087705626e+37
1349.0270142659608,3.6562486479179733e+37
1348.6722321874115,3.6608958046847164e+37
1348.3176366688465,3.6643776947070697e+37
1347.963227563152,3.675037257019474e+37
1347.6090047233697,3.677621950327439e+37
1347.2549680026946,3.6866662029265428e+37
1346.9011172544767,3.6967391911285136e+37
1346.54745233222,3.7093700436116433e+37
1346.1939730895824,3.7178822700476387e+37
1345.840679380375,3.7319951324709332e+37
1345.4875710585625,3.7462246937371146e+37
1345.1346479782626,3.7590386940694414e+37
1344.7819099937467,3.7694770698383744e+37
1344.4293569594386,3.7811749111364207e+37
1344.0769887299145,3.790922173460109e+37
1343.724805159903,3.801418810506581e+37
1343.3728061042862,3.805772222845091e+37
1343.020991418096,3.8155013767817264e+37
1342.6693609565177,3.8291923254234085e+37
1342.317914574888,3.8427189697901473e+37
1341.9666521286947,3.8475184282069235e+37
1341.615573473577,3.8624914701890904e+37
1341.264678465325,3.8742822341324335e+37
1340.9139669598799,3.8818991559361567e+37
1340.5634388133333,3.9005346355389894e+37
1340.2130938819273,3.9109336293661836e+37
1339.8629320220543,3.9250238841677693e+37
1339.5129530902564,3.941711846087605e+37
1339.163156943226,3.960501588924093e+37
1338.8135434378055,3.9798512144992718e+37
1338.4641124309853,3.990251325995448e+37
1338.114863779907,4.0105394055828925e+37
1337.7657973418593,4.030437843470247e+37
1337.4169129742816,4.0493128747383116e+37
1337.0682105347605,4.069882732849325e+37
1336.7196898810319,4.092465920069108e+37
1336.37135087098,4.116353373457468e+37
1336.023193362637,4.1407032435429714e+37
1335.6752172141823,4.1678089846836283e+37
1335.327422283944,4.1951272906029207e+37
1334.9798084303975,4.2199767279191416e+37
1334.6323755121653,4.2475897954606964e+37
1334.285123388017,4.278045041990536e+37
1333.9380519168692,4.305094838719873e+37
1333.5911609577852,4.306357679077499e+37
1333.2444503699753,4.283607938745504e+37
1332.8979200127958,4.267201391613144e+37
1332.5515697457492,4.2487533167655357e+37
1332.2053994284838,4.235725990865287e+37
1331.8594089207943,4.2241168324668292e+37
1331.5135980826205,4.212177211944716e+37
1331.1679667740477,4.1944480850896347e+37
1330.8225148553063,4.1854267107050935e+37
1330.4772421867724,4.1722169875409493e+37
1330.1321486289664,4.1569945465139113e+37
1329.7872340425533,4.1532730241203405e+37
1329.442498288343,4.1501256226650773e+37
1329.097941227289,4.149035508077943e+37
1328.75356272049,4.143626079376851e+37
1328.4093626291879,4.140094571788537e+37
1328.0653408147682,4.1326318302928756e+37
1327.72149713876,4.13519487306775e+37
1327.3778314628369,4.1295432196266096e+37
1327.0343436488138,4.125457443920946e+37
1326.6910335586497,4.1284001418401323e+37
1326.3479010544468,4.125424776767003e+37
1326.0049459984486,4.1279781142607755e+37
1325.6621682530424,4.1339089032314985e+37
1325.319567680757,4.1382127164853085e+37
1324.9771441442635,4.144197487271726e+37
1324.634897506375,4.1459777907249745e+37
1324.2928276300456,4.1522306820874526e+37
1323.9509343783718,4.1585656105081737e+37
1323.6092176145914,4.166707382138882e+37
1323.267677202083,4.173931758051264e+37
1322.9263130043657,4.184246535760002e+37
1322.5851248851004,4.1934534967983154e+37
1322.244112708088,4.199381651456496e+37
1321.9032763372704,4.2097679462712255e+37
1321.562615636729,4.2247043558679134e+37
1321.2221304706854,4.2372425287451797e+37
1320.8818207035017,4.247314381177749e+37
1320.5416861996794,4.266538860279982e+37
1320.2017268238587,4.281430979400345e+37
1319.8619424408207,4.298901537900522e+37
1319.5223329154846,4.315280435848674e+37
1319.1828981129088,4.33339509527192e+37
1318.843637898291,4.355033606095543e+37
1318.5045521369664,4.371358620906683e+37
1318.1656406944098,4.39393974785143e+37
1317.8269034362338,4.410577796053364e+37
1317.4883402281891,4.435752474796664e+37
1317.1499509361643,4.458492474891965e+37
1316.8117354261863,4.48175848898368e+37
1316.4736935644185,4.502923428865239e+37
1316.1358252171626,4.527360465050879e+37
1315.798130250857,4.54790993255799e+37
1315.4606085320775,4.575992256174317e+37
1315.1232599275368,4.59952088397984e+37
1314.7860843040837,4.629743480851957e+37
1314.4490815287043,4.653802436931031e+37
1314.1122514685205,4.685440725285816e+37
1313.7755939907904,4.717429136275685e+37
1313.4391089629087,4.7427547740442345e+37
1313.1027962524047,4.774524737095959e+37
1312.7666557269445,4.805633376653222e+37
1312.4306872543293,4.838563657436943e+37
1312.0948907024958,4.875719596803381e+37
1311.7592659395148,4.905307215548297e+37
1311.4238128335935,4.936296425553028e+37
1311.088531253073,4.971349393145976e+37
1310.753421066429,5.004167395434683e+37
1310.4184821422723,5.042857923806921e+37
1310.083714349347,5.077138237838976e+37
1309.749117556532,5.110242832063145e+37
1309.4146916328402,5.14762973641839e+37
1309.0804364474175,5.180033252773736e+37
1308.7463518695442,5.220675088282213e+37
1308.4124377686335,5.259637324057988e+37
1308.078694014232,5.300150970553663e+37
1307.7451204760193,5.342511965549939e+37
1307.411717023808,5.387791609427794e+37
1307.0784835275435,5.430693583312793e+37
1306.7454198573034,5.471746761477615e+37
1306.4125258832983,5.515549493663567e+37
1306.0798014758702,5.563737412785626e+37
1305.7472465054939,5.608846236906425e+37
1305.4148608427759,5.653344403796682e+37
1305.082644358454,5.70270555496422e+37
1304.750596923398,5.745606330006868e+37
1304.4187184086093,5.7881435476591835e+37
1304.0870086852194,5.83681368199675e+37
1303.7554676244924,5.881251425182551e+37
1303.424095097822,5.9202254938614555e+37
1303.0928909767333,5.95804266843775e+37
1302.761855132882,5.977558874727903e+37
1302.430987438053,5.995924137578086e+37
1302.1002877641636,6.01710562062089e+37
1301.7697559832593,6.023345436946169e+37
1301.4393919675163,5.999463866324165e+37
1301.1091955892398,5.955787323979326e+37
1300.7791667208658,5.920034118641036e+37
1300.4493052349585,5.886215635173112e+37
1300.1196110042124,5.854614546156043e+37
1299.7900839014499,5.81977766721673e+37
1299.460723799623,5.784257887383829e+37
1299.1315305718126,5.748998491902027e+37
1298.802504091228,5.714883493116832e+37
1298.4736442312062,5.682785605479976e+37
1298.1449508652138,5.653862463313051e+37
1297.816423866844,5.627182165788578e+37
1297.4880631098194,5.6035956044774855e+37
1297.1598684679893,5.582502226246328e+37
1296.831839815331,5.55992177578617e+37
1296.5039770259498,5.537319743156483e+37
1296.1762799740766,5.515360061231914e+37
1295.848748534071,5.49501857664503e+37
1295.5213825804196,5.478757647322898e+37
1295.1941819877345,5.45852042739465e+37
1294.8671466307558,5.441948506103761e+37
1294.540276384349,5.426679456599573e+37
1294.2135711235069,5.41129900070649e+37
1293.8870307233476,5.392512805102195e+37
1293.5606550591158,5.376741179177962e+37
1293.2344440061818,5.356161066566265e+37
1292.9083974400414,5.330675643045795e+37
1292.5825152363166,5.306144249951856e+37
1292.2567972707536,5.281333348904389e+37
1291.9312434192252,5.260317929046475e+37
1291.6058535577283,5.240829165845787e+37
1291.280627562385,5.218946733569334e+37
1290.9555653094421,5.196005791540972e+37
1290.630666675271,5.171819534345683e+37
1290.3059315363673,5.152086768498231e+37
1289.9813597693512,5.130368324650919e+37
1289.6569512509673,5.109153293774643e+37
1289.332705858083,5.088668103442228e+37
1289.008623467691,5.070876658542658e+37
1288.6847039569066,5.05373961903077e+37
1288.3609472029684,5.040394743813937e+37
1288.0373530832394,5.0254992074324205e+37
1287.713921475205,5.0089133585163275e+37
1287.3906522564741,4.99412177422247e+37
1287.0675453047775,4.975837661264085e+37
1286.7446004979702,4.966432939764548e+37
1286.4218177140285,4.95203308400158e+37
1286.0991968310516,4.941636462143931e+37
1285.7767377272612,4.931598950969126e+37
1285.4544402810004,4.922801515008628e+37
1285.132304370735,4.914885627679247e+37
1284.8103298750523,4.908511626666842e+37
1284.4885166726608,4.90021684190291e+37
1284.1668646423918,4.8926368618472405e+37
1283.8453736631961,4.8869224726128765e+37
1283.524043614147,4.880275824349807e+37
1283.2028743744386,4.8697482313861425e+37
1282.8818658233856,4.856236911282138e+37
1282.5610178404236,4.850188779333623e+37
1282.2403303051092,4.834732309698732e+37
1281.9198030971181,4.826250882593529e+37
1281.5994360962482,4.811949143163357e+37
1281.2792291824157,4.797012463588722e+37
1280.959182235658,4.78656752262154e+37
1280.639295136132,4.772173691838106e+37
1280.3195677641138,4.759864647773117e+37
1280.0,4.744356181827263e+37
1279.6805917243055,4.728159156564332e+37
1279.3613428176654,4.708755962322946e+37
1279.042253160833,4.691423741606748e+37
1278.7233226346816,4.677159672401206e+37
1278.404551120202,4.662487743688411e+37
1278.0859384985044,4.647967902492731e+37
1277.7674846508182,4.624257681655964e+37
1277.4491894584892,4.608538447244713e+37
1277.1310528029833,4.593058463420724e+37
1276.8130745658837,4.566188726830895e+37
1276.495254628891,4.538191412888131e+37
1276.1775928738243,4.511492129995955e+37
1275.8600891826204,4.486550829336398e+37
1275.5427434373328,4.457885007210742e+37
1275.2255555201327,4.433908683956136e+37
1274.908525313309,4.403296521794445e+37
1274.5916526992667,4.376802635350532e+37
1274.274937560528,4.352271101219981e+37
1273.9583797797327,4.324401447214625e+37
1273.6419792396357,4.293947599104336e+37
1273.3257358231097,4.267295074910046e+37
1273.0096494131426,4.2392818425860958e+37
1272.6937198928392,4.208446714352335e+37
1272.37794714542,4.1802355747749645e+37
1272.0623310542219,4.1498249992984786e+37
1271.746871502696,4.1229152146017707e+37
1271.4315683744112,4.0955199160252834e+37
1271.11642155305,4.072194478814486e+37
1270.8014309224113,4.0484422014187287e+37
1270.4865963664083,4.026179865280301e+37
1270.17191776907,4.007527285914619e+37
1269.8573950145399,3.9843068322678577e+37
1269.543027987076,3.965126883304196e+37
1269.2288165710515,3.9429091437976616e+37
1268.9147606509532,3.920352643262619e+37
1268.600860111383,3.9028730995855e+37
1268.2871148370566,3.887485029660836e+37
1267.973524712804,3.871822460107575e+37
1267.6600896235684,3.855937488402284e+37
1267.346809454407,3.8383859062777457e+37
1267.0336840904915,3.825391831796511e+37
1266.720713417106,3.807998309274119e+37
1266.4078973196476,3.7941635760734857e+37
1266.0952356836283,3.779802686960835e+37
1265.782728394671,3.7457379375649495e+37
1265.4703753385133,3.7173393484148485e+37
1265.1581764010045,3.69069718968111e+37
1264.846131468107,3.659177000869281e+37
1264.5342404258952,3.631322661068093e+37
1264.2225031605562,3.601074671827892e+37
1263.9109195583897,3.5726530207607506e+37
1263.5994895058063,3.542102542378102e+37
1263.2882128893298,3.5158566109002587e+37
1262.9770895955949,3.484432992984599e+37
1262.6661195113484,3.4578272696139733e+37
1262.3553025234485,3.434547053370448e+37
1262.0446385188645,3.4099754521780755e+37
1261.7341273846775,3.38737740195748e+37
1261.4237690080795,3.365181439488654e+37
1261.113563276373,3.3403655521117356e+37
1260.803510076972,3.3174493459247284e+37
1260.4936092974008,3.295793062898714e+37
1260.1838608252945,3.2738699516906685e+37
1259.8742645483983,3.2494443223020415e+37
1259.5648203545675,3.2281598932119875e+37
1259.2555281317686,3.204585933918105e+37
1258.9463877680769,3.1834886577474264e+37
1258.6373991516782,3.163468116836394e+37
1258.3285621708683,3.149575525552577e+37
1258.019876714052,3.133903348974802e+37
1257.711342669744,3.1158393271277055e+37
1257.4029599265675,3.10021482722922e+37
1257.0947283732567,3.083345131671661e+37
1256.7866478986525,3.068313063622982e+37
1256.4787183917074,3.053747096884557e+37
1256.17093974148,3.0384421942163257e+37
1255.8633118371397,3.026033782277321e+37
1255.5558345679633,2.9863159051828047e+37
1255.2485078233362,2.9493757647154624e+37
1254.9413314927526,2.9116125477482868e+37
1254.6343054658144,2.8707023066647175e+37
1254.3274296322313,2.832374336917126e+37
1254.0207038818212,2.793392860517458e+37
1253.7141281045094,2.7565457608219434e+37
1253.4077021903302,2.7169547895361443e+37
1253.1014260294228,2.685727942067288e+37
1252.7952995120363,2.652026155644136e+37
1252.4893225285255,2.6197190208102715e+37
1252.1834949693528,2.5845024667431608e+37
1251.8778167250878,2.552635763561962e+37
1251.572287686406,2.520971392573516e+37
1251.2669077440908,2.4873408291312437e+37
1250.9616767890316,2.45341335213892e+37
1250.656594712224,2.421859860922859e+37
1250.35166140477,2.3914012994022092e+37
1250.0468767578784,2.366623448300252e+37
1249.7422406628632,2.338418582147928e+37
1249.437753011145,2.3144824962508996e+37
1249.1334136942498,2.288731044315309e+37
1248.829222603809,2.2618939326478794e+37
1248.5251796315601,2.235623798439351e+37
1248.221284669346,2.208709426564401e+37
1247.9175376091148,2.1856646315884833e+37
1247.6139383429193,2.161088062155042e+37
1247.3104867629174,2.1395076182534676e+37
1247.0071827613729,2.1162878897376315e+37
1246.7040262306527,2.0948410505449295e+37
1246.40101706323,2.07277020595845e+37
1246.0981551516813,2.0481843221531221e+37
1245.7954403886881,2.026412572963004e+37
1245.4928726670362,2.003267809934124e+37
1245.190451879615,1.9828738556849642e+37
1244.8881779194185,1.963511333588374e+37
1244.586050679544,1.9423413314522677e+37
1244.284070053193,1.9213134204561509e+37
1243.9822359336708,1.9019648512993813e+37
1243.6805482143855,1.8832512106623137e+37
1243.3790067888494,1.8592739776647732e+37
1243.0776115506771,1.8428601230982542e+37
1242.7763623935873,1.8239979389752627e+37
1242.475259211401,1.8026668103504253e+37
1242.1743018980424,1.783773714563992e+37
1241.8734903475383,1.7639241374014922e+37
1241.5728244540182,1.7471387556979016e+37
1241.2723041117144,1.7316338789313596e+37
1240.9719292149614,1.7189871561605575e+37
1240.671699658195,1.7041861335325395e+37
1240.3716153359546,1.6883928951445695e+37
1240.071676142881,1.6721164197384023e+37
1239.771881973717,1.6585259674311111e+37
1239.4722327233062,1.6442969386513365e+37
1239.1727282865959,1.629967994284608e+37
1238.8733685586328,1.6120425641221231e+37
1238.5741534345661,1.6022311928776337e+37
1238.2750828096462,1.5898305167703265e+37
1237.9761565792244,1.5804464815291674e+37
1237.677374638753,1.5702032387913886e+37
1237.3787368837855,1.560061047718657e+37
1237.0802432099758,1.5490759494626958e+37
1236.781893513079,1.5378117108107134e+37
1236.48368768895,1.5273315298264974e+37
1236.1856256335452,1.5170033995938348e+37
1235.88770724292,1.5078064757855967e+37
1235.5899324132308,1.500312252398655e+37
1235.292301040734,1.4926722031419538e+37
1234.9948130217854,1.4867741496598713e+37
1234.6974682528414,1.479740799944534e+37
1234.4002666304575,1.4736754454126267e+37
1234.1032080512896,1.4662783974751916e+37
1233.8062924120914,1.458742344573639e+37
1233.5095196097175,1.4528368084040463e+37
1233.2128895411213,1.4470265742056254e+37
1232.9164021033555,1.439883517041891e+37
1232.6200571935706,1.432329906653589e+37
1232.3238547090175,1.4251496486107834e+37
1232.027794547045,1.4168493607324173e+37
1231.7318766051005,1.4104040731902181e+37
1231.4361007807306,1.4046843571033804e+37
1231.1404669715791,1.3967214932899906e+37
1230.8449750753894,1.3907559567611382e+37
1230.5496249900016,1.3846190342130976e+37
1230.2544166133557,1.3764678981080217e+37
1229.9593498434876,1.3715056011630051e+37
1229.6644245785326,1.3648634394051732e+37
1229.3696407167226,1.3608612888040594e+37
1229.0749981563874,1.353681039489517e+37
1228.7804967959548,1.3486148744062226e+37
1228.4861365339493,1.3441932898668332e+37
1228.1919172689923,1.3381827609951546e+37
1227.8978388998037,1.3333855050677064e+37
1227.6039013251984,1.3277409459310827e+37
1227.31010444409,1.3217858920357628e+37
1227.0164481554875,1.3192690016437208e+37
1226.7229323584975,1.3191432003757918e+37
1226.4295569523224,1.3211652342109604e+37
1226.136321836262,1.3208594663534416e+37
1225.8432269097107,1.3225667867645772e+37
1225.5502720721604,1.3214514726383027e+37
1225.257457223199,1.3234890416919902e+37
1224.96478226251,1.323972971968607e+37
1224.6722470898726,1.32437111001164e+37
1224.3798516051618,1.3230119605544227e+37
1224.087595708349,1.3234607328053716e+37
1223.7954792994994,1.3215262411584805e+37
1223.5035022787752,1.3226988570094823e+37
1223.2116645464332,1.3193230666592627e+37
1222.9199660028248,1.3141577146267814e+37
1222.6284065483978,1.3084739512006215e+37
1222.3369860836935,1.3039671308698795e+37
1222.0457045093485,1.296884077707183e+37
1221.754561726095,1.2931834138005199e+37
1221.463557634758,1.2900872101041557e+37
1221.1726921362585,1.286044218397227e+37
1220.8819651316112,1.2814627012951597e+37
1220.591376521925,1.277926033063957e+37
1220.3009262084029,1.2749791899790712e+37
1220.0106140923428,1.271650784221782e+37
1219.7204400751348,1.2685930583312131e+37
1219.4304040582645,1.2670007082373112e+37
1219.14050594331,1.263089101923463e+37
1218.8507456319437,1.2622575757208227e+37
1218.561123025931,1.2592624746179505e+37
1218.2716380271308,1.2576535568256325e+37
1217.9822905374956,1.2557006748829652e+37
1217.6930804590704,1.252382287466832e+37
1217.4040076939934,1.249910578252581e+37
1217.115072144496,1.248034999434303e+37
1216.826273712902,1.2443000725704202e+37
1216.5376123016283,1.2339512114410518e+37
1216.2490878131841,1.2226537645238909e+37
1215.960700150171,1.2133701704578497e+37
1215.6724492152835,1.203440364917978e+37
1215.3843349113074,1.1958017473114842e+37
1215.0963571411212,1.1865507855369554e+37
1214.8085158076958,1.176675108583749e+37
1214.5208108140935,1.1676207526637682e+37
1214.2332420634682,1.1592467403066457e+37
1213.9458094590657,1.153358080093534e+37
1213.6585129042242,1.146781743428116e+37
1213.3713523023723,1.1403123454493141e+37
1213.0843275570303,1.1326894089358953e+37
1212.7974385718096,1.1267201332185718e+37
1212.5106852504139,1.1203007044522835e+37
1212.2240674966363,1.114174448444907e+37
1211.9375852143614,1.1090482920094661e+37
1211.6512383075656,1.1029600846254266e+37
1211.3650266803147,1.095916277895387e+37
1211.078950236766,1.0926124371927312e+37
1210.7930088811668,1.0889346000520865e+37
1210.507202517855,1.083140241601498e+37
1210.221531051259,1.0805163404294496e+37
1209.935994385897,1.0765511114204677e+37
1209.6505924263774,1.0747065624636993e+37
1209.3653250773993,1.0712007099283276e+37
1209.0801922437506,1.0687016759239645e+37
1208.7951938303092,1.0648317126825018e+37
1208.5103297420435,1.0630576936908718e+37
1208.2255998840103,1.0619306629675015e+37
1207.941004161357,1.0608551731511637e+37
1207.656542479319,1.0597975318621545e+37
1207.3722147432222,1.0588052249651891e+37
1207.088020858481,1.055307031084264e+37
1206.803960730599,1.0523684657640986e+37
1206.520034265169,1.0495790058179552e+37
1206.2362413678718,1.046790521324846e+37
1205.9525819444777,1.0439394348371213e+37
1205.6690559008457,1.0393520702663945e+37
1205.3856631429228,1.0349166222876111e+37
1205.1024035767439,1.029207835601128e+37
1204.8192771084337,1.025219526839692e+37
1204.536283644204,1.0194027086832844e+37
1204.2534230903552,1.0132165262487697e+37
1203.970695353275,1.0094535876496785e+37
1203.68810033944,1.0043843104296341e+37
1203.4056379554138,9.987056652209328e+36
1203.1233081078478,9.930469309149576e+36
1202.8411107034815,9.893228311828786e+36
1202.5590456491414,9.86928016413912e+36
1202.2771128517413,9.846870198717749e+36
1201.9953122182824,9.836360968284843e+36
1201.7136436558533,9.808461141864981e+36
1201.4321070716294,9.791428896903466e+36
1201.1507023728732,9.769146977820993e+36
1200.869429466934,9.739905340493746e+36
1200.588288261248,9.72561475896048e+36
1200.3072786633377,9.693840475473676e+36
1200.0264005808128,9.669089248555013e+36
1199.7456539213688,9.640966136995832e+36
1199.4650385927876,9.629352517508785e+36
1199.184554502938,9.614056671239215e+36
1198.9042015597743,9.591005300191052e+36
1198.6239796713373,9.58698156155741e+36
1198.3438887457532,9.570442502803293e+36
1198.0639286912349,9.556982359608314e+36
1197.7840994160802,9.542886396896939e+36
1197.5044008286732,9.533255581289398e+36
1197.2248328374828,9.517227054028414e+36
1196.945395351064,9.508067692351715e+36
1196.6660882780575,9.491088541479733e+36
1196.386911527188,9.478745010080764e+36
1196.1078650072664,9.465297885711208e+36
1195.8289486271883,9.444773462571473e+36
1195.5501622959346,9.432815258894054e+36
1195.2715059225702,9.415085502307445e+36
1194.9929794162458,9.397093756380132e+36
1194.7145826861963,9.379305164544804e+36
1194.4363156417407,9.364283904359149e+36
1194.1581781922835,9.352516056978719e+36
1193.8801702473124,9.341072597451053e+36
1193.6022917164003,9.334446234114425e+36
1193.3245425092036,9.347918392831821e+36
1193.0469225354634,9.339371832436161e+36
1192.7694317050043,9.349511066965332e+36
1192.4920699277352,9.358445956753742e+36
1192.2148371136477,9.352832221892336e+36
1191.937733172819,9.351521408555788e+36
1191.6607580154082,9.344435158398162e+36
1191.3839115516585,9.347531759002763e+36
1191.1071936918963,9.351189115803314e+36
1190.8306043465318,9.348927309870427e+36
1190.5541434260576,9.341470984501095e+36
1190.2778108410503,9.335248512345028e+36
1190.001606502169,9.331719753859424e+36
1189.7255303201553,9.31597902099666e+36
1189.4495822058343,9.314206103857999e+36
1189.1737620701138,9.296021407170939e+36
1188.8980698239836,9.289047614119031e+36
1188.622505378517,9.2839173033098e+36
1188.3470686448684,9.275455266018059e+36
1188.071759534276,9.272160450700285e+36
1187.7965779580588,9.277254990051637e+36
1187.5215238276194,9.27645478051019e+36
1187.2465970544413,9.275353793118944e+36
1186.9717975500903,9.275706654599033e+36
1186.6971252262142,9.263165485333956e+36
1186.4225799945425,9.247290831522599e+36
1186.1481617668862,9.239931968533914e+36
1185.8738704551383,9.231325026571936e+36
1185.599705971273,9.222530620537819e+36
1185.3256682273454,9.217886343536059e+36
1185.0517571354928,9.221096059774568e+36
1184.7779726079332,9.204127957814771e+36
1184.5043145569657,9.2035636448788e+36
1184.2307828949706,9.196882154514903e+36
1183.9573775344088,9.198556097796238e+36
1183.6840983878221,9.188232104650672e+36
1183.4109453678338,9.171217181344217e+36
1183.1379183871463,9.179101528073809e+36
1182.8650173585443,9.16058630293728e+36
1182.5922421948912,9.159635963251157e+36
1182.3195928091322,9.139275684144552e+36
1182.047069114292,9.139794312309094e+36
1181.774671023476,9.124734097848125e+36
1181.502398449869,9.116954612664706e+36
1181.230251306736,9.106768910914348e+36
1180.9582295074224,9.094910273640224e+36
1180.686332965353,9.097036942321118e+36
1180.4145615940317,9.078938313935161e+36
1180.1429153070437,9.06909943927956e+36
1179.8713940180521,9.06184961297313e+36
1179.5999976408,9.052810191750433e+36
1179.3287260891102,9.049436961507939e+36
1179.0575792768839,9.034700449107519e+36
1178.7865571181026,8.993765036924783e+36
1178.515659526826,8.957180702887843e+36
1178.244886417193,8.919449687642199e+36
1177.9742377034215,8.881993812805239e+36
1177.7037132998082,8.853099166317794e+36
1177.4333131207281,8.808469532369978e+36
1177.1630370806356,8.782740024374147e+36
1176.892885094063,8.75184776059894e+36
1176.6228570756216,8.708321156328815e+36
1176.35295294,8.668234261827596e+36
1176.0831726019665,8.631432628847295e+36
1175.8135159763663,8.606278689321283e+36
1175.543982978123,8.580947367721666e+36
1175.2745735222393,8.524967384683107e+36
1175.0052875237939,8.471406906477139e+36
1174.7361248979448,8.422331365261057e+36
1174.4670855599272,8.358904750480432e+36
1174.198169425054,8.304092626025019e+36
1173.9293764087154,8.24947697879906e+36
1173.6607064263792,8.212521638485025e+36
1173.3921593935909,8.1642894581952e+36
1173.123735225973,8.117536373947828e+36
1172.855433839225,8.064190928459948e+36
1172.5872551491238,8.022488060391317e+36
1172.3191990715231,7.96475669872347e+36
1172.051265522354,7.916694204010658e+36
1171.7834544176237,7.874846430558023e+36
1171.5157656734166,7.824479499481572e+36
1171.2481992058938,7.78341374413741e+36
1170.9807549312927,7.735773192056795e+36
1170.7134327659276,7.683831350314539e+36
1170.4462326261887,7.625605169307255e+36
1170.179154428543,7.584090909229891e+36
1169.9121980895334,7.54785775414425e+36
1169.645363525779,7.511916472594173e+36
1169.378650653975,7.480360747211376e+36
1169.1120593908925,7.43499284262841e+36
1168.845589653379,7.394036900212578e+36
1168.5792413583565,7.359665885914254e+36
1168.3130144228242,7.325685378142733e+36
1168.046908763856,7.290284424897541e+36
1167.7809242986016,7.251430966433935e+36
1167.5150609442862,7.241493239994589e+36
1167.2493186182103,7.226568535633423e+36
1166.9836972377495,7.207105324287757e+36
1166.718196720355,7.197517567255897e+36
1166.452816983553,7.182704799377275e+36
1166.1875579449443,7.173408023262299e+36
1165.922419522205,7.154894282732232e+36
1165.657401633086,7.147324319632034e+36
1165.392504195413,7.129442769113183e+36
1165.1277271270862,7.110365437602719e+36
1164.8630703460808,7.103568615512282e+36
1164.598533770446,7.070615172680519e+36
1164.3341173183057,7.065933198131953e+36
1164.069820907858,7.048893154555806e+36
1163.8056444573756,7.017819990617509e+36
1163.541587885205,7.008184818102052e+36
1163.2776511097668,6.991771660506937e+36
1163.0138340495562,6.976079466169866e+36
1162.750136623141,6.954144698617899e+36
1162.4865587491645,6.932994433358059e+36
1162.2231003463426,6.920292952710324e+36
1161.959761333465,6.929302014058174e+36
1161.6965416293956,6.934399918584019e+36
1161.4334411530713,6.923855907502115e+36
1161.1704598235021,6.933088890356173e+36
1160.9075975597723,6.943898537910112e+36
1160.6448542810385,6.940730046811278e+36
1160.3822299065312,6.952000005371682e+36
1160.1197243555534,6.964245000812291e+36
1159.8573375474816,6.954855378519785e+36
1159.595069401765,6.962334421550454e+36
1159.3329198379254,6.962644606764915e+36
1159.0708887755575,6.952159070777263e+36
1158.8089761343292,6.955344499326509e+36
1158.5471818339802,6.938507438752443e+36
1158.2855057943232,6.91628577622371e+36
1158.0239479352433,6.904550639625578e+36
1157.7625081766978,6.916275914920493e+36
1157.501186438716,6.920244092798261e+36
1157.2399826414003,6.911778449550444e+36
1156.9788967049242,6.922187710515663e+36
1156.7179285495336,6.926483783304215e+36
1156.4570780955464,6.925698072303612e+36
1156.1963452633527,6.943403464222987e+36
1155.9357299734136,6.945604520918226e+36
1155.6752321462623,6.944788410726374e+36
1155.4148517025037,6.95487912778775e+36
1155.1545885628145,6.94274680565172e+36
1154.894442647942,6.941766929496274e+36
1154.6344138787058,6.9230532054916e+36
1154.374502175996,6.914301120340535e+36
1154.1147074607745,6.904971188276325e+36
1153.8550296540743,6.90024098951353e+36
1153.5954686769992,6.886693227644724e+36
1153.3360244507237,6.876809505717321e+36
1153.076696896494,6.862195995183018e+36
1152.8174859356268,6.85735280664873e+36
1152.558391489509,6.839157563875532e+36
1152.2994134795986,6.825123055288692e+36
1152.0405518274242,6.80935929458954e+36
1151.7818064545854,6.800793993999604e+36
1151.5231772827508,6.795631816415367e+36
1151.2646642336606,6.789457340313982e+36
1151.0062672291251,6.775225466819783e+36
1150.7479861910242,6.767422893153935e+36
1150.4898210413085,6.756143262505366e+36
1150.231771701998,6.743913185715615e+36
1149.9738380951833,6.733974926586696e+36
1149.7160201430247,6.733813700269828e+36
1149.4583177677519,6.728280993624145e+36
1149.2007308916648,6.714160194013741e+36
1148.9432594371326,6.707362806031233e+36
1148.6859033265944,6.71054068046246e+36
1148.4286624825584,6.713575125787025e+36
1148.171536827602,6.722585968896183e+36
1147.9145262843729,6.725690356730495e+36
1147.657630775587,6.731112924111338e+36
1147.4008502240301,6.739485681473642e+36
1147.1441845525565,6.743492122905208e+36
1146.88763368409,6.75138430197105e+36
1146.6311975416227,6.756223670150033e+36
1146.3748760482165,6.76101895254745e+36
1146.1186691270013,6.725404285277532e+36
1145.8625767011763,6.695544706331753e+36
1145.6065986940084,6.666044365851485e+36
1145.3507350288342,6.629300599530157e+36
1145.0949856290579,6.608452028533476e+36
1144.8393504181524,6.580719960657864e+36
1144.5838293196593,6.536719978792805e+36
1144.3284222571879,6.517659379380308e+36
1144.0731291544155,6.488496113281614e+36
1143.8179499350883,6.440789618673881e+36
1143.5628845230199,6.419044160583007e+36
1143.307932842092,6.374264404729762e+36
1143.0530948162543,6.34677266292907e+36
1142.7983703695238,6.314476075728386e+36
1142.543759425986,6.272110308098369e+36
1142.2892619097934,6.248359347590073e+36
1142.0348777451663,6.200870615819747e+36
1141.7806068563925,6.172403775333452e+36
1141.5264491678272,6.147867527211581e+36
1141.272404603893,6.111749098803968e+36
1141.0184730890794,6.087267136628957e+36
1140.7646545479436,6.055065694527768e+36
1140.5109489051094,6.03623358139285e+36
1140.2573560852684,6.014393386976535e+36
1140.0038760131783,5.9981749777107e+36
1139.7505086136646,5.970173530099543e+36
1139.4972538116183,5.961608295067949e+36
1139.2441115319984,5.927891892179823e+36
1138.9910816998304,5.912843026936197e+36
1138.7381642402054,5.88416960278372e+36
1138.4853590782823,5.860227309735261e+36
1138.2326661392856,5.844889726461054e+36
1137.9800853485062,5.822724928636572e+36
1137.7276166313022,5.806174403544693e+36
1137.475259913097,5.783626448838248e+36
1137.2230151193799,5.760595291739024e+36
1136.9708821757074,5.731236682050152e+36
1136.7188610077012,5.717170069812808e+36
1136.4669515410492,5.688127363095893e+36
1136.215153701505,5.679359036778398e+36
1135.963467414888,5.6708601573999e+36
1135.7118926070834,5.661511118535093e+36
1135.4604292040422,5.651266416511346e+36
1135.2090771317808,5.65306902768702e+36
1134.9578363163807,5.641611593406196e+36
1134.70670668399,5.644315544660596e+36
1134.4556881608205,5.633580235173928e+36
1134.2047806731505,5.626933773575529e+36
1133.9539841473234,5.619271168814786e+36
1133.7032985097471,5.619257097689836e+36
1133.452723686895,5.615238726345164e+36
1133.2022596053057,5.619568912862231e+36
1132.951906191582,5.625415737837617e+36
1132.7016633723927,5.641873915116443e+36
1132.45153107447,5.645803664279763e+36
1132.2015092246118,5.656063046000886e+36
1131.95159774968,5.663743527707434e+36
1131.7017965766022,5.673107636387304e+36
1131.4521056323686,5.677334397791212e+36
1131.2025248440355,5.685553077015747e+36
1130.9530541387228,5.70145791984994e+36
1130.7036934436146,5.704271468270074e+36
1130.4544426859597,5.694756296532664e+36
1130.2053017930707,5.687914774216454e+36
1129.9562706923243,5.675292065977613e+36
1129.707349311161,5.651797635420104e+36
1129.4585375770855,5.620423493428185e+36
1129.2098354176665,5.606419113964607e+36
1128.9612427605362,5.583025729699216e+36
1128.7127595333902,5.562233040529228e+36
1128.4643856639884,5.542490929172286e+36
1128.2161210801542,5.511927027496751e+36
1127.9679657097738,5.48952756829342e+36
1127.719919480798,5.470292376475806e+36
1127.4719823212392,5.44657564317252e+36
1127.2241541591752,5.424281822594284e+36
1126.9764349227457,5.405440361931777e+36
1126.728824540154,5.38421906842399e+36
1126.4813229396657,5.34411608660769e+36
1126.2339300496105,5.318522911919877e+36
1125.9866457983808,5.280332743930626e+36
1125.7394701144315,5.2526151844241676e+36
1125.4924029262802,5.213928706281289e+36
1125.245444162508,5.177332742702781e+36
1124.9985937517579,5.1606441980577863e+36
1124.7518516227358,5.129773854039237e+36
1124.5052177042103,5.0957411890799925e+36
1124.2586919250118,5.054650505528345e+36
1124.0122742140345,5.0122925982078183e+36
1123.7659645002332,4.977694449831686e+36
1123.519762712626,4.9419666044699767e+36
1123.2736687802933,4.900654484771855e+36
1123.0276826323768,4.8549806634345904e+36
1122.781804198081,4.8168477871309237e+36
1122.5360334066722,4.7849923073122696e+36
1122.2903701874786,4.736825109842305e+36
1122.0448144698898,4.702178139702656e+36
1121.7993661833582,4.659121790892628e+36
1121.5540252573967,4.6142593550908266e+36
1121.3087916215807,4.5638226422433434e+36
1121.063665205547,4.522655526450302e+36
1120.8186459389938,4.481315408598499e+36
1120.573733751681,4.4492310424906996e+36
1120.3289285734293,4.42149712233558e+36
1120.0842303341212,4.402748547346224e+36
1119.8396389637005,4.372534766281555e+36
1119.5951543921717,4.328474889647517e+36
1119.3507765496013,4.3012025819033633e+36
1119.1065053661157,4.2703024996841305e+36
1118.8623407719033,4.2348518657871454e+36
1118.6182826972124,4.218582987192222e+36
1118.3743310723532,4.186464251981409e+36
1118.130485827696,4.1686396450502964e+36
1117.8867468936721,4.137487790574526e+36
1117.6431142007734,4.115699196792203e+36
1117.399587679552,4.103138431756111e+36
1117.1561672606213,4.070614439910645e+36
1116.9128528746544,4.06042070782356e+36
1116.6696444523852,4.039153152129334e+36
1116.4265419246078,4.010585960474936e+36
1116.1835452221762,3.9886079577194966e+36
1115.9406542760057,3.981664120551309e+36
1115.6978690170702,3.95944891594504e+36
1115.4551893764046,3.9466785540314624e+36
1115.2126152851042,3.926063199701439e+36
1114.9701466743227,3.914247580756037e+36
1114.7277834752754,3.8999833786017977e+36
1114.4855256192361,3.896569990254938e+36
1114.2433730375387,3.891611127559954e+36
1114.0013256615775,3.8730871278477526e+36
1113.7593834228053,3.869423667969551e+36
1113.517546252735,3.862750083989965e+36
1113.275814082939,3.8538850839432557e+36
1113.034186845049,3.8388298267902356e+36
1112.7926644707557,3.8224714520083647e+36
1112.5512468918098,3.8175132919673886e+36
1112.309934040021,3.8077071983187465e+36
1112.0687258472574,3.812214279877714e+36
1111.827622245447,3.8093222527952446e+36
1111.5866231665768,3.7938270931707376e+36
1111.3457285426923,3.7816645595745964e+36
1111.1049383058983,3.772341684856668e+36
1110.8642523883582,3.769536464267002e+36
1110.6236707222943,3.769704860994504e+36
1110.3831932399871,3.766752682501758e+36
1110.1428198737767,3.7723280845864927e+36
1109.9025505560612,3.764113761284224e+36
1109.662385219297,3.7575123606896153e+36
1109.4223237959995,3.756856734985338e+36
1109.182366218742,3.761719283996771e+36
1108.9425124201562,3.759472834934933e+36
1108.7027623329323,3.7495162022647346e+36
1108.4631158898187,3.7558625677120224e+36
1108.2235730236218,3.77348312751237e+36
1107.984133667206,3.788112080059076e+36
1107.7447977534935,3.82025089950821e+36
1107.5055652154651,3.8377158600613644e+36
1107.2664359861592,3.85404061304478e+36
1107.0274099986716,3.87249956995821e+36
1106.7884871861563,3.899241192673407e+36
1106.5496674818248,3.91715697633208e+36
1106.3109508189466,3.945427510873983e+36
1106.0723371308484,3.961973507522804e+36
1105.8338263509143,3.982079789687813e+36
1105.595418412586,3.9955007490172597e+36
1105.357113249363,4.0022639067478073e+36
1105.1189107948016,4.0068210994282853e+36
1104.8808109825154,4.0169627315760334e+36
1104.6428137461753,4.025675963668514e+36
1104.4049190195092,4.0345454964542545e+36
1104.1671267363029,4.041059218863435e+36
1103.929436830398,4.0641921272387597e+36
1103.6918492356933,4.0889317334631805e+36
1103.4543638861455,4.09409715075963e+36
1103.2169807157672,4.125159826948139e+36
1102.9796996586279,4.137355217854892e+36
1102.7425206488538,4.154833218160295e+36
1102.5054436206278,4.172281957933344e+36
1102.26846850819,4.1919437605856066e+36
1102.0315952458357,4.217826316637002e+36
1101.794823767918,4.2418075428477086e+36
1101.5581540088456,4.2483661876448113e+36
1101.3215859030838,4.2640877260062884e+36
1101.085119385154,4.274006844570236e+36
1100.8487543896345,4.2781503151938745e+36
1100.6124908511588,4.298201728289658e+36
1100.376328704417,4.2977616370871265e+36
1100.1402678841553,4.3083870989003846e+36
1099.9043083251756,4.330818649800382e+36
1099.6684499623364,4.3679190260049905e+36
1099.432692730551,4.391030327378013e+36
1099.1970365647894,4.4178423867342786e+36
1098.961481400077,4.4499343480051387e+36
1098.7260271714947,4.470640654919864e+36
1098.4906738141794,4.500955219170281e+36
1098.2554212633231,4.525937184431084e+36
1098.020269454174,4.5591287855922315e+36
1097.7852183220352,4.585267140097932e+36
1097.5502678022654,4.612333498055373e+36
1097.3154178302782,4.637545361349649e+36
1097.080668341543,4.663265124199019e+36
1096.8460192715845,4.6823202348524294e+36
1096.611470555982,4.7047379312183704e+36
1096.3770221303703,4.727956477514159e+36
1096.1426739304388,4.753905791932202e+36
1095.9084258919324,4.7762325427233074e+36
1095.6742779506508,4.7940647494754507e+36
1095.4402300424483,4.816552272824737e+36
1095.2062821032341,4.841761435670853e+36
1094.9724340689722,4.864686899239072e+36
1094.7386858756813,4.883399377627922e+36
1094.505037459435,4.909665242089092e+36
1094.2714887563604,4.933329296839499e+36
1094.0380397026404,4.9646109392784296e+36
1093.8046902345118,4.990672127772316e+36
1093.5714402882654,5.007241053606566e+36
1093.3382898002471,5.0329630647439e+36
1093.1052387068567,5.0510717174512047e+36
1092.8722869445476,5.0733076592239595e+36
1092.6394344498287,5.095178549408093e+36
1092.406681159262,5.1153407607278494e+36
1092.1740270094635,5.1432442820644257e+36
1091.941471937104,5.164446584308319e+36
1091.7090158789076,5.185499465922514e+36
1091.4766587716522,5.2086684143538756e+36
1091.2444005521697,5.228854383927088e+36
1091.0122411573457,5.2464485712959815e+36
1090.78018052412,5.24112892802015e+36
1090.5482185894848,5.219296671169735e+36
1090.3163552904875,5.201255405617105e+36
1090.0845905642277,5.181218393407428e+36
1089.8529243478592,5.1535599487264e+36
1089.621356578589,5.1212279362635725e+36
1089.3898871936772,5.0912662515484717e+36
1089.1585161304376,5.0572412440558423e+36
1088.9272433262372,5.0327876167052147e+36
1088.6960687184958,4.9964623488363487e+36
1088.464992244687,4.961698875377725e+36
1088.2340138423367,4.947279026479025e+36
1088.0031334490243,4.9204034325756383e+36
1087.7723510023823,4.8918425262466636e+36
1087.5416664400955,4.864769082557925e+36
1087.3110796999022,4.843114266930619e+36
1087.0805907195931,4.816201618138567e+36
1086.8501994370115,4.798186230628148e+36
1086.6199057900542,4.7747454217447927e+36
1086.3897097166696,4.753073713629997e+36
1086.1596111548592,4.717600603848837e+36
1085.929610042677,4.695460622940564e+36
1085.6997063182296,4.68235556794122e+36
1085.469899919675,4.652393897391296e+36
1085.2401907852256,4.643077780275404e+36
1085.0105788531437,4.6120215871129046e+36
1084.7810640617458,4.5862091486539944e+36
1084.551646349399,4.5646415367335594e+36
1084.322325654524,4.539481801080748e+36
1084.0931019155926,4.5107101798325035e+36
1083.8639750711286,4.49303585666604e+36
1083.6349450597083,4.466624551139083e+36
1083.4060118199595,4.449366256303094e+36
1083.1771752905622,4.4193967819852944e+36
1082.9484354102478,4.399489555495186e+36
1082.7197921178,4.3866562670041704e+36
1082.4912453520533,4.370528841574824e+36
1082.2627950518945,4.3559471227856945e+36
1082.034441156262,4.351712678283385e+36
1081.8061836041454,4.338290125520563e+36
1081.5780223345862,4.336163630278942e+36
1081.3499572866767,4.315740303041193e+36
1081.1219883995611,4.304705191862739e+36
1080.8941156124347,4.294165819550385e+36
1080.6663388645438,4.281448304535524e+36
1080.4386580951866,4.2736831196915306e+36
1080.2110732437118,4.259445637066355e+36
1079.9835842495193,4.2479229834160196e+36
1079.7561910520606,4.233418151061678e+36
1079.528893590837,4.2140244484315185e+36
1079.3016918054018,4.2025171403881524e+36
1079.074585635359,4.180227418975699e+36
1078.8475750203631,4.172048431616982e+36
1078.6206599001198,4.1498974852269255e+36
1078.3938402143847,4.1332350306475817e+36
1078.167115902965,4.1206690549071446e+36
1077.940486905718,4.105090668364146e+36
1077.7139531625517,4.094057814474546e+36
1077.4875146134243,4.0795236662478133e+36
1077.2611711983452,4.0654754424768364e+36
1077.0349228573737,4.0572317338514686e+36
1076.808769530619,4.043738971765337e+36
1076.5827111582414,4.026578133431139e+36
1076.3567476804512,4.0121871944467863e+36
1076.1308790375085,4.0023926145493154e+36
1075.905105169724,3.991575389590138e+36
1075.6794260174584,3.976287551705646e+36
1075.4538415211218,3.970209740970247e+36
1075.2283516211755,3.9664613821051184e+36
1075.0029562581299,3.966792654869681e+36
1074.7776553725448,3.9774136399147734e+36
1074.552448905031,3.9831143853266544e+36
1074.3273367962486,4.0029972308746556e+36
1074.1023189869068,4.0032113853198304e+36
1073.877395417765,4.015684001136446e+36
1073.6525660296327,4.015031873693493e+36
1073.427830763368,4.0370846658533355e+36
1073.2031895598793,4.038664161458147e+36
1072.9786423601238,4.052016547619382e+36
1072.7541891051085,4.0586949000477865e+36
1072.5298297358895,4.049214187848745e+36
1072.3055641935725,4.0529717891286546e+36
1072.0813924193124,4.041022563023641e+36
1071.857314354313,4.040813337206936e+36
1071.6333299398277,4.04056174159977e+36
1071.4094391171586,4.030646769716178e+36
1071.185641827657,4.030526105042722e+36
1070.961938012723,4.0291902070152226e+36
1070.7383276138062,4.025114658694954e+36
1070.5148105724043,4.0236375202831167e+36
1070.2913868300645,4.014482595427246e+36
1070.0680563283825,4.014000949620963e+36
1069.8448190090028,4.0101819187572345e+36
1069.6216748136185,4.003142187841582e+36
1069.3986236839712,4.0028737473053623e+36
1069.1756655618517,3.9946406252643016e+36
1068.952800389099,3.982184392509703e+36
1068.7300281075998,3.9433823850986655e+36
1068.5073486592903,3.9196022395744794e+36
1068.284761986155,3.90420318517832e+36
1068.062268030226,3.8869338198632153e+36
1067.8398667335846,3.8746174913783465e+36
1067.6175580383594,3.861138140467822e+36
1067.395341886728,3.843852893814037e+36
1067.1732182209155,3.828721399886022e+36
1066.9511869831954,3.821202707952319e+36
1066.7292481158895,3.7987284961469486e+36
1066.5074015613668,3.79220571651388e+36
1066.285647262045,3.764642270216628e+36
1066.0639851603894,3.758891737819014e+36
1065.8424151989127,3.73683946597007e+36
1065.6209373201766,3.701966221255529e+36
1065.3995514667888,3.6775659442127683e+36
1065.1782575814061,3.6516422156846635e+36
1064.9570556067326,3.626895455137646e+36
1064.7359454855196,3.5943058985718395e+36
1064.514927160566,3.5647945179785805e+36
1064.2940005747187,3.541405175525773e+36
1064.0731656708715,3.506587637249805e+36
1063.8524223919658,3.4840399224462593e+36
1063.6317706809903,3.4571184402207044e+36
1063.4112104809808,3.438559154919337e+36
1063.190741735021,3.4153409886201193e+36
1062.970364386241,3.406452993282784e+36
1062.7500783778182,3.395156682936095e+36
1062.5298836529778,3.377947770099072e+36
1062.309780154991,3.3691000969258935e+36
1062.0897678271767,3.358858357262883e+36
1061.8698466129006,3.343689198494791e+36
1061.6500164555753,3.327600018448335e+36
1061.4302772986598,3.3192760634328336e+36
1061.210629085661,3.30672968666634e+36
1060.9910717601313,3.290942165527664e+36
1060.7716052656704,3.2748302664811497e+36
1060.5522295459245,3.263877154172061e+36
1060.332944544587,3.242182019882913e+36
1060.113750205397,3.2327268942279986e+36
1059.8946464721407,3.2203210465698423e+36
1059.6756332886503,3.2024235906070004e+36
1059.4567105988049,3.190322312665917e+36
1059.2378783465297,3.1738671017763947e+36
1059.0191364757961,3.1617002048573083e+36
1058.8004849306221,3.1475195013524707e+36
1058.5819236550717,3.1333677314203665e+36
1058.363452593255,3.1424545314067674e+36
1058.1450716893287,3.150920674307468e+36
1057.9267808874947,3.158665822892193e+36
1057.708580132002,3.165608379302395e+36
1057.490469367145,3.175944849382754e+36
1057.2724485372635,3.183692933338124e+36
1057.0545175867444,3.197692284832847e+36
1056.8366764600198,3.204189749578261e+36
1056.6189251015674,3.214599232126101e+36
1056.401263455911,3.225458585441886e+36
1056.18369146762,3.2335388170601586e+36
1055.9662090813094,3.2300204334008624e+36
1055.7488162416398,3.205826481211239e+36
1055.5315128933173,3.184973476592082e+36
1055.314298981094,3.168272227875258e+36
1055.097174449767,3.1431506806416017e+36
1054.8801392441783,3.12497061073377e+36
1054.6631933092167,3.105274889582236e+36
1054.446336589815,3.0786761660391524e+36
1054.2295690309522,3.0631765503457596e+36
1054.0128905776517,3.040891584652363e+36
1053.7963011749828,3.019445623287924e+36
1053.5798007680596,3.00041234771523e+36
1053.3633893020415,2.982758072236249e+36
1053.1470667221324,2.957337796561169e+36
1052.930832973582,2.93896803277031e+36
1052.7146880016842,2.9193851110360284e+36
1052.4986317517787,2.901262152011176e+36
1052.282664169249,2.8725058300479005e+36
1052.0667851995245,2.853815001846795e+36
1051.8509947880782,2.8305775818375e+36
1051.635292880429,2.8135866511737075e+36
1051.4196794221398,2.7972880451999663e+36
1051.204154358818,2.775333057960371e+36
1050.9887176361162,2.75651497873699e+36
1050.773369199731,2.739825629611918e+36
1050.5581089954037,2.7197698840060593e+36
1050.3429369689204,2.699970512131768e+36
1050.1278530661107,2.684203597095418e+36
1049.9128572328495,2.66698402391947e+36
1049.6979494150557,2.6524939182296555e+36
1049.4831295586923,2.6378006544518252e+36
1049.2683976097665,2.6193060588819154e+36
1049.05375351433,2.6032820224634692e+36
1048.8391972184784,2.5877029892018648e+36
1048.6247286683515,2.575558573757014e+36
1048.4103478101329,2.556921448423795e+36
1048.1960545900504,2.542984619475596e+36
1047.9818489543761,2.5280538926137416e+36
1047.7677308494253,2.5127208339555412e+36
1047.5537002215576,2.4952125454297017e+36
1047.3397570171765,2.4781575320413808e+36
1047.1259011827287,2.4612314428983835e+36
1046.9121326647055,2.4493774530836257e+36
1046.6984514096412,2.4360466671127227e+36
1046.4848573641139,2.4212967155957245e+36
1046.2713504747455,2.406203931450098e+36
1046.0579306882014,2.3939633075628882e+36
1045.8445979511903,2.382512929411884e+36
1045.6313522104647,2.365028171350489e+36
1045.41819341282,2.3511618442923325e+36
1045.2051215050953,2.3360807096262855e+36
1044.9921364341733,2.3213297413304704e+36
1044.7792381469794,2.3058658020781254e+36
1044.566426590483,2.297019909524118e+36
1044.3537017116957,2.2881312110421806e+36
1044.141063457673,2.2794967527006493e+36
1043.9285117755137,2.270596583384278e+36
1043.7160466123587,2.2581269575394236e+36
1043.5036679153927,2.251604686311014e+36
1043.2913756318433,2.2428252805413014e+36
1043.0791697089808,2.2316472829159744e+36
1042.8670500941187,2.2191340223784539e+36
1042.655016734613,2.2184587111642544e+36
1042.4430695778626,2.2072170114782784e+36
1042.2312085713095,2.1953190381209715e+36
1042.0194336624377,2.1931780636845025e+36
1041.8077447987748,2.1883129310157413e+36
1041.5961419278901,2.1817614992035803e+36
1041.3846249973965,2.176789306796463e+36
1041.1731939549484,2.1695163734885926e+36
1040.9618487482433,2.1708178531251666e+36
1040.750589325021,2.1629974766982568e+36
1040.5394156330642,2.1600971988993866e+36
1040.328327620197,2.1555692115589112e+36
1040.1173252342865,2.147110833518296e+36
1039.9064084232418,2.146383379883086e+36
1039.695577135015,2.1413122528857284e+36
1039.484831317599,2.1418174051464094e+36
1039.27417091903,2.137548875772572e+36
1039.0635958873863,2.1362203351685002e+36
1038.8531061707874,2.1388522170674214e+36
1038.6427017173958,2.1378676632460954e+36
1038.4323824754151,2.1371811700678357e+36
1038.2221483930916,2.136997169148244e+36
1038.0119994187132,2.1365241714666613e+36
1037.8019355006097,2.1319177501711537e+36
1037.5919565871525,2.1336180541244519e+36
1037.3820626267552,2.1316543589302646e+36
1037.1722535678725,2.128028534067434e+36
1036.9625293590016,2.1262642107191877e+36
1036.7528899486806,2.1248849277393687e+36
1036.54333528549,2.1242530095076532e+36
1036.3338653180508,2.1195015987860836e+36
1036.1244799950266,2.1238027162998354e+36
1035.9151792651217,2.1183920019575115e+36
1035.7059630770825,2.114753104405689e+36
1035.496831379696,2.1155623394783005e+36
1035.2877841217912,2.1109718626071565e+36
1035.0788212522384,2.1090845175437958e+36
1034.8699427199488,2.1053669176267428e+36
1034.6611484738748,2.1065881380917928e+36
1034.4524384630106,2.102632350392349e+36
1034.2438126363909,2.103732295783593e+36
1034.0352709430917,2.103264946776542e+36
1033.8268133322306,2.101938806053669e+36
1033.618439752965,2.1023701452946332e+36
1033.4101501544949,2.098251134203172e+36
1033.2019444860593,2.0986544163901912e+36
1032.9938226969402,2.0995109474437547e+36
1032.785784736459,2.0961245733559306e+36
1032.577830553978,2.1026817642013376e+36
1032.3699600989012,2.1035092349622897e+36
1032.162173320672,2.1094928219740654e+36
1031.9544701687762,2.1143696165995655e+36
1031.7468505927386,2.11713383131315e+36
1031.5393145421253,2.1201886015739436e+36
1031.3318619665436,2.125249273600339e+36
1031.12449281564,2.1278327003720558e+36
1030.9172070391028,2.126341161575039e+36
1030.7100045866596,2.1351033735073377e+36
1030.502885408079,2.1349051174279312e+36
1030.2958494531704,2.1351828312124195e+36
1030.0888966717828,2.13928125051612e+36
1029.8820270138056,2.1351904953073084e+36
1029.6752404291685,2.1344387546473676e+36
1029.468536867842,2.1396978953645898e+36
1029.2619162798358,2.138757221946212e+36
1029.0553786152002,2.1372392496547715e+36
1028.8489238240256,2.1360677075285842e+36
1028.6425518564427,2.1281458589842666e+36
1028.4362626626214,2.1207559101689265e+36
1028.2300561927725,2.113546891664499e+36
1028.0239323971462,2.1048957990899226e+36
1027.8178912260325,2.103722928918494e+36
1027.6119326297617,2.0926863131063976e+36
1027.4060565587033,2.0889976812677015e+36
1027.2002629632673,2.0849395319878622e+36
1026.9945517939027,2.0862879881049494e+36
1026.7889230010987,2.0825088350737935e+36
1026.5833765353836,2.0761872695188542e+36
1026.3779123473262,2.0760089899280133e+36
1026.1725303875342,2.0718133284979364e+36
1025.9672306066543,2.0719424099874398e+36
1025.762012955374,2.0687308213050133e+36
1025.5568773844197,2.0670442926184463e+36
1025.3518238445565,2.064937372527058e+36
1025.14685228659,2.060137835894586e+36
1024.9419626613642,2.0607229505422924e+36
1024.737154919763,2.0644171736965333e+36
1024.5324290127091,2.06722701754731e+36
1024.327784891165,2.068398791315039e+36
1024.123222506132,2.07410246040134e+36
1023.9187418086501,2.0747482294239643e+36
1023.714342749799,2.0815284505466753e+36
1023.5100252806976,2.085321238315763e+36
1023.3057893525032,2.0849299860894243e+36
1023.1016349164125,2.0913972199445977e+36
1022.8975619236611,2.096055143135634e+36
1022.6935703255233,2.098790427071668e+36
1022.4896600733125,2.1024864659989873e+36
1022.2858311183808,2.1127386067493917e+36
1022.0820834121188,2.1116897328124836e+36
1021.8784169059566,2.1192503093550503e+36
1021.6748315513622,2.1194799915776314e+36
1021.4713272998426,2.126935635539009e+36
1021.2679041029438,2.1322406749158843e+36
1021.0645619122497,2.1373515039984912e+36
1020.8613006793832,2.1367874900852776e+36
1020.6581203560055,2.1444854804058063e+36
1020.4550208938166,2.146570413074331e+36
1020.2520022445544,2.1529776698449497e+36
1020.0490643599957,2.144047784343553e+36
1019.8462071919555,2.1457366011024574e+36
1019.6434306922869,2.1523549850254413e+36
1019.4407348128817,2.1614388537338015e+36
1019.2381195056695,2.1690720049963307e+36
1019.0355847226184,2.1766218737678622e+36
1018.8331304157348,2.182501707843247e+36
1018.6307565370629,2.1921555091555005e+36
1018.428463038685,2.1992494745536966e+36
1018.2262498727217,2.203245532064562e+36
1018.0241169913315,2.2161180820460815e+36
1017.8220643467109,2.2288728706292116e+36
1017.6200918910943,2.236987078482448e+36
1017.4181995767541,2.248587146726776e+36
1017.2163873560003,2.2582741255619002e+36
1017.0146551811811,2.2660639980062965e+36
1016.8130030046824,2.2749853418737742e+36
1016.6114307789276,2.2875807803644673e+36
1016.4099384563782,2.2926745510254008e+36
1016.2085259895331,2.3006954335539346e+36
1016.0071933309288,2.311307214572816e+36
1015.8059404331397,2.317731881418769e+36
1015.6047672487775,2.3102150731724167e+36
1015.4036737304915,2.307846669706138e+36
1015.2026598309687,2.3006366124459543e+36
1015.0017255029334,2.3032848270269682e+36
1014.800870699147,2.3033428691584108e+36
1014.600095372409,2.3012731091686812e+36
1014.3993994755555,2.303253093049538e+36
1014.1987829614604,2.3014922937634446e+36
1013.9982457830347,2.3053355048216872e+36
1013.7977878932268,2.3020638566690534e+36
1013.5974092450219,2.3017003156517436e+36
1013.3971097914429,2.302824434726423e+36
1013.1968894855493,2.3034041251801986e+36
1012.9967482804379,2.301423102283644e+36
1012.796686129243,2.3011618791535998e+36
1012.596702985135,2.3076798407432037e+36
1012.3967988013222,2.311489633831386e+36
1012.1969735310491,2.3146717286437226e+36
1011.9972271275976,2.3186918474627952e+36
1011.7975595442864,2.3250770152004502e+36
1011.5979707344708,2.3269642996350054e+36
1011.3984606515429,2.3340085733435185e+36
1011.1990292489319,2.3397342137396396e+36
1010.9996764801034,2.3432179430179386e+36
1010.80040229856,2.3440661119327374e+36
1010.6012066578406,2.3530849694998744e+36
1010.4020895115211,2.3558201723107813e+36
1010.2030508132135,2.3606091831166787e+36
1010.0040905165666,2.3567715276462702e+36
1009.8052085752659,2.348132909418931e+36
1009.6064049430329,2.339310968353754e+36
1009.4076795736262,2.3299353870088065e+36
1009.2090324208401,2.3221593415957852e+36
1009.0104634385059,2.309993476235001e+36
1008.8119725804906,2.300388342536617e+36
1008.613559800698,2.2873734120988988e+36
1008.4152250530678,2.2719730223035445e+36
1008.2169682915763,2.2603248077733647e+36
1008.0187894702357,2.2458786257033238e+36
1007.8206885430943,2.233806932019092e+36
1007.622665464237,2.2256468054768258e+36
1007.4247201877839,2.215154501073371e+36
1007.2268526678921,2.2033962572569026e+36
1007.0290628587541,2.1863034674161952e+36
1006.8313507145986,2.1797308194711512e+36
1006.6337161896901,2.1722607083415855e+36
1006.4361592383291,2.158700308742141e+36
1006.238679814852,2.1434920488747883e+36
1006.0412778736311,2.1331581859005476e+36
1005.8439533690743,2.1260996654510092e+36
1005.6467062556253,2.1190353643037602e+36
1005.4495364877637,2.1125659162404786e+36
1005.2524440200045,2.1053278344008063e+36
1005.0554288068987,2.0974548885379927e+36
1004.8584908030327,2.0850552267251996e+36
1004.6616299630284,2.0751574651040448e+36
1004.4648462415436,2.0682224647063065e+36
1004.2681395932715,2.058669859354114e+36
1004.0715099729402,2.0508712912845473e+36
1003.8749573353143,2.0366271510775333e+36
1003.6784816351931,2.0238846583308677e+36
1003.4820828274111,2.0089359496021772e+36
1003.2857608668388,1.9994744485031846e+36
1003.0895157083818,1.9827844798851062e+36
1002.8933473069806,1.9694992249177775e+36
1002.6972556176113,1.956162268056418e+36
1002.5012405952851,1.9394303758352034e+36
1002.3053021950486,1.9252713755814106e+36
1002.1094403719829,1.908916056285097e+36
1001.913655081205,1.897363625214622e+36
1001.7179462778665,1.8813282381401863e+36
1001.5223139171541,1.8685898038244922e+36
1001.3267579542894,1.8534382515126062e+36
1001.1312783445293,1.8487835874465813e+36
1000.9358750431653,1.8491091073858124e+36
1000.740548005524,1.84196349630925e+36
1000.545297186967,1.8431600827860814e+36
1000.35012254289,1.8369766578320052e+36
1000.1550240287244,1.833471360131421e+36
999.960001599936,1.8287025802347297e+36
999.7650552120251,1.827345579059031e+36
999.5701848205272,1.8214612465602127e+36
999.3753903810119,1.8164344306141817e+36
999.1806718490838,1.811580426215137e+36
998.9860291803819,1.8095449780899873e+36
998.7914623305801,1.7919116750846924e+36
998.596971255386,1.7796821476620607e+36
998.4025559105431,1.7642286228383756e+36
998.208216251828,1.7487052329511085e+36
998.0139522350522,1.733549512184045e+36
997.8197638160618,1.7202124891068643e+36
997.6256509507373,1.7033860239589557e+36
997.4316135949929,1.6889515600615773e+36
997.2376517047777,1.6693866174200667e+36
997.0437652360749,1.656136879441876e+36
996.8499541449021,1.635792877537876e+36
996.6562183873106,1.6187566358935376e+36
996.4625579193861,1.617427799855214e+36
996.2689726972488,1.619566356819643e+36
996.0754626770524,1.6170909638183625e+36
995.882027814985,1.6174444203701728e+36
995.6886680672686,1.6189427727325807e+36
995.4953833901595,1.617830740717414e+36
995.3021737399474,1.6177660554422968e+36
995.1090390729564,1.615135305558664e+36
994.9159793455443,1.62131697252348e+36
994.7229945141027,1.6174369146821614e+36
994.5300845350572,1.614140077170559e+36
994.337249364867,1.620214172128669e+36
994.1444889600255,1.6086593105479926e+36
993.9518032770592,1.6049598712806674e+36
993.7591922725285,1.6066365948859006e+36
993.5666559030278,1.5990998738629067e+36
993.374194125185,1.5924693966596293e+36
993.1818068956612,1.5895606757915376e+36
992.9894941711517,1.586638158929455e+36
992.7972559083846,1.580106420370727e+36
992.6050920641223,1.5782017293886474e+36
992.41300259516,1.5687007784895363e+36
992.2209874583267,1.569314031260345e+36
992.0290466104848,1.5628025816823168e+36
991.8371800085298,1.5552591116116952e+36
991.6453876093909,1.5489263320736319e+36
991.4536693700303,1.5434953955712966e+36
991.2620252474437,1.5397616613026218e+36
991.07045519866,1.5351470913841e+36
990.8789591807412,1.530081314996724e+36
990.6875371507826,1.5295029055542244e+36
990.4961890659125,1.5216698021005756e+36
990.3049148832926,1.5188454542937523e+36
990.1137145601172,1.5105472708330297e+36
989.9225880536143,1.5088653033644195e+36
989.7315353210441,1.501599818221231e+36
989.5405563197007,1.49716303774686e+36
989.3496510069106,1.4926745058828935e+36
989.1588193400332,1.4869314281927163e+36
988.968061276461,1.4779787132119856e+36
988.7773767736194,1.4720986504829573e+36
988.5867657889663,1.4677277867299757e+36
988.3962282799929,1.4552195952247728e+36
988.2057642042226,1.451371924873811e+36
988.015373519212,1.4442474724915126e+36
987.82505618255,1.4384159482445263e+36
987.6348121518588,1.4284103155228182e+36
987.4446413847922,1.4225638210685576e+36
987.2545438390381,1.415484222954811e+36
987.0645194723153,1.4095226379383876e+36
986.8745682423763,1.4023512355951263e+36
986.6846901070058,1.394413472881495e+36
986.4948850240211,1.3871772192668532e+36
986.3051529512715,1.3811427361146678e+36
986.1154938466393,1.369782078102108e+36
985.9259076680387,1.365336571624714e+36
985.7363943734167,1.35540789258322e+36
985.5469539207521,1.349926856057973e+36
985.3575862680567,1.3421027657653065e+36
985.1682913733738,1.3331020237855824e+36
984.9790691947795,1.3260430218288877e+36
984.789919690382,1.319286126143264e+36
984.6008428183214,1.313693572002921e+36
984.4118385367702,1.3055345522149756e+36
984.2229068039329,1.2985286408224124e+36
984.0340475780462,1.2917735739193691e+36
983.8452608173786,1.2813293031237994e+36
983.6565464802309,1.2721453909324707e+36
983.4679045249358,1.2638364896496565e+36
983.2793349098578,1.2547769073396606e+36
983.0908375933936,1.245956077830541e+36
982.9024125339715,1.2369970168452165e+36
982.714059690052,1.2253065695889976e+36
982.525779020127,1.2177941673770771e+36
982.3375704827207,1.205906142861487e+36
982.1494340363886,1.1931470298569528e+36
981.9613696397184,1.1796081423902018e+36
981.7733772513291,1.1694825139840993e+36
981.5854568298716,1.1585048113545937e+36
981.3976083340285,1.1589278361468826e+36
981.2098317225139,1.1538988058693659e+36
981.0221269540733,1.1515277204793692e+36
980.8344939874845,1.1457257861912257e+36
980.646932781556,1.1443088046858197e+36
980.459443295128,1.1409113306786411e+36
980.2720254870726,1.1375605390755734e+36
980.0846793162929,1.1357093473775796e+36
979.8974047417234,1.1323362903311884e+36
979.7102017223305,1.1312963100029224e+36
979.5230702171112,1.1296447017211954e+36
979.3360101850944,1.12598810795754e+36
979.1490215853402,1.1255819165650287e+36
978.9621043769396,1.1206305901930172e+36
978.7752585190151,1.1161630014561252e+36
978.5884839707205,1.1129768906113765e+36
978.4017806912408,1.1093012330539872e+36
978.2151486397919,1.1060415493545659e+36
978.0285877756206,1.100114990444244e+36
977.8420980580056,1.0967478677789996e+36
977.6556794462558,1.0931520017526953e+36
977.4693318997116,1.0899311316231171e+36
977.2830553777443,1.082391865023062e+36
977.0968498397561,1.079735339697232e+36
976.9107152451802,1.0766549431785909e+36
976.7246515534806,1.070827867152016e+36
976.5386587241522,1.0644149735814312e+36
976.352736716721,1.059708771327627e+36
976.1668854907434,1.0538135573592458e+36
975.9811050058071,1.0472421527050117e+36
975.7953952215299,1.043813618102952e+36
975.6097560975609,1.039027875883428e+36
975.4241875935797,1.0365389876275657e+36
975.2386896692965,1.0278633843970434e+36
975.0532622844522,1.0225265068814878e+36
974.8679053988184,1.0188144096018775e+36
974.6826189721971,1.0139302394750162e+36
974.4974029644211,1.0075045405222424e+36
974.3122573353534,1.006046964686235e+36
974.1271820448878,1.0023611436221168e+36
973.9421770529483,9.989351562121853e+35
973.7572423194897,9.935911524237096e+35
973.5723778044969,9.928001681255215e+35
973.3875834679853,9.882714964667825e+35
973.2028592700005,9.850167951436862e+35
973.0182051706188,9.844547231966978e+35
972.8336211299463,9.7837448351354e+35
972.6491071081196,9.78369686988477e+35
972.4646630653058,9.699730505825997e+35
972.2802889617018,9.678956377657745e+35
972.095984757535,9.654713997262785e+35
971.9117504130625,9.58450290753741e+35
971.727585888572,9.561449026715501e+35
971.543491144381,9.530411036748146e+35
971.3594661408373,9.450532269483108e+35
971.1755108383187,9.41406239360022e+35
970.9916251972326,9.355972006946267e+35
970.807809178017,9.311998002884842e+35
970.6240627411394,9.262938988311552e+35
970.4403858470973,9.209588142224924e+35
970.2567784564184,9.145268161616413e+35
970.07324052966,9.074542799422175e+35
969.8897720274091,9.034327676594975e+35
969.7063729102827,9.005936773946684e+35
969.5230431389277,8.919920447572127e+35
969.3397826740207,8.877125992127887e+35
969.1565914762677,8.816006381259073e+35
968.9734695064049,8.75592285575881e+35
968.7904167251977,8.710895382397311e+35
968.6074330934415,8.64382720270624e+35
968.4245185719611,8.574623784228937e+35
968.2416731216111,8.51793087116271e+35
968.0588967032754,8.462265821565733e+35
967.8761892778675,8.411560547415228e+35
967.6935508063306,8.346657957772196e+35
967.5109812496372,8.29538365767559e+35
967.328480568789,8.249020927362788e+35
967.1460487248179,8.160821350764527e+35
966.9636856787843,8.114861402443143e+35
966.7813913917785,8.038761481788977e+35
966.5991658249199,7.961836907264917e+35
966.4170089393573,7.915410914658982e+35
966.2349206962689,7.837889680252245e+35
966.0529010568617,7.78314125598829e+35
965.8709499823728,7.706091227544952e+35
965.6890674340676,7.656644130316576e+35
965.507253373241,7.600275875365201e+35
965.3255077612171,7.586138220007374e+35
965.1438305593491,7.552691104230331e+35
964.9622217290192,7.490789188312549e+35
964.780681231639,7.47688821788939e+35
964.5992090286486,7.457030363396261e+35
964.4178050815174,7.384684139132121e+35
964.2364693517437,7.360184995905549e+35
964.0552018008551,7.340614813387947e+35
963.8740023904074,7.30679803186261e+35
963.6928710819861,7.258797770543618e+35
963.5118078372051,7.194540425440723e+35
963.3308126177069,7.153014345909761e+35
963.1498853851637,7.107371801104022e+35
962.9690261012755,7.037715512798436e+35
962.7882347277715,6.98596085656175e+35
962.6075112264101,6.95309122281782e+35
962.4268555589774,6.903900193274401e+35
962.2462676872891,6.820437782347875e+35
962.0657475731891,6.777818630318408e+35
961.8852951785499,6.732094964516316e+35
961.7049104652727,6.674301844134735e+35
961.5245933952875,6.646742016563886e+35
961.3443439305526,6.577152824759351e+35
961.1641620330544,6.5595852073042225e+35
960.9840476648088,6.542706772809586e+35
960.8040007878592,6.5028763680106266e+35
960.6240213642783,6.4594577346226765e+35
960.4441093561663,6.425596131633265e+35
960.2642647256524,6.401206378596578e+35
960.0844874348943,6.3796554425346776e+35
959.9047774460773,6.377381517584509e+35
959.7251347214158,6.3919237842524306e+35
959.5455592231519,6.3868458694150644e+35
959.3660509135563,6.40321503971718e+35
959.1866097549278,6.405982750551396e+35
959.0072357095934,6.408438788249833e+35
958.8279287399083,6.404620214563558e+35
958.6486888082559,6.4390342036510795e+35
958.4695158770475,6.403581345874394e+35
958.2904099087228,6.353971676761396e+35
958.1113708657494,6.323890663828404e+35
957.9323987106229,6.28890849068134e+35
957.7534934058672,6.259382175024004e+35
957.5746549140338,6.217452981073302e+35
957.3958831977021,6.1945368896117534e+35
957.2171782194803,6.14260191014675e+35
957.0385399420035,6.107762005068293e+35
956.859968327935,6.0740151449260394e+35
956.6814633399663,6.0325041120941784e+35
956.5030249408163,6.006377019055299e+35
956.3246530932321,5.97388946334349e+35
956.1463477599881,5.936196339053391e+35
955.968108903887,5.890201813412004e+35
955.7899364877587,5.873091213291982e+35
955.6118304744613,5.829800480320273e+35
955.4337908268801,5.800543988502111e+35
955.2558175079286,5.7488253593789035e+35
955.0779104805475,5.72201511682484e+35
954.900069707705,5.690491138145114e+35
954.7222951523976,5.660296014010739e+35
954.5445867776484,5.622546377645661e+35
954.3669445465086,5.585717309468031e+35
954.189368422057,5.553376582904612e+35
954.0118583673994,5.5282253832757026e+35
953.8344143456695,5.4647921353343564e+35
953.6570363200282,5.433324104576715e+35
953.4797242536637,5.396240459913844e+35
953.3024781097919,5.374808673603131e+35
953.1252978516555,5.3292513339352654e+35
952.9481834425252,5.2989861447234034e+35
952.7711348456986,5.260453218328128e+35
952.5941520245007,5.228109114713752e+35
952.4172349422835,5.204655068945059e+35
952.2403835624265,5.1692345086320415e+35
952.0635978483363,5.1209333035206044e+35
951.8868777634465,5.120908986799999e+35
951.7102232712183,5.0570689416337574e+35
951.5336343351396,5.034062472869012e+35
951.3571109187257,4.980989484805258e+35
951.1806529855182,4.8946470759852836e+35
951.0042604990871,4.8386779545903824e+35
950.8279334230281,4.773063861466903e+35
950.6516717209646,4.7083277580614266e+35
950.4754753565471,4.618706171632436e+35
950.2993442934525,4.5422015146220956e+35
950.1232784953847,4.479505822372933e+35
949.947277926075,4.392405672614072e+35
949.7713425492813,4.362246561553472e+35
949.595472328788,4.315389838717324e+35
949.4196672284066,4.2591626871190485e+35
949.2439272119756,4.2021437477800675e+35
949.06825224336,4.144582864042317e+35
948.8926422864517,4.08781730827633e+35
948.7170973051691,4.031184240116491e+35
948.5416172634574,3.9781950885245545e+35
948.3662021252886,3.925540227438253e+35
948.1908518546613,3.86885573007816e+35
948.0155664156006,3.8034787623246715e+35
947.8403457721581,3.7677934832305224e+35
947.6651898884124,3.685737440381453e+35
947.4900987284683,3.6383062139443305e+35
947.3150722564571,3.5878757026222125e+35
947.1401104365369,3.541375743910763e+35
946.9652132328919,3.495502826649666e+35
946.7903806097329,3.465604762683905e+35
946.6156125312974,3.427654392820941e+35
946.4409089618489,3.398246254073973e+35
946.2662698656775,3.360047757649799e+35
946.0916952070994,3.349164621619411e+35
945.9171849504576,3.315065378226706e+35
945.7427390601208,3.3068865128984973e+35
945.5683575004845,3.294433760273861e+35
945.3940402359704,3.288296623487852e+35
945.2197872310259,3.2623694197582736e+35
945.0455984501252,3.229766732895289e+35
944.8714738577685,3.2071735430256318e+35
944.697413418482,3.2009975189336137e+35
944.5234170968183,3.1781400107027166e+35
944.349484857356,3.1399764880218066e+35
944.1756166646996,3.1100613303357878e+35
944.00181248348,3.1194901170403452e+35
943.8280722783537,3.0940532789840025e+35
943.6543960140037,3.0651527190647838e+35
943.4807836551389,3.058250955005704e+35
943.3072351664937,3.0431264434657353e+35
943.1337505128289,3.034610546006229e+35
942.9603296589312,3.042709709707683e+35
942.786972569613,2.9967940781635305e+35
942.6136792097126,3.0003084987394688e+35
942.4404495440943,3.010395337096089e+35
942.2672835376482,3.0163403696012738e+35
942.09418115529,3.0041326916614894e+35
941.9211423619614,3.0037592762179133e+35
941.7481671226298,3.0036145363388313e+35
941.5752554022879,3.0262096132479866e+35
941.4024071659551,3.033879332393585e+35
941.2296223786755,3.0499924260459393e+35
941.0569010055192,3.0398917102709054e+35
940.8842430115823,3.054885225571636e+35
940.7116483619858,3.077044627571472e+35
940.5391170218769,3.0907360083015008e+35
940.3666489564281,3.1042739789485137e+35
940.1942441308374,3.1068840153241804e+35
940.0219025103285,3.1249958482864683e+35
939.8496240601503,3.1127840132006037e+35
939.6774087455776,3.1399814957010987e+35
939.5052565319103,3.164992674046883e+35
939.3331673844738,3.179758025248982e+35
939.1611412686188,3.1873959219500678e+35
938.9891781497217,3.2135839239685843e+35
938.8172779931842,3.2329390866672746e+35
938.6454407644328,3.2382920305732662e+35
938.47366642892,3.2622280446217544e+35
938.3019549521231,3.280211587960525e+35
938.130306299545,3.2805084599472407e+35
937.9587204367136,3.2871140994342892e+35
937.7871973291819,3.3047073946034946e+35
937.6157369425289,3.316432518610417e+35
937.4443392423574,3.3316991057164705e+35
937.2730041942966,3.345944917541514e+35
937.1017317640002,3.3577862905190475e+35
936.9305219171473,3.383333606845433e+35
936.7593746194415,3.38778932220111e+35
936.5882898366121,3.404919629742933e+35
936.4172675344133,3.431694930843832e+35
936.246307678624,3.4370571457673825e+35
936.0754102350485,3.459094002933889e+35
935.9045751695157,3.4810014445666415e+35
935.7338024478795,3.4914492614538775e+35
935.5630920360192,3.490429485749783e+35
935.3924438998381,3.483542073333758e+35
935.2218580052653,3.462563788350782e+35
935.051334318254,3.4604004790565804e+35
934.8808728047828,3.438692240861989e+35
934.7104734308548,3.4211012289272604e+35
934.5401361624978,3.411807426236021e+35
934.3698609657646,3.391350991426476e+35
934.1996478067327,3.381626595645338e+35
934.0294966515042,3.397774431794519e+35
933.859407466206,3.388418864126491e+35
933.6893802169893,3.401111489802839e+35
933.5194148700307,3.404011846087114e+35
933.3495113915308,3.410362002655342e+35
933.1796697477148,3.3932598440538646e+35
933.009889904833,3.390345113576231e+35
932.8401718291597,3.3819919154680306e+35
932.6705154869938,3.3849267424662505e+35
932.5009208446593,3.402037910953084e+35
932.331387868504,3.391605892655691e+35
932.1619165249003,3.40370390556682e+35
931.9925067802454,3.419993851132685e+35
931.8231586009607,3.4243842031835995e+35
931.6538719534918,3.448943454016101e+35
931.484646804309,3.455168480117759e+35
931.3154831199068,3.479385647560249e+35
931.1463808668042,3.483721646616747e+35
930.9773400115441,3.495800955162998e+35
930.8083605206941,3.5119573923630674e+35
930.6394423608461,3.5217019558889e+35
930.470585498616,3.5054012936872834e+35
930.3017899006437,3.505638791320689e+35
930.1330555335941,3.486673615435516e+35
929.9643823641554,3.495832262341352e+35
929.7957703590406,3.496441381487849e+35
929.6272194849865,3.493684268701769e+35
929.458729708754,3.490283868130954e+35
929.2903009971285,3.52206101390627e+35
929.1219333169188,3.5370898341116786e+35
928.9536266349584,3.551078603317504e+35
928.7853809181042,3.5632546318191534e+35
928.6171961332379,3.5924211723742206e+35
928.4490722472646,3.6063228346795784e+35
928.2810092271133,3.631687991281952e+35
928.1130070397371,3.657829879620429e+35
927.9450656521133,3.669649770995238e+35
927.7771850312429,3.690392687926496e+35
927.6093651441504,3.720869233493581e+35
927.4416059578849,3.738033059922452e+35
927.2739074395186,3.7556336932989254e+35
927.1062695561478,3.7889009636947045e+35
926.9386922748929,3.80229291377259e+35
926.7711755628976,3.833412662733371e+35
926.6037193873296,3.855653075222476e+35
926.4363237153802,3.8611467699956256e+35
926.2689885142645,3.901268255634842e+35
926.1017137512212,3.927821845271771e+35
925.9344993935129,3.955033499416298e+35
925.7673454084253,3.974532186075176e+35
925.6002517632685,3.979410530648013e+35
925.4332184253753,3.991916727361441e+35
925.266245362103,3.952790377809548e+35
925.0993325408315,3.968087881586851e+35
924.9324799289652,3.9333818713628425e+35
924.7656874939312,3.9237142219248055e+35
924.5989552031805,3.9409853198368134e+35
924.4322830241878,3.976601734570692e+35
924.2656709244505,3.985601813339647e+35
924.0991188714902,4.029649371580666e+35
923.9326268328513,4.053220424691713e+35
923.7661947761022,4.081999131767077e+35
923.599822668834,4.111362858297562e+35
923.4335104786617,4.152982705528129e+35
923.2672581732234,4.182215795295464e+35
923.1010657201804,4.193999676697113e+35
922.9349330872172,4.219507684611518e+35
922.7688602420423,4.225111513799077e+35
922.6028471523863,4.2418597399491724e+35
922.4368937860039,4.2472543398664514e+35
922.2710001106725,4.2799594806860135e+35
922.105166094193,4.261069425863728e+35
921.9393917043893,4.2633111145680896e+35
921.7736769091085,4.222327660378161e+35
921.6080216762207,4.2293301222133754e+35
921.442425973619,4.214286876673475e+35
921.2768897692201,4.178523249287034e+35
921.1114130309631,4.195396985488413e+35
920.9459957268106,4.14930037490219e+35
920.7806378247478,4.12681030253503e+35
920.6153392927832,4.131966016702452e+35
920.4501000989484,4.092314557555523e+35
920.2849202112974,4.086571484829645e+35
920.1197995979076,4.0375427670313694e+35
919.9547382268793,4.034683311174674e+35
919.7897360663352,4.034270451949147e+35
919.6247930844215,3.98151365563872e+35
919.459909249307,3.991411478221855e+35
919.295084529183,3.9883890837414314e+35
919.1303188922641,3.986144476650522e+35
918.9656123067874,3.974997366621667e+35
918.800964741013,3.990837100868822e+35
918.6363761632233,3.9659029777988894e+35
918.471846541724,3.96360613971988e+35
918.3073758448428,3.9783913195573615e+35
918.1429640409308,3.9439409093717484e+35
917.9786110983613,3.938599681488407e+35
917.8143169855307,3.96173885039659e+35
917.6500816708572,3.951112161957986e+35
917.4859051227825,3.92505781735555e+35
917.3217873097705,3.949965695866736e+35
917.1577282003071,3.942990674950939e+35
916.9937277629022,3.9426471064749e+35
916.8297859660864,3.96735866486881e+35
916.6659027784143,3.978361498095624e+35
916.5020781684623,3.980738834794943e+35
916.3383121048291,3.970693529278275e+35
916.1746045561363,3.968970362635835e+35
916.0109554910276,3.9541947440597366e+35
915.8473648781694,3.956146684966779e+35
915.6838326862501,3.97825719747723e+35
915.5203588839806,3.973307973295219e+35
915.3569434400944,3.961083346725165e+35
915.193586323347,3.9520497773212466e+35
915.0302875025162,3.950110206966342e+35
914.8670469464024,3.975375011686176e+35
914.7038646238279,3.9886093562799345e+35
914.5407405036375,3.950292762426501e+35
914.3776745546979,3.9554209459949844e+35
914.2146667458985,3.965318066536435e+35
914.0517170461504,3.991061465694266e+35
913.8888254243872,3.997329826367219e+35
913.7259918495641,3.970710693158345e+35
913.5632162906593,4.007672541917139e+35
913.4004987166724,4.026319298500644e+35
913.2378390966251,4.054247252773939e+35
913.0752373995616,4.0389664981736575e+35
912.912693594548,4.0385929568062444e+35
912.7502076506721,4.1005732126628685e+35
912.5877795370442,4.099548944803637e+35
912.4254092227959,4.102271374365094e+35
912.2630966770816,4.1184387552532604e+35
912.1008418690769,4.101239668347029e+35
911.93864476798,4.1215581330640165e+35
911.7765053430103,4.115559722967131e+35
911.6144235634096,4.112567118512781e+35
911.4523993984413,4.11885494030747e+35
911.2904328173911,4.134130073903015e+35
911.1285237895657,4.13295315700609e+35
910.9666722842945,4.157051378328742e+35
910.8048782709279,4.156629404406704e+35
910.6431417188389,4.182255622403001e+35
910.4814625974215,4.201288085457895e+35
910.3198408760918,4.176974425108848e+35
910.1582765242875,4.182240544431785e+35
909.9967695114682,4.190326834567336e+35
909.835319807115,4.187893957265313e+35
909.6739273807303,4.188946285634907e+35
909.512592201839,4.201263516372738e+35
909.3513142399868,4.183407368686149e+35
909.1900934647415,4.154167202821542e+35
909.0289298456922,4.144022571021522e+35
908.8678233524498,4.119619493376891e+35
908.7067739546465,4.1000135124097166e+35
908.5457816219359,4.096664316839747e+35
908.3848463239937,4.109690136377751e+35
908.2239680305163,4.099042776943576e+35
908.0631467112223,4.102526193336739e+35
907.9023823358511,4.103490497340182e+35
907.7416748741642,4.125421763229328e+35
907.5810242959441,4.109577961932148e+35
907.4204305709943,4.127125041536777e+35
907.2598936691404,4.131018557100257e+35
907.0994135602291,4.165943473368819e+35
906.9389902141282,4.164532264026979e+35
906.7786236007272,4.1689900543019824e+35
906.6183136899365,4.2047422130856884e+35
906.458060451688,4.235855630084189e+35
906.2978638559348,4.246668640149979e+35
906.1377238726513,4.236304733147028e+35
905.9776404718331,4.2546952469377715e+35
905.8176136234969,4.255148299006301e+35
905.6576432976806,4.239555554271069e+35
905.4977294644434,4.2471095367752544e+35
905.3378720938655,4.248889829686375e+35
905.1780711560482,4.2782642377152845e+35
905.018326621114,4.261454008432128e+35
904.8586384592066,4.285311408835755e+35
904.6990066404906,4.272258118421758e+35
904.5394311351517,4.2798556986643586e+35
904.3799119133965,4.280044641789734e+35
904.2204489454529,4.279112702857919e+35
904.0610422015694,4.278889814176221e+35
903.9016916520159,4.272949021342517e+35
903.7423972670829,4.298412609315151e+35
903.5831590170822,4.2927381522624544e+35
903.4239768723462,4.287674109885522e+35
903.2648508032281,4.3055775022610036e+35
903.1057807801027,4.297752876619753e+35
902.9467667733649,4.2972543528795454e+35
902.7878087534306,4.2941823160553125e+35
902.6289066907367,4.290690314380298e+35
902.470060555741,4.28220004587086e+35
902.3112703189219,4.286577806387656e+35
902.1525359507785,4.293234736461675e+35
901.993857421831,4.3057720918665186e+35
901.8352347026198,4.30679798308358e+35
901.6766677637066,4.30824336743181e+35
901.5181565756735,4.2771207156562705e+35
901.3597011091231,4.301543513386064e+35
901.2013013346791,4.3282534172282335e+35
901.0429572229856,4.318245384370187e+35
900.8846687447073,4.32427921533888e+35
900.7264358705295,4.3267540169485845e+35
900.5682585711584,4.350261383493813e+35
900.4101368173203,4.3506650477943584e+35
900.2520705797624,4.365953599050031e+35
900.0940598292522,4.4109834701368106e+35
899.9361045365779,4.3807637661607435e+35
899.7782046725481,4.399432714622007e+35
899.6203602079921,4.3944653419214264e+35
899.4625711137594,4.429270450094726e+35
899.3048373607202,4.4173496321508564e+35
899.1471589197645,4.427520876136329e+35
898.9895357618037,4.4753560405687964e+35
898.8319678577687,4.464434136183276e+35
898.6744551786115,4.46266677631898e+35
898.5169976953039,4.4953514206076715e+35
898.3595953788382,4.532533533503657e+35
898.2022482002271,4.5170740220298254e+35
898.0449561305038,4.527015236570533e+35
897.8877191407215,4.5658622440587105e+35
897.7305372019534,4.55321589676722e+35
897.5734102852937,4.5616276951176806e+35
897.4163383618562,4.597649329146198e+35
897.2593214027752,4.620201882316895e+35
897.1023593792052,4.6421828877267806e+35
896.9454522623207,4.6361714273248534e+35
896.7886000233166,4.66660322796672e+35
896.6318026334076,4.6704195164279994e+35
896.475060063829,4.7011980716427536e+35
896.3183722858358,4.7288477283427994e+35
896.1617392707035,4.7494528509714275e+35
896.0051609897273,4.744102012245807e+35
895.8486374142225,4.774835441030703e+35
895.6921685155245,4.7821363414037215e+35
895.535754264989,4.8244643902842766e+35
895.3793946339913,4.829712960976968e+35
895.2230895939267,4.832109810300054e+35
895.066839116211,4.842662923669085e+35
894.9106431722792,4.8559516589691904e+35
894.7545017335868,4.8570168923516224e+35
894.598414771609,4.860528193764609e+35
894.4423822578409,4.8972999832886186e+35
894.2864041637974,4.8819574425556056e+35
894.1304804610136,4.918098290575073e+35
893.9746111210442,4.9344984764616966e+35
893.8187961154634,4.9436552210418976e+35
893.6630354158661,4.9630975565565236e+35
893.507328993866,4.981895944705915e+35
893.3516768210974,5.0015829369963075e+35
893.1960788692138,4.997232090376195e+35
893.0405351098885,5.027482882774299e+35
892.8850455148151,5.048380692254989e+35
892.7296100557063,5.065887258702381e+35
892.5742287042946,5.105042300175989e+35
892.4189014323323,5.094776505139555e+35
892.2636282115914,5.1157540785475714e+35
892.1084090138634,5.144688328092035e+35
891.9532438109594,5.143358255228582e+35
891.7981325747103,5.1881840326730554e+35
891.6430752769666,5.19687532002265e+35
891.4880718895981,5.218948223147501e+35
891.3331223844943,5.2200974375983784e+35
891.1782267335644,5.25223477455608e+35
891.023384908737,5.269468195740946e+35
890.8685968819599,5.268209596214886e+35
890.7138626252009,5.311348564786579e+35
890.5591821104471,5.3229087328105056e+35
890.404555309705,5.302039296518183e+35
890.2499821950004,5.28233809011288e+35
890.0954627383787,5.276954840924241e+35
889.9409969119047,5.275639430937341e+35
889.7865846876626,5.256995704023018e+35
889.632226037756,5.256117937128076e+35
889.4779209343076,5.237800842940335e+35
889.3236693494597,5.236940025104311e+35
889.169471255374,5.190318695675374e+35
889.015326624231,5.207854655977796e+35
888.8612354282311,5.1826732283452555e+35
888.7071976395937,5.185216712232732e+35
888.5532132305573,5.176365141865044e+35
888.3992821733799,5.157373704561346e+35
888.2454044403387,5.128471481102679e+35
888.09158000373,5.122483303304212e+35
887.9378088358691,5.0919542145039e+35
887.7840909090908,5.078590212490062e+35
887.630426195749,5.075183624390959e+35
887.4768146682168,5.041833088434752e+35
887.3232562988859,5.047382638351965e+35
887.1697510601679,5.021715398560585e+35
887.0162989244927,5.013567391714001e+35
886.8628998643098,4.996547730688694e+35
886.7095538520879,4.966146832222588e+35
886.5562608603142,4.926511775615332e+35
886.4030208614951,4.937280183904323e+35
886.2498338281562,4.9135397633198184e+35
886.0966997328419,4.870372300281189e+35
885.9436185481155,4.85744855647219e+35
885.7905902465598,4.837596913248983e+35
885.6376148007757,4.7963955510128595e+35
885.4846921833838,4.761516026992071e+35
885.331822367023,4.7571240439018895e+35
885.1790053243517,4.729392435621049e+35
885.0262410280465,4.711136073334881e+35
884.8735294508033,4.678375709880098e+35
884.7208705653366,4.65136453229868e+35
884.56826434438,4.6171040000847395e+35
884.4157107606859,4.591887532945453e+35
884.2632097870252,4.57210832187778e+35
884.1107613961877,4.524983667226274e+35
883.958365560982,4.508951784698457e+35
883.8060222542356,4.485179461179418e+35
883.6537314487944,4.468317048280847e+35
883.5014931175233,4.420200283448933e+35
883.3493072333057,4.3880809558450654e+35
883.1971737690438,4.360962496966209e+35
883.0450926976586,4.355246407432255e+35
882.8930639920893,4.319502543402458e+35
882.741087625294,4.288551484839574e+35
882.5891635702496,4.245977734333226e+35
882.4372917999515,4.241230874213809e+35
882.2854722874132,4.204759439419057e+35
882.1337050056677,4.165568988130787e+35
881.9819899277657,4.1319877386688645e+35
881.8303270267767,4.126493359096617e+35
881.678716275789,4.0823398078582535e+35
881.5271576479092,4.045683128670795e+35
881.3756511162622,4.052061264353204e+35
881.2241966539916,4.021384251014106e+35
881.0727942342596,3.99513324724962e+35
880.9214438302464,3.9731930368796645e+35
880.770145415151,3.950128217552051e+35
880.6188989621905,3.931538261282528e+35
880.4677044446009,3.8897911225633416e+35
880.316561835636,3.8957181791633514e+35
880.1654711085683,3.859870039189596e+35
880.0144322366887,3.8503673407431676e+35
879.863445193306,3.821356469618855e+35
879.7125099517477,3.806942165575026e+35
879.5616264853596,3.783615462459216e+35
879.4107947675058,3.782734129809487e+35
879.2600147715682,3.72216192797838e+35
879.1092864709476,3.7278052961339115e+35
878.9586098390625,3.705552371266446e+35
878.8079848493503,3.6803130968597164e+35
878.6574114752657,3.6784134832235075e+35
878.5068896902823,3.6611361201909776e+35
878.3564194678917,3.62688385601334e+35
878.2060007816033,3.612338791928468e+35
878.0556336049452,3.6040622804977105e+35
877.9053179114632,3.581911708230187e+35
877.7550536747215,3.5599261890720935e+35
877.6048408683022,3.5575962406032915e+35
877.4546794658055,3.537919175654743e+35
877.30456944085,3.5257783999347994e+35
877.1545107670717,3.495905522393052e+35
877.004503418125,3.482408296991738e+35
876.8545473676826,3.488863580098484e+35
876.7046425894348,3.479593268520383e+35
876.5547890570899,3.459350013271963e+35
876.4049867443745,3.439214896115735e+35
876.2552356250328,3.442053374729204e+35
876.105535672827,3.430635981991354e+35
875.9558868615377,3.420310837786794e+35
875.8062891649624,3.407846008736521e+35
875.6567425569177,3.390267300215501e+35
875.5072470112372,3.396200928312671e+35
875.3578025017725,3.3921402044359425e+35
875.2084090023936,3.3589240131831814e+35
875.0590664869878,3.3470170870293755e+35
874.9097749294604,3.337633626298081e+35
874.7605343037343,3.333895399274415e+35
874.6113445837506,3.315522063217363e+35
874.4622057434677,3.299474623586089e+35
874.3131177568622,3.282354244021369e+35
874.1640805979282,3.2930620280609866e+35
874.0150942406775,3.268803871787872e+35
873.8661586591397,3.2610992126236702e+35
873.7172738273621,3.2391536106095815e+35
873.5684397194098,3.244200646293022e+35
873.4196563093651,3.2283459044700307e+35
873.2709235713287,3.2051244710564818e+35
873.1222414794183,3.2130086523400763e+35
872.9736100077694,3.1792774090866133e+35
872.8250291305353,3.182122226605731e+35
872.6764988218868,3.166028093270817e+35
872.528019056012,3.1708278937429185e+35
872.3795898071168,3.1737092832496e+35
872.2312110494249,3.1508588059900814e+35
872.0828827571772,3.1524639765273017e+35
871.9346049046321,3.147199731311858e+35
871.7863774660657,3.1723464303537744e+35
871.6382004157713,3.1635707625539805e+35
871.4900737280602,3.1890785700165166e+35
871.3419973772606,3.1754975603551654e+35
871.1939713377183,3.1881709834287885e+35
871.0459955837968,3.20399512159347e+35
870.8980700898766,3.212567805665899e+35
870.750194830356,3.219575781609724e+35
870.6023697796505,3.2211424194350504e+35
870.4545949121929,3.2350661350106975e+35
870.3068702024334,3.2333709581861443e+35
870.1591956248395,3.2409667969915532e+35
870.0115711538963,3.2560070050952458e+35
869.8639967641059,3.2684489426223267e+35
869.7164724299878,3.2646503366701805e+35
869.5689981260788,3.2831339680604937e+35
869.4215738269329,3.2471949707646555e+35
869.2741995071215,3.2345936568774268e+35
869.126875141233,3.2166054041073257e+35
868.9796007038734,3.219882025857339e+35
868.8323761696655,3.1868802392274115e+35
868.6852015132496,3.184931306694608e+35
868.5380767092829,3.1850569411215545e+35
868.3910017324399,3.1840377981397107e+35
868.2439765574126,3.1851093898949545e+35
868.0970011589094,3.1810106084150398e+35
867.9500755116565,3.1741894314810365e+35
867.8031995903968,3.186775215194885e+35
867.6563733698905,3.1749168085121097e+35
867.5095968249148,3.158161310164982e+35
867.362869930264,3.147079773177363e+35
867.2161926607494,3.135451316801991e+35
867.0695649911992,3.119500761594204e+35
866.922986896459,3.1079873587257967e+35
866.7764583513912,3.0890210115527463e+35
866.629979330875,3.0701473779529907e+35
866.4835498098068,3.047569220769912e+35
866.3371697631001,3.044592789623652e+35
866.190839165685,3.0214027189276813e+35
866.0445579925087,2.990270171033647e+35
865.8983262185353,2.97225932979488e+35
865.7521438187462,2.9582180176182278e+35
865.6060107681388,2.9501449759082386e+35
865.4599270417282,2.9228140826643218e+35
865.3138926145459,2.9051132171015277e+35
865.1679074616407,2.8810652461214358e+35
865.0219715580776,2.8531703176826648e+35
864.876084878939,2.8236493775875407e+35
864.7302473993237,2.8011365133248637e+35
864.5844590943478,2.7690180679305574e+35
864.4387199391434,2.7431213201424954e+35
864.2930299088603,2.7298859632767386e+35
864.1473889786643,2.7197632486079164e+35
864.001797123738,2.706515631505923e+35
863.8562543192812,2.691150828943146e+35
863.7107605405103,2.63670057352028e+35
863.5653157626576,2.5699530671843786e+35
863.4199199609734,2.490563869144611e+35
863.2745731107235,2.426785902489708e+35
863.1292751871911,2.333686901846867e+35
862.9840261656756,2.2319941574641993e+35
862.8388260214933,2.1235909803761507e+35
862.6936747299768,2.011630617728974e+35
862.5485722664757,1.9315139926361042e+35
862.4035186063559,1.853079340385277e+35
862.258513725,1.7850736193572035e+35
862.1135575978067,1.7436989003728076e+35
861.9686502001922,1.705525503686892e+35
861.8237915075883,1.6561466990908867e+35
861.6789814954438,1.6104455034689296e+35
861.5342201392239,1.567760760247136e+35
861.3895074144101,1.520963375524802e+35
861.2448432965007,1.486246832697503e+35
861.1002277610103,1.4696356845831469e+35
860.9556607834696,1.4449482054243142e+35
860.8111423394264,1.4404657585027903e+35
860.6666724044444,1.4365383117025944e+35
860.522250954104,1.433248837829265e+35
860.3778779640018,1.429873554475981e+35
860.2335534097507,1.4267068807850552e+35
860.0892772669803,1.4224649060799817e+35
859.9450495113363,1.4106590003613463e+35
859.8008701184805,1.4032854496228129e+35
859.6567390640917,1.4061338332714176e+35
859.5126563238643,1.4095841286019833e+35
859.3686218735095,1.4050811871747402e+35
859.2246356887545,1.4040641725020129e+35
859.0806977453427,1.4023400758712154e+35
858.9368080190341,1.3991567312113084e+35
858.7929664856044,1.4016302962349523e+35
858.6491731208463,1.4009419926063043e+35
858.5054279005678,1.3978552090733687e+35
858.361730800594,1.3924144373104429e+35
858.2180817967653,1.3949901374118943e+35
858.074480864939,1.3888237453188852e+35
857.9309279809883,1.3841843546117483e+35
857.7874231208021,1.379318790494276e+35
857.6439662602863,1.378107515643027e+35
857.5005573753623,1.3748874109454004e+35
857.3571964419676,1.3724521433837006e+35
857.213883436056,1.3698104319626614e+35
857.0706183335975,1.3672308652004464e+35
856.9274011105779,1.3643871134653398e+35
856.7842317429989,1.3535479529013658e+35
856.6411102068787,1.347349490234639e+35
856.4980364782513,1.334328881774529e+35
856.3550105331666,1.3259949280131117e+35
856.2120323476905,1.3131961589524776e+35
856.0691018979052,1.3074087781254486e+35
855.9262191599084,1.2954953512940921e+35
855.7833841098142,1.2814785783768757e+35
855.6405967237521,1.2724493532837774e+35
855.4978569778682,1.2653037429023454e+35
855.3551648483242,1.2536515115581328e+35
855.2125203112973,1.2463546942102e+35
855.0699233429813,1.2368276320339861e+35
854.9273739195854,1.2260632282863267e+35
854.784872017335,1.2235890201183424e+35
854.6424176124709,1.2232937716840606e+35
854.50001068125,1.221008135780992e+35
854.3576511999453,1.2206809725639662e+35
854.2153391448451,1.2193125964440473e+35
854.0730744922536,1.2136354939501095e+35
853.930857218491,1.2135051958494026e+35
853.7886872998932,1.2141412930416574e+35
853.6465647128119,1.2172990447990852e+35
853.5044894336144,1.2192153462831861e+35
853.3624614386837,1.2143619850330016e+35
853.2204807044188,1.2111565202364853e+35
853.078547207234,1.2043942085980142e+35
852.9366609235598,1.1993306592192502e+35
852.7948218298419,1.1924083993619345e+35
852.6530299025417,1.1865998418719504e+35
852.5112851181367,1.1813315317993256e+35
852.3695874531197,1.1745280967295065e+35
852.227936883999,1.1718729738209616e+35
852.0863333872987,1.178202656581067e+35
851.9447769395588,1.177390029360233e+35
851.8032675173341,1.1774619636087853e+35
851.6618050971958,1.169960483852945e+35
851.5203896557302,1.1682272073752807e+35
851.3790211695393,1.169031464932065e+35
851.2376996152406,1.1638564703469972e+35
851.096424969467,1.1616763131525191e+35
850.9551972088669,1.1616380226430203e+35
850.8140163101046,1.1549536703816934e+35
850.6728822498596,1.1489917709333041e+35
850.5317950048268,1.1486111588706116e+35
850.3907545517164,1.1466935350560257e+35
850.2497608672547,1.1445426459556224e+35
850.1088139281827,1.142594890662317e+35
849.9679137112573,1.1437070229018879e+35
849.8270601932506,1.143224820428285e+35
849.6862533509501,1.14259725593315e+35
849.5454931611587,1.1439558866308089e+35
849.4047796006948,1.148699262825091e+35
849.2641126463918,1.1478212126934342e+35
849.123492275099,1.153290151690493e+35
848.9829184636804,1.1542740405835786e+35
848.842391189016,1.1526599087547107e+35
848.7019104280004,1.1555066844980065e+35
848.5614761575439,1.1588906989177925e+35
848.4210883545721,1.1583269913903712e+35
848.2807469960258,1.1603171963172358e+35
848.1404520588609,1.1618926658428758e+35
848.0002035200488,1.1616531163029215e+35
847.8600013565759,1.1637913849556656e+35
847.7198455454442,1.1640572897341818e+35
847.5797360636701,1.1635545977156269e+35
847.4396728882862,1.1680126025981755e+35
847.2996559963397,1.16791890854907e+35
847.1596853648929,1.1638677896285345e+35
847.0197609710234,1.1716471697176535e+35
846.8798827918242,1.1655941907276285e+35
846.740050804403,1.1723276337851804e+35
846.600264985883,1.1683076334100112e+35
846.460525313402,1.1698793106602055e+35
846.3208317641134,1.1825092324025072e+35
846.1811843151855,1.18986458009728e+35
846.0415829438017,1.203276171835933e+35
845.9020276271601,1.1888015476875433e+35
845.7625183424746,1.2021889529326305e+35
845.6230550669733,1.188310297622512e+35
845.4836377778998,1.1992966778214816e+35
845.3442664525128,1.1937058467205918e+35
845.2049410680854,1.2042907725055003e+35
845.0656616019065,1.1963897053838615e+35
844.9264280312792,1.2071152075133244e+35
844.787240333522,1.212509844499179e+35
844.6480984859683,1.2123721698977448e+35
844.5090024659662,1.2095922536532762e+35
844.3699522508791,1.2163215359736535e+35
844.230947818085,1.2104949656166796e+35
844.0919891449769,1.2190877865434216e+35
843.9530762089627,1.2133131779932895e+35
843.8142089874651,1.2235106738845193e+35
843.6753874579216,1.2177051707926508e+35
843.5366115977848,1.2320649401409747e+35
843.3978813845218,1.2234920615078978e+35
843.259196795615,1.2363877066551109e+35
843.120557808561,1.2317311901340617e+35
842.9819644008717,1.242941387878536e+35
842.8434165500732,1.2422971974914302e+35
842.7049142337073,1.252658001654088e+35
842.5664574293297,1.2689635848338217e+35
842.4280461145113,1.2576244683782494e+35
842.2896802668373,1.2676070372802083e+35
842.1513598639083,1.2485585946048177e+35
842.013084883339,1.2634394806407454e+35
841.8748553027592,1.2485156940405459e+35
841.7366710998132,1.2691221293997443e+35
841.5985322521598,1.2644654347458994e+35
841.4604387374727,1.2626776343752348e+35
841.3223905334404,1.2618326441353451e+35
841.1843876177658,1.2355123800613042e+35
841.0464299681663,1.2701226463032515e+35
840.9085175623743,1.2523955358441232e+35
840.7706503781366,1.266347447498813e+35
840.6328283932143,1.2667667377518544e+35
840.4950515853837,1.2399389281573075e+35
840.3573199324353,1.2646810974760897e+35
840.219633412174,1.2619025634087604e+35
840.0819920024194,1.2630820161768262e+35
839.9443956810059,1.2675659650379476e+35
839.8068444257821,1.2557583148483456e+35
839.6693382146111,1.2686565155516564e+35
839.5318770253707,1.2635821963738389e+35
839.3944608359529,1.2744272517712823e+35
839.2570896242646,1.274831954703976e+35
839.1197633682267,1.2703340813605568e+35
838.9824820457749,1.2776645948725555e+35
838.8452456348591,1.272816131042186e+35
838.7080541134436,1.2655374889316724e+35
838.5709074595075,1.2624082367478928e+35
838.4338056510437,1.2613729358533066e+35
838.2967486660602,1.2551436552774548e+35
838.1597364825788,1.2490517430865839e+35
838.0227690786359,1.2492706447761584e+35
837.8858464322819,1.2528726117706595e+35
837.7489685215825,1.2435480248723926e+35
837.6121353246166,1.2371217693637477e+35
837.4753468194779,1.236740668361255e+35
837.3386029842748,1.2377869124640541e+35
837.2019037971291,1.245511716884782e+35
837.0652492361779,1.2241626880665205e+35
836.9286392795717,1.2263858918184276e+35
836.792073905476,1.2238887063153926e+35
836.6555530920697,1.214887251854949e+35
836.5190768175468,1.214623002129218e+35
836.382645060115,1.2150772401645104e+35
836.2462577979963,1.2308686340883165e+35
836.109915009427,1.222737019646842e+35
835.9736166726578,1.2160091097392601e+35
835.837362765953,1.2168323276385448e+35
835.7011532675915,1.2346301357381523e+35
835.5649881558662,1.2140122865120994e+35
835.4288674090844,1.2181832972474792e+35
835.2927910055672,1.213656440553276e+35
835.1567589236498,1.211081668713082e+35
835.0207711416821,1.2227172852158198e+35
834.8848276380273,1.2055700767856776e+35
834.748928391063,1.2010577599930004e+35
834.6130733791814,1.1998240096571687e+35
834.4772625807877,1.2100315791161676e+35
834.3414959743022,1.2110458819370442e+35
834.2057735381587,1.19356177616693e+35
834.0700952508048,1.2023408286089327e+35
833.9344610907028,1.1916337105746002e+35
833.7988710363286,1.2026851950756885e+35
833.663325066172,1.2056743404102107e+35
833.527823158737,1.1943898539044412e+35
833.3923652925415,1.182112815836238e+35
833.2569514461175,1.1726047765883946e+35
833.1215815980105,1.1716373746873651e+35
832.9862557267804,1.180063394261675e+35
832.850973811001,1.1786349193130265e+35
832.7157358292599,1.1765751255229191e+35
832.5805417601586,1.1548309062480678e+35
832.4453915823121,1.1394572692280235e+35
832.3102852743502,1.1411146276866516e+35
832.1752228149159,1.1329462535454762e+35
832.040204182666,1.1460695827415516e+35
831.9052293562717,1.1391284751955283e+35
831.7702983144175,1.1349294962625608e+35
831.6354110358018,1.1237868102794591e+35
831.5005674991372,1.120285528202087e+35
831.3657676831498,1.099233078072848e+35
831.2310115665795,1.0947471849680657e+35
831.0962991281799,1.1007188254692311e+35
830.9616303467187,1.1000215475916138e+35
830.8270052009769,1.1084434108905882e+35
830.6924236697499,1.1016347471872436e+35
830.5578857318461,1.1024497698760586e+35
830.4233913660879,1.094911273406831e+35
830.2889405513118,1.0947976988660263e+35
830.1545332663676,1.090764351894468e+35
830.0201694901185,1.0897684093092426e+35
829.8858492014423,1.1011132137085856e+35
829.7515723792296,1.0963059693036553e+35
829.617339002385,1.0956324728320085e+35
829.483149049827,1.0933735640054044e+35
829.3490025004871,1.0930073760957762e+35
829.2148993333111,1.0892400912485305e+35
829.080839527258,1.0918445690392395e+35
828.9468230613005,1.0876396729288579e+35
828.812849914425,1.084749893918849e+35
828.6789200656312,1.0805737556731446e+35
828.545033493933,1.0796029474728427e+35
828.411190178357,1.0740348153115815e+35
828.2773900979437,1.074156952068392e+35
828.1436332317476,1.0597932336264998e+35
828.0099195588363,1.0587923011013446e+35
827.8762490582908,1.0550019975620127e+35
827.7426217092058,1.0492237118935835e+35
827.6090374906894,1.0506431115606067e+35
827.4754963818633,1.049929646312747e+35
827.3419983618628,1.0515011942431323e+35
827.2085434098364,1.0486660103591897e+35
827.0751315049458,1.0517998429053812e+35
826.941762626367,1.0520924251512734e+35
826.8084367532886,1.0530602778165074e+35
826.675153864913,1.0549006973231476e+35
826.5419139404559,1.0468237134410072e+35
826.4087169591464,1.0373646806622548e+35
826.2755629002272,1.0324588813790296e+35
826.142451742954,1.0339427676616405e+35
826.0093834665961,1.034941223325671e+35
825.8763580504362,1.0462522118192042e+35
825.7433754737702,1.0449403423521727e+35
825.6104357159074,1.0369466745273864e+35
825.4775387561704,1.02593376443871e+35
825.344684573895,1.023812353566914e+35
825.2118731484308,1.0211871993501678e+35
825.07910445914,1.0250562784681664e+35
824.9463784853983,1.0261491979273052e+35
824.8136952065952,1.037497818719358e+35
824.6810546021325,1.0303974865890203e+35
824.5484566514262,1.0306454613627493e+35
824.4159013339049,1.0141565126853984e+35
824.2833886290106,1.0084088421663397e+35
824.1509185161987,1.0003520196207475e+35
824.0184909749374,9.983897102328574e+34
823.8861059847086,1.0108972058009763e+35
823.7537635250071,1.0101491441648506e+35
823.6214635753407,9.861716833754512e+34
823.4892061152308,9.739755486769246e+34
823.3569911242116,9.668385830306313e+34
823.2248185818306,9.757384605727617e+34
823.0926884676483,9.613099332282951e+34
822.9606007612384,9.637687549808624e+34
822.828555442188,9.465355928263445e+34
822.6965524900967,9.385432585718612e+34
822.5645918845777,9.332648094832155e+34
822.4326736052569,9.295834087219472e+34
822.3007976317737,9.212228598120584e+34
822.16896394378,9.08089595345295e+34
822.0371725209413,9.15483270090695e+34
821.9054233429358,9.0704616063056e+34
821.773716389455,9.008895922652366e+34
821.6420516402029,9.029475579449724e+34
821.510429074897,8.978822129376581e+34
821.3788486732677,8.925985320863554e+34
821.2473104150583,8.81119655207056e+34
821.1158142800251,8.999604770033838e+34
820.9843602479373,8.939879325880438e+34
820.8529482985771,8.98957499872031e+34
820.7215784117396,8.878650609843163e+34
820.5902505672329,8.955826494268079e+34
820.4589647448782,8.969579978881947e+34
820.3277209245093,8.903149769496027e+34
820.1965190859729,8.90616376065724e+34
820.0653592091289,8.971810112898717e+34
819.9342412738498,8.995381060307592e+34
819.803165260021,8.920850095870431e+34
819.6721311475409,8.987330711407687e+34
819.5411389163207,9.004327691839e+34
819.4101885462844,8.933710740195593e+34
819.2792800173687,9.024462911765356e+34
819.1484133095233,9.019580125259623e+34
819.0175884027109,9.04692081875431e+34
818.8868052769064,9.053085301260139e+34
818.7560639120983,9.058232668033983e+34
818.6253642882871,9.080756851558827e+34
818.4947063854864,9.198526021123e+34
818.3640901837227,9.131466270822636e+34
818.2335156630351,9.260587764786818e+34
818.1029828034752,9.160334663284913e+34
817.972491585108,9.146776994201793e+34
817.8420419880104,9.180520866564007e+34
817.7116339922725,9.189700733846676e+34
817.5812675779972,9.322972198635187e+34
817.4509427252997,9.241244123616662e+34
817.320659414308,9.349793143653405e+34
817.1904176251628,9.223594740393649e+34
817.0602173380178,9.340584672443957e+34
816.9300585330387,9.328379629388452e+34
816.7999411904043,9.33778833316521e+34
816.6698652903058,9.323459061065695e+34
816.539830812947,9.368679162478736e+34
816.4098377385448,9.304387790569057e+34
816.2798860473279,9.396328428016666e+34
816.1499757195381,9.304906164622735e+34
816.02010673543,9.49529424558757e+34
815.8902790752699,9.35464760906576e+34
815.7604927193375,9.487866394202205e+34
815.6307476479249,9.389730622631653e+34
815.501043841336,9.507851726494698e+34
815.3713812798884,9.5079418798079e+34
815.2417599439113,9.443342581168082e+34
815.1121798137468,9.424469599147525e+34
814.9826408697494,9.275885007113633e+34
814.8531430922861,9.40951111483292e+34
814.7236864617364,9.280784009494716e+34
814.5942709584923,9.33416843963503e+34
814.4648965629581,9.23278502417695e+34
814.3355632555506,9.252596629879811e+34
814.2062710166992,9.167057568879315e+34
814.0770198268458,9.195516763135448e+34
813.9478096664442,9.158167640362974e+34
813.818640515961,9.045668325618095e+34
813.6895123558752,9.046275488702973e+34
813.5604251666782,9.0329324011781e+34
813.4313789288735,9.023266159397178e+34
813.3023736229774,8.976069333830903e+34
813.1734092295181,8.892615937576657e+34
813.0444857290365,8.92136161126209e+34
812.9156031020858,8.858310918518542e+34
812.7867613292315,8.928732212770906e+34
812.657960391051,8.785128763218752e+34
812.5292002681346,8.710418803862938e+34
812.4004809410847,8.862746102379894e+34
812.2718023905159,8.734206534931374e+34
812.1431645970551,8.640979090828344e+34
812.0145675413416,8.586166354388816e+34
811.886011204027,8.669012951451386e+34
811.7574955657747,8.641149237668004e+34
811.6290206072608,8.470188743029031e+34
811.5005863091735,8.502527577990655e+34
811.3721926522134,8.457672052110916e+34
811.2438396170928,8.526111114766259e+34
811.1155271845369,8.514640815374775e+34
810.9872553352824,8.394457124473486e+34
810.8590240500787,8.347476446671397e+34
810.730833309687,8.326193008184977e+34
810.602683094881,8.427517199680746e+34
810.4745733864464,8.422209431206056e+34
810.3465041651809,8.334951966884872e+34
810.2184754118947,8.326033990624752e+34
810.0904871074099,8.272449798159422e+34
809.9625392325605,8.247924629871573e+34
809.8346317681929,8.1464301171175195e+34
809.7067646951656,8.0843828128085555e+34
809.5789379943491,8.145170683926929e+34
809.451151646626,8.0239601367063585e+34
809.3234056328909,7.968519002684421e+34
809.1956999340505,7.918915783619237e+34
809.0680345310236,7.8948322718853905e+34
808.9404094047412,7.925486827725832e+34
808.8128245361459,7.87327794080485e+34
808.6852799061925,7.836962710558556e+34
808.557775495848,7.792487122836552e+34
808.4303112860914,7.753929462368868e+34
808.3028872579132,7.729265613286091e+34
808.1755033923166,7.711471604035677e+34
808.0481596703163,7.717243660632391e+34
807.920856072939,7.714057478956926e+34
807.7935925812236,7.782069062770619e+34
807.6663691762207,7.731786986663624e+34
807.5391858389928,7.744879969305299e+34
807.4120425506146,7.73534906179335e+34
807.2849392921726,7.587433385576812e+34
807.157876044765,7.537292451369971e+34
807.0308527895021,7.512578682187961e+34
806.9038695075062,7.515374911924154e+34
806.7769261799111,7.575154822020304e+34
806.6500227878631,7.510907747354261e+34
806.5231593125196,7.502109099743568e+34
806.3963357350503,7.388693331731651e+34
806.2695520366369,7.384379965102816e+34
806.1428081984723,7.484428126166082e+34
806.0161042017619,7.396938468214128e+34
805.8894400277226,7.398560921434679e+34
805.762815657583,7.284818102504159e+34
805.6362310725838,7.3219831391193945e+34
805.5096862539772,7.386925463655721e+34
805.3831811830272,7.365815986723881e+34
805.25671584101,7.295332640472914e+34
805.1302902092131,7.274207401365646e+34
805.0039042689357,7.322162166352717e+34
804.877558001489,7.315693655727656e+34
804.7512513881958,7.291733699880168e+34
804.6249844103909,7.314032745045542e+34
804.4987570494203,7.267655376713187e+34
804.3725692866421,7.20695909818742e+34
804.246421103426,7.232104791652825e+34
804.1203124811534,7.18584927111014e+34
803.9942434012172,7.247594920885098e+34
803.8682138450222,7.072185077129475e+34
803.7422237939847,7.207161881872681e+34
803.6162732295329,7.100545614655684e+34
803.4903621331061,7.181102720820668e+34
803.364490486156,7.05008185508466e+34
803.2386582701453,7.201234203373871e+34
803.1128654665483,7.010495687241996e+34
802.9871120568515,7.086835174619326e+34
802.8613980225523,7.025842915103595e+34
802.7357233451602,7.073630971721452e+34
802.6100880061961,7.030003615648568e+34
802.4844919871923,7.189416187152315e+34
802.3589352696929,7.023498497786732e+34
802.2334178352534,7.059432062749641e+34
802.1079396654408,7.073648970178005e+34
801.9825007418337,6.977810997124665e+34
801.8571010460225,6.928768477911558e+34
801.7317405596086,7.037754894331675e+34
801.6064192642054,7.029941912988118e+34
801.4811371414373,6.961363112459787e+34
801.3558941729407,6.881034178450549e+34
801.2306903403629,6.85480531749814e+34
801.105525625363,6.934533880006814e+34
800.9804000096119,6.89778577172508e+34
800.8553134747912,6.878395507616163e+34
800.7302660025945,6.849980101079441e+34
800.6052575747266,6.906994428606782e+34
800.4802881729038,6.858140438930702e+34
800.3553577788538,6.7889052188653035e+34
800.2304663743158,6.750639307091205e+34
800.1056139410402,6.740647973007345e+34
799.980800460789,6.729776190943523e+34
799.8560259153353,6.728530544214628e+34
799.7312902864637,6.748454427761405e+34
799.6065935559704,6.703460294820197e+34
799.4819357056629,6.798838162219545e+34
799.3573167173593,6.750522130149219e+34
799.2327365728901,6.76142191118992e+34
799.1081952540965,6.725244880751107e+34
798.9836927428312,6.8196551103028755e+34
798.8592290209582,6.707978954353458e+34
798.7348040703525,6.688261237930522e+34
798.6104178729012,6.78128958804312e+34
798.4860704105017,6.681264564019417e+34
798.3617616650633,6.692139899569309e+34
798.2374916185063,6.709877862915335e+34
798.1132602527626,6.621518526082692e+34
797.9890675497746,6.721712995731508e+34
797.8649134914968,6.698288152717766e+34
797.7407980598944,6.641390588333965e+34
797.616721236944,6.656736908126222e+34
797.4926830046335,6.627874837020694e+34
797.3686833449617,6.602799485304814e+34
797.2447222399389,6.65207677186788e+34
797.1207996715863,6.65349662505368e+34
796.9969156219365,6.579790268609045e+34
796.8730700730334,6.643761708970774e+34
796.7492630069318,6.587893810788187e+34
796.6254944056975,6.572834944500787e+34
796.5017642514078,6.531585571246306e+34
796.3780725261511,6.591845934429621e+34
796.2544192120267,6.542603134034791e+34
796.1308042911451,6.512680388298825e+34
796.007227745628,6.491267650744226e+34
795.8836895576081,6.445532200628384e+34
795.7601897092293,6.517260841982489e+34
795.6367281826465,6.442558732095235e+34
795.5133049600255,6.493390259079657e+34
795.3899200235436,6.46550015181398e+34
795.2665733553887,6.442292661048782e+34
795.1432649377603,6.45515973786464e+34
795.0199947528681,6.414093572875825e+34
794.8967627829336,6.430556422793407e+34
794.773569010189,6.418462375816723e+34
794.6504134168777,6.3853291130891835e+34
794.5272959852537,6.39613892829254e+34
794.4042166975823,6.374012317018129e+34
794.2811755361398,6.383464574741478e+34
794.1581724832135,6.315550652026523e+34
794.0352075211015,6.3426724391910095e+34
793.912280632113,6.250907685586559e+34
793.7893917985681,6.321446103925271e+34
793.6665410027978,6.321808675395626e+34
793.543728227144,6.260000229535298e+34
793.4209534539598,6.202617940097592e+34
793.298216665609,6.210559107029711e+34
793.1755178444663,6.20644600236094e+34
793.0528569729173,6.1771417241401425e+34
792.9302340333586,6.13916560445421e+34
792.8076490081977,6.101561108565814e+34
792.6851018798528,6.080080581560272e+34
792.5625926307531,6.0480244572626e+34
792.4401212433386,5.976423081932806e+34
792.3176877000603,5.931711917787289e+34
792.1952919833798,5.848932096653653e+34
792.0729340757697,5.80814921776674e+34
791.9506139597136,5.773935792728786e+34
791.8283316177053,5.74474384092357e+34
791.7060870322503,5.732791509316333e+34
791.5838801858639,5.741005871861783e+34
791.4617110610733,5.750497462433425e+34
791.3395796404153,5.7392642364345e+34
791.2174859064387,5.749475571757665e+34
791.095429841702,5.729492053221958e+34
790.973411428775,5.757714904035899e+34
790.8514306502381,5.728847521409747e+34
790.7294874886828,5.547248882814966e+34
790.6075819267108,5.247127388058837e+34
790.4857139469348,4.9502633459819505e+34
790.3638835319782,4.787788428210978e+34
790.2420906644751,4.774129914961037e+34
790.1203353270703,4.755247611952247e+34
789.9986175024194,4.682724665647834e+34
789.8769371731885,4.621971925899092e+34
789.7552943220543,4.488971510883082e+34
789.6336889317046,4.349133852716652e+34
789.5121209848375,4.208091896163146e+34
789.3905904641617,4.205908187105534e+34
789.2690973523969,4.215700242584025e+34
789.147641632273,4.216347791643383e+34
789.026223286531,4.196405341851775e+34
788.9048422979221,4.210883917895574e+34
788.7834986492084,4.206055559322842e+34
788.6621923231622,4.235205561082909e+34
788.5409233025672,4.224732123261002e+34
788.4196915702167,4.2445765817307505e+34
788.2984971089153,4.222835250480222e+34
788.1773399014779,4.241670263722378e+34
788.0562199307299,4.183846141257157e+34
787.9351371795074,4.190387434512494e+34
787.8140916306571,4.15944965568286e+34
787.6930832670358,4.0895498519897965e+34
787.5721120715116,4.0579904990424204e+34
787.4511780269623,3.976449563858561e+34
787.330281116277,3.9579073791979794e+34
787.2094213223544,3.868054227117527e+34
787.0885986281047,3.850940482331165e+34
786.9678130164477,3.7994924573819647e+34
786.8470644703143,3.7583880486172905e+34
786.7263529726456,3.7444989251945957e+34
786.6056785063931,3.716225025852033e+34
786.4850410545191,3.715803520445227e+34
786.3644405999962,3.6667651942108743e+34
786.243877125807,3.6941774606404404e+34
786.1233506149451,3.64294612816328e+34
786.0028610504143,3.6891357451917014e+34
785.8824084152288,3.629412182858721e+34
785.7619926924135,3.6642492536904526e+34
785.6416138650033,3.613432375517916e+34
785.5212719160436,3.6395730369026194e+34
785.4009668285903,3.598537449348259e+34
785.2806985857095,3.606500501078079e+34
785.1604671704781,3.5841308859508377e+34
785.0402725659827,3.567246152743311e+34
784.9201147553209,3.561794780735415e+34
784.7999937216001,3.543190381474766e+34
784.6799094479385,3.5252745610055133e+34
784.5598619174643,3.5213904323245198e+34
784.4398511133163,3.5192032450483596e+34
784.3198770186434,3.5200221871070294e+34
784.1999396166048,3.497455110537427e+34
784.08003889037,3.4986382914988996e+34
783.960174823119,3.491136683630784e+34
783.840347398042,3.510455548828656e+34
783.7205565983394,3.4786468590605535e+34
783.6008024072217,3.49217041762823e+34
783.4810848079101,3.448242623537234e+34
783.3614037836356,3.444300814527671e+34
783.2417593176399,3.4343897629033126e+34
783.1221513931745,3.4312610156257246e+34
783.0025799935012,3.457291293047468e+34
782.8830451018923,3.404239811581774e+34
782.7635467016303,3.424208366723643e+34
782.6440847760073,3.3784046535976157e+34
782.5246593083265,3.4158735894451983e+34
782.4052702819007,3.366814885300806e+34
782.2859176800529,3.3462148601550457e+34
782.1666014861165,3.378918555027286e+34
782.047321683435,3.341995337156311e+34
781.928078255362,3.3768559088459444e+34
781.8088711852614,3.362817949744375e+34
781.6897004565068,3.3209137592889042e+34
781.5705660524825,3.369690169559209e+34
781.4514679565825,3.3276139319604007e+34
781.3324061522113,3.3455264966521996e+34
781.2133806227833,3.3361590583728364e+34
781.0943913517231,3.305794594519013e+34
780.9754383224648,3.3374809426308885e+34
780.8565215184536,3.327932581214548e+34
780.7376409231442,3.2939630318749397e+34
780.6187965200014,3.325468804130075e+34
780.4999882925002,3.3073387548015204e+34
780.3812162241255,3.2944726710603933e+34
780.2624802983723,3.297011209369381e+34
780.1437804987461,3.2835339555247632e+34
780.0251168087613,3.2748215518293406e+34
779.9064892119435,3.258578196880249e+34
779.7878976918279,3.2650675510806385e+34
779.6693422319595,3.2567517546334606e+34
779.5508228158935,3.241886789599527e+34
779.4323394271953,3.2370143317324033e+34
779.3138920494397,3.245884927313152e+34
779.1954806662122,3.2302169062731543e+34
779.0771052611077,3.2258448637013725e+34
778.9587658177315,3.2597353124742583e+34
778.8404623196985,3.2199510456747245e+34
778.7221947506338,3.192052883830865e+34
778.6039630941722,3.1977636071202803e+34
778.4857673339587,3.189419688987666e+34
778.3676074536482,3.1724823469197544e+34
778.2494834369055,3.166409967551562e+34
778.1313952674049,3.211571414063212e+34
778.0133429288312,3.167784552695321e+34
777.895326404879,3.166476521286044e+34
777.7773456792526,3.146038569919604e+34
777.6594007356658,3.1907492354313966e+34
777.5414915578433,3.154887049762969e+34
777.4236181295188,3.143082565744717e+34
777.3057804344363,3.1864955971951975e+34
777.1879784563494,3.179334161813512e+34
777.0702121790215,3.127903934007625e+34
776.9524815862262,3.1311909712943647e+34
776.8347866617468,3.171095521325578e+34
776.7171273893762,3.1654932648626653e+34
776.5995037529171,3.1241834981451297e+34
776.4819157361825,3.1326810630327915e+34
776.3643633229948,3.158552436808957e+34
776.2468464971862,3.1588018329083657e+34
776.1293652425987,3.140088032810057e+34
776.0119195430842,3.120200238641041e+34
775.8945093825043,3.1105533540812567e+34
775.7771347447306,3.1469140789312206e+34
775.6597956136438,3.1595338638012683e+34
775.5424919731353,3.1640035739054604e+34
775.4252238071053,3.145141239968917e+34
775.3079910994643,3.1363008018418483e+34
775.1907938341325,3.1695323136748005e+34
775.0736319950396,3.16634936012818e+34
774.9565055661252,3.1642364090127664e+34
774.8394145313384,3.1404351867411637e+34
774.7223588746384,3.122951485124227e+34
774.6053385799936,3.1456911456394232e+34
774.4883536313823,3.1497942855528133e+34
774.3714040127926,3.1447621957838035e+34
774.2544897082222,3.126195085042354e+34
774.1376107016783,3.1205869986979865e+34
774.0207669771781,3.1087576616683405e+34
773.9039585187478,3.1111680715791792e+34
773.7871853104241,3.1075791837827443e+34
773.6704473362528,3.118716505134124e+34
773.553744580289,3.122267493062234e+34
773.4370770265984,3.1198983565114837e+34
773.3204446592557,3.1299269634168604e+34
773.203847462345,3.13895339226731e+34
773.0872854199604,3.1715294066577482e+34
772.9707585162055,3.171111995395171e+34
772.854266735193,3.1371262342811695e+34
772.7378100610464,3.137699767760534e+34
772.6213884778973,3.1365761200152714e+34
772.5050019698878,3.1413971538137504e+34
772.3886505211692,3.1268356449050408e+34
772.2723341159027,3.134049887571873e+34
772.1560527382585,3.1414627024069695e+34
772.0398063724167,3.1698530426406762e+34
771.9235950025667,3.1678679127024204e+34
771.8074186129078,3.1710594026546154e+34
771.6912771876483,3.1715216833167903e+34
771.5751707110066,3.176133955614709e+34
771.4590991672098,3.1927307395299888e+34
771.3430625404955,3.2074437435886453e+34
771.22706081511,3.197696752878713e+34
771.1110939753091,3.2099394641927932e+34
770.9951620053585,3.2189180018909813e+34
770.879264889533,3.22838524945682e+34
770.7634026121173,3.196748672468482e+34
770.6475751574048,3.200889478673019e+34
770.5317825096992,3.201881534254444e+34
770.4160246533128,3.203640871153401e+34
770.3003015725682,3.202350312824388e+34
770.1846132517966,3.1963915390124414e+34
770.068959675339,3.1971747011273816e+34
769.953340827546,3.191103690904575e+34
769.8377566927771,3.1939862710932417e+34
769.7222072554015,3.205661332867589e+34
769.606692499798,3.1998237891950606e+34
769.4912124103544,3.1872409971102736e+34
769.3757669714678,3.1831494163691256e+34
769.260356167545,3.1740171619728734e+34
769.1449799830019,3.1606777416500416e+34
769.0296384022641,3.1501335610948916e+34
768.9143314097661,3.136638388374288e+34
768.7990589899518,3.128245496909424e+34
768.6838211272749,3.1087468210910895e+34
768.5686178061977,3.094190325223096e+34
768.4534490111926,3.083937530399993e+34
768.3383147267405,3.0839263540249416e+34
768.2232149373323,3.0604143653843573e+34
768.1081496274677,3.061962020617416e+34
767.9931187816558,3.0650918397503665e+34
767.8781223844153,3.0675747460982963e+34
767.7631604202736,3.089389940180374e+34
767.648232873768,3.1000018872812864e+34
767.5333397294445,3.0970476426018695e+34
767.4184809718588,3.098583925933519e+34
767.3036565855755,3.1006767399740813e+34
767.1888665551686,3.0691478670257055e+34
767.0741108652213,3.062203382531024e+34
766.959389500326,3.063708115806252e+34
766.8447024450844,3.0729035166121994e+34
766.7300496841073,3.1119225763013863e+34
766.6154312020147,3.1064758240977677e+34
766.500846983436,3.1154229599613234e+34
766.3862970130094,3.1176770941661505e+34
766.2717812753828,3.1220858038275946e+34
766.1572997552128,3.0994613613218926e+34
766.0428524371654,3.114381333411226e+34
765.9284393059157,3.127210327382588e+34
765.814060346148,3.1244500312000386e+34
765.6997155425557,3.1167079334557466e+34
765.5854048798413,3.1413615976469857e+34
765.4711283427168,3.142518246859587e+34
765.3568859159027,3.1372681848673546e+34
765.242677584129,3.1437644917164946e+34
765.1285033321348,3.160858615676162e+34
765.0143631446681,3.169195963169363e+34
764.9002570064864,3.171981934862637e+34
764.786184902356,3.17771248499357e+34
764.6721468170522,3.1767778540230025e+34
764.5581427353596,3.1832556701804585e+34
764.444172642072,3.187984833207773e+34
764.3302365219918,3.2225640722207974e+34
764.2163343599307,3.195864981554219e+34
764.1024661407095,3.215135438240668e+34
763.9886318491582,3.221562358187141e+34
763.8748314701154,3.255349402332728e+34
763.7610649884291,3.2630773318489782e+34
763.6473323889562,3.242613816083459e+34
763.5336336565626,3.2509020365398425e+34
763.4199687761234,3.294828423351633e+34
763.3063377325223,3.2869494684692164e+34
763.1927405106524,3.2733051851434433e+34
763.0791770954155,3.2996703000712624e+34
762.9656474717226,3.301674997154411e+34
762.8521516244938,3.2606798733025006e+34
762.7386895386576,3.3031891624152806e+34
762.625261199152,3.3045392515995947e+34
762.5118665909239,3.293854303748358e+34
762.3985056989288,3.2948889435084297e+34
762.2851785081317,3.2943880133997767e+34
762.171885003506,3.314252890219778e+34
762.0586251700344,3.2881476779859285e+34
761.9453989927083,3.2856360317005966e+34
761.832206456528,3.2846257898035627e+34
761.719047546503,3.281701064488184e+34
761.6059222476515,3.2615735911283284e+34
761.4928305450004,3.277187082511389e+34
761.3797724235861,3.264895029608e+34
761.2667478684531,3.262765117458026e+34
761.1537568646554,3.2909813816449677e+34
761.0407993972558,3.2468501329994646e+34
760.9278754513253,3.234458444723568e+34
760.8149850119448,3.271122423629679e+34
760.7021280642033,3.2282382422657294e+34
760.5893045931988,3.2553381501862776e+34
760.4765145840383,3.217318360683224e+34
760.3637580218377,3.2161520547674755e+34
760.2510348917212,3.248856884225383e+34
760.1383451788225,3.2115653124465252e+34
760.0256888682839,3.231089213809558e+34
759.9130659452559,3.196594964190311e+34
759.8004763948987,3.224725277928638e+34
759.6879202023808,3.196345824189882e+34
759.5753973528798,3.2080874737096296e+34
759.4629078315816,3.21286831553741e+34
759.3504516236811,3.2000421931000133e+34
759.2380287143823,3.199110047718793e+34
759.1256390888974,3.195709748705298e+34
759.0132827324479,3.1901337944499062e+34
758.9009596302635,3.1771349480261477e+34
758.7886697675831,3.186213893040839e+34
758.6764131296541,3.176386158769843e+34
758.5641897017325,3.179892775268011e+34
758.4519994690837,3.1563412148236504e+34
758.3398424169808,3.15447410707921e+34
758.2277185307064,3.154669565710715e+34
758.1156277955514,3.162682790735931e+34
758.0035701968156,3.163784879520646e+34
757.8915457198075,3.1682641866135444e+34
757.7795543498441,3.1429677110777903e+34
757.6675960722513,3.1637249710514447e+34
757.5556708723633,3.144634685459206e+34
757.4437787355234,3.156230710840608e+34
757.3319196470833,3.1563028523669135e+34
757.2200935924036,3.1425206767344894e+34
757.1083005568532,3.1559287350073046e+34
756.9965405258098,3.1286429583479487e+34
756.8848134846598,3.1454248366098277e+34
756.7731194187983,3.1431943878377396e+34
756.6614583136287,3.1237406045037453e+34
756.5498301545631,3.137515105256406e+34
756.4382349270226,3.1262931573938885e+34
756.3266726164366,3.1277111771972385e+34
756.2151432082427,3.1136165797191304e+34
756.1036466878879,3.1058232236345165e+34
755.9921830408275,3.1163766885753876e+34
755.8807522525248,3.1026069875890906e+34
755.7693543084522,3.114114417660745e+34
755.6579891940908,3.1362517805688383e+34
755.5466568949299,3.099491098821706e+34
755.4353573964677,3.090846320873056e+34
755.3240906842103,3.1237193825505276e+34
755.2128567436732,3.09896561024043e+34
755.1016555603799,3.0792888476911805e+34
754.9904871198623,3.0709370648532375e+34
754.8793514076614,3.103576808339498e+34
754.7682484093259,3.093955484438961e+34
754.657178110414,3.0550672301541454e+34
754.5461404964914,3.0491416206807915e+34
754.435135553133,3.0721205875691797e+34
754.3241632659219,3.0568206565306775e+34
754.2132236204498,3.044422530123677e+34
754.1023166023166,3.0087478455605244e+34
753.9914421971312,3.027972710780937e+34
753.8806003905102,3.0201117180979586e+34
753.7697911680793,2.9967263657980784e+34
753.6590145154727,2.997964499902637e+34
753.5482704183323,2.991526620724939e+34
753.4375588623093,3.011492791838898e+34
753.3268798330629,2.985753614407963e+34
753.2162333162605,2.9581620859268088e+34
753.1056192975784,2.964284108723772e+34
752.9950377627013,2.963014221529083e+34
752.8844886973216,2.973073920344862e+34
752.7739720871413,2.9525321093474346e+34
752.6634879178694,2.9613187791363755e+34
752.5530361752245,2.982044614303971e+34
752.4426168449329,2.980863542723141e+34
752.3322299127295,2.982827932055328e+34
752.2218753643574,2.9832183783264403e+34
752.1115531855685,2.992661686690829e+34
752.0012633621225,2.981391372917913e+34
751.8910058797877,2.9736561921311123e+34
751.7807807243408,2.976872240335558e+34
751.6705878815668,2.9718845532765252e+34
751.560427337259,2.9649419296210684e+34
751.450299077219,2.958819038889783e+34
751.3402030872569,2.968040944829274e+34
751.2301393531909,2.9646517434315543e+34
751.1201078608476,2.960245621157692e+34
751.0101085960617,2.9772065400454437e+34
750.9001415446767,2.9828856810766943e+34
750.7902066925438,2.97179232508267e+34
750.6803040255231,2.9801457013900315e+34
750.5704335294824,2.9739830473901528e+34
750.4605951902981,2.9610243109215917e+34
750.3507889938547,2.97789684919653e+34
750.2410149260451,2.9593216418751333e+34
750.1312729727704,2.9678366093706167e+34
750.0215631199397,2.958523313669585e+34
749.911885353471,2.9401293934904778e+34
749.80223965929,2.947755610105803e+34
749.6926260233305,2.9546841780931e+34
749.583044431535,2.937196806847779e+34
749.4734948698539,2.9196970682225954e+34
749.3639773242461,2.9348742352037223e+34
749.2544917806782,2.935450614863357e+34
749.1450382251256,2.9516238937999444e+34
749.0356166435714,2.9205922378256456e+34
748.9262270220073,2.965926697747438e+34
748.8168693464327,2.970551684205121e+34
748.7075436028556,2.938100925883974e+34
748.5982497772922,2.954578893236234e+34
748.4889878557663,2.9542381871389954e+34
748.3797578243104,2.9567687238568857e+34
748.2705596689651,2.934376705225632e+34
748.161393375779,2.9320868180962405e+34
748.052258930809,2.9537663632682843e+34
747.9431563201197,2.9488965183338866e+34
747.8340855297845,2.9471511366876574e+34
747.7250465458842,2.9406287422424466e+34
747.6160393545083,2.942296146727157e+34
747.5070639417544,2.9733417498501086e+34
747.3981202937274,2.9438483706312014e+34
747.2892083965415,2.991760926332335e+34
747.1803282363182,2.973426312132265e+34
747.0714797991872,2.9841578664582463e+34
746.9626630712864,2.9573132704404574e+34
746.8538780387618,2.9858578551083536e+34
746.7451246877673,2.9893188350322212e+34
746.6364030044649,2.994786167501441e+34
746.527712975025,3.0060733204859177e+34
746.4190545856255,2.994913091631971e+34
746.3104278224529,3.0069168369075574e+34
746.201832671701,2.9985110203063185e+34
746.0932691195726,3.010562411362336e+34
745.984737152278,3.0357507424796545e+34
745.8762367560352,2.9813826364388993e+34
745.7677679170707,3.009588680582441e+34
745.659330621619,3.0063253226936795e+34
745.5509248559223,3.0145003234726625e+34
745.4425506062312,3.0161862345857994e+34
745.3342078588039,3.043113763596173e+34
745.2258965999068,3.0078848936942533e+34
745.1176168158144,3.0211280496792456e+34
745.0093684928089,2.9882175729610973e+34
744.9011516171804,3.0349130422350443e+34
744.7929661752275,2.988776113742572e+34
744.6848121532562,3.0311894322176516e+34
744.5766895375807,3.0124167050687303e+34
744.4685983145231,3.046836637129241e+34
744.3605384704136,3.012402508534229e+34
744.25250999159,3.015388561489014e+34
744.1445128643984,3.0518494115400486e+34
744.0365470751923,3.0073848260484257e+34
743.928612610334,3.011875877158192e+34
743.8207094561927,3.0340890908479584e+34
743.7128375991462,3.031984977866579e+34
743.60499702558,3.036299356613949e+34
743.4971877218876,3.0467915544177767e+34
743.3894096744699,3.015690462417712e+34
743.2816628697362,3.044321357459524e+34
743.1739472941036,3.037004860084785e+34
743.0662629339971,3.023632217446612e+34
742.9586097758495,3.0232330426369377e+34
742.8509878061011,2.999505687370379e+34
742.7433970112006,3.0013417835036963e+34
742.6358373776044,3.0079105855978566e+34
742.5283088917765,3.0106257464663167e+34
742.4208115401891,2.9792480413629017e+34
742.313345309322,2.9826837377337885e+34
742.2059101856629,2.965856056700751e+34
742.0985061557071,2.9449305159853813e+34
741.9911332059581,2.969428810316362e+34
741.8837913229272,2.9638671994983246e+34
741.776480493133,2.9652356432498476e+34
741.6692007031024,2.975369522133884e+34
741.5619519393699,2.930085119375859e+34
741.4547341884779,2.9728558700238015e+34
741.3475474369762,2.928139980425985e+34
741.240391671423,2.9350832505190536e+34
741.1332668783838,2.897659951775009e+34
741.026173044432,2.9457425817043456e+34
740.9191101561487,2.922761591278188e+34
740.812078200123,2.926725012817077e+34
740.7050771629514,2.902027933253348e+34
740.5981070312386,2.9293717181723853e+34
740.4911677915961,2.8988886563257924e+34
740.3842594306445,2.926331208871736e+34
740.2773819350111,2.917741470869813e+34
740.1705352913311,2.935777112047965e+34
740.0637194862478,2.909545150407173e+34
739.9569345064117,2.9225764505358703e+34
739.8501803384814,2.91179750003928e+34
739.7434569691231,2.943799751405479e+34
739.6367643850106,2.9284484255740117e+34
739.5301025728252,2.9273178618201303e+34
739.4234715192564,2.9490098486473717e+34
739.3168712110011,2.936878267180465e+34
739.2103016347636,2.9447858048233267e+34
739.1037627772563,2.9831185096530933e+34
738.997254625199,2.9836196619121525e+34
738.8907771653195,2.961542710285044e+34
738.7843303843526,2.9507910609316773e+34
738.6779142690414,2.9616276792966784e+34
738.5715288061361,2.9530681685878e+34
738.4651739823951,2.9422736928160217e+34
738.3588497845839,2.9763105842508e+34
738.2525561994759,2.925072361428501e+34
738.146293213852,2.9358972739936555e+34
738.0400608145011,2.9803437199196926e+34
737.9338589882188,2.938873425428199e+34
737.8276877218095,2.9422177057430413e+34
737.7215470020841,2.91010385094818e+34
737.6154368158617,2.922605005129364e+34
737.509357149969,2.945488182330348e+34
737.4033079912397,2.8533832122460734e+34
737.2972893265159,2.8537065491837807e+34
737.1913011426466,2.857932767184407e+34
737.0853434264886,2.8327181196650506e+34
736.9794161649065,2.8150980351322723e+34
736.873519344772,2.7658361023940255e+34
736.7676529529648,2.70511836877227e+34
736.6618169763717,2.6328057045478467e+34
736.5560114018871,2.5384475399514376e+34
736.4502362164133,2.448575597151554e+34
736.3444914068599,2.3807403112188102e+34
736.2387769601437,2.3076996113827967e+34
736.1330928631896,2.325762151938839e+34
736.0274391029297,2.2717660375658512e+34
735.9218156663036,2.2703317974045475e+34
735.8162225402584,2.279087554453931e+34
735.7106597117487,2.2618689200416485e+34
735.6051271677363,2.2487737991912064e+34
735.4996248951913,2.2438475884969437e+34
735.3941528810905,2.266688522148256e+34
735.2887111124184,2.245022341396477e+34
735.1832995761669,2.25557081251822e+34
735.0779182593355,2.246057555070372e+34
734.9725671489313,2.23939547915058e+34
734.8672462319682,2.259119909783785e+34
734.7619554954684,2.231184346061401e+34
734.656694926461,2.2428653982168894e+34
734.5514645119824,2.2480336703307727e+34
734.446264239077,2.214712419458626e+34
734.3410940947961,2.1908650987666697e+34
734.2359540661987,2.2212839241933817e+34
734.1308441403511,2.1988783436387543e+34
734.0257643043271,2.1803196482753533e+34
733.9207145452077,2.165760374002981e+34
733.8156948500815,2.1475010248533386e+34
733.7107052060444,2.148838179847716e+34
733.6057456001996,2.142556897834091e+34
733.5008160196578,2.1927043727507016e+34
733.3959164515372,2.137065817375343e+34
733.2910468829631,2.145213962564816e+34
733.1862073010683,2.1207278435113536e+34
733.0813976929929,2.1382444199300164e+34
732.9766180458844,2.11902112079631e+34
732.8718683468976,2.0948844897826476e+34
732.7671485831947,2.0692382123358017e+34
732.6624587419453,2.1145516029938426e+34
732.5577988103262,2.0957627712373683e+34
732.4531687755214,2.0810484868750094e+34
732.3485686247227,2.0596221879193907e+34
732.2439983451286,2.0312888996750167e+34
732.1394579239454,2.0022921456848578e+34
732.0349473483865,1.9660428497049713e+34
731.9304666056726,1.9487541850665092e+34
731.8260156830316,1.9624137169138697e+34
731.721594567699,1.9417484442002515e+34
731.6172032469171,1.9303345371750747e+34
731.5128417079362,1.9085125242108203e+34
731.4085099380131,1.9169416249298381e+34
731.3042079244125,1.9330735175334598e+34
731.1999356544057,1.8989141654364005e+34
731.0956931152718,1.8962479477529588e+34
730.9914802942972,1.8902233221625977e+34
730.887297178775,1.8988393079578156e+34
730.7831437560061,1.8813550303315448e+34
730.6790200132984,1.846730229607879e+34
730.5749259379669,1.8508297767841872e+34
730.470861517334,1.855294368996477e+34
730.3668267387296,1.8598272344672246e+34
730.2628215894902,1.8873286545713087e+34
730.1588460569598,1.8662478653151178e+34
730.0549001284897,1.8629388852733443e+34
729.9509837914384,1.8660079793681525e+34
729.8470970331716,1.8562724820454992e+34
729.743239841062,1.8618150834995355e+34
729.6394122024897,1.8752197784381163e+34
729.5356141048416,1.8792266173442686e+34
729.4318455355124,1.861826886764309e+34
729.3281064819035,1.8416234645805293e+34
729.2243969314237,1.8426469105841041e+34
729.1207168714889,1.8434690330077805e+34
729.0170662895218,1.8392074785362348e+34
728.913445172953,1.8483623504190214e+34
728.8098535092195,1.8590028411325108e+34
728.7062912857659,1.8327414811572536e+34
728.6027584900437,1.8375063116877622e+34
728.4992551095118,1.8402195922890027e+34
728.3957811316358,1.8145427156681341e+34
728.2923365438887,1.8168563679006324e+34
728.1889213337508,1.8061336009793387e+34
728.0855354887092,1.8002723349188202e+34
727.9821789962582,1.8256000419454024e+34
727.878851843899,1.817784772592098e+34
727.7755540191406,1.8194884654912066e+34
727.672285509498,1.7887865328761052e+34
727.5690463024941,1.783547203654996e+34
727.4658363856588,1.7904320342896185e+34
727.3626557465287,1.8068380839132338e+34
727.2595043726478,1.8117496817000506e+34
727.156382251567,1.7696654055507328e+34
727.0532893708445,1.7770075437713906e+34
726.9502257180451,1.7741452712746522e+34
726.8471912807411,1.7895951204382743e+34
726.7441860465116,1.7943172034224312e+34
726.6412100029429,1.7890590245376793e+34
726.5382631376282,1.7990241861848025e+34
726.4353454381677,1.8019825280308662e+34
726.3324568921687,1.8025935769472145e+34
726.2295974872457,1.7957209809551405e+34
726.1267672110197,1.7907065101689988e+34
726.0239660511195,1.8093206387256074e+34
725.9211939951799,1.8017366990630744e+34
725.8184510308438,1.8113514406462885e+34
725.71573714576,1.8102310889754898e+34
725.6130523275853,1.7829275815909304e+34
725.5103965639828,1.7646513959154183e+34
725.4077698426229,1.7783424485354096e+34
725.3051721511827,1.7827454872307262e+34
725.2026034773465,1.7817587006409117e+34
725.1000638088057,1.7613745534465136e+34
724.9975531332582,1.786486290205605e+34
724.8950714384093,1.7857942204548862e+34
724.792618711971,1.7727729528846981e+34
724.6901949416625,1.7828330432916345e+34
724.5878001152096,1.7602320080762652e+34
724.485434220345,1.7319330534087535e+34
724.3830972448089,1.7549896578333674e+34
724.280789176348,1.753683730714001e+34
724.1785100027157,1.739789835443253e+34
724.076259711673,1.754378653749999e+34
723.974038290987,1.743543425865966e+34
723.8718457284323,1.736412429658255e+34
723.7696820117902,1.7451343160339323e+34
723.667547128849,1.7287702839160625e+34
723.5654410674039,1.7477111808465137e+34
723.4633638152565,1.7613417581941516e+34
723.3613153602159,1.7696417445588145e+34
723.2592956900979,1.7752013191900347e+34
723.1573047927251,1.78648357381411e+34
723.0553426559269,1.7550995755272734e+34
722.9534092675399,1.7545675107537671e+34
722.8515046154068,1.776135643761334e+34
722.7496286873783,1.802402218327723e+34
722.6477814713109,1.76827781006864e+34
722.5459629550686,1.7878958307441533e+34
722.4441731265217,1.8040599476046389e+34
722.3424119735479,1.7691810142754983e+34
722.2406794840313,1.7899840896675505e+34
722.1389756458632,1.773226326091361e+34
722.0373004469412,1.746409423004624e+34
721.9356538751701,1.7715762342843684e+34
721.8340359184616,1.7412495504892658e+34
721.7324465647341,1.7803853938964317e+34
721.6308858019124,1.7749783942929482e+34
721.5293536179287,1.7653188714488534e+34
721.4278500007214,1.7646975309122398e+34
721.3263749382364,1.7699673042590285e+34
721.224928418426,1.7463579705227366e+34
721.1235104292489,1.798399349996924e+34
721.022120958671,1.7631510803316693e+34
720.9207599946652,1.7669409631063918e+34
720.8194275252107,1.767861164453194e+34
720.7181235382935,1.758696771522697e+34
720.6168480219069,1.773281390568113e+34
720.51560096405,1.7820400321064791e+34
720.4143823527294,1.7520758184075125e+34
720.3131921759581,1.7470264170691577e+34
720.2120304217563,1.764042815848464e+34
720.1108970781501,1.809690644220134e+34
720.009792133173,1.7364912185159075e+34
719.9087155748653,1.79045473196807e+34
719.8076673912732,1.7708555939486201e+34
719.7066475704503,1.7740789214180652e+34
719.605656100457,1.7809984296954232e+34
719.5046929693599,1.776231929913433e+34
719.4037581652327,1.76507031128069e+34
719.3028516761555,1.7912775581504766e+34
719.2019734902152,1.7450814927907504e+34
719.1011235955057,1.766966189778808e+34
719.0003019801268,1.7593373284554725e+34
718.8995086321859,1.7787415909979957e+34
718.7987435397963,1.7367469101002974e+34
718.6980066910785,1.739817759381539e+34
718.5972980741592,1.757945707475551e+34
718.4966176771723,1.7218580736895473e+34
718.3959654882578,1.736497490362607e+34
718.2953414955628,1.7305912878802094e+34
718.1947456872406,1.7229752783228829e+34
718.0941780514515,1.7144271423476737e+34
717.9936385763623,1.742558856055925e+34
717.8931272501463,1.7137892514258e+34
717.7926440609837,1.7040770517852459e+34
717.6921889970611,1.7339391574111499e+34
717.5917620465718,1.7140839380295898e+34
717.4913631977155,1.7246545390927294e+34
717.390992438699,1.7332364523482167e+34
717.2906497577351,1.703864613543129e+34
717.1903351430436,1.7192407609373907e+34
717.0900485828507,1.7361259555111977e+34
716.9897900653895,1.726697284640778e+34
716.8895595788991,1.7198662952847567e+34
716.7893571116257,1.7157487960820534e+34
716.6891826518216,1.697056679272737e+34
716.5890361877464,1.7533365273692586e+34
716.4889177076653,1.6982048574490746e+34
716.388827199851,1.7341976006651197e+34
716.288764652582,1.715304116739024e+34
716.188730054144,1.737017721420167e+34
716.0887233928285,1.7162008901646344e+34
715.988744656934,1.7039146321752567e+34
715.8887938347657,1.7401214328076423e+34
715.788870914635,1.7103493721703262e+34
715.6889758848599,1.723250557464151e+34
715.5891087337651,1.7039737809316226e+34
715.4892694496815,1.7266851275607636e+34
715.3894580209466,1.7178449875498844e+34
715.2896744359047,1.7169492435584032e+34
715.1899186829063,1.7070188698024724e+34
715.0901907503084,1.72723915867652e+34
714.9904906264748,1.7005812443253522e+34
714.8908182997752,1.7219870282249109e+34
714.7911737585864,1.7093011378074845e+34
714.6915569912916,1.71095673484936e+34
714.5919679862799,1.693089190472649e+34
714.4924067319475,1.7312565585851884e+34
714.3928732166969,1.6986704583899874e+34
714.2933674289367,1.7144347532065644e+34
714.1938893570828,1.7062157099764662e+34
714.0944389895564,1.6714639244057335e+34
713.9950163147862,1.6800667793227912e+34
713.8956213212067,1.6565191617740241e+34
713.7962539972591,1.6772235069713505e+34
713.6969143313909,1.6515790685880043e+34
713.5976023120562,1.6916234426638121e+34
713.4983179277154,1.6924581475574397e+34
713.3990611668356,1.6630343407633744e+34
713.2998320178896,1.683025498719837e+34
713.2006304693573,1.6842419650735071e+34
713.1014565097249,1.6682740272169193e+34
713.0023101274849,1.673254504903836e+34
712.903191311136,1.6564943085538544e+34
712.8041000491836,1.6889090547896012e+34
712.7050363301393,1.6917310983990104e+34
712.6060001425212,1.6726130550175984e+34
712.5069914748539,1.6898735677910597e+34
712.408010315668,1.6791372282127689e+34
712.3090566535008,1.6640823249407304e+34
712.2101304768959,1.6649141735946428e+34
712.1112317744032,1.6821899764370635e+34
712.0123605345789,1.64734949625173e+34
711.9135167459857,1.6530654738451325e+34
711.8147003971926,1.6596726849494179e+34
711.7159114767749,1.6690092066943329e+34
711.6171499733143,1.669368494334107e+34
711.518415875399,1.6671165912267945e+34
711.419709171623,1.677162608050421e+34
711.321029850587,1.6587044923572945e+34
711.2223779008982,1.6485097148881915e+34
711.12375331117,1.651124309188521e+34
711.0251560700218,1.672397476339596e+34
710.9265861660796,1.6668762878726364e+34
710.8280435879757,1.6625380551176215e+34
710.7295283243485,1.6350569088800976e+34
710.6310403638431,1.6456535355775995e+34
710.5325796951105,1.671327841975342e+34
710.4341463068082,1.653492706946187e+34
710.3357401875996,1.6495541190495032e+34
710.2373613261552,1.657160372655069e+34
710.1390097111511,1.6359180818061837e+34
710.0406853312696,1.6256514491027775e+34
709.9423881751997,1.642532503254091e+34
709.8441182316365,1.6447661942889326e+34
709.7458754892812,1.645059282456966e+34
709.6476599368414,1.6527048760693757e+34
709.549471563031,1.6472445303096379e+34
709.4513103565703,1.6437200849209744e+34
709.3531763061852,1.6460211812380004e+34
709.2550694006086,1.62495786521817e+34
709.156989628579,1.6237641420585081e+34
709.0589369788416,1.6201386447721362e+34
708.9609114401478,1.62337476225681e+34
708.8629130012548,1.6075486438010327e+34
708.7649416509262,1.6051643844704773e+34
708.6669973779321,1.6140625479176604e+34
708.5690801710485,1.5851380943255046e+34
708.4711900190579,1.5985510814086564e+34
708.3733269107486,1.5985306229388586e+34
708.2754908349152,1.6017753964046954e+34
708.1776817803586,1.611847310825319e+34
708.0798997358862,1.6137234887536896e+34
707.982144690311,1.6170715681881897e+34
707.8844166324523,1.604885051289252e+34
707.7867155511359,1.6015340776715658e+34
707.6890414351934,1.6156497052524946e+34
707.5913942734628,1.614812743519362e+34
707.4937740547883,1.5892342958965864e+34
707.3961807680201,1.5718366795877836e+34
707.2986144020144,1.5985815619396205e+34
707.2010749456339,1.599961131974685e+34
707.1035623877473,1.5997147876019694e+34
707.0060767172295,1.5897204086703464e+34
706.9086179229611,1.6051806298608556e+34
706.8111859938296,1.5910315217132166e+34
706.7137809187279,1.590833498169966e+34
706.6164026865556,1.6064319115054964e+34
706.519051286218,1.6098423835030171e+34
706.4217267066267,1.590309666645086e+34
706.3244289366993,1.6077050180434204e+34
706.2271579653597,1.6004512320225246e+34
706.1299137815377,1.5850506117383423e+34
706.0326963741691,1.5883513318487487e+34
705.9355057321964,1.5775702868244313e+34
705.8383418445674,1.5976491824587177e+34
705.7412047002364,1.5803316993939122e+34
705.644094288164,1.586903255332638e+34
705.5470105973161,1.6007704729076685e+34
705.4499536166657,1.5832631647024273e+34
705.3529233351908,1.5733765327168882e+34
705.2559197418764,1.574472561220498e+34
705.158942825713,1.5757770077236227e+34
705.0619925756972,1.5661309042222452e+34
704.965068980832,1.5808709461399388e+34
704.8681720301261,1.5529564019439386e+34
704.7713017125943,1.5768315955237772e+34
704.6744580172575,1.5641372287349358e+34
704.5776409331427,1.5829774188327497e+34
704.4808504492827,1.5601568113077387e+34
704.3840865547166,1.5681645198209702e+34
704.2873492384894,1.5757443381317294e+34
704.190638489652,1.5723843841879547e+34
704.0939542972615,1.5734997424050147e+34
703.9972966503809,1.5524285491183743e+34
703.9006655380792,1.57247258878034e+34
703.8040609494317,1.5710453692899962e+34
703.7074828735192,1.569439308521802e+34
703.6109312994287,1.570248860037106e+34
703.5144062162533,1.5660506309150105e+34
703.417907613092,1.5650518176255666e+34
703.3214354790498,1.5577738642366854e+34
703.2249898032377,1.5456564255811721e+34
703.1285705747724,1.5550849088879326e+34
703.0321777827772,1.556986623993489e+34
702.9358114163805,1.5412503284605914e+34
702.8394714647175,1.5463418168169598e+34
702.7431579169287,1.5337110444799798e+34
702.646870762161,1.533812801623256e+34
702.5506099895672,1.5201941805659466e+34
702.4543755883055,1.510260402366381e+34
702.3581675475409,1.5090686049840253e+34
702.2619858564436,1.4997954822233963e+34
702.1658305041902,1.495644745986369e+34
702.069701479963,1.4770418822167176e+34
701.9735987729503,1.4720482661618428e+34
701.8775223723461,1.463038025875633e+34
701.7814722673508,1.4492685974415117e+34
701.6854484471701,1.4281418635964525e+34
701.5894509010163,1.429660032499166e+34
701.4934796181069,1.4341890729345987e+34
701.397534587666,1.428627728910477e+34
701.3016157989227,1.4259832677525982e+34
701.2057232411131,1.428039787895828e+34
701.1098569034782,1.4247137297886652e+34
701.0140167752654,1.4128200771832028e+34
700.9182028457278,1.3917859473403893e+34
700.8224151041247,1.3811923582647568e+34
700.7266535397207,1.3548002548804638e+34
700.6309181417867,1.317274850279175e+34
700.5352088995993,1.2955452285739159e+34
700.439525802441,1.2714101551934402e+34
700.3438688396002,1.2450350608452747e+34
700.2482380003711,1.2185354586841297e+34
700.1526332740538,1.2063894600833594e+34
700.057054649954,1.1889066916743843e+34
699.9615021173836,1.170976590848832e+34
699.86597566566,1.1321082795328858e+34
699.7704752841069,1.0817149558031718e+34
699.6750009620532,1.0343435224917977e+34
699.579552688834,9.838147690786711e+33
699.4841304537904,9.453482245295213e+33
699.3887342462689,9.559087259592817e+33
699.2933640556219,9.507361541926782e+33
699.1980198712077,9.503374866966895e+33
699.1027016823907,9.43228684354797e+33
699.0074094785406,9.419039150590515e+33
698.912143249033,9.451701171981344e+33
698.8169029832494,9.30888979628935e+33
698.7216886705772,9.274052396872786e+33
698.6265003004095,9.144946144001684e+33
698.5313378621449,9.17810980415673e+33
698.4362013451881,9.069563253715651e+33
698.3410907389497,8.966250490389738e+33
698.2460060328455,8.836117834760208e+33
698.1509472162976,8.739768400989164e+33
698.0559142787338,8.632343612010413e+33
697.9609072095872,8.541407892369387e+33
697.8659259982973,8.515148653975437e+33
697.7709706343087,8.37729305232114e+33
697.6760411070724,8.238861702945322e+33
697.5811374060446,7.877671258209457e+33
697.4862595206876,7.536669661130572e+33
697.391407440469,7.202256424927827e+33
697.2965811548627,7.073465810745082e+33
697.2017806533478,6.917138832943129e+33
697.1070059254097,6.884338724094524e+33
697.0122569605387,6.703928711118449e+33
696.9175337482316,6.612107721139517e+33
696.8228362779906,6.470016887614114e+33
696.7281645393234,6.314313188695612e+33
696.6335185217437,6.216814340112556e+33
696.5388982147708,5.986208245327216e+33
696.4443036079298,5.73983315514706e+33
696.3497346907511,5.563352958624254e+33
696.2551914527713,5.354041215959818e+33
696.1606738835324,5.316481829108175e+33
696.066181972582,5.323611809093726e+33
695.9717157094735,5.292222189531524e+33
695.8772750837663,5.236851370491668e+33
695.7828600850247,5.223403001529956e+33
695.6884707028192,5.203349020315878e+33
695.5941069267261,5.1835289449481066e+33
695.4997687463269,5.1424880639296855e+33
695.405456151209,4.989008596677748e+33
695.3111691309654,4.989578655669463e+33
695.2169076751946,4.943172559480547e+33
695.1226717735012,4.9456048319977287e+33
695.0284614154949,4.9220483079368257e+33
694.9342765907915,4.9168621803519026e+33
694.8401172890118,4.8978913760392e+33
694.7459834997829,4.8778341601890284e+33
694.6518752127372,4.8835145298784876e+33
694.5577924175127,4.8786784670332286e+33
694.4637351037529,4.8478330541899926e+33
694.3697032611072,4.860497397894935e+33
694.2756968792307,4.8070168867372166e+33
694.1817159477838,4.784854343604672e+33
694.0877604564321,4.755809508786748e+33
693.9938303948478,4.758865412457741e+33
693.899925752708,4.7026938295357036e+33
693.8060465196954,4.71514972802173e+33
693.7121926854987,4.674316905583357e+33
693.6183642398116,4.649219161781348e+33
693.524561172334,4.5992383585132364e+33
693.4307834727707,4.5974663222278653e+33
693.3370311308328,4.542538476131394e+33
693.2433041362361,4.501938053064994e+33
693.1496024787031,4.446351367052583e+33
693.0559261479605,4.389002633378899e+33
692.9622751337417,4.3002709124107206e+33
692.8686494257852,4.2991713520471624e+33
692.7750490138347,4.243439969729044e+33
692.6814738876402,4.252356314921044e+33
692.5879240369565,4.1907691947256815e+33
692.4943994515445,4.2079279761339294e+33
692.4009001211701,4.164822358929976e+33
692.3074260356053,4.163484312333108e+33
692.2139771846273,4.116757529020022e+33
692.1205535580187,4.0662371384460856e+33
692.0271551455679,4.0820116946943057e+33
691.9337819370686,4.0529487436371327e+33
691.8404339223201,4.040957380092202e+33
691.7471110911274,4.025911895310848e+33
691.6538134333003,3.983926920119831e+33
691.5605409386552,3.988435893469415e+33
691.4672935970129,3.978383707695939e+33
691.3740713982003,3.9283443171931373e+33
691.2808743320498,3.9346772328224303e+33
691.1877023883992,3.914852849085182e+33
691.0945555570913,3.90067594295966e+33
691.0014338279752,3.899216489962728e+33
690.908337190905,3.8528878938109336e+33
690.81526563574,3.8607444324124567e+33
690.7222191523458,3.853066458845486e+33
690.6291977305924,3.849763535529338e+33
690.5362013603564,3.824781690359467e+33
690.4432300315187,3.8097922678448263e+33
690.3502837339666,3.7980822826258164e+33
690.2573624575923,3.7933416951294326e+33
690.1644661922937,3.7840551831487777e+33
690.0715949279737,3.763981442515121e+33
689.9787486545414,3.7638551108301775e+33
689.8859273619107,3.7275562623938905e+33
689.7931310400012,3.6867485558476793e+33
689.7003596787376,3.7121112206584726e+33
689.6076132680505,3.674226936981541e+33
689.5148917978756,3.6541588799658526e+33
689.4221952581541,3.6122324931518014e+33
689.3295236388327,3.5674293348131123e+33
689.2368769298632,3.548748765227713e+33
689.1442551212033,3.494243141889695e+33
689.0516582028155,3.4450476953114046e+33
688.9590861646682,3.409387836253729e+33
688.8665389967348,3.346172293848765e+33
688.7740166889945,3.318692167216993e+33
688.6815192314315,3.272177636595679e+33
688.5890466140355,3.2168509529957794e+33
688.4965988268019,3.164834696598059e+33
688.4041758597308,3.103446299551388e+33
688.3117777028283,3.0520525016639044e+33
688.2194043461055,3.0536366216521167e+33
688.1270557795792,3.02151474000884e+33
688.0347319932711,2.986686359230409e+33
687.9424329772086,2.9755377522321894e+33
687.8501587214241,2.963092393609173e+33
687.757909215956,2.930667585092115e+33
687.6656844508474,2.9331184973457663e+33
687.573484416147,2.9193770572273877e+33
687.4813091019088,2.8847045409103374e+33
687.3891584981923,2.912004007329194e+33
687.2970325950618,2.896868450802531e+33
687.2049313825877,2.8799387462027407e+33
687.1128548508451,2.86035853336207e+33
687.0208029899146,2.8457381896834374e+33
686.9287757898823,2.8330164351896757e+33
686.8367732408394,2.8292517987193024e+33
686.7447953328824,2.8097652106437197e+33
686.6528420561133,2.775216548415576e+33
686.5609134006392,2.764858137773808e+33
686.4690093565727,2.7558435732773446e+33
686.3771299140313,2.711177487019031e+33
686.2852750631383,2.701061419063254e+33
686.1934447940218,2.7025151882613423e+33
686.1016390968158,2.6744829735222693e+33
686.009857961659,2.64678556259549e+33
685.9181013786954,2.6315435682065775e+33
685.8263693380746,2.609990887014495e+33
685.7346618299515,2.597314555527114e+33
685.6429788444858,2.567947609827061e+33
685.5513203718431,2.5825164534908145e+33
685.4596864021935,2.5697584635582165e+33
685.368076925713,2.5534066142119235e+33
685.2764919325825,2.5647125502220653e+33
685.1849314129884,2.5465584642076004e+33
685.0933953571222,2.5226755410806478e+33
685.0018837551803,2.526670324179462e+33
684.9103965973652,2.5395242850725852e+33
684.8189338738838,2.515210455601694e+33
684.7274955749486,2.5142478800906945e+33
684.6360816907774,2.5294349225310458e+33
684.5446922115927,2.5002849298901082e+33
684.4533271276232,2.505882597726219e+33
684.3619864291018,2.521341896778356e+33
684.2706701062673,2.515262788330122e+33
684.1793781493632,2.5121817015076634e+33
684.0881105486386,2.5100247425695856e+33
683.9968672943479,2.5199910866014368e+33
683.9056483767499,2.4919047403440634e+33
683.8144537861097,2.5062566225792132e+33
683.7232835126969,2.4956654903084486e+33
683.6321375467861,2.5178437202255183e+33
683.5410158786578,2.4933460940040134e+33
683.4499184985972,2.479330882286886e+33
683.3588453968948,2.4964998807686656e+33
683.2677965638463,2.4672264144799693e+33
683.1767719897524,2.4935254436048697e+33
683.0857716649192,2.468165290132049e+33
682.9947955796578,2.4692446921370602e+33
682.9038437242843,2.483714472989147e+33
682.8129160891208,2.4727328319852477e+33
682.7220126644934,2.4697610442116078e+33
682.631133440734,2.4678376823547878e+33
682.5402784081797,2.47761907550684e+33
682.4494475571722,2.4659113597470965e+33
682.3586408780591,2.4502115498599337e+33
682.2678583611927,2.4236993276657038e+33
682.1770999969302,2.4198672833089147e+33
682.0863657756346,2.4191158320590208e+33
681.9956556876732,2.4198085064684257e+33
681.9049697234193,2.4082777887043537e+33
681.8143078732508,2.3960774810685104e+33
681.7236701275505,2.395157590274375e+33
681.6330564767069,2.386996037978079e+33
681.5424669111133,2.388049426589854e+33
681.4519014211679,2.406227436620822e+33
681.3613599972746,2.41174818305854e+33
681.2708426298417,2.3817850997081246e+33
681.1803493092831,2.386581778830801e+33
681.0898800260177,2.3929569901268527e+33
680.9994347704692,2.3912470868120877e+33
680.9090135330666,2.4035899309162391e+33
680.8186163042443,2.3819237255787165e+33
680.7282430744411,2.406203048351585e+33
680.6378938341013,2.4159756666137946e+33
680.5475685736743,2.4351697276353673e+33
680.4572672836146,2.4170745281850152e+33
680.3669899543814,2.4388614217822235e+33
680.2767365764394,2.4264050781088607e+33
680.1865071402578,2.4292654205694843e+33
680.0963016363116,2.426288008262537e+33
680.0061200550805,2.4473776187623e+33
679.915962387049,2.442301720263402e+33
679.8258286227068,2.438320933756434e+33
679.735718752549,2.451717298859378e+33
679.6456327670752,2.458267069024612e+33
679.5555706567906,2.4584736180917273e+33
679.4655324122047,2.4625328417838612e+33
679.3755180238326,2.4731433667279095e+33
679.2855274821942,2.485457238994752e+33
679.1955607778148,2.4961897891263633e+33
679.105617901224,2.4955584514533328e+33
679.0156988429574,2.4924229559511054e+33
678.9258035935543,2.4867460119980344e+33
678.8359321435603,2.4668723629531036e+33
678.7460844835251,2.4638054112611322e+33
678.6562606040042,2.4586341502851748e+33
678.5664604955571,2.446213788218172e+33
678.4766841487492,2.4361828306988126e+33
678.3869315541506,2.4159003099311148e+33
678.297202702336,2.4053754091590472e+33
678.2074975838858,2.400147579587005e+33
678.1178161893847,2.3918245807890418e+33
678.0281585094228,2.366500241424306e+33
677.9385245345952,2.3777494583499938e+33
677.8489142555015,2.3500594460255596e+33
677.759327662747,2.3433409520849073e+33
677.6697647469412,2.343132888788643e+33
677.5802254986991,2.337558246291409e+33
677.4907099086404,2.3264906345851972e+33
677.4012179673899,2.3248890270502227e+33
677.3117496655774,2.3101788511492683e+33
677.2223049938374,2.3078759383122344e+33
677.1328839428094,2.3037475337717345e+33
677.0434865031381,2.315544087512923e+33
676.954112665473,2.298812200783637e+33
676.8647624204684,2.2974461561084024e+33
676.7754357587837,2.288415115767269e+33
676.6861326710831,2.2801239828013192e+33
676.596853148036,2.2812198366447827e+33
676.5075971803163,2.259369468244787e+33
676.4183647586033,2.259115807447276e+33
676.3291558735806,2.2360742567639334e+33
676.2399705159373,2.222148135473661e+33
676.1508086763672,2.1853888372184991e+33
676.0616703455689,2.1360365337738252e+33
675.9725555142461,2.0658139168833343e+33
675.8834641731073,2.0012423370170017e+33
675.7943963128658,1.9333572466999632e+33
675.70535192424,1.8575201265478405e+33
675.6163309979529,1.789256378963774e+33
675.5273335247327,1.7098771154057e+33
675.4383594953125,1.7052417158948834e+33
675.3494089004299,1.6956535547624612e+33
675.2604817308277,1.689880442667333e+33
675.1715779772536,1.668085017393502e+33
675.0826976304597,1.6595953121300886e+33
674.9938406812038,1.654908687399913e+33
674.9050071202478,1.6506553259130696e+33
674.816196938359,1.6357170173665373e+33
674.727410126309,1.6292917798555102e+33
674.6386466748747,1.6115862151479925e+33
674.5499065748379,1.6055788210916937e+33
674.4611898169849,1.5964626275635738e+33
674.3724963921071,1.594857172786967e+33
674.2838262910008,1.587815974101893e+33
674.1951795044665,1.578766227560559e+33
674.1065560233105,1.5605727938528303e+33
674.0179558383436,1.5486878579988423e+33
673.9293789403808,1.550123782488108e+33
673.8408253202429,1.538541870117564e+33
673.7522949687548,1.531059657337796e+33
673.6637878767466,1.4954215950110545e+33
673.5753040350528,1.4928085114961663e+33
673.4868434345135,1.477217831209992e+33
673.3984060659728,1.4607409387093914e+33
673.3099919202801,1.450063402629722e+33
673.2216009882893,1.424108135707437e+33
673.1332332608594,1.4045479432390264e+33
673.0448887288537,1.4005750918852094e+33
672.9565673831412,1.4036603623258048e+33
672.8682692145946,1.3902380609282065e+33
672.7799942140921,1.3959349946383984e+33
672.6917423725165,1.3990402527817202e+33
672.6035136807554,1.4053644554588238e+33
672.5153081297012,1.3897536888135855e+33
672.4271257102512,1.3946628868504903e+33
672.3389664133069,1.3979605564276184e+33
672.2508302297754,1.4013642378371708e+33
672.1627171505678,1.393774264706885e+33
672.0746271666005,1.3989890480712242e+33
671.9865602687946,1.4050310932136127e+33
671.8985164480757,1.3957618548938026e+33
671.8104956953742,1.40400024848158e+33
671.7224980016256,1.409878332623774e+33
671.6345233577697,1.3925447095629247e+33
671.5465717547513,1.407652078265002e+33
671.4586431835197,1.412510134385025e+33
671.3707376350294,1.4077677258537866e+33
671.2828551002393,1.4125085473099896e+33
671.1949955701131,1.4075714471530327e+33
671.107159035619,1.3934449077877932e+33
671.0193454877304,1.387008233091665e+33
670.9315549174252,1.3813601840004812e+33
670.8437873156856,1.3638328900246204e+33
670.7560426734995,1.3703137876888677e+33
670.6683209818585,1.3583087288114248e+33
670.5806222317594,1.3522558712063295e+33
670.4929464142037,1.347133252935874e+33
670.4052935201977,1.3502256856816542e+33
670.317663540752,1.332612340295117e+33
670.2300564668823,1.3242549450779035e+33
670.1424722896088,1.3169142421531964e+33
670.0549109999564,1.310876724119051e+33
669.9673725889548,1.3092427212600662e+33
669.8798570476386,1.2944249497003818e+33
669.7923643670462,1.2940428044924222e+33
669.7048945382218,1.2725162220963598e+33
669.6174475522134,1.2737148683866452e+33
669.5300234000742,1.2599216205561544e+33
669.4426220728622,1.254200094221581e+33
669.3552435616392,1.2434889865204102e+33
669.2678878574727,1.2338222737988545e+33
669.1805549514343,1.2370469558505871e+33
669.0932448346002,1.2219366335436254e+33
669.0059574980515,1.2199716436313099e+33
668.918692932874,1.2046265886418789e+33
668.8314511301579,1.2151043803896436e+33
668.7442320809982,1.210748673107219e+33
668.6570357764948,1.2134521430912201e+33
668.5698622077515,1.2099323164131305e+33
668.4827113658773,1.2039473850875192e+33
668.395583241986,1.1878376195301789e+33
668.3084778271955,1.178776985515494e+33
668.2213951126287,1.1633042813509896e+33
668.1343350894131,1.1634390659889757e+33
668.0472977486806,1.1422954518158662e+33
667.960283081568,1.1360642277954656e+33
667.8732910792165,1.1484827964369708e+33
667.786321732772,1.139935563913952e+33
667.699375033385,1.1436450033425181e+33
667.6124509722107,1.1331657005494037e+33
667.5255495404086,1.1461012612201126e+33
667.4386707291434,1.1362365699822522e+33
667.3518145295837,1.1296429038424913e+33
667.2649809329032,1.134191000584667e+33
667.17816993028,1.1269195020103288e+33
667.0913815128965,1.1385042545095263e+33
667.0046156719404,1.1240883881375948e+33
666.9178723986035,1.0997673724527363e+33
666.8311516840821,1.112432110466637e+33
666.7444535195773,1.1070220957953252e+33
666.6577778962948,1.1126576927962346e+33
666.5711248054446,1.1109614789995771e+33
666.4844942382416,1.1137294357607373e+33
666.3978861859051,1.1251656465857868e+33
666.3113006396588,1.1151215292250849e+33
666.2247375907315,1.1122447575094213e+33
666.138197030356,1.1251559168072609e+33
666.0516789497698,1.1256827808769588e+33
665.9651833402149,1.1222012389590892e+33
665.8787101929383,1.1170259984359196e+33
665.7922594991911,1.1249487772011279e+33
665.7058312502289,1.1259466337434161e+33
665.619425437312,1.1271869715497463e+33
665.5330420517053,1.1406563082587999e+33
665.4466810846782,1.1358129833267386e+33
665.3603425275044,1.1317627855493697e+33
665.2740263714625,1.1277543711191987e+33
665.1877326078352,1.1339000799020773e+33
665.1014612279104,1.1242098328073514e+33
665.0152122229797,1.12328136649272e+33
664.9289855843396,1.1159096794730147e+33
664.8427813032913,1.1141697640586342e+33
664.7565993711403,1.1202062884578982e+33
664.6704397791965,1.1193261289997834e+33
664.5843025187745,1.1162541611980218e+33
664.4981875811933,1.1148757200792393e+33
664.4120949577766,1.1165134265064994e+33
664.3260246398523,1.1139273593400516e+33
664.2399766187528,1.1248124878145707e+33
664.1539508858153,1.1267051526291699e+33
664.0679474323813,1.1229212777106063e+33
663.9819662497966,1.1256116934451945e+33
663.8960073294119,1.1250673361983393e+33
663.810070662582,1.1227543369886975e+33
663.7241562406664,1.1216906138162596e+33
663.6382640550289,1.1194424796952818e+33
663.552394097038,1.1206405743199498e+33
663.4665463580662,1.1174244484889726e+33
663.3807208294912,1.1288264939632595e+33
663.2949175026947,1.1292946359440734e+33
663.2091363690625,1.1276217219397758e+33
663.123377419986,1.1336598465611332e+33
663.0376406468595,1.1332365316934797e+33
662.9519260410831,1.1374989765832808e+33
662.8662335940608,1.132086817887317e+33
662.7805632972008,1.1361368204422529e+33
662.6949151419162,1.1372778163123516e+33
662.6092891196242,1.1411178530988045e+33
662.5236852217466,1.14430467420333e+33
662.4381034397098,1.1331901799826906e+33
662.3525437649444,1.1345278523473883e+33
662.2670061888851,1.1407598747306974e+33
662.1814907029718,1.1431954847383136e+33
662.0959972986484,1.139587273420738e+33
662.0105259673629,1.1367264368696762e+33
661.9250767005682,1.1363351058550521e+33
661.8396494897216,1.1329602228324982e+33
661.7542443262846,1.1329594420422187e+33
661.6688612017231,1.1431554386847029e+33
661.5835001075073,1.1287488549914731e+33
661.4981610351124,1.1279213253929235e+33
661.4128439760173,1.1235360925242569e+33
661.3275489217054,1.1182441920979487e+33
661.2422758636651,1.1225040524225634e+33
661.1570247933885,1.1034082904817027e+33
661.0717957023724,1.1072727527215409e+33
660.9865885821176,1.1018546713041954e+33
660.9014034241301,1.104692836866243e+33
660.8162402199196,1.091500678751327e+33
660.7310989610004,1.0905156439038627e+33
660.6459796388909,1.0866827742527904e+33
660.5608822451144,1.0770883854592164e+33
660.475806771198,1.0722957680369456e+33
660.3907532086737,1.0761539141619197e+33
660.3057215490772,1.0662965526373927e+33
660.2207117839494,1.0644687692044893e+33
660.1357239048348,1.0696011317246036e+33
660.0507579032828,1.0631786951914931e+33
659.9658137708466,1.0632417424949316e+33
659.8808914990844,1.0584112742251043e+33
659.7959910795582,1.0654207797819586e+33
659.7111125038347,1.0638546835636724e+33
659.6262557634844,1.0645967358500788e+33
659.541420850083,1.0701245151475951e+33
659.4566077552097,1.0692098011689375e+33
659.3718164704487,1.0671782749150339e+33
659.2870469873878,1.073567845045912e+33
659.20229929762,1.0706977778460526e+33
659.1175733927419,1.0746139093932506e+33
659.0328692643545,1.0688345872382986e+33
658.9481869040637,1.0784930513746801e+33
658.8635263034791,1.0756895955769466e+33
658.7788874542149,1.0729711452563588e+33
658.6942703478893,1.0801338533472661e+33
658.6096749761255,1.0802497833100316e+33
658.52510133055,1.0798524340926841e+33
658.4405494027944,1.0761511921922488e+33
658.3560191844944,1.0660193327931201e+33
658.2715106672898,1.0557067755086708e+33
658.1870238428249,1.0443653316174907e+33
658.1025587027482,1.0425717488263614e+33
658.0181152387125,1.035108767182437e+33
657.9336934423749,1.0252213177870426e+33
657.8492933053966,1.0157192729920459e+33
657.7649148194436,1.0098779144919021e+33
657.6805579761854,1.001455247728854e+33
657.5962227672965,9.916072931978996e+32
657.511909184455,9.871767687837972e+32
657.4276172193441,9.790068168337749e+32
657.3433468636506,9.73762831191363e+32
657.2590981090656,9.701256383608244e+32
657.1748709472847,9.61345132168001e+32
657.0906653700079,9.557472025804985e+32
657.0064813689387,9.498888564701037e+32
656.9223189357858,9.414012402433143e+32
656.8381780622617,9.352564954610834e+32
656.754058740083,9.223936910145649e+32
656.6699609609708,9.192470140073153e+32
656.5858847166504,9.16218003811039e+32
656.5018299988512,9.122871569065059e+32
656.4177967993069,9.015584830876803e+32
656.3337851097555,8.982715351561385e+32
656.2497949219392,8.889563008394923e+32
656.1658262276043,8.74462818750794e+32
656.0818790185016,8.63843988466738e+32
655.9979532863858,8.459684320692442e+32
655.914049023016,8.390830871010095e+32
655.8301662201557,8.21679701155535e+32
655.746304869572,8.147501643045339e+32
655.6624649630371,7.994319369147241e+32
655.5786464923265,7.835672152517532e+32
655.4948494492205,7.710324212512094e+32
655.4110738255034,7.646533659847326e+32
655.3273196129637,7.528035548277972e+32
655.2435868033942,7.433054746426693e+32
655.1598753885917,7.303458837405699e+32
655.0761853603575,7.170789892526274e+32
654.9925167104966,7.066098399366856e+32
654.9088694308188,6.954725098575537e+32
654.8252435131375,6.811621016680144e+32
654.7416389492706,6.743261843986016e+32
654.6580557310403,6.652612640465087e+32
654.5744938502726,6.593989018277733e+32
654.4909532987981,6.557736010693494e+32
654.4074340684512,6.4346984136353344e+32
654.3239361510704,6.406004625414693e+32
654.2404595384988,6.325268933957791e+32
654.1570042225834,6.228012904777982e+32
654.0735701951755,6.169922125563645e+32
653.9901574481304,6.137424074363853e+32
653.9067659733075,6.0707720979717505e+32
653.8233957625706,5.9658342790762045e+32
653.7400468077874,5.924095933296944e+32
653.6567191008298,5.885766506436038e+32
653.5734126335741,5.8590027871362225e+32
653.4901273979003,5.789387148436164e+32
653.406863385693,5.736851637437096e+32
653.3236205888406,5.7164412211481824e+32
653.2403989992357,5.632767389711815e+32
653.1571986087752,5.391170506818381e+32
653.07401940936,5.1955500402660674e+32
652.9908613928949,5.013721458383658e+32
652.9077245512891,4.790193870274265e+32
652.8246088764563,4.578443219666369e+32
652.7415143603133,4.347774759160424e+32
652.6584409947819,4.158416187657905e+32
652.5753887717879,3.9423914587221266e+32
652.4923576832606,3.7417070885496384e+32
652.4093477211342,3.5128769889219415e+32
652.3263588773464,3.256517913211279e+32
652.2433911438393,3.0302379667173367e+32
652.160444512559,2.809673902887057e+32
652.0775189754557,2.568790456559481e+32
651.994614524484,2.3107561943277275e+32
651.9117311516021,2.0732247214793683e+32
651.8288688487725,1.8255405489182334e+32
651.7460276079618,1.540437568724584e+32
651.6632074211406,1.431217964384888e+32
651.5804082802838,1.4108685214773095e+32
651.4976301773703,1.3952817692503213e+32
651.4148731043828,1.3867698844854193e+32
651.3321370533083,1.3730628301648259e+32
651.2494220161379,1.364106810123365e+32
651.1667279848668,1.3453100368952518e+32
651.0840549514943,1.3366813116690087e+32
651.0014029080234,1.330071255828668e+32
650.9187718464613,1.315841219846336e+32
650.8361617588197,1.2968662087732252e+32
650.7535726371137,1.2864735183610646e+32
650.6710044733632,1.2722389849460712e+32
650.5884572595913,1.2539187763099879e+32
650.5059309878258,1.2416881667300945e+32
650.4234256500982,1.2292575584760948e+32
650.3409412384443,1.2163249125673716e+32
650.2584777449036,1.2027678854731292e+32
650.1760351615201,1.1871212801638828e+32
650.0936134803412,1.1722653879600793e+32
650.011212693419,1.1608584247966823e+32
649.9288327928092,1.1560848723583603e+32
649.8464737705717,1.1441375570838314e+32
649.7641356187704,1.1365165940993227e+32
649.6818183294732,1.1293755133319569e+32
649.5995218947519,1.131793258908821e+32
649.5172463066825,1.1324464937866967e+32
649.4349915573451,1.1299184086129042e+32
649.3527576388235,1.1269611815903424e+32
649.2705445432057,1.1253487881016278e+32
649.1883522625836,1.1320415751798988e+32
649.1061807890535,1.1291799766786904e+32
649.0240301147151,1.1270464554447643e+32
648.9419002316722,1.1335196163826112e+32
648.8597911320333,1.1319522968350476e+32
648.7777028079099,1.1275419645932057e+32
648.6956352514183,1.1210239547761817e+32
648.6135884546782,1.1145100310622915e+32
648.5315624098137,1.111794991746435e+32
648.4495571089525,1.1057435457110216e+32
648.3675725442268,1.0983849594347552e+32
648.2856087077723,1.1023444132000618e+32
648.2036655917288,1.0964898066126388e+32
648.1217431882404,1.0938955241631356e+32
648.0398414894547,1.0929784975444254e+32
647.9579604875236,1.0842370855517863e+32
647.8761001746026,1.0896032081382827e+32
647.7942605428516,1.0827295001743118e+32
647.7124415844341,1.083820449672512e+32
647.630643291518,1.0837138351830464e+32
647.5488656562746,1.0794963659463598e+32
647.4671086708796,1.0751151690630823e+32
647.3853723275123,1.0729426296112703e+32
647.3036566183563,1.0723418917952194e+32
647.2219615355989,1.0767391188791047e+32
647.1402870714313,1.0726308244761334e+32
647.0586332180491,1.0714951198638257e+32
646.9769999676512,1.0745918817035206e+32
646.8953873124408,1.0695774487153238e+32
646.8137952446249,1.0704147117049524e+32
646.7322237564148,1.0695736800677676e+32
646.6506728400251,1.0742102929262139e+32
646.5691424876748,1.0697111115531078e+32
646.4876326915867,1.0676838673639012e+32
646.4061434439873,1.0675936438485834e+32
646.3246747371074,1.0692648744669609e+32
646.2432265631816,1.0705789025830322e+32
646.1617989144482,1.0720069358749602e+32
646.0803917831496,1.0722128960568848e+32
645.9990051615321,1.0741703658006948e+32
645.9176390418457,1.0751646066926877e+32
645.8362934163448,1.0768295076648949e+32
645.7549682772872,1.0810703790998098e+32
645.6736636169347,1.082926460767706e+32
645.5923794275533,1.078675407959363e+32
645.5111157014123,1.0818841811192165e+32
645.4298724307857,1.08098366271653e+32
645.3486496079507,1.0837857767828508e+32
645.2674472251887,1.0830466246590753e+32
645.1862652747848,1.0885909352602636e+32
645.1051037490283,1.0916795074225254e+32
645.0239626402122,1.089323830318512e+32
644.942841940633,1.0913759337499938e+32
644.8617416425918,1.0967880006619306e+32
644.7806617383932,1.0975064615774539e+32
644.6996022203455,1.1011354094962408e+32
644.6185630807611,1.1046697157195804e+32
644.5375443119561,1.1099469076195367e+32
644.4565459062509,1.1080666446442796e+32
644.3755678559693,1.1142194470098686e+32
644.2946101534387,1.1129271250231677e+32
644.2136727909913,1.1207297401008e+32
644.1327557609624,1.1170094789778478e+32
644.0518590556911,1.1058785010498424e+32
643.9709826675211,1.1046691311438134e+32
643.8901265887989,1.1014392809894472e+32
643.8092908118757,1.096702710428801e+32
643.7284753291062,1.0943711465058791e+32
643.6476801328489,1.0859269768973183e+32
643.5669052154662,1.0837366109530448e+32
643.4861505693244,1.0787387817851963e+32
643.4054161867934,1.0769464872961877e+32
643.3247020602473,1.0734805185741218e+32
643.2440081820638,1.0715192190236696e+32
643.1633345446244,1.0694892846529023e+32
643.0826811403142,1.0731409109937885e+32
643.0020479615227,1.0704887427368168e+32
642.9214350006429,1.0733088564894246e+32
642.8408422500715,1.0735777473011762e+32
642.7602697022093,1.0748286482122241e+32
642.6797173494604,1.0762938968887868e+32
642.5991851842332,1.0782599613363682e+32
642.51867319894,1.0818493905147791e+32
642.4381813859961,1.0837032882922356e+32
642.3577097378217,1.0841861602703573e+32
642.27725824684,1.0883066298392497e+32
642.1968269054784,1.0909729767234913e+32
642.1164157061676,1.092730285000639e+32
642.0360246413427,1.0971322857773384e+32
641.9556537034422,1.098705758216284e+32
641.8753028849086,1.1035012179639305e+32
641.794972178188,1.1070822460718738e+32
641.7146615757304,1.1091592148910955e+32
641.6343710699895,1.1085996628708704e+32
641.5541006534229,1.109884545456591e+32
641.4738503184917,1.1141708026518652e+32
641.3936200576613,1.1185857135559352e+32
641.3134098634002,1.1239361330261612e+32
641.2332197281812,1.1271081690133606e+32
641.1530496444807,1.1297768681902655e+32
641.0728996047785,1.1338861895721505e+32
640.9927696015588,1.1345547763753938e+32
640.9126596273094,1.1436871068245536e+32
640.8325696745211,1.1426739613791696e+32
640.7524997356896,1.143830935534961e+32
640.6724498033136,1.1460383859948646e+32
640.5924198698957,1.1527388294816824e+32
640.5124099279424,1.158036864250262e+32
640.4324199699637,1.1525979982072143e+32
640.3524499884737,1.1411155346242484e+32
640.2724999759898,1.1206583997633743e+32
640.1925699250334,1.108087082381662e+32
640.1126598281297,1.0952191610273288e+32
640.0327696778076,1.0780979600017342e+32
639.9528994665993,1.0708531818359259e+32
639.8730491870413,1.0556079089919173e+32
639.7932188316737,1.0419223470589528e+32
639.71340839304,1.0315911724961157e+32
639.6336178636876,1.0259621928410883e+32
639.553847236168,1.0196272260176e+32
639.4740965030359,1.0081930873345571e+32
639.3943656568498,9.986561969371908e+31
639.3146546901721,9.912061691203082e+31
639.2349635955688,9.840454228938732e+31
639.1552923656096,9.714210917884792e+31
639.075640992868,9.670284369784565e+31
638.9960094699209,9.569708388687542e+31
638.9163977893493,9.45694751226882e+31
638.8368059437377,9.429208741914229e+31
638.7572339256742,9.35368340394668e+31
638.6776817277508,9.241795924897473e+31
638.5981493425631,9.160836528884044e+31
638.5186367627106,9.102056421555358e+31
638.4391439807957,9.012328407170133e+31
638.3596709894256,8.935677278804637e+31
638.2802177812104,8.863897138687895e+31
638.2007843487639,8.856878954470703e+31
638.1213706847042,8.798369829397216e+31
638.0419767816525,8.710669856174932e+31
637.9626026322336,8.705538090229593e+31
637.8832482290766,8.661956388459913e+31
637.8039135648137,8.628927096409452e+31
637.7245986320806,8.576532005703709e+31
637.6453034235177,8.515608506871859e+31
637.5660279317677,8.5205845955585e+31
637.4867721494779,8.456613483671862e+31
637.407536069299,8.3948182923e+31
637.3283196838851,8.38093389075443e+31
637.2491229858945,8.335806343915835e+31
637.1699459679885,8.28566494440211e+31
637.0907886228327,8.255446254611844e+31
637.0116509430958,8.204110268456606e+31
636.9325329214503,8.173956969773599e+31
636.8534345505726,8.143016292698963e+31
636.7743558231423,8.049671787989864e+31
636.6952967318431,8.025125324373627e+31
636.6162572693619,7.94199516780577e+31
636.5372374283896,7.860311992084298e+31
636.4582372016205,7.738348635762904e+31
636.3792565817525,7.676492418303298e+31
636.3002955614872,7.580031869923888e+31
636.2213541335302,7.510302133072218e+31
636.1424322905899,7.376623624810915e+31
636.063530025379,7.356248891440552e+31
635.9846473306135,7.30092271288676e+31
635.905784199013,7.260616436872706e+31
635.8269406233012,7.184153014226379e+31
635.7481165962047,7.157751335356042e+31
635.669312110454,7.101513551726435e+31
635.5905271587833,7.042883868201737e+31
635.5117617339304,6.994091047513036e+31
635.4330158286365,6.947705347637278e+31
635.3542894356466,6.910035098364833e+31
635.2755825477093,6.829608699983475e+31
635.1968951575765,6.805401614765089e+31
635.1182272580041,6.750425407289068e+31
635.0395788417513,6.711063178637027e+31
634.960949901581,6.648964157768259e+31
634.8823404302598,6.588699108990576e+31
634.8037504205575,6.545165173773706e+31
634.7251798652478,6.490523348360894e+31
634.646628757108,6.4140578708777605e+31
634.5680970889189,6.439834004959755e+31
634.4895848534646,6.413750049639353e+31
634.4110920435334,6.427169259352287e+31
634.3326186519163,6.422335734769297e+31
634.2541646714088,6.398208472104411e+31
634.1757300948093,6.412725240341817e+31
634.0973149149199,6.383208139358073e+31
634.0189191245466,6.40767478856524e+31
633.9405427164986,6.4000225819061135e+31
633.8621856835887,6.418768383688574e+31
633.7838480186333,6.386920521652669e+31
633.7055297144524,6.378635185824154e+31
633.6272307638694,6.364260903635099e+31
633.5489511597114,6.327521958704166e+31
633.4706908948091,6.262402610225189e+31
633.3924499619965,6.247004547470718e+31
633.3142283541114,6.172501234512101e+31
633.2360260639948,6.181558823510673e+31
633.1578430844917,6.110438583638931e+31
633.0796794084504,6.0691284888528025e+31
633.0015350287224,6.04388966534452e+31
632.9234099381634,6.016712789975379e+31
632.845304129632,5.989479429382774e+31
632.7672175959908,5.959268264626494e+31
632.6891503301056,5.923040018118101e+31
632.6111023248458,5.921270163949824e+31
632.5330735730844,5.860592221465085e+31
632.455064067698,5.888022259862939e+31
632.3770738015664,5.843939783422648e+31
632.2991027675732,5.822039881537228e+31
632.2211509586053,5.81251930126432e+31
632.1432183675535,5.801598948785096e+31
632.0653049873113,5.799403132130496e+31
631.9874108107766,5.754680052164867e+31
631.9095358308505,5.745425507044518e+31
631.8316800404373,5.718846106843976e+31
631.753843432445,5.722151764123287e+31
631.6760259997853,5.698922457941765e+31
631.5982277353729,5.686303819591952e+31
631.5204486321268,5.669385544108911e+31
631.4426886829684,5.69222752468509e+31
631.3649478808236,5.701020066893257e+31
631.2872262186211,5.652717029762458e+31
631.2095236892934,5.665166602670255e+31
631.1318402857764,5.662593050554334e+31
631.0541760010096,5.693094724782775e+31
630.9765308279359,5.666038898266067e+31
630.8989047595013,5.6800531716484675e+31
630.8212977886559,5.709123194901019e+31
630.743709908353,5.686139340226571e+31
630.6661411115491,5.73120258835991e+31
630.5885913912045,5.7193779996687165e+31
630.511060740283,5.726189917280991e+31
630.4335491517517,5.75838662944884e+31
630.3560566185811,5.731316051704036e+31
630.2785831337452,5.746294052875715e+31
630.2011286902215,5.735802057029272e+31
630.1236932809911,5.737965283068231e+31
630.0462768990382,5.7550389816714815e+31
629.9688795373509,5.787695055844861e+31
629.8915011889202,5.7985806430902845e+31
629.814141846741,5.765769898566212e+31
629.7368015038115,5.779395937424363e+31
629.6594801531331,5.776579138930951e+31
629.5821777877112,5.733277472261223e+31
629.5048944005539,5.705941335524637e+31
629.4276299846734,5.703146614697093e+31
629.3503845330849,5.6877517010559185e+31
629.2731580388073,5.691763135073575e+31
629.1959504948626,5.682278056507225e+31
629.1187618942765,5.694439460517323e+31
629.0415922300783,5.7423299869697125e+31
628.9644414953,5.7283866364267335e+31
628.8873096829778,5.762995775224607e+31
628.8101967861511,5.726539568818211e+31
628.7331027978623,5.782438329138842e+31
628.6560277111577,5.800545776645565e+31
628.5789715190868,5.798152066774635e+31
628.5019342147025,5.818250483179692e+31
628.4249157910613,5.8188213164447595e+31
628.3479162412228,5.839864909766518e+31
628.2709355582501,5.878688170485194e+31
628.1939737352101,5.898399313647058e+31
628.1170307651721,5.868669867657277e+31
628.0401066412101,5.922261374952742e+31
627.9632013564005,5.937539120346976e+31
627.8863149038235,5.913412107882802e+31
627.8094472765627,5.949579837977755e+31
627.7325984677047,5.9656844508922005e+31
627.6557684703401,5.965570333305069e+31
627.5789572775625,5.9609276879144825e+31
627.5021648824688,6.031009001922653e+31
627.4253912781596,6.009911339787252e+31
627.3486364577386,6.051570487331488e+31
627.2719004143131,6.083963011150147e+31
627.1951831409934,6.092694836070123e+31
627.1184846308938,6.119787104486279e+31
627.0418048771312,6.137671334429639e+31
626.9651438728264,6.201124776018661e+31
626.8885016111035,6.172281089294422e+31
626.8118780850897,6.244778925710809e+31
626.7352732879159,6.258960904940469e+31
626.6586872127162,6.279539526893084e+31
626.5821198526279,6.314510113988618e+31
626.5055712007919,6.346869732016994e+31
626.4290412503524,6.366774559936969e+31
626.3525299944569,6.4148039235496925e+31
626.276037426256,6.407574442199491e+31
626.1995635389042,6.482200166249032e+31
626.123108325559,6.437733724062471e+31
626.0466717793811,6.485210288238562e+31
625.9702538935351,6.530026629188279e+31
625.893854661188,6.570672088825036e+31
625.8174740755112,6.574818084602345e+31
625.7411121296786,6.576106773026129e+31
625.664768816868,6.629080937022426e+31
625.58844413026,6.663442543521322e+31
625.5121380630392,6.65684648575252e+31
625.4358506083928,6.679662703107392e+31
625.3595817595117,6.69827035213096e+31
625.2833315095903,6.7410746818958315e+31
625.2070998518259,6.756363538786701e+31
625.1308867794195,6.739951249977284e+31
625.054692285575,6.820859743282138e+31
624.9785163635,6.8289983273305635e+31
624.9023590064053,6.879823132737659e+31
624.8262202075048,6.873003179843363e+31
624.750099960016,6.897671393488197e+31
624.6739982571595,6.960899979178157e+31
624.5979150921595,6.945221133371448e+31
624.5218504582429,6.978864212714266e+31
624.4458043486405,7.023317878420916e+31
624.3697767565864,7.0598952237774095e+31
624.2937676753173,7.042905954520012e+31
624.2177770980741,7.090794680297358e+31
624.1418050181002,7.104782951948886e+31
624.0658514286428,7.092800737475323e+31
623.9899163229522,7.129072979720108e+31
623.9139996942821,7.168040529728936e+31
623.8381015358893,7.174287382477103e+31
623.7622218410341,7.162198285044638e+31
623.68636060298,7.175012139840161e+31
623.6105178149934,7.161501924453273e+31
623.5346934703447,7.188611877978987e+31
623.4588875623069,7.217954183043292e+31
623.3831000841567,7.242063404523941e+31
623.307331029174,7.182815467260874e+31
623.2315803906415,7.235113686000784e+31
623.155848161846,7.238152453643246e+31
623.080134336077,7.275989540398736e+31
623.0044389066271,7.276688020953454e+31
622.9287618667929,7.299222009729706e+31
622.8531032098736,7.32559157303224e+31
622.7774629291715,7.297334365139787e+31
622.701841017993,7.303339542090218e+31
622.626237469647,7.343001857555821e+31
622.5506522774459,7.338585019184704e+31
622.4750854347054,7.383210299549295e+31
622.3995369347444,7.397927394531815e+31
622.3240067708853,7.4536640357199575e+31
622.2484949364529,7.421169670510467e+31
622.1730014247762,7.461507913545927e+31
622.097526229187,7.5244957852887135e+31
622.0220693430203,7.5549179476230945e+31
621.9466307596145,7.608268196944079e+31
621.8712104723112,7.613797516872311e+31
621.795808474455,7.649763952419884e+31
621.7204247593943,7.681296324105246e+31
621.6450593204798,7.718258670820134e+31
621.5697121510664,7.687576953680487e+31
621.4943832445114,7.723247306761144e+31
621.419072594176,7.738502381836363e+31
621.3437801934243,7.786429085949196e+31
621.2685060356235,7.798979752590997e+31
621.1932501141442,7.831189395983309e+31
621.1180124223603,7.718676777934148e+31
621.0427929536486,7.686382854006266e+31
620.9675917013891,7.644363524399638e+31
620.8924086589655,7.628868881546048e+31
620.8172438197644,7.578824082922265e+31
620.7420971771753,7.575223816818616e+31
620.6669687245915,7.487686486358391e+31
620.591858455409,7.47852995329582e+31
620.5167663630272,7.442945172650512e+31
620.4416924408487,7.380205644970038e+31
620.3666366822792,7.388436806604108e+31
620.2915990807279,7.328750750419326e+31
620.2165796296067,7.354248292810105e+31
620.141578322331,7.308484621979763e+31
620.0665951523193,7.337622001468453e+31
619.9916301129934,7.313550045538884e+31
619.9166831977783,7.29455707403307e+31
619.8417544001018,7.304558537321751e+31
619.766843713395,7.268525328513353e+31
619.6919511310927,7.262495273079993e+31
619.6170766466324,7.2393036162576025e+31
619.5422202534547,7.212889807446305e+31
619.4673819450037,7.21175077164863e+31
619.3925617147263,7.203737438062233e+31
619.317759556073,7.1685823785473655e+31
619.242975462497,7.135817098746482e+31
619.1682094274552,7.130183339209241e+31
619.0934614444069,7.134890362808985e+31
619.0187315068154,7.125303468116591e+31
618.9440196081466,7.149531177702383e+31
618.8693257418696,7.176352559020931e+31
618.794649901457,7.191775555639503e+31
618.7199920803841,7.248443694722156e+31
618.6453522721298,7.249593050744573e+31
618.5707304701757,7.283220967090731e+31
618.4961266680068,7.2916997433498265e+31
618.4215408591112,7.318865813915492e+31
618.3469730369802,7.347684402325629e+31
618.2724231951083,7.369879991355816e+31
618.1978913269927,7.370105093809518e+31
618.1233774261343,7.416052516066049e+31
618.0488814860366,7.4279728436362955e+31
617.974403500207,7.465582062224552e+31
617.8999434621552,7.52794369504928e+31
617.8255013653944,7.52497369114005e+31
617.7510772034408,7.5538260033758355e+31
617.6766709698142,7.599872446562329e+31
617.6022826580368,7.6254733588866425e+31
617.5279122616342,7.653964955143471e+31
617.4535597741354,7.669974928927074e+31
617.3792251890724,7.672660484062924e+31
617.3049084999799,7.676045275252565e+31
617.2306097003963,7.701524247109746e+31
617.1563287838627,7.734447311218419e+31
617.0820657439233,7.767446137457491e+31
617.0078205741257,7.8371313781178835e+31
616.9335932680207,7.848466476002437e+31
616.8593838191615,7.883018642459292e+31
616.7851922211051,7.910062586038985e+31
616.7110184674115,7.8952243892075795e+31
616.6368625516434,7.899333625504147e+31
616.5627244673669,7.909930754432106e+31
616.4886042081512,7.900280544928871e+31
616.4145017675686,7.940985352972264e+31
616.3404171391943,7.94999121107415e+31
616.2663503166069,7.965034189991614e+31
616.1923012933876,7.95561063979823e+31
616.1182700631214,7.975963479356648e+31
616.0442566193956,7.976402625943717e+31
615.9702609558011,7.973007558190418e+31
615.8962830659317,8.022241177954416e+31
615.8223229433844,8.020000565138501e+31
615.7483805817591,8.014919678011443e+31
615.6744559746588,8.019099955210512e+31
615.6005491156899,8.0020807045367705e+31
615.5266599984612,8.01677404464739e+31
615.4527886165853,8.0738276685857785e+31
615.3789349636772,8.083222662757723e+31
615.3050990333558,8.087929798070063e+31
615.231280819242,8.104269436597408e+31
615.1574803149607,8.08643754353373e+31
615.0836975141393,8.122123218807708e+31
615.0099324104085,8.174173925803291e+31
614.9361849974018,8.176674242943968e+31
614.8624552687564,8.172408370687686e+31
614.7887432181118,8.213392880577904e+31
614.7150488391106,8.220305770874224e+31
614.6413721253991,8.252225858743901e+31
614.567713070626,8.239888490561489e+31
614.4940716684436,8.251546120131931e+31
614.4204479125066,8.316075100635796e+31
614.346841796473,8.316984841316905e+31
614.2732533140043,8.296224485898232e+31
614.1996824587642,8.33208021783139e+31
614.1261292244201,8.376750437833629e+31
614.0525936046423,8.370536330593629e+31
613.9790755931037,8.385408938432283e+31
613.905575183481,8.426529682932906e+31
613.8320923694532,8.461983301620068e+31
613.7586271447028,8.46114042987346e+31
613.685179502915,8.4791864883167e+31
613.6117494377783,8.513188562173973e+31
613.5383369429838,8.510040838745645e+31
613.4649420122264,8.546908056352707e+31
613.391564639203,8.575862115299765e+31
613.3182048176145,8.58793021563756e+31
613.244862541164,8.569853035411084e+31
613.1715378035583,8.625646161648454e+31
613.0982305985066,8.64674473809717e+31
613.0249409197213,8.624421157738952e+31
612.9516687609182,8.6857484096136e+31
612.8784141158156,8.672880477974211e+31
612.8051769781351,8.670629623830795e+31
612.7319573416012,8.739252577496857e+31
612.6587551999412,8.725813625774713e+31
612.5855705468858,8.73912297570981e+31
612.5124033761683,8.803421365421937e+31
612.4392536815254,8.825553436067665e+31
612.3661214566966,8.790745650558493e+31
612.293006695424,8.831166216331547e+31
612.2199093914534,8.84859660030206e+31
612.1468295385331,8.908504771048796e+31
612.0737671304146,8.90684861084123e+31
612.0007221608522,8.933340328745973e+31
611.9276946236033,9.000740475223007e+31
611.8546845124283,8.971374940687267e+31
611.7816918210905,9.027549944283044e+31
611.7087165433563,9.000052464191492e+31
611.635758672995,9.04167932795728e+31
611.5628182037789,9.084110642506692e+31
611.4898951294831,9.08721258523471e+31
611.4169894438857,9.133437052983378e+31
611.3441011407681,9.108564627289853e+31
611.2712302139144,9.163601599733592e+31
611.1983766571116,9.156292173697254e+31
611.1255404641498,9.201630276090942e+31
611.0527216288222,9.24627724287807e+31
610.9799201449244,9.264185558404352e+31
610.9071360062557,9.278900515756764e+31
610.8343692066178,9.304117059502948e+31
610.7616197398156,9.36531120213325e+31
610.6888875996568,9.351012897345455e+31
610.6161727799523,9.39251324812519e+31
610.5434752745156,9.375376038529457e+31
610.4707950771635,9.436578990266061e+31
610.3981321817156,9.44167881054557e+31
610.3254865819943,9.507392258752612e+31
610.2528582718248,9.556317633884728e+31
610.1802472450362,9.552701953135589e+31
610.1076534954593,9.601294225484416e+31
610.0350770169285,9.606730593933395e+31
609.962517803281,9.65164595278982e+31
609.8899758483569,9.664947952811822e+31
609.8174511459995,9.712009679247152e+31
609.7449436900545,9.708981754835481e+31
609.672453474371,9.759861641909138e+31
609.5999804928007,9.801176290644953e+31
609.5275247391984,9.802864051015468e+31
609.4550862074219,9.842096592513238e+31
609.382664891332,9.838411297326576e+31
609.3102607847916,9.878445636466002e+31
609.2378738816677,9.900065644545103e+31
609.1655041758296,9.911948567986492e+31
609.0931516611492,9.979840968712655e+31
609.0208163315023,9.998053381166105e+31
608.9484981807664,1.0008609861725298e+32
608.8761972028228,1.0041667409532096e+32
608.8039133915553,1.0045351622153225e+32
608.7316467408508,1.007356289796052e+32
608.659397244599,1.0114415827020592e+32
608.5871648966923,1.0119821404541592e+32
608.5149496910265,1.0142201552746918e+32
608.4427516215,1.0184852916379933e+32
608.3705706820139,1.0227974251197162e+32
608.2984068664724,1.0231402133393533e+32
608.2262601687828,1.0263818268211225e+32
608.154130582855,1.0299025241932818e+32
608.0820181026016,1.0270042977080732e+32
608.0099227219388,1.0319928904471692e+32
607.9378444347849,1.035323955165515e+32
607.8657832350617,1.0425388295197469e+32
607.7937391166934,1.0421589427338051e+32
607.7217120736073,1.0459951005411537e+32
607.6497020997335,1.048090073846506e+32
607.5777091890052,1.0526635620777121e+32
607.5057333353583,1.056649511081169e+32
607.4337745327316,1.0558991550142318e+32
607.3618327750665,1.061997262024868e+32
607.2899080563079,1.0661614028103763e+32
607.2180003704029,1.0675261756528323e+32
607.146109711302,1.0737059337000058e+32
607.0742360729581,1.0747016007689243e+32
607.0023794493275,1.0674318462059302e+32
606.9305398343687,1.0554969177247938e+32
606.8587172220435,1.0437615953240797e+32
606.7869116063166,1.033763487341871e+32
606.7151229811554,1.02675595594615e+32
606.6433513405301,1.0143135019792509e+32
606.5715966784139,1.0048589182128872e+32
606.4998589887828,9.923647384268641e+31
606.4281382656155,9.775480344303473e+31
606.3564345028939,9.676683856496541e+31
606.2847476946022,9.558731601637687e+31
606.2130778347281,9.443361140092134e+31
606.1414249172617,9.329837594140935e+31
606.069788936196,9.237307691338016e+31
605.998169885527,9.108380968198786e+31
605.9265677592533,9.017121482331587e+31
605.8549825513766,8.906981356957759e+31
605.7834142559011,8.797570383672016e+31
605.7118628668343,8.710721869956863e+31
605.640328378186,8.607023072462618e+31
605.5688107839693,8.492526673526666e+31
605.4973100781999,8.441060949493985e+31
605.4258262548964,8.365745936972422e+31
605.35435930808,8.309416642979112e+31
605.282909231775,8.22297008718857e+31
605.2114760200083,8.182049314806082e+31
605.1400596668099,8.113750864870257e+31
605.0686601662125,8.065987735832214e+31
604.9972775122512,7.9864186008368605e+31
604.9259116989647,7.899781812956385e+31
604.8545627203939,7.816900930054546e+31
604.7832305705828,7.758883938867672e+31
604.711915243578,7.689490993876928e+31
604.640616733429,7.656465252889215e+31
604.5693350341885,7.567450173108055e+31
604.4980701399111,7.505438635606021e+31
604.4268220446551,7.424250560521065e+31
604.355590742481,7.359989505082246e+31
604.2843762274526,7.345278582358347e+31
604.2131784936361,7.26710287748079e+31
604.1419975351006,7.19742417117408e+31
604.0708333459181,7.196090715175646e+31
603.9996859201633,7.146135624814845e+31
603.9285552519136,7.090757802146295e+31
603.8574413352496,7.03142551650511e+31
603.786344164254,7.021173775860392e+31
603.715263733013,6.97520203663985e+31
603.644200035615,6.946317131530613e+31
603.5731530661516,6.894871986945162e+31
603.502122818717,6.855739190905937e+31
603.4311092874082,6.842857873272932e+31
603.360112466325,6.767120079874689e+31
603.2891323495699,6.749078247409731e+31
603.2181689312482,6.713196478403637e+31
603.1472222054682,6.68287644563924e+31
603.0762921663405,6.617715886891865e+31
603.005378807979,6.61643064143955e+31
602.9344821244999,6.560002006039351e+31
602.8636021100226,6.529162442529029e+31
602.792738758669,6.472237402277957e+31
602.7218920645635,6.4674554971909e+31
602.651062021834,6.415047167141014e+31
602.5802486246106,6.409172097944071e+31
602.5094518670262,6.402102021794956e+31
602.4386717432166,6.362212866215557e+31
602.3679082473202,6.353023030005542e+31
602.2971613734784,6.344663708051308e+31
602.2264311158352,6.3013026969553645e+31
602.1557174685373,6.320364202761396e+31
602.0850204257342,6.29836026421732e+31
602.0143399815784,6.240453636891828e+31
601.9436761302245,6.2481869453839205e+31
601.8730288658305,6.216925257431019e+31
601.8023981825568,6.205031481142187e+31
601.7317840745667,6.20179345726026e+31
601.661186536026,6.170267138717283e+31
601.5906055611036,6.167226464467189e+31
601.5200411439707,6.156888243200996e+31
601.4494932788019,6.084896256178382e+31
601.3789619597737,6.095750296825083e+31
601.308447181066,6.072133103233749e+31
601.237948936861,6.110827232228642e+31
601.1674672213438,6.079747340364658e+31
601.0970020287024,6.07845343027757e+31
601.026553353127,6.077560276540846e+31
600.9561211888114,6.054154664194748e+31
600.8857055299511,6.050921114807447e+31
600.8153063707451,6.031289413301304e+31
600.7449237053947,6.078556328905572e+31
600.6745575281041,6.044501627295387e+31
600.6042078330801,6.046156355296842e+31
600.5338746145324,6.0136324182588015e+31
600.463557866673,6.034244137011385e+31
600.3932575837173,6.009635211226316e+31
600.3229737598829,6.032382063714847e+31
600.25270638939,6.009553569891331e+31
600.1824554664618,6.033465623907498e+31
600.1122209853243,5.991633087630078e+31
600.0420029402057,6.01323660390359e+31
599.9718013253378,5.996611162728416e+31
599.9016161349539,5.997739071059975e+31
599.8314473632909,5.998250566574223e+31
599.7612950045882,6.015021197290845e+31
599.6911590530877,6.019864161937457e+31
599.6210395030341,6.028966978448389e+31
599.5509363486749,6.02949713929291e+31
599.48084958426,6.047019252146685e+31
599.4107792040425,6.034295321591617e+31
599.3407252022776,6.045639947913227e+31
599.2706875732234,6.062425077048562e+31
599.2006663111409,6.042221895797017e+31
599.1306614102937,6.048613278566042e+31
599.0606728649477,6.056776187789311e+31
598.990700669372,6.062797522969639e+31
598.9207448178382,6.095698478010559e+31
598.8508053046204,6.0947721271335185e+31
598.7808821239955,6.092027573151717e+31
598.7109752702431,6.087599295932619e+31
598.6410847376455,6.103242436155185e+31
598.5712105204875,6.115702949097611e+31
598.501352613057,6.108063783408532e+31
598.4315110096438,6.107863243617357e+31
598.361685704541,6.143984498592776e+31
598.2918766920442,6.122530600668759e+31
598.2220839664517,6.143619951319007e+31
598.1523075220643,6.1772842227557905e+31
598.0825473531856,6.174367442272317e+31
598.0128034541219,6.184219045833215e+31
597.943075819182,6.204971908111709e+31
597.8733644426775,6.221547321636001e+31
597.8036693189223,6.219668188789139e+31
597.7339904422334,6.256069798675873e+31
597.6643278069305,6.2626406205246985e+31
597.5946814073355,6.283314462004551e+31
597.5250512377733,6.280172598273108e+31
597.4554372925709,6.313648669903692e+31
597.385839566059,6.334202387335729e+31
597.3162580525698,6.344656281991741e+31
597.2466927464388,6.361250377438419e+31
597.1771436420042,6.377913399875748e+31
597.1076107336064,6.387735021454012e+31
597.0380940155886,6.425268094698311e+31
596.9685934822969,6.4369125036838545e+31
596.8991091280797,6.423036648562049e+31
596.829640947288,6.333163757287828e+31
596.7601889342759,6.237221557851442e+31
596.6907530833995,6.158337422226045e+31
596.621333389018,6.071267388796848e+31
596.551929845493,5.98440349653883e+31
596.482542447189,5.903222592122001e+31
596.4131711884726,5.810141025885374e+31
596.3438160637133,5.722046150778161e+31
596.2744770672837,5.632477985503331e+31
596.205154193558,5.5756051078259615e+31
596.1358474369139,5.494573484455334e+31
596.0665567917314,5.412810347340259e+31
595.9972822523929,5.333635554479067e+31
595.9280238132839,5.261974819680597e+31
595.8587814687919,5.1915503549830825e+31
595.7895552133076,5.120367852195661e+31
595.7203450412238,5.027576149889584e+31
595.6511509469365,4.962797209876869e+31
595.5819729248435,4.895793125392904e+31
595.512810969346,4.81688698338852e+31
595.4436650748473,4.7511807518405485e+31
595.3745352357535,4.677621551887725e+31
595.3054214464731,4.6093542449704845e+31
595.2363237014176,4.558994184659081e+31
595.1672419950006,4.484129433402459e+31
595.0981763216387,4.4158185831415095e+31
595.0291266757508,4.3613919402616895e+31
594.9600930517586,4.299048275605099e+31
594.8910754440861,4.232213234008499e+31
594.8220738471605,4.177779157913501e+31
594.7530882554107,4.116857277440215e+31
594.684118663269,4.080458019870684e+31
594.6151650651698,4.0209045668232307e+31
594.5462274555503,3.9639167004920626e+31
594.47730582885,3.9109455768057084e+31
594.4084001795113,3.85022168037098e+31
594.3395105019791,3.7923086919695857e+31
594.2706367907008,3.7660162417993876e+31
594.2017790401264,3.7127360096845783e+31
594.1329372447085,3.660330232180428e+31
594.0641113989021,3.6067248403013613e+31
593.9953014971652,3.582256175432962e+31
593.9265075339578,3.5378425143088224e+31
593.8577295037428,3.4932761262545615e+31
593.7889674009857,3.457583942709008e+31
593.7202212201545,3.4354446738019223e+31
593.6514909557195,3.402108244361314e+31
593.5827766021541,3.3526736476514125e+31
593.5140781539338,3.340365133587118e+31
593.4453956055369,3.30414722128475e+31
593.376728951444,3.263176324420694e+31
593.3080781861386,3.2443351663505612e+31
593.2394433041064,3.2071169788831215e+31
593.170824299836,3.1933348911934106e+31
593.1022211678182,3.159116359595782e+31
593.0336339025469,3.142949680952589e+31
592.9650624985176,3.1063046602030605e+31
592.8965069502293,3.08577470095165e+31
592.8279672521832,3.0619338864265843e+31
592.7594433988827,3.044763931183521e+31
592.6909353848342,3.0114144120491772e+31
592.6224432045466,2.9989315198903733e+31
592.5539668525311,2.968550901934714e+31
592.4855063233016,2.9559881033828327e+31
592.4170616113744,2.949211825903906e+31
592.3486327112686,2.921178385438623e+31
592.2802196175054,2.913776115814309e+31
592.2118223246091,2.883548670024107e+31
592.143440827106,2.8705606710526337e+31
592.0750751195251,2.8527905626069973e+31
592.0067251963982,2.8433776777828333e+31
591.9383910522594,2.8232534736598006e+31
591.870072681645,2.810309510702416e+31
591.8017700790942,2.796070926143009e+31
591.7334832391491,2.783500398588561e+31
591.6652121563535,2.7759853845446567e+31
591.5969568252541,2.739731943583388e+31
591.5287172404002,2.729412866022479e+31
591.4604933963436,2.71981241710829e+31
591.3922852876384,2.717010506521574e+31
591.3240929088415,2.7022857664594563e+31
591.255916254512,2.6924717803258687e+31
591.1877553192118,2.691193139269176e+31
591.1196100975052,2.685129751518817e+31
591.0514805839589,2.6858557619698303e+31
590.9833667731422,2.68606245447242e+31
590.9152686596269,2.708411953697722e+31
590.8471862379873,2.703819517641176e+31
590.7791195028003,2.7064054816840296e+31
590.711068448645,2.7048682736672775e+31
590.6430330701035,2.712984352769706e+31
590.5750133617596,2.7334080418260607e+31
590.5070093182006,2.732746458720268e+31
590.4390209340155,2.735974860710496e+31
590.3710482037961,2.724306729198631e+31
590.3030911221366,2.704716434626665e+31
590.235149683634,2.6912168217342615e+31
590.1672238828872,2.6705209306374206e+31
590.0993137144982,2.6606537929056193e+31
590.031419173071,2.635789086911707e+31
589.9635402532123,2.621776607673383e+31
589.8956769495314,2.6080873939094782e+31
589.82782925664,2.5803959942526044e+31
589.759997169152,2.5656477743344697e+31
589.6921806816842,2.554455979950216e+31
589.6243797888555,2.5448990742614695e+31
589.5565944852876,2.536419742523503e+31
589.4888247656046,2.5241254792753883e+31
589.4210706244327,2.516695530951555e+31
589.3533320564012,2.5077342764764555e+31
589.2856090561412,2.4951861587257044e+31
589.217901618287,2.482089173441866e+31
589.1502097374746,2.476964599923684e+31
589.0825334083432,2.463656327776886e+31
589.0148726255338,2.4549282554896786e+31
588.9472273836902,2.4507714264902474e+31
588.8795976774588,2.4499174545302734e+31
588.8119835014883,2.4324542932416147e+31
588.7443848504295,2.4293388000067975e+31
588.6768017189362,2.425526365976713e+31
588.6092341016646,2.416828146301078e+31
588.541681993273,2.4107922315664186e+31
588.4741453884224,2.404127096236394e+31
588.4066242817761,2.399020620865181e+31
588.3391186680002,2.3914067854330275e+31
588.2716285417629,2.3975217081494696e+31
588.2041538977348,2.3986819888917583e+31
588.1366947305893,2.390402120399831e+31
588.0692510350019,2.396888016025644e+31
588.0018228056507,2.39568967014574e+31
587.9344100372163,2.401243025832747e+31
587.8670127243814,2.3990714081947005e+31
587.7996308618318,2.3979638349531857e+31
587.7322644442551,2.407240504195619e+31
587.6649134663414,2.4083824711380156e+31
587.5975779227838,2.4119878380523606e+31
587.5302578082772,2.4199116476418804e+31
587.462953117519,2.421011828342327e+31
587.3956638452095,2.419425411279419e+31
587.328389986051,2.4205442502802216e+31
587.2611315347483,2.422975804052068e+31
587.1938884860086,2.427201385650364e+31
587.1266608345419,2.434991046597724e+31
587.05944857506,2.4360939899692153e+31
586.9922517022775,2.4253246714062187e+31
586.9250702109116,2.375661992964235e+31
586.8579040956813,2.3272241938105375e+31
586.7907533513087,2.2792037187448793e+31
586.7236179725179,2.227502416596912e+31
586.6564979540354,2.1769812468370674e+31
586.5893932905906,2.1342668414474636e+31
586.5223039769145,2.094706244118714e+31
586.4552300077412,2.0522817433933213e+31
586.388171377807,2.0120450420782276e+31
586.3211280818504,1.9704777543545757e+31
586.2541001146127,1.927392698025847e+31
586.1870874708372,1.8875940147157426e+31
586.1200901452698,1.8424241746614503e+31
586.053108132659,1.8021984514415969e+31
585.9861414277552,1.763616767547765e+31
585.9191900253118,1.7199844929160951e+31
585.852253920084,1.6853547349695242e+31
585.7853331068297,1.6489337419750422e+31
585.7184275803094,1.6163664800118676e+31
585.6515373352855,1.5910387138423464e+31
585.5846623665233,1.5606008637188062e+31
585.5178026687902,1.5335327416622255e+31
585.4509582368559,1.5080868431940287e+31
585.3841290654927,1.4772745741794456e+31
585.3173151494755,1.4464720522466879e+31
585.2505164835808,1.4194195012533852e+31
585.1837330625883,1.3928954197595046e+31
585.1169648812797,1.3670571905467642e+31
585.0502119344393,1.3451137810095243e+31
584.9834742168533,1.3204405662370727e+31
584.916751723311,1.290286254191408e+31
584.8500444486034,1.2684221586964903e+31
584.7833523875242,1.2454581734123886e+31
584.7166755348695,1.219147405740145e+31
584.6500138854378,1.1900850542421196e+31
584.5833674340298,1.169748427491283e+31
584.5167361754485,1.1473513084319753e+31
584.4501201044997,1.1285571061375695e+31
584.3835192159911,1.104260387002661e+31
584.316933504733,1.0936269977260194e+31
584.250362965538,1.0796981308388425e+31
584.1838075932211,1.0706642584962057e+31
584.1172673825997,1.0579900109791106e+31
584.0507423284935,1.044091548002329e+31
583.9842324257245,1.0318158532172323e+31
583.9177376691172,1.022293949310643e+31
583.8512580534983,1.021455228780594e+31
583.784793573697,1.0208846110724615e+31
583.7183442245448,1.0279578589593708e+31
583.6519100008755,1.0258163227856694e+31
583.5854908975253,1.0296413503814626e+31
583.5190869093328,1.033328598271112e+31
583.4526980311389,1.0365151430365247e+31
583.3863242577868,1.0390536837968283e+31
583.3199655841221,1.0415369480706105e+31
583.2536220049926,1.0459376726875446e+31
583.1872935152488,1.0584980579893486e+31
583.1209801097434,1.0583892649360367e+31
583.054681783331,1.0635458011024291e+31
582.9883985308692,1.065298635458834e+31
582.9221303472176,1.065479090779129e+31
582.855877227238,1.0567513341770583e+31
582.7896391657949,1.0496613070032597e+31
582.723416157755,1.0460926503612797e+31
582.657208197987,1.0398869398668284e+31
582.5910152813624,1.0314051035983439e+31
582.5248374027548,1.0346515297869184e+31
582.4586745570401,1.0314386243095026e+31
582.3925267390969,1.0297536194049456e+31
582.3263939438056,1.0268018219744706e+31
582.2602761660489,1.0227649759763263e+31
582.1941734007127,1.0219484243312243e+31
582.1280856426839,1.0193757810471073e+31
582.0620128868529,1.0229620405831568e+31
581.9959551281119,1.028107088751214e+31
581.9299123613552,1.023001798028493e+31
581.8638845814799,1.0214171409965921e+31
581.7978717833851,1.0210753168036953e+31
581.7318739619722,1.0187893022169627e+31
581.6658911121452,1.0147570924796163e+31
581.5999232288101,1.0291130082581108e+31
581.5339703068754,1.0246613230004616e+31
581.468032341252,1.0192104783766276e+31
581.4021093268526,1.0224409413103532e+31
581.3362012585928,1.0180718802907912e+31
581.2703081313904,1.0277946815791004e+31
581.204429940165,1.027136256478123e+31
581.1385666798392,1.0218780899611842e+31
581.0727183453373,1.02443831327372e+31
581.0068849315865,1.0266215929076956e+31
580.9410664335156,1.032479844795648e+31
580.8752628460564,1.0353914946040092e+31
580.8094741641426,1.0363463024869788e+31
580.7437003827101,1.034163400037769e+31
580.6779414966974,1.0380134576821448e+31
580.6121975010451,1.0471939808112094e+31
580.5464683906962,1.0463179517568868e+31
580.4807541605958,1.0455575842776283e+31
580.4150548056915,1.0446701947161765e+31
580.3493703209332,1.056648332953041e+31
580.2837007012728,1.055531640966182e+31
580.2180459416649,1.055986575222687e+31
580.1524060370659,1.0556795174853675e+31
580.086780982435,1.0676949230429464e+31
580.0211707727332,1.0673807047650121e+31
579.9555754029242,1.0692213244226063e+31
579.8899948679735,1.0922304407983886e+31
579.8244291628495,1.0895222633350595e+31
579.7588782825223,1.093139882068571e+31
579.6933422219646,1.0972169040942329e+31
579.6278209761512,1.1278961061298787e+31
579.5623145400593,1.1327451052431495e+31
579.4968229086684,1.1359904866464473e+31
579.43134607696,1.1520767676114645e+31
579.3658840399183,1.1718388199204888e+31
579.3004367925294,1.1724192653835032e+31
579.2350043297816,1.1939743980319824e+31
579.169586646666,1.1913985682988091e+31
579.1041837381754,1.2008081198753945e+31
579.0387955993051,1.2322550057231519e+31
578.9734222250528,1.233958865355625e+31
578.908063610418,1.235178487365066e+31
578.842719750403,1.2625734866166354e+31
578.7773906400121,1.2649265950743417e+31
578.7120762742517,1.264243499321377e+31
578.6467766481306,1.2939094341911824e+31
578.5814917566602,1.2969900558390552e+31
578.5162215948535,1.3012057332292264e+31
578.4509661577263,1.3179682291130906e+31
578.3857254402961,1.3195591755151659e+31
578.3204994375833,1.342331650087346e+31
578.2552881446101,1.3547986811411258e+31
578.190091556401,1.3590242695763298e+31
578.1249096679828,1.375977826351993e+31
578.0597424743847,1.3759094892281615e+31
577.9945899706379,1.4005650298879087e+31
577.9294521517759,1.4015785776509315e+31
577.8643290128343,1.3998163080375776e+31
577.7992205488515,1.4364271924417926e+31
577.7341267548675,1.4345036889119025e+31
577.6690476259247,1.4544375175403353e+31
577.6039831570679,1.4544189317608178e+31
577.538933343344,1.476671113131729e+31
577.4738981798023,1.475927202198453e+31
577.408877661494,1.4966153465324746e+31
577.343871783473,1.501210822537283e+31
577.2788805407948,1.5128903993723838e+31
577.2139039285178,1.533141288334523e+31
577.1489419417022,1.5302902215075253e+31
577.0839945754104,1.5486875938178457e+31
577.0190618247074,1.5512886526330423e+31
576.9541436846599,1.5734672139572145e+31
576.8892401503374,1.5748569943390127e+31
576.824351216811,1.5907222841035233e+31
576.7594768791545,1.5903421567440532e+31
576.6946171324437,1.604991423427704e+31
576.6297719717567,1.6080845794444055e+31
576.5649413921738,1.6264324393811978e+31
576.5001253887773,1.6554343963535403e+31
576.435323956652,1.652171305701949e+31
576.370537090885,1.6731796049894571e+31
576.3057647865651,1.673023212180541e+31
576.2410070387839,1.687841796427035e+31
576.1762638426347,1.6886932785738218e+31
576.1115351932134,1.7068789377298106e+31
576.0468210856178,1.7061904389170938e+31
575.9821215149482,1.7397894025698088e+31
575.9174364763068,1.7733434409735838e+31
575.8527659647981,1.7746191469891344e+31
575.788109975529,1.8088278097943112e+31
575.7234685036084,1.8077279313116079e+31
575.6588415441473,1.8424654168194371e+31
575.5942290922592,1.8779415762868475e+31
575.5296311430594,1.8799807084250473e+31
575.4650476916659,1.9141033557866122e+31
575.4004787331983,1.9500760114361846e+31
575.3359242627789,1.9454312343748004e+31
575.271384275532,1.9798207882978962e+31
575.206858766584,2.0134387382936251e+31
575.1423477310634,1.993763129332847e+31
575.0778511641013,2.0264054463223363e+31
575.0133690608307,2.060001997897443e+31
574.9489014163865,2.0585517081916466e+31
574.8844482259066,2.0917144442173774e+31
574.8200094845301,2.124871403613849e+31
574.755585187399,2.124928513869239e+31
574.6911753296572,2.155223984236757e+31
574.6267799064508,2.177532517071171e+31
574.562398912928,2.1978758462824777e+31
574.4980323442393,2.1652929915772134e+31
574.4336801955372,2.1841678232661938e+31
574.3693424619768,2.193515685446463e+31
574.3050191387148,2.212805032542477e+31
574.2407102209104,2.1989475934674365e+31
574.176415703725,2.218283273316756e+31
574.1121355823219,2.235629970928316e+31
574.047869851867,2.2524262213495903e+31
573.9836185075278,2.2523226692708214e+31
573.9193815444744,2.237001807972984e+31
573.855158957879,2.2561964438522773e+31
573.7909507429158,2.273212268757608e+31
573.7267568947614,2.290286574132652e+31
573.6625774085941,2.2927544413571098e+31
573.5984122795949,2.296445955134707e+31
573.5342615029465,2.3199398455359398e+31
573.4701250738343,2.3102041568294113e+31
573.4060029874453,2.3327669847636117e+31
573.3418952389688,2.354758337606188e+31
573.2778018235967,2.3618447277098005e+31
573.2137227365223,2.383466339296748e+31
573.1496579729417,2.3974173374964014e+31
573.0856075280525,2.4206543260189406e+31
573.0215713970553,2.4249622543280957e+31
572.9575495751519,2.4489158510920566e+31
572.8935420575472,2.4715427725174018e+31
572.8295488394474,2.488034348645289e+31
572.7655699160613,2.4843396819692286e+31
572.7016052825996,2.5061866363593897e+31
572.6376549342755,2.528724606187896e+31
572.573718866304,2.5489893475963156e+31
572.5097970739024,2.5546143551985093e+31
572.44588955229,2.568303197466671e+31
572.3819962966885,2.589297028891831e+31
572.3181173023213,2.6396787540715775e+31
572.2542525644144,2.6477039863248706e+31
572.1904020781956,2.7088172072759286e+31
572.1265658388949,2.756286412316549e+31
572.0627438417446,2.7682480130045688e+31
571.9989360819789,2.822161081178384e+31
571.9351425548343,2.8442139952527336e+31
571.8713632555493,2.879664495186294e+31
571.8075981793646,3.002430514383031e+31
571.743847321523,3.0278326955135274e+31
571.6801106772695,3.0664866855112755e+31
571.6163882418509,3.0798184194747306e+31
571.5526800105166,3.1327486995615866e+31
571.4889859785177,3.14020393851741e+31
571.4253061411077,3.2499872165034426e+31
571.3616404935422,3.258576262748934e+31
571.2979890310786,3.3066409304098753e+31
571.2343517489768,3.329328006589132e+31
571.1707286424985,3.421599812604037e+31
571.1071197069078,3.4440629823845826e+31
571.0435249374707,3.47607205685883e+31
570.9799443294554,3.5497183606216757e+31
570.9163778781322,3.6001982028752e+31
570.8528255787735,3.608509678404827e+31
570.7892874266536,3.678818111356313e+31
570.7257634170493,3.709460809024326e+31
570.6622535452393,3.730985735365049e+31
570.5987578065043,3.817640271232436e+31
570.5352761961273,3.835786025240748e+31
570.4718087093931,3.868529084688296e+31
570.4083553415891,3.9372696588653426e+31
570.3449160880042,3.940852227574333e+31
570.28149094393,4.036199009411499e+31
570.2180799046596,4.040475064709045e+31
570.1546829654885,4.114186944128508e+31
570.0913001217145,4.132401572572934e+31
570.027931368637,4.208158875851779e+31
569.964576701558,4.201034071308474e+31
569.9012361157811,4.300328775506983e+31
569.8379096066124,4.346445574744352e+31
569.7745971693598,4.36392954815647e+31
569.7112987993335,4.4460635167645265e+31
569.6480144918454,4.504506218232212e+31
569.5847442422101,4.507629085080639e+31
569.5214880457439,4.579370951540099e+31
569.4582458977652,4.6468841088213335e+31
569.3950177935943,4.635773907310054e+31
569.331803728554,4.70178045088412e+31
569.2686036979688,4.746056313555915e+31
569.2054176971657,4.818531019739601e+31
569.1422457214732,4.8752694601682755e+31
569.0790877662223,4.87218319561938e+31
569.015943826746,4.913080455655151e+31
568.9528138983793,4.971111495197261e+31
568.8896979764594,5.03716278208343e+31
568.8265960563252,5.08323259011704e+31
568.7635081333182,5.13033401843475e+31
568.7004342027815,5.1729410565526545e+31
568.6373742600606,5.26617563273374e+31
568.5743283005029,5.368108948973046e+31
568.5112963194579,5.482018014151312e+31
568.448278312277,5.588922068111706e+31
568.3852742743142,5.625465525067236e+31
568.3222842009246,5.886604404470613e+31
568.2593080874665,5.984689554771924e+31
568.1963459292994,6.089335520244847e+31
568.1333977217851,6.168708614635491e+31
568.0704634602876,6.341870515209291e+31
568.007543140173,6.434753477701648e+31
567.9446367568089,6.506205036512688e+31
567.8817443055658,6.660407407639365e+31
567.8188657818156,6.717273790866562e+31
567.7560011809325,6.906921779502816e+31
567.6931504982927,6.940596716059019e+31
567.6303137292743,7.110964885454731e+31
567.567490869258,7.137844924665274e+31
567.5046819136257,7.307210205331134e+31
567.4418868577621,7.435029346618329e+31
567.3791056970537,7.591708712703639e+31
567.3163384268886,7.608951368489045e+31
567.2535850426575,7.740832945003526e+31
567.190845539753,7.853060056681694e+31
567.1281199135697,7.94841116801691e+31
567.0654081595042,8.089840675082563e+31
567.0027102729551,8.185511162130783e+31
566.9400262493232,8.270203295102218e+31
566.8773560840112,8.48955003845863e+31
566.8146997724239,8.555616135536637e+31
566.7520573099681,8.618793705935777e+31
566.6894286920525,8.7764982592039e+31
566.6268139140881,8.871498331289389e+31
566.5642129714877,9.017461712068042e+31
566.5016258596662,9.157805346786627e+31
566.4390525740406,9.268771869485437e+31
566.37649311003,9.39988711931422e+31
566.3139474630551,9.49904454927039e+31
566.2514156285391,9.61605712925285e+31
566.1888976019069,9.70764212457653e+31
566.1263933785857,9.799873074470042e+31
566.0639029540044,9.893777553278832e+31
566.0014263235944,1.0062198018576874e+32
565.9389634827884,1.0192706751960055e+32
565.8765144270217,1.0290332154470448e+32
565.8140791517316,1.0381884059142705e+32
565.7516576523569,1.0484141739890934e+32
565.689249924339,1.058421250221768e+32
565.6268559631211,1.0731312376569009e+32
565.5644757641483,1.085437850770578e+32
565.5021093228678,1.0949610624217038e+32
565.4397566347287,1.103522335840717e+32
565.3774176951824,1.1168328307336428e+32
565.315092499682,1.1256393067636418e+32
565.2527810436827,1.1426983840807526e+32
565.1904833226419,1.1548489475513922e+32
565.1281993320184,1.1654834773299119e+32
565.0659290672739,1.2028736129303304e+32
565.0036725238714,1.2302962345053369e+32
564.9414296972761,1.2621070113678975e+32
564.8792005829554,1.2372543843520216e+32
564.8169851763782,1.1610830932926445e+32
564.754783473016,1.1317128886089171e+32
564.6925954683419,1.1041478781590654e+32
564.6304211578312,1.0740851627510062e+32
564.5682605369609,1.0455648252979921e+32
564.5061136012102,1.0139305893989164e+32
564.4439803460606,9.842624664587353e+31
564.3818607669949,9.575207688623258e+31
564.3197548594984,9.265783110244205e+31
564.2576626190584,8.957958531422589e+31
564.1955840411638,8.646820377401959e+31
564.1335191213057,8.345484570440854e+31
564.0714678549772,8.047519794473082e+31
564.0094302376735,7.746354621379034e+31
563.9474062648917,7.432921860831461e+31
563.8853959321307,7.117938654124805e+31
563.8233992348917,6.80701250634684e+31
563.7614161686774,6.503263648691351e+31
563.699446728993,6.181244493370311e+31
563.6374909113455,5.856868483869898e+31
563.5755487112436,5.561241628491486e+31
563.5136201241984,5.313825882770546e+31
563.4517051457227,5.200774006164009e+31
563.3898037713313,5.066163584849485e+31
563.3279159965412,4.944835645841374e+31
563.2660418168709,4.825231940872915e+31
563.2041812278414,4.68604724339411e+31
563.1423342249753,4.569139593568501e+31
563.0805008037975,4.433265643111221e+31
563.0186809598342,4.313750143641736e+31
562.9568746886144,4.186213652116599e+31
562.8950819856688,4.060413629360561e+31
562.8333028465295,3.9277668098960006e+31
562.7715372667312,3.797051082437607e+31
562.7097852418104,3.673969976263912e+31
562.6480467673056,3.5451550355645576e+31
562.5863218387572,3.4228980715082854e+31
562.5246104517073,3.28880630250714e+31
562.4629126017003,3.165954015488015e+31
562.4012282842826,3.036653609318115e+31
562.3395574950022,2.9016395339086645e+31
562.2779002294094,2.7756768177145135e+31
562.2162564830562,2.658611958807268e+31
562.1546262514967,2.6019904296609383e+31
562.093009530287,2.5402380818937957e+31
562.0314063149849,2.483214392255799e+31
561.9698166011503,2.422297421280968e+31
561.9082403843453,2.369774148558588e+31
561.8466776601333,2.304701602646585e+31
561.7851284240804,2.2523378509108097e+31
561.723592671754,2.191454749379625e+31
561.6620703987239,2.1310854065493043e+31
561.6005616005616,2.0719955033136756e+31
561.5390662728406,2.0150741983366066e+31
561.4775844111364,1.9544359003972391e+31
561.4161160110262,1.8930297286266812e+31
561.3546610680895,1.8333428078942887e+31
561.2932195779075,1.7757444755874019e+31
561.2317915360634,1.7151796075842447e+31
561.1703769381422,1.653242904111202e+31
561.108975779731,1.5945567711705578e+31
561.0475880564189,1.5346721429398835e+31
560.9862137637967,1.4742903483717998e+31
560.9248528974573,1.415110059827562e+31
560.8635054529954,1.3859103253945185e+31
560.8021714260077,1.3592928560515436e+31
560.740850812093,1.3274564045095517e+31
560.6795436068514,1.3004015421317352e+31
560.618249805886,1.2743058960151594e+31
560.5569694048006,1.2436668089434466e+31
560.4957023992018,1.2180733197511703e+31
560.4344487846979,1.1874123222156521e+31
560.3732085568989,1.159048546629618e+31
560.3119817114169,1.1305452287142907e+31
560.250768243866,1.101513084637787e+31
560.1895681498619,1.0731552816477903e+31
560.1283814250226,1.0450746419478457e+31
560.0672080649679,1.0148628942550628e+31
560.0060480653191,9.863774642890859e+30
559.9449014217001,9.560737008542886e+30
559.8837681297363,9.284938372035433e+30
559.822648185055,8.995449640180958e+30
559.7615415832855,8.70576976122053e+30
559.7004483200591,8.398100963691478e+30
559.6393683910088,8.125972406750896e+30
559.5783017917697,7.945331658830738e+30
559.5172485179787,7.839917484105068e+30
559.4562085652746,7.704496369900697e+30
559.395181929298,7.585491524925547e+30
559.3341686056918,7.45245017451827e+30
559.2731685901003,7.339054170097146e+30
559.21218187817,7.213119918842197e+30
559.1512084655493,7.089043907040394e+30
559.0902483478883,6.969400509380466e+30
559.0293015208392,6.841860290126334e+30
558.968367980056,6.722155324201782e+30
558.9074477211947,6.590382781013018e+30
558.8465407399128,6.463431229762628e+30
558.7856470318703,6.34340523006202e+30
558.7247665927288,6.227245677933727e+30
558.6638994181516,6.095732582501378e+30
558.6030455038041,5.970504968140435e+30
558.5422048453536,5.848073070262902e+30
558.4813774384693,5.719496904181286e+30
558.4205632788222,5.593189008081934e+30
558.3597623620851,5.459778200810229e+30
558.298974683933,5.360563239814556e+30
558.2382002400424,5.3231645554817e+30
558.177439026092,5.276980039013603e+30
558.1166910377622,5.225885668818727e+30
558.0559562707352,5.178317184155029e+30
557.9952347206955,5.133691068639244e+30
557.934526383329,5.079856287241212e+30
557.8738312543235,5.032038986016612e+30
557.8131493293691,4.988255317599535e+30
557.7524806041574,4.939918574259857e+30
557.6918250743822,4.8808139524023354e+30
557.6311827357385,4.840842366383399e+30
557.5705535839242,4.786307848446872e+30
557.5099376146379,4.7360372753025153e+30
557.4493348235812,4.700533308858698e+30
557.3887452064567,4.6475174840663335e+30
557.3281687589695,4.594649479672059e+30
557.267605476826,4.545312376497885e+30
557.207055355735,4.496657995648274e+30
557.1465183914066,4.448888175775727e+30
557.0859945795532,4.398557446119582e+30
557.0254839158891,4.3435340227286965e+30
556.9649863961303,4.329693916873212e+30
556.9045020159944,4.324673140020958e+30
556.8440307712011,4.296595328435522e+30
556.7835726574723,4.295764173022562e+30
556.7231276705312,4.2669519172538545e+30
556.6626958061032,4.267768048582423e+30
556.6022770599155,4.251056060822608e+30
556.5418714276968,4.2231367019024816e+30
556.4814789051784,4.2158641386822906e+30
556.4210994880926,4.197316901507712e+30
556.3607331721742,4.185503952356092e+30
556.3003799531596,4.1731952763450416e+30
556.2400398267869,4.16785905338966e+30
556.1797127887963,4.143366856545742e+30
556.1193988349298,4.123007065620301e+30
556.0590979609312,4.117915208311377e+30
555.9988101625462,4.0916985592398205e+30
555.9385354355222,4.0919519366031485e+30
555.8782737756086,4.0616039094073627e+30
555.8180251785566,4.0613048565336544e+30
555.757789640119,4.038530749172077e+30
555.6975671560509,4.039843320647981e+30
555.6373577221091,4.030036530132362e+30
555.5771613340519,4.03752529024837e+30
555.5169779876397,4.040691809481031e+30
555.456807678635,4.044318210675507e+30
555.3966504028014,4.040984387438536e+30
555.3365061559051,4.043510798354353e+30
555.2763749337139,4.0451590464703524e+30
555.2162567319971,4.045826216886121e+30
555.1561515465263,4.044271849268999e+30
555.0960593730746,4.047499240928088e+30
555.035980207417,4.03760738071248e+30
554.9759140453305,4.0531396929709526e+30
554.9158608825936,4.0625360404336525e+30
554.8558207149872,4.05044680646451e+30
554.7957935382934,4.0617149805088586e+30
554.7357793482964,4.055277517188731e+30
554.6757781407822,4.05312585902431e+30
554.6157899115389,4.054054706854551e+30
554.5558146563556,4.071561934714032e+30
554.4958523710243,4.060540629375327e+30
554.435903051338,4.0571135118274766e+30
554.3759666930919,4.0701187637095967e+30
554.316043292083,4.072158002607716e+30
554.2561328441099,4.0837700611931706e+30
554.1962353449733,4.100251921361811e+30
554.1363507904755,4.0982098503036284e+30
554.0764791764208,4.1133060188613136e+30
554.016620498615,4.1233255714352926e+30
553.9567747528661,4.128632242917952e+30
553.8969419349836,4.138557307424889e+30
553.837122040779,4.154093396074593e+30
553.7773150660656,4.148239182544632e+30
553.7175210066584,4.1589796569603786e+30
553.6577398583744,4.172239441764821e+30
553.5979716170319,4.166988586534416e+30
553.5382162784518,4.183984863873513e+30
553.4784738384562,4.1976367297371786e+30
553.4187442928692,4.21216561571596e+30
553.3590276375166,4.2141363976839374e+30
553.2993238682262,4.2170189900683706e+30
553.2396329808274,4.233578240444139e+30
553.1799549711517,4.2439099434228226e+30
553.1202898350318,4.2420740378058464e+30
553.0606375683029,4.254378634051841e+30
553.0009981668017,4.279931332888801e+30
552.9413716263665,4.293618222663547e+30
552.8817579428376,4.2943659167601477e+30
552.822157112057,4.3105421399598195e+30
552.7625691298688,4.319743487213959e+30
552.7029939921184,4.3441553806482605e+30
552.6434316946535,4.3558329750086136e+30
552.583882233323,4.382723048640793e+30
552.5243456039782,4.3745819371088e+30
552.4648218024716,4.3939024581500736e+30
552.4053108246583,4.406589623928991e+30
552.3458126663942,4.4289035283375444e+30
552.2863273235376,4.440098004659239e+30
552.2268547919485,4.4568421808763013e+30
552.1673950674887,4.4742824947324113e+30
552.1079481460215,4.489831373700286e+30
552.0485140234124,4.489680967524807e+30
551.9890926955283,4.507684769216297e+30
551.9296841582383,4.515698232194783e+30
551.8702884074128,4.5248359962968613e+30
551.8109054389241,4.5418081773962254e+30
551.7515352486469,4.5589270015337596e+30
551.6921778324567,4.577082316544546e+30
551.6328331862312,4.5897186659314244e+30
551.5735013058503,4.61426341939021e+30
551.5141821871949,4.628545833344582e+30
551.4548758261484,4.6474585008889954e+30
551.3955822185952,4.6665493732470526e+30
551.3363013604223,4.674532438236676e+30
551.2770332475179,4.692841944136003e+30
551.2177778757721,4.7064858659730287e+30
551.1585352410767,4.719077239758891e+30
551.0993053393256,4.7387481954802747e+30
551.0400881664141,4.7649487241412777e+30
550.9808837182394,4.783395623530758e+30
550.9216919907004,4.8009280795360584e+30
550.862512979698,4.81833620319333e+30
550.8033466811344,4.826096435155725e+30
550.7441930909141,4.847740229201923e+30
550.685052204943,4.864294501361341e+30
550.6259240191287,4.872516017222406e+30
550.566808529381,4.9005383806256797e+30
550.5077057316109,4.9094674807573026e+30
550.4486156217317,4.916969303114239e+30
550.389538195658,4.9154014296977547e+30
550.3304734493063,4.93060739697837e+30
550.2714213785949,4.911142866070999e+30
550.2123819794441,4.9111064032935335e+30
550.1533552477753,4.906553991963217e+30
550.0943411795123,4.92352014227391e+30
550.0353397705803,4.905750686049397e+30
549.9763510169063,4.899602171368104e+30
549.917374914419,4.8998297896350824e+30
549.8584114590493,4.905806396344387e+30
549.7994606467291,4.894181466739271e+30
549.7405224733926,4.906437541845252e+30
549.6815969349755,4.897141978476485e+30
549.6226840274152,4.8902547105227725e+30
549.5637837466511,4.906892336453238e+30
549.5048960886242,4.896267427048706e+30
549.4460210492771,4.9167584509763087e+30
549.3871586245543,4.91012360453901e+30
549.3283088104021,4.922520884807402e+30
549.2694716027684,4.9117229660953176e+30
549.2106469976027,4.921285133626266e+30
549.1518349908566,4.9178440690782234e+30
549.0930355784833,4.931611574197135e+30
549.0342487564374,4.9215098537984216e+30
548.9754745206758,4.9337620312898525e+30
548.9167128671567,4.948336346060084e+30
548.8579637918401,4.938810875118653e+30
548.799227290688,4.9523388216432797e+30
548.7405033596638,4.9611196696090107e+30
548.6817919947326,4.952339471571609e+30
548.6230931918617,4.96746796188379e+30
548.5644069470196,4.968103181980632e+30
548.5057332561769,4.970908760321307e+30
548.4470721153054,4.975105846986911e+30
548.3884235203794,4.9856752284347375e+30
548.3297874673743,4.984095173710358e+30
548.2711639522674,4.9936774494198045e+30
548.2125529710379,5.0050007486081495e+30
548.1539545196664,5.0198270965365855e+30
548.0953685941354,5.0132517389855224e+30
548.0367951904291,5.0216061626882417e+30
547.9782343045334,5.0394349500375965e+30
547.919685932436,5.050613580096864e+30
547.8611500701262,5.0653958933278777e+30
547.8026267135951,5.082921201433827e+30
547.7441158588354,5.095953588613472e+30
547.6856175018415,5.090733546566368e+30
547.62713163861,5.109077882186644e+30
547.5686582651382,5.112072589846974e+30
547.5101973774262,5.128083807726059e+30
547.451748971475,5.144226249958448e+30
547.3933130432879,5.157918210334896e+30
547.3348895888694,5.162145679807044e+30
547.276478604226,5.180091916730367e+30
547.2180800853661,5.179821622448851e+30
547.1596940282991,5.191152432730331e+30
547.1013204290368,5.210816426405022e+30
547.0429592835925,5.215539789148981e+30
546.984610587981,5.236052878576471e+30
546.9262743382192,5.250691807305775e+30
546.8679505303252,5.261311047212043e+30
546.8096391603191,5.270162065409628e+30
546.7513402242226,5.292569149013258e+30
546.6930537180594,5.315078556854909e+30
546.6347796378544,5.323329024461503e+30
546.5765179796346,5.326984845624555e+30
546.5182687394282,5.341574248498518e+30
546.4600319132659,5.350269714718954e+30
546.4018074971792,5.373565909079732e+30
546.3435954872019,5.38047246292016e+30
546.2853958793693,5.394741955130743e+30
546.2272086697183,5.396670638694964e+30
546.1690338542876,5.420396397738429e+30
546.1108714291175,5.427715135798551e+30
546.0527213902502,5.446108648469496e+30
545.9945837337294,5.452723551776646e+30
545.9364584556004,5.465731177329174e+30
545.8783455519103,5.477479588029407e+30
545.820245018708,5.488248345794343e+30
545.7621568520439,5.50159873786824e+30
545.7040810479701,5.511602229673314e+30
545.6460176025405,5.530886152804518e+30
545.5879665118106,5.547572134786241e+30
545.5299277718376,5.558046620295557e+30
545.4719013786802,5.581139745506536e+30
545.4138873283991,5.596430996570033e+30
545.3558856170565,5.600705670880402e+30
545.2978962407163,5.621099047266986e+30
545.2399191954439,5.639551780787215e+30
545.1819544773068,5.639342440803579e+30
545.1240020823736,5.634509799994712e+30
545.0660620067151,5.625643195909785e+30
545.0081342464036,5.621145361983319e+30
544.9502187975128,5.620746666950957e+30
544.8923156561185,5.605426893129873e+30
544.8344248182977,5.594582733303738e+30
544.7765462801295,5.589670854106287e+30
544.7186800376945,5.576184942217598e+30
544.660826087075,5.576117696162053e+30
544.6029844243546,5.572011434574736e+30
544.5451550456193,5.565663567671257e+30
544.487337946956,5.516410445444499e+30
544.4295331244539,5.454435913140486e+30
544.3717405742033,5.395735372273946e+30
544.3139602922967,5.338828991105895e+30
544.2561922748276,5.27529800440615e+30
544.1984365178919,5.218078863135867e+30
544.1406930175866,5.160804301154329e+30
544.0829617700107,5.102462079276683e+30
544.0252427712646,5.0443723755893776e+30
543.9675360174505,4.995425274896549e+30
543.9098415046722,4.9384406175801836e+30
543.8521592290351,4.887362912960644e+30
543.7944891866466,4.83228459728914e+30
543.7368313736151,4.7851349064007176e+30
543.6791857860513,4.735260018054375e+30
543.6215524200672,4.6868450338300136e+30
543.5639312717766,4.628365865403941e+30
543.5063223372946,4.581791963395513e+30
543.4487256127385,4.5335408531415816e+30
543.3911410942268,4.485253595146626e+30
543.3335687778798,4.4293213055435243e+30
543.2760086598196,4.39307059962977e+30
543.2184607361696,4.3538661988299576e+30
543.1609250030554,4.309555663648094e+30
543.1034014566034,4.275303717536394e+30
543.0458900929423,4.238664263269083e+30
542.9883909082024,4.1927889196062387e+30
542.9309038985153,4.164278509598143e+30
542.8734290600146,4.12719089842405e+30
542.8159663888354,4.0801852762624835e+30
542.7585158811141,4.051412967668521e+30
542.7010775329894,4.012649369337882e+30
542.6436513406012,3.977803897982854e+30
542.5862373000908,3.9451091372984064e+30
542.528835407602,3.911543302746976e+30
542.4714456592791,3.8856411671781704e+30
542.4140680512689,3.843793776413511e+30
542.3567025797197,3.81852678332732e+30
542.2993492407809,3.784228067645486e+30
542.2420080306041,3.759293301102527e+30
542.1846789453424,3.7251433400600304e+30
542.1273619811502,3.695089741583418e+30
542.070057134184,3.662988394836707e+30
542.0127644006016,3.6324312553665946e+30
541.9554837765626,3.612616872432128e+30
541.8982152582281,3.593816156543836e+30
541.8409588417608,3.5668609941593257e+30
541.7837145233251,3.5414365129880964e+30
541.7264822990871,3.51516103268592e+30
541.6692621652145,3.500470995451291e+30
541.6120541178765,3.46659028076538e+30
541.5548581532438,3.4552940706573894e+30
541.497674267489,3.423397185927121e+30
541.4405024567862,3.4037716801413394e+30
541.3833427173113,3.3733336687508746e+30
541.3261950452413,3.3597215950291584e+30
541.2690594367555,3.3365662378058133e+30
541.2119358880341,3.323730488024632e+30
541.1548243952595,3.3118734199717893e+30
541.0977249546154,3.28643765091083e+30
541.0406375622873,3.26113910465779e+30
540.9835622144622,3.2431800585244526e+30
540.9264989073284,3.232929351799096e+30
540.8694476370766,3.21058686975093e+30
540.8124083998983,3.1949472397457175e+30
540.7553811919871,3.178260272079208e+30
540.698366009538,3.1610216396177917e+30
540.6413628487475,3.1395267191763293e+30
540.584371705814,3.136935401734556e+30
540.5273925769374,3.122510804844541e+30
540.4704254583189,3.101721782231725e+30
540.4134703461618,3.0973163398760297e+30
540.3565272366708,3.076695541688186e+30
540.2995961260519,3.0698434282887205e+30
540.2426770105131,3.054680233874957e+30
540.1857698862639,3.0314697991920726e+30
540.1288747495153,3.023129351544278e+30
540.0719915964798,3.010716299002587e+30
540.0151204233719,3.011053695821725e+30
539.9582612264072,2.9981533890753195e+30
539.9014140018032,2.9788935005880755e+30
539.8445787457791,2.977420350151097e+30
539.7877554545553,2.9646682650499617e+30
539.730944124354,2.9641493963272476e+30
539.6741447513991,2.943927395844559e+30
539.617357331916,2.9389949669305323e+30
539.5605818621315,2.9249617971385915e+30
539.5038183382743,2.9084638057675106e+30
539.4470667565745,2.916414079349077e+30
539.3903271132639,2.8949267330712223e+30
539.3335994045757,2.9072162280744935e+30
539.2768836267448,2.890321479098821e+30
539.220179776008,2.896576002087163e+30
539.1634878486029,2.868168896633873e+30
539.1068078407694,2.881691812828897e+30
539.0501397487487,2.87003248063601e+30
538.9934835687836,2.8755403130094885e+30
538.9368392971186,2.8572625275635474e+30
538.8802069299995,2.8570780073846436e+30
538.8235864636738,2.8516611209911537e+30
538.766977894391,2.851890556215885e+30
538.7103812184013,2.843782457302881e+30
538.6537964319573,2.850294681714667e+30
538.5972235313127,2.833417761037455e+30
538.540662512723,2.8427292934965823e+30
538.4841133724452,2.828966903883209e+30
538.4275761067379,2.832730268830118e+30
538.3710507118611,2.828258473930715e+30
538.3145371840767,2.829830255763305e+30
538.2580355196478,2.8184929807286023e+30
538.2015457148393,2.8297932917252517e+30
538.1450677659177,2.8302701511917843e+30
538.0886016691509,2.8224085185301103e+30
538.0321474208084,2.8280757679343004e+30
537.9757050171614,2.8227939979611666e+30
537.9192744544825,2.8254649731525347e+30
537.8628557290461,2.8208903415803627e+30
537.806448837128,2.830914709842887e+30
537.7500537750054,2.816750701372593e+30
537.6936705389572,2.8155600421723356e+30
537.6372991252641,2.829520772845526e+30
537.5809395302081,2.8279405591337865e+30
537.5245917500725,2.834222930944045e+30
537.468255781143,2.840748050906388e+30
537.4119316197058,2.840136203344528e+30
537.3556192620495,2.83718591502846e+30
537.2993187044639,2.842994535001905e+30
537.2430299432402,2.847619823270331e+30
537.1867529746717,2.847251616720764e+30
537.1304877950524,2.862127469446672e+30
537.0742344006788,2.8539556206593826e+30
537.0179927878484,2.851892383160603e+30
536.9617629528601,2.8613702304148256e+30
536.9055448920149,2.865769303535327e+30
536.8493386016148,2.8756689921914226e+30
536.7931440779638,2.871702419252324e+30
536.7369613173672,2.874737299786558e+30
536.6807903161318,2.894330890052011e+30
536.6246310705661,2.8959295214062994e+30
536.5684835769802,2.891116802208155e+30
536.5123478316854,2.8963144383816634e+30
536.4562238309948,2.9126507346277423e+30
536.4001115712232,2.9161854702204056e+30
536.3440110486866,2.9037700816623724e+30
536.2879222597028,2.910972721023987e+30
536.2318452005909,2.931346050638059e+30
536.1757798676718,2.9398531662336615e+30
536.1197262572678,2.946129411044846e+30
536.0636843657027,2.956757639453867e+30
536.0076541893018,2.9491820595478635e+30
535.9516357243922,2.959310672022481e+30
535.8956289673023,2.9648101670495476e+30
535.8396339143621,2.980770320338289e+30
535.7836505619031,2.9907217473807915e+30
535.7276789062583,3.0030697892849196e+30
535.6717189437626,3.017856808404225e+30
535.6157706707515,3.0317579178635766e+30
535.5598340835634,3.037175021030509e+30
535.503909178537,3.025450446598459e+30
535.4479959520131,3.0432655479457957e+30
535.392094400334,3.0563617943934044e+30
535.3362045198436,3.0653835797065917e+30
535.2803263068869,3.0738437354495453e+30
535.2244597578109,3.079952208447027e+30
535.1686048689639,3.087992523616888e+30
535.1127616366958,3.1057290914963896e+30
535.056930057358,3.1014063627958277e+30
535.0011101273035,3.11197012842788e+30
534.9453018428866,3.1239089744323336e+30
534.8895052004632,3.119937554343067e+30
534.8337201963909,3.1296495592844104e+30
534.7779468270287,3.152345123048579e+30
534.7221850887371,3.1697398393738597e+30
534.6664349778782,3.1704268171052884e+30
534.6106964908154,3.194596836317121e+30
534.5549696239138,3.191661835427854e+30
534.4992543735401,3.209177989062696e+30
534.4435507360623,3.2301962118690013e+30
534.3878587078501,3.227121085746932e+30
534.3321782852746,3.236091671865484e+30
534.2765094647084,3.256634060176755e+30
534.2208522425256,3.274175566597081e+30
534.1652066151019,3.280953389461545e+30
534.1095725788146,3.281479534082227e+30
534.0539501300422,3.3029811730512583e+30
533.9983392651649,3.3323227120805305e+30
533.9427399805645,3.337984280059222e+30
533.8871522726241,3.347588243427891e+30
533.8315761377285,3.3561793879779656e+30
533.7760115722639,3.376432891578378e+30
533.720458572618,3.372107203331055e+30
533.66491713518,3.3970099447828293e+30
533.6093872563406,3.4356120531706674e+30
533.553868932492,3.4343633208160843e+30
533.4983621600281,3.440852333081813e+30
533.442866935344,3.468441689412387e+30
533.3873832548365,3.4742950096694906e+30
533.3319111149036,3.49846230291106e+30
533.2764505119454,3.5080890747070514e+30
533.2210014423628,3.5181187930127435e+30
533.1655639025587,3.530976887609749e+30
533.1101378889372,3.555793913952941e+30
533.054723397904,3.5653440338800195e+30
532.9993204258665,3.576848764828266e+30
532.9439289692332,3.5917276910456055e+30
532.8885490244143,3.6216276892231836e+30
532.8331805878215,3.626788741208069e+30
532.7778236558681,3.6482384629026696e+30
532.7224782249688,3.64588381846795e+30
532.6671442915393,3.6705773911689974e+30
532.6118218519978,3.686939540964832e+30
532.5565109027631,3.6998723398903323e+30
532.501211440256,3.7259919951574763e+30
532.4459234608985,3.7221941057807136e+30
532.3906469611142,3.746474721833851e+30
532.3353819373282,3.772054907031663e+30
532.2801283859669,3.7801462884820293e+30
532.2248863034587,3.7961359195576885e+30
532.1696556862328,3.8198110947928576e+30
532.1144365307204,3.827456503237782e+30
532.0592288333537,3.8431969762323597e+30
532.004032590567,3.859706293456839e+30
531.9488477987957,3.8803486913308017e+30
531.8936744544766,3.891218712324584e+30
531.8385125540481,3.88119421144351e+30
531.7833620939501,3.8965498567669314e+30
531.7282230706242,3.9278087828176384e+30
531.6730954805129,3.9341157514235586e+30
531.6179793200606,3.946044764734689e+30
531.5628745857132,3.9578363995172296e+30
531.5077812739179,3.962197508843562e+30
531.4526993811234,3.9741162146836394e+30
531.3976289037798,4.001436061280226e+30
531.342569838339,4.025321844862454e+30
531.2875221812541,4.021888571909794e+30
531.2324859289795,4.034734791355521e+30
531.1774610779715,4.05262233882114e+30
531.1224476246877,4.073717870751765e+30
531.0674455655868,4.0783634600443786e+30
531.0124548971296,4.107114450030537e+30
530.957475615778,4.1236303197237354e+30
530.9025077179951,4.140825817036262e+30
530.8475512002464,4.158135143054631e+30
530.7926060589976,4.174078196915626e+30
530.7376722907169,4.208131748747711e+30
530.6827498918734,4.2259171940200725e+30
530.6278388589378,4.2356294639219453e+30
530.5729391883825,4.2488112609964226e+30
530.5180508766811,4.285622144735245e+30
530.4631739203085,4.3071525398142733e+30
530.4083083157415,4.328439899973021e+30
530.3534540594579,4.3441252430989914e+30
530.2986111479373,4.363233626108745e+30
530.2437795776608,4.3795611390530924e+30
530.1889593451106,4.4207518508061634e+30
530.1341504467706,4.4240896227880394e+30
530.079352879126,4.450909563088607e+30
530.0245666386637,4.47922155177951e+30
529.9697917218718,4.501747423311527e+30
529.9150281252402,4.520514357985316e+30
529.8602758452596,4.536891108472226e+30
529.8055348784228,4.569283428470592e+30
529.7508052212239,4.5891396300930214e+30
529.6960868701583,4.5934874988179565e+30
529.6413798217227,4.6305633091336064e+30
529.5866840724157,4.6538836095015343e+30
529.5319996187369,4.6656386009543215e+30
529.4773264571877,4.701091263173665e+30
529.4226645842708,4.71251412649617e+30
529.3680139964903,4.7331803565117303e+30
529.3133746903517,4.773511379007638e+30
529.258746662362,4.780668910622101e+30
529.2041299090298,4.7989079765522764e+30
529.1495244268649,4.836367284999694e+30
529.0949302123787,4.852394977702025e+30
529.040347262084,4.868372368248593e+30
528.9857755724948,4.897871280693701e+30
528.931215140127,4.925661825345275e+30
528.8766659614978,4.9252284584201137e+30
528.8221280331254,4.9660680722229234e+30
528.76760135153,4.97719860658505e+30
528.7130859132329,4.9680706510053887e+30
528.6585817147569,4.947692345927671e+30
528.6040887526265,4.9036499324688427e+30
528.5496070233671,4.8374668096480375e+30
528.4951365235062,4.774546240664075e+30
528.440677249572,4.698562582308196e+30
528.3862291980946,4.612740586027341e+30
528.3317923656056,4.551078566765636e+30
528.2773667486376,4.485067810839413e+30
528.2229523437252,4.4424270515552667e+30
528.168549147404,4.3852881467333396e+30
528.1141571562109,4.2970334182410054e+30
528.0597763666847,4.230439198857214e+30
528.0054067753654,4.1574319821015286e+30
527.9510483787943,4.0623204060412506e+30
527.8967011735143,4.02800774811113e+30
527.8423651560698,3.961557373778526e+30
527.7880403230063,3.899397103810766e+30
527.733726670871,3.8400733217740745e+30
527.6794241962123,3.776988243248232e+30
527.6251328955804,3.7221728716713847e+30
527.5708527655264,3.665550916061159e+30
527.5165838026032,3.606041572633892e+30
527.4623260033652,3.5658832540458897e+30
527.4080793643678,3.49337931164949e+30
527.3538438821681,3.453227605637079e+30
527.2996195533244,3.3895580697904295e+30
527.2454063743969,3.3147720132461623e+30
527.1912043419467,3.277158577779801e+30
527.1370134525365,3.224895778659572e+30
527.0828337027306,3.170784704356451e+30
527.0286650890941,3.1198055918812776e+30
526.9745076081945,3.0731708206337713e+30
526.9203612565997,3.0274706054571333e+30
526.8662260308796,2.976684096974463e+30
526.8121019276055,2.9357819860093656e+30
526.7579889433498,2.8949518604816085e+30
526.7038870746866,2.854051727891538e+30
526.6497963181913,2.829837700694252e+30
526.5957166704407,2.7788114073442636e+30
526.5416481280128,2.760992352362058e+30
526.4875906874875,2.7106481959735534e+30
526.4335443454456,2.671336238505938e+30
526.3795090984698,2.6559676336549425e+30
526.3254849431437,2.600972625449845e+30
526.2714718760525,2.5786460671673867e+30
526.217469893783,2.5473602992946987e+30
526.163478992923,2.495721279558429e+30
526.1094991700622,2.4715063414181794e+30
526.0555304217913,2.442842422395797e+30
526.0015727447026,2.405802278924015e+30
525.9476261353894,2.37385079276273e+30
525.8936905904471,2.352262387125686e+30
525.8397661064721,2.3081734285367117e+30
525.7858526800619,2.2774051745807845e+30
525.7319503078161,2.2473029869949503e+30
525.678058986335,2.2158708307231665e+30
525.6241787122208,2.2063944262634776e+30
525.5703094820767,2.1616871039519455e+30
525.5164512925077,2.148696775476762e+30
525.4626041401199,2.128116015766156e+30
525.4087680215208,2.106668171736507e+30
525.3549429333193,2.085864881668709e+30
525.3011288721259,2.0496908905524808e+30
525.2473258345523,2.0474194932722453e+30
525.1935338172117,2.020930277751768e+30
525.1397528167183,2.002444400548914e+30
525.0859828296884,1.981075694793048e+30
525.032223852739,1.963067406140177e+30
524.9784758824887,1.9436922275911283e+30
524.9247389155579,1.9367363983181506e+30
524.8710129485679,1.900968006151481e+30
524.8172979781414,1.8865497166847323e+30
524.7635940009026,1.8635396987899188e+30
524.7099010134772,1.8471473104781536e+30
524.656219012492,1.838873525513386e+30
524.6025479945756,1.8054507651840042e+30
524.5488879563575,1.8078131378726797e+30
524.4952388944689,1.7783668759183874e+30
524.4416008055423,1.7791386297249505e+30
524.3879736862115,1.7583940607470957e+30
524.3343575331118,1.7413772392128587e+30
524.2807523428796,1.7364185819999856e+30
524.2271581121531,1.7202313203382517e+30
524.1735748375718,1.7046566866009946e+30
524.120002515776,1.715691707956631e+30
524.0664411434082,1.6880555128150648e+30
524.0128907171116,1.696696141437157e+30
523.9593512335313,1.6724051425819892e+30
523.9058226893134,1.6727887831016046e+30
523.8523050811054,1.6489768317496394e+30
523.7987984055565,1.6564307590656048e+30
523.7453026593167,1.6453485193168488e+30
523.6918178390381,1.6383432750022136e+30
523.6383439413735,1.6277699349220074e+30
523.5848809629773,1.6205886214926978e+30
523.5314289005055,1.6079781871077487e+30
523.4779877506151,1.604957553842687e+30
523.4245575099648,1.5868609989011682e+30
523.3711381752141,1.584015601070628e+30
523.3177297430249,1.5680908950297547e+30
523.2643322100593,1.584585312134143e+30
523.2109455729814,1.5624984687015458e+30
523.1575698284566,1.5676145810439225e+30
523.1042049731517,1.544008797122894e+30
523.0508510037346,1.555890855339792e+30
522.9975079168748,1.5307231162022702e+30
522.944175709243,1.5434293453181507e+30
522.8908543775116,1.5205892709906905e+30
522.8375439183537,1.5284489023870404e+30
522.7842443284444,1.5207707380505476e+30
522.73095560446,1.5192814856095605e+30
522.6776777430778,1.5114877096114284e+30
522.6244107409769,1.511207831101721e+30
522.5711545948375,1.506827469678957e+30
522.5179093013413,1.4951053168976717e+30
522.4646748571712,1.489971005011627e+30
522.4114512590116,1.481115263209173e+30
522.3582385035481,1.4951843698941912e+30
522.3050365874678,1.471966705487968e+30
522.251845507459,1.488216327659417e+30
522.1986652602116,1.464748874171385e+30
522.1454958424165,1.4750197416136962e+30
522.0923372507661,1.458910445957483e+30
522.0391894819544,1.4632935685480642e+30
521.9860525326764,1.4478840922768115e+30
521.9329263996284,1.4586089710817068e+30
521.8798110795084,1.445616859976207e+30
521.8267065690155,1.4550778609435266e+30
521.7736128648502,1.4525438369886044e+30
521.7205299637143,1.453850897847988e+30
521.667457862311,1.4506526327824593e+30
521.6143965573449,1.4496025503280897e+30
521.5613460455219,1.4492687884688117e+30
521.5083063235489,1.4513981587620263e+30
521.4552773881348,1.448283646796862e+30
521.4022592359893,1.4573560118206594e+30
521.3492518638236,1.4466720449711826e+30
521.2962552683503,1.4647911356299266e+30
521.2432694462833,1.4431386562841528e+30
521.1902943943378,1.4560416068458854e+30
521.1373301092304,1.4461378655608273e+30
521.084376587679,1.4570598264940084e+30
521.0314338264027,1.4551974801059837e+30
520.9785018221223,1.4508140100191012e+30
520.9255805715595,1.4581534863625075e+30
520.8726700714377,1.4580923850728104e+30
520.8197703184813,1.448004808774494e+30
520.7668813094162,1.4676492782502003e+30
520.7140030409698,1.4509599384241755e+30
520.6611355098704,1.4650767333292831e+30
520.6082787128481,1.4487210823555197e+30
520.555432646634,1.4613104978068963e+30
520.5025973079605,1.4617495380161545e+30
520.4497726935618,1.4636977629112113e+30
520.3969588001727,1.4657305403440098e+30
520.3441556245301,1.468286538843394e+30
520.2913631633714,1.4649203834302529e+30
520.2385814134362,1.4655367885562022e+30
520.1858103714646,1.4699233840841654e+30
520.1330500341987,1.471327640574891e+30
520.0803003983815,1.4712976582039353e+30
520.0275614607574,1.4721117281493854e+30
519.9748332180723,1.487981292392691e+30
519.9221156670731,1.4762498905865058e+30
519.8694088045083,1.490914966475355e+30
519.8167126271277,1.496095421690334e+30
519.7640271316822,1.4943285002013938e+30
519.7113523149243,1.497375274504105e+30
519.6586881736076,1.4820907113400792e+30
519.6060347044871,1.493891253850689e+30
519.553391904319,1.4973310283852827e+30
519.5007597698611,1.5000882990569892e+30
519.4481382978723,1.4959160735016482e+30
519.3955274851128,1.514386471257871e+30
519.3429273283441,1.5017070834562427e+30
519.2903378243293,1.4865537517095484e+30
519.2377589698323,1.485775249453792e+30
519.1851907616187,1.4578132676179378e+30
519.1326331964553,1.4578094784861687e+30
519.0800862711103,1.4434090487048224e+30
519.0275499823531,1.4302852642167713e+30
518.9750243269543,1.4141306866704526e+30
518.922509301686,1.3862665161622992e+30
518.8700049033216,1.3870903720652734e+30
518.8175111286356,1.372012266225416e+30
518.7650279744041,1.3611729391235546e+30
518.7125554374044,1.349298346425845e+30
518.6600935144148,1.3358587068466163e+30
518.6076422022155,1.3227411728422344e+30
518.5552014975874,1.3094372938199945e+30
518.5027713973132,1.3165176828485978e+30
518.4503518981763,1.2908054643292073e+30
518.3979429969621,1.2807589167621456e+30
518.345544690457,1.2820318161716246e+30
518.2931569754484,1.2773776118640037e+30
518.2407798487255,1.2675813333061183e+30
518.1884133070785,1.2535740831581487e+30
518.1360573472988,1.2451003565045825e+30
518.0837119661795,1.2344052058364636e+30
518.0313771605146,1.2240341936819582e+30
517.9790529270996,1.2287299014442682e+30
517.9267392627313,1.203707224659482e+30
517.8744361642076,1.1938347081606716e+30
517.8221436283279,1.1992173973232824e+30
517.7698616518929,1.1743655777409904e+30
517.7175902317045,1.1654578712966956e+30
517.6653293645658,1.1673730294890998e+30
517.6130790472813,1.1588908917385423e+30
517.560839276657,1.1532218851160536e+30
517.5086100494997,1.1477424978263672e+30
517.4563913626179,1.1416126807772332e+30
517.4041832128213,1.1363447931381797e+30
517.3519855969207,1.1318657804679468e+30
517.2997985117285,1.1261716545275803e+30
517.247621954058,1.1356690115139606e+30
517.1954559207243,1.1183822356330133e+30
517.1433004085432,1.1164234451364423e+30
517.0911554143322,1.1252312697339927e+30
517.0390209349099,1.1080678339475447e+30
516.9868969670964,1.1039245186563392e+30
516.9347835077127,1.1149836041361151e+30
516.8826805535813,1.1095228587812997e+30
516.8305881015261,1.0913906862164876e+30
516.7785061483722,1.1017428805391193e+30
516.7264346909459,1.09969099739737e+30
516.6743737260747,1.1124141515812011e+30
516.6223232505877,1.0944107156159466e+30
516.5702832613148,1.0865199193127013e+30
516.5182537550877,1.0819684256446885e+30
516.466234728739,1.092448615586707e+30
516.4142261791028,1.0742930996031304e+30
516.3622281030142,1.0721220660005573e+30
516.31024049731,1.0837261762708013e+30
516.2582633588279,1.082939774835377e+30
516.2062966844069,1.0642222987709404e+30
516.1543404708875,1.0752352191709255e+30
516.1023947151115,1.0752179624149226e+30
516.0504594139214,1.0714899678957035e+30
515.9985345641619,1.08128320508544e+30
515.946620162678,1.0648458337188679e+30
515.8947162063166,1.0642754379534197e+30
515.8428226919258,1.0788824909603905e+30
515.7909396163548,1.0763309327534357e+30
515.739066976454,1.0593187266379203e+30
515.6872047690753,1.0720428723252377e+30
515.6353529910717,1.0681370539181568e+30
515.5835116392977,1.0696783012560223e+30
515.5316807106088,1.0686377204856686e+30
515.4798602018619,1.0639901719229545e+30
515.428050109915,1.0635935709116773e+30
515.3762504316276,1.0629156147794438e+30
515.3244611638603,1.0762521286283682e+30
515.272682303475,1.0715049059123635e+30
515.2209138473348,1.0556134960325941e+30
515.1691557923044,1.0548079129594314e+30
515.1174081352492,1.0706905679939508e+30
515.0656708730363,1.068077744272606e+30
515.0139440025339,1.0636339202042898e+30
514.9622275206113,1.0499038187063284e+30
514.9105214241396,1.0633469972808762e+30
514.8588257099904,1.059912721099755e+30
514.807140375037,1.0655053327710489e+30
514.755465416154,1.0758893869718312e+30
514.7038008302172,1.0767734406665506e+30
514.6521466141036,1.0632185053652479e+30
514.6005027646912,1.062839845776917e+30
514.5488692788598,1.0729962547498707e+30
514.49724615349,1.0742054394004848e+30
514.4456333854638,1.0762175122716638e+30
514.3940309716646,1.0747210795968497e+30
514.3424389089768,1.0735582508731022e+30
514.2908571942862,1.0761954656228686e+30
514.2392858244798,1.0740802926196857e+30
514.1877247964459,1.0746494100469481e+30
514.136174107074,1.0898263507138141e+30
514.0846337532548,1.0905435100002562e+30
514.0331037318803,1.0735557752442508e+30
513.9815840398438,1.0749772677751623e+30
513.9300746740398,1.0727243339729838e+30
513.878575631364,1.089242422422267e+30
513.8270869087135,1.0862641815003113e+30
513.7756085029863,1.0869701088099084e+30
513.7241404110821,1.0880499633839744e+30
513.6726826299014,1.1022845105243009e+30
513.6212351563463,1.0871160460048404e+30
513.5697979873199,1.0873699006421958e+30
513.5183711197268,1.0868011542670144e+30
513.4669545504726,1.0783154742079953e+30
513.4155482764639,1.0806407179356255e+30
513.3641522946094,1.0717126587754683e+30
513.3127666018182,1.0623290273985492e+30
513.2613911950008,1.052493537326627e+30
513.2100260710694,1.0431679814745272e+30
513.1586712269367,1.0343753077085482e+30
513.1073266595173,1.0243376131261066e+30
513.0559923657269,1.0128116557972088e+30
513.0046683424819,1.004917799218894e+30
512.9533545867007,9.92893790088576e+29
512.9020510953023,9.982498723914399e+29
512.8507578652075,9.879388326422731e+29
512.7994748933377,9.779962774936106e+29
512.7482021766161,9.67366068670633e+29
512.6969397119668,9.571542463545108e+29
512.6456874963154,9.518153880399345e+29
512.5944455265883,9.410944151151712e+29
512.5432137997135,9.312453835611228e+29
512.4919923126201,9.216711291089993e+29
512.4407810622384,9.15241631881961e+29
512.3895800455002,9.091758084914137e+29
512.338389259338,9.040740833510217e+29
512.2872087006859,9.113557727492767e+29
512.2360383664793,9.071988646023848e+29
512.1848782536543,9.023681343961496e+29
512.1337283591491,8.963732283356456e+29
512.0825886799023,8.919068544756839e+29
512.031459212854,8.85448342918643e+29
511.98033995494575,8.829532023760897e+29
511.9292309031199,8.881644683483158e+29
511.8781320543205,8.841754665827108e+29
511.8270434054924,8.815076096696358e+29
511.77596495358193,8.744034305251257e+29
511.7248966955365,8.696021467106716e+29
511.67383862830474,8.632058798789361e+29
511.6227907488367,8.603695312444621e+29
511.57175305408333,8.682642848769744e+29
511.5207255409971,8.617477703896904e+29
511.4697082065315,8.573907761041433e+29
511.4187010476412,8.506150549257599e+29
511.3677040612823,8.46530273288479e+29
511.3167172444119,8.425526587404705e+29
511.26574059398854,8.358218735916062e+29
511.21477410697173,8.346455668194476e+29
511.16381778032223,8.344682332686535e+29
511.1128716110022,8.461025675182546e+29
511.0619355959749,8.449181627479495e+29
511.0110097322047,8.464690531128606e+29
510.9600940166573,8.437606229448274e+29
510.9091884462996,8.43155928445732e+29
510.85829301809974,8.428019195175644e+29
510.80740772902686,8.417442452959709e+29
510.7565325760516,8.405150886363678e+29
510.7056675561457,8.396479998826942e+29
510.65481266628194,8.397200825163696e+29
510.6039679034346,8.392038666140089e+29
510.55313326457883,8.370608783825927e+29
510.5023087466913,8.5098048858499e+29
510.45149434674966,8.508476921728505e+29
510.400690061733,8.501931262983316e+29
510.34989588862123,8.469018683613323e+29
510.2991118243959,8.466777982172604e+29
510.2483378660394,8.466986211585876e+29
510.19757401053556,8.442623005998518e+29
510.14682025486934,8.462879222833422e+29
510.0960765960269,8.4275572114836e+29
510.0453430309954,8.427850703810857e+29
509.99461955676367,8.42448513393199e+29
509.9439061703212,8.543420282232694e+29
509.8932028686591,8.552732599443886e+29
509.84250964876946,8.550576546016432e+29
509.79182650764557,8.561345104102728e+29
509.74115344228204,8.567495575986511e+29
509.6904904496744,8.546410132874339e+29
509.6398375268198,8.546681778676827e+29
509.58919467071615,8.540075754702498e+29
509.538561878363,8.528053869766444e+29
509.48793914676054,8.543183483409624e+29
509.4373264729106,8.542170878562592e+29
509.38672385381614,8.664298488147084e+29
509.3361312864812,8.666546676851268e+29
509.28554876791094,8.661399016958089e+29
509.23497629511184,8.673244437865876e+29
509.1844138650916,8.657516985151418e+29
509.1338614748589,8.667048268132599e+29
509.083319121424,8.657527304437938e+29
509.0327868017979,8.664259220997121e+29
508.9822645129931,8.79213899683249e+29
508.931752252023,8.792502232253754e+29
508.8812500159025,8.783019808786772e+29
508.83075780164756,8.757613819913519e+29
508.78027560627527,8.767258749627902e+29
508.7298034268039,8.750954638982315e+29
508.67934126025307,8.754643534149945e+29
508.6288891036433,8.84755988742451e+29
508.57844695399655,8.838450107518474e+29
508.5280148083358,8.808019126067621e+29
508.4775926636853,8.787581096826783e+29
508.4271805170704,8.782108230199909e+29
508.3767783655178,8.767144704813694e+29
508.3263862060552,8.87241308070209e+29
508.2760040357115,8.849706148256086e+29
508.22563185151677,8.845763856814973e+29
508.17526965050246,8.820627834513301e+29
508.1249174297009,8.81871808635776e+29
508.0745751861458,8.930842502484866e+29
508.02424291687197,8.89638403235016e+29
507.97392061891543,8.877142441793338e+29
507.9236082893133,8.875165324461086e+29
507.8733059251039,8.749966224758532e+29
507.82301352332684,8.834642521142184e+29
507.77273108102276,8.833494230885569e+29
507.7224585952335,8.81982882310474e+29
507.6721960630021,8.817283533667461e+29
507.6219434813728,8.903132516840137e+29
507.57170084739096,8.893174235614128e+29
507.52146815810306,8.882843280019338e+29
507.4712454105569,8.869328712455423e+29
507.4210326018013,8.973795540994933e+29
507.3708297288864,8.95813322777663e+29
507.3206367888633,8.852384231873113e+29
507.27045377878443,8.834820325390502e+29
507.2202806957033,8.936303543822333e+29
507.1701175366747,8.931283550330713e+29
507.1199642987545,8.93295947000219e+29
507.0698209789997,8.891858344893824e+29
507.0196875744685,9.023693091553225e+29
506.96956408222036,9.031394991745244e+29
506.91945049931564,8.903005994860525e+29
506.8693468228162,9.00649152219013e+29
506.8192530497849,8.996508039783457e+29
506.7691691772856,8.995767389635267e+29
506.71909520238364,9.08620096837672e+29
506.6690311221452,9.08421639217038e+29
506.61897693363795,8.964921879257363e+29
506.5689326339305,8.964583960097795e+29
506.5188982200926,9.071313372888561e+29
506.4688736891952,9.04416535813184e+29
506.4188590383106,9.04375803380435e+29
506.36885426451187,9.141884483242931e+29
506.31885936487356,9.037471473601642e+29
506.26887433647136,9.025195854735379e+29
506.21889917638185,9.121334847808299e+29
506.168933881683,9.112968256717703e+29
506.11897844945383,9.217126592964438e+29
506.0690328767747,9.100016104514558e+29
506.01909716072686,9.095057826458035e+29
505.9691712983928,9.203250893040655e+29
505.91925528685624,9.21689802976344e+29
505.8693491232019,9.199548834067993e+29
505.81945280451595,9.190220774390937e+29
505.76956632788534,9.191823652697738e+29
505.7196896903984,9.29249426054463e+29
505.66982288914454,9.265286588631928e+29
505.61996592121426,9.287726731706472e+29
505.5701187836994,9.264466608830954e+29
505.52028147369276,9.270103933019786e+29
505.4704539882882,9.373477354672321e+29
505.4206363245811,9.36790885590723e+29
505.37082847966764,9.368960629513969e+29
505.32103045064525,9.364506725854352e+29
505.2712422346126,9.356700826340342e+29
505.2214638286693,9.443350449416133e+29
505.1716952299163,9.32498890178227e+29
505.1219364354555,9.432868060057724e+29
505.0721874423902,9.409957435913579e+29
505.0224482478246,9.399749913268115e+29
504.9727188488642,9.404902828068625e+29
504.9229992426155,9.500404973591521e+29
504.87328942618626,9.507813978098129e+29
504.82358939668535,9.492289129439658e+29
504.7738991512227,9.480247385496746e+29
504.7242186869094,9.570081427929133e+29
504.67454800085795,9.45660710301505e+29
504.6248870901815,9.541449687386104e+29
504.5752359519947,9.536689257951382e+29
504.5255945834132,9.50179482346411e+29
504.47596298155383,9.52936927909799e+29
504.4263411435345,9.607382413142052e+29
504.37672906647435,9.504380666819444e+29
504.3271267474935,9.582993177682756e+29
504.2775341837133,9.592200422935439e+29
504.2279513722563,9.567872067354853e+29
504.17837831024616,9.652523195877583e+29
504.1288149948075,9.653143409619773e+29
504.07926142306616,9.646455882351793e+29
504.0297175921492,9.63683970072165e+29
503.98018349918476,9.709444308321386e+29
503.93065914130216,9.688984817801806e+29
503.88114451563166,9.699425024669368e+29
503.8316396193048,9.683264632212956e+29
503.7821444494543,9.673307403552217e+29
503.7326590032138,9.753987283877882e+29
503.6831832777183,9.740260084996815e+29
503.6337172701038,9.733981371846783e+29
503.58426097750737,9.726545430372359e+29
503.5348143970674,9.81351093704503e+29
503.48537752592324,9.781081894143223e+29
503.4359503612153,9.705586327303611e+29
503.3865329000853,9.75146907292986e+29
503.33712513967606,9.598981138540228e+29
503.28772707713136,9.655379502994871e+29
503.23833870959623,9.60611486703936e+29
503.1889600342168,9.559907459798678e+29
503.1395910481404,9.504839352022187e+29
503.0902317485153,9.565890784628572e+29
503.04088213249094,9.403450952499637e+29
502.99154219721794,9.448821219573114e+29
502.9422119398481,9.502273930195685e+29
502.8928913575342,9.444898752125928e+29
502.8435804474302,9.395420442027655e+29
502.79427920669116,9.349256332284233e+29
502.7449876324733,9.383937449171806e+29
502.69570572193385,9.346592078647833e+29
502.6464334722313,9.373235313333594e+29
502.59717088052514,9.222501754209769e+29
502.54791794397596,9.183296889485026e+29
502.4986746597456,9.217869388214284e+29
502.4494410249969,9.169955263121552e+29
502.40021703689376,9.214329393151074e+29
502.35100269260136,9.071136442589435e+29
502.3017979892859,9.11821033863403e+29
502.2526029241146,9.059555813382087e+29
502.20341749425603,9.118280244064914e+29
502.1542416968796,9.087975026052473e+29
502.105075529156,9.147522751590714e+29
502.0559189882569,9.115584958885985e+29
502.0067720713553,9.092036611007214e+29
501.95763477562497,9.077478783093499e+29
501.90850709824105,9.043829203082025e+29
501.85938903637975,9.123484912666772e+29
501.8102805872184,9.087919108500421e+29
501.7611817479352,9.076215018076903e+29
501.71209251570986,9.136617874416712e+29
501.66301288772274,9.112894439934755e+29
501.6139428611558,9.075279474595533e+29
501.5648824331916,9.149610342786823e+29
501.5158316010141,9.118230267277608e+29
501.4667903618083,9.082163102096555e+29
501.4177587127603,9.148981339298651e+29
501.36873665105736,9.110930106392631e+29
501.3197241738878,9.073173164481606e+29
501.2707212784408,9.148551304652963e+29
501.2217279619071,9.11107408579059e+29
501.17274422147824,9.093539000845672e+29
501.12377005434683,9.152510111975174e+29
501.07480545770676,9.128389029583653e+29
501.0258504287529,9.189295921107647e+29
500.9769049646811,9.146923678291362e+29
500.92796906268865,9.228696941864306e+29
500.87904271997354,9.193175363921356e+29
500.83012593373513,9.172956787278876e+29
500.7812187011738,9.15527917354719e+29
500.73232101949094,9.21068004186729e+29
500.6834328858892,9.263340083903807e+29
500.63455429757215,9.234422673917568e+29
500.5856852517445,9.218389604823634e+29
500.53682574561213,9.192223134090104e+29
500.487975776382,9.31650868424734e+29
500.43913534126193,9.303166287470458e+29
500.3903044374612,9.266930282368078e+29
500.3414830621899,9.240694825161431e+29
500.2926712126594,9.292868248814981e+29
500.24386888608194,9.25601670667882e+29
500.195076079671,9.325203391162143e+29
500.14629279064127,9.373898466568404e+29
500.09751901620814,9.33988369438399e+29
500.04875475358847,9.309933667880487e+29
