wavelength,luminosity
20000.0,1.9039427884922194e+37
19922.303018228908,1.930113949331802e+37
19845.207382417146,1.9578742372362469e+37
19768.706138183254,1.9868107361620562e+37
19692.792437967706,2.0172813210393452e+37
19617.4595389897,2.046737742487548e+37
19542.700801250732,2.0737287789918463e+37
19468.50968558357,2.1002592631948962e+37
19394.87975174554,2.1277171674964266e+37
19321.804656554923,2.1578992368956693e+37
19249.278152069295,2.189288483524178e+37
19177.294083804773,2.2196067577406696e+37
19105.846388995033,2.251627062974749e+37
19034.92909488912,2.281994034069911e+37
18964.536317087048,2.3125778244861843e+37
18894.66225791214,2.3401492534477255e+37
18825.301204819276,2.3629259596291273e+37
18756.447528838038,2.387464175397391e+37
18688.095683049898,2.4120017371671007e+37
18620.240201098593,2.4270375280231336e+37
18552.875695732837,2.431349252383831e+37
18485.996857380534,2.4421057940854743e+37
18419.59845275373,2.455890319373637e+37
18353.675323483527,2.4724975505008306e+37
18288.2223847842,2.4885033898597873e+37
18223.234624145785,2.492251923807829e+37
18158.70710005448,2.501599899107654e+37
18094.63494074007,2.5383651785641643e+37
18031.013342949875,2.6136396194262334e+37
17967.83757074836,2.653658428280463e+37
17905.102954341986,2.670340266868247e+37
17842.80488892854,2.6850581134556373e+37
17780.938833570413,2.702244848925764e+37
17719.500310091258,2.7597042228876893e+37
17658.48490199541,2.8044603750194132e+37
17597.88825340959,2.8238759450760625e+37
17537.7060680463,2.8202941554917427e+37
17477.934108188412,2.8198078737756106e+37
17418.56819369448,2.86516164927718e+37
17359.604201024216,2.925980096630059e+37
17301.038062283737,2.9642062990369683e+37
17242.865764290025,3.0172967088315874e+37
17185.083347654236,3.0864904625603764e+37
17127.68690588336,3.1434740224614156e+37
17070.67258449983,3.24343268425478e+37
17014.036580178647,3.3526277316547594e+37
16957.775139901645,3.418337798360013e+37
16901.884560128452,3.4689191763380627e+37
16846.361185983827,3.5123202994968933e+37
16791.20141046092,3.55662686779985e+37
16736.401673640165,3.5970451653208184e+37
16681.95846192343,3.6350941660351145e+37
16627.868307283006,3.675362912478002e+37
16574.127786525234,3.7161288981047963e+37
16520.733520568312,3.7554452741482225e+37
16467.682173734047,3.795083969094484e+37
16414.970453053185,3.8341600187213155e+37
16362.595107584062,3.8752250379398115e+37
16310.55292774425,3.917949854840828e+37
16258.840744654906,3.9765692968726557e+37
16207.455429497568,4.0327925941231656e+37
16156.393892883107,4.081684613898685e+37
16105.653084232566,4.1284026114412853e+37
16055.229991169623,4.1748517282390374e+37
16005.121638924456,4.22962094344128e+37
15955.325089748701,4.287358102585034e+37
15905.837442341339,4.342735796265128e+37
15856.655831285181,4.398982391377756e+37
15807.777426493836,4.450511273008428e+37
15759.19943266882,4.500121857428131e+37
15710.919088766692,4.546464565970811e+37
15662.933667475918,4.591277895661292e+37
15615.240474703309,4.638495997762116e+37
15567.836849069823,4.687696690780658e+37
15520.72016141549,4.734444288170911e+37
15473.887814313346,4.779157609786907e+37
15427.337241592102,4.824762332134567e+37
15381.065907867414,4.872049071755755e+37
15335.07130808158,4.922707690448146e+37
15289.350967051449,4.974736294170005e+37
15243.90243902439,5.026984456524761e+37
15198.723307242191,5.079232103093979e+37
15153.811183512653,5.131837276106953e+37
15109.163707788774,5.183259401185104e+37
15064.778547755348,5.229200197408995e+37
15020.65339842283,5.279468542738044e+37
14976.78598172832,5.331190655478347e+37
14933.174046143507,5.384921309112841e+37
14889.815366289458,5.438805756481172e+37
14846.707742558088,5.493765484007994e+37
14803.849000740192,5.548285941205585e+37
14761.2369916599,5.602078598300336e+37
14718.869590815424,5.658920989967118e+37
14676.744698025977,5.715184998688971e+37
14634.860237084737,5.770931206480421e+37
14593.21415541773,5.829765415285223e+37
14551.804423748546,5.889745952849724e+37
14510.629035768701,5.944321216305892e+37
14469.686007813632,5.996481362082209e+37
14428.973378544119,6.045293432672607e+37
14388.489208633096,6.099729529463876e+37
14348.23158045771,6.159768378962517e+37
14308.198597796538,6.221231520096052e+37
14268.388385531856,6.278437528501852e+37
14228.79908935686,6.332361201713859e+37
14189.428875487763,6.384216274627161e+37
14150.275930380643,6.438494839394692e+37
14111.338460452975,6.501934558864135e+37
14072.61469180974,6.569069816078057e+37
14034.10286997404,6.633378207152534e+37
13995.801259622114,6.69670605695621e+37
13957.708144322703,6.7603566145537135e+37
13919.821826280626,6.824942681240799e+37
13882.140626084543,6.894116250960806e+37
13844.662882458813,6.96282096635222e+37
13807.386952019331,7.031791365696614e+37
13770.311209033325,7.102588216885111e+37
13733.434045183,7.166416788603125e+37
13696.75386933297,7.222850685662418e+37
13660.269107301414,7.277243234434825e+37
13623.978201634878,7.331855484004432e+37
13587.879611386645,7.389202192464513e+37
13551.971811898633,7.448586844199599e+37
13516.253294586742,7.507953894980595e+37
13480.722566729579,7.570490021854202e+37
13445.378151260506,7.637573841469884e+37
13410.218586562962,7.710528995762573e+37
13375.242426268976,7.775864902123632e+37
13340.448239060834,7.866967687818943e+37
13305.834608475818,7.962650023550295e+37
13271.400132714003,8.045177420580851e+37
13237.143424449005,8.124241974441081e+37
13203.06311064167,8.201040106974681e+37
13169.157832356621,8.276812502326954e+37
13135.426244581637,8.345174999598272e+37
13101.867016049788,8.413886423411834e+37
13068.478829064297,8.482651809761289e+37
13035.260379326079,8.554070704948e+37
13002.210375763882,8.623182949515798e+37
12969.327540367032,8.683378128347276e+37
12936.610608020701,8.753686116662375e+37
12904.058326343637,8.827637147341973e+37
12871.669455528383,8.898690948587817e+37
12839.442768183862,8.968277803309143e+37
12807.37704918033,9.036500359668159e+37
12775.471095496649,9.107447586732768e+37
12743.723716069837,9.175968008078992e+37
12712.133731646858,9.248502669668372e+37
12680.6999746386,9.325441044003455e+37
12649.42128897603,9.403159696768573e+37
12618.296529968455,9.483106184330522e+37
12587.324564163888,9.577413310258888e+37
12556.504269211451,9.667119085761882e+37
12525.83453372581,9.751750633357633e+37
12495.314257153568,9.833587944157292e+37
12464.942349641633,9.913545609168383e+37
12434.717731907487,9.99261915086938e+37
12404.639335111333,1.0075372871664774e+38
12374.706100730109,1.015525517577305e+38
12344.916980433307,1.0237394635695367e+38
12315.270935960592,1.0321412362146111e+38
12285.766939001167,1.040442885867276e+38
12256.403971074888,1.047932355925072e+38
12227.181023415053,1.0554378991657738e+38
12198.09709685289,1.0633536013130482e+38
12169.15120170368,1.0715639282617946e+38
12140.342357654488,1.0796979554806992e+38
12111.669593653487,1.0876700213534673e+38
12083.13194780087,1.0954984026514416e+38
12054.728467241277,1.1034591442829218e+38
12026.458208057727,1.1120949939582097e+38
11998.320235167079,1.1212382500792856e+38
11970.313622216903,1.1301837663466302e+38
11942.437451483847,1.1392327542656138e+38
11914.690813773383,1.1500876158467907e+38
11887.072808320952,1.1606937233892299e+38
11859.582542694498,1.1706726155852307e+38
11832.21913269834,1.1804644839065081e+38
11804.981702278363,1.1904837290553126e+38
11777.869383428537,1.200185042830676e+38
11750.881316098707,1.2099332597127096e+38
11724.016648103641,1.2198176250184159e+38
11697.274535033339,1.2293697042684589e+38
11670.654140164557,1.2384107370144834e+38
11644.154634373546,1.247113824998997e+38
11617.775196049957,1.2560366566858592e+38
11591.51501101194,1.265101711360208e+38
11565.373272422368,1.2737960132783995e+38
11539.34918070621,1.2828542934835548e+38
11513.441943469,1.2921251567048047e+38
11487.650775416429,1.3011177077620683e+38
11461.974898274973,1.3100596722216825e+38
11436.413540713633,1.3198293902011991e+38
11410.965938266676,1.3294206961439802e+38
11385.63133325743,1.3389314767329425e+38
11360.40897472309,1.3481520668299554e+38
11335.298118340514,1.357006199776369e+38
11310.298026352993,1.3659635188499815e+38
11285.407967498026,1.3751321138927561e+38
11260.627216935984,1.3838049522284939e+38
11235.955056179775,1.3932552122702287e+38
11211.390773025394,1.403215208594523e+38
11186.933661483388,1.4132871424055313e+38
11162.583021711223,1.4240297140922503e+38
11138.338159946536,1.4343099651232036e+38
11114.198388441235,1.441385560557259e+38
11090.163025396474,1.4484536011532827e+38
11066.231394898468,1.4563339727273901e+38
11042.402826855125,1.46338601343876e+38
11018.676656933503,1.4701511250941733e+38
10995.052226498075,1.4780068858804722e+38
10971.528882549783,1.4862555395725954e+38
10948.105977665866,1.4964793734250766e+38
10924.78286994046,1.5068513745113403e+38
10901.558922925979,1.5166076700972614e+38
10878.433505575198,1.5261490640816135e+38
10855.405992184109,1.5359646530669911e+38
10832.475762335482,1.545574496390097e+38
10809.642200843153,1.5582669770248436e+38
10786.904697696997,1.577874490982016e+38
10764.262648008611,1.5946421490391093e+38
10741.715451957678,1.6090222302359946e+38
10719.262514738984,1.622166443500583e+38
10696.903246510135,1.6349976838207148e+38
10674.63706233988,1.6471726269429588e+38
10652.463382157124,1.6586598748533948e+38
10630.381630700542,1.670007219647189e+38
10608.391237468839,1.6811535995589287e+38
10586.491636671606,1.6927135432553803e+38
10564.682267180815,1.7044222624664797e+38
10542.96257248287,1.7154303638179043e+38
10521.33200063128,1.7257096500079683e+38
10499.790004199916,1.7357124487820418e+38
10478.33604023681,1.7453144109186682e+38
10456.96957021855,1.7562557377055676e+38
10435.690060005218,1.7673278548435064e+38
10414.496979795875,1.7779983774281404e+38
10393.389804084602,1.788521073320445e+38
10372.36801161705,1.799448844776332e+38
10351.431085347549,1.810402528930229e+38
10330.578512396694,1.82109836240967e+38
10309.809784009485,1.8319945292020042e+38
10289.124395513942,1.8432946183530066e+38
10268.52184628023,1.854652207204623e+38
10248.001639680264,1.865716806012174e+38
10227.563283047815,1.8770131048164074e+38
10207.206287639074,1.8891507350823774e+38
10186.930168593695,1.9014856651944214e+38
10166.7344448963,1.91389001815633e+38
10146.618639338441,1.925635725684756e+38
10126.582278481013,1.937322529812898e+38
10106.62489261711,1.9493713889207124e+38
10086.746015735325,1.961430945849511e+38
10066.945185483466,1.9726684551379577e+38
10047.221943132723,1.9842523542826983e+38
10027.57583354224,1.9955853624361625e+38
10008.006405124099,2.0066322942650914e+38
9988.513209808722,2.017664402721229e+38
9969.095803010667,2.028854098123213e+38
9949.753743594847,2.0395474995703316e+38
9930.486593843098,2.050305550587742e+38
9911.293919421181,2.0612681124210314e+38
9892.175289346129,2.072043138362239e+38
9873.130275953992,2.0822050965505057e+38
9854.158454867955,2.0918986310534137e+38
9835.259404966806,2.1016885804504124e+38
9816.432708353785,2.111845124767317e+38
9797.677950325773,2.1221962372027456e+38
9778.99471934285,2.1327372271057757e+38
9760.382606998195,2.135231400676674e+38
9741.84120798831,2.1353510771797104e+38
9723.370120083622,2.135008477396748e+38
9704.968944099379,2.1380036828009154e+38
9686.637283866905,2.142024275805372e+38
9668.374746205162,2.1453272572325704e+38
9650.180940892642,2.151715404843935e+38
9632.055480639568,2.1570470899787317e+38
9613.997981060424,2.165711091827852e+38
9596.008060646773,2.175699209373151e+38
9578.085340740385,2.1883942647937267e+38
9560.229445506693,2.1998977292722258e+38
9542.44000190849,2.213237694786576e+38
9524.71663967997,2.22622501195728e+38
9507.05899130104,2.240368854592519e+38
9489.466691971911,2.2552651926648087e+38
9471.939379587971,2.3179215002066947e+38
9454.476694714947,2.370851579330754e+38
9437.078280564338,2.410170253416785e+38
9419.743782969103,2.4390288992578097e+38
9402.472850359645,2.461159376016402e+38
9385.265133740028,2.4804450513449356e+38
9368.120286664482,2.4995818333065537e+38
9351.037965214138,2.517725814044e+38
9334.017827974052,2.5349333862077003e+38
9317.059536010434,2.5519715469701257e+38
9300.162752848175,2.568305766343409e+38
9283.32714444857,2.5835780432262543e+38
9266.552379187324,2.5974347242188258e+38
9249.838127832763,2.6108428184641257e+38
9233.184063524306,2.6242485510022135e+38
9216.589861751152,2.6379808605610304e+38
9200.055200331202,2.651880958019872e+38
9183.57975939021,2.6656959117842012e+38
9167.163221341156,2.6796744483709067e+38
9150.805270863837,2.693973345631359e+38
9134.505594884677,2.7052574920674805e+38
9118.263882556761,2.7102435313576905e+38
9102.079825240067,2.7100066855755123e+38
9085.953116481918,2.7060788243909705e+38
9069.883451997643,2.70248081813983e+38
9053.870529651425,2.6984985006373584e+38
9037.91404943739,2.6979657781175088e+38
9022.013713460845,2.6978532633134638e+38
9006.169225919755,2.701116598674168e+38
8990.380293086399,2.707108835539663e+38
8974.646623289209,2.713172521395047e+38
8958.967926894822,2.720842303382265e+38
8943.343916290301,2.7280489504004983e+38
8927.774305865549,2.7377232184941663e+38
8912.2588119959,2.7475045721015663e+38
8896.79715302491,2.7583099454222397e+38
8881.389049247302,2.7700408342190034e+38
8866.0342228921,2.7942004532382223e+38
8850.732398105944,2.8262913335145785e+38
8835.483300936561,2.875329038589743e+38
8820.286659316427,2.933725977288131e+38
8805.142203046578,2.9793462871595625e+38
8790.0496637806,3.0147319365545664e+38
8775.008775008775,3.043998687160549e+38
8760.019272042398,3.0687465378299862e+38
8745.080891998252,3.0902996433581814e+38
8730.19337378323,3.1106526550807763e+38
8715.356458079135,3.130677327037095e+38
8700.56988732762,3.1508530773499615e+38
8685.833405715279,3.1706638197446746e+38
8671.146759158899,3.1907392209091515e+38
8656.509695290859,3.209952335115703e+38
8641.92196344467,3.2288631002205692e+38
8627.383314640669,3.2479214823901423e+38
8612.893501571853,3.266850070595439e+38
8598.452278589853,3.285287999834905e+38
8584.05940169106,3.3034610781819708e+38
8569.714628502872,3.321902306482649e+38
8555.417718270095,3.34030609137038e+38
8541.168431841475,3.3570994599848726e+38
8526.966531656362,3.3712766442036094e+38
8512.811781731505,3.384240230725358e+38
8498.703947647984,3.3969974221153498e+38
8484.642796538266,3.410115849424366e+38
8470.628097073397,3.4224817523558995e+38
8456.659619450318,3.434826429510388e+38
8442.73713537929,3.447482917938374e+38
8428.860418071477,3.4589894862209344e+38
8415.029242226616,3.465776575331529e+38
8401.243384020836,3.470754555694042e+38
8387.502621094569,3.475452553347225e+38
8373.806732540612,3.479336065074003e+38
8360.15549889228,3.4827523779715955e+38
8346.548702111677,3.485161224546964e+38
8332.986125578102,3.487541471556093e+38
8319.46755407654,3.485233939839422e+38
8305.992773786287,3.480478227313311e+38
8292.561572269675,3.478652217541081e+38
8279.1737384609,3.4821623856883806e+38
8265.829062654984,3.48680150197345e+38
8252.527336496802,3.4904565227742476e+38
8239.268352970255,3.495009215655686e+38
8226.051906387529,3.500344706883417e+38
8212.87779237845,3.505839623631022e+38
8199.745807879955,3.5120546079252864e+38
8186.655751125665,3.516757801518673e+38
8173.607421635538,3.534492362389445e+38
8160.600620205647,3.558287833841229e+38
8147.635148898032,3.58517785808353e+38
8134.710811030667,3.612357788549146e+38
8121.827411167513,3.640064548036508e+38
8108.98475510866,3.668971971554935e+38
8096.182649880581,3.696383210729802e+38
8083.420903726457,3.730667523421297e+38
8070.6993260966065,3.767735654344334e+38
8058.017727639,3.8038670728810486e+38
8045.37592018987,3.839864305111675e+38
8032.773716764399,3.876036132344739e+38
8020.2109315475,3.911872956273791e+38
8007.68737988469,3.9464564031739605e+38
7995.202878273038,3.980824717471497e+38
7982.7572443522,4.01541640444647e+38
7970.350296895549,4.049737686908288e+38
7957.98185580137,4.0862602029656274e+38
7945.651742084146,4.1251685515112125e+38
7933.359777865927,4.162514871793155e+38
7921.105786367778,4.200075138782713e+38
7908.889591901298,4.239613745710749e+38
7896.711019860229,4.277946715157797e+38
7884.569896712135,4.316272120911645e+38
7872.46604999016,4.3541113221544765e+38
7860.399308284863,4.390517362083185e+38
7848.369501236119,4.424077528822376e+38
7836.376459525117,4.456942925820407e+38
7824.420014866399,4.485902350842659e+38
7812.500000000001,4.511096656013452e+38
7800.6162486836465,4.535186164910444e+38
7788.768595685023,4.5571147814958005e+38
7776.956876774119,4.577377632361265e+38
7765.18092871564,4.595805513461342e+38
7753.440589261486,4.61468800806779e+38
7741.7356971433,4.6339391985939836e+38
7730.066092065088,4.653042027325292e+38
7718.4316146958945,4.671845440064169e+38
7706.832106662557,4.690202459762039e+38
7695.267410542517,4.708351521662678e+38
7683.737369856699,4.726512158176828e+38
7672.241829062453,4.7434308467511864e+38
7660.780633546559,4.730963710122254e+38
7649.353629618298,4.703470379473894e+38
7637.960664502579,4.669569605783109e+38
7626.60158633313,4.629520489957985e+38
7615.276244145758,4.5910536729920814e+38
7603.984487871646,4.5470696479281634e+38
7592.72616833074,4.494283269860537e+38
7581.501137225171,4.446447124487583e+38
7570.309247132746,4.395215040200425e+38
7559.150351500492,4.340045728841418e+38
7548.024304638262,4.291750557728122e+38
7536.930961712392,4.2396747450599844e+38
7525.8701787394175,4.19075705337646e+38
7514.841812579846,4.1448153490975695e+38
7503.845720931979,4.098099558292429e+38
7492.881762325792,4.057982997384754e+38
7481.949796116869,4.016468809963144e+38
7471.0496824803895,3.980673377325153e+38
7460.181282405163,3.946545486028668e+38
7449.344457687725,3.918047095767982e+38
7438.539070926471,3.976512171935946e+38
7427.764985515859,4.059226542498347e+38
7417.022065640646,4.1538340819202476e+38
7406.310176270184,4.247525085971532e+38
7395.629183152757,4.3444656037106534e+38
7384.9789528099855,4.435997691103503e+38
7374.35935253125,4.5252431482570826e+38
7363.770250368189,4.610770685983112e+38
7353.211515129234,4.68631955439993e+38
7342.683016374184,4.757107226216115e+38
7332.184624408843,4.821575530841036e+38
7321.71621027969,4.881788832073598e+38
7311.277645768599,4.939246922708314e+38
7300.868803387603,4.98921296417494e+38
7290.489556373712,5.0361686420746646e+38
7280.1397786837515,5.077425688545811e+38
7269.819344989278,5.112815563444455e+38
7259.528130671507,5.1478207017317944e+38
7249.266011816305,5.1789331467417984e+38
7239.032865209209,5.205274991736841e+38
7228.828568330503,5.2295317876945996e+38
7218.652999350322,5.251301381905369e+38
7208.506037123808,5.2718964174930975e+38
7198.387561186295,5.292336771318205e+38
7188.2974517485545,5.3129841513871356e+38
7178.2355896920535,5.333151819135882e+38
7168.201856564282,5.3516751248058355e+38
7158.196134574087,5.369154697781897e+38
7148.218306587084,5.384379586548581e+38
7138.268256121066,5.378537354317859e+38
7128.345867341483,5.321144905761365e+38
7118.451025056948,5.242516395002012e+38
7108.583614714769,5.159787898957963e+38
7098.743522396537,5.066095487831334e+38
7088.930634813739,4.96844413275579e+38
7079.144839303413,4.8668907436051724e+38
7069.386023823831,4.760486685401215e+38
7059.65407695023,4.644090572696363e+38
7049.948887870563,4.541419659856601e+38
7040.270346381302,4.437576364999765e+38
7030.618342883256,4.341925529239642e+38
7020.9927683774495,4.2636882632689495e+38
7011.393514461,4.177737630199724e+38
7001.820473323064,4.114869485985822e+38
6992.273537740797,4.0544195954513295e+38
6982.752601075345,4.000928342494214e+38
6973.257557267878,3.9619446017737365e+38
6963.788300835656,3.933084524585096e+38
6954.344726868112,3.904432838948183e+38
6944.926731022989,3.887705631816785e+38
6935.53420952249,3.885579471583732e+38
6926.167059149468,4.0529545455221826e+38
6916.825177243645,4.288409252562992e+38
6907.508461697866,4.577738798456404e+38
6898.216810954369,4.877290421285421e+38
6888.950124001103,5.164957566899093e+38
6879.708300368065,5.417412203695188e+38
6870.491240123669,5.627785528927126e+38
6861.298843871145,5.786176677075544e+38
6852.131012744964,5.921801857855843e+38
6842.987648407296,6.019597185529669e+38
6833.868653044489,6.103791543840146e+38
6824.7739293635905,6.171681902568176e+38
6815.703380588878,6.233511145400358e+38
6806.65691045843,6.2987124487853055e+38
6797.634423220719,6.356651916171473e+38
6788.635823631242,6.412107562498995e+38
6779.661016949153,6.4656867026253414e+38
6770.709908933953,6.5194541116798884e+38
6761.782405842181,6.57490014763588e+38
6752.878414424149,6.630305011047422e+38
6743.997841920692,6.687065813587649e+38
6735.140596059943,6.74758895076204e+38
6726.306585054148,6.809619425194695e+38
6717.49571759648,6.873226258771355e+38
6708.70790285791,6.940324966001852e+38
6699.943050484071,7.008363475428736e+38
6691.201070592172,7.074992543399487e+38
6682.481873767918,7.138576660226592e+38
6673.785371062468,7.202623875993612e+38
6665.111473989403,7.26913044077405e+38
6656.460094521734,7.335846832438625e+38
6647.831145088916,7.39851612618735e+38
6639.224538573895,7.460397958402582e+38
6630.640188310182,7.518964661825112e+38
6622.078008078935,7.573454596430817e+38
6613.537912106081,7.624515974515317e+38
6605.019815059446,7.673049030660648e+38
6596.523632045913,7.716090902894371e+38
6588.049278608604,7.75423019192346e+38
6579.596670724085,7.787404513350065e+38
6571.16572479958,7.821064561518541e+38
6562.756357670222,7.854370926858827e+38
6554.368486596317,7.8867201939699e+38
6546.00202926063,7.919064906237004e+38
6537.656903765691,7.951845540524781e+38
6529.333028631126,7.983938689131756e+38
6521.030322791002,8.016303680138558e+38
6512.748705591196,8.049635555837399e+38
6504.488096786783,8.084152433918301e+38
6496.248416539449,8.122528389432968e+38
6488.02958541491,8.108271183746964e+38
6479.831524380366,8.065473461052794e+38
6471.654154801968,7.978556405437187e+38
6463.497398442298,7.871722040749156e+38
6455.361177457879,7.761935796879982e+38
6447.2454143967,7.633813288352372e+38
6439.15003219575,7.492254266440145e+38
6431.074954178592,7.352644018666394e+38
6423.020104052926,7.192917965454337e+38
6414.985405908202,7.02671618170315e+38
6406.970784213225,6.845749299613124e+38
6398.976163813791,6.661645373094665e+38
6391.001469930338,6.472517197748533e+38
6383.046628155619,6.2809756387254204e+38
6375.111564452378,6.086891636173581e+38
6367.196205151063,5.900360602973088e+38
6359.3004769475365,5.719951774971091e+38
6351.4243069008235,5.538880336808611e+38
6343.567622430856,5.387199852368973e+38
6335.730351316249,5.23782765654445e+38
6327.9124216920845,5.1008375907792675e+38
6320.113762047717,4.9847147313240285e+38
6312.334301224594,4.874783176022909e+38
6304.573968414085,4.8180821110276425e+38
6296.832693155343,4.8727638001984904e+38
6289.110405333166,4.972686168546732e+38
6281.407035175879,5.140445247814153e+38
6273.722513253239,5.343804894144922e+38
6266.056770474341,5.58698683105147e+38
6258.409738085553,5.862191200945009e+38
6250.781347668459,6.15097555561124e+38
6243.171531137818,6.444388555564099e+38
6235.58022073954,6.725148943375027e+38
6228.007349048672,6.969743678473847e+38
6220.452848967405,7.182245271031993e+38
6212.916653723091,7.348598086554632e+38
6205.398696866274,7.48683251107433e+38
6197.898912268741,7.579895258742535e+38
6190.41723412158,7.65544385529858e+38
6182.9535969332555,7.720407829208059e+38
6175.507935527697,7.777771282527092e+38
6168.080185042407,7.816399057572036e+38
6160.670280926565,7.849710947842256e+38
6153.278158939175,7.87425810120783e+38
6145.903755147195,7.895076612080442e+38
6138.547005923698,7.910035674410225e+38
6131.207847946046,7.924681849980524e+38
6123.886218194066,7.93900630362455e+38
6116.582053948255,7.952429490047308e+38
6109.295292787977,7.96454474799826e+38
6102.0258725897,7.979968148025336e+38
6094.773731525217,8.000072231740335e+38
6087.538808059901,8.020633141332662e+38
6080.321040950963,8.042868673189621e+38
6073.120369245718,8.07708609687023e+38
6065.936732279883,8.108795037876028e+38
6058.770069675857,8.137851763990896e+38
6051.620321341039,8.16625168935984e+38
6044.4874274661515,8.19611890909193e+38
6037.371328523562,8.233095058390754e+38
6030.271965265634,8.274376456250542e+38
6023.189278723084,8.315059109917091e+38
6016.123210203345,8.359607101263942e+38
6009.073701288947,8.402670752255143e+38
6002.040693835905,8.443952334360763e+38
5995.024129972123,8.484201193590334e+38
5988.023952095809,8.523245421724968e+38
5981.040102873891,8.561671524902605e+38
5974.072525240456,8.598451144362106e+38
5967.121162395203,8.634935556652754e+38
5960.185957801884,8.670465987367233e+38
5953.266855186784,8.704824322742164e+38
5946.363798537194,8.737251012453009e+38
5939.476732099903,8.768792842700011e+38
5932.6056003796875,8.79965199034614e+38
5925.7503481378335,8.829111506946177e+38
5918.910920390648,8.857716403231925e+38
5912.087262407993,8.885653443410424e+38
5905.279319711823,8.912303651749802e+38
5898.487038074734,8.939576347091578e+38
5891.71036351853,8.970162977173e+38
5884.949242312785,9.008062229110116e+38
5878.2036209734315,9.045139187511813e+38
5871.473446261339,9.078754264261528e+38
5864.758665180928,9.110742499485709e+38
5858.059224978765,9.140122243332023e+38
5851.375073142189,9.16868949806189e+38
5844.706157397937,9.195739399255586e+38
5838.052425710783,9.222097127918605e+38
5831.4138262821825,9.248958674213642e+38
5824.790307548929,9.275948847207466e+38
5818.181818181818,9.30280178960736e+38
5811.5883070843265,9.323908281861108e+38
5805.0097233912875,9.329281263639318e+38
5798.4460164675875,9.333565347450153e+38
5791.897135906866,9.336288254793435e+38
5785.363031530229,9.337342125619893e+38
5778.843653384958,9.336445716076941e+38
5772.338951743246,9.347010321554484e+38
5765.8488771009315,9.361198525723821e+38
5759.373380176236,9.374053359342174e+38
5752.912411908529,9.383822247909041e+38
5746.465923457074,9.401864392415526e+38
5740.033866199811,9.421040810998185e+38
5733.616191732126,9.442185521709973e+38
5727.212851865639,9.463222069953551e+38
5720.823798627002,9.48777724200388e+38
5714.448984256694,9.515466689406976e+38
5708.088361207831,9.54156409557791e+38
5701.7418821449955,9.569751737981488e+38
5695.409499943046,9.600545120423036e+38
5689.091167685962,9.630043812584523e+38
5682.786838665682,9.660586654061377e+38
5676.49646638095,9.69252437487761e+38
5670.220004536176,9.721833067922586e+38
5663.9574070403,9.751260385210394e+38
5657.708628005658,9.781272910182907e+38
5651.473621746871,9.810236939668149e+38
5645.252342779723,9.838260797034047e+38
5639.044745820058,9.916808029817508e+38
5632.850785782685,1.001853712992224e+39
5626.6704177802785,1.0105325864367423e+39
5620.503597122302,1.0181794801720893e+39
5614.350279313927,1.0246531451826779e+39
5608.21042005496,1.0300533325473047e+39
5602.083975238789,1.0348384549996217e+39
5595.970900951316,1.038910673527868e+39
5589.871153469913,1.0425228657432042e+39
5583.784689262382,1.0448031775980382e+39
5577.711464985917,1.0461728500647508e+39
5571.651437486071,1.0470744826063573e+39
5565.604563795742,1.0467377012570948e+39
5559.570801134153,1.0448419147683278e+39
5553.55010690584,1.0419185819245441e+39
5547.5424386996565,1.0388553851995262e+39
5541.5477542877725,1.035293513811459e+39
5535.566011624688,1.0309275345302167e+39
5529.59716884625,1.0257355201204137e+39
5523.641184268669,1.0195678120398171e+39
5517.698016387563,1.0130270498689517e+39
5511.767623876978,1.0062844351784214e+39
5505.849965588438,9.991351546001102e+38
5499.945000549994,9.91983455056758e+38
5494.052687965278,9.845661805733681e+38
5488.172987212558,9.768028335183724e+38
5482.3058578438095,9.685275139601776e+38
5476.45125958379,9.60284922708201e+38
5470.6091523291125,9.520008092974577e+38
5464.77949614733,9.431600110726629e+38
5458.962251276033,9.348229125406883e+38
5453.157378121933,9.256918745577552e+38
5447.364837259976,9.169574093321871e+38
5441.584589432443,9.085977134571036e+38
5435.816595548066,9.002303717246398e+38
5430.060816681147,8.912686747321136e+38
5424.317214070679,8.859144308108396e+38
5418.58574911948,8.842508176341325e+38
5412.866383393327,8.833599978906491e+38
5407.159078620093,8.84225355343088e+38
5401.463796688903,8.87655090862168e+38
5395.780499649274,8.931994172694223e+38
5390.109149710282,8.989739528862158e+38
5384.449709239716,9.04387784181404e+38
5378.802140763251,9.104798572257981e+38
5373.166406963624,9.162154429058602e+38
5367.542470679799,9.271510124102281e+38
5361.930294906166,9.405095220696247e+38
5356.329842791719,9.535720630653631e+38
5350.7410776392535,9.647315875502949e+38
5345.163962904562,9.75167080851465e+38
5339.598462195643,9.850198635687993e+38
5334.044539271903,9.940869046661656e+38
5328.502158043375,1.0016909761319437e+39
5322.971282569931,1.0098006831290158e+39
5317.451877060513,1.0168617498357305e+39
5311.943905872355,1.0234929960327815e+39
5306.447333510215,1.0284423185093538e+39
5300.96212462562,1.034459171008544e+39
5295.488244016098,1.0412886461790287e+39
5290.025656624434,1.0469285317319303e+39
5284.574327537917,1.0523252030992978e+39
5279.134221987594,1.0572029372039063e+39
5273.705305347537,1.062451117996221e+39
5268.287543134104,1.0660542522563325e+39
5262.88090100521,1.0689452748660935e+39
5257.4853447596015,1.0714248395990787e+39
5252.100840336135,1.073222823702818e+39
5246.7273538130585,1.0742137002406047e+39
5241.3648514073075,1.075512653555896e+39
5236.0132994737805,1.0768868215755437e+39
5230.672664504656,1.0781333979973902e+39
5225.342913128675,1.0789618967983302e+39
5220.024012110455,1.0842539897234927e+39
5214.715928349803,1.089782002021e+39
5209.418628881018,1.0955096277817191e+39
5204.132080872213,1.1013449842267755e+39
5198.856251624643,1.1101623094037332e+39
5193.591108572022,1.1197405366044624e+39
5188.336619279859,1.1290983055193282e+39
5183.092751444787,1.1381215367306211e+39
5177.859472893906,1.1470501247135699e+39
5172.63675158412,1.1551095612641973e+39
5167.4245556014885,1.163219854108723e+39
5162.222853160571,1.1707083007167359e+39
5157.031612603785,1.1779190560497327e+39
5151.850802400763,1.1843624187286487e+39
5146.68039114771,1.190554281443285e+39
5141.520347566776,1.1957108861356408e+39
5136.370640505418,1.1990866890781015e+39
5131.231238935783,1.2020965511495969e+39
5126.102111954071,1.2036537745215896e+39
5120.983228779926,1.2055020902533182e+39
5115.874558755819,1.2094572753868608e+39
5110.776071346433,1.2138698111439886e+39
5105.6877361380575,1.2178209679024699e+39
5100.609522837979,1.2217964033040858e+39
5095.541401273885,1.2260076750244398e+39
5090.483341393266,1.2305976076778287e+39
5085.435313262816,1.2351714092945688e+39
5080.397287067849,1.2387938008469925e+39
5075.369233111709,1.2423509774308895e+39
5070.351121815186,1.2447646703925993e+39
5065.342923715936,1.247265924581264e+39
5060.344609467906,1.2490827449292018e+39
5055.356149840757,1.2505430378889562e+39
5050.3775157192995,1.2516094140387448e+39
5045.408678102926,1.2526052143147527e+39
5040.449608105044,1.2536458404777413e+39
5035.500276952515,1.2541827108590985e+39
5030.560655985109,1.2544868364483592e+39
5025.63071665494,1.2545913405625876e+39
5020.71043052592,1.2546349553547059e+39
5015.799769273211,1.25465839283414e+39
5010.898704682685,1.2544207146640157e+39
5006.00720865038,1.2544795713729693e+39
5001.125253181966,1.2546188029507709e+39
4996.252810392206,1.2548139889301416e+39
4991.38985250443,1.2575082631859927e+39
4986.536351850005,1.2625279793324013e+39
4981.692280867811,1.2683745571656623e+39
4976.857612103718,1.2754996220479652e+39
4972.032318210068,1.2829508213075367e+39
4967.216371945162,1.289403971827763e+39
4962.409746172742,1.2950896254806181e+39
4957.612413861484,1.2994008722527167e+39
4952.824348084495,1.3033072067497049e+39
4948.045522018802,1.3068610052203144e+39
4943.275908944857,1.3091255569379828e+39
4938.515482246036,1.3107130218654276e+39
4933.764215408146,1.3123323010509631e+39
4929.022082018928,1.3136704432769007e+39
4924.289055767573,1.315369015504326e+39
4919.565110444238,1.3161635112637513e+39
4914.850219939547,1.3170530600019796e+39
4910.1443582441325,1.3181955312330173e+39
4905.447499448137,1.3202609828811858e+39
4900.7596177407495,1.3222416538170406e+39
4896.080687409729,1.3245476511659175e+39
4891.410682840932,1.3267415201767356e+39
4886.749578517849,1.3294679131811993e+39
4882.097349021139,1.332702651206104e+39
4877.453969028168,1.3364983922968582e+39
4872.819413312543,1.3403777523792659e+39
4868.193656743665,1.3447749429762233e+39
4863.576674286271,1.3492856362922724e+39
4858.968440999976,1.35358788900042e+39
4854.368932038836,1.3576913113223273e+39
4849.77812265089,1.361800629941137e+39
4845.195988177722,1.365623220634451e+39
4840.622504054022,1.3694177867731682e+39
4836.057645807138,1.3741292615984793e+39
4831.50138905665,1.3788508919740007e+39
4826.953709513926,1.384177886685751e+39
4822.414582981699,1.389806555365382e+39
4817.883985353633,1.3977458696435723e+39
4813.361892613897,1.4067334350784708e+39
4808.84828083674,1.416217342058818e+39
4804.3431261860715,1.4253675283494067e+39
4799.8464049150425,1.4361562365657276e+39
4795.358093365622,1.447720480283507e+39
4790.878167968189,1.4590362475307065e+39
4786.406605241115,1.4700192599643525e+39
4781.943381790359,1.4807981426197244e+39
4777.488474309055,1.4919478779832092e+39
4773.041859577109,1.5021479216487416e+39
4768.60351446079,1.51189733584472e+39
4764.173415912339,1.5209338334713308e+39
4759.751540969562,1.5291612821122208e+39
4755.337866755433,1.5367773162559435e+39
4750.932370477706,1.5435188374018988e+39
4746.535029428517,1.548756732721343e+39
4742.145820983995,1.5532408918937933e+39
4737.764722603875,1.5570418904751932e+39
4733.391711831113,1.5606750316134108e+39
4729.026766291498,1.5643556466788308e+39
4724.669863693275,1.5678631667817636e+39
4720.320981826764,1.5710830482609566e+39
4715.980098563984,1.57573034277814e+39
4711.647191858274,1.5818321225650367e+39
4707.322239743921,1.5884297303847305e+39
4703.005220335795,1.594992574824259e+39
4698.696111828967,1.6015952763721286e+39
4694.394892498357,1.6078825423048098e+39
4690.101540698356,1.614079588361641e+39
4685.8160348624715,1.6199462390694883e+39
4681.538353502961,1.62167067045722e+39
4677.268475210477,1.618439366993562e+39
4673.006378653707,1.6118280737233826e+39
4668.752042579019,1.601103967528439e+39
4664.505445810108,1.5884313511618355e+39
4660.266567247647,1.5738868615925666e+39
4656.035385868933,1.55854295874355e+39
4651.811880727543,1.541508045680802e+39
4647.59603095299,1.5224403805030032e+39
4643.387815750371,1.5036274000547152e+39
4639.187214400037,1.483258054291274e+39
4634.994206257242,1.4619550199101398e+39
4630.808770751812,1.4389645611377688e+39
4626.630887387804,1.416957491352746e+39
4622.4605357431765,1.393308159492581e+39
4618.2976954694495,1.3703247986436552e+39
4614.142346291383,1.3475916897951439e+39
4609.994468006638,1.327810940276406e+39
4605.8540404854575,1.306595404780866e+39
4601.721043670333,1.2871002942139049e+39
4597.595457575688,1.2684220757337158e+39
4593.477262287552,1.2502188060140944e+39
4589.366437963239,1.2329414538504364e+39
4585.262964831033,1.2175075771567519e+39
4581.166823189867,1.2013712441599658e+39
4577.077993409008,1.1870198846553058e+39
4572.996455927747,1.1730683327640862e+39
4568.922191255083,1.1592479420319518e+39
4564.855179969416,1.146559338263369e+39
4560.795402718234,1.1348926805579527e+39
4556.742840217812,1.1232412296863796e+39
4552.6974732529025,1.1132295911114029e+39
4548.659282676431,1.1033742903311597e+39
4544.628249409198,1.1079459443976346e+39
4540.604354439576,1.1163836616533539e+39
4536.58757882321,1.1283354593211174e+39
4532.57790368272,1.1508653049304236e+39
4528.575310207409,1.175479549277272e+39
4524.579779652965,1.204692903626404e+39
4520.591293341169,1.2385659923331435e+39
4516.609832659606,1.2736264147598638e+39
4512.635379061372,1.3097827888091525e+39
4508.667914064789,1.3462829898366657e+39
4504.70741925312,1.381436987066965e+39
4500.753876274276,1.4119424289877197e+39
4496.807266840543,1.442518270424366e+39
4492.867572728294,1.467524305360084e+39
4488.934775777708,1.489545479141076e+39
4485.008857892494,1.5094166113071094e+39
4481.089801039612,1.5243717805731265e+39
4477.177587248998,1.538760237974128e+39
4473.272198613286,1.550408961803885e+39
4469.373617287537,1.559240893157764e+39
4465.481825488971,1.567697599169507e+39
4461.596805496687,1.5737987164143056e+39
4457.718539651407,1.57961410796349e+39
4453.8470103551945,1.5847535459517467e+39
4449.982200071199,1.589321675283205e+39
4446.124091323389,1.5938313533677025e+39
4442.272666696282,1.5981402684740022e+39
4438.427908834691,1.6020198714267428e+39
4434.589800443458,1.605788558733814e+39
4430.7583242872015,1.6087206552368084e+39
4426.933463190048,1.6113194471389795e+39
4423.115200035385,1.6135512977943878e+39
4419.3035177656,1.6153739619588364e+39
4415.4983993818305,1.6171328030463398e+39
4411.699827943707,1.6187334094844674e+39
4407.907786569105,1.6201254169334874e+39
4404.122258433894,1.6214107716749842e+39
4400.343226771688,1.62243202869176e+39
4396.570674873598,1.62353345690295e+39
4392.804586087987,1.6246463955416143e+39
4389.044943820225,1.625608332200722e+39
4385.29173153244,1.626520391774382e+39
4381.544932743285,1.6273899362101116e+39
4377.804531027689,1.6283937404421046e+39
4374.0705100166215,1.629480204994342e+39
4370.342853396849,1.6305655168291827e+39
4366.621544910702,1.6315586081276557e+39
4362.906568355839,1.6325340715573538e+39
4359.197907585004,1.6338669629478575e+39
4355.495546505804,1.6354005523381482e+39
4351.799469080464,1.6368338853163435e+39
4348.109659325608,1.638062069971619e+39
4344.426101312017,1.6393883243323193e+39
4340.748779164406,1.6406095407407585e+39
4337.077677061196,1.6417201861117745e+39
4333.412779234286,1.6432696454198547e+39
4329.754069968826,1.6454519420414088e+39
4326.101533602993,1.6476496133400763e+39
4322.455154527772,1.6498026017920334e+39
4318.814917186724,1.6518043074618833e+39
4315.180806075775,1.6537016928315194e+39
4311.552805742988,1.65540292414512e+39
4307.930900788351,1.6572541038114837e+39
4304.315075863553,1.6589287864823746e+39
4300.70531567177,1.660381435862152e+39
4297.101604967449,1.6618642099513454e+39
4293.503928556094,1.663302518600049e+39
4289.912271294052,1.6647099266175575e+39
4286.326618088298,1.6659755627868396e+39
4282.746953896229,1.6667188908172165e+39
4279.173263725448,1.6676161059181748e+39
4275.605532633559,1.6687754644821057e+39
4272.043745727956,1.6696417426684466e+39
4268.487888165618,1.670263630900533e+39
4264.9379451528985,1.6705852028234605e+39
4261.393901945326,1.670693499557893e+39
4257.855743847398,1.6705861102909347e+39
4254.323456212376,1.6703734438744e+39
4250.797024442083,1.6700864059004855e+39
4247.276433986705,1.6697943081807843e+39
4243.761670344594,1.6697717819264473e+39
4240.252719062056,1.669939180722301e+39
4236.749565733169,1.669850002013698e+39
4233.2521959995765,1.6697234681448067e+39
4229.760595550291,1.6700409253845476e+39
4226.274750121505,1.670657477649605e+39
4222.794645496389,1.670892958877415e+39
4219.320267504905,1.670936488249772e+39
4215.851602023608,1.6707351971968565e+39
4212.388634975463,1.6706387862116587e+39
4208.931352329643,1.6649017252529053e+39
4205.479740101352,1.653822868122138e+39
4202.033784351626,1.643337357092395e+39
4198.593471187152,1.6324403438750624e+39
4195.158786760079,1.621635379556877e+39
4191.72971726783,1.610271788287464e+39
4188.306248952924,1.5969552254106426e+39
4184.888368102781,1.5846012029410113e+39
4181.4760610495505,1.5741817342354603e+39
4178.069314169922,1.5641865544650185e+39
4174.668113884946,1.5523565291021e+39
4171.272446659853,1.5413861391889004e+39
4167.882299003876,1.5300465235626478e+39
4164.497657470068,1.5203441077276285e+39
4161.118508655127,1.5117692086622798e+39
4157.744839199218,1.50506767699783e+39
4154.3766357858,1.4985736415053528e+39
4151.013885141446,1.4902875875922548e+39
4147.65657403567,1.4837285443175185e+39
4144.304689280756,1.48270359227683e+39
4140.958217731583,1.4802166477850973e+39
4137.6171462854545,1.4769302053432645e+39
4134.281461881925,1.474685909681548e+39
4130.951151502633,1.4745491969374963e+39
4127.626202171131,1.4751357913502808e+39
4124.306600952715,1.4754624425085134e+39
4120.992334954257,1.4757787225294716e+39
4117.683391324041,1.476749923381509e+39
4114.379757251594,1.4776519105351808e+39
4111.081419967522,1.4805346102147525e+39
4107.788366743345,1.4835342737015314e+39
4104.500584891333,1.4871387251671765e+39
4101.218061764344,1.4908007620532772e+39
4097.94078475566,1.4946289402321017e+39
4094.6687412988285,1.4992516381819323e+39
4091.4019188675,1.5053503660928774e+39
4088.1403049752666,1.513302311340887e+39
4084.883887175507,1.5628362584015008e+39
4081.6326530612246,1.6136616784608477e+39
4078.3865902648913,1.664442684740454e+39
4075.1456864582906,1.709367508099527e+39
4071.9099293523623,1.7554594104749156e+39
4068.6793066970463,1.796545157444251e+39
4065.453806281126,1.828027487204101e+39
4062.2334159320794,1.8604702206701065e+39
4059.0181235159216,1.8868011640262647e+39
4055.8079169370535,1.9063868152563262e+39
4052.602784138113,1.9260646977299368e+39
4049.4027130998174,1.9420385156734742e+39
4046.207691840822,1.9549962452012623e+39
4043.017708417563,1.9685467028192235e+39
4039.8327509241117,1.9790771331698265e+39
4036.6528074920275,1.988682583740716e+39
4033.4778662902086,1.9982371218424388e+39
4030.307915524746,2.006297814593851e+39
4027.1429434387774,2.0139960814993932e+39
4023.982938312341,2.0215836502022466e+39
4020.8278884622346,2.0285017848282237e+39
4017.6777822418644,2.0351159115770887e+39
4014.5326080411087,2.0415300493463626e+39
4011.3923542861726,2.0479056275695205e+39
4008.257009439445,2.0539211448457468e+39
4005.1265619993587,2.0601602286611686e+39
4002.00100050025,2.0657544988305246e+39
3998.880313512216,2.0715078745228443e+39
3995.76448964098,2.077326612556695e+39
3992.653517527749,2.083028087968957e+39
3989.5473858490755,2.088748922219684e+39
3986.446083316723,2.095637537798439e+39
3983.3495986775274,2.1033240234303728e+39
3980.257920713262,2.1112147112490012e+39
3977.171038240499,2.1181226870931617e+39
3974.0889401104796,2.1261773877559213e+39
3971.0116152089745,2.1334062293144914e+39
3967.939052456154,2.1409394108507236e+39
3964.871240806455,2.1485068848842104e+39
3961.8081692484448,2.155680592856298e+39
3958.7498268046947,2.1622143993586498e+39
3955.6962025316457,2.1684495734466433e+39
3952.6472855194766,2.1750173730599557e+39
3949.603064891978,2.180491984661505e+39
3946.5635298064212,2.1864467332850195e+39
3943.528669453427,2.1911429228133823e+39
3940.4984730568417,2.1964709029931616e+39
3937.4729298736074,2.2005834882691553e+39
3934.4520291936337,2.2043630564133018e+39
3931.4357603396757,2.2077874616918103e+39
3928.4241126672036,2.2109998704843307e+39
3925.4170755642785,2.214000357084373e+39
3922.4146384514306,2.2166632150636935e+39
3919.4167907815317,2.2190542748596815e+39
3916.4235220396736,2.2214754939118388e+39
3913.434821743044,2.220419304581937e+39
3910.4506794408057,2.2169342581388093e+39
3907.4710847139727,2.213096190659184e+39
3904.496027175292,2.2078497871089497e+39
3901.5254964691194,2.202572283390063e+39
3898.5594822713006,2.1963704291458398e+39
3895.5979742890536,2.1901028116083118e+39
3892.6409622608458,2.1832608454264485e+39
3889.68843595628,2.177152767481341e+39
3886.7403851759723,2.1701042522819926e+39
3883.796799751437,2.1624391552358263e+39
3880.857669544969,2.1532322578594437e+39
3877.922984449529,2.1392572341952845e+39
3874.992734388623,2.1251841521185002e+39
3872.066909316193,2.1087828271094944e+39
3869.145499216498,2.091866808159856e+39
3866.2284941040016,2.071709499175599e+39
3863.315884023257,2.0502458797184853e+39
3860.4076590487957,2.0277130489951487e+39
3857.503809285012,2.005024866455243e+39
3854.6043248660526,1.9816559537430187e+39
3851.7091959557056,1.9575164630542356e+39
3848.8184127472864,1.9325609978910652e+39
3845.931965463531,1.9063863672147992e+39
3843.049844356481,1.8810431000571537e+39
3840.172039707379,1.8533812274438952e+39
3837.298541826554,1.8272054678405202e+39
3834.429341053318,1.798839600109801e+39
3831.5644277558526,1.77054982937033e+39
3828.7037923311063,1.741694387104035e+39
3825.847425204683,1.713508677144026e+39
3822.995316830737,1.685214631949874e+39
3820.1474576918667,1.6562378396939523e+39
3817.3038382990094,1.627558200870359e+39
3814.4644491913336,1.598086493708535e+39
3811.629280936136,1.5683511740225222e+39
3808.7983241287375,1.5388728899774067e+39
3805.9715693923768,1.5093952146760675e+39
3803.1490073781088,1.480681232673729e+39
3800.3306287647024,1.457065571826121e+39
3797.516424258535,1.4387458003491637e+39
3794.706384593492,1.421113648628048e+39
3791.900500530866,1.4043851540982765e+39
3789.098762859254,1.3884025188102302e+39
3786.3011623944567,1.3719834785737893e+39
3783.50768997938,1.356257862158203e+39
3780.718336483932,1.3414860076545808e+39
3777.9330928049267,1.3264092638872866e+39
3775.1519498659823,1.31287002607295e+39
3772.3748986174246,1.2989785817711952e+39
3769.6019300361877,1.2863103074120846e+39
3766.8330351257177,1.2842531588901886e+39
3764.0682049158727,1.2867699509355385e+39
3761.307430462829,1.2901515894437349e+39
3758.5507028489815,1.298348629090774e+39
3755.798013182851,1.3106218339550539e+39
3753.0493525989864,1.329903558399254e+39
3750.304712257871,1.3516450267497397e+39
3747.564083345825,1.3744879794339203e+39
3744.827457074915,1.3963704087208387e+39
3742.0948246828575,1.4186061859187586e+39
3739.366177432925,1.4413435020730816e+39
3736.641506613855,1.4627633920783468e+39
3733.920803539757,1.4836364036004065e+39
3731.2040595500166,1.5040694862784187e+39
3728.491266009209,1.522311515467162e+39
3725.7824143070043,1.5403372744702914e+39
3723.077495858076,1.556909836860815e+39
3720.3765021020126,1.5726261716988057e+39
3717.679424503225,1.5880506241741327e+39
3714.986254550858,1.602277966247349e+39
3712.2969837587007,1.616098064864581e+39
3709.611603665096,1.6292935413751783e+39
3706.9301058328547,1.6425155150142382e+39
3704.2524818491625,1.6556839786074788e+39
3701.5787233254982,1.6686933988871385e+39
3698.90882189754,1.681427688275119e+39
3696.2427692250826,1.6933314338214362e+39
3693.5805569919476,1.7060738584709042e+39
3690.9221769059,1.7189416872198688e+39
3688.2676206985575,1.7309732106759423e+39
3685.6168801253107,1.7435272151521123e+39
3682.969946965233,1.7568713410740036e+39
3680.3268130209963,1.768372991343699e+39
3677.687470118789,1.7814269589909215e+39
3675.05191010823,1.79698217094823e+39
3672.420124862284,1.8111870037928702e+39
3669.792106277179,1.8256811776836937e+39
3667.1678462723235,1.8407335855592544e+39
3664.5473367902227,1.8554933417765558e+39
3661.9305697963964,1.8696263716611402e+39
3659.317537279297,1.88395222905619e+39
3656.7082312502284,1.8982530365643084e+39
3654.102643743263,1.9127220447135296e+39
3651.500766815161,1.9273407442225547e+39
3648.9025925452916,1.943478655250428e+39
3646.3081130355513,1.9597750831976187e+39
3643.7173204102824,1.9816875042558393e+39
3641.130206816196,2.0046207680054008e+39
3638.5467644222895,2.026100256443081e+39
3635.9669854197723,2.0399836432331626e+39
3633.390862021982,2.0534847873446644e+39
3630.8183864643092,2.0674629692913027e+39
3628.249551004118,2.081386440941864e+39
3625.68434792067,2.0952292004533957e+39
3623.122769515045,2.1096431004708905e+39
3620.564808110065,2.1247480413625532e+39
3618.010456050218,2.1400277405239923e+39
3615.45970570158,2.1557299798335583e+39
3612.9125494517407,2.1725908727975945e+39
3610.3689797097263,2.190774973075558e+39
3607.8289889059256,2.209066420541646e+39
3605.292569492014,2.2184810139929587e+39
3602.7597139408786,2.220231811737923e+39
3600.230414746544,2.2227987446636135e+39
3597.7046644240972,2.225480861660083e+39
3595.182455509617,2.2280953834781775e+39
3592.6637805600963,2.2307784735446707e+39
3590.1486321533707,2.233332758063145e+39
3587.6370028880474,2.236019955150429e+39
3585.1288853834294,2.2384321820040577e+39
3582.6242722794445,2.240663967388655e+39
3580.1231562365742,2.2430215873516336e+39
3577.6255299357813,2.2454967016972306e+39
3575.1313860784385,2.2480713515691523e+39
3572.640717386256,2.250450127128618e+39
3570.1535166012136,2.252533265082711e+39
3567.6697764854885,2.2545827690140897e+39
3565.189489821384,2.256425615420202e+39
3562.7126494112613,2.258318709655753e+39
3560.2392480774706,2.2603560513337062e+39
3557.769278662279,2.2623849666716596e+39
3555.302734027802,2.2644484093522448e+39
3552.8396070559393,2.266452928094935e+39
3550.3798906482994,2.2688912248952456e+39
3547.9235777261356,2.2714698893192253e+39
3545.4706612302784,2.2741343249531253e+39
3543.0211341210647,2.2772615950748478e+39
3540.5749893782745,2.2799993628381636e+39
3538.1322200010613,2.2826061085199488e+39
3535.6928190078843,2.2852821294010434e+39
3533.2567794364454,2.2877955754648378e+39
3530.8240943436194,2.290609885507036e+39
3528.394756805391,2.2935004374839564e+39
3525.968759916787,2.2963205079975296e+39
3523.546096791811,2.2992235686087563e+39
3521.1267605633802,2.3024528456862434e+39
3518.710744383258,2.3053129783187685e+39
3516.298041421991,2.3078145885404223e+39
3513.888644868844,2.3102679875299977e+39
3511.4825479317365,2.31248068234507e+39
3509.0797438371783,2.3144565773442813e+39
3506.6802258302064,2.3165329009564035e+39
3504.2839871743204,2.3187245579979148e+39
3501.8910211514217,2.3208150419606946e+39
3499.5013210617485,2.322796278947993e+39
3497.1148802238154,2.3247304240886094e+39
3494.731691974349,2.3283835839022496e+39
3492.3517496682266,2.3326016614450327e+39
3489.9750466784158,2.3368240179913663e+39
3487.601576395912,2.3408515435293916e+39
3485.231332229677,2.3448981595061073e+39
3482.8643076065755,2.3495739277951562e+39
3480.5004959713206,2.3545211506839103e+39
3478.1398907864072,2.3594992314016523e+39
3475.782485532055,2.3646188713021777e+39
3473.4282737061476,2.369485494333864e+39
3471.0772488241723,2.374077583392922e+39
3468.729404419161,2.3786487874272042e+39
3466.384734041631,2.3836924327580394e+39
3464.0432312595262,2.388465728397407e+39
3461.7048896581564,2.3930921225311838e+39
3459.369702840142,2.397858866770035e+39
3457.0376644253533,2.402543147077544e+39
3454.708768050853,2.4061453828791928e+39
3452.3830073708373,2.409330931003228e+39
3450.060376056581,2.4125726168921813e+39
3447.7408677963763,2.4153223737629106e+39
3445.4244762954795,2.4170128912841933e+39
3443.111195276051,2.4182387375293182e+39
3440.8010184771015,2.419136425833055e+39
3438.4939396544314,2.4197816781362315e+39
3436.1899525805784,2.420084945671664e+39
3433.8890510447604,2.4203915413321402e+39
3431.591228852819,2.4206140422222187e+39
3429.2964798271632,2.420572131905514e+39
3427.004797806717,2.4205272940353807e+39
3424.7161766468603,2.4207343202632585e+39
3422.4306102193777,2.4209275192252174e+39
3420.148092412401,2.4208702065995347e+39
3417.8686171303575,2.420628546212853e+39
3415.5921782939117,2.4206140716416192e+39
3413.318769839915,2.420537669559148e+39
3411.0483857213517,2.4203894662118618e+39
3408.781019907281,2.4204117484488162e+39
3406.51666638279,2.4199339437984153e+39
3404.255319148936,2.4194618299660744e+39
3401.9969722226947,2.4187207657488625e+39
3399.7416196369077,2.4181959353906224e+39
3397.4892554402295,2.4170071504780837e+39
3395.2398736970767,2.4157487932123644e+39
3392.9934684875734,2.414534341258212e+39
3390.7500339075,2.4131684332643946e+39
3388.5095640682443,2.4114759686565832e+39
3386.272053096746,2.4097044968013636e+39
3384.0374951354456,2.4078388770928023e+39
3381.8058843422386,2.4054967493663608e+39
3379.577214890417,2.4035086519441076e+39
3377.3514809686244,2.4004492756497004e+39
3375.1286767808024,2.397111156491223e+39
3372.9087965461413,2.393376709989767e+39
3370.6918344990304,2.389240480094616e+39
3368.4777848890085,2.3849135971688515e+39
3366.266641980711,2.380703291820202e+39
3364.0584000538247,2.3770200638885358e+39
3361.853053403035,2.3729712524200038e+39
3359.650596337981,2.368928337228298e+39
3357.4510231831996,2.3646860335701376e+39
3355.2543282780834,2.3609907227051394e+39
3353.0605059768304,2.3582162906464325e+39
3350.8695506483928,2.3560020074622505e+39
3348.6814566764333,2.3533145606108318e+39
3346.4962184592728,2.3506254502669295e+39
3344.313830409845,2.3477684111612215e+39
3342.1342869556497,2.3448674431773008e+39
3339.957582538702,2.341588448714087e+39
3337.783711615487,2.3380076046181872e+39
3335.6126686569155,2.333934512865777e+39
3333.444448148271,2.3298460576705842e+39
3331.2790445891696,2.3252739202218257e+39
3329.116452493508,2.320782345067407e+39
3326.9566663894198,2.315880302882157e+39
3324.7996808192306,2.311371253637195e+39
3322.645490339408,2.30654139579253e+39
3320.4940895205204,2.3012738845610493e+39
3318.3454729471887,2.2939973913153228e+39
3316.1996352180404,2.28612611539587e+39
3314.056570945666,2.2778153674177654e+39
3311.916274756574,2.2694855253232443e+39
3309.778741291145,2.261051248971974e+39
3307.643965203585,2.2523927037311055e+39
3305.511941161887,2.2434479216847432e+39
3303.38266384778,2.233149641141006e+39
3301.256127956687,2.222937639767579e+39
3299.132328197684,2.2129877257837316e+39
3297.0112592934506,2.2028809851134103e+39
3294.89291598023,2.1924720689997235e+39
3292.777293007787,2.1819856901041737e+39
3290.664385139359,2.1712962726816342e+39
3288.554187151619,2.16056837682709e+39
3286.4466938346254,2.149873787282327e+39
3284.341899991789,2.1393867805953682e+39
3282.23980043982,2.1284514012255013e+39
3280.140390008692,2.1173822730045316e+39
3278.0436635415986,2.105629278074435e+39
3275.9496158949073,2.0938974694457128e+39
3273.8582419381237,2.082263996772517e+39
3271.769536553845,2.070492150409805e+39
3269.683494637719,2.0586941318397972e+39
3267.6001110984034,2.0464078067333647e+39
3265.519380857525,2.0343799406717578e+39
3263.441298849637,2.0231269216311148e+39
3261.365860022177,2.0120393747208784e+39
3259.29305933543,2.0012287045685772e+39
3257.222891762483,1.9904554567833715e+39
3255.1553522891877,1.9802011206917362e+39
3253.090435914118,1.9707444807024983e+39
3251.0281376485314,1.9614399481674976e+39
3248.9684525163257,1.9524571193893942e+39
3246.9113755540043,1.9435469609398712e+39
3244.85690181063,1.9358028039521558e+39
3242.8050263477908,1.9288649916082557e+39
3240.755744239557,1.9222124211636576e+39
3238.709050572442,1.9159314451773703e+39
3236.6649404453647,1.9105251650972454e+39
3234.6234089696104,1.9056768637599345e+39
3232.5844512687895,1.9007134483594438e+39
3230.5480624787992,1.8966123879526082e+39
3228.5142377477882,1.893019650592942e+39
3226.482972236114,1.8899591347676546e+39
3224.4542611163056,1.8881544916766613e+39
3222.428099573028,1.8868202179249944e+39
3220.4044828030396,1.884632466973973e+39
3218.383406015158,1.8839056856381098e+39
3216.3648644302207,1.8846199398480208e+39
3214.3488532810466,1.8854396968451745e+39
3212.3353678123995,1.886492420803623e+39
3210.3244032809516,1.887569367065853e+39
3208.315954955244,1.8871415559452326e+39
3206.3100181156515,1.8882829097230377e+39
3204.306588054345,1.8897622187702073e+39
3202.305660075254,1.8914297198858068e+39
3200.307229494031,1.8941873553616534e+39
3198.311291638015,1.8976536895015907e+39
3196.317841846193,1.901343114393007e+39
3194.3268754691667,1.9055893200449334e+39
3192.3383878691143,1.9103978489178668e+39
3190.3523744197546,1.915360802580742e+39
3188.368830506313,1.9204107473746042e+39
3186.387751525483,1.9255172699658375e+39
3184.409132885393,1.9308451844734707e+39
3182.4329700055687,1.9364897564637686e+39
3180.4592583169006,1.9416066803100352e+39
3178.4879932616054,1.9471617337601062e+39
3176.5191702931925,1.952005308879038e+39
3174.55278487643,1.956676056551553e+39
3172.5888324873094,1.9619007039471134e+39
3170.627308613009,1.9675116023427797e+39
3168.6682087518616,1.9735880011753914e+39
3166.7115284133192,1.9796560911150712e+39
3164.7572631179187,1.9862466867816162e+39
3162.8054083972484,1.9931422558811094e+39
3160.855959793912,2.000198726948614e+39
3158.9089128614974,2.00638924795797e+39
3156.964263164541,2.012597331070198e+39
3155.022006278494,2.019024365567699e+39
3153.082137789689,2.0258939092993494e+39
3151.144653295309,2.0324953170142458e+39
3149.2095484033507,2.039882201455871e+39
3147.2768187325914,2.0478542618119798e+39
3145.346459912559,2.0560246790475252e+39
3143.4184675834967,2.0650178730129013e+39
3141.4928373963307,2.0743642616339902e+39
3139.5695650126368,2.0847391575599266e+39
3137.6486461046093,2.0948413592564308e+39
3135.7300763550274,2.1031077210838544e+39
3133.8138514572233,2.1108886734892928e+39
3131.89996711505,2.119307233640617e+39
3129.9884190428493,2.1276964943031446e+39
3128.0792029654185,2.1367860211476205e+39
3126.1723146179816,2.1458678967284822e+39
3124.267749746153,2.1547932625284594e+39
3122.3655041059105,2.161553771152472e+39
3120.4655734635603,2.169205174827141e+39
3118.567953595709,2.1765934874644146e+39
3116.672640289227,2.184306080403987e+39
3114.779629341224,2.192618080628224e+39
3112.8889165590126,2.2016243506256894e+39
3111.0004977600797,2.2113675732566726e+39
3109.114368772055,2.220987224257064e+39
3107.2305254326816,2.2310192865052667e+39
3105.348963589783,2.2395452920900976e+39
3103.4696791012348,2.2479173823274145e+39
3101.592667834933,2.257105932042406e+39
3099.7179256687637,2.2659626561481828e+39
3097.8454484905747,2.2759274072930398e+39
3095.9752321981423,2.287063617680321e+39
3094.1072726991442,2.29947167044509e+39
3092.241565911129,2.311870473869034e+39
3090.3781077614844,2.323544194553326e+39
3088.5168941874113,2.334653431385355e+39
3086.65792113589,2.34495282261084e+39
3084.8011845636547,2.35499572603302e+39
3082.946680437162,2.3654475932921914e+39
3081.094404732561,2.3758068610734388e+39
3079.2443534356667,2.384154805099444e+39
3077.3965225419292,2.3914603893772044e+39
3075.550908056405,2.3994294690438702e+39
3073.7075059937297,2.4067568375122695e+39
3071.8663123780852,2.4142559229218185e+39
3070.027323243177,2.419585766096211e+39
3068.1905346322,2.4227784980768855e+39
3066.3559425978165,2.4266678482246073e+39
3064.5235432021204,2.430304903539957e+39
3062.693332516615,2.432546331910701e+39
3060.8653066221823,2.43499500272312e+39
3059.039461609055,2.436950418753567e+39
3057.2157935767896,2.4385386323199714e+39
3055.3942986342386,2.4406299302239093e+39
3053.574972899522,2.442005352790387e+39
3051.7578125,2.4437108542053758e+39
3049.9428135722455,2.4450206413377332e+39
3048.129972262017,2.4462672717931453e+39
3046.319284724232,2.4482659263304094e+39
3044.510747122937,2.4502040360168202e+39
3042.7043556312847,2.4520118752360135e+39
3040.9001064315034,2.4536889277586107e+39
3039.097995714872,2.4554615426225755e+39
3037.2980196816907,2.457056492318269e+39
3035.5001745412596,2.4586546689292582e+39
3033.7044565118467,2.4603412782962053e+39
3031.910861820662,2.463161391302437e+39
3030.119386703836,2.4661390604852578e+39
3028.3300274063868,2.4693044568447596e+39
3026.5427801821975,2.4719877670786248e+39
3024.757641293991,2.4744142562312727e+39
3022.974607013301,2.4770519387768635e+39
3021.1936736204475,2.479005044503221e+39
3019.414837404511,2.4809685218273926e+39
3017.6380946633067,2.4823758658450785e+39
3015.8634417033595,2.4832248765416702e+39
3014.090874839876,2.4848954097610176e+39
3012.3203903967224,2.4864211391527804e+39
3010.5519847063956,2.4874472591804096e+39
3008.785654110001,2.488584995857605e+39
3007.021394957225,2.4899660746406546e+39
3005.2592036063106,2.4904691891681304e+39
3003.499076424034,2.4909471139855473e+39
3001.7410097856755,2.4918850539320865e+39
2999.9850000749993,2.4928675507159605e+39
2998.2310436842263,2.4942409873307312e+39
2996.4791370140083,2.494551677352303e+39
2994.7292764734066,2.4971424881949256e+39
2992.9814584798646,2.4977654873437832e+39
2991.2356794591847,2.4986132678602282e+39
2989.491935845503,2.5024767428639322e+39
2987.7502240812664,2.5048696668190737e+39
2986.010540617208,2.5082217760420066e+39
2984.272881912322,2.5116454551273973e+39
2982.5372444338395,2.515020401939645e+39
2980.8036246572074,2.5183882857216398e+39
2979.0720190660604,2.521970692583302e+39
2977.3424241522016,2.5259467223096805e+39
2975.6148364155742,2.5299286590038034e+39
2973.8892523642417,2.5344157520951458e+39
2972.165668514363,2.5394231147326828e+39
2970.4440813901674,2.544374056951056e+39
2968.724487523935,2.5482607614619433e+39
2967.0068834559697,2.5518762207062275e+39
2965.2912657345764,2.5545233082517605e+39
2963.5776309160415,2.5560027132718646e+39
2961.865975564606,2.5577617657397572e+39
2960.1562962524417,2.559361091931352e+39
2958.448589559635,2.5604414959274472e+39
2956.7428520741546,2.5626852823948588e+39
2955.039080391838,2.5657510581888296e+39
2953.3372711163615,2.568658189972566e+39
2951.6374208592215,2.570482757155636e+39
2949.9395262397115,2.5728693355446015e+39
2948.2435838849005,2.5748238031813582e+39
2946.5495904296067,2.5773483681761067e+39
2944.857542516381,2.578479824693665e+39
2943.167436795479,2.5762039702921796e+39
2941.479269924845,2.5730968225646583e+39
2939.7930385700847,2.566153537263228e+39
2938.1087394044453,2.5598303763990294e+39
2936.4263691087945,2.5513750227082432e+39
2934.745924371597,2.5412141945066523e+39
2933.0674018888953,2.5297984411939335e+39
2931.390798364284,2.5187499212765952e+39
2929.7161105088912,2.50534738436593e+39
2928.043335041358,2.489991099457645e+39
2926.3724686878145,2.476308975248156e+39
2924.7035081818576,2.4600558783737925e+39
2923.0364502645343,2.4430664851690883e+39
2921.3712916843165,2.427088227034902e+39
2919.7080291970797,2.4103516613815537e+39
2918.046659566086,2.392064648498097e+39
2916.3871795619584,2.374427592673691e+39
2914.7295859626624,2.352613769253345e+39
2913.073875553484,2.3319798985096024e+39
2911.420045127011,2.3115487408264757e+39
2909.7680914831085,2.2902720831164327e+39
2908.1180114289036,2.2692144708721193e+39
2906.4698017787596,2.2480935547646148e+39
2904.8234593542575,2.225480000292227e+39
2903.178980984177,2.2019795403902632e+39
2901.5363635044755,2.1786114123049143e+39
2899.8956037582648,2.156633274562727e+39
2898.256698595794,2.1326884462393015e+39
2896.6196448744313,2.1081635332391183e+39
2894.9844394586376,2.0840810124040562e+39
2893.351079219952,2.0583901519709423e+39
2891.7195610369704,2.0326915284726234e+39
2890.0898817953234,2.0064279718720638e+39
2888.4620383876604,1.980743215296546e+39
2886.8360277136258,1.9535317184640072e+39
2885.211846679842,1.9261720105074157e+39
2883.58949219989,1.8975675403772156e+39
2881.9689611942877,1.870304101778526e+39
2880.3502505904717,1.8424411069296273e+39
2878.733357322778,1.8141908608354828e+39
2877.118278332422,1.7869693548297207e+39
2875.5050105674804,1.7597314520934514e+39
2873.893550982871,1.732149510205226e+39
2872.283896540334,1.703930877883887e+39
2870.676044208411,1.6751952665353503e+39
2869.0699909624295,1.6449613404618272e+39
2867.4657337844815,1.6157002717128962e+39
2865.8632696634045,1.5915733929334037e+39
2864.262595594764,1.5698044309289263e+39
2862.6637085808343,1.547873105771644e+39
2861.066605630579,1.526862897679715e+39
2859.471283759633,1.503454741792797e+39
2857.8777399902833,1.4901437155757654e+39
2856.285971351452,1.4777017279370655e+39
2854.6959748786758,1.4656152172836907e+39
2853.107747614089,1.4539203015027864e+39
2851.5212866064044,1.44897100851978e+39
2849.9365889108967,1.4453360972688648e+39
2848.353651589381,1.4414417910560847e+39
2846.7724717101987,1.4391473817280493e+39
2845.193046348195,1.4410184572660894e+39
2843.6153725847043,1.4445373108502734e+39
2842.039447507532,1.4491516935691815e+39
2840.465268210933,1.4542845210226118e+39
2838.8928317956,1.4639736868883138e+39
2837.3221353686395,1.4744746076973646e+39
2835.7531760435572,1.486847197127891e+39
2834.185950940241,1.4998665961081164e+39
2832.6204571849416,1.5166695808350217e+39
2831.0566919102557,1.5343844573396622e+39
2829.4946522551077,1.5529080067659796e+39
2827.934335364733,1.5712500838529e+39
2826.3757383906614,1.5926238034487557e+39
2824.8188584906993,1.6158651054599638e+39
2823.2636928289103,1.6388784844659507e+39
2821.7102385756007,1.6630875172843925e+39
2820.1584929073015,1.688294466744078e+39
2818.6084530067506,1.7144440976292817e+39
2817.060116062877,1.7410855237762146e+39
2815.5134792707818,1.767699378464132e+39
2813.9685398317247,1.795801477050035e+39
2812.4252949531033,1.8215093573986048e+39
2810.8837418484372,1.8478610982322467e+39
2809.343877737355,1.8742118690714948e+39
2807.8056998455704,1.9015164769532126e+39
2806.269205404875,1.9251768374626235e+39
2804.734391653111,1.9485586081994067e+39
2803.2012558341626,1.973086536044187e+39
2801.6697951979377,1.997514313916083e+39
2800.14000700035,2.0184058382379188e+39
2798.611888503302,2.0384114154007892e+39
2797.0854369746726,2.0564965172602338e+39
2795.560649688295,2.0746239173737e+39
2794.0375239239465,2.0879742769784006e+39
2792.516056967328,2.0991663021616897e+39
2790.996246110049,2.1109610744278595e+39
2789.4780886496137,2.1218526407904832e+39
2787.9615818894013,2.1307903432025145e+39
2786.446723138654,2.135392139787603e+39
2784.933509712456,2.1384928451494016e+39
2783.4219389317227,2.1426414671889792e+39
2781.912008123183,2.1458505089331322e+39
2780.4037146193627,2.1434215923695964e+39
2778.8970557585694,2.1413723322421698e+39
2777.392028884877,2.1380426103342332e+39
2775.8886313481107,2.1356088569629567e+39
2774.3868605038288,2.1292118984637144e+39
2772.8867137133116,2.120466914072059e+39
2771.3881883435415,2.112779613411839e+39
2769.891281767191,2.1045314871474694e+39
2768.3959913626045,2.0945712915051524e+39
2766.902314513786,2.083444892166624e+39
2765.410248610381,2.0708740838813586e+39
2763.919791047664,2.0596625398752345e+39
2762.4309392265195,2.046822085933992e+39
2760.943690553431,2.0314857640282125e+39
2759.458042440465,2.015187537568077e+39
2757.9739923052525,1.9999157866264263e+39
2756.4915375709797,1.9837408485249956e+39
2755.010675666368,1.966304644176967e+39
2753.531404025663,1.946598919675261e+39
2752.0537200886165,1.9270814948399695e+39
2750.5776213004733,1.9067383322011148e+39
2749.1031051119576,1.8856890876265288e+39
2747.6301689792554,1.8628976220800444e+39
2746.1588103640033,1.8403029614319306e+39
2744.689026733271,1.8179829541801517e+39
2743.2208155595486,1.7963307560071513e+39
2741.7541743207303,1.7738494729693198e+39
2740.289100500103,1.7511116787905345e+39
2738.825591586328,1.7284948738915278e+39
2737.36364507343,1.7044662087051637e+39
2735.9032584607808,1.6791669478357678e+39
2734.4444292530866,1.6504837649374086e+39
2732.987154960372,1.6223585463426723e+39
2731.5314330979663,1.593409833001232e+39
2730.077261186492,1.564803140304168e+39
2728.624636751845,1.536525848767891e+39
2727.173557325188,1.5081702622721957e+39
2725.7240204429304,1.478956598300528e+39
2724.276023646716,1.45097887362294e+39
2722.8295644834116,1.421837500651732e+39
2721.3846405050895,1.3930244907512864e+39
2719.941249269016,1.3643462851264223e+39
2718.499388337638,1.3357385153055457e+39
2717.0590552785666,1.3094446377258015e+39
2715.6202476645667,1.2835097109879908e+39
2714.182963073541,1.2573312260732758e+39
2712.7471990885174,1.2313348523105062e+39
2711.3129532976345,1.2111459361634967e+39
2709.8802232941307,1.1921629917637159e+39
2708.449006676327,1.1733471732757903e+39
2707.0193010476164,1.1536075240048116e+39
2705.5911040164506,1.1362911831524016e+39
2704.1644131963226,1.1221392246109598e+39
2702.7392262057597,1.1079257470585882e+39
2701.3155406683054,1.093428261753584e+39
2699.893354212509,1.0799234285062799e+39
2698.4726644719094,1.0694196614877486e+39
2697.0534690850245,1.058174184225189e+39
2695.635765695339,1.0469117278159875e+39
2694.2195519512884,1.0355335667806534e+39
2692.804825506247,1.0260885437594644e+39
2691.391584018517,1.0167625042883828e+39
2689.9798251513116,1.0081198687124479e+39
2688.569546572746,9.99340403340551e+38
2687.160745955823,9.907913322080015e+38
2685.7534209784203,9.817273012189027e+38
2684.347569323276,9.727614416859809e+38
2682.94318867798,9.641408838271652e+38
2681.5402767349565,9.548380735274325e+38
2680.138831191456,9.448113917235635e+38
2678.738849749538,9.347736497759362e+38
2677.3403301160624,9.252839241851263e+38
2675.943270002676,9.159093363950988e+38
2674.5476671257975,9.062566021929342e+38
2673.153519206608,8.954921698119593e+38
2671.7608239710385,8.85853263401731e+38
2670.3695791497544,8.762166197664566e+38
2668.979782478148,8.66074718797013e+38
2667.5914316963217,8.553641472582915e+38
2666.204524549078,8.450105529889637e+38
2664.8190587859085,8.352977971111105e+38
2663.4350321609777,8.25344092351875e+38
2662.052442433116,8.151305261389742e+38
2660.6712873658025,8.047887548871439e+38
2659.2915647271566,7.95738045631236e+38
2657.9132722899253,7.867748280545274e+38
2656.536407831469,7.773887349316562e+38
2655.1609691337535,7.676439947961806e+38
2653.7869539833346,7.584344118292645e+38
2652.4143601713463,7.496694478738268e+38
2651.0431854934914,7.408917174167473e+38
2649.67342775003,7.31993181916721e+38
2648.3050847457625,7.232085884076998e+38
2646.938154290025,7.150465308533472e+38
2645.572634196672,7.06776772272486e+38
2644.2085222840674,6.988019446739561e+38
2642.8458163750724,6.909533176481983e+38
2641.4845142970353,6.84408951268189e+38
2640.1246138817755,6.777916116578723e+38
2638.766112965577,6.714540065074607e+38
2637.409009389176,6.65607478261436e+38
2636.053300997746,6.593567576528522e+38
2634.698985640891,6.540971536112909e+38
2633.346061172629,6.499921697909721e+38
2631.9945254513873,6.459179263496495e+38
2630.644376339985,6.421800665140981e+38
2629.295611705624,6.390381355776396e+38
2627.9482294198806,6.355754602216035e+38
2626.6022273586887,6.327675453228123e+38
2625.2576034023336,6.2897324095859666e+38
2623.9143554354387,6.2513335970544485e+38
2622.5724813469533,6.21297522958827e+38
2621.2319790301444,6.179244580893033e+38
2619.8928463825832,6.137999769796131e+38
2618.5550813061354,6.100481424689637e+38
2617.21868170695,6.065123619680382e+38
2615.8836454954485,6.0315335219293476e+38
2614.5499705863126,5.996988207651582e+38
2613.217654898476,5.96155457473329e+38
2611.8866963551122,5.924837382879864e+38
2610.5570928836214,5.8966347689918674e+38
2609.2288424156245,5.867161483854735e+38
2607.9019428869474,5.841136002160941e+38
2606.5763922376154,5.815457737685884e+38
2605.2521884118387,5.7937126986394066e+38
2603.9293293580013,5.774143934452397e+38
2602.6078130286546,5.763626731487116e+38
2601.2876373805034,5.746336120730509e+38
2599.9688003743954,5.7347567979362115e+38
2598.651299975313,5.7147279440764305e+38
2597.33513415236,5.700162528177728e+38
2596.020300878753,5.684342510488071e+38
2594.7067981318114,5.672476096624507e+38
2593.3946238929448,5.664036847386585e+38
2592.083776147645,5.660642371691393e+38
2590.7742528854747,5.656266022609861e+38
2589.4660521000574,5.656177162348345e+38
2588.1591717890647,5.6558282227697146e+38
2586.8536099542125,5.6584197930737175e+38
2585.5493646012433,5.666557000768941e+38
2584.2464337399215,5.675671333828405e+38
2582.9448153840194,5.6918770530333655e+38
2581.64450755131,5.705190483570181e+38
2580.3455082635564,5.723198165015273e+38
2579.0478155465003,5.7484574807329134e+38
2577.7514274298533,5.777709964895e+38
2576.4563419472856,5.8023841682216915e+38
2575.1625571364193,5.8333596194924266e+38
2573.870071038814,5.872303532646822e+38
2572.57888169996,5.916412134429541e+38
2571.288987169268,5.9592589439736816e+38
2570.0003855000577,6.0063952426070965e+38
2568.7130747495507,6.04001934451439e+38
2567.4270529788573,6.0767239794273555e+38
2566.14231825297,6.1155282694673426e+38
2564.858868640753,6.15679462600835e+38
2563.5767022149307,6.200026157110265e+38
2562.2958170520783,6.183809725842636e+38
2561.016211232617,6.143283875294596e+38
2559.7378828407973,6.103798559311152e+38
2558.4608299646934,6.065818394546337e+38
2557.1850506961937,6.025536013830415e+38
2555.9105431309904,5.9888100550805476e+38
2554.63730536857,5.951031371262669e+38
2553.365335512205,5.920370047106803e+38
2552.0946316689424,5.887512427447833e+38
2550.8251919495956,5.859721064497686e+38
2549.557014468736,5.833684950276691e+38
2548.2900973446817,5.808943030965202e+38
2547.0244386994896,5.785576684429997e+38
2545.760036658945,5.762150175386455e+38
2544.496889352553,5.746138780412245e+38
2543.23499491353,5.731534128724495e+38
2541.974351478794,5.719914226495665e+38
2540.714957188953,5.710492798965895e+38
2539.456810188301,5.705029351737414e+38
2538.1999086248034,5.7060996041556244e+38
2536.944250650092,5.705987790377668e+38
2535.689834419454,5.7051948335559204e+38
2534.4366580918227,5.701049107713838e+38
2533.1847198297696,5.703305927312464e+38
2531.9340177994964,5.7068761093672644e+38
2530.684550170821,5.716740891896929e+38
2529.436315117176,5.7308163269900494e+38
2528.1893108155937,5.74649783731101e+38
2526.943535446701,5.763121591865219e+38
2525.698987194706,5.770373622258582e+38
2524.4556642473967,5.769566824053252e+38
2523.213564796124,5.779128865908773e+38
2521.9726870357995,5.785788728402181e+38
2520.7330291648814,5.797374297471343e+38
2519.494589385369,5.77955767998342e+38
2518.2573659027953,5.757969345393554e+38
2517.0213569262137,5.709684491795164e+38
2515.786560668193,5.667256843654221e+38
2514.552975344808,5.6206981581639085e+38
2513.320599175631,5.5641810064290706e+38
2512.0894303837213,5.513857685636733e+38
2510.859467195621,5.43356323688757e+38
2509.630707841341,5.3522467407666126e+38
2508.4031505543576,5.268769264589051e+38
2507.176793571599,5.184286391861224e+38
2505.951635133442,5.1045566581402405e+38
2504.7276734837005,5.028702876427724e+38
2503.5049068696176,4.961018690807269e+38
2502.283333541857,4.89134714799131e+38
2501.0629517544953,4.822724291578273e+38
2499.8437597650145,4.753619577200581e+38
2498.6257558342913,4.6852949922165476e+38
2497.40893822659,4.621251971268065e+38
2496.1933052095555,4.557536146213709e+38
2494.9788550542034,4.4978799297218815e+38
2493.7655860349128,4.4362579492422845e+38
2492.553496429417,4.3807632640347744e+38
2491.3425845187976,4.3256111098273426e+38
2490.1328485874724,4.269338431285643e+38
2488.9242869231916,4.216561248462091e+38
2487.7168978170284,4.158264848338838e+38
2486.5106795633687,4.1076694413749314e+38
2485.305630459906,4.0548494250705625e+38
2484.101748807631,4.003731009174855e+38
2482.899032910827,3.9540143080051075e+38
2481.6974810770566,3.908773324510338e+38
2480.49709161716,3.8636665550013125e+38
2479.2978628452424,3.823794638601505e+38
2478.0997930786675,3.7870679633233704e+38
2476.90288063805,3.749021889643387e+38
2475.707123847249,3.719391402033704e+38
2474.5125210333563,3.6922791045323205e+38
2473.3190705266934,3.669882954823429e+38
2472.126770660799,3.6443089178299e+38
2470.935619772427,3.624002778114338e+38
2469.7456162015314,3.584248035156452e+38
2468.5567582912654,3.541964364879161e+38
2467.369044387969,3.501045450870148e+38
2466.1824728411657,3.463028314996673e+38
2464.9970420035497,3.420470012317793e+38
2463.8127502309826,3.385700480008552e+38
2462.629595882483,3.348572679759355e+38
2461.447577320222,3.3151504310585835e+38
2460.266692909511,3.2830838649721606e+38
2459.0869410188,3.2576374190268196e+38
2457.9083200196633,3.2331727328530176e+38
2456.730828286799,3.207940704887656e+38
2455.554464198016,3.1883421935135957e+38
2454.37922613423,3.1643725969879164e+38
2453.2051124794543,3.1365423304415873e+38
2452.0321216207935,3.1174822179309007e+38
2450.860251948434,3.095139518501933e+38
2449.6895018556397,3.076294728037757e+38
2448.519869738743,3.0591433564055185e+38
2447.351353997137,3.0455071544532816e+38
2446.183953033268,3.0394728601809832e+38
2445.0176652526316,3.033980730289348e+38
2443.8524890637605,3.0303514828703765e+38
2442.68842287822,3.0249525602855273e+38
2441.5254651106015,3.002588716880461e+38
2440.3636141785123,2.9653810032063462e+38
2439.2028685025734,2.9296882536053207e+38
2438.043226506406,2.896374545222798e+38
2436.8846866166296,2.8645751960620418e+38
2435.7272472628515,2.8326965323915677e+38
2434.5709068776628,2.8052338013995163e+38
2433.4156638966288,2.7794366170814967e+38
2432.2615167582817,2.7495502679843083e+38
2431.108463904117,2.722269335297067e+38
2429.9565037785824,2.6938135914062853e+38
2428.805634829073,2.6714202650317162e+38
2427.6558555059237,2.6494677795450468e+38
2426.5071642624025,2.628754640314328e+38
2425.359559554704,2.6080561254201817e+38
2424.2130398419413,2.592086517994114e+38
2423.06760358614,2.5776639436250553e+38
2421.9232492522315,2.563936483156407e+38
2420.7799753080444,2.551775777228195e+38
2419.6377802243005,2.541213614183036e+38
2418.4966624746057,2.5341854528511925e+38
2417.356620535444,2.5295615346202642e+38
2416.217652886172,2.5263939973672625e+38
2415.0797580090084,2.5255460980348014e+38
2413.942934389031,2.5243925372470062e+38
2412.8071805141694,2.524967933798172e+38
2411.672494875196,2.519770333201356e+38
2410.538875965722,2.514314775733485e+38
2409.4063222821896,2.5117697132943523e+38
2408.274832323865,2.5039418500275585e+38
2407.1444045928315,2.4998963698865578e+38
2406.015037593985,2.4944979454239136e+38
2404.8867298350247,2.491731364211566e+38
2403.7594798264486,2.4897482471803208e+38
2402.6332860815455,2.4872315429904023e+38
2401.508147116389,2.4896292803905244e+38
2400.384061449832,2.4907659203456007e+38
2399.2610276034984,2.4942508296197023e+38
2398.1390441017775,2.4975356519778573e+38
2397.018109471817,2.5022533671462773e+38
2395.8982222435193,2.5032660813974486e+38
2394.7793809495297,2.5049359301117687e+38
2393.6615841252365,2.5035028306641708e+38
2392.544830308758,2.5062204134275153e+38
2391.4291180409414,2.5062472399738778e+38
2390.3144458653537,2.5059583882767545e+38
2389.2008123282762,2.5037117190811977e+38
2388.088215978698,2.5077402998295578e+38
2386.9766553683107,2.5142450863202074e+38
2385.8661290514992,2.5230009771321646e+38
2384.7566355853382,2.5291260510408644e+38
2383.648173529587,2.537323402000503e+38
2382.5407414466786,2.5387315964969955e+38
2381.434337901718,2.5353958775342604e+38
2380.328961462474,2.532250647119817e+38
2379.224610699373,2.5299316912265482e+38
2378.1212841854936,2.5276123067878964e+38
2377.0189804965594,2.527256977899138e+38
2375.917698210934,2.5325988117134145e+38
2374.8174359096147,2.538994647856875e+38
2373.718192176225,2.5451755893060786e+38
2372.6199655970104,2.5494514453770564e+38
2371.522754760832,2.558481001484079e+38
2370.426558259159,2.5675418785003157e+38
2369.3313746860636,2.5754480457208e+38
2368.2372026382163,2.5847383854085946e+38
2367.1440407148775,2.5936252617868006e+38
2366.051887517893,2.6038087248161112e+38
2364.9607416516887,2.6024631598942776e+38
2363.8706017232616,2.5983622430530795e+38
2362.781466342178,2.5969410711351914e+38
2361.6933341205645,2.594930886139702e+38
2360.606203673103,2.596458429727408e+38
2359.5200736170264,2.597827537993762e+38
2358.4349425721093,2.599534061565987e+38
2357.3508091606654,2.6004520995516e+38
2356.26767200754,2.605078682504227e+38
2355.1855297401053,2.610194150070908e+38
2354.104380988253,2.6179006348654083e+38
2353.02422438439,2.625939994832018e+38
2351.9450585634318,2.6326469064819863e+38
2350.8668821627975,2.64215889956181e+38
2349.789693822403,2.6471381032038344e+38
2348.713492184656,2.654137320213228e+38
2347.63827589445,2.6600114647436934e+38
2346.56404359916,2.6662151576791897e+38
2345.490793948634,2.662273686595197e+38
2344.4185255951893,2.660881622266234e+38
2343.3472371936073,2.6586473030215605e+38
2342.2769274011266,2.655220049022886e+38
2341.2075948774377,2.654094735225273e+38
2340.139238284678,2.6547357179616145e+38
2339.0718562874254,2.6590672806360287e+38
2338.0054475526927,2.6628579848408335e+38
2336.940010749924,2.66867866449153e+38
2335.8755445509864,2.6736326981509023e+38
2334.8120476301656,2.6820262085513345e+38
2333.7495186641618,2.6924716184577587e+38
2332.6879563320813,2.7011881015105677e+38
2331.627359315434,2.710021410993664e+38
2330.567726298126,2.7195855682104094e+38
2329.509055966455,2.720252350274602e+38
2328.451347009104,2.7233843816799177e+38
2327.394598117138,2.7261432083394686e+38
2326.3388079839947,2.729649560030725e+38
2325.283975305484,2.7316275705758283e+38
2324.2300987797794,2.7365542515533658e+38
2323.1771771074123,2.7468602847210308e+38
2322.1252089912687,2.7585188356184786e+38
2321.0741931365837,2.7702762082542115e+38
2320.0241282509337,2.7837614613308856e+38
2318.9750130442344,2.795619794425894e+38
2317.9268462287328,2.805022495195245e+38
2316.879626519004,2.8119129280329076e+38
2315.8333526319448,2.8205029722407824e+38
2314.7880232867674,2.8248360551386256e+38
2313.743637204998,2.820467334653372e+38
2312.7001931104664,2.8179588325589778e+38
2311.657689729305,2.8184072430612552e+38
2310.616125789942,2.8194745939983333e+38
2309.5755000230956,2.818333498883408e+38
2308.5358111617707,2.815142703439083e+38
2307.497057941251,2.816453909836095e+38
2306.459239099097,2.821515118873462e+38
2305.4223533751383,2.8252166861587556e+38
2304.3863995114702,2.8303516418448715e+38
2303.351376252447,2.834360258058174e+38
2302.31728234468,2.8406433126107644e+38
2301.284116537028,2.8345876469391033e+38
2300.251877580595,2.8265378548304795e+38
2299.2205642287263,2.8185267161394594e+38
2298.190175237001,2.809989353230373e+38
2297.160709363227,2.7862844025122534e+38
2296.1321653674386,2.7649293186284196e+38
2295.1045420118885,2.7465342296606624e+38
2294.0778380610454,2.7273767229820986e+38
2293.052052281587,2.711414753256012e+38
2292.0271834423957,2.693549660411789e+38
2291.0032303145545,2.6775264351218275e+38
2289.9801916713423,2.6629655641769153e+38
2288.9580662882254,2.6454532431952667e+38
2287.936852942859,2.6327427221141927e+38
2286.9165504150756,2.619616212511146e+38
2285.8971574868847,2.6081526869537736e+38
2284.878672942467,2.5950626682039965e+38
2283.8610955681675,2.58645125501842e+38
2282.844424152494,2.5784917759967172e+38
2281.8286574861095,2.572876270329666e+38
2280.8137943618285,2.567116714078117e+38
2279.7998335746124,2.561243698045924e+38
2278.786773921564,2.5485287011330543e+38
2277.774614201925,2.524478500450727e+38
2276.7633532170667,2.500808698204572e+38
2275.7529897704903,2.478357578398669e+38
2274.7435226678194,2.4576077630349695e+38
2273.734950716795,2.4371293660685626e+38
2272.7272727272725,2.416004190603792e+38
2271.7204875112166,2.4005721477650495e+38
2270.7145938826948,2.38395352947439e+38
2269.709590657875,2.368603021538799e+38
2268.7054766550204,2.3537974247295733e+38
2267.7022506944836,2.3391247350015896e+38
2266.6999115987037,2.321894563048395e+38
2265.6984581921993,2.3067223078344814e+38
2264.697889301567,2.2910084614619085e+38
2263.6982037554753,2.2785907144939987e+38
2262.699400384659,2.2658678536845003e+38
2261.701478021916,2.2538593609414386e+38
2260.7044355021026,2.244688813583913e+38
2259.7082716621285,2.233508748425417e+38
2258.712985340953,2.2203950693469153e+38
2257.718575379579,2.205586972307169e+38
2256.7250406210505,2.1924188764397735e+38
2255.7323799104474,2.1815349573638443e+38
2254.7405920948795,2.17162644703268e+38
2253.749676023484,2.162172401702232e+38
2252.759630547421,2.1529717355901816e+38
2251.7704545198662,2.144123878901295e+38
2250.7821467960116,2.1393871602285462e+38
2249.7947062330563,2.1365436079955762e+38
2248.8081316902044,2.1329255150807867e+38
2247.8224220286597,2.130948800007677e+38
2246.8375761116226,2.12863925559345e+38
2245.853592804285,2.1250868445029573e+38
2244.870470973825,2.121200226062952e+38
2243.8882094894034,2.1173081627745733e+38
2242.90680722216,2.1114665713177783e+38
2241.9262630452085,2.1064074462584712e+38
2240.9465758336323,2.1004511813853752e+38
2239.9677444644794,2.095865901760508e+38
2238.9897678167613,2.0908838949523233e+38
2238.012644771443,2.0870573307060087e+38
2237.0363742114446,2.081384367889542e+38
2236.060955021634,2.0773501720561532e+38
2235.0863860888226,2.0748532055898683e+38
2234.1126663017617,2.0672299849109098e+38
2233.139794551139,2.057511577708934e+38
2232.1677697295727,2.049938876899592e+38
2231.1965907316094,2.0430454245332574e+38
2230.2262564537173,2.0379487838305565e+38
2229.256765794284,2.0309996667634428e+38
2228.2881176536125,2.0250799038225623e+38
2227.3203109339156,2.0192138084224504e+38
2226.353344539312,2.014773122330369e+38
2225.3872173758236,2.0103510772369107e+38
2224.42192835137,2.0057467241646646e+38
2223.457476375764,2.0015581504825796e+38
2222.4938603607106,1.9981671047301572e+38
2221.5310792197984,1.994603881418885e+38
2220.5691318684976,1.992109222518632e+38
2219.608017224158,1.989600785428995e+38
2218.6477342060016,1.987441296601095e+38
2217.6882817351193,1.984811759633887e+38
2216.729658734469,1.982591293242469e+38
2215.7718641288693,1.980906128594071e+38
2214.814896844996,1.978858339957728e+38
2213.858755811379,1.9769052993364674e+38
2212.9034399583975,1.975628438147131e+38
2211.9489482182753,1.974534048016434e+38
2210.9952795250783,1.9731062823031815e+38
2210.04243281471,1.9718547399372373e+38
2209.0904070249076,1.9711529861096357e+38
2208.1392010952372,1.969912837765464e+38
2207.188813967091,1.969427320426264e+38
2206.2392445836826,1.9676181795957533e+38
2205.2904918900444,1.967003440962163e+38
2204.342554833021,1.9652704195447347e+38
2203.395432361269,1.961525792199788e+38
2202.4491234252487,1.9606715903456527e+38
2201.5036269772254,1.960347499080412e+38
2200.558941971261,1.959222481216699e+38
2199.6150673632114,1.958921182674789e+38
2198.672002110725,1.958845901277137e+38
2197.729745173236,1.9589223816761694e+38
2196.7882955119617,1.9570528480109647e+38
2195.847652089898,1.9565689408154462e+38
2194.9078138718173,1.956037307616744e+38
2193.968779824263,1.9559868320639725e+38
2193.0305489155467,1.9565957449711063e+38
2192.0931201157423,1.9569374963837565e+38
2191.1564923966866,1.9576741917630935e+38
2190.2206647319717,1.9581454751304654e+38
2189.2856360969417,1.958090443848749e+38
2188.3514054686902,1.9578107271892607e+38
2187.4179718260566,1.9566988771879013e+38
2186.4853341496214,1.9551364812053406e+38
2185.553491421703,1.9557033890458958e+38
2184.622442626353,1.9520629745791787e+38
2183.6921867493556,1.9509872534354762e+38
2182.7627227782204,1.9497503738036257e+38
2181.8340497021795,1.949000730907481e+38
2180.906166512186,1.9462287508250844e+38
2179.979072200907,1.9421309428860778e+38
2179.052765762723,1.937790138640078e+38
2178.1272461937224,1.9328035157145877e+38
2177.2025124916995,1.9257806706822032e+38
2176.278563656148,1.9190437849872404e+38
2175.3553986882607,1.912776981563996e+38
2174.433016590924,1.9057971091041756e+38
2173.5114163687144,1.9002940728644317e+38
2172.590597027896,1.8939229772692603e+38
2171.670557576416,1.892014807634113e+38
2170.7512970239,1.8892951252158292e+38
2169.832814381652,1.8876469163458474e+38
2168.915108662647,1.886400815060018e+38
2167.99817888153,1.883564526422567e+38
2167.0820240546104,1.8807877403120496e+38
2166.166643199861,1.8767536148218032e+38
2165.252035336913,1.873910169418353e+38
2164.338199487052,1.868755626358278e+38
2163.4251346732144,1.8641374171357162e+38
2162.512839919987,1.8611433486491808e+38
2161.601314253599,1.8589154680869985e+38
2160.690556701922,1.857411537225207e+38
2159.7805662944643,1.85506784309665e+38
2158.87134206237,1.8539990469551622e+38
2157.9628830384117,1.8516515326162137e+38
2157.0551882569916,1.8481286479177022e+38
2156.1482567541343,1.846395784107803e+38
2155.242087567486,1.844206923649168e+38
2154.336679736309,1.8431818497525707e+38
2153.4320323014804,1.8400892532238508e+38
2152.528144305487,1.8388580891995738e+38
2151.625014792422,1.8361821827178187e+38
2150.7226428079834,1.835266306648878e+38
2149.821027399469,1.832261388878144e+38
2148.920167615773,1.83017063964762e+38
2148.020062507384,1.8270454138037664e+38
2147.1207111263793,1.8231612962850202e+38
2146.2221125264255,1.8207368969993387e+38
2145.32426576277,1.8191716373996848e+38
2144.4271698922425,1.8167306174880378e+38
2143.5308239732485,1.814933431871626e+38
2142.635227065768,1.813844182884604e+38
2141.740378231351,1.8111812087909603e+38
2140.8462765331137,1.808857320972209e+38
2139.9529210357373,1.8071335371539728e+38
2139.0603108054634,1.8061834110374075e+38
2138.16844491009,1.8028107415267283e+38
2137.2773224189705,1.8016201336820174e+38
2136.386942403008,1.800990348117222e+38
2135.4973039346537,1.7985768838846445e+38
2134.608406087903,1.7983766499008375e+38
2133.7202479382927,1.7952587501074634e+38
2132.8328285628972,1.793789553784782e+38
2131.9461470403257,1.7912056366686876e+38
2131.0602024507193,1.789401528393238e+38
2130.174993875747,1.7846649932392273e+38
2129.2905203986033,1.778669085875305e+38
2128.4067811040045,1.7756391993962973e+38
2127.5237750781866,1.7751300178992015e+38
2126.6415014089,1.7747114815259334e+38
2125.7599591854087,1.7736515257138826e+38
2124.879147498486,1.7726645498941582e+38
2123.9990654404114,1.771523716748354e+38
2123.119712104967,1.7694430907607054e+38
2122.2410865874363,1.7687666189750112e+38
2121.363187984599,1.7675518821746535e+38
2120.4860153947284,1.7663351454455968e+38
2119.6095679175896,1.766041673254774e+38
2118.7338446544345,1.767096116605141e+38
2117.858844708,1.7676258307294066e+38
2116.984567182505,1.7676978053089055e+38
2116.1110111836465,1.769207578680542e+38
2115.238175818597,1.766756501469851e+38
2114.3660601960014,1.766060496585621e+38
2113.494663425975,1.7653254146271227e+38
2112.6239846200974,1.7625745877065373e+38
2111.7540228914136,1.7633290071099626e+38
2110.884777354428,1.7616212792258127e+38
2110.016247125103,1.7622507080627657e+38
2109.1484313208543,1.7595659110803147e+38
2108.2813290605495,1.7587129767644543e+38
2107.4149394645056,1.756102157628334e+38
2106.5492616544834,1.752983016862279e+38
2105.6842947536875,1.7515849469887838e+38
2104.820037886761,1.750376619165647e+38
2103.956490179783,1.7489190693041832e+38
2103.0936507602682,1.7477385219973036e+38
2102.2315187571608,1.746604407910113e+38
2101.370093300832,1.7450392227173376e+38
2100.5093735230794,1.7446519083984917e+38
2099.649358557121,1.7441658034035595e+38
2098.7900475375945,1.744699748569725e+38
2097.931439600554,1.7452089839437345e+38
2097.0735338834656,1.7450148516584093e+38
2096.216329525207,1.745438031652585e+38
2095.3598256660625,1.7445576985779653e+38
2094.5040214477212,1.7423891808799955e+38
2093.6489160132737,1.743567755611904e+38
2092.7945085072097,1.7445375936551066e+38
2091.9407980754145,1.7454477378905733e+38
2091.087783865167,1.746500751440731e+38
2090.235465025135,1.746414256082245e+38
2089.383840705376,1.748294485730571e+38
2088.5329100573304,1.747729020003288e+38
2087.6826722338205,1.7464403702399993e+38
2086.833126389048,1.7467236366486572e+38
2085.9842716785915,1.7468444200915403e+38
2085.1361072594013,1.7489731628351905e+38
2084.2886322897994,1.7533175036280272e+38
2083.441845929475,1.7556272540836544e+38
2082.595747339484,1.757604219213002e+38
2081.7503356822417,1.760800157541341e+38
2080.9056101215247,1.761960378052187e+38
2080.061569822467,1.7651364628176355e+38
2079.2182139515544,1.7699380332466677e+38
2078.3755416766253,1.7726480548493074e+38
2077.5335521668676,1.7766585009839328e+38
2076.6922445928126,1.781225496468467e+38
2075.8516181263362,1.7839972520329845e+38
2075.0116719406547,1.7815018130698703e+38
2074.1724052103214,1.781513192898692e+38
2073.333817111224,1.7815611524116557e+38
2072.495906820584,1.7833122314639145e+38
2071.6586735169512,1.7821905997489305e+38
2070.822116380203,1.785301609068199e+38
2069.98623459154,1.7896668987900126e+38
2069.151027333485,1.7931527318486552e+38
2068.3164937898796,1.797448295875048e+38
2067.4826331458817,1.8011015871066813e+38
2066.6494445879616,1.8078843337409223e+38
2065.8169273039025,1.804167068559535e+38
2064.9850804827934,1.7997152316029e+38
2064.153903315031,1.7961068834275478e+38
2063.3233949923138,1.791722498178824e+38
2062.4935547076416,1.793365309291502e+38
2061.66438165531,1.7941373174341234e+38
2060.8358750309126,1.794188896987368e+38
2060.0080340313325,1.7974891440992246e+38
2059.1808578547457,1.8000741328790516e+38
2058.354345700612,1.800553357104239e+38
2057.5284967696803,1.7931722080963036e+38
2056.703310263978,1.7859344497580907e+38
2055.8787853868134,1.7791170635629966e+38
2055.054921342773,1.7762812214945807e+38
2054.2317173377155,1.7744547890616178e+38
2053.409172578774,1.7722640615815615e+38
2052.5872862743486,1.771152911468843e+38
2051.7660576341086,1.7719485655655356e+38
2050.9454858689855,1.7685507617596216e+38
2050.125570191174,1.771023751970138e+38
2049.306309814128,1.7725327621307566e+38
2048.4877039525572,1.775259633938831e+38
2047.669751822426,1.7786086869182717e+38
2046.8524526409515,1.7818828666877003e+38
2046.0358056265984,1.784778746276924e+38
2045.2198099990796,1.7920850996536725e+38
2044.4044649793514,1.8011838741895103e+38
2043.5897697896123,1.8093962465348473e+38
2042.7757236533002,1.8170038227421335e+38
2041.962325795089,1.824566622077592e+38
2041.1495754408882,1.8346536948391098e+38
2040.3374718178386,1.843510686944384e+38
2039.5260141543104,1.8511792957896412e+38
2038.7152016799012,1.8605257064410333e+38
2037.905033625433,1.867780786054286e+38
2037.0955092229499,1.8756595265122166e+38
2036.2866277057158,1.886234500081099e+38
2035.478388308212,1.8942556165456604e+38
2034.6707902661349,1.9052423646388953e+38
2033.863832816393,1.9158873393279957e+38
2033.0575151971047,1.928353857934317e+38
2032.2518366475972,1.9371306677204e+38
2031.446796408402,1.9468474492794474e+38
2030.6423937212537,1.957533622982417e+38
2029.8386278290875,1.9662982818358452e+38
2029.035497976037,1.978256876293805e+38
2028.2330034074314,1.988425633729814e+38
2027.4311433697933,1.997990087428008e+38
2026.6299171108362,2.0086435256495193e+38
2025.8293238794631,2.0210951662587188e+38
2025.0293629257624,2.033195029559563e+38
2024.230033501007,2.045124908617259e+38
2023.4313348576516,2.0576361470098205e+38
2022.6332662493298,2.0664260501510164e+38
2021.835826930853,2.0758272356033973e+38
2021.0390161582068,2.08632396489992e+38
2020.2428331885494,2.0973236454975406e+38
2019.4472772802083,2.106228509566806e+38
2018.6523476926802,2.1169168888841985e+38
2017.8580436866266,2.1252717704371863e+38
2017.064364523872,2.129011293586465e+38
2016.2713094674018,2.1325168981431312e+38
2015.4788777813608,2.1403733572796236e+38
2014.6870687310493,2.1476196379929524e+38
2013.895881582922,2.156132986564753e+38
2013.1053156045857,2.1626872149305836e+38
2012.3153700647965,2.174854238341912e+38
2011.5260442334577,2.1858781347731197e+38
2010.7373373816179,2.196637814688613e+38
2009.9492487814684,2.204990997926733e+38
2009.161777706341,2.2174484227244984e+38
2008.3749234307058,2.2286793610753274e+38
2007.58868523017,2.239860259793372e+38
2006.8030623814732,2.254053422167737e+38
2006.0180541624875,2.267773526887099e+38
2005.233659852214,2.2812039098731943e+38
2004.449878730782,2.295607560903457e+38
2003.6667100794452,2.309998365143419e+38
2002.88415318058,2.326714453175353e+38
2002.1022073176835,2.3383267577664707e+38
2001.3208717753716,2.351869544529953e+38
2000.5401458393767,2.3656370505712036e+38
1999.7600287965445,2.3798178583115645e+38
1998.9805199348332,2.392136176295041e+38
1998.201618543311,2.4078598143005523e+38
1997.4233239121534,2.4239333733605346e+38
1996.6456353326412,2.4379664566552e+38
1995.8685520971587,2.454472778719126e+38
1995.0920734991919,2.4716300506787815e+38
1994.3161988333252,2.488674183178066e+38
1993.5409273952394,2.502643896673773e+38
1992.7662584817115,2.5203562115717316e+38
1991.9921913906096,2.5382017011940504e+38
1991.2187254208939,2.556810009957391e+38
1990.4458598726114,2.5738520787863325e+38
1989.6735940468966,2.5904689168635454e+38
1988.9019272459675,2.6103596133581085e+38
1988.1308587731244,2.6265345508611927e+38
1987.3603879327477,2.6443702746343194e+38
1986.5905140302955,2.662344961265873e+38
1985.8212363723017,2.6792314121313368e+38
1985.0525542663743,2.6817760493167213e+38
1984.284467021192,2.6770135841251355e+38
1983.5169739465043,2.6763033638436577e+38
1982.7500743531277,2.674237627766088e+38
1981.9837675529436,2.6740670850439924e+38
1981.2180528588976,2.6697602205369614e+38
1980.4529295849961,2.660894395944231e+38
1979.6883970463048,2.6535828880646148e+38
1978.9244545589472,2.6412971675871053e+38
1978.1611014401012,2.625395458982194e+38
1977.3983370079984,2.610012347774617e+38
1976.6361605819216,2.593648942057542e+38
1975.874571482202,2.5775717459336063e+38
1975.1135690302192,2.5633348006243847e+38
1974.353152548396,2.547489242447041e+38
1973.5933213602004,2.5339389874123982e+38
1972.8340747901398,2.5199438011165036e+38
1972.0754121637613,2.504999370367651e+38
1971.3173328076487,2.490089568200533e+38
1970.5598360494216,2.4775400071766373e+38
1969.802921217732,2.4646307197335037e+38
1969.0465876422636,2.4529720150750068e+38
1968.2908346537283,2.4427158883283943e+38
1967.535661583866,2.431416665179757e+38
1966.7810677654418,2.4182909196468e+38
1966.0270525322426,2.4088436336735085e+38
1965.2736152190787,2.3998849732799422e+38
1964.5207551617782,2.3933567554531054e+38
1963.768471697187,2.385748442580008e+38
1963.016764163166,2.3798980089462708e+38
1962.26563189859,2.3749599005808905e+38
1961.5150742433455,2.3701018057681964e+38
1960.765090538328,2.3650068581434144e+38
1960.0156801254411,2.3570143762674335e+38
1959.2668423475934,2.3496387657761326e+38
1958.5185765486985,2.344202380979985e+38
1957.770882073671,2.3371106913388248e+38
1957.0237582684254,2.332670084908847e+38
1956.2772044798749,2.3250504252599918e+38
1955.531220055928,2.3205215594805013e+38
1954.7858043454887,2.31640398431721e+38
1954.0409566984524,2.312392125875867e+38
1953.2966764657049,2.3066098531722303e+38
1952.5529629991213,2.3020587959197034e+38
1951.809815651563,2.2972250986473477e+38
1951.0672337768758,2.2860530543210915e+38
1950.3252167298895,2.2718828036697587e+38
1949.5837638664145,2.260256117982753e+38
1948.84287454324,2.245064634203925e+38
1948.1025481181327,2.2271497032075096e+38
1947.3627839498358,2.2087284444189467e+38
1946.6235813980652,2.1900423166023055e+38
1945.8849398235084,2.175303081109162e+38
1945.1468585878233,2.1608420124547187e+38
1944.4093370536364,2.148025600359554e+38
1943.67237458454,2.134327083171727e+38
1942.9359705450906,2.1215870169484498e+38
1942.200124300808,2.107840551733523e+38
1941.464835218172,2.095954536306249e+38
1940.7301026646223,2.085934486640832e+38
1939.9959260085554,2.0752747644044507e+38
1939.2623046193225,2.064901111464704e+38
1938.5292378672302,2.0553684682374407e+38
1937.7967251235345,2.04442408433605e+38
1937.0647657604432,2.0337108719475052e+38
1936.3333591511114,2.0224144719196428e+38
1935.602504669641,2.0121698962857994e+38
1934.8722016910783,2.0000913638732358e+38
1934.1424495914125,1.9867060463023095e+38
1933.4132477475737,1.973071471016544e+38
1932.6845955374313,1.9630334390734593e+38
1931.9564923397925,1.9455604177952795e+38
1931.2289375343998,1.9336663172261513e+38
1930.5019305019305,1.9195935568425662e+38
1929.7754706239928,1.9051264927414975e+38
1929.0495572831267,1.8934256547509056e+38
1928.3241898627996,1.878946201919286e+38
1927.5993677474073,1.8679178082720174e+38
1926.8750903222697,1.857696398488059e+38
1926.1513569736308,1.849218024271679e+38
1925.4281670886564,1.8371663919515287e+38
1924.7055200554314,1.828581918487316e+38
1923.9834152629605,1.822327579033521e+38
1923.2618521011634,1.8130655699592695e+38
1922.5408299608764,1.805417885843363e+38
1921.8203482338472,1.7959311067226434e+38
1921.100406312736,1.786393195859413e+38
1920.3810035911124,1.7782898603895982e+38
1919.6621394634542,1.771421612733852e+38
1918.9438133251456,1.7621977619309475e+38
1918.2260245724754,1.754912527892449e+38
1917.5087726026345,1.7462110847031646e+38
1916.7920568137165,1.737201115859799e+38
1916.0758766047136,1.72925773268221e+38
1915.360231375516,1.719541533400382e+38
1914.6451205269102,1.7124406618605183e+38
1913.9305434605776,1.7036833037774238e+38
1913.2164995790922,1.6972186430660023e+38
1912.5029882859192,1.6901692862529094e+38
1911.790008985413,1.6813935521605323e+38
1911.0775610828164,1.6758238067717777e+38
1910.3656439842587,1.6703699253686808e+38
1909.6542570967526,1.665619814284486e+38
1908.943399828195,1.6605300963296002e+38
1908.2330715873636,1.6536170548372262e+38
1907.5232717839158,1.6510778255789421e+38
1906.8139998283866,1.6450445963805905e+38
1906.1052551321882,1.64055257810571e+38
1905.3970371076073,1.6367318470267389e+38
1904.6893451678031,1.6328035938142212e+38
1903.982178726807,1.6305608317381402e+38
1903.2755371995204,1.6246144605068264e+38
1902.5694200017124,1.6217864563378706e+38
1901.863826550019,1.6224956775133676e+38
1901.1587562619416,1.6190743959018324e+38
1900.4542085558446,1.6181764120236572e+38
1899.7501828509548,1.6185431818876564e+38
1899.046678567359,1.6198532127998668e+38
1898.3436951260026,1.6176699417234906e+38
1897.6412319486876,1.621908497092394e+38
1896.939288458073,1.6263120681627721e+38
1896.2378640776699,1.6310085901356581e+38
1895.536958231843,1.6368487905941317e+38
1894.8365703458076,1.6426314130184545e+38
1894.1366998456278,1.6477257203355062e+38
1893.4373461582154,1.6543963888961217e+38
1892.738508711329,1.6580993711141033e+38
1892.0401869335703,1.6599102060793671e+38
1891.3423802543855,1.6625757235227013e+38
1890.6450881040612,1.6658429474033802e+38
1889.9483099137237,1.667072093792508e+38
1889.252045115339,1.6674977452193545e+38
1888.5562931417078,1.671378612436205e+38
1887.8610534264678,1.6729518936410282e+38
1887.1663254040893,1.6709895529938469e+38
1886.4721085098756,1.6694631606388261e+38
1885.7784021799598,1.6646396690948085e+38
1885.0852058513044,1.66202142185106e+38
1884.3925189616998,1.6597421233047563e+38
1883.7003409497615,1.656276303906222e+38
1883.0086712549312,1.6520230778220177e+38
1882.3175093174718,1.647974857499704e+38
1881.6268545784685,1.6430770366004623e+38
1880.9367064798269,1.6387969819158027e+38
1880.2470644642706,1.6345280206200638e+38
1879.5579279753401,1.6323377851666364e+38
1878.8692964573918,1.632176992012764e+38
1878.181169355596,1.6305806527096269e+38
1877.4935461159353,1.6294994680523475e+38
1876.806426185203,1.6276494264142403e+38
1876.1198090110033,1.6278633242320817e+38
1875.4336940417472,1.6271044992952216e+38
1874.7480807266522,1.6314556351975364e+38
1874.062968515742,1.6337131123164158e+38
1873.378356859843,1.6378325212882517e+38
1872.6942452105843,1.6409602270645109e+38
1872.0106330203955,1.6430578219490431e+38
1871.3275197425053,1.648839587777416e+38
1870.6449048309405,1.6589259806597252e+38
1869.962787740524,1.6648805918245227e+38
1869.2811679268736,1.6739809840709142e+38
1868.6000448464008,1.680344445846053e+38
1867.9194179563092,1.6888363217355797e+38
1867.2392867145923,1.6965112471864382e+38
1866.5596505800333,1.7021068101975813e+38
1865.8805090122028,1.7076164474273484e+38
1865.2018614714577,1.71138495781799e+38
1864.5237074189397,1.7191145225523585e+38
1863.8460463165743,1.723326196377698e+38
1863.168877627068,1.730727436014497e+38
1862.492200813909,1.7399704218091733e+38
1861.816015341364,1.7503683924911228e+38
1861.1403206744772,1.7578699251213673e+38
1860.4651162790697,1.767907522105199e+38
1859.7904016217374,1.778081728838668e+38
1859.1161761698486,1.788877420035027e+38
1858.4424393915458,1.7978636224553854e+38
1857.7691907557405,1.8086397150548052e+38
1857.0964297321136,1.8189839761773163e+38
1856.424155791115,1.82864924108988e+38
1855.7523684039602,1.836571589293399e+38
1855.0810670426297,1.8441337954089866e+38
1854.4102511798685,1.8552697105330726e+38
1853.7399202891834,1.8563333141653837e+38
1853.0700738448425,1.857884635808552e+38
1852.4007113218731,1.861341880432572e+38
1851.7318321960613,1.865694222226223e+38
1851.0634359439498,1.8699193851484714e+38
1850.3955220428365,1.8733683748498853e+38
1849.7280899707744,1.8778000114393566e+38
1849.061139206568,1.882610668621965e+38
1848.3946692297739,1.8886681173425183e+38
1847.7286795206992,1.8966193417668492e+38
1847.0631695603988,1.906318993023741e+38
1846.398138830676,1.9144101125276232e+38
1845.7335868140792,1.9240663842002953e+38
1845.069512993902,1.933901543123866e+38
1844.4059168541812,1.9429819744422055e+38
1843.742797879696,1.9262674072236946e+38
1843.080155555965,1.9067150785390307e+38
1842.417989369248,1.8877501529987286e+38
1841.756298806542,1.8701013556985024e+38
1841.0950833555798,1.8521493971430425e+38
1840.434342504831,1.8337974600077235e+38
1839.7740757434988,1.816350066162149e+38
1839.1142825615184,1.7979168076118617e+38
1838.4549624495573,1.7812906631673304e+38
1837.796114899013,1.7662644982588118e+38
1837.1377394020117,1.75172038438873e+38
1836.4798354514069,1.73522513326406e+38
1835.8224025407783,1.720621473925734e+38
1835.1654401644307,1.706076860002306e+38
1834.508947817393,1.6918232788361607e+38
1833.8529249954154,1.6756327911778262e+38
1833.1973711949697,1.6596035615791364e+38
1832.5422859132475,1.6446166206256046e+38
1831.8876686481585,1.6294053705841703e+38
1831.2335188983297,1.6142355293649828e+38
1830.5798361631048,1.5981322133853652e+38
1829.9266199425404,1.5820564614492047e+38
1829.2738697374077,1.567147334395686e+38
1828.62158504919,1.55231248639862e+38
1827.9697653800806,1.5374863017526663e+38
1827.318410232983,1.5234425946349658e+38
1826.6675191115087,1.5105085117373204e+38
1826.0170915199765,1.4963475663877228e+38
1825.3671269634103,1.4830378158779871e+38
1824.7176249475392,1.4711116915932189e+38
1824.0685849787951,1.4577197344546572e+38
1823.4200065643117,1.4480911732516526e+38
1822.7718892119244,1.4363152474189166e+38
1822.124232430167,1.4257804629119567e+38
1821.477035728272,1.4159997146487824e+38
1820.8302986161689,1.4051656858872856e+38
1820.184020604483,1.3960160063497382e+38
1819.5382012045343,1.3848303472065903e+38
1818.8928399283357,1.3768068800081829e+38
1818.2479362885922,1.3673055857075935e+38
1817.6034897987004,1.358075199879014e+38
1816.9594999727456,1.3497656454447319e+38
1816.315966325502,1.3409505167366989e+38
1815.6728883724309,1.33193119433124e+38
1815.0302656296794,1.3244017567134817e+38
1814.3880976140795,1.3174831579946335e+38
1813.7463838431472,1.3104164468254916e+38
1813.10512383508,1.3050055243795186e+38
1812.4643171087569,1.298511590786282e+38
1811.823963183737,1.293526477980773e+38
1811.184061580258,1.287617984726796e+38
1810.5446118192351,1.2838290112687757e+38
1809.90561342226,1.2791815902369006e+38
1809.267065911599,1.276330570815056e+38
1808.6289688101933,1.2730527969872054e+38
1807.991321641656,1.2701047138410834e+38
1807.3541239302722,1.2678056707886426e+38
1806.7173752009974,1.2656855505055018e+38
1806.081074979456,1.2651465218318154e+38
1805.4452227919403,1.2625945003915626e+38
1804.8098181654107,1.2614732231207176e+38
1804.1748606274919,1.2605512896435403e+38
1803.5403497064738,1.2601422373413339e+38
1802.906284931309,1.2596469665227518e+38
1802.2726658316135,1.2600439535109739e+38
1801.6394919376633,1.260287081427115e+38
1801.0067627803942,1.2626270115234404e+38
1800.3744778914013,1.2642823639159426e+38
1799.742636802937,1.2663757841396588e+38
1799.1112390479102,1.2701368989363464e+38
1798.4802841598848,1.2727448978569054e+38
1797.8497716730787,1.2784802290806e+38
1797.2197011223636,1.2834219861348719e+38
1796.590072043262,1.2877721456187468e+38
1795.960883971947,1.2934326212497762e+38
1795.3321364452422,1.299488378340704e+38
1794.703829000619,1.3071423016596832e+38
1794.075961176196,1.3133748196078963e+38
1793.448532510738,1.3165797590767478e+38
1792.821542543655,1.3226880836357064e+38
1792.1949908150007,1.3269051806777526e+38
1791.5688768654709,1.333363499265468e+38
1790.9432002364044,1.3402441445818362e+38
1790.3179604697793,1.3488956313979081e+38
1789.6931571082139,1.3560679418635812e+38
1789.0687896949637,1.364297834646357e+38
1788.4448577739226,1.372483132658329e+38
1787.8213608896199,1.3807410246657009e+38
1787.1982985872196,1.3890801764725623e+38
1786.5756704125204,1.3942562448557164e+38
1785.9534759119524,1.4015659091305095e+38
1785.3317146325787,1.4078865644890956e+38
1784.710386122092,1.4144735892110598e+38
1784.0894899288146,1.4213951212435987e+38
1783.469025601698,1.425896720209955e+38
1782.8489926903192,1.4351726867006953e+38
1782.2293907448827,1.4434907367379752e+38
1781.610219316218,1.4523041206865537e+38
1780.991477955778,1.4631041958875834e+38
1780.3731662156385,1.471863919918457e+38
1779.755283648498,1.4802428292140533e+38
1779.1378298076752,1.4869656860959148e+38
1778.5208042471074,1.490516851698942e+38
1777.9042065213525,1.4957970385419627e+38
1777.2880361855844,1.4992381945828357e+38
1776.6722927955939,1.5028747016085096e+38
1776.056975907787,1.5074668753789586e+38
1775.4420850791846,1.5121219169386914e+38
1774.8276198674203,1.5176534199696761e+38
1774.21357983074,1.5234264306089887e+38
1773.5999645280008,1.5280248191739786e+38
1772.9867735186695,1.5341781550805737e+38
1772.3740063628227,1.5414345901032905e+38
1771.761662621144,1.5490160789922827e+38
1771.149741854925,1.554547463711093e+38
1770.5382436260625,1.5611525588787427e+38
1769.9271674970573,1.5689686779764301e+38
1769.3165130310158,1.5759423861400274e+38
1768.7062797916462,1.5855155806879698e+38
1768.0964673432584,1.591780601309716e+38
1767.487075250762,1.5984192408511167e+38
1766.8781030796686,1.6032547214357525e+38
1766.2695503960858,1.6111257884880505e+38
1765.6614167667205,1.6181043902634362e+38
1765.053701758876,1.6233782332607608e+38
1764.4464049404498,1.6285827829088698e+38
1763.8395258799355,1.632046486734362e+38
1763.2330641464187,1.637656366518779e+38
1762.6270193095788,1.6427901427347203e+38
1762.021390939686,1.6485821986105766e+38
1761.4161786076004,1.6548425439046021e+38
1760.8113818847723,1.6613650403566135e+38
1760.2070003432402,1.6684042834316986e+38
1759.6030335556297,1.6757522533799868e+38
1758.999481095153,1.6821201700465993e+38
1758.3963425356076,1.6894677216822152e+38
1757.7936174513748,1.6965491730215232e+38
1757.1913054174208,1.701421344149838e+38
1756.5894060092924,1.708092656526297e+38
1755.9879188031184,1.7161154643588354e+38
1755.3868433756088,1.724622677793677e+38
1754.7861793040518,1.7311947682551184e+38
1754.1859261663142,1.734947581005283e+38
1753.586083540841,1.7369215719432595e+38
1752.9866510066524,1.7404042692097555e+38
1752.3876281433452,1.7424865742033012e+38
1751.7890145310898,1.7442382230038333e+38
1751.1908097506303,1.7461470584767207e+38
1750.5930133832833,1.7493656064101798e+38
1749.9956250109374,1.7517960886159193e+38
1749.3986442160508,1.754337891190078e+38
1748.8020705816516,1.7569389004851652e+38
1748.2059036913367,1.75713228670011e+38
1747.6101431292707,1.760848854983649e+38
1747.0147884801845,1.7629655935333946e+38
1746.4198393293746,1.767479389440741e+38
1745.825295262703,1.7703868614039044e+38
1745.2311558665942,1.7727526636184924e+38
1744.6374207280371,1.7759314178124062e+38
1744.0440894345809,1.7790571011587975e+38
1743.4511615743363,1.781291326640478e+38
1742.8586367359742,1.784002924741853e+38
1742.2665145087242,1.787306447473185e+38
1741.674794482374,1.7914583097683254e+38
1741.0834762472687,1.793630683408354e+38
1740.4925593943085,1.7959508823130986e+38
1739.90204351495,1.797365664117293e+38
1739.3119282012035,1.7999158178084686e+38
1738.7222130456328,1.8036396583756833e+38
1738.1328976413536,1.805844795099515e+38
1737.5439815820337,1.8092156635566508e+38
1736.955464461891,1.7976336959371717e+38
1736.3673458756932,1.7820750822380804e+38
1735.7796254187567,1.7668360917623104e+38
1735.1923026869451,1.7507241039914084e+38
1734.6053772766695,1.735635558331509e+38
1734.0188487848864,1.7192937745387723e+38
1733.4327168090967,1.7049228883352414e+38
1732.8469809473474,1.6899411411695896e+38
1732.2616407982262,1.6753010807233225e+38
1731.676695960864,1.6603529600537717e+38
1731.0921460349334,1.6448598198528085e+38
1730.5079906206465,1.6314156720974142e+38
1729.9242293187558,1.6173054628966145e+38
1729.3408617305513,1.6036285064744138e+38
1728.7578874578617,1.5906685990723671e+38
1728.1753061030508,1.576902352374166e+38
1727.5931172690207,1.5639232487841165e+38
1727.011320559206,1.5494634675254507e+38
1726.429915577577,1.5370093646855405e+38
1725.848901928636,1.5249888926416306e+38
1725.2682792174182,1.513477640336661e+38
1724.6880470494898,1.501451598170681e+38
1724.1082050309476,1.4889697546120909e+38
1723.528752768418,1.476508498540278e+38
1722.9496898690556,1.4636495309176195e+38
1722.3710159405439,1.451642362205559e+38
1721.7927305910914,1.4392812899213439e+38
1721.2148334294345,1.4271431262209165e+38
1720.6373240648336,1.4164790495413315e+38
1720.0602021070736,1.4054854853107438e+38
1719.483467166463,1.3931460122288487e+38
1718.9071188538326,1.3823633754273023e+38
1718.3311567805347,1.3707993895543928e+38
1717.755580558442,1.3590645301608485e+38
1717.1803897999484,1.3482737489998685e+38
1716.605584117965,1.3368819723339502e+38
1716.0311631259224,1.32632345365613e+38
1715.4571264377676,1.3156353239674567e+38
1714.8834736679642,1.30468654367969e+38
1714.3102044314917,1.2947030689629177e+38
1713.7373183438442,1.283649424840866e+38
1713.164815021029,1.274608688949738e+38
1712.5926940795669,1.2653437498814736e+38
1712.0209551364908,1.2567683616289198e+38
1711.4495978093444,1.2466651669915445e+38
1710.8786217161821,1.2376107775292448e+38
1710.3080264755683,1.2309119793791433e+38
1709.7378117065748,1.2228464435780068e+38
1709.1679770287824,1.2147802727238425e+38
1708.598522062278,1.2081805203612633e+38
1708.0294464276562,1.20125678586721e+38
1707.4607497460152,1.1945895592611339e+38
1706.892431638958,1.1872054433165015e+38
1706.324491728592,1.179100637550347e+38
1705.7569296375266,1.171732410015959e+38
1705.1897449888734,1.1651973217268654e+38
1704.6229374062457,1.1565885939397356e+38
1704.0565065137557,1.1485216780580665e+38
1703.4904519360168,1.14136396195981e+38
1702.9247732981394,1.1331051023780682e+38
1702.3594702257328,1.1270059307766784e+38
1701.7945423449025,1.1202439611226865e+38
1701.229989282251,1.1139132040786999e+38
1700.6658106648752,1.1085871684361626e+38
1700.1020061203672,1.1031496772073108e+38
1699.5385752768123,1.0982083733156536e+38
1698.975517762789,1.0922289331151056e+38
1698.4128332073676,1.0839986477823077e+38
1697.85052124011,1.0741013349732601e+38
1697.2885814910678,1.0649932174608805e+38
1696.7270135907831,1.0553784940754748e+38
1696.1658171702866,1.0477049447997313e+38
1695.6049918610959,1.0388552660968558e+38
1695.0445372952174,1.0311922488842517e+38
1694.4844531051428,1.02269301516157e+38
1693.9247389238494,1.0143488658784787e+38
1693.3653943848,1.007409025788273e+38
1692.8064191219412,1.0013505320516019e+38
1692.247812769702,9.9525855487544e+37
1691.6895749629941,9.900237617511735e+37
1691.1317053372118,9.855022204902449e+37
1690.5742035282283,9.794268018132943e+37
1690.0170691723986,9.73836994640431e+37
1689.4603019065557,9.691702717967111e+37
1688.903901368012,9.653430822508576e+37
1688.3478671945568,9.60834682089297e+37
1687.792199024456,9.56835091952447e+37
1687.2368964964526,9.527493033601658e+37
1686.6819592497638,9.487002579119421e+37
1686.127386924082,9.437442664242198e+37
1685.573179159573,9.372059430063784e+37
1685.0193355968759,9.300143353224173e+37
1684.4658558771014,9.256592871910853e+37
1683.9127396418316,9.201711655218657e+37
1683.35998653312,9.148682543792599e+37
1682.8075961934892,9.105333071072552e+37
1682.2555682659308,9.054181731335757e+37
1681.7039023939055,9.009634525997409e+37
1681.1525982213404,8.964925851923433e+37
1680.6016553926304,8.929362934815109e+37
1680.0510735526361,8.885321936596113e+37
1679.5008523466827,8.843287244766526e+37
1678.9509914205605,8.795381996648806e+37
1678.4014904205233,8.743764062671955e+37
1677.8523489932886,8.702861436488796e+37
1677.3035667860345,8.654602003538788e+37
1676.7551434464024,8.613406517984331e+37
1676.2070786224929,8.585399401139504e+37
1675.6593719628675,8.55674577993109e+37
1675.112023116546,8.526198184120257e+37
1674.5650317330073,8.5063425758233565e+37
1674.018397462188,8.480114898803378e+37
1673.4721199544815,8.452568896281282e+37
1672.926198860737,8.442787009918214e+37
1672.3806338322602,8.445370537957844e+37
1671.8354245208102,8.449754160360167e+37
1671.2905705786009,8.452348464722313e+37
1670.746071658299,8.445789914021087e+37
1670.2019274130241,8.447322208989834e+37
1669.6581374963478,8.451825430291146e+37
1669.1147015622912,8.469733234772364e+37
1668.5716192653279,8.489355226310455e+37
1668.0288902603793,8.508282907497317e+37
1667.4865142028164,8.533750894014272e+37
1666.944490748458,8.56056364491851e+37
1666.4028195535705,8.591435798846214e+37
1665.861500274867,8.614278242607453e+37
1665.3205325695062,8.630359179541926e+37
1664.7799160950922,8.622737090758655e+37
1664.2396505096733,8.637454376176726e+37
1663.699735471742,8.644425530835255e+37
1663.1601706402334,8.659080830962734e+37
1662.6209556745252,8.663323309300773e+37
1662.0820902344367,8.666793039913955e+37
1661.5435739802276,8.688276960079694e+37
1661.0054065725983,8.698243337519058e+37
1660.4675876726885,8.730731579487154e+37
1659.9301169420767,8.74247001548615e+37
1659.392994042779,8.772535768835125e+37
1658.8562186372496,8.79069645839101e+37
1658.3197903883784,8.818823897989818e+37
1657.783708959492,8.841062392852507e+37
1657.2479740143515,8.881393984467947e+37
1656.7125852171534,8.899790342477718e+37
1656.1775422325275,8.907262691444947e+37
1655.6428447255357,8.934385356119426e+37
1655.1084923616743,8.957056236903506e+37
1654.5744848068696,8.964690089184951e+37
1654.0408217274803,8.976716017889795e+37
1653.5075027902938,8.970930579356813e+37
1652.9745276625285,8.943733249081642e+37
1652.4418960118312,8.909102790567607e+37
1651.9096075062773,8.879590157909503e+37
1651.3776618143686,8.835638344150411e+37
1650.8460586050348,8.808765714979776e+37
1650.3147975476322,8.78386572775748e+37
1649.783878311941,8.764359019219899e+37
1649.2533005681678,8.744123740512606e+37
1648.7230639869422,8.729474921423538e+37
1648.1931682393176,8.702592163926376e+37
1647.6636129967703,8.68130427490644e+37
1647.1343979311991,8.66905630610919e+37
1646.605522714923,8.678937217314909e+37
1646.076987020683,8.672486862682902e+37
1645.5487905216387,8.669949181667772e+37
1645.0209328913709,8.672994588159864e+37
1644.4934138038775,8.672122028338009e+37
1643.9662329335754,8.684333459702391e+37
1643.4393899552983,8.67841000391051e+37
1642.912884544297,8.689160507175222e+37
1642.386716376238,8.723463014614065e+37
1641.8608851272031,8.745219258598548e+37
1641.3353904736894,8.765106414248567e+37
1640.8102320926073,8.796880015724993e+37
1640.285409661281,8.813286492813735e+37
1639.7609228574474,8.849316861163235e+37
1639.236771359255,8.853423933642035e+37
1638.7129548452644,8.84256997939871e+37
1638.1894729944465,8.832550157609959e+37
1637.6663254861821,8.806148128118537e+37
1637.1435120002618,8.795930361957693e+37
1636.621032216885,8.782500168376527e+37
1636.0988858166586,8.778031064571007e+37
1635.577072480598,8.760872435812369e+37
1635.0555918901243,8.74951942668556e+37
1634.5344437270653,8.742682969986547e+37
1634.0136276736548,8.729826720536224e+37
1633.4931434125303,8.707561786492692e+37
1632.972990626735,8.697959653536315e+37
1632.4531689997143,8.692251757705245e+37
1631.9336782153173,8.690108867407537e+37
1631.4145179577952,8.676440013582878e+37
1630.895687911801,8.670005489770986e+37
1630.3771877623888,8.678367670019597e+37
1629.8590171950127,8.667930595725463e+37
1629.3411758955265,8.667482141940752e+37
1628.823663550184,8.678218737697321e+37
1628.3064798456364,8.68395892415579e+37
1627.7896244689337,8.685497274122077e+37
1627.273097107522,8.701617216990906e+37
1626.7568974492451,8.71402780983604e+37
1626.2410251823421,8.724442846552314e+37
1625.7254799954478,8.725024722523675e+37
1625.2102615775916,8.708740266890585e+37
1624.6953696181965,8.689540401925702e+37
1624.1808038070797,8.67961298562579e+37
1623.666563834451,8.66886434656636e+37
1623.1526493909118,8.658516405677752e+37
1622.6390601674564,8.654453736120048e+37
1622.1257958554684,8.643269143533944e+37
1621.6128561467235,8.631607641469716e+37
1621.1002407333856,8.619282096771288e+37
1620.5879493080088,8.630765190522572e+37
1620.0759815635352,8.627577658980726e+37
1619.564337193295,8.630092489379004e+37
1619.0530158910053,8.6490244121528e+37
1618.5420173507703,8.65313330045269e+37
1618.0313412670803,8.665851893143524e+37
1617.5209873348103,8.68249439612292e+37
1617.0109552492218,8.702895989750705e+37
1616.5012447059582,8.70195410003208e+37
1615.9918554010487,8.72202559054627e+37
1615.482787030904,8.753795780727357e+37
1614.9740392923184,8.777890269152197e+37
1614.4656118824669,8.795197014671654e+37
1613.9575044989065,8.816289866188552e+37
1613.4497168395746,8.848520042493666e+37
1612.9422486027888,8.861865041205257e+37
1612.4350994872455,8.889183005290102e+37
1611.928269192021,8.917035559651117e+37
1611.4217574165687,8.95866695178631e+37
1610.91556386072,8.993627637248245e+37
1610.409688224684,9.025099246482449e+37
1609.904130209046,9.07113008020458e+37
1609.398889514766,9.112323073514867e+37
1608.893965843181,9.150768909992813e+37
1608.3893588960013,9.19678161779015e+37
1607.8850683753126,9.240366785745133e+37
1607.3810939835726,9.281418871691695e+37
1606.877435423613,9.338270436127495e+37
1606.3740923986377,9.373146658367794e+37
1605.8710646122222,9.422827159272214e+37
1605.3683517683132,9.473689762915585e+37
1604.865953571228,9.528781089820194e+37
1604.3638697256536,9.57890334868335e+37
1603.8620999366474,9.631657250742214e+37
1603.3606439096343,9.674601476427858e+37
1602.8595013504091,9.736736809310604e+37
1602.3586719651325,9.777679103955609e+37
1601.858155460334,9.820812665119573e+37
1601.3579515429083,9.869933639660101e+37
1600.858059920117,9.906907732048663e+37
1600.358480299587,9.954240806579687e+37
1599.8592123893097,9.99812613083826e+37
1599.360255897641,1.0052084790912211e+38
1598.8616105333,1.0113773919893773e+38
1598.3632760053704,1.0174149002252867e+38
1597.8652520232968,1.0236533503441968e+38
1597.3675382968868,1.0300570829882649e+38
1596.8701345363088,1.0364754259680047e+38
1596.3730404520927,1.0425164790018597e+38
1595.8762557551286,1.0400060308644031e+38
1595.3797801566661,1.0372727144986486e+38
1594.8836133683142,1.034090718912123e+38
1594.3877551020407,1.0316895604425532e+38
1593.892205070171,1.029352082957804e+38
1593.3969629853887,1.0266232075204354e+38
1592.9020285607335,1.0256143080890524e+38
1592.407401509602,1.023746916343059e+38
1591.9130815457474,1.0229894396996643e+38
1591.4190683832774,1.0225843248884634e+38
1590.9253617366542,1.0210202119080159e+38
1590.4319613206944,1.0200250754321571e+38
1589.9388668505696,1.0192137708156104e+38
1589.4460780418021,1.0185463793845587e+38
1588.9535946102692,1.0185644217828379e+38
1588.4614162721987,1.0185307658937156e+38
1587.96954274417,1.0181165550378558e+38
1587.4779737431143,1.0186709054610788e+38
1586.9867089863121,1.0189191502761506e+38
1586.4957481913948,1.0193682780677527e+38
1586.005091076342,1.019888026617012e+38
1585.5147373594834,1.0210653325818211e+38
1585.0246867594963,1.0232687459077102e+38
1584.5349389954047,1.0264498947440666e+38
1584.0454937865813,1.0289612950617375e+38
1583.556350852745,1.0315529435036891e+38
1583.06750991396,1.0350752670467727e+38
1582.5789706906373,1.0386438774324829e+38
1582.090732903532,1.0419851516403669e+38
1581.6027962737437,1.0458084778738878e+38
1581.1151605227167,1.0500268784342532e+38
1580.6278253722378,1.0547398616859616e+38
1580.1407905444376,1.0593481373518785e+38
1579.6540557617882,1.0642396430610464e+38
1579.167620747104,1.0680076695741986e+38
1578.6814852235414,1.0717830602903738e+38
1578.1956489145957,1.0764041039247494e+38
1577.7101115441048,1.0818154201156153e+38
1577.2248728362447,1.088080570164875e+38
1576.7399325155307,1.0931233047756846e+38
1576.255290306818,1.099468885004468e+38
1575.7709459352989,1.1049694095251614e+38
1575.2868991265032,1.1117855375846987e+38
1574.803149606299,1.1175446362887137e+38
1574.3196971008902,1.1245202396486821e+38
1573.8365413368167,1.1318062626191729e+38
1573.3536820409543,1.1393007483491082e+38
1572.871118940514,1.1462744654620949e+38
1572.3888517630407,1.15406266515656e+38
1571.9068802364147,1.1626657851618347e+38
1571.4252040888482,1.170189852151363e+38
1570.9438230488877,1.178471778209458e+38
1570.4627368454114,1.1879038958122246e+38
1569.9819452076301,1.1968492435173634e+38
1569.5014478650855,1.2060707027468495e+38
1569.0212445476511,1.2162176105094686e+38
1568.54133498553,1.2260078965643344e+38
1568.0617189092563,1.2359351964753035e+38
1567.582396049692,1.2464956423210994e+38
1567.1033661380304,1.2563916689000107e+38
1566.624628905791,1.2629275071366422e+38
1566.1461840848224,1.2690549636994914e+38
1565.6680314073005,1.2751780988083973e+38
1565.1901706057283,1.2820647543600232e+38
1564.7126014129356,1.2890581419102494e+38
1564.2353235620765,1.29619022500967e+38
1563.7583367866328,1.3046992769033876e+38
1563.2816408204103,1.3127363207603293e+38
1562.8052353975386,1.3204781428150087e+38
1562.3291202524724,1.3283150716527181e+38
1561.8532951199893,1.3367029662068253e+38
1561.3777597351902,1.3448461675732496e+38
1560.9025138334985,1.3459767671376178e+38
1560.4275571506594,1.3462564607566463e+38
1559.9528894227394,1.3459165895098845e+38
1559.4785103861268,1.3438533749204002e+38
1559.0044197775298,1.3414669555402792e+38
1558.5306173339775,1.3396964383460748e+38
1558.0571027928174,1.3377775883678967e+38
1557.5838758917166,1.336204295954746e+38
1557.1109363686614,1.3344858076725758e+38
1556.6382839619557,1.3334570130351535e+38
1556.165918410221,1.3321534704998625e+38
1555.6938394523959,1.3313411234186998e+38
1555.2220468277358,1.3302193594067442e+38
1554.7505402758127,1.3284194334741119e+38
1554.2793195365139,1.3265047264616757e+38
1553.808384350042,1.3243035707121988e+38
1553.3377344569142,1.3229482255089679e+38
1552.8673695979624,1.321281723476839e+38
1552.3972895143324,1.3195613341144157e+38
1551.9274939474826,1.318807153959101e+38
1551.457982639185,1.3177796438206976e+38
1550.9887553315236,1.3165751396809688e+38
1550.5198117668947,1.3150679594975271e+38
1550.0511516880056,1.31397771290225e+38
1549.5827748378747,1.312395259303472e+38
1549.1146809598313,1.3111956151452217e+38
1548.6468697975145,1.3100390627819749e+38
1548.1793410948724,1.3086865136044912e+38
1547.7120945961633,1.3075270429146904e+38
1547.2451300459531,1.3063797649200675e+38
1546.7784471891168,1.3047675199274668e+38
1546.3120457708364,1.303594392735299e+38
1545.8459255366017,1.3019118664956037e+38
1545.380086232209,1.3005745743266232e+38
1544.9145276037602,1.2994052076684248e+38
1544.4492493976647,1.298810206936969e+38
1543.9842513606359,1.2978175527885276e+38
1543.5195332396931,1.296899853698825e+38
1543.055094782159,1.294655204122304e+38
1542.5909357356616,1.2913607524870977e+38
1542.127055848131,1.2881528084767495e+38
1541.6634548678023,1.2847860254076759e+38
1541.2001325432113,1.282828083085509e+38
1540.7370886231975,1.2804227868278818e+38
1540.2743228569009,1.2780523365208378e+38
1539.8118349937638,1.2754085547767027e+38
1539.3496247835292,1.2735317280469677e+38
1538.8876919762397,1.2706896298995247e+38
1538.4260363222388,1.268610024685633e+38
1537.964657572169,1.2665676993444766e+38
1537.5035554769722,1.2653506222906661e+38
1537.0427297878882,1.2638279431168112e+38
1536.5821802564558,1.2626088911043076e+38
1536.1219066345107,1.2613205799478944e+38
1535.6619086741864,1.2600816721862104e+38
1535.2021861279131,1.2589285715780288e+38
1534.7427387484174,1.2583838561411135e+38
1534.2835662887214,1.257370007348223e+38
1533.8246685021436,1.2561450464125344e+38
1533.3660451422963,1.2543579718404374e+38
1532.9076959630877,1.2528398371277026e+38
1532.449620718719,1.2514292651571239e+38
1531.991819163686,1.2499070013346318e+38
1531.5342910527768,1.2492146175608795e+38
1531.0770361410737,1.2460161119540515e+38
1530.62005418395,1.2421881913849335e+38
1530.1633449370722,1.2382109243817825e+38
1529.7069081563973,1.2341986948603919e+38
1529.2507435981743,1.2315332008880017e+38
1528.794851018942,1.2283792886541547e+38
1528.33923017553,1.2252774778196986e+38
1527.8838808250573,1.222461505215199e+38
1527.428802724933,1.2201821556767307e+38
1526.9739956328547,1.2188302890398532e+38
1526.5194593068074,1.216526884873443e+38
1526.0651935050666,1.2138700544756701e+38
1525.6111979861935,1.2123171848807217e+38
1525.1574725090368,1.2106861595299405e+38
1524.7040168327323,1.2082292816832505e+38
1524.250830716703,1.207174936760924e+38
1523.797913920656,1.2050372728991432e+38
1523.3452662045854,1.2036074681128535e+38
1522.8928873287698,1.2028140385854666e+38
1522.4407770537728,1.200401268430791e+38
1521.9889351404415,1.1962278949422296e+38
1521.5373613499082,1.1928353908831083e+38
1521.086055443587,1.19011445476214e+38
1520.6350171831757,1.1852228832405504e+38
1520.1842463306555,1.1808607880175458e+38
1519.7337426482882,1.176647494828435e+38
1519.2835058986184,1.1707816988724975e+38
1518.8335358444717,1.1646110835413727e+38
1518.3838322489541,1.154070905608259e+38
1517.9343948754536,1.1437789509254629e+38
1517.4852234876364,1.1330130727581374e+38
1517.0363178494492,1.1215972449098808e+38
1516.5876777251185,1.1116192792574378e+38
1516.1393028791488,1.1012540153478217e+38
1515.6911930763226,1.0917526684671015e+38
1515.243348081702,1.082058817804887e+38
1514.7957676606252,1.0733333277896026e+38
1514.3484515787084,1.063589424239222e+38
1513.901399601844,1.054478339619189e+38
1513.4546114962013,1.0460165009861665e+38
1513.0080870282252,1.0379281177715996e+38
1512.5618259646365,1.0294798844480422e+38
1512.1158280724305,1.0210094067600697e+38
1511.6700931188777,1.0120942248106026e+38
1511.2246208715233,1.0030983641689475e+38
1510.7794110981856,9.94479154478086e+37
1510.3344635669569,9.860322707467251e+37
1509.8897780462028,9.776022162497587e+37
1509.4453543045609,9.702869537102396e+37
1509.0011921109417,9.629520968238691e+37
1508.557291234528,9.56757216223087e+37
1508.113651444773,9.50101055982561e+37
1507.670272511402,9.43496967998229e+37
1507.2271542044102,9.37828942541945e+37
1506.784296294064,9.322455058935045e+37
1506.3416985508995,9.271710300218332e+37
1505.8993607457214,9.224898400541416e+37
1505.457282649605,9.182086262523497e+37
1505.015464033893,9.123722788553959e+37
1504.5739046701976,9.068871456639537e+37
1504.132604330398,9.019293746308709e+37
1503.6915627866413,8.961294187869991e+37
1503.250779811342,8.91458279910719e+37
1502.8102551771813,8.87224392362988e+37
1502.3699886571067,8.804665649483568e+37
1501.9299800243314,8.716733681712531e+37
1501.4902290523346,8.629193218552016e+37
1501.0507355148607,8.55371501177834e+37
1500.6114991859185,8.466681903525829e+37
1500.1725198397817,8.382756807747207e+37
1499.7337972509881,8.300153067050908e+37
1499.2953311943388,8.216430380016824e+37
1498.8571214448982,8.144217784262395e+37
1498.4191677779943,8.060562168546651e+37
1497.9814699692165,7.985595817360934e+37
1497.5440277944174,7.906549805547322e+37
1497.1068410297103,7.821592486281929e+37
1496.6699094514704,7.749368790656639e+37
1496.2332328363345,7.67776006980366e+37
1495.7968109611993,7.604647915363884e+37
1495.3606436032212,7.528100324103255e+37
1494.9247305398176,7.451479044973682e+37
1494.4890715486642,7.370724010439523e+37
1494.0536664076974,7.288859017577086e+37
1493.6185148951108,7.211069259824304e+37
1493.1836167893566,7.135906157026312e+37
1492.7489718691456,7.05414401133829e+37
1492.3145799134459,6.981250557262134e+37
1491.8804407014823,6.905918207132462e+37
1491.446554012737,6.831517218625435e+37
1491.0129196269488,6.756874611726211e+37
1490.5795373241117,6.683014826572135e+37
1490.1464068844766,6.60820066541019e+37
1489.7135280885486,6.531379855442956e+37
1489.2809007170888,6.455983603893728e+37
1488.8485245511122,6.384903270502689e+37
1488.4163993718885,6.317728429815125e+37
1487.9845249609405,6.252458822070716e+37
1487.5529011000453,6.179761520445403e+37
1487.1215275712332,6.105350833565014e+37
1486.6904041567864,6.037287789753322e+37
1486.2595306392402,5.977230872102397e+37
1485.828906801382,5.909597735944672e+37
1485.39853242625,5.851884292116852e+37
1484.968407297135,5.787721149665866e+37
1484.5385311975774,5.7340543605919745e+37
1484.108903911369,5.679212765538143e+37
1483.6795252225518,5.623497091832137e+37
1483.2503949154177,5.567062935235213e+37
1482.8215127745075,5.517600195100593e+37
1482.3928785846113,5.4668607540179155e+37
1481.9644921307686,5.421034937195712e+37
1481.5363531982666,5.369591221613691e+37
1481.108461572641,5.332214688208593e+37
1480.680817039675,5.290694162071596e+37
1480.253419385399,5.254071567363106e+37
1479.8262683960904,5.211740700046629e+37
1479.3993638582735,5.178446726341962e+37
1478.972705558719,5.14465142794543e+37
1478.5462932844428,5.120509356770469e+37
1478.120126822707,5.08891780317197e+37
1477.6942059610187,5.050805315430372e+37
1477.2685304871295,5.020762147453718e+37
1476.843100189036,4.980511589719172e+37
1476.417914854979,4.950662544629447e+37
1475.9929742734425,4.914321540396238e+37
1475.5682782331546,4.886750988730495e+37
1475.143826523086,4.863125185751628e+37
1474.7196189324504,4.841306347284992e+37
1474.295655250704,4.816426120414321e+37
1473.8719352675446,4.7782371979167765e+37
1473.4484587729123,4.746753938357781e+37
1473.0252255569876,4.719511483050581e+37
1472.6022354101933,4.692835884065555e+37
1472.1794881231922,4.67034728409519e+37
1471.7569834868866,4.640893236728557e+37
1471.3347212924205,4.610684664878691e+37
1470.912701331176,4.581872034322957e+37
1470.4909233947753,4.550214914674714e+37
1470.0693872750794,4.521957259104236e+37
1469.6480927641876,4.4906536892602555e+37
1469.227039654438,4.466844079044213e+37
1468.8062277384058,4.445165952003433e+37
1468.3856568089045,4.425780872607626e+37
1467.9653266589842,4.406379201603847e+37
1467.5452370819332,4.384277493852038e+37
1467.1253878712746,4.367104914861606e+37
1466.7057788207687,4.348724911809063e+37
1466.2864097244114,4.332148337384553e+37
1465.8672803764348,4.324441157916395e+37
1465.448390571305,4.315758022930729e+37
1465.0297401037244,4.305640635934531e+37
1464.611328768628,4.291465396384091e+37
1464.1931563611874,4.274665797075221e+37
1463.7752226768057,4.266002100114865e+37
1463.3575275111216,4.2521107516920165e+37
1462.9400706600054,4.2380996565153145e+37
1462.5228519195612,4.2201303792684204e+37
1462.1058710861255,4.195889040111236e+37
1461.6891279562665,4.1764153305341136e+37
1461.2726223267846,4.1567835224084285e+37
1460.8563539947118,4.1382388192667165e+37
1460.4403227573114,4.114861271361946e+37
1460.0245284120774,4.091356118224973e+37
1459.6089707567344,4.0702718235908277e+37
1459.193649589237,4.0455958177957416e+37
1458.7785647077703,4.030908854610934e+37
1458.3637159107482,4.014120095678905e+37
1457.9491029968146,3.9979909947628773e+37
1457.5347257648416,3.979321246025987e+37
1457.12058401393,3.9591684413684897e+37
1456.7066775434098,3.9394781736368153e+37
1456.293006152838,3.9136052210335734e+37
1455.8795696419993,3.893498539246148e+37
1455.466367810906,3.886794822118068e+37
1455.0534004597969,3.870946288694947e+37
1454.6406673891383,3.857800012778458e+37
1454.2281683996218,3.845021124768435e+37
1453.8159032921662,3.8371020233732477e+37
1453.4038718679146,3.8281741295877866e+37
1452.9920739282368,3.817448123513189e+37
1452.5805092747266,3.8010941381604015e+37
1452.1691777092033,3.7924666439842403e+37
1451.7580790337097,3.7853901255580057e+37
1451.3472130505143,3.7811838965870494e+37
1450.9365795621075,3.780125087722146e+37
1450.5261783712042,3.773142377864513e+37
1450.1160092807427,3.771978443208489e+37
1449.706072093883,3.768422154152985e+37
1449.296366614009,3.762719737475935e+37
1448.8868926447258,3.7653275370475774e+37
1448.4776499898608,3.7699059750494504e+37
1448.0686384534629,3.7817344031074405e+37
1447.659857839802,3.785417354622351e+37
1447.2513079533696,3.7935631764983555e+37
1446.8429885988774,3.8012151245515456e+37
1446.4348995812572,3.805242496052213e+37
1446.0270407056612,3.812575607010054e+37
1445.6194117774614,3.8205390488934623e+37
1445.212012602249,3.8293826751789053e+37
1444.8048429858336,3.84047470426945e+37
1444.3979027342452,3.8407289843832983e+37
1443.991191653731,3.848929353590336e+37
1443.5847095507565,3.85851020477465e+37
1443.1784562320054,3.865292547856262e+37
1442.7724315043788,3.866380421598612e+37
1442.366635174995,3.8699463073376376e+37
1441.9610670511897,3.8733867386548014e+37
1441.5557269405142,3.8766034213421897e+37
1441.150614650737,3.8575839485615606e+37
1440.7457299898429,3.83647310518247e+37
1440.341072766031,3.821248923516714e+37
1439.9366427877173,3.8015519158203324e+37
1439.5324398635323,3.7878857149937387e+37
1439.1284638023212,3.777997835887491e+37
1438.7247144131443,3.7626219887103574e+37
1438.3211915052752,3.7505455588894147e+37
1437.917894888202,3.7428423926544523e+37
1437.5148243716264,3.7353050523941538e+37
1437.1119797654633,3.7226484919800306e+37
1436.709360879841,3.711480005046101e+37
1436.3069675250995,3.6946408541535827e+37
1435.9047995117924,3.6775898217320027e+37
1435.5028566506846,3.659506095064324e+37
1435.1011387527535,3.645326577342878e+37
1434.6996456291874,3.631619032406372e+37
1434.2983770913863,3.615196384269282e+37
1433.8973329509608,3.6094717054985363e+37
1433.4965130197322,3.5969298605829645e+37
1433.0959171097322,3.5849962456727004e+37
1432.6955450332027,3.5796098753141545e+37
1432.2953966025955,3.5677326720892045e+37
1431.895471630571,3.5640628417123505e+37
1431.49576993,3.5540001004823655e+37
1431.096291313961,3.550000713518226e+37
1430.6970355957424,3.5426671146719677e+37
1430.2980025888394,3.5365862828360245e+37
1429.8991921069564,3.5342187764937164e+37
1429.5006039640052,3.5250899341904796e+37
1429.1022379741046,3.521989662673839e+37
1428.7040939515814,3.517371559808594e+37
1428.3061717109679,3.5139905012877326e+37
1427.9084710670047,3.5068432163767115e+37
1427.5109918346373,3.501618321886903e+37
1427.1137338290175,3.4954323731210224e+37
1426.7166968655033,3.4831222514198e+37
1426.319880759658,3.4779816548589136e+37
1425.9232853272495,3.4706464796978258e+37
1425.5269103842509,3.464123124019976e+37
1425.13075574684,3.4629608863193836e+37
1424.7348212313984,3.462393583288927e+37
1424.3391066545125,3.46242412482508e+37
1423.9436118329716,3.45587114988791e+37
1423.5483365837688,3.4508832804374156e+37
1423.1532807241006,3.437775349957642e+37
1422.7584440713656,3.4258691217509336e+37
1422.3638264431659,3.403980562475896e+37
1421.9694276573055,3.3960790758533084e+37
1421.5752475317902,3.385690037995936e+37
1421.1812858848275,3.382015713792484e+37
1420.787542534827,3.3724574996245374e+37
1420.3940173003994,3.3675869132889405e+37
1420.0007100003552,3.363438374487224e+37
1419.6076204537069,3.35362861529676e+37
1419.2147484796662,3.3495552343444895e+37
1418.8220938976463,3.338830222782413e+37
1418.4296565272589,3.3233664728718634e+37
1418.0374361883153,3.3053134758415437e+37
1417.6454327008273,3.2903618931460977e+37
1417.253645885004,3.277042640715741e+37
1416.8620755612546,3.260093743073341e+37
1416.4707215501855,3.249002733992885e+37
1416.0795836726024,3.233370270422821e+37
1415.6886617495081,3.2180113693663656e+37
1415.2979556021032,3.206540854884658e+37
1414.9074650517855,3.2001914201340376e+37
1414.5171899201505,3.1893496732098763e+37
1414.1271300289895,3.1826337001186925e+37
1413.7372852002914,3.1777083906892416e+37
1413.34765525624,3.169528826740417e+37
1412.9582400192162,3.1628896804435855e+37
1412.5690393117964,3.157630668199694e+37
1412.180052956752,3.150587577930351e+37
1411.79128077705,3.1496602057418963e+37
1411.4027225958519,3.1520008166974567e+37
1411.0143782365144,3.1569352232874525e+37
1410.6262475225878,3.1572949445701333e+37
1410.238330277817,3.1575960790984607e+37
1409.8506263261409,3.1611218103730797e+37
1409.4631354916912,3.164132196558619e+37
1409.0758575987938,3.1652166023007853e+37
1408.6887924719672,3.1700994628323276e+37
1408.3019399359223,3.172888772734867e+37
1407.915299815563,3.180232216670102e+37
1407.5288719359858,3.1825224756687093e+37
1407.1426561224778,3.18851592298463e+37
1406.7566522005193,3.1976271772352646e+37
1406.3708599957808,3.198150267021758e+37
1405.9852793341256,3.2054335324460756e+37
1405.5999100416057,3.207723056577032e+37
1405.214751944466,3.213296427227348e+37
1404.8298048691402,3.216213582064554e+37
1404.4450686422526,3.2204885516158307e+37
1404.060543090618,3.2224338540840013e+37
1403.6762280412402,3.2287327673356826e+37
1403.292123321312,3.228880788212146e+37
1402.908228758216,3.232177171396799e+37
1402.5245441795232,3.2356685301596973e+37
1402.1410694129938,3.2459990138429255e+37
1401.7578042865753,3.252243705400935e+37
1401.3747486284044,3.255466756295041e+37
1400.9919022668048,3.2608677896738525e+37
1400.6092650302883,3.269642513786594e+37
1400.226836747553,3.2750108859063694e+37
1399.8446172474858,3.280808020960529e+37
1399.4626063591584,3.291370738737247e+37
1399.08080391183,3.262018453768383e+37
1398.6992097349464,3.2295115175989037e+37
1398.3178236581393,3.198458638142289e+37
1397.9366455112256,3.166159863829647e+37
1397.5556751242077,3.1409218932146814e+37
1397.1749123272743,3.1112324124696492e+37
1396.794356950798,3.083608384693867e+37
1396.4140088253366,3.059072795861351e+37
1396.0338677816324,3.0334454318464986e+37
1395.653933650612,3.0092076958781447e+37
1395.274206263386,2.9843636916271406e+37
1394.8946854512485,2.9615781886552156e+37
1394.5153710456773,2.941831641881094e+37
1394.1362628783338,2.9198146695790535e+37
1393.7573607810616,2.9015186524935654e+37
1393.378664585888,2.8820552283395687e+37
1393.0001741250219,2.864649847257888e+37
1392.621889230855,2.851382901010242e+37
1392.2438097359611,2.83570704777477e+37
1391.8659354730953,2.817541446884841e+37
1391.4882662751947,2.803956383106987e+37
1391.1108019753774,2.7922306048235382e+37
1390.7335424069427,2.7811125827225416e+37
1390.3564874033702,2.7702706337221837e+37
1389.979636798321,2.7596622689410264e+37
1389.6029904256354,2.753926863139827e+37
1389.2265481193347,2.745294873796604e+37
1388.8503097136193,2.74004057713566e+37
1388.4742750428693,2.7331248335322374e+37
1388.0984439416445,2.726297558709306e+37
1387.7228162446831,2.723576296072013e+37
1387.3473917869035,2.7227209354509016e+37
1386.972170403401,2.7223810113568463e+37
1386.5971519294499,2.7213803337329216e+37
1386.2223362005034,2.7226696281841573e+37
1385.847723052191,2.725514817717123e+37
1385.4733123203214,2.725672488047601e+37
1385.09910384088,2.7269211371939867e+37
1384.7250974500287,2.7281903400579716e+37
1384.3512929841077,2.723195656423893e+37
1383.977690279633,2.722538697483583e+37
1383.6042891732966,2.722418992920567e+37
1383.2310895019677,2.7187689318098765e+37
1382.8580911026909,2.7128108945916325e+37
1382.4852938126871,2.7038228591385923e+37
1382.1126974693516,2.699449466106554e+37
1381.740301910256,2.692987139008965e+37
1381.3681069731463,2.6874465165040904e+37
1380.9961124959434,2.6881399406526503e+37
1380.624318316743,2.681990974488047e+37
1380.2527242738147,2.6774803369073556e+37
1379.8813302056024,2.6767119905726803e+37
1379.510135950724,2.675742542675011e+37
1379.1391413479707,2.677408174341922e+37
1378.7683462363073,2.6759844354789347e+37
1378.3977504548714,2.67920404019234e+37
1378.027353842974,2.6780472824265364e+37
1377.6571562400982,2.683994074037545e+37
1377.2871574859,2.68306694267679e+37
1376.9173574202077,2.6863225572946745e+37
1376.547755883021,2.686905083682041e+37
1376.178352714512,2.69154375494212e+37
1375.8091477550233,2.693159760351051e+37
1375.4401408450706,2.6944193529089076e+37
1375.0713318253386,2.6942710812015693e+37
1374.7027205366842,2.6945733595940412e+37
1374.334306820134,2.691223618505818e+37
1373.966090516886,2.690260603952119e+37
1373.5980714683078,2.683333355644643e+37
1373.2302495159363,2.672250277800739e+37
1372.8626245014793,2.6590665635300225e+37
1372.495196266813,2.650071537619084e+37
1372.1279646539836,2.638322335904994e+37
1371.760929505206,2.6295429282452385e+37
1371.3940906628634,2.613547933625655e+37
1371.0274479695083,2.5991799086616654e+37
1370.6610012678616,2.587461354459641e+37
1370.2947504008114,2.577015338989576e+37
1369.9286952114144,2.5668083810133744e+37
1369.5628355428948,2.557527966928024e+37
1369.1971712386442,2.544961901863047e+37
1368.8317021422215,2.535723709118179e+37
1368.466428097353,2.5295498043595683e+37
1368.10134894793,2.5202314517802386e+37
1367.7364645380128,2.509153616069443e+37
1367.3717747118264,2.495055663184389e+37
1367.0072793137624,2.47910524667522e+37
1366.6429781883783,2.4695550060123493e+37
1366.2788711803967,2.4560724780462316e+37
1365.9149581347065,2.4447172469351457e+37
1365.5512388963616,2.4321807952947847e+37
1365.1877133105804,2.424761007322743e+37
1364.8243812227463,2.412709384261015e+37
1364.4612424784073,2.4006909942155025e+37
1364.0982969232762,2.3917063324818276e+37
1363.7355444032294,2.3836989468435236e+37
1363.372984764307,2.3785585614121054e+37
1363.010617852713,2.374230864281681e+37
1362.6484435148154,2.365325182528848e+37
1362.2864615971448,2.360933574523347e+37
1361.9246719463947,2.353158796830896e+37
1361.5630744094221,2.350020266098133e+37
1361.201668833246,2.345747863934992e+37
1360.8404550650482,2.340570159243137e+37
1360.4794329521724,2.3391620475428636e+37
1360.1186023421242,2.338654297068592e+37
1359.7579630825712,2.33865399270842e+37
1359.3975150213428,2.3384336720300075e+37
1359.0372580064284,2.340920494923299e+37
1358.67719188598,2.3396485863523967e+37
1358.3173165083094,2.3421405621866136e+37
1357.9576317218903,2.344645609821746e+37
1357.5981373753555,2.346153494396588e+37
1357.2388333174988,2.343171189353862e+37
1356.8797193972741,2.3429660005834826e+37
1356.5207954637945,2.3418301790428393e+37
1356.1620613663335,2.343048411780954e+37
1355.803516954323,2.3472033736987383e+37
1355.4451620773552,2.348533697041659e+37
1355.0869965851807,2.352949204721597e+37
1354.7290203277091,2.3534086467270438e+37
1354.371233155008,2.359046255018367e+37
1354.0136349173038,2.3582509584987267e+37
1353.656225464981,2.363696082482278e+37
1353.299004648582,2.3655015547370383e+37
1352.941972318807,2.3669674266350914e+37
1352.585128326514,2.37023941958375e+37
1352.2284725227173,2.37418849868666e+37
1351.8720047585894,2.3761796045547035e+37
1351.5157248854591,2.380297081347198e+37
1351.1596327548118,2.3818481009524585e+37
1350.80372821829,2.38566793055491e+37
1350.4480111276916,2.3891994696827954e+37
1350.0924813349714,2.3896454725947083e+37
1349.7371386922398,2.3885859220903795e+37
1349.3819830517623,2.390842725671853e+37
1349.0270142659608,2.3877351478888197e+37
1348.6722321874115,2.389993147999206e+37
1348.3176366688465,2.3897262706376575e+37
1347.963227563152,2.3956624518014856e+37
1347.6090047233697,2.3961938695407803e+37
1347.2549680026946,2.4011829039217403e+37
1346.9011172544767,2.404373084450712e+37
1346.54745233222,2.4107794940842167e+37
1346.1939730895824,2.411059693568999e+37
1345.840679380375,2.416194332416853e+37
1345.4875710585625,2.419428062241625e+37
1345.1346479782626,2.421604451508059e+37
1344.7819099937467,2.4294231805523835e+37
1344.4293569594386,2.4360933865289335e+37
1344.0769887299145,2.4384095308305693e+37
1343.724805159903,2.43517112328731e+37
1343.3728061042862,2.4267731050197687e+37
1343.020991418096,2.4178614073136286e+37
1342.6693609565177,2.410980078395679e+37
1342.317914574888,2.40636973532404e+37
1341.9666521286947,2.399743730847054e+37
1341.615573473577,2.394162759867409e+37
1341.264678465325,2.387495823885364e+37
1340.9139669598799,2.380010339710728e+37
1340.5634388133333,2.379584509746433e+37
1340.2130938819273,2.3771691361340705e+37
1339.8629320220543,2.3760958625669105e+37
1339.5129530902564,2.371328393877702e+37
1339.163156943226,2.371944763259896e+37
1338.8135434378055,2.367651401880746e+37
1338.4641124309853,2.363910812037049e+37
1338.114863779907,2.3617209203711874e+37
1337.7657973418593,2.3586778888276853e+37
1337.4169129742816,2.359362187816459e+37
1337.0682105347605,2.3647105901081027e+37
1336.7196898810319,2.3678683180194905e+37
1336.37135087098,2.372429072547563e+37
1336.023193362637,2.3770833424857785e+37
1335.6752172141823,2.3797162216359947e+37
1335.327422283944,2.384427516671926e+37
1334.9798084303975,2.3875239201877287e+37
1334.6323755121653,2.392887390800371e+37
1334.285123388017,2.3962225767766134e+37
1333.9380519168692,2.399479724727345e+37
1333.5911609577852,2.405349576100157e+37
1333.2444503699753,2.4013677164766666e+37
1332.8979200127958,2.396892833074963e+37
1332.5515697457492,2.3917439181433597e+37
1332.2053994284838,2.3888003627941954e+37
1331.8594089207943,2.387022556123234e+37
1331.5135980826205,2.3880762807559713e+37
1331.1679667740477,2.3820773345601804e+37
1330.8225148553063,2.3823061410637406e+37
1330.4772421867724,2.379204403515837e+37
1330.1321486289664,2.3780807200853136e+37
1329.7872340425533,2.3829430567582236e+37
1329.442498288343,2.3882148108356887e+37
1329.097941227289,2.3928469820544223e+37
1328.75356272049,2.3949746091094258e+37
1328.4093626291879,2.396093427635182e+37
1328.0653408147682,2.3983414548788636e+37
1327.72149713876,2.403558675484763e+37
1327.3778314628369,2.406479046774231e+37
1327.0343436488138,2.4005679535323827e+37
1326.6910335586497,2.3971846223855426e+37
1326.3479010544468,2.390900306552734e+37
1326.0049459984486,2.3864394876104875e+37
1325.6621682530424,2.3796579550637486e+37
1325.319567680757,2.373669102450753e+37
1324.9771441442635,2.368944746523199e+37
1324.634897506375,2.361175236806739e+37
1324.2928276300456,2.35113485616495e+37
1323.9509343783718,2.343586270272534e+37
1323.6092176145914,2.3321140486647816e+37
1323.267677202083,2.3202090066505237e+37
1322.9263130043657,2.3060813908235883e+37
1322.5851248851004,2.2906896843006515e+37
1322.244112708088,2.274200068972551e+37
1321.9032763372704,2.261907454952694e+37
1321.562615636729,2.2496370583155526e+37
1321.2221304706854,2.239664750991628e+37
1320.8818207035017,2.230822039242968e+37
1320.5416861996794,2.2243401567015706e+37
1320.2017268238587,2.2175188163993633e+37
1319.8619424408207,2.2099836138823115e+37
1319.5223329154846,2.2016830648352124e+37
1319.1828981129088,2.1933211307007444e+37
1318.843637898291,2.1889743481583673e+37
1318.5045521369664,2.1793539703192976e+37
1318.1656406944098,2.1676964875240926e+37
1317.8269034362338,2.1555896713273894e+37
1317.4883402281891,2.149805610336967e+37
1317.1499509361643,2.141865800212895e+37
1316.8117354261863,2.1337259632509463e+37
1316.4736935644185,2.128210871109073e+37
1316.1358252171626,2.1209764443332906e+37
1315.798130250857,2.1134749889793016e+37
1315.4606085320775,2.108131587643565e+37
1315.1232599275368,2.1033914988013436e+37
1314.7860843040837,2.1006571666575144e+37
1314.4490815287043,2.0944625373877123e+37
1314.1122514685205,2.0938572467553992e+37
1313.7755939907904,2.092352413953799e+37
1313.4391089629087,2.0901959120818863e+37
1313.1027962524047,2.089000851394983e+37
1312.7666557269445,2.0871728693249124e+37
1312.4306872543293,2.0869657385650708e+37
1312.0948907024958,2.0835209585524537e+37
1311.7592659395148,2.0868745910621558e+37
1311.4238128335935,2.0832115919511114e+37
1311.088531253073,2.0858371066901365e+37
1310.753421066429,2.0850107612032013e+37
1310.4184821422723,2.0894896173394463e+37
1310.083714349347,2.0891742521444622e+37
1309.749117556532,2.085732850503922e+37
1309.4146916328402,2.088670798271375e+37
1309.0804364474175,2.087871904684891e+37
1308.7463518695442,2.0938219966235802e+37
1308.4124377686335,2.1002193019653854e+37
1308.078694014232,2.1047517369794544e+37
1307.7451204760193,2.1123911451464527e+37
1307.411717023808,2.1172279749834517e+37
1307.0784835275435,2.121701383456688e+37
1306.7454198573034,2.1266195135970204e+37
1306.4125258832983,2.132358013850056e+37
1306.0798014758702,2.142139498135968e+37
1305.7472465054939,2.1502100616961905e+37
1305.4148608427759,2.157481674230489e+37
1305.082644358454,2.1651194645103346e+37
1304.750596923398,2.1726511049830203e+37
1304.4187184086093,2.1782103193903035e+37
1304.0870086852194,2.187104507857464e+37
1303.7554676244924,2.1957812596061882e+37
1303.424095097822,2.2026686389003e+37
1303.0928909767333,2.2114225102507056e+37
1302.761855132882,2.216942331761935e+37
1302.430987438053,2.2184678001873687e+37
1302.1002877641636,2.222038204421334e+37
1301.7697559832593,2.2237400866661435e+37
1301.4393919675163,2.2197305846284623e+37
1301.1091955892398,2.2174336683472657e+37
1300.7791667208658,2.2190436395204987e+37
1300.4493052349585,2.218887580084685e+37
1300.1196110042124,2.218167811655491e+37
1299.7900839014499,2.218343178420162e+37
1299.460723799623,2.220295587216257e+37
1299.1315305718126,2.22007616866015e+37
1298.802504091228,2.223224153255964e+37
1298.4736442312062,2.224696552477715e+37
1298.1449508652138,2.234602816317393e+37
1297.816423866844,2.2360986652023156e+37
1297.4880631098194,2.2378439316310613e+37
1297.1598684679893,2.2459454116484356e+37
1296.831839815331,2.2508033155993257e+37
1296.5039770259498,2.255372202179643e+37
1296.1762799740766,2.2627005089768836e+37
1295.848748534071,2.2679237037356076e+37
1295.5213825804196,2.275497469860292e+37
1295.1941819877345,2.28282211401652e+37
1294.8671466307558,2.291847504100208e+37
1294.540276384349,2.295864313412722e+37
1294.2135711235069,2.305164779025972e+37
1293.8870307233476,2.311177720440596e+37
1293.5606550591158,2.317891588954987e+37
1293.2344440061818,2.319098756914709e+37
1292.9083974400414,2.309841804655315e+37
1292.5825152363166,2.3015157013294287e+37
1292.2567972707536,2.292121378745032e+37
1291.9312434192252,2.287542512134876e+37
1291.6058535577283,2.277441161540363e+37
1291.280627562385,2.2679097934979303e+37
1290.9555653094421,2.253858271124461e+37
1290.630666675271,2.240903116453046e+37
1290.3059315363673,2.228282534520604e+37
1289.9813597693512,2.2174508469709416e+37
1289.6569512509673,2.2028636601292953e+37
1289.332705858083,2.1899479781026056e+37
1289.008623467691,2.180768616212163e+37
1288.6847039569066,2.166982012296626e+37
1288.3609472029684,2.1603202099973453e+37
1288.0373530832394,2.1517712261764513e+37
1287.713921475205,2.1424809281052336e+37
1287.3906522564741,2.134365937417585e+37
1287.0675453047775,2.1244147046622164e+37
1286.7446004979702,2.120906411959526e+37
1286.4218177140285,2.115562707198405e+37
1286.0991968310516,2.1092637726286877e+37
1285.7767377272612,2.1036446891545099e+37
1285.4544402810004,2.1018793268583275e+37
1285.132304370735,2.0982557512533425e+37
1284.8103298750523,2.0990209699574747e+37
1284.4885166726608,2.0957418289196349e+37
1284.1668646423918,2.094760299058116e+37
1283.8453736631961,2.0997719057848966e+37
1283.524043614147,2.0992173647425263e+37
1283.2028743744386,2.0976746664062582e+37
1282.8818658233856,2.097321474280832e+37
1282.5610178404236,2.1056049694491144e+37
1282.2403303051092,2.1029002846073546e+37
1281.9198030971181,2.1063391514263735e+37
1281.5994360962482,2.104386437634969e+37
1281.2792291824157,2.099991663256763e+37
1280.959182235658,2.1049570971893606e+37
1280.639295136132,2.1022380559955902e+37
1280.3195677641138,2.1043603422943359e+37
1280.0,2.1094968303020232e+37
1279.6805917243055,2.112479224355834e+37
1279.3613428176654,2.1218541632884202e+37
1279.042253160833,2.122455410539906e+37
1278.7233226346816,2.13028913641599e+37
1278.404551120202,2.140739035511887e+37
1278.0859384985044,2.1504856631014826e+37
1277.7674846508182,2.1486654161736503e+37
1277.4491894584892,2.158744141359726e+37
1277.1310528029833,2.1679204561060715e+37
1276.8130745658837,2.1654935668692824e+37
1276.495254628891,2.1618254255891043e+37
1276.1775928738243,2.1568609227485636e+37
1275.8600891826204,2.155076940107346e+37
1275.5427434373328,2.149906454824901e+37
1275.2255555201327,2.1471861622138165e+37
1274.908525313309,2.1442796844846085e+37
1274.5916526992667,2.151573348460399e+37
1274.274937560528,2.151197494701482e+37
1273.9583797797327,2.1494025948239355e+37
1273.6419792396357,2.149565943234484e+37
1273.3257358231097,2.153645871426233e+37
1273.0096494131426,2.153311238192641e+37
1272.6937198928392,2.1568532646496414e+37
1272.37794714542,2.1546191177425433e+37
1272.0623310542219,2.157746479116495e+37
1271.746871502696,2.165747564563759e+37
1271.4315683744112,2.1690915985011975e+37
1271.11642155305,2.1769497072237656e+37
1270.8014309224113,2.185852147266575e+37
1270.4865963664083,2.1931477447668347e+37
1270.17191776907,2.2013577778976146e+37
1269.8573950145399,2.2093727590066375e+37
1269.543027987076,2.217313501409355e+37
1269.2288165710515,2.223062913816881e+37
1268.9147606509532,2.2309264743037036e+37
1268.600860111383,2.2400614617828173e+37
1268.2871148370566,2.255529379286041e+37
1267.973524712804,2.2622640743045773e+37
1267.6600896235684,2.2750217074291463e+37
1267.346809454407,2.2828214540780772e+37
1267.0336840904915,2.2949911435656136e+37
1266.720713417106,2.3052058850145065e+37
1266.4078973196476,2.316870350594525e+37
1266.0952356836283,2.329692801622038e+37
1265.782728394671,2.3276791215711433e+37
1265.4703753385133,2.3284519501074896e+37
1265.1581764010045,2.3311978349253487e+37
1264.846131468107,2.3296665107606576e+37
1264.5342404258952,2.3367006593890264e+37
1264.2225031605562,2.34042176424754e+37
1263.9109195583897,2.3416655086376167e+37
1263.5994895058063,2.345828886915875e+37
1263.2882128893298,2.3547033236207707e+37
1262.9770895955949,2.3590810631713e+37
1262.6661195113484,2.362882874392701e+37
1262.3553025234485,2.3697840010630915e+37
1262.0446385188645,2.377062848802013e+37
1261.7341273846775,2.3868985411981837e+37
1261.4237690080795,2.3958768669667274e+37
1261.113563276373,2.401918507447389e+37
1260.803510076972,2.4115206009424145e+37
1260.4936092974008,2.422746115640402e+37
1260.1838608252945,2.4330730603484026e+37
1259.8742645483983,2.4444964092584783e+37
1259.5648203545675,2.4529248843177667e+37
1259.2555281317686,2.457934161645084e+37
1258.9463877680769,2.466310297746952e+37
1258.6373991516782,2.4766094901585557e+37
1258.3285621708683,2.489942086776681e+37
1258.019876714052,2.500875856131844e+37
1257.711342669744,2.5115829987229746e+37
1257.4029599265675,2.5224378267153894e+37
1257.0947283732567,2.5344793406987313e+37
1256.7866478986525,2.546732790122193e+37
1256.4787183917074,2.5557212768738385e+37
1256.17093974148,2.5659724086185407e+37
1255.8633118371397,2.577084672437462e+37
1255.5558345679633,2.5410961260370138e+37
1255.2485078233362,2.5037586744558763e+37
1254.9413314927526,2.46840239322344e+37
1254.6343054658144,2.4300318647982566e+37
1254.3274296322313,2.393242444315584e+37
1254.0207038818212,2.3552721399217557e+37
1253.7141281045094,2.319565640298108e+37
1253.4077021903302,2.2799104919689755e+37
1253.1014260294228,2.2475480162081976e+37
1252.7952995120363,2.2150712814935623e+37
1252.4893225285255,2.182188949968097e+37
1252.1834949693528,2.1483608783315163e+37
1251.8778167250878,2.1168859189910531e+37
1251.572287686406,2.0832705259344763e+37
1251.2669077440908,2.0488702246911217e+37
1250.9616767890316,2.0178691522142035e+37
1250.656594712224,1.990553368754572e+37
1250.35166140477,1.95954359287196e+37
1250.0468767578784,1.933928160866743e+37
1249.7422406628632,1.9039452292175448e+37
1249.437753011145,1.878315289852353e+37
1249.1334136942498,1.851450009763478e+37
1248.829222603809,1.823914084155408e+37
1248.5251796315601,1.7954590160227e+37
1248.221284669346,1.7674627637651495e+37
1247.9175376091148,1.7407898385042944e+37
1247.6139383429193,1.7140674637289908e+37
1247.3104867629174,1.6895534028726448e+37
1247.0071827613729,1.6660831754456646e+37
1246.7040262306527,1.6422737980769452e+37
1246.40101706323,1.6184447885586244e+37
1246.0981551516813,1.5937283956872933e+37
1245.7954403886881,1.5717262932699855e+37
1245.4928726670362,1.548219368801137e+37
1245.190451879615,1.524636718656698e+37
1244.8881779194185,1.5042508645887e+37
1244.586050679544,1.4799634609098656e+37
1244.284070053193,1.4642951833152925e+37
1243.9822359336708,1.4486963770182937e+37
1243.6805482143855,1.4311000277091257e+37
1243.3790067888494,1.4127056999047659e+37
1243.0776115506771,1.397392337744771e+37
1242.7763623935873,1.3813072757641685e+37
1242.475259211401,1.3639818690260795e+37
1242.1743018980424,1.3485086714645398e+37
1241.8734903475383,1.332931842909983e+37
1241.5728244540182,1.3188948924648474e+37
1241.2723041117144,1.3032475699364468e+37
1240.9719292149614,1.2922759768962101e+37
1240.671699658195,1.2769294614747063e+37
1240.3716153359546,1.26225137950397e+37
1240.071676142881,1.2476543953970519e+37
1239.771881973717,1.2332550086021292e+37
1239.4722327233062,1.218626737599948e+37
1239.1727282865959,1.2057688392758302e+37
1238.8733685586328,1.1913214455834773e+37
1238.5741534345661,1.182287878493247e+37
1238.2750828096462,1.1715129335740928e+37
1237.9761565792244,1.1634179389546098e+37
1237.677374638753,1.15242489593296e+37
1237.3787368837855,1.1430308756817048e+37
1237.0802432099758,1.1329477097201869e+37
1236.781893513079,1.1239775567637309e+37
1236.48368768895,1.1139245864858055e+37
1236.1856256335452,1.1056621322170326e+37
1235.88770724292,1.0973207236537067e+37
1235.5899324132308,1.0902307215692352e+37
1235.292301040734,1.0830093437119647e+37
1234.9948130217854,1.0759275478747984e+37
1234.6974682528414,1.0680404909869344e+37
1234.4002666304575,1.0615299654162658e+37
1234.1032080512896,1.0535236695671122e+37
1233.8062924120914,1.046448762340196e+37
1233.5095196097175,1.0368416434682366e+37
1233.2128895411213,1.0251034076367712e+37
1232.9164021033555,1.0163833071774268e+37
1232.6200571935706,1.0099275189016901e+37
1232.3238547090175,1.0029458921658194e+37
1232.027794547045,9.956844614871779e+36
1231.7318766051005,9.908282646458633e+36
1231.4361007807306,9.837671294587449e+36
1231.1404669715791,9.767942961807917e+36
1230.8449750753894,9.716915058741831e+36
1230.5496249900016,9.654231072308659e+36
1230.2544166133557,9.587954699676723e+36
1229.9593498434876,9.55082154077429e+36
1229.6644245785326,9.508772347662883e+36
1229.3696407167226,9.465315270221083e+36
1229.0749981563874,9.420344023271563e+36
1228.7804967959548,9.382317785668891e+36
1228.4861365339493,9.351093438526158e+36
1228.1919172689923,9.303717076240483e+36
1227.8978388998037,9.266563663797443e+36
1227.6039013251984,9.236602033533638e+36
1227.31010444409,9.187315024499761e+36
1227.0164481554875,9.181670815885953e+36
1226.7229323584975,9.185854864178042e+36
1226.4295569523224,9.170230289872205e+36
1226.136321836262,9.180738396541395e+36
1225.8432269097107,9.187165546826448e+36
1225.5502720721604,9.178909731067929e+36
1225.257457223199,9.193213574115626e+36
1224.96478226251,9.196210159808339e+36
1224.6722470898726,9.195834772885458e+36
1224.3798516051618,9.198320998686252e+36
1224.087595708349,9.187288662451253e+36
1223.7954792994994,9.182796838607263e+36
1223.5035022787752,9.16836779523247e+36
1223.2116645464332,9.145293402786031e+36
1222.9199660028248,9.075221333435238e+36
1222.6284065483978,9.003629392785845e+36
1222.3369860836935,8.930900269174992e+36
1222.0457045093485,8.868565264569056e+36
1221.754561726095,8.799859947684379e+36
1221.463557634758,8.764426813754507e+36
1221.1726921362585,8.70572587027115e+36
1220.8819651316112,8.665142265522092e+36
1220.591376521925,8.622801342826196e+36
1220.3009262084029,8.575972530736662e+36
1220.0106140923428,8.53634558414611e+36
1219.7204400751348,8.493393454021192e+36
1219.4304040582645,8.459197813818706e+36
1219.14050594331,8.420459099531529e+36
1218.8507456319437,8.386687695752547e+36
1218.561123025931,8.367135989412081e+36
1218.2716380271308,8.333011765320541e+36
1217.9822905374956,8.286962343257536e+36
1217.6930804590704,8.257191246481859e+36
1217.4040076939934,8.216824563710358e+36
1217.115072144496,8.187622950602718e+36
1216.826273712902,8.149248383023283e+36
1216.5376123016283,8.06034395518143e+36
1216.2490878131841,7.980098019962935e+36
1215.960700150171,7.900039577325853e+36
1215.6724492152835,7.831918967165106e+36
1215.3843349113074,7.772533536669277e+36
1215.0963571411212,7.721949793499517e+36
1214.8085158076958,7.665678049305962e+36
1214.5208108140935,7.601907077604015e+36
1214.2332420634682,7.558419364298826e+36
1213.9458094590657,7.506874655629896e+36
1213.6585129042242,7.464443751815012e+36
1213.3713523023723,7.419504461975339e+36
1213.0843275570303,7.362783702927496e+36
1212.7974385718096,7.334100985884388e+36
1212.5106852504139,7.309195581499293e+36
1212.2240674966363,7.289327926175412e+36
1211.9375852143614,7.257666285809971e+36
1211.6512383075656,7.233998452848176e+36
1211.3650266803147,7.206300111402891e+36
1211.078950236766,7.190616321572068e+36
1210.7930088811668,7.162289137333146e+36
1210.507202517855,7.146323226395949e+36
1210.221531051259,7.122138240989104e+36
1209.935994385897,7.124689030147547e+36
1209.6505924263774,7.118315763731181e+36
1209.3653250773993,7.109185019934038e+36
1209.0801922437506,7.1024520946914e+36
1208.7951938303092,7.099453907102018e+36
1208.5103297420435,7.087711451981688e+36
1208.2255998840103,7.087911539526454e+36
1207.941004161357,7.069415583282679e+36
1207.656542479319,7.062490499384142e+36
1207.3722147432222,7.051825888045884e+36
1207.088020858481,7.032309908051804e+36
1206.803960730599,7.014500068583341e+36
1206.520034265169,6.98585471491789e+36
1206.2362413678718,6.9588924460875e+36
1205.9525819444777,6.926852440810266e+36
1205.6690559008457,6.888997893720495e+36
1205.3856631429228,6.869821357757838e+36
1205.1024035767439,6.856988306220702e+36
1204.8192771084337,6.845548971370032e+36
1204.536283644204,6.827705225982718e+36
1204.2534230903552,6.814899322463417e+36
1203.970695353275,6.800808067429792e+36
1203.68810033944,6.786971904778517e+36
1203.4056379554138,6.784775686880354e+36
1203.1233081078478,6.764228752560656e+36
1202.8411107034815,6.756194021140549e+36
1202.5590456491414,6.750270326638457e+36
1202.2771128517413,6.743033461490974e+36
1201.9953122182824,6.743778083753994e+36
1201.7136436558533,6.737968104562404e+36
1201.4321070716294,6.736404668828795e+36
1201.1507023728732,6.73262393191307e+36
1200.869429466934,6.723330308416792e+36
1200.588288261248,6.719946021017994e+36
1200.3072786633377,6.710352080793828e+36
1200.0264005808128,6.707604673750132e+36
1199.7456539213688,6.703248572618754e+36
1199.4650385927876,6.696541675809972e+36
1199.184554502938,6.690788850423589e+36
1198.9042015597743,6.679914236794283e+36
1198.6239796713373,6.66944490554247e+36
1198.3438887457532,6.66309034761174e+36
1198.0639286912349,6.650888452126632e+36
1197.7840994160802,6.642156723540748e+36
1197.5044008286732,6.631374678763393e+36
1197.2248328374828,6.607833208503364e+36
1196.945395351064,6.602653683921237e+36
1196.6660882780575,6.593517593359589e+36
1196.386911527188,6.572638900867164e+36
1196.1078650072664,6.554929179745784e+36
1195.8289486271883,6.543551656631497e+36
1195.5501622959346,6.550975063374209e+36
1195.2715059225702,6.549381740703714e+36
1194.9929794162458,6.540963282037959e+36
1194.7145826861963,6.541593970584804e+36
1194.4363156417407,6.527220268568678e+36
1194.1581781922835,6.510737142261134e+36
1193.8801702473124,6.497321137163979e+36
1193.6022917164003,6.494521060628093e+36
1193.3245425092036,6.508494531177473e+36
1193.0469225354634,6.492994470968715e+36
1192.7694317050043,6.501360155597572e+36
1192.4920699277352,6.511262926024438e+36
1192.2148371136477,6.511943015177847e+36
1191.937733172819,6.491223609997814e+36
1191.6607580154082,6.50185167498928e+36
1191.3839115516585,6.506560705484461e+36
1191.1071936918963,6.506620037528903e+36
1190.8306043465318,6.502783155218537e+36
1190.5541434260576,6.514407326159453e+36
1190.2778108410503,6.510831604520167e+36
1190.001606502169,6.516256246345668e+36
1189.7255303201553,6.526225196941373e+36
1189.4495822058343,6.523949282856867e+36
1189.1737620701138,6.532495472336848e+36
1188.8980698239836,6.544061772308972e+36
1188.622505378517,6.544755805925147e+36
1188.3470686448684,6.560300339460718e+36
1188.071759534276,6.559737940918569e+36
1187.7965779580588,6.563444800070288e+36
1187.5215238276194,6.55818883218997e+36
1187.2465970544413,6.571433947808799e+36
1186.9717975500903,6.567452443129407e+36
1186.6971252262142,6.56978350408039e+36
1186.4225799945425,6.576984465260055e+36
1186.1481617668862,6.582107092956606e+36
1185.8738704551383,6.584878507844378e+36
1185.599705971273,6.586044524597516e+36
1185.3256682273454,6.597820195260347e+36
1185.0517571354928,6.607280588990287e+36
1184.7779726079332,6.597360390842526e+36
1184.5043145569657,6.61412779871082e+36
1184.2307828949706,6.617183349187225e+36
1183.9573775344088,6.631925878376564e+36
1183.6840983878221,6.621555914664188e+36
1183.4109453678338,6.624894332290396e+36
1183.1379183871463,6.635127161948936e+36
1182.8650173585443,6.640880202249067e+36
1182.5922421948912,6.642056911299621e+36
1182.3195928091322,6.638682413155361e+36
1182.047069114292,6.651169462208983e+36
1181.774671023476,6.64789771605253e+36
1181.502398449869,6.651638233487853e+36
1181.230251306736,6.651769539557158e+36
1180.9582295074224,6.65222110060565e+36
1180.686332965353,6.668245517995361e+36
1180.4145615940317,6.666156267278418e+36
1180.1429153070437,6.680762034631416e+36
1179.8713940180521,6.687370173447672e+36
1179.5999976408,6.691225758736894e+36
1179.3287260891102,6.692510886053513e+36
1179.0575792768839,6.695267201708753e+36
1178.7865571181026,6.680186097241992e+36
1178.515659526826,6.670168877517037e+36
1178.244886417193,6.667025404816308e+36
1177.9742377034215,6.64611895161435e+36
1177.7037132998082,6.659747846599293e+36
1177.4333131207281,6.647337447153528e+36
1177.1630370806356,6.638935376930872e+36
1176.892885094063,6.646688287291173e+36
1176.6228570756216,6.636753987512415e+36
1176.35295294,6.634752662374959e+36
1176.0831726019665,6.636463157421642e+36
1175.8135159763663,6.639572775334489e+36
1175.543982978123,6.657226123243292e+36
1175.2745735222393,6.643241900198749e+36
1175.0052875237939,6.630027832382337e+36
1174.7361248979448,6.627442291775862e+36
1174.4670855599272,6.615079131110555e+36
1174.198169425054,6.60433368691369e+36
1173.9293764087154,6.597591483490359e+36
1173.6607064263792,6.592582024599128e+36
1173.3921593935909,6.5863647930585e+36
1173.123735225973,6.576774733618901e+36
1172.855433839225,6.570163060309065e+36
1172.5872551491238,6.563463825696165e+36
1172.3191990715231,6.56255232609032e+36
1172.051265522354,6.562407926331383e+36
1171.7834544176237,6.553129750676997e+36
1171.5157656734166,6.561598341471498e+36
1171.2481992058938,6.562122005072515e+36
1170.9807549312927,6.566778174144678e+36
1170.7134327659276,6.558165691910131e+36
1170.4462326261887,6.550542951227892e+36
1170.179154428543,6.536945477079042e+36
1169.9121980895334,6.506871588622324e+36
1169.645363525779,6.503532742611474e+36
1169.378650653975,6.490362527319609e+36
1169.1120593908925,6.454700773708512e+36
1168.845589653379,6.436756023775191e+36
1168.5792413583565,6.423799240042759e+36
1168.3130144228242,6.432628573436512e+36
1168.046908763856,6.437762670247474e+36
1167.7809242986016,6.444364519689441e+36
1167.5150609442862,6.454313197249404e+36
1167.2493186182103,6.457092221517007e+36
1166.9836972377495,6.46990772850064e+36
1166.718196720355,6.479142904397387e+36
1166.452816983553,6.481154539910382e+36
1166.1875579449443,6.49473104445001e+36
1165.922419522205,6.505021507386398e+36
1165.657401633086,6.502977308685212e+36
1165.392504195413,6.48935147853406e+36
1165.1277271270862,6.488610015712433e+36
1164.8630703460808,6.48445400629008e+36
1164.598533770446,6.47506711545614e+36
1164.3341173183057,6.490648053091864e+36
1164.069820907858,6.490484828104554e+36
1163.8056444573756,6.477528177707603e+36
1163.541587885205,6.487395570776926e+36
1163.2776511097668,6.477906073021367e+36
1163.0138340495562,6.476904005340697e+36
1162.750136623141,6.498736354572414e+36
1162.4865587491645,6.489737540700392e+36
1162.2231003463426,6.505975759031715e+36
1161.959761333465,6.504928449996985e+36
1161.6965416293956,6.513225626468414e+36
1161.4334411530713,6.508930285657908e+36
1161.1704598235021,6.516534116722313e+36
1160.9075975597723,6.521801713634617e+36
1160.6448542810385,6.52389709209153e+36
1160.3822299065312,6.523714053689436e+36
1160.1197243555534,6.531969608230566e+36
1159.8573375474816,6.529429041062967e+36
1159.595069401765,6.525100516262858e+36
1159.3329198379254,6.522602030893254e+36
1159.0708887755575,6.506420556173987e+36
1158.8089761343292,6.523586127837196e+36
1158.5471818339802,6.528046774481467e+36
1158.2855057943232,6.518792906450391e+36
1158.0239479352433,6.528008548507381e+36
1157.7625081766978,6.53551288933534e+36
1157.501186438716,6.538420781592501e+36
1157.2399826414003,6.537512620786291e+36
1156.9788967049242,6.54045129253871e+36
1156.7179285495336,6.545661682153435e+36
1156.4570780955464,6.545321214633475e+36
1156.1963452633527,6.565195072047757e+36
1155.9357299734136,6.561697314636551e+36
1155.6752321462623,6.563607517490948e+36
1155.4148517025037,6.577667183996116e+36
1155.1545885628145,6.587886006907124e+36
1154.894442647942,6.603278811126576e+36
1154.6344138787058,6.624999238156317e+36
1154.374502175996,6.643896805534588e+36
1154.1147074607745,6.660055364588924e+36
1153.8550296540743,6.672281001813966e+36
1153.5954686769992,6.680487169202435e+36
1153.3360244507237,6.69679699961995e+36
1153.076696896494,6.695762480272625e+36
1152.8174859356268,6.705587741478863e+36
1152.558391489509,6.714290015347269e+36
1152.2994134795986,6.71930140916626e+36
1152.0405518274242,6.731994072352903e+36
1151.7818064545854,6.750590038003646e+36
1151.5231772827508,6.769936638511701e+36
1151.2646642336606,6.798840456107624e+36
1151.0062672291251,6.818853035136951e+36
1150.7479861910242,6.84187227575547e+36
1150.4898210413085,6.866062130019651e+36
1150.231771701998,6.883821138087442e+36
1149.9738380951833,6.922120701253668e+36
1149.7160201430247,6.93780378819899e+36
1149.4583177677519,6.967425773717781e+36
1149.2007308916648,6.976647285186886e+36
1148.9432594371326,6.994441345550716e+36
1148.6859033265944,7.003667924895327e+36
1148.4286624825584,7.020622021318057e+36
1148.171536827602,7.045614557780278e+36
1147.9145262843729,7.05182307732105e+36
1147.657630775587,7.076381998798188e+36
1147.4008502240301,7.093941942372176e+36
1147.1441845525565,7.111991068974033e+36
1146.88763368409,7.127037662571834e+36
1146.6311975416227,7.14530822701539e+36
1146.3748760482165,7.161951283605617e+36
1146.1186691270013,7.140978841840656e+36
1145.8625767011763,7.087153582085701e+36
1145.6065986940084,7.053784073359709e+36
1145.3507350288342,7.008948427989886e+36
1145.0949856290579,6.960239660595771e+36
1144.8393504181524,6.917702577422636e+36
1144.5838293196593,6.874983025328339e+36
1144.3284222571879,6.842952654502928e+36
1144.0731291544155,6.796983622939882e+36
1143.8179499350883,6.760319094040569e+36
1143.5628845230199,6.715269553567172e+36
1143.307932842092,6.67233334721486e+36
1143.0530948162543,6.637746324681243e+36
1142.7983703695238,6.594247670176083e+36
1142.543759425986,6.551668299774437e+36
1142.2892619097934,6.515645347855167e+36
1142.0348777451663,6.463522298886891e+36
1141.7806068563925,6.426346351886311e+36
1141.5264491678272,6.386231817042315e+36
1141.272404603893,6.344384867657508e+36
1141.0184730890794,6.301980995747869e+36
1140.7646545479436,6.267187576747587e+36
1140.5109489051094,6.225701599846565e+36
1140.2573560852684,6.195605818420732e+36
1140.0038760131783,6.164357972459488e+36
1139.7505086136646,6.125114681147963e+36
1139.4972538116183,6.10035524968979e+36
1139.2441115319984,6.060399346222553e+36
1138.9910816998304,6.031260942492648e+36
1138.7381642402054,6.001929049799342e+36
1138.4853590782823,5.972021226045916e+36
1138.2326661392856,5.953547424847557e+36
1137.9800853485062,5.937505424313048e+36
1137.7276166313022,5.923296543739136e+36
1137.475259913097,5.901488953279368e+36
1137.2230151193799,5.885946714746983e+36
1136.9708821757074,5.872041003892114e+36
1136.7188610077012,5.862390800749265e+36
1136.4669515410492,5.836423450764331e+36
1136.215153701505,5.828405243999214e+36
1135.963467414888,5.817496394432627e+36
1135.7118926070834,5.8242539739704e+36
1135.4604292040422,5.830340700967088e+36
1135.2090771317808,5.831424938356788e+36
1134.9578363163807,5.832121631845147e+36
1134.70670668399,5.841054231568561e+36
1134.4556881608205,5.843460545800113e+36
1134.2047806731505,5.849875078638087e+36
1133.9539841473234,5.854607189358696e+36
1133.7032985097471,5.859916181593863e+36
1133.452723686895,5.868867499071469e+36
1133.2022596053057,5.879681495700797e+36
1132.951906191582,5.905083396572215e+36
1132.7016633723927,5.93013738477555e+36
1132.45153107447,5.953326726896713e+36
1132.2015092246118,5.97536687353592e+36
1131.95159774968,5.993005201483132e+36
1131.7017965766022,6.016804444171958e+36
1131.4521056323686,6.040986677732481e+36
1131.2025248440355,6.065795615734358e+36
1130.9530541387228,6.086652009937573e+36
1130.7036934436146,6.114398092282634e+36
1130.4544426859597,6.112696730276049e+36
1130.2053017930707,6.089757899079539e+36
1129.9562706923243,6.063372067509328e+36
1129.707349311161,6.034907733816393e+36
1129.4585375770855,6.006287582948207e+36
1129.2098354176665,5.979486125705869e+36
1128.9612427605362,5.944416274115949e+36
1128.7127595333902,5.9229812959157e+36
1128.4643856639884,5.890851631583593e+36
1128.2161210801542,5.867798969895076e+36
1127.9679657097738,5.845531272806103e+36
1127.719919480798,5.814529181590299e+36
1127.4719823212392,5.796075080422418e+36
1127.2241541591752,5.771524062393332e+36
1126.9764349227457,5.751111689626514e+36
1126.728824540154,5.719041878819772e+36
1126.4813229396657,5.691554174066164e+36
1126.2339300496105,5.662264622848557e+36
1125.9866457983808,5.620616559632785e+36
1125.7394701144315,5.585780440787761e+36
1125.4924029262802,5.552140840941696e+36
1125.245444162508,5.51796376459646e+36
1124.9985937517579,5.482568988772133e+36
1124.7518516227358,5.442863861742301e+36
1124.5052177042103,5.404560134148017e+36
1124.2586919250118,5.364046648813329e+36
1124.0122742140345,5.317720969104955e+36
1123.7659645002332,5.277101742679381e+36
1123.519762712626,5.2290590751927156e+36
1123.2736687802933,5.18899315953634e+36
1123.0276826323768,5.14550057652635e+36
1122.781804198081,5.1097523270999124e+36
1122.5360334066722,5.0708701539666644e+36
1122.2903701874786,5.036807781616783e+36
1122.0448144698898,4.9997485521461584e+36
1121.7993661833582,4.9585426980054424e+36
1121.5540252573967,4.9225903377827363e+36
1121.3087916215807,4.884201205431038e+36
1121.063665205547,4.849684075752746e+36
1120.8186459389938,4.8118366277117776e+36
1120.573733751681,4.7779869081097424e+36
1120.3289285734293,4.7438067140618467e+36
1120.0842303341212,4.714387806031017e+36
1119.8396389637005,4.674203917223708e+36
1119.5951543921717,4.6351461142951914e+36
1119.3507765496013,4.598031242165792e+36
1119.1065053661157,4.5572159273264053e+36
1118.8623407719033,4.517973999036978e+36
1118.6182826972124,4.4788019109645226e+36
1118.3743310723532,4.4439384950147493e+36
1118.130485827696,4.4116348910230256e+36
1117.8867468936721,4.376822904165837e+36
1117.6431142007734,4.345309329903941e+36
1117.399587679552,4.3175166501192315e+36
1117.1561672606213,4.288113132970543e+36
1116.9128528746544,4.256742600163593e+36
1116.6696444523852,4.226739031263234e+36
1116.4265419246078,4.194966407604194e+36
1116.1835452221762,4.1682277202798686e+36
1115.9406542760057,4.1400115040685297e+36
1115.6978690170702,4.11564184176811e+36
1115.4551893764046,4.0842023112979754e+36
1115.2126152851042,4.0657418304669576e+36
1114.9701466743227,4.0475178953355386e+36
1114.7277834752754,4.031039300740671e+36
1114.4855256192361,4.011574577654112e+36
1114.2433730375387,3.992320134695636e+36
1114.0013256615775,3.9713608092189513e+36
1113.7593834228053,3.953514088207756e+36
1113.517546252735,3.9388669762765796e+36
1113.275814082939,3.9239916968358394e+36
1113.034186845049,3.9069536728904966e+36
1112.7926644707557,3.891998652764069e+36
1112.5512468918098,3.876384136510433e+36
1112.309934040021,3.8662321182099306e+36
1112.0687258472574,3.8506296399164637e+36
1111.827622245447,3.841203419403797e+36
1111.5866231665768,3.821963088506345e+36
1111.3457285426923,3.8125062082691836e+36
1111.1049383058983,3.8014134782002e+36
1110.8642523883582,3.789419020436394e+36
1110.6236707222943,3.7767519050563445e+36
1110.3831932399871,3.7725706192142116e+36
1110.1428198737767,3.760817987353422e+36
1109.9025505560612,3.7423737785422933e+36
1109.662385219297,3.7267796325535554e+36
1109.4223237959995,3.715447954673221e+36
1109.182366218742,3.7002404063300446e+36
1108.9425124201562,3.683778422381212e+36
1108.7027623329323,3.6664578035019257e+36
1108.4631158898187,3.660570172933235e+36
1108.2235730236218,3.6521584819182693e+36
1107.984133667206,3.6538826835887187e+36
1107.7447977534935,3.643847761462883e+36
1107.5055652154651,3.6425547532851595e+36
1107.2664359861592,3.63745473459165e+36
1107.0274099986716,3.6304111668228547e+36
1106.7884871861563,3.6300937954461043e+36
1106.5496674818248,3.623394605751674e+36
1106.3109508189466,3.617993230113382e+36
1106.0723371308484,3.6094220324057173e+36
1105.8338263509143,3.6098247368248497e+36
1105.595418412586,3.6067152065284435e+36
1105.357113249363,3.594597054162522e+36
1105.1189107948016,3.5947772118174146e+36
1104.8808109825154,3.588089574588015e+36
1104.6428137461753,3.579773506543232e+36
1104.4049190195092,3.571525330705915e+36
1104.1671267363029,3.5656755173002975e+36
1103.929436830398,3.5555007983024395e+36
1103.6918492356933,3.5430431661488546e+36
1103.4543638861455,3.535963106265225e+36
1103.2169807157672,3.531869243954279e+36
1102.9796996586279,3.5283981805808005e+36
1102.7425206488538,3.529571223460742e+36
1102.5054436206278,3.527753164051801e+36
1102.26846850819,3.5230037851938904e+36
1102.0315952458357,3.524161300238113e+36
1101.794823767918,3.523850511783286e+36
1101.5581540088456,3.518767493125158e+36
1101.3215859030838,3.514131231681222e+36
1101.085119385154,3.5084651843971833e+36
1100.8487543896345,3.504994361547363e+36
1100.6124908511588,3.504498910355237e+36
1100.376328704417,3.506346039092391e+36
1100.1402678841553,3.506881290284976e+36
1099.9043083251756,3.498562214709409e+36
1099.6684499623364,3.4921194258969555e+36
1099.432692730551,3.484104276288701e+36
1099.1970365647894,3.472768682278258e+36
1098.961481400077,3.4699989742864366e+36
1098.7260271714947,3.461324147425756e+36
1098.4906738141794,3.453133057867009e+36
1098.2554212633231,3.445691030621251e+36
1098.020269454174,3.4363835963508666e+36
1097.7852183220352,3.425588669571363e+36
1097.5502678022654,3.4165178869255677e+36
1097.3154178302782,3.411153341816134e+36
1097.080668341543,3.398984977292367e+36
1096.8460192715845,3.3921237406349836e+36
1096.611470555982,3.3817525051947864e+36
1096.3770221303703,3.369705534087577e+36
1096.1426739304388,3.362770598513451e+36
1095.9084258919324,3.351160743007746e+36
1095.6742779506508,3.345192123957501e+36
1095.4402300424483,3.3336023881915626e+36
1095.2062821032341,3.3229941266382315e+36
1094.9724340689722,3.3153133385010025e+36
1094.7386858756813,3.307655743099071e+36
1094.505037459435,3.309902008443334e+36
1094.2714887563604,3.304925124613311e+36
1094.0380397026404,3.294037237517687e+36
1093.8046902345118,3.2861782529193203e+36
1093.5714402882654,3.278123435887446e+36
1093.3382898002471,3.266926229861546e+36
1093.1052387068567,3.255007647887845e+36
1092.8722869445476,3.244759887875263e+36
1092.6394344498287,3.231217123898168e+36
1092.406681159262,3.220650753083177e+36
1092.1740270094635,3.2154551613460505e+36
1091.941471937104,3.2042430046119616e+36
1091.7090158789076,3.1948078117973247e+36
1091.4766587716522,3.189912883894502e+36
1091.2444005521697,3.1773991325157613e+36
1091.0122411573457,3.162460384086974e+36
1090.78018052412,3.1459320905862425e+36
1090.5482185894848,3.1251580546649064e+36
1090.3163552904875,3.1068728587847424e+36
1090.0845905642277,3.089601089497729e+36
1089.8529243478592,3.073006276705561e+36
1089.621356578589,3.05399254806915e+36
1089.3898871936772,3.038274628365854e+36
1089.1585161304376,3.0229776839910263e+36
1088.9272433262372,3.003565788062188e+36
1088.6960687184958,2.9796631475818374e+36
1088.464992244687,2.9619473342137674e+36
1088.2340138423367,2.9385917290221087e+36
1088.0031334490243,2.914504514960668e+36
1087.7723510023823,2.878435628495634e+36
1087.5416664400955,2.8536993071380874e+36
1087.3110796999022,2.8285646016323224e+36
1087.0805907195931,2.799483413799553e+36
1086.8501994370115,2.769269532717474e+36
1086.6199057900542,2.739387302300889e+36
1086.3897097166696,2.7154371736047853e+36
1086.1596111548592,2.684230413939127e+36
1085.929610042677,2.66576698501326e+36
1085.6997063182296,2.6422539150981764e+36
1085.469899919675,2.6208992577595723e+36
1085.2401907852256,2.6066817889832684e+36
1085.0105788531437,2.5938774871710458e+36
1084.7810640617458,2.5803278176276103e+36
1084.551646349399,2.5664193376145815e+36
1084.322325654524,2.553624513922048e+36
1084.0931019155926,2.5407190486176936e+36
1083.8639750711286,2.5360050173483123e+36
1083.6349450597083,2.5279517376863252e+36
1083.4060118199595,2.517049204418746e+36
1083.1771752905622,2.4967342606444615e+36
1082.9484354102478,2.4827636829244472e+36
1082.7197921178,2.4687090287502134e+36
1082.4912453520533,2.45575936205838e+36
1082.2627950518945,2.4401076991627677e+36
1082.034441156262,2.424702085542863e+36
1081.8061836041454,2.401648752210414e+36
1081.5780223345862,2.3802001824451013e+36
1081.3499572866767,2.3578861177311253e+36
1081.1219883995611,2.3421360126219742e+36
1080.8941156124347,2.3272570707842295e+36
1080.6663388645438,2.3158747970167455e+36
1080.4386580951866,2.3051651210887922e+36
1080.2110732437118,2.2934446394568487e+36
1079.9835842495193,2.2855863386006632e+36
1079.7561910520606,2.2763620633668065e+36
1079.528893590837,2.26435355822125e+36
1079.3016918054018,2.255522403105048e+36
1079.074585635359,2.246597857422968e+36
1078.8475750203631,2.240799594686953e+36
1078.6206599001198,2.2161846291726985e+36
1078.3938402143847,2.2047477455544078e+36
1078.167115902965,2.1901380488218458e+36
1077.940486905718,2.1855410505264566e+36
1077.7139531625517,2.1836141191661145e+36
1077.4875146134243,2.1829126881765342e+36
1077.2611711983452,2.177304126341386e+36
1077.0349228573737,2.177702659787656e+36
1076.808769530619,2.175274741731041e+36
1076.5827111582414,2.169471299990478e+36
1076.3567476804512,2.1712028770683567e+36
1076.1308790375085,2.1644889367421808e+36
1075.905105169724,2.165921070636166e+36
1075.6794260174584,2.1645326705822316e+36
1075.4538415211218,2.1661176332310682e+36
1075.2283516211755,2.1683302256630135e+36
1075.0029562581299,2.1654368495877185e+36
1074.7776553725448,2.1643882865349603e+36
1074.552448905031,2.1635558544332662e+36
1074.3273367962486,2.1739188793168508e+36
1074.1023189869068,2.1759048737176143e+36
1073.877395417765,2.1750963646705882e+36
1073.6525660296327,2.1743020079161685e+36
1073.427830763368,2.1699064201117986e+36
1073.2031895598793,2.1591866710342633e+36
1072.9786423601238,2.1616924494748604e+36
1072.7541891051085,2.1585610054662088e+36
1072.5298297358895,2.159286229681013e+36
1072.3055641935725,2.1646989840243004e+36
1072.0813924193124,2.1670139530173138e+36
1071.857314354313,2.173604761679305e+36
1071.6333299398277,2.1758604781436116e+36
1071.4094391171586,2.183215778917056e+36
1071.185641827657,2.1890471268090414e+36
1070.961938012723,2.195102145135973e+36
1070.7383276138062,2.19911864624629e+36
1070.5148105724043,2.2048617126927347e+36
1070.2913868300645,2.2094600871891162e+36
1070.0680563283825,2.2142515057326047e+36
1069.8448190090028,2.2160711047154047e+36
1069.6216748136185,2.221190717235061e+36
1069.3986236839712,2.2244237624540366e+36
1069.1756655618517,2.2285223770746647e+36
1068.952800389099,2.2317723577547985e+36
1068.7300281075998,2.230930710852405e+36
1068.5073486592903,2.2281526472159548e+36
1068.284761986155,2.2275746745788845e+36
1068.062268030226,2.226919582830027e+36
1067.8398667335846,2.2264846661015318e+36
1067.6175580383594,2.2285867805090424e+36
1067.395341886728,2.2271464740876814e+36
1067.1732182209155,2.2217681176561983e+36
1066.9511869831954,2.2179116991945162e+36
1066.7292481158895,2.211510154473637e+36
1066.5074015613668,2.202077980738322e+36
1066.285647262045,2.1902193534008052e+36
1066.0639851603894,2.183072713542791e+36
1065.8424151989127,2.176983026923787e+36
1065.6209373201766,2.159453706852694e+36
1065.3995514667888,2.1464156664664477e+36
1065.1782575814061,2.1366047089587962e+36
1064.9570556067326,2.1278196872844236e+36
1064.7359454855196,2.1142364341137668e+36
1064.514927160566,2.105982551016341e+36
1064.2940005747187,2.0990759737531125e+36
1064.0731656708715,2.0847246456635137e+36
1063.8524223919658,2.0839954783824755e+36
1063.6317706809903,2.0716375404346584e+36
1063.4112104809808,2.0640399807906733e+36
1063.190741735021,2.047576068092773e+36
1062.970364386241,2.0396155833704705e+36
1062.7500783778182,2.0289315120387986e+36
1062.5298836529778,2.0123089492616952e+36
1062.309780154991,1.9996051308538545e+36
1062.0897678271767,1.9893050190460384e+36
1061.8698466129006,1.9698375210947797e+36
1061.6500164555753,1.9534188943222337e+36
1061.4302772986598,1.938084915707929e+36
1061.210629085661,1.9192236721145155e+36
1060.9910717601313,1.908034713684861e+36
1060.7716052656704,1.903534712286288e+36
1060.5522295459245,1.900247102622662e+36
1060.332944544587,1.8992670324388976e+36
1060.113750205397,1.893864828167581e+36
1059.8946464721407,1.8933413262126938e+36
1059.6756332886503,1.8902531240080328e+36
1059.4567105988049,1.8910340674977102e+36
1059.2378783465297,1.8859242372986633e+36
1059.0191364757961,1.8848357779620025e+36
1058.8004849306221,1.8836058898460857e+36
1058.5819236550717,1.8817481080580917e+36
1058.363452593255,1.8838870666882727e+36
1058.1450716893287,1.8827679005108154e+36
1057.9267808874947,1.8881327168443696e+36
1057.708580132002,1.8904197725053434e+36
1057.490469367145,1.895124034732702e+36
1057.2724485372635,1.8988475987529124e+36
1057.0545175867444,1.904332957397825e+36
1056.8366764600198,1.9061015010604974e+36
1056.6189251015674,1.9119198311635098e+36
1056.401263455911,1.916569484351325e+36
1056.18369146762,1.9146588818560957e+36
1055.9662090813094,1.91428055305875e+36
1055.7488162416398,1.8983322477058236e+36
1055.5315128933173,1.8866270093469657e+36
1055.314298981094,1.8762864939817984e+36
1055.097174449767,1.8627979835729112e+36
1054.8801392441783,1.8523203110399362e+36
1054.6631933092167,1.838230453988599e+36
1054.446336589815,1.822570278056861e+36
1054.2295690309522,1.8143343571420282e+36
1054.0128905776517,1.8059761513200255e+36
1053.7963011749828,1.7952270390023644e+36
1053.5798007680596,1.7833442611369679e+36
1053.3633893020415,1.776709325628718e+36
1053.1470667221324,1.764241388030581e+36
1052.930832973582,1.7572564346669027e+36
1052.7146880016842,1.7468682716779632e+36
1052.4986317517787,1.7418346509903494e+36
1052.282664169249,1.7298086725249382e+36
1052.0667851995245,1.7219502021338914e+36
1051.8509947880782,1.71265654845717e+36
1051.635292880429,1.7044966373005343e+36
1051.4196794221398,1.698740738976647e+36
1051.204154358818,1.6910909562894875e+36
1050.9887176361162,1.6812718406418177e+36
1050.773369199731,1.6779265648602196e+36
1050.5581089954037,1.6710048116080533e+36
1050.3429369689204,1.6621110100029753e+36
1050.1278530661107,1.658159730429453e+36
1049.9128572328495,1.6514590858622187e+36
1049.6979494150557,1.6484835291811563e+36
1049.4831295586923,1.6444124188179363e+36
1049.2683976097665,1.637247160659766e+36
1049.05375351433,1.6314724195910702e+36
1048.8391972184784,1.6252445493067742e+36
1048.6247286683515,1.619725222201696e+36
1048.4103478101329,1.6087128417599593e+36
1048.1960545900504,1.6030486142821508e+36
1047.9818489543761,1.5972912966990563e+36
1047.7677308494253,1.5880185197317946e+36
1047.5537002215576,1.5801457284867924e+36
1047.3397570171765,1.569552048458414e+36
1047.1259011827287,1.5646486523458866e+36
1046.9121326647055,1.555689271327926e+36
1046.6984514096412,1.553999837519443e+36
1046.4848573641139,1.5459856660454317e+36
1046.2713504747455,1.5431947317771286e+36
1046.0579306882014,1.5378037936118452e+36
1045.8445979511903,1.5337451004908545e+36
1045.6313522104647,1.5280757050651187e+36
1045.41819341282,1.5225537305144496e+36
1045.2051215050953,1.5166393472535937e+36
1044.9921364341733,1.5095105630068295e+36
1044.7792381469794,1.5024778126797636e+36
1044.566426590483,1.4983237020300451e+36
1044.3537017116957,1.4950095630110372e+36
1044.141063457673,1.494010632010543e+36
1043.9285117755137,1.492226915757574e+36
1043.7160466123587,1.487997880960443e+36
1043.5036679153927,1.490153258605588e+36
1043.2913756318433,1.48825769043349e+36
1043.0791697089808,1.4832643222714383e+36
1042.8670500941187,1.480052187086087e+36
1042.655016734613,1.4787895195681462e+36
1042.4430695778626,1.4758290561907147e+36
1042.2312085713095,1.4725773141554128e+36
1042.0194336624377,1.4709735652833563e+36
1041.8077447987748,1.4655021613106568e+36
1041.5961419278901,1.4603976744956314e+36
1041.3846249973965,1.458571174395442e+36
1041.1731939549484,1.456758114468567e+36
1040.9618487482433,1.4534067073367253e+36
1040.750589325021,1.45108359050395e+36
1040.5394156330642,1.448861030805597e+36
1040.328327620197,1.4455097638957878e+36
1040.1173252342865,1.443050697568066e+36
1039.9064084232418,1.4421033480630927e+36
1039.695577135015,1.4378848849536477e+36
1039.484831317599,1.4371647799614857e+36
1039.27417091903,1.4354065189837868e+36
1039.0635958873863,1.433502950110504e+36
1038.8531061707874,1.4336401073219205e+36
1038.6427017173958,1.434852633015707e+36
1038.4323824754151,1.4340534813522566e+36
1038.2221483930916,1.4326527224751205e+36
1038.0119994187132,1.4317549547935185e+36
1037.8019355006097,1.4299286800009465e+36
1037.5919565871525,1.4305478734047906e+36
1037.3820626267552,1.4302724307830708e+36
1037.1722535678725,1.429324179264724e+36
1036.9625293590016,1.426528000473713e+36
1036.7528899486806,1.4262406709349702e+36
1036.54333528549,1.4250599766961456e+36
1036.3338653180508,1.4230440163636506e+36
1036.1244799950266,1.4205168184624763e+36
1035.9151792651217,1.4191414901627195e+36
1035.7059630770825,1.4142017962675037e+36
1035.496831379696,1.414628176845184e+36
1035.2877841217912,1.4110028859215862e+36
1035.0788212522384,1.4074988692768875e+36
1034.8699427199488,1.406929099879332e+36
1034.6611484738748,1.3995105340005425e+36
1034.4524384630106,1.4029002110320742e+36
1034.2438126363909,1.3990074874459463e+36
1034.0352709430917,1.3972810429880497e+36
1033.8268133322306,1.3953201593702044e+36
1033.618439752965,1.394014813159318e+36
1033.4101501544949,1.38841791175247e+36
1033.2019444860593,1.390546493185415e+36
1032.9938226969402,1.3888533034772464e+36
1032.785784736459,1.3865849366675296e+36
1032.577830553978,1.3848975865961694e+36
1032.3699600989012,1.3817588148218873e+36
1032.162173320672,1.3810497796888216e+36
1031.9544701687762,1.379866982626638e+36
1031.7468505927386,1.376520136183339e+36
1031.5393145421253,1.375684225668616e+36
1031.3318619665436,1.3753807389686572e+36
1031.12449281564,1.370210924074939e+36
1030.9172070391028,1.367705412719871e+36
1030.7100045866596,1.3671039043713547e+36
1030.502885408079,1.3649751588811885e+36
1030.2958494531704,1.3639724184407205e+36
1030.0888966717828,1.3647989737120475e+36
1029.8820270138056,1.3612671568385206e+36
1029.6752404291685,1.360165537422323e+36
1029.468536867842,1.3607290546191778e+36
1029.2619162798358,1.3553284285783564e+36
1029.0553786152002,1.35584948626697e+36
1028.8489238240256,1.3524643680067012e+36
1028.6425518564427,1.3487022869157866e+36
1028.4362626626214,1.346117691815849e+36
1028.2300561927725,1.3408299167664233e+36
1028.0239323971462,1.3356379396216586e+36
1027.8178912260325,1.3370343745901005e+36
1027.6119326297617,1.3326689996593566e+36
1027.4060565587033,1.3332186375072336e+36
1027.2002629632673,1.331233943003272e+36
1026.9945517939027,1.3304223228165963e+36
1026.7889230010987,1.3303503979889538e+36
1026.5833765353836,1.3295352169830042e+36
1026.3779123473262,1.3325143140200226e+36
1026.1725303875342,1.330559259859085e+36
1025.9672306066543,1.333673676995471e+36
1025.762012955374,1.3338805512684387e+36
1025.5568773844197,1.3351685794370245e+36
1025.3518238445565,1.3346033331926166e+36
1025.14685228659,1.333070874758911e+36
1024.9419626613642,1.3339073732932066e+36
1024.737154919763,1.3311018274275326e+36
1024.5324290127091,1.3283101389101374e+36
1024.327784891165,1.3233795595270537e+36
1024.123222506132,1.3209749686013338e+36
1023.9187418086501,1.3172980415446002e+36
1023.714342749799,1.31537380996257e+36
1023.5100252806976,1.3123431785560746e+36
1023.3057893525032,1.3067817272786785e+36
1023.1016349164125,1.3027197375201347e+36
1022.8975619236611,1.3000843092469058e+36
1022.6935703255233,1.2985759396282062e+36
1022.4896600733125,1.2962779474428181e+36
1022.2858311183808,1.2922344854656266e+36
1022.0820834121188,1.2922955051404177e+36
1021.8784169059566,1.2979299723716183e+36
1021.6748315513622,1.2987896476400635e+36
1021.4713272998426,1.3026431379679267e+36
1021.2679041029438,1.3058442129950287e+36
1021.0645619122497,1.3099036044798827e+36
1020.8613006793832,1.3098803483702798e+36
1020.6581203560055,1.3155960492020777e+36
1020.4550208938166,1.3150580235664992e+36
1020.2520022445544,1.3129741179291705e+36
1020.0490643599957,1.3017404424683026e+36
1019.8462071919555,1.2892752390507369e+36
1019.6434306922869,1.2884421143320633e+36
1019.4407348128817,1.2849820181611013e+36
1019.2381195056695,1.2850761632617015e+36
1019.0355847226184,1.281498871930081e+36
1018.8331304157348,1.2768949523394306e+36
1018.6307565370629,1.276180046248463e+36
1018.428463038685,1.2709099176107323e+36
1018.2262498727217,1.2705480962838467e+36
1018.0241169913315,1.2672061865663518e+36
1017.8220643467109,1.2658125010532109e+36
1017.6200918910943,1.2644848915217576e+36
1017.4181995767541,1.2628239131509724e+36
1017.2163873560003,1.2617842257899829e+36
1017.0146551811811,1.2617611473184802e+36
1016.8130030046824,1.2586480378343369e+36
1016.6114307789276,1.2608320639840534e+36
1016.4099384563782,1.255177885479314e+36
1016.2085259895331,1.2543695746628567e+36
1016.0071933309288,1.2492876169483442e+36
1015.8059404331397,1.2477756295929007e+36
1015.6047672487775,1.2333857581294385e+36
1015.4036737304915,1.2226948490672827e+36
1015.2026598309687,1.2112694672750411e+36
1015.0017255029334,1.2076607784523337e+36
1014.800870699147,1.2029888299581345e+36
1014.600095372409,1.1975831287958362e+36
1014.3993994755555,1.1943509164547544e+36
1014.1987829614604,1.1908163486997301e+36
1013.9982457830347,1.1880403340358755e+36
1013.7977878932268,1.1843423174887585e+36
1013.5974092450219,1.1813294430648807e+36
1013.3971097914429,1.1775498256783484e+36
1013.1968894855493,1.1726025612381487e+36
1012.9967482804379,1.1691835116381835e+36
1012.796686129243,1.1663969059096105e+36
1012.596702985135,1.1675323924309822e+36
1012.3967988013222,1.1690847374390277e+36
1012.1969735310491,1.1679206097465259e+36
1011.9972271275976,1.171311840805637e+36
1011.7975595442864,1.1721904714785517e+36
1011.5979707344708,1.1752380566496799e+36
1011.3984606515429,1.1765467571285564e+36
1011.1990292489319,1.1797805825862236e+36
1010.9996764801034,1.1842497913158185e+36
1010.80040229856,1.1826027349174076e+36
1010.6012066578406,1.1866635214320038e+36
1010.4020895115211,1.1886946699962493e+36
1010.2030508132135,1.1903107765893798e+36
1010.0040905165666,1.1899875530814408e+36
1009.8052085752659,1.1818539912618775e+36
1009.6064049430329,1.1767914202352787e+36
1009.4076795736262,1.1700236365301441e+36
1009.2090324208401,1.1605597542723597e+36
1009.0104634385059,1.1529994038401274e+36
1008.8119725804906,1.1465343479761566e+36
1008.613559800698,1.1411111920644526e+36
1008.4152250530678,1.1333503308652698e+36
1008.2169682915763,1.1284471042840172e+36
1008.0187894702357,1.1235439656594753e+36
1007.8206885430943,1.118495027745203e+36
1007.622665464237,1.1127961012863068e+36
1007.4247201877839,1.1083197442123412e+36
1007.2268526678921,1.1001241192360026e+36
1007.0290628587541,1.0938618665526918e+36
1006.8313507145986,1.0896019630647401e+36
1006.6337161896901,1.0840808215260495e+36
1006.4361592383291,1.0764821201457837e+36
1006.238679814852,1.0741993348823841e+36
1006.0412778736311,1.0705841891836344e+36
1005.8439533690743,1.0689712940242881e+36
1005.6467062556253,1.0667334406068004e+36
1005.4495364877637,1.0634121392669126e+36
1005.2524440200045,1.0622547402784782e+36
1005.0554288068987,1.0593887353037875e+36
1004.8584908030327,1.0575591088899357e+36
1004.6616299630284,1.0540641881630656e+36
1004.4648462415436,1.0542597104203011e+36
1004.2681395932715,1.0529580753285978e+36
1004.0715099729402,1.0515805040311277e+36
1003.8749573353143,1.0470791392709998e+36
1003.6784816351931,1.0441162659745739e+36
1003.4820828274111,1.0410974187160732e+36
1003.2857608668388,1.0398657547548936e+36
1003.0895157083818,1.0366302473531858e+36
1002.8933473069806,1.0367350968025777e+36
1002.6972556176113,1.0334143687042563e+36
1002.5012405952851,1.0322363777679303e+36
1002.3053021950486,1.0265557817248095e+36
1002.1094403719829,1.0265043595397591e+36
1001.913655081205,1.0250301881487678e+36
1001.7179462778665,1.021299598485403e+36
1001.5223139171541,1.0195885274148284e+36
1001.3267579542894,1.0168760396170231e+36
1001.1312783445293,1.0143047794712767e+36
1000.9358750431653,1.0136125485952704e+36
1000.740548005524,1.0090732746750785e+36
1000.545297186967,1.0066678340123013e+36
1000.35012254289,1.0038496574931675e+36
1000.1550240287244,9.995505831605356e+35
999.960001599936,9.969086453552819e+35
999.7650552120251,9.950943501479588e+35
999.5701848205272,9.932247485369918e+35
999.3753903810119,9.915136777029452e+35
999.1806718490838,9.886255737239154e+35
998.9860291803819,9.88460395843031e+35
998.7914623305801,9.852386215715538e+35
998.596971255386,9.862616600554436e+35
998.4025559105431,9.845406362011356e+35
998.208216251828,9.80431893433325e+35
998.0139522350522,9.806525586650099e+35
997.8197638160618,9.813170466353452e+35
997.6256509507373,9.774970189623827e+35
997.4316135949929,9.765634508191302e+35
997.2376517047777,9.722828820636965e+35
997.0437652360749,9.74331987057497e+35
996.8499541449021,9.68216440755339e+35
996.6562183873106,9.652490176040314e+35
996.4625579193861,9.646910324341957e+35
996.2689726972488,9.663141817493784e+35
996.0754626770524,9.618184168529704e+35
995.882027814985,9.61813017038092e+35
995.6886680672686,9.625901213533377e+35
995.4953833901595,9.613720487071905e+35
995.3021737399474,9.585797996708211e+35
995.1090390729564,9.58136832274831e+35
994.9159793455443,9.580344110121017e+35
994.7229945141027,9.565669502826498e+35
994.5300845350572,9.517486258702523e+35
994.337249364867,9.514475488691017e+35
994.1444889600255,9.482329905546846e+35
993.9518032770592,9.46279321106639e+35
993.7591922725285,9.444981682353723e+35
993.5666559030278,9.405719923682694e+35
993.374194125185,9.382856954933552e+35
993.1818068956612,9.383361245619889e+35
992.9894941711517,9.35418474464862e+35
992.7972559083846,9.313829689125881e+35
992.6050920641223,9.317107440616389e+35
992.41300259516,9.277366247762592e+35
992.2209874583267,9.261063826028283e+35
992.0290466104848,9.233029391550102e+35
991.8371800085298,9.199570611549657e+35
991.6453876093909,9.204349953992614e+35
991.4536693700303,9.178456964302264e+35
991.2620252474437,9.167746732694757e+35
991.07045519866,9.154708695780802e+35
990.8789591807412,9.13843936890635e+35
990.6875371507826,9.163731505360635e+35
990.4961890659125,9.135537946360615e+35
990.3049148832926,9.150033357297285e+35
990.1137145601172,9.123871855337678e+35
989.9225880536143,9.14399983052766e+35
989.7315353210441,9.114324593828995e+35
989.5405563197007,9.112208295060125e+35
989.3496510069106,9.071388152238142e+35
989.1588193400332,8.968938655121345e+35
988.968061276461,8.884290921439698e+35
988.7773767736194,8.807544552002888e+35
988.5867657889663,8.75678509857961e+35
988.3962282799929,8.66589764084959e+35
988.2057642042226,8.605904163677035e+35
988.015373519212,8.556899980213782e+35
987.82505618255,8.497217608721932e+35
987.6348121518588,8.417206607474008e+35
987.4446413847922,8.376256167407226e+35
987.2545438390381,8.293362832202084e+35
987.0645194723153,8.254157985345061e+35
986.8745682423763,8.201149488690955e+35
986.6846901070058,8.159484305668957e+35
986.4948850240211,8.116537741753877e+35
986.3051529512715,8.050502535183471e+35
986.1154938466393,8.003721268108625e+35
985.9259076680387,7.979011395399835e+35
985.7363943734167,7.941098195662088e+35
985.5469539207521,7.90298589321504e+35
985.3575862680567,7.862766080481616e+35
985.1682913733738,7.799823239186518e+35
984.9790691947795,7.768623435439524e+35
984.789919690382,7.750131891965592e+35
984.6008428183214,7.712899136234489e+35
984.4118385367702,7.653761540925765e+35
984.2229068039329,7.620927830547503e+35
984.0340475780462,7.577742561609466e+35
983.8452608173786,7.525936463584886e+35
983.6565464802309,7.489876591633618e+35
983.4679045249358,7.469028379589278e+35
983.2793349098578,7.404840997394016e+35
983.0908375933936,7.381191164892383e+35
982.9024125339715,7.353273669123214e+35
982.714059690052,7.293845212820495e+35
982.525779020127,7.286035486560107e+35
982.3375704827207,7.230254440596995e+35
982.1494340363886,7.171856442122786e+35
981.9613696397184,7.1291220694614e+35
981.7733772513291,7.10527173960226e+35
981.5854568298716,7.069181193149705e+35
981.3976083340285,7.063898065469953e+35
981.2098317225139,7.01297244033604e+35
981.0221269540733,7.013841731699917e+35
980.8344939874845,6.972547550976468e+35
980.646932781556,6.956507061504687e+35
980.459443295128,6.907494890887927e+35
980.2720254870726,6.878953874124153e+35
980.0846793162929,6.88068584390081e+35
979.8974047417234,6.84476726170959e+35
979.7102017223305,6.823187762449727e+35
979.5230702171112,6.801623832423113e+35
979.3360101850944,6.760192350927246e+35
979.1490215853402,6.752018020781848e+35
978.9621043769396,6.7215420322347e+35
978.7752585190151,6.713687459556769e+35
978.5884839707205,6.679381682984395e+35
978.4017806912408,6.655337550565705e+35
978.2151486397919,6.641971019916011e+35
978.0285877756206,6.618337521320383e+35
977.8420980580056,6.593961706055943e+35
977.6556794462558,6.566259803661812e+35
977.4693318997116,6.545297443314458e+35
977.2830553777443,6.502106074844437e+35
977.0968498397561,6.493105739180765e+35
976.9107152451802,6.4550058669781846e+35
976.7246515534806,6.421874329681195e+35
976.5386587241522,6.379680948673687e+35
976.352736716721,6.3486302111076714e+35
976.1668854907434,6.302318516973993e+35
975.9811050058071,6.256754809906146e+35
975.7953952215299,6.2364545398898095e+35
975.6097560975609,6.1933436971251515e+35
975.4241875935797,6.1667119413302415e+35
975.2386896692965,6.116894632246315e+35
975.0532622844522,6.073209056510862e+35
974.8679053988184,6.0304327540228036e+35
974.6826189721971,5.996841835143646e+35
974.4974029644211,5.9428880830172444e+35
974.3122573353534,5.927009570206925e+35
974.1271820448878,5.8988006374599195e+35
973.9421770529483,5.875222719386936e+35
973.7572423194897,5.8538338044071125e+35
973.5723778044969,5.8287469553014744e+35
973.3875834679853,5.794921810301549e+35
973.2028592700005,5.776160901069935e+35
973.0182051706188,5.755636814343336e+35
972.8336211299463,5.719840278374648e+35
972.6491071081196,5.697741102080173e+35
972.4646630653058,5.663762045948016e+35
972.2802889617018,5.6223500183698936e+35
972.095984757535,5.58511755514437e+35
971.9117504130625,5.532138812381015e+35
971.727585888572,5.4788751172361365e+35
971.543491144381,5.42172812391166e+35
971.3594661408373,5.3377416245168706e+35
971.1755108383187,5.275484004034027e+35
970.9916251972326,5.1969124524933964e+35
970.807809178017,5.1195528473220546e+35
970.6240627411394,5.0563049840521064e+35
970.4403858470973,4.9814357042768305e+35
970.2567784564184,4.907208452390976e+35
970.07324052966,4.839404568794574e+35
969.8897720274091,4.78192060482716e+35
969.7063729102827,4.739499476214493e+35
969.5230431389277,4.676545970685228e+35
969.3397826740207,4.619821317953603e+35
969.1565914762677,4.5620664479365774e+35
968.9734695064049,4.4902463978610305e+35
968.7904167251977,4.4466999915140884e+35
968.6074330934415,4.376943263083193e+35
968.4245185719611,4.308566978957391e+35
968.2416731216111,4.2555957234119444e+35
968.0588967032754,4.194330999354583e+35
967.8761892778675,4.140172848339796e+35
967.6935508063306,4.091755279041953e+35
967.5109812496372,4.0657216507310636e+35
967.328480568789,4.050244690751866e+35
967.1460487248179,4.027857326172815e+35
966.9636856787843,4.00049865217615e+35
966.7813913917785,3.9725906041931944e+35
966.5991658249199,3.959324162748112e+35
966.4170089393573,3.951209271043826e+35
966.2349206962689,3.934172378689128e+35
966.0529010568617,3.91073981880502e+35
965.8709499823728,3.889556092050122e+35
965.6890674340676,3.87624200470449e+35
965.507253373241,3.849707675346099e+35
965.3255077612171,3.858167009612551e+35
965.1438305593491,3.844188813856248e+35
964.9622217290192,3.802312811435722e+35
964.780681231639,3.8103870307944554e+35
964.5992090286486,3.780662974575704e+35
964.4178050815174,3.760445820736329e+35
964.2364693517437,3.763657361354098e+35
964.0552018008551,3.7367621049582585e+35
963.8740023904074,3.7268522326648974e+35
963.6928710819861,3.7078216962123025e+35
963.5118078372051,3.696865764621141e+35
963.3308126177069,3.68209617547358e+35
963.1498853851637,3.676176253128253e+35
962.9690261012755,3.678192436459237e+35
962.7882347277715,3.6854822535932906e+35
962.6075112264101,3.6953042450304435e+35
962.4268555589774,3.688851760242745e+35
962.2462676872891,3.686820703809208e+35
962.0657475731891,3.6992354319788786e+35
961.8852951785499,3.693996410261655e+35
961.7049104652727,3.699262646187399e+35
961.5245933952875,3.700920283842615e+35
961.3443439305526,3.6894908416220895e+35
961.1641620330544,3.705330164048037e+35
960.9840476648088,3.7267460194136725e+35
960.8040007878592,3.720337309265804e+35
960.6240213642783,3.721668703440957e+35
960.4441093561663,3.722538345657173e+35
960.2642647256524,3.740478724305688e+35
960.0844874348943,3.737333253289043e+35
959.9047774460773,3.752686491939003e+35
959.7251347214158,3.757101075050587e+35
959.5455592231519,3.7494415738087615e+35
959.3660509135563,3.796351572326423e+35
959.1866097549278,3.807470227405392e+35
959.0072357095934,3.816746047670669e+35
958.8279287399083,3.852440674791358e+35
958.6486888082559,3.8627916584536825e+35
958.4695158770475,3.857870802709895e+35
958.2904099087228,3.8399729388103e+35
958.1113708657494,3.866197719988244e+35
957.9323987106229,3.8690316634836706e+35
957.7534934058672,3.8631074508983996e+35
957.5746549140338,3.8737809717280446e+35
957.3958831977021,3.88169796584996e+35
957.2171782194803,3.8877291990501246e+35
957.0385399420035,3.860002053071537e+35
956.859968327935,3.8657642221921805e+35
956.6814633399663,3.872782595845051e+35
956.5030249408163,3.878827151358689e+35
956.3246530932321,3.868520008491472e+35
956.1463477599881,3.8791693628302915e+35
955.968108903887,3.8690472625061175e+35
955.7899364877587,3.8720371034494515e+35
955.6118304744613,3.8574221341553435e+35
955.4337908268801,3.8359517467368464e+35
955.2558175079286,3.841766864269773e+35
955.0779104805475,3.821153171384414e+35
954.900069707705,3.822948612882614e+35
954.7222951523976,3.799130716978195e+35
954.5445867776484,3.7823014436196815e+35
954.3669445465086,3.772273246333729e+35
954.189368422057,3.774775656747166e+35
954.0118583673994,3.757003359516522e+35
953.8344143456695,3.7412001527847966e+35
953.6570363200282,3.7458506379639764e+35
953.4797242536637,3.7042986934955266e+35
953.3024781097919,3.7014418344217454e+35
953.1252978516555,3.6964761223396675e+35
952.9481834425252,3.6969130806386375e+35
952.7711348456986,3.677324603249941e+35
952.5941520245007,3.6953123203325115e+35
952.4172349422835,3.659065735190987e+35
952.2403835624265,3.636443157161279e+35
952.0635978483363,3.631715663494666e+35
951.8868777634465,3.637956624484186e+35
951.7102232712183,3.6178293049518206e+35
951.5336343351396,3.605660818633376e+35
951.3571109187257,3.591873673840991e+35
951.1806529855182,3.5510820387607505e+35
951.0042604990871,3.531238111098968e+35
950.8279334230281,3.504399245485785e+35
950.6516717209646,3.504611360889692e+35
950.4754753565471,3.47081656745274e+35
950.2993442934525,3.416058085457936e+35
950.1232784953847,3.405928778227599e+35
949.947277926075,3.379183460282609e+35
949.7713425492813,3.3597812050629725e+35
949.595472328788,3.351478746816036e+35
949.4196672284066,3.3331982217560825e+35
949.2439272119756,3.36344952794499e+35
949.06825224336,3.336604423279497e+35
948.8926422864517,3.340132113559443e+35
948.7170973051691,3.3348297160892754e+35
948.5416172634574,3.339860879948275e+35
948.3662021252886,3.350551195676955e+35
948.1908518546613,3.354892245892512e+35
948.0155664156006,3.329120169560227e+35
947.8403457721581,3.344239236813259e+35
947.6651898884124,3.327808116671131e+35
947.4900987284683,3.338200559388539e+35
947.3150722564571,3.328548833339801e+35
947.1401104365369,3.325737452898278e+35
946.9652132328919,3.310889579762976e+35
946.7903806097329,3.313231604658762e+35
946.6156125312974,3.3139317951371308e+35
946.4409089618489,3.3080982337929388e+35
946.2662698656775,3.3054409581228507e+35
946.0916952070994,3.3077892780484823e+35
945.9171849504576,3.3132819076098395e+35
945.7427390601208,3.316724417750268e+35
945.5683575004845,3.3261900102008864e+35
945.3940402359704,3.3260556169831444e+35
945.2197872310259,3.3111825421823938e+35
945.0455984501252,3.308132121676783e+35
944.8714738577685,3.3119837102344625e+35
944.697413418482,3.3057168632604475e+35
944.5234170968183,3.2846549617021847e+35
944.349484857356,3.2618298272769507e+35
944.1756166646996,3.2682050653586228e+35
944.00181248348,3.2611215228960093e+35
943.8280722783537,3.2663480339955662e+35
943.6543960140037,3.251527335526345e+35
943.4807836551389,3.2471160918958225e+35
943.3072351664937,3.2408721316353735e+35
943.1337505128289,3.229181866074835e+35
942.9603296589312,3.2435979607051265e+35
942.786972569613,3.2208612761485938e+35
942.6136792097126,3.2232897915182658e+35
942.4404495440943,3.2410151871367252e+35
942.2672835376482,3.2490142563301657e+35
942.09418115529,3.246622953588308e+35
941.9211423619614,3.2571536119431005e+35
941.7481671226298,3.255018237573859e+35
941.5752554022879,3.273290072852607e+35
941.4024071659551,3.2796703277624844e+35
941.2296223786755,3.2962286646293005e+35
941.0569010055192,3.2768216998046107e+35
940.8842430115823,3.3094770892655454e+35
940.7116483619858,3.325299116045006e+35
940.5391170218769,3.352615508840771e+35
940.3666489564281,3.343035032055465e+35
940.1942441308374,3.3623270215001585e+35
940.0219025103285,3.398232439338864e+35
939.8496240601503,3.379682253126566e+35
939.6774087455776,3.405827521744784e+35
939.5052565319103,3.4244020318683014e+35
939.3331673844738,3.43979771712355e+35
939.1611412686188,3.457890579423147e+35
938.9891781497217,3.480190662300453e+35
938.8172779931842,3.492556847489121e+35
938.6454407644328,3.500317468785127e+35
938.47366642892,3.5175552226751194e+35
938.3019549521231,3.533631076639844e+35
938.130306299545,3.527007426406591e+35
937.9587204367136,3.53647223258586e+35
937.7871973291819,3.55402904703637e+35
937.6157369425289,3.566186571398155e+35
937.4443392423574,3.595005044835787e+35
937.2730041942966,3.597405630483174e+35
937.1017317640002,3.608042850688107e+35
936.9305219171473,3.6249743766007084e+35
936.7593746194415,3.6469277238031835e+35
936.5882898366121,3.654096890104189e+35
936.4172675344133,3.6697868562745914e+35
936.246307678624,3.681658518084618e+35
936.0754102350485,3.704431457479724e+35
935.9045751695157,3.7129067367979935e+35
935.7338024478795,3.731676798704914e+35
935.5630920360192,3.738142304439937e+35
935.3924438998381,3.737732254634568e+35
935.2218580052653,3.736617717622749e+35
935.051334318254,3.749070350171384e+35
934.8808728047828,3.750636907117347e+35
934.7104734308548,3.7465039529566725e+35
934.5401361624978,3.7362387012453824e+35
934.3698609657646,3.745649316806682e+35
934.1996478067327,3.729287372965072e+35
934.0294966515042,3.71704461806151e+35
933.859407466206,3.710967018083003e+35
933.6893802169893,3.7084270202432126e+35
933.5194148700307,3.6886858395518295e+35
933.3495113915308,3.675839422050798e+35
933.1796697477148,3.681606868212552e+35
933.009889904833,3.6717899857947705e+35
932.8401718291597,3.6464516301160736e+35
932.6705154869938,3.652162220998219e+35
932.5009208446593,3.6669728675769025e+35
932.331387868504,3.682042961807399e+35
932.1619165249003,3.6872628576966584e+35
931.9925067802454,3.698367993338055e+35
931.8231586009607,3.7197147133723156e+35
931.6538719534918,3.749700665977083e+35
931.484646804309,3.748927971457662e+35
931.3154831199068,3.777067142205823e+35
931.1463808668042,3.775307641032534e+35
930.9773400115441,3.832987941266847e+35
930.8083605206941,3.8228334156343496e+35
930.6394423608461,3.8251216306185914e+35
930.470585498616,3.814143841615842e+35
930.3017899006437,3.7969505474989885e+35
930.1330555335941,3.7951345190336554e+35
929.9643823641554,3.797992036517495e+35
929.7957703590406,3.7950916843693316e+35
929.6272194849865,3.774879538554689e+35
929.458729708754,3.77059853338444e+35
929.2903009971285,3.723670756975465e+35
929.1219333169188,3.68956279578006e+35
928.9536266349584,3.669791208498195e+35
928.7853809181042,3.627159512379105e+35
928.6171961332379,3.60777784642046e+35
928.4490722472646,3.575098705132474e+35
928.2810092271133,3.542528918313186e+35
928.1130070397371,3.555127052687146e+35
927.9450656521133,3.592664501665153e+35
927.7771850312429,3.581725765210882e+35
927.6093651441504,3.5959805081323024e+35
927.4416059578849,3.645684830292093e+35
927.2739074395186,3.634231563589562e+35
927.1062695561478,3.663933705579489e+35
926.9386922748929,3.686273846902558e+35
926.7711755628976,3.664551988356265e+35
926.6037193873296,3.715985496367618e+35
926.4363237153802,3.7336612123631124e+35
926.2689885142645,3.7583520169345356e+35
926.1017137512212,3.755674818428584e+35
925.9344993935129,3.767514463247235e+35
925.7673454084253,3.769201504932747e+35
925.6002517632685,3.794921753781577e+35
925.4332184253753,3.784655457215096e+35
925.266245362103,3.811676273504209e+35
925.0993325408315,3.7885396162393285e+35
924.9324799289652,3.813956966629573e+35
924.7656874939312,3.8270979972954164e+35
924.5989552031805,3.801990232583099e+35
924.4322830241878,3.802982998911298e+35
924.2656709244505,3.785656444506353e+35
924.0991188714902,3.786395852880272e+35
923.9326268328513,3.772845272042638e+35
923.7661947761022,3.8049246071319874e+35
923.599822668834,3.801451513020434e+35
923.4335104786617,3.762198312130323e+35
923.2672581732234,3.76486639780557e+35
923.1010657201804,3.7501823601014725e+35
922.9349330872172,3.757819869885917e+35
922.7688602420423,3.7648056467274885e+35
922.6028471523863,3.7550004451635976e+35
922.4368937860039,3.735516224229896e+35
922.2710001106725,3.73639328339145e+35
922.105166094193,3.7405720597161206e+35
921.9393917043893,3.7216701756356354e+35
921.7736769091085,3.710092844431197e+35
921.6080216762207,3.6683224369851784e+35
921.442425973619,3.646541600148707e+35
921.2768897692201,3.6509683555762235e+35
921.1114130309631,3.6300123951292406e+35
920.9459957268106,3.5822892483392696e+35
920.7806378247478,3.576057785882681e+35
920.6153392927832,3.547204684271995e+35
920.4501000989484,3.5520357957741915e+35
920.2849202112974,3.498335511085471e+35
920.1197995979076,3.4984665570357944e+35
919.9547382268793,3.4799403882090315e+35
919.7897360663352,3.4654884265849314e+35
919.6247930844215,3.4572809897300796e+35
919.459909249307,3.439512854930441e+35
919.295084529183,3.427038434135649e+35
919.1303188922641,3.390862806029582e+35
918.9656123067874,3.401749426890682e+35
918.800964741013,3.4139958625603715e+35
918.6363761632233,3.423468760497755e+35
918.471846541724,3.412380396025519e+35
918.3073758448428,3.406201772719063e+35
918.1429640409308,3.407048092774499e+35
917.9786110983613,3.401529746979211e+35
917.8143169855307,3.3971391792417065e+35
917.6500816708572,3.403023079377538e+35
917.4859051227825,3.407375618126416e+35
917.3217873097705,3.399160377539987e+35
917.1577282003071,3.396327569238957e+35
916.9937277629022,3.3737951041300385e+35
916.8297859660864,3.368170416714044e+35
916.6659027784143,3.3663159676242636e+35
916.5020781684623,3.345036196845422e+35
916.3383121048291,3.334048800699196e+35
916.1746045561363,3.351941581135697e+35
916.0109554910276,3.349445262391984e+35
915.8473648781694,3.348355324271617e+35
915.6838326862501,3.350317452521532e+35
915.5203588839806,3.3533368515161625e+35
915.3569434400944,3.370728253228895e+35
915.193586323347,3.379478372095966e+35
915.0302875025162,3.391625585655687e+35
914.8670469464024,3.386880735050443e+35
914.7038646238279,3.40086331181825e+35
914.5407405036375,3.414770159303452e+35
914.3776745546979,3.402720326798924e+35
914.2146667458985,3.401982788215169e+35
914.0517170461504,3.4015312656341905e+35
913.8888254243872,3.415288836067871e+35
913.7259918495641,3.448405217522308e+35
913.5632162906593,3.4140894120994095e+35
913.4004987166724,3.4592038095917045e+35
913.2378390966251,3.450698579353762e+35
913.0752373995616,3.4667670166000114e+35
912.912693594548,3.450385466980025e+35
912.7502076506721,3.4481062078612485e+35
912.5877795370442,3.444385109732711e+35
912.4254092227959,3.4385412195749324e+35
912.2630966770816,3.448623952477605e+35
912.1008418690769,3.4448807969059976e+35
911.93864476798,3.4630524270905924e+35
911.7765053430103,3.4530327706880665e+35
911.6144235634096,3.461533908743255e+35
911.4523993984413,3.473933993015329e+35
911.2904328173911,3.4883439632395054e+35
911.1285237895657,3.49373196796167e+35
910.9666722842945,3.516375060276266e+35
910.8048782709279,3.527169461762905e+35
910.6431417188389,3.51599360711808e+35
910.4814625974215,3.537659622872765e+35
910.3198408760918,3.529529096537915e+35
910.1582765242875,3.53311671780238e+35
909.9967695114682,3.5639877776899596e+35
909.835319807115,3.585146237628163e+35
909.6739273807303,3.585341255902469e+35
909.512592201839,3.577284352122288e+35
909.3513142399868,3.57236097103929e+35
909.1900934647415,3.5864334274529296e+35
909.0289298456922,3.595186383159793e+35
908.8678233524498,3.594589198837645e+35
908.7067739546465,3.608486458504792e+35
908.5457816219359,3.616429762239195e+35
908.3848463239937,3.625940227330894e+35
908.2239680305163,3.6142193422672225e+35
908.0631467112223,3.650141766104381e+35
907.9023823358511,3.6365062244223116e+35
907.7416748741642,3.631569800478737e+35
907.5810242959441,3.621644027888026e+35
907.4204305709943,3.667504567910488e+35
907.2598936691404,3.682153247853017e+35
907.0994135602291,3.6522580065878464e+35
906.9389902141282,3.683291362508428e+35
906.7786236007272,3.698734465847448e+35
906.6183136899365,3.709632001413498e+35
906.458060451688,3.712392539983193e+35
906.2978638559348,3.730394413684933e+35
906.1377238726513,3.7321059012573e+35
905.9776404718331,3.705936419046447e+35
905.8176136234969,3.701746176925767e+35
905.6576432976806,3.6996145896113766e+35
905.4977294644434,3.702580081744903e+35
905.3378720938655,3.682525768138807e+35
905.1780711560482,3.69533936865691e+35
905.018326621114,3.694816867647304e+35
904.8586384592066,3.684459686888276e+35
904.6990066404906,3.7063585322989655e+35
904.5394311351517,3.686364079426004e+35
904.3799119133965,3.696196258066675e+35
904.2204489454529,3.707407349186512e+35
904.0610422015694,3.697643221067589e+35
903.9016916520159,3.7050587139228856e+35
903.7423972670829,3.717957909921006e+35
903.5831590170822,3.7054624626287415e+35
903.4239768723462,3.714706297091662e+35
903.2648508032281,3.6970057301691184e+35
903.1057807801027,3.7136092690867015e+35
902.9467667733649,3.7169046994851605e+35
902.7878087534306,3.711543531386587e+35
902.6289066907367,3.718916029771737e+35
902.470060555741,3.713825563082426e+35
902.3112703189219,3.7089845218141094e+35
902.1525359507785,3.718284746056546e+35
901.993857421831,3.716072607678967e+35
901.8352347026198,3.7020224294098334e+35
901.6766677637066,3.719923652547532e+35
901.5181565756735,3.731647450989878e+35
901.3597011091231,3.7003811798533225e+35
901.2013013346791,3.6928210703180475e+35
901.0429572229856,3.672371661635288e+35
900.8846687447073,3.68994553817663e+35
900.7264358705295,3.655643854679405e+35
900.5682585711584,3.650107833250957e+35
900.4101368173203,3.644225344715917e+35
900.2520705797624,3.6191897799633806e+35
900.0940598292522,3.635358752989165e+35
899.9361045365779,3.604042150302776e+35
899.7782046725481,3.602366786022268e+35
899.6203602079921,3.579606990401091e+35
899.4625711137594,3.584183698412821e+35
899.3048373607202,3.5737411022800106e+35
899.1471589197645,3.5434110779202525e+35
898.9895357618037,3.554806297164492e+35
898.8319678577687,3.537813602541637e+35
898.6744551786115,3.538609029909871e+35
898.5169976953039,3.521887523391244e+35
898.3595953788382,3.522091123451374e+35
898.2022482002271,3.510934166465786e+35
898.0449561305038,3.496683999414693e+35
897.8877191407215,3.492352663665249e+35
897.7305372019534,3.505258036037675e+35
897.5734102852937,3.4694524471961805e+35
897.4163383618562,3.457987981502154e+35
897.2593214027752,3.4384997565384035e+35
897.1023593792052,3.413565163756896e+35
896.9454522623207,3.388466408613616e+35
896.7886000233166,3.3718510480740016e+35
896.6318026334076,3.307934161459966e+35
896.475060063829,3.2617585577641995e+35
896.3183722858358,3.2240326831520093e+35
896.1617392707035,3.17435795642316e+35
896.0051609897273,3.1247550790503098e+35
895.8486374142225,3.0694870932827856e+35
895.6921685155245,3.0248955890353887e+35
895.535754264989,2.9659385421819396e+35
895.3793946339913,2.9628863444139327e+35
895.2230895939267,2.9607905763835583e+35
895.066839116211,2.9489476867361993e+35
894.9106431722792,2.914917480824152e+35
894.7545017335868,2.90658962937428e+35
894.598414771609,2.9026274478407648e+35
894.4423822578409,2.878654569736249e+35
894.2864041637974,2.8525284159270033e+35
894.1304804610136,2.820018152998352e+35
893.9746111210442,2.805552849470367e+35
893.8187961154634,2.7747885602748852e+35
893.6630354158661,2.760014409782727e+35
893.507328993866,2.736145014813668e+35
893.3516768210974,2.6992877663747187e+35
893.1960788692138,2.694213280839782e+35
893.0405351098885,2.666532018648655e+35
892.8850455148151,2.6415640766202156e+35
892.7296100557063,2.6158275934786754e+35
892.5742287042946,2.597422010841106e+35
892.4189014323323,2.6072316132971443e+35
892.2636282115914,2.6172438129903958e+35
892.1084090138634,2.631641587833801e+35
891.9532438109594,2.631594467737659e+35
891.7981325747103,2.639827723773363e+35
891.6430752769666,2.6481922940898688e+35
891.4880718895981,2.655848482679629e+35
891.3331223844943,2.657825350706593e+35
891.1782267335644,2.6704336439526803e+35
891.023384908737,2.6600380983452298e+35
890.8685968819599,2.6808159005455292e+35
890.7138626252009,2.695332797558127e+35
890.5591821104471,2.6841141668701946e+35
890.404555309705,2.6909267844810353e+35
890.2499821950004,2.693662041534758e+35
890.0954627383787,2.6854945312894382e+35
889.9409969119047,2.672901750591933e+35
889.7865846876626,2.6625209162673397e+35
889.632226037756,2.6518329112619673e+35
889.4779209343076,2.659538493612021e+35
889.3236693494597,2.6609371747456012e+35
889.169471255374,2.660246202930708e+35
889.015326624231,2.6433364424940735e+35
888.8612354282311,2.6342097570895808e+35
888.7071976395937,2.6302745639297812e+35
888.5532132305573,2.6294725416586262e+35
888.3992821733799,2.615765780023513e+35
888.2454044403387,2.6261964687594486e+35
888.09158000373,2.6177180388853328e+35
887.9378088358691,2.6026500598508407e+35
887.7840909090908,2.6010796083559123e+35
887.630426195749,2.609273874124673e+35
887.4768146682168,2.590023839015416e+35
887.3232562988859,2.598285567683944e+35
887.1697510601679,2.5932717243026655e+35
887.0162989244927,2.5755032416048886e+35
886.8628998643098,2.5857979122638855e+35
886.7095538520879,2.566502943313258e+35
886.5562608603142,2.5710116037403556e+35
886.4030208614951,2.5518691066310956e+35
886.2498338281562,2.5567242864850894e+35
886.0966997328419,2.559461801662138e+35
885.9436185481155,2.5489657990137583e+35
885.7905902465598,2.5345924785652465e+35
885.6376148007757,2.5371140968676284e+35
885.4846921833838,2.5165956361152227e+35
885.331822367023,2.5141445013720066e+35
885.1790053243517,2.4838809907075216e+35
885.0262410280465,2.4731982347673125e+35
884.8735294508033,2.445093175494895e+35
884.7208705653366,2.428961601415247e+35
884.56826434438,2.422125294090749e+35
884.4157107606859,2.3968804779717563e+35
884.2632097870252,2.3792783886390733e+35
884.1107613961877,2.361590351006461e+35
883.958365560982,2.3619658675594676e+35
883.8060222542356,2.338740257218185e+35
883.6537314487944,2.3136998807482548e+35
883.5014931175233,2.311373937467524e+35
883.3493072333057,2.2958158143272143e+35
883.1971737690438,2.2769093349647376e+35
883.0450926976586,2.2781319406284252e+35
882.8930639920893,2.2665503882508165e+35
882.741087625294,2.2530217468545536e+35
882.5891635702496,2.234973753779097e+35
882.4372917999515,2.2307422599970146e+35
882.2854722874132,2.216928476274711e+35
882.1337050056677,2.21731249337204e+35
881.9819899277657,2.2074327049897484e+35
881.8303270267767,2.1851092768764416e+35
881.678716275789,2.1842072408239633e+35
881.5271576479092,2.1721962309327607e+35
881.3756511162622,2.1630146633136872e+35
881.2241966539916,2.151438775837273e+35
881.0727942342596,2.1490060126324924e+35
880.9214438302464,2.1386891046592415e+35
880.770145415151,2.1474531022606647e+35
880.6188989621905,2.1303373604362192e+35
880.4677044446009,2.1126183548969153e+35
880.316561835636,2.1111563360856723e+35
880.1654711085683,2.117132457288556e+35
880.0144322366887,2.1059068109094927e+35
879.863445193306,2.082060274467741e+35
879.7125099517477,2.083623761135747e+35
879.5616264853596,2.0694490515235715e+35
879.4107947675058,2.044432976088316e+35
879.2600147715682,2.0407201014520688e+35
879.1092864709476,2.0356300150785817e+35
878.9586098390625,2.016260600169493e+35
878.8079848493503,2.02112717722188e+35
878.6574114752657,2.0097298273620788e+35
878.5068896902823,2.0097548170137972e+35
878.3564194678917,1.9990883237386812e+35
878.2060007816033,1.9865913298593616e+35
878.0556336049452,1.9729245099948968e+35
877.9053179114632,1.9776104132034963e+35
877.7550536747215,1.9667821877123793e+35
877.6048408683022,1.945342016017615e+35
877.4546794658055,1.9402263219595387e+35
877.30456944085,1.940957623173774e+35
877.1545107670717,1.9273761782106125e+35
877.004503418125,1.918732647157378e+35
876.8545473676826,1.8957529727699527e+35
876.7046425894348,1.9010368099204293e+35
876.5547890570899,1.8922575003689247e+35
876.4049867443745,1.890993797327011e+35
876.2552356250328,1.8702006612178557e+35
876.105535672827,1.8703702801110933e+35
875.9558868615377,1.862332632011902e+35
875.8062891649624,1.84590348208229e+35
875.6567425569177,1.8448696759243183e+35
875.5072470112372,1.8165213242329347e+35
875.3578025017725,1.8267208418904523e+35
875.2084090023936,1.82492084758533e+35
875.0590664869878,1.816378954903774e+35
874.9097749294604,1.8020990061376595e+35
874.7605343037343,1.7942675547235623e+35
874.6113445837506,1.8019426978630045e+35
874.4622057434677,1.7808190528280045e+35
874.3131177568622,1.7841503278527395e+35
874.1640805979282,1.7722990960846348e+35
874.0150942406775,1.774249294159269e+35
873.8661586591397,1.7650134735680914e+35
873.7172738273621,1.7606912318053248e+35
873.5684397194098,1.7541322973146176e+35
873.4196563093651,1.7530298453252785e+35
873.2709235713287,1.7499703326647278e+35
873.1222414794183,1.7411886808210072e+35
872.9736100077694,1.745911378152087e+35
872.8250291305353,1.7340320725228975e+35
872.6764988218868,1.7331760993554963e+35
872.528019056012,1.72887455791526e+35
872.3795898071168,1.7197399171212174e+35
872.2312110494249,1.7076700902670435e+35
872.0828827571772,1.7152842936681985e+35
871.9346049046321,1.6992250515180048e+35
871.7863774660657,1.6899852952395335e+35
871.6382004157713,1.6656653615209807e+35
871.4900737280602,1.6244364815125328e+35
871.3419973772606,1.5976051460776504e+35
871.1939713377183,1.5474595781325744e+35
871.0459955837968,1.4918394698364675e+35
870.8980700898766,1.4439802205820536e+35
870.750194830356,1.4150966249919487e+35
870.6023697796505,1.3722414671620817e+35
870.4545949121929,1.3432416103037833e+35
870.3068702024334,1.3122408222283084e+35
870.1591956248395,1.28121170726333e+35
870.0115711538963,1.2365636034666275e+35
869.8639967641059,1.1983612260045925e+35
869.7164724299878,1.156717959476478e+35
869.5689981260788,1.1013661716357436e+35
869.4215738269329,1.100369734080079e+35
869.2741995071215,1.083600416215726e+35
869.126875141233,1.07700201090056e+35
868.9796007038734,1.0813564228594248e+35
868.8323761696655,1.0780393987391668e+35
868.6852015132496,1.0753812865076268e+35
868.5380767092829,1.0765660805464749e+35
868.3910017324399,1.0631298263123112e+35
868.2439765574126,1.067687829236345e+35
868.0970011589094,1.0770021750038277e+35
867.9500755116565,1.0702413669721365e+35
867.8031995903968,1.0695150613694875e+35
867.6563733698905,1.0659091232421658e+35
867.5095968249148,1.0556211948279635e+35
867.362869930264,1.0616695753287881e+35
867.2161926607494,1.0538749361319607e+35
867.0695649911992,1.0516101431350728e+35
866.922986896459,1.0499404279331686e+35
866.7764583513912,1.0429405292203668e+35
866.629979330875,1.0389575399319651e+35
866.4835498098068,1.0355216992807733e+35
866.3371697631001,1.0305994958300615e+35
866.190839165685,1.0229644433032514e+35
866.0445579925087,1.0161921589597245e+35
865.8983262185353,1.012342683350088e+35
865.7521438187462,1.0105460300027339e+35
865.6060107681388,1.009019442050629e+35
865.4599270417282,1.001993142883711e+35
865.3138926145459,9.983761696143108e+34
865.1679074616407,1.003624548212789e+35
865.0219715580776,1.005241984558066e+35
864.876084878939,9.965346817947092e+34
864.7302473993237,1.0013382677025543e+35
864.5844590943478,1.0050502613230366e+35
864.4387199391434,1.0128525520344447e+35
864.2930299088603,1.0053794791887716e+35
864.1473889786643,9.952899323415906e+34
864.001797123738,9.917394848254186e+34
863.8562543192812,9.884016874747458e+34
863.7107605405103,9.93439917334804e+34
863.5653157626576,9.925579159871636e+34
863.4199199609734,9.906738632119732e+34
863.2745731107235,9.800195575046247e+34
863.1292751871911,9.743805077533307e+34
862.9840261656756,9.86729200729448e+34
862.8388260214933,9.866823598326231e+34
862.6936747299768,9.79591509160237e+34
862.5485722664757,9.906880596563068e+34
862.4035186063559,9.864243245317456e+34
862.258513725,9.813870133470347e+34
862.1135575978067,9.91412391623106e+34
861.9686502001922,9.944318283216796e+34
861.8237915075883,9.923343205941708e+34
861.6789814954438,9.93117773889497e+34
861.5342201392239,9.972643811681867e+34
861.3895074144101,9.95153217276485e+34
861.2448432965007,9.934349187674433e+34
861.1002277610103,1.0042827508621383e+35
860.9556607834696,9.972375387963532e+34
860.8111423394264,9.984424742792053e+34
860.6666724044444,9.928838777930602e+34
860.522250954104,9.909016581835003e+34
860.3778779640018,9.841310770776982e+34
860.2335534097507,9.88622185170193e+34
860.0892772669803,9.882800466105962e+34
859.9450495113363,9.91721275194363e+34
859.8008701184805,9.787799915420319e+34
859.6567390640917,9.961903528227281e+34
859.5126563238643,9.872744759658202e+34
859.3686218735095,9.921991109061168e+34
859.2246356887545,9.956504352622519e+34
859.0806977453427,9.92762735561647e+34
858.9368080190341,9.913368703078314e+34
858.7929664856044,1.000063475832225e+35
858.6491731208463,9.944927871301478e+34
858.5054279005678,9.901323398089215e+34
858.361730800594,9.961765151463376e+34
858.2180817967653,9.957903235723475e+34
858.074480864939,9.916003866384361e+34
857.9309279809883,9.848859233669256e+34
857.7874231208021,9.86178106114069e+34
857.6439662602863,9.813919465064974e+34
857.5005573753623,9.761508582010017e+34
857.3571964419676,9.804963471000562e+34
857.213883436056,9.745853236200325e+34
857.0706183335975,9.706339215231507e+34
856.9274011105779,9.656922133285888e+34
856.7842317429989,9.691623998139917e+34
856.6411102068787,9.683560911931261e+34
856.4980364782513,9.614058095164047e+34
856.3550105331666,9.582761870172978e+34
856.2120323476905,9.498869720442455e+34
856.0691018979052,9.440030995883335e+34
855.9262191599084,9.42061635958485e+34
855.7833841098142,9.377269937180056e+34
855.6405967237521,9.422974605561735e+34
855.4978569778682,9.416447274811697e+34
855.3551648483242,9.40593679022976e+34
855.2125203112973,9.31021627219744e+34
855.0699233429813,9.306255392639053e+34
854.9273739195854,9.289890143392092e+34
854.784872017335,9.306089947639035e+34
854.6424176124709,9.349763328645073e+34
854.50001068125,9.296418771066927e+34
854.3576511999453,9.279248368991904e+34
854.2153391448451,9.305526413315545e+34
854.0730744922536,9.34588389288758e+34
853.930857218491,9.310225034574856e+34
853.7886872998932,9.384950917614733e+34
853.6465647128119,9.362303707727059e+34
853.5044894336144,9.435823893492338e+34
853.3624614386837,9.438306118853869e+34
853.2204807044188,9.35213459345748e+34
853.078547207234,9.398830128178247e+34
852.9366609235598,9.34482826459302e+34
852.7948218298419,9.358966315833769e+34
852.6530299025417,9.308415599010238e+34
852.5112851181367,9.305997148246125e+34
852.3695874531197,9.26477085698868e+34
852.227936883999,9.259139180642788e+34
852.0863333872987,9.301142072993992e+34
851.9447769395588,9.33483378980911e+34
851.8032675173341,9.322868068173435e+34
851.6618050971958,9.261292518445548e+34
851.5203896557302,9.220770579575733e+34
851.3790211695393,9.144633898775936e+34
851.2376996152406,9.22693565299437e+34
851.096424969467,9.177483485792328e+34
850.9551972088669,9.251220495857364e+34
850.8140163101046,9.178293016323531e+34
850.6728822498596,9.235390693686141e+34
850.5317950048268,9.192951905876722e+34
850.3907545517164,9.23141535059968e+34
850.2497608672547,9.241358390441669e+34
850.1088139281827,9.208146780531508e+34
849.9679137112573,9.187401183943042e+34
849.8270601932506,9.217665796421275e+34
849.6862533509501,9.235012238384022e+34
849.5454931611587,9.20453883824324e+34
849.4047796006948,9.153474337318761e+34
849.2641126463918,9.164275174000432e+34
849.123492275099,9.214199256045484e+34
848.9829184636804,9.230697132822146e+34
848.842391189016,9.213557880572795e+34
848.7019104280004,9.233622434115243e+34
848.5614761575439,9.291611328337634e+34
848.4210883545721,9.244740760389861e+34
848.2807469960258,9.224853902311537e+34
848.1404520588609,9.24281828789772e+34
848.0002035200488,9.197447698000046e+34
847.8600013565759,9.18946037409048e+34
847.7198455454442,9.25878020081837e+34
847.5797360636701,9.231784743899365e+34
847.4396728882862,9.215740469591147e+34
847.2996559963397,9.227365932255684e+34
847.1596853648929,9.21750656117341e+34
847.0197609710234,9.164324462516443e+34
846.8798827918242,9.158461697793164e+34
846.740050804403,9.137114221842441e+34
846.600264985883,9.188618292283577e+34
846.460525313402,9.12217506900941e+34
846.3208317641134,9.151150747975085e+34
846.1811843151855,9.109204133215364e+34
846.0415829438017,9.13703515086525e+34
845.9020276271601,9.06202379253239e+34
845.7625183424746,9.055849232032425e+34
845.6230550669733,9.01294169172624e+34
845.4836377778998,9.033264929592094e+34
845.3442664525128,8.927464469615938e+34
845.2049410680854,8.833931404580447e+34
845.0656616019065,8.421687903133008e+34
844.9264280312792,8.208269808443439e+34
844.787240333522,8.086383258644662e+34
844.6480984859683,7.930527427470036e+34
844.5090024659662,7.802593184708163e+34
844.3699522508791,7.698190341966733e+34
844.230947818085,7.547809431120453e+34
844.0919891449769,7.4730879347682885e+34
843.9530762089627,7.479177998211715e+34
843.8142089874651,7.43593297640578e+34
843.6753874579216,7.471020750763163e+34
843.5366115977848,7.459317321773973e+34
843.3978813845218,7.498842452158371e+34
843.259196795615,7.491526724818874e+34
843.120557808561,7.539355054953462e+34
842.9819644008717,7.567513714360483e+34
842.8434165500732,7.570330567976699e+34
842.7049142337073,7.641101563991502e+34
842.5664574293297,7.608152189749525e+34
842.4280461145113,7.655351050384703e+34
842.2896802668373,7.616949508738251e+34
842.1513598639083,7.589260221598262e+34
842.013084883339,7.513152039289204e+34
841.8748553027592,7.434932490912691e+34
841.7366710998132,7.32070844975408e+34
841.5985322521598,7.276061282354679e+34
841.4604387374727,7.210637714789223e+34
841.3223905334404,7.213072293760446e+34
841.1843876177658,7.23582463860231e+34
841.0464299681663,7.176843150195863e+34
840.9085175623743,7.186272823712349e+34
840.7706503781366,7.182042098358574e+34
840.6328283932143,7.151201720576447e+34
840.4950515853837,7.201056684870308e+34
840.3573199324353,7.185045077132626e+34
840.219633412174,7.13685459161986e+34
840.0819920024194,7.165372747855898e+34
839.9443956810059,7.174221299346276e+34
839.8068444257821,7.137973587009132e+34
839.6693382146111,7.176690695108498e+34
839.5318770253707,7.166366330642634e+34
839.3944608359529,7.127776724589964e+34
839.2570896242646,7.180491203551179e+34
839.1197633682267,7.217116700156903e+34
838.9824820457749,7.185780534677074e+34
838.8452456348591,7.118985718213973e+34
838.7080541134436,7.149826861004379e+34
838.5709074595075,7.082783941817944e+34
838.4338056510437,7.016588564969566e+34
838.2967486660602,7.031569063981288e+34
838.1597364825788,6.987566645796836e+34
838.0227690786359,6.939672699030808e+34
837.8858464322819,6.887902218105217e+34
837.7489685215825,6.854983345857443e+34
837.6121353246166,6.802854966869336e+34
837.4753468194779,6.776403008829853e+34
837.3386029842748,6.683845780762405e+34
837.2019037971291,6.656970873025448e+34
837.0652492361779,6.638113466357858e+34
836.9286392795717,6.535424238534507e+34
836.792073905476,6.450734240942009e+34
836.6555530920697,6.39378065711246e+34
836.5190768175468,6.390085484400667e+34
836.382645060115,6.345123370965979e+34
836.2462577979963,6.354832213518167e+34
836.109915009427,6.349357069620053e+34
835.9736166726578,6.354732330607084e+34
835.837362765953,6.313001283266217e+34
835.7011532675915,6.321223755218908e+34
835.5649881558662,6.3035782244141915e+34
835.4288674090844,6.2458012771224515e+34
835.2927910055672,6.2571540409030355e+34
835.1567589236498,6.230929844032226e+34
835.0207711416821,6.2170111179188465e+34
834.8848276380273,6.176373722295044e+34
834.748928391063,6.141336128206699e+34
834.6130733791814,6.0786357612556465e+34
834.4772625807877,6.120172963814675e+34
834.3414959743022,6.072967740238877e+34
834.2057735381587,6.078442365178787e+34
834.0700952508048,6.044052404272478e+34
833.9344610907028,6.034178698406431e+34
833.7988710363286,6.0330411462968465e+34
833.663325066172,5.982936345745867e+34
833.527823158737,5.997545031529059e+34
833.3923652925415,5.97716016076639e+34
833.2569514461175,5.953900381190142e+34
833.1215815980105,5.964826404805041e+34
832.9862557267804,5.932842893919632e+34
832.850973811001,5.911042944067229e+34
832.7157358292599,5.899742439942587e+34
832.5805417601586,5.908354792833586e+34
832.4453915823121,5.908724854540663e+34
832.3102852743502,5.908708793208597e+34
832.1752228149159,5.929499322474589e+34
832.040204182666,5.893206363519092e+34
831.9052293562717,5.886947672338042e+34
831.7702983144175,5.851001518577536e+34
831.6354110358018,5.824387301258199e+34
831.5005674991372,5.77544888309722e+34
831.3657676831498,5.765339260650027e+34
831.2310115665795,5.71459974325458e+34
831.0962991281799,5.684430011224582e+34
830.9616303467187,5.707265595000163e+34
830.8270052009769,5.670685474833894e+34
830.6924236697499,5.654067553166037e+34
830.5578857318461,5.638890856336723e+34
830.4233913660879,5.626838409324745e+34
830.2889405513118,5.625788750862989e+34
830.1545332663676,5.625738832933874e+34
830.0201694901185,5.610129289661043e+34
829.8858492014423,5.600324390527741e+34
829.7515723792296,5.586777591363217e+34
829.617339002385,5.573916650830924e+34
829.483149049827,5.532850887719855e+34
829.3490025004871,5.537133822545189e+34
829.2148993333111,5.506648996480547e+34
829.080839527258,5.5165799175781415e+34
828.9468230613005,5.493718105915648e+34
828.812849914425,5.483568663406936e+34
828.6789200656312,5.46658678159328e+34
828.545033493933,5.469716223889239e+34
828.411190178357,5.441435782611899e+34
828.2773900979437,5.447375252894e+34
828.1436332317476,5.450211224042231e+34
828.0099195588363,5.4415486379004745e+34
827.8762490582908,5.454397036451604e+34
827.7426217092058,5.46578961441846e+34
827.6090374906894,5.451658655191403e+34
827.4754963818633,5.461845957667167e+34
827.3419983618628,5.48548892149412e+34
827.2085434098364,5.494783152244931e+34
827.0751315049458,5.48579291604253e+34
826.941762626367,5.499564937206569e+34
826.8084367532886,5.505613530784109e+34
826.675153864913,5.522638080354255e+34
826.5419139404559,5.565977673662456e+34
826.4087169591464,5.527069865901522e+34
826.2755629002272,5.499292317889943e+34
826.142451742954,5.485427063137374e+34
826.0093834665961,5.490310752466579e+34
825.8763580504362,5.477188545084386e+34
825.7433754737702,5.477024455597794e+34
825.6104357159074,5.46956217375663e+34
825.4775387561704,5.463199252156119e+34
825.344684573895,5.442870380053235e+34
825.2118731484308,5.418786981004252e+34
825.07910445914,5.376587136299614e+34
824.9463784853983,5.372603893912338e+34
824.8136952065952,5.38164446333954e+34
824.6810546021325,5.348717424541482e+34
824.5484566514262,5.339677939816146e+34
824.4159013339049,5.348167478163571e+34
824.2833886290106,5.353384000020017e+34
824.1509185161987,5.327376368009208e+34
824.0184909749374,5.256392625200567e+34
823.8861059847086,5.218525442319916e+34
823.7537635250071,5.166945621639298e+34
823.6214635753407,5.172590361919736e+34
823.4892061152308,5.163416081255895e+34
823.3569911242116,5.096926403247608e+34
823.2248185818306,5.064258668151959e+34
823.0926884676483,5.040352621324249e+34
822.9606007612384,4.997161989892657e+34
822.828555442188,4.962771060709674e+34
822.6965524900967,4.954394194930196e+34
822.5645918845777,4.920347648509051e+34
822.4326736052569,4.853537740124267e+34
822.3007976317737,4.848165552837971e+34
822.16896394378,4.839664834596669e+34
822.0371725209413,4.798958822019157e+34
821.9054233429358,4.787599850189441e+34
821.773716389455,4.758197873651502e+34
821.6420516402029,4.710705744135289e+34
821.510429074897,4.694247926879554e+34
821.3788486732677,4.699153524394077e+34
821.2473104150583,4.64359943858939e+34
821.1158142800251,4.614172603954257e+34
820.9843602479373,4.616275226795801e+34
820.8529482985771,4.596165844803593e+34
820.7215784117396,4.589450864858174e+34
820.5902505672329,4.571902278406751e+34
820.4589647448782,4.546314167876063e+34
820.3277209245093,4.567214331850702e+34
820.1965190859729,4.505380391890036e+34
820.0653592091289,4.521533150086853e+34
819.9342412738498,4.538842384436291e+34
819.803165260021,4.4974176873135565e+34
819.6721311475409,4.479502606042752e+34
819.5411389163207,4.483872527698296e+34
819.4101885462844,4.490270054518277e+34
819.2792800173687,4.451006765798399e+34
819.1484133095233,4.453564901394244e+34
819.0175884027109,4.451854263906285e+34
818.8868052769064,4.435672050923185e+34
818.7560639120983,4.451506926775714e+34
818.6253642882871,4.399510814834001e+34
818.4947063854864,4.432794404034946e+34
818.3640901837227,4.423708947364961e+34
818.2335156630351,4.410860210740829e+34
818.1029828034752,4.416956790088395e+34
817.972491585108,4.429093179746289e+34
817.8420419880104,4.420174113376594e+34
817.7116339922725,4.435464977632147e+34
817.5812675779972,4.4052433393752e+34
817.4509427252997,4.474477908594872e+34
817.320659414308,4.390319542221521e+34
817.1904176251628,4.445758980663583e+34
817.0602173380178,4.434766869059861e+34
816.9300585330387,4.409227622078097e+34
816.7999411904043,4.431226663562947e+34
816.6698652903058,4.389804891609786e+34
816.539830812947,4.4348388039656935e+34
816.4098377385448,4.4158123722377975e+34
816.2798860473279,4.430172030328222e+34
816.1499757195381,4.430394863595506e+34
816.02010673543,4.4222093687514525e+34
815.8902790752699,4.438979563543607e+34
815.7604927193375,4.460095490120498e+34
815.6307476479249,4.457204476729083e+34
815.501043841336,4.467304032512576e+34
815.3713812798884,4.421845715794225e+34
815.2417599439113,4.439047988787414e+34
815.1121798137468,4.4261283072508e+34
814.9826408697494,4.387809774533089e+34
814.8531430922861,4.391364940093864e+34
814.7236864617364,4.37804151073921e+34
814.5942709584923,4.330874917685415e+34
814.4648965629581,4.333760229786667e+34
814.3355632555506,4.331988749880027e+34
814.2062710166992,4.305087603827384e+34
814.0770198268458,4.263686720355964e+34
813.9478096664442,4.279784922833862e+34
813.818640515961,4.286190740420969e+34
813.6895123558752,4.250971436191631e+34
813.5604251666782,4.210638615543408e+34
813.4313789288735,4.217660851857997e+34
813.3023736229774,4.200966165912776e+34
813.1734092295181,4.194899935428663e+34
813.0444857290365,4.160729345662855e+34
812.9156031020858,4.1498784357728317e+34
812.7867613292315,4.118755951432835e+34
812.657960391051,4.1239052440223217e+34
812.5292002681346,4.115893762622315e+34
812.4004809410847,4.0913785984208654e+34
812.2718023905159,4.0689274975470776e+34
812.1431645970551,4.0738819326325794e+34
812.0145675413416,4.058806641624868e+34
811.886011204027,4.0435831889682277e+34
811.7574955657747,4.030361812631416e+34
811.6290206072608,4.02528680317151e+34
811.5005863091735,3.993354291416722e+34
811.3721926522134,4.0057328097350703e+34
811.2438396170928,3.998938394992379e+34
811.1155271845369,3.9947179291356864e+34
810.9872553352824,3.9888569450347636e+34
810.8590240500787,3.966567262940546e+34
810.730833309687,3.9655736829930137e+34
810.602683094881,3.9388271436875465e+34
810.4745733864464,3.921883302853989e+34
810.3465041651809,3.9163491949249587e+34
810.2184754118947,3.8961075571400825e+34
810.0904871074099,3.883527769349228e+34
809.9625392325605,3.882367170308738e+34
809.8346317681929,3.8770193361103693e+34
809.7067646951656,3.842129942169625e+34
809.5789379943491,3.8351057920194995e+34
809.451151646626,3.828734104033765e+34
809.3234056328909,3.817082422367391e+34
809.1956999340505,3.8079770550818545e+34
809.0680345310236,3.802704904610138e+34
808.9404094047412,3.7970070484807374e+34
808.8128245361459,3.776926373838965e+34
808.6852799061925,3.784871808897001e+34
808.557775495848,3.764842481381484e+34
808.4303112860914,3.7617304205151004e+34
808.3028872579132,3.774410595561934e+34
808.1755033923166,3.763729329446858e+34
808.0481596703163,3.744281646492783e+34
807.920856072939,3.7416059527310016e+34
807.7935925812236,3.726963943159496e+34
807.6663691762207,3.750749510626019e+34
807.5391858389928,3.7520045025914882e+34
807.4120425506146,3.714588196204836e+34
807.2849392921726,3.6996453980568813e+34
807.157876044765,3.7303794705126464e+34
807.0308527895021,3.7171040701078525e+34
806.9038695075062,3.681341977341997e+34
806.7769261799111,3.6542459826556397e+34
806.6500227878631,3.6747140314789247e+34
806.5231593125196,3.6265033561379824e+34
806.3963357350503,3.61835056238222e+34
806.2695520366369,3.6159124954801815e+34
806.1428081984723,3.5952259514007023e+34
806.0161042017619,3.6048341264088425e+34
805.8894400277226,3.6072669971227206e+34
805.762815657583,3.5720090373359705e+34
805.6362310725838,3.575669030016428e+34
805.5096862539772,3.550073096281227e+34
805.3831811830272,3.554730584110487e+34
805.25671584101,3.543716568516395e+34
805.1302902092131,3.5468383174518648e+34
805.0039042689357,3.503747336493619e+34
804.877558001489,3.517163950117075e+34
804.7512513881958,3.4915745658082343e+34
804.6249844103909,3.496350901770966e+34
804.4987570494203,3.477281956864865e+34
804.3725692866421,3.4924347660975327e+34
804.246421103426,3.469726689633108e+34
804.1203124811534,3.4204629676903936e+34
803.9942434012172,3.43365681596162e+34
803.8682138450222,3.4244258065680467e+34
803.7422237939847,3.403387953916127e+34
803.6162732295329,3.3979952048290637e+34
803.4903621331061,3.377761025932045e+34
803.364490486156,3.3321030854964185e+34
803.2386582701453,3.317064671096185e+34
803.1128654665483,3.312716708353058e+34
802.9871120568515,3.276772211372582e+34
802.8613980225523,3.2493654071312783e+34
802.7357233451602,3.2094699136719767e+34
802.6100880061961,3.1925922357238368e+34
802.4844919871923,3.1724707448326145e+34
802.3589352696929,3.173437387743391e+34
802.2334178352534,3.164064497793104e+34
802.1079396654408,3.1567706199596364e+34
801.9825007418337,3.1448300661961513e+34
801.8571010460225,3.1508923732128977e+34
801.7317405596086,3.1287704024363646e+34
801.6064192642054,3.115024762249338e+34
801.4811371414373,3.1266799318705184e+34
801.3558941729407,3.101022847831551e+34
801.2306903403629,3.105126015468841e+34
801.105525625363,3.0437649669614535e+34
800.9804000096119,3.036830397288545e+34
800.8553134747912,3.026051088267406e+34
800.7302660025945,3.0424067862681053e+34
800.6052575747266,2.987508371784383e+34
800.4802881729038,2.975578874637366e+34
800.3553577788538,2.9579331689053735e+34
800.2304663743158,2.9537365363334504e+34
800.1056139410402,2.9265804597820246e+34
799.980800460789,2.907360042812871e+34
799.8560259153353,2.9256946112966307e+34
799.7312902864637,2.905958140325153e+34
799.6065935559704,2.9126445663482434e+34
799.4819357056629,2.877804790089674e+34
799.3573167173593,2.88304040155988e+34
799.2327365728901,2.8555544972707933e+34
799.1081952540965,2.853307848648777e+34
798.9836927428312,2.841055285561802e+34
798.8592290209582,2.824501823760325e+34
798.7348040703525,2.813605999351707e+34
798.6104178729012,2.801152598054529e+34
798.4860704105017,2.779911250748128e+34
798.3617616650633,2.7802546537583546e+34
798.2374916185063,2.7536266784141976e+34
798.1132602527626,2.7592786758919613e+34
797.9890675497746,2.752592952414594e+34
797.8649134914968,2.750169267139568e+34
797.7407980598944,2.754438591706446e+34
797.616721236944,2.7413952254907823e+34
797.4926830046335,2.746428553241635e+34
797.3686833449617,2.7330304848223723e+34
797.2447222399389,2.7165528687960017e+34
797.1207996715863,2.704511135806282e+34
796.9969156219365,2.703133841650731e+34
796.8730700730334,2.6665329373253897e+34
796.7492630069318,2.6780327571553138e+34
796.6254944056975,2.6430078595185935e+34
796.5017642514078,2.6477025127179354e+34
796.3780725261511,2.640704362303505e+34
796.2544192120267,2.642392839348659e+34
796.1308042911451,2.6142897871263504e+34
796.007227745628,2.611657553087988e+34
795.8836895576081,2.5944686228401436e+34
795.7601897092293,2.5898692359232804e+34
795.6367281826465,2.5702676351422285e+34
795.5133049600255,2.562063244896727e+34
795.3899200235436,2.535198514192538e+34
795.2665733553887,2.5358153916478535e+34
795.1432649377603,2.5070269868902677e+34
795.0199947528681,2.4878370117935187e+34
794.8967627829336,2.475441480535284e+34
794.773569010189,2.4573141602984462e+34
794.6504134168777,2.454348567560759e+34
794.5272959852537,2.44572075457337e+34
794.4042166975823,2.4281920917155264e+34
794.2811755361398,2.431875304536285e+34
794.1581724832135,2.40594067503477e+34
794.0352075211015,2.3944361981354314e+34
793.912280632113,2.382591368426855e+34
793.7893917985681,2.3807971576215593e+34
793.6665410027978,2.360163899263089e+34
793.543728227144,2.3603967152741776e+34
793.4209534539598,2.356058353497218e+34
793.298216665609,2.3579279611258158e+34
793.1755178444663,2.3393391151042077e+34
793.0528569729173,2.333699445691897e+34
792.9302340333586,2.325026397537148e+34
792.8076490081977,2.3164288090959018e+34
792.6851018798528,2.30559261781078e+34
792.5625926307531,2.2901100179719267e+34
792.4401212433386,2.283391140944699e+34
792.3176877000603,2.286835357744823e+34
792.1952919833798,2.307109062517168e+34
792.0729340757697,2.2841014519301624e+34
791.9506139597136,2.2393584255754397e+34
791.8283316177053,2.242322322332709e+34
791.7060870322503,2.229485193308962e+34
791.5838801858639,2.217787939421857e+34
791.4617110610733,2.2060421591509455e+34
791.3395796404153,2.206853294008247e+34
791.2174859064387,2.18215291430036e+34
791.095429841702,2.174567000852483e+34
790.973411428775,2.1736382692522036e+34
790.8514306502381,2.1602247172928674e+34
790.7294874886828,2.1522421639945367e+34
790.6075819267108,2.1605092636594277e+34
790.4857139469348,2.1590139193813764e+34
790.3638835319782,2.164735533659642e+34
790.2420906644751,2.168821114573695e+34
790.1203353270703,2.1383966024658904e+34
789.9986175024194,2.1325980631830474e+34
789.8769371731885,2.100853108274875e+34
789.7552943220543,2.1011412489225064e+34
789.6336889317046,2.1094742011444904e+34
789.5121209848375,2.1086119042005568e+34
789.3905904641617,2.1056525227196348e+34
789.2690973523969,2.091676687805962e+34
789.147641632273,2.0815751351388476e+34
789.026223286531,2.062534853474213e+34
788.9048422979221,2.0520327979177097e+34
788.7834986492084,2.041737502536797e+34
788.6621923231622,2.0261178679373318e+34
788.5409233025672,2.0205601897791158e+34
788.4196915702167,2.0077056835263993e+34
788.2984971089153,1.9941367368061469e+34
788.1773399014779,1.9867389246499023e+34
788.0562199307299,1.9771525738794126e+34
787.9351371795074,1.9699446509822027e+34
787.8140916306571,1.9520074091336205e+34
787.6930832670358,1.9468003880689477e+34
787.5721120715116,1.9259040709556576e+34
787.4511780269623,1.9200510877657882e+34
787.330281116277,1.9227595024437958e+34
787.2094213223544,1.912688186009112e+34
787.0885986281047,1.9025033277793103e+34
786.9678130164477,1.8766662731972432e+34
786.8470644703143,1.8576081751537858e+34
786.7263529726456,1.8411146394015873e+34
786.6056785063931,1.843146374578348e+34
786.4850410545191,1.8332727763721234e+34
786.3644405999962,1.82343748194679e+34
786.243877125807,1.8067866633890566e+34
786.1233506149451,1.804088201444216e+34
786.0028610504143,1.8021147671453162e+34
785.8824084152288,1.7789532711808129e+34
785.7619926924135,1.767668064316906e+34
785.6416138650033,1.7587114831048623e+34
785.5212719160436,1.748202836602379e+34
785.4009668285903,1.737659903457262e+34
785.2806985857095,1.7242058246610794e+34
785.1604671704781,1.712706042720143e+34
785.0402725659827,1.7082790823835003e+34
784.9201147553209,1.708231669754705e+34
784.7999937216001,1.6947624286895812e+34
784.6799094479385,1.6896008994227336e+34
784.5598619174643,1.6887430262730856e+34
784.4398511133163,1.6852184245508078e+34
784.3198770186434,1.6874475951755287e+34
784.1999396166048,1.668215256978153e+34
784.08003889037,1.6762072151759197e+34
783.960174823119,1.6600072207231825e+34
783.840347398042,1.6525947877716771e+34
783.7205565983394,1.6529273062954724e+34
783.6008024072217,1.6399703502016392e+34
783.4810848079101,1.6306449110864553e+34
783.3614037836356,1.623819993793654e+34
783.2417593176399,1.6202346326838198e+34
783.1221513931745,1.6151845023495966e+34
783.0025799935012,1.6107008150553003e+34
782.8830451018923,1.5923342352380428e+34
782.7635467016303,1.5849075875396153e+34
782.6440847760073,1.5838044169925788e+34
782.5246593083265,1.5825413449836516e+34
782.4052702819007,1.5750103448288406e+34
782.2859176800529,1.5659813903208447e+34
782.1666014861165,1.5614672675665005e+34
782.047321683435,1.553101856255722e+34
781.928078255362,1.5612395484830843e+34
781.8088711852614,1.5547521996434593e+34
781.6897004565068,1.5556571397522644e+34
781.5705660524825,1.5572961757320048e+34
781.4514679565825,1.545122036779967e+34
781.3324061522113,1.5318696199542877e+34
781.2133806227833,1.529805844277387e+34
781.0943913517231,1.5358772788494306e+34
780.9754383224648,1.5391496616864025e+34
780.8565215184536,1.5326406667004645e+34
780.7376409231442,1.5408515772733872e+34
780.6187965200014,1.5291558298271988e+34
780.4999882925002,1.521743633672652e+34
780.3812162241255,1.5210769268013802e+34
780.2624802983723,1.5232307106738094e+34
780.1437804987461,1.5285891726325489e+34
780.0251168087613,1.525821531082199e+34
779.9064892119435,1.5168416807283002e+34
779.7878976918279,1.5261316763256642e+34
779.6693422319595,1.5229577712571581e+34
779.5508228158935,1.5266313341271942e+34
779.4323394271953,1.5135672503664152e+34
779.3138920494397,1.5216254045545863e+34
779.1954806662122,1.5189109228589013e+34
779.0771052611077,1.5146315601484858e+34
778.9587658177315,1.5074714568698348e+34
778.8404623196985,1.4940200753170112e+34
778.7221947506338,1.4893235032063922e+34
778.6039630941722,1.4862263105321708e+34
778.4857673339587,1.4801467675805167e+34
778.3676074536482,1.4655214994355783e+34
778.2494834369055,1.4646421280671487e+34
778.1313952674049,1.4680063536330442e+34
778.0133429288312,1.4649801039581114e+34
777.895326404879,1.4537113439951036e+34
777.7773456792526,1.4413226240267682e+34
777.6594007356658,1.4455769063908133e+34
777.5414915578433,1.4453036224726722e+34
777.4236181295188,1.4345680810570515e+34
777.3057804344363,1.4300142521882434e+34
777.1879784563494,1.4291591673266788e+34
777.0702121790215,1.430397188647654e+34
776.9524815862262,1.4241908357279774e+34
776.8347866617468,1.4154648081182815e+34
776.7171273893762,1.4088999334158949e+34
776.5995037529171,1.4064130361947485e+34
776.4819157361825,1.414721037794002e+34
776.3643633229948,1.4054725278469435e+34
776.2468464971862,1.3958193534576933e+34
776.1293652425987,1.385013560683339e+34
776.0119195430842,1.3931544159409488e+34
775.8945093825043,1.38969175451823e+34
775.7771347447306,1.4001349291143758e+34
775.6597956136438,1.3965605979556746e+34
775.5424919731353,1.4013991083133908e+34
775.4252238071053,1.4064098294028556e+34
775.3079910994643,1.4005430893316442e+34
775.1907938341325,1.400572005457084e+34
775.0736319950396,1.399408368098866e+34
774.9565055661252,1.3886721746819209e+34
774.8394145313384,1.3879679976594468e+34
774.7223588746384,1.3837520010449022e+34
774.6053385799936,1.3656519326043196e+34
774.4883536313823,1.3757648915503351e+34
774.3714040127926,1.3686494910074487e+34
774.2544897082222,1.3632696006734608e+34
774.1376107016783,1.3576051892888222e+34
774.0207669771781,1.3480743552454444e+34
773.9039585187478,1.3472981327463184e+34
773.7871853104241,1.339114407533024e+34
773.6704473362528,1.3421104048939137e+34
773.553744580289,1.345556184681492e+34
773.4370770265984,1.3434704395218574e+34
773.3204446592557,1.34677186567978e+34
773.203847462345,1.3600142457087317e+34
773.0872854199604,1.3496595526975446e+34
772.9707585162055,1.3516198806223744e+34
772.854266735193,1.354065179235402e+34
772.7378100610464,1.3480078060509601e+34
772.6213884778973,1.3473022726143291e+34
772.5050019698878,1.3499423041960626e+34
772.3886505211692,1.3461499216494421e+34
772.2723341159027,1.3599226995621968e+34
772.1560527382585,1.3546226200888267e+34
772.0398063724167,1.3410624503076945e+34
771.9235950025667,1.3307345643385837e+34
771.8074186129078,1.333267157032298e+34
771.6912771876483,1.3284752677006861e+34
771.5751707110066,1.3407311747047531e+34
771.4590991672098,1.3422261094459348e+34
771.3430625404955,1.3442032640192364e+34
771.22706081511,1.340257627336318e+34
771.1110939753091,1.3387693732663434e+34
770.9951620053585,1.3536678624656313e+34
770.879264889533,1.352970331140816e+34
770.7634026121173,1.356750703912881e+34
770.6475751574048,1.3621475379523724e+34
770.5317825096992,1.3575687809407145e+34
770.4160246533128,1.3570298707946904e+34
770.3003015725682,1.3561237359616624e+34
770.1846132517966,1.3518231284429355e+34
770.068959675339,1.3492895943612218e+34
769.953340827546,1.3445757951420409e+34
769.8377566927771,1.336718662400748e+34
769.7222072554015,1.3257312005512131e+34
769.606692499798,1.3273718291464826e+34
769.4912124103544,1.3217785739113935e+34
769.3757669714678,1.324282424129197e+34
769.260356167545,1.3196522970597588e+34
769.1449799830019,1.3189988711841268e+34
769.0296384022641,1.316375232504398e+34
768.9143314097661,1.3148465502471186e+34
768.7990589899518,1.3162896057959546e+34
768.6838211272749,1.318814702801899e+34
768.5686178061977,1.3059012962611814e+34
768.4534490111926,1.3028874838270413e+34
768.3383147267405,1.30587345721867e+34
768.2232149373323,1.3048162305320688e+34
768.1081496274677,1.3099577993990386e+34
767.9931187816558,1.306021900877365e+34
767.8781223844153,1.3003634568430986e+34
767.7631604202736,1.305417035816694e+34
767.648232873768,1.3073882548874438e+34
767.5333397294445,1.3038239026712065e+34
767.4184809718588,1.3060821454301464e+34
767.3036565855755,1.312311265257012e+34
767.1888665551686,1.3179817604254717e+34
767.0741108652213,1.3134426406003278e+34
766.959389500326,1.3258218060422802e+34
766.8447024450844,1.321623785593874e+34
766.7300496841073,1.3265985325135892e+34
766.6154312020147,1.3285178471588927e+34
766.500846983436,1.3339090644848604e+34
766.3862970130094,1.334509391494575e+34
766.2717812753828,1.342547074208021e+34
766.1572997552128,1.3482617273892442e+34
766.0428524371654,1.3461091437039835e+34
765.9284393059157,1.353039846846522e+34
765.814060346148,1.350906804623134e+34
765.6997155425557,1.339336999861198e+34
765.5854048798413,1.3498210730617904e+34
765.4711283427168,1.352924443927651e+34
765.3568859159027,1.348283372880796e+34
765.242677584129,1.3510752711615083e+34
765.1285033321348,1.3523591110902544e+34
765.0143631446681,1.3593815469255636e+34
764.9002570064864,1.3583561143963091e+34
764.786184902356,1.36867623799893e+34
764.6721468170522,1.3683519220872914e+34
764.5581427353596,1.3612911982410116e+34
764.444172642072,1.3715403198462285e+34
764.3302365219918,1.3633903525832495e+34
764.2163343599307,1.3669787567365107e+34
764.1024661407095,1.3603933965255296e+34
763.9886318491582,1.3680727840852998e+34
763.8748314701154,1.3726684056375405e+34
763.7610649884291,1.376162346147122e+34
763.6473323889562,1.3860944191403508e+34
763.5336336565626,1.3795494623011024e+34
763.4199687761234,1.379654394307637e+34
763.3063377325223,1.387370233167274e+34
763.1927405106524,1.3902302474777295e+34
763.0791770954155,1.389936436295216e+34
762.9656474717226,1.3954970496026035e+34
762.8521516244938,1.393028850609121e+34
762.7386895386576,1.4016869392205544e+34
762.625261199152,1.402225854321266e+34
762.5118665909239,1.3987634341054739e+34
762.3985056989288,1.4093616182083395e+34
762.2851785081317,1.4095720899927023e+34
762.171885003506,1.4202190426517469e+34
762.0586251700344,1.415426893431108e+34
761.9453989927083,1.4118402947191636e+34
761.832206456528,1.4062079962997577e+34
761.719047546503,1.405221910230416e+34
761.6059222476515,1.3918444425062145e+34
761.4928305450004,1.3964979471963764e+34
761.3797724235861,1.3892148281142288e+34
761.2667478684531,1.3876001494039192e+34
761.1537568646554,1.3759653104411577e+34
761.0407993972558,1.3812803835530796e+34
760.9278754513253,1.3694194529906946e+34
760.8149850119448,1.3705642943197219e+34
760.7021280642033,1.3695164895037601e+34
760.5893045931988,1.3587831747399815e+34
760.4765145840383,1.3593463957812437e+34
760.3637580218377,1.3489526835189996e+34
760.2510348917212,1.352516443208821e+34
760.1383451788225,1.3477226640929658e+34
760.0256888682839,1.3471203330309825e+34
759.9130659452559,1.3462302417387087e+34
759.8004763948987,1.34369963845035e+34
759.6879202023808,1.345049944721278e+34
759.5753973528798,1.336639362104701e+34
759.4629078315816,1.3414825663458118e+34
759.3504516236811,1.3307570580227428e+34
759.2380287143823,1.3244313984848747e+34
759.1256390888974,1.3212206191696621e+34
759.0132827324479,1.3231019818396934e+34
758.9009596302635,1.311875120006329e+34
758.7886697675831,1.3146745564855416e+34
758.6764131296541,1.307034626375077e+34
758.5641897017325,1.3112588251051364e+34
758.4519994690837,1.3033797288027047e+34
758.3398424169808,1.3039832319670596e+34
758.2277185307064,1.2980089969900892e+34
758.1156277955514,1.2944971830040912e+34
758.0035701968156,1.295909466493285e+34
757.8915457198075,1.283797895098781e+34
757.7795543498441,1.2884819798400243e+34
757.6675960722513,1.2848180002530406e+34
757.5556708723633,1.288461955799904e+34
757.4437787355234,1.2812377053768302e+34
757.3319196470833,1.2795149032134358e+34
757.2200935924036,1.2848962235687916e+34
757.1083005568532,1.2863413511325562e+34
756.9965405258098,1.2843958295279032e+34
756.8848134846598,1.285471634030357e+34
756.7731194187983,1.2881458355393077e+34
756.6614583136287,1.2934389724631689e+34
756.5498301545631,1.289730002985642e+34
756.4382349270226,1.2874888888891266e+34
756.3266726164366,1.2832882265536108e+34
756.2151432082427,1.2875766864962989e+34
756.1036466878879,1.2855360734015556e+34
755.9921830408275,1.282686627686919e+34
755.8807522525248,1.2745946132286725e+34
755.7693543084522,1.2797623977091993e+34
755.6579891940908,1.276366046949136e+34
755.5466568949299,1.2778223579439664e+34
755.4353573964677,1.269533817137739e+34
755.3240906842103,1.2696742663097006e+34
755.2128567436732,1.2626974065557333e+34
755.1016555603799,1.2695459068892514e+34
754.9904871198623,1.2646554926274307e+34
754.8793514076614,1.2588017888571696e+34
754.7682484093259,1.2606122623659584e+34
754.657178110414,1.251408946505821e+34
754.5461404964914,1.2487925289357569e+34
754.435135553133,1.252271262116738e+34
754.3241632659219,1.2507915449122278e+34
754.2132236204498,1.2448928391790934e+34
754.1023166023166,1.2475031192601694e+34
753.9914421971312,1.241183981474329e+34
753.8806003905102,1.2477239590223637e+34
753.7697911680793,1.240746209961286e+34
753.6590145154727,1.2360013165449427e+34
753.5482704183323,1.2394769065473625e+34
753.4375588623093,1.2386084155536447e+34
753.3268798330629,1.226050512749941e+34
753.2162333162605,1.2310585238343526e+34
753.1056192975784,1.230635538661725e+34
752.9950377627013,1.2301387496318541e+34
752.8844886973216,1.2331516869388416e+34
752.7739720871413,1.230823685148431e+34
752.6634879178694,1.234885101277257e+34
752.5530361752245,1.2355379845671173e+34
752.4426168449329,1.2272415113297867e+34
752.3322299127295,1.2353534187726006e+34
752.2218753643574,1.2418753902926944e+34
752.1115531855685,1.242405358741132e+34
752.0012633621225,1.243565458587884e+34
751.8910058797877,1.2390507094945964e+34
751.7807807243408,1.2374421897675555e+34
751.6705878815668,1.2408434388733594e+34
751.560427337259,1.2303858275457727e+34
751.450299077219,1.2265314381224015e+34
751.3402030872569,1.2235452116257464e+34
751.2301393531909,1.2193956785196548e+34
751.1201078608476,1.2199118393262277e+34
751.0101085960617,1.212701002429325e+34
750.9001415446767,1.2167281437518655e+34
750.7902066925438,1.2130062936870127e+34
750.6803040255231,1.213427681990958e+34
750.5704335294824,1.2097863171797304e+34
750.4605951902981,1.2086429268949435e+34
750.3507889938547,1.2077158876861606e+34
750.2410149260451,1.210292422236829e+34
750.1312729727704,1.2110151692053991e+34
750.0215631199397,1.2062064623394678e+34
749.911885353471,1.2142219280490677e+34
749.80223965929,1.2068460364991587e+34
749.6926260233305,1.2086137278266907e+34
749.583044431535,1.205241853764323e+34
749.4734948698539,1.199755758599988e+34
749.3639773242461,1.2010278664695517e+34
749.2544917806782,1.1952329091993611e+34
749.1450382251256,1.1962020540205654e+34
749.0356166435714,1.1933524538054807e+34
748.9262270220073,1.1946357046113136e+34
748.8168693464327,1.1915346196902222e+34
748.7075436028556,1.1884603243736342e+34
748.5982497772922,1.1905842877784585e+34
748.4889878557663,1.1804651387942137e+34
748.3797578243104,1.182704914916943e+34
748.2705596689651,1.181746598979689e+34
748.161393375779,1.1776738244472366e+34
748.052258930809,1.17092014499321e+34
747.9431563201197,1.1727307400584038e+34
747.8340855297845,1.1746037071095897e+34
747.7250465458842,1.1651128006487136e+34
747.6160393545083,1.165083304012068e+34
747.5070639417544,1.163993385005709e+34
747.3981202937274,1.1612928075498455e+34
747.2892083965415,1.158313552719444e+34
747.1803282363182,1.1532778916645882e+34
747.0714797991872,1.151994973250795e+34
746.9626630712864,1.1456064165528553e+34
746.8538780387618,1.1510420993129508e+34
746.7451246877673,1.1453232482271733e+34
746.6364030044649,1.1404052627973018e+34
746.527712975025,1.1399985878389016e+34
746.4190545856255,1.1337044901007046e+34
746.3104278224529,1.1388935268024282e+34
746.201832671701,1.130099299902235e+34
746.0932691195726,1.1321184841445154e+34
745.984737152278,1.1301207129487815e+34
745.8762367560352,1.1228460458040274e+34
745.7677679170707,1.1166328005271542e+34
745.659330621619,1.1175548567433751e+34
745.5509248559223,1.1099138645590789e+34
745.4425506062312,1.1151604174808764e+34
745.3342078588039,1.1050489850058494e+34
745.2258965999068,1.104005183933624e+34
745.1176168158144,1.1111787197952476e+34
745.0093684928089,1.0945357525682042e+34
744.9011516171804,1.1033320083198564e+34
744.7929661752275,1.0985045813412929e+34
744.6848121532562,1.0990097809479473e+34
744.5766895375807,1.0919651912919155e+34
744.4685983145231,1.0952137794808781e+34
744.3605384704136,1.0925523891795754e+34
744.25250999159,1.0895506660304491e+34
744.1445128643984,1.0902036724339866e+34
744.0365470751923,1.087657167235085e+34
743.928612610334,1.0812102354243417e+34
743.8207094561927,1.0782047732313322e+34
743.7128375991462,1.0787217360424445e+34
743.60499702558,1.0735953998966128e+34
743.4971877218876,1.077148578661093e+34
743.3894096744699,1.066576632515203e+34
743.2816628697362,1.062928970020418e+34
743.1739472941036,1.066126391546472e+34
743.0662629339971,1.061659709393736e+34
742.9586097758495,1.0662024639860574e+34
742.8509878061011,1.059160979994896e+34
742.7433970112006,1.055838603642483e+34
742.6358373776044,1.0543624262434125e+34
742.5283088917765,1.0455975020545022e+34
742.4208115401891,1.0455141460366916e+34
742.313345309322,1.040910488679324e+34
742.2059101856629,1.0395573125201252e+34
742.0985061557071,1.0391247433958137e+34
741.9911332059581,1.0342315129722559e+34
741.8837913229272,1.0338711131786299e+34
741.776480493133,1.0288629478862595e+34
741.6692007031024,1.0273634276265962e+34
741.5619519393699,1.0267866823740301e+34
741.4547341884779,1.031100022084241e+34
741.3475474369762,1.0238000197865089e+34
741.240391671423,1.032226315058631e+34
741.1332668783838,1.0214976274906373e+34
741.026173044432,1.0170218892466765e+34
740.9191101561487,1.0183443187398792e+34
740.812078200123,1.0136375854769371e+34
740.7050771629514,1.0107041697877441e+34
740.5981070312386,1.0151848576117306e+34
740.4911677915961,1.0103914312038986e+34
740.3842594306445,1.0109458551277717e+34
740.2773819350111,1.0057794723316782e+34
740.1705352913311,1.0116395442866486e+34
740.0637194862478,1.0046756325319628e+34
739.9569345064117,1.0029459288934182e+34
739.8501803384814,1.0007994866974378e+34
739.7434569691231,1.0005895128075246e+34
739.6367643850106,1.0067669568293816e+34
739.5301025728252,9.990497946311902e+33
739.4234715192564,1.0046089244056159e+34
739.3168712110011,1.0032077162564587e+34
739.2103016347636,1.007355185602878e+34
739.1037627772563,1.0126678868032329e+34
738.997254625199,1.0051896058241175e+34
738.8907771653195,1.0026556291069891e+34
738.7843303843526,9.987765395733557e+33
738.6779142690414,9.937800056305947e+33
738.5715288061361,9.845801429477619e+33
738.4651739823951,9.862013720814711e+33
738.3588497845839,9.813842802828436e+33
738.2525561994759,9.779981273457132e+33
738.146293213852,9.756788762734073e+33
738.0400608145011,9.716291152362383e+33
737.9338589882188,9.728789586954401e+33
737.8276877218095,9.70810394730917e+33
737.7215470020841,9.678928627001646e+33
737.6154368158617,9.648361208570044e+33
737.509357149969,9.618801352390464e+33
737.4033079912397,9.636317147223957e+33
737.2972893265159,9.592233443607948e+33
737.1913011426466,9.560078076862534e+33
737.0853434264886,9.50860831358388e+33
736.9794161649065,9.513967133485796e+33
736.873519344772,9.499261253688878e+33
736.7676529529648,9.426037635172382e+33
736.6618169763717,9.456483098188447e+33
736.5560114018871,9.415947608537418e+33
736.4502362164133,9.428323212241063e+33
736.3444914068599,9.422000511307935e+33
736.2387769601437,9.371363498491237e+33
736.1330928631896,9.36523466069156e+33
736.0274391029297,9.323428381550393e+33
735.9218156663036,9.289757017717963e+33
735.8162225402584,9.271002279566798e+33
735.7106597117487,9.277118956543444e+33
735.6051271677363,9.237054365614929e+33
735.4996248951913,9.198806502126949e+33
735.3941528810905,9.215067242369995e+33
735.2887111124184,9.193142516051196e+33
735.1832995761669,9.122399229401625e+33
735.0779182593355,9.146542418553642e+33
734.9725671489313,9.101471606244638e+33
734.8672462319682,9.067207416931171e+33
734.7619554954684,9.036925180442664e+33
734.656694926461,8.993594938515518e+33
734.5514645119824,8.98851626246945e+33
734.446264239077,9.033594221363659e+33
734.3410940947961,8.985956222079139e+33
734.2359540661987,8.959451404557964e+33
734.1308441403511,8.917828183248718e+33
734.0257643043271,8.890575824243752e+33
733.9207145452077,8.858133118265349e+33
733.8156948500815,8.860946002449559e+33
733.7107052060444,8.805821918032354e+33
733.6057456001996,8.792145416343754e+33
733.5008160196578,8.783636600451182e+33
733.3959164515372,8.701033576226347e+33
733.2910468829631,8.727026721636326e+33
733.1862073010683,8.695709701730944e+33
733.0813976929929,8.666796787596663e+33
732.9766180458844,8.629024812158781e+33
732.8718683468976,8.603004341132798e+33
732.7671485831947,8.507545887325619e+33
732.6624587419453,8.503429496093925e+33
732.5577988103262,8.482968372572491e+33
732.4531687755214,8.462529456131269e+33
732.3485686247227,8.489658157811224e+33
732.2439983451286,8.389564457406932e+33
732.1394579239454,8.420238545498525e+33
732.0349473483865,8.326257537649972e+33
731.9304666056726,8.33409325496501e+33
731.8260156830316,8.258467332013241e+33
731.721594567699,8.229224115249181e+33
731.6172032469171,8.194930025010293e+33
731.5128417079362,8.211367021580926e+33
731.4085099380131,8.131670707774712e+33
731.3042079244125,8.114721165899741e+33
731.1999356544057,8.118294672747526e+33
731.0956931152718,8.084348524716135e+33
730.9914802942972,8.029886926805762e+33
730.887297178775,7.965245876537866e+33
730.7831437560061,7.960459295266412e+33
730.6790200132984,7.937920812236286e+33
730.5749259379669,7.951309619029047e+33
730.470861517334,7.989526234368058e+33
730.3668267387296,8.014006520870053e+33
730.2628215894902,8.051535624174647e+33
730.1588460569598,7.971527911027972e+33
730.0549001284897,7.99994624626152e+33
729.9509837914384,7.931971642387186e+33
729.8470970331716,7.92095280749723e+33
729.743239841062,7.884645715258634e+33
729.6394122024897,7.86594690774273e+33
729.5356141048416,7.811281855976e+33
729.4318455355124,7.822014270612271e+33
729.3281064819035,7.777984081465911e+33
729.2243969314237,7.724434307797231e+33
729.1207168714889,7.680726202451915e+33
729.0170662895218,7.589446172059907e+33
728.913445172953,7.48267582538621e+33
728.8098535092195,7.396847286996222e+33
728.7062912857659,7.270703984646081e+33
728.6027584900437,7.174342747551577e+33
728.4992551095118,7.067718647143238e+33
728.3957811316358,6.983167864469404e+33
728.2923365438887,6.864212827700529e+33
728.1889213337508,6.82734456596957e+33
728.0855354887092,6.777014561580134e+33
727.9821789962582,6.755719835460818e+33
727.878851843899,6.726548257325974e+33
727.7755540191406,6.734122058089363e+33
727.672285509498,6.675767090160152e+33
727.5690463024941,6.680079191982065e+33
727.4658363856588,6.652819960321204e+33
727.3626557465287,6.624053547991924e+33
727.2595043726478,6.640703227577759e+33
727.156382251567,6.567289558057217e+33
727.0532893708445,6.548463915692391e+33
726.9502257180451,6.515579069802528e+33
726.8471912807411,6.47647641151443e+33
726.7441860465116,6.477561265172075e+33
726.6412100029429,6.435372161054597e+33
726.5382631376282,6.397202954537982e+33
726.4353454381677,6.349125966934074e+33
726.3324568921687,6.336902029222242e+33
726.2295974872457,6.296452378949958e+33
726.1267672110197,6.198800683302324e+33
726.0239660511195,6.209455874980084e+33
725.9211939951799,6.146479563530053e+33
725.8184510308438,6.049109940383774e+33
725.71573714576,6.061967690421722e+33
725.6130523275853,5.998082536291501e+33
725.5103965639828,5.959366644716147e+33
725.4077698426229,5.886485573269859e+33
725.3051721511827,5.877794396934426e+33
725.2026034773465,5.792000961091017e+33
725.1000638088057,5.745791010149585e+33
724.9975531332582,5.68442411472252e+33
724.8950714384093,5.662006919509662e+33
724.792618711971,5.605492944657597e+33
724.6901949416625,5.551788040906514e+33
724.5878001152096,5.527633473636424e+33
724.485434220345,5.513542007654384e+33
724.3830972448089,5.479658442599691e+33
724.280789176348,5.437129069259772e+33
724.1785100027157,5.407391138311875e+33
724.076259711673,5.423978380563134e+33
723.974038290987,5.38484222134308e+33
723.8718457284323,5.369005537640471e+33
723.7696820117902,5.326340894404113e+33
723.667547128849,5.315140897407014e+33
723.5654410674039,5.324717416748086e+33
723.4633638152565,5.35704776153107e+33
723.3613153602159,5.306976937711029e+33
723.2592956900979,5.325586422961958e+33
723.1573047927251,5.333660145917565e+33
723.0553426559269,5.329352390810172e+33
722.9534092675399,5.352446406556452e+33
722.8515046154068,5.335710708198445e+33
722.7496286873783,5.334347086201289e+33
722.6477814713109,5.325576013021015e+33
722.5459629550686,5.349501615317634e+33
722.4441731265217,5.314646617614554e+33
722.3424119735479,5.29902642019145e+33
722.2406794840313,5.245817336719821e+33
722.1389756458632,5.258693268140061e+33
722.0373004469412,5.238828923162799e+33
721.9356538751701,5.210348142230042e+33
721.8340359184616,5.190257754652405e+33
721.7324465647341,5.1662126430179264e+33
721.6308858019124,5.134983443080246e+33
721.5293536179287,5.107727643723176e+33
721.4278500007214,5.064380189472017e+33
721.3263749382364,5.0712074403353506e+33
721.224928418426,5.059801213883768e+33
721.1235104292489,5.0407814454694163e+33
721.022120958671,5.032051918656733e+33
720.9207599946652,5.004316115984662e+33
720.8194275252107,5.0148023793380743e+33
720.7181235382935,4.9782775041555555e+33
720.6168480219069,4.970143187172841e+33
720.51560096405,4.9357007122883153e+33
720.4143823527294,4.953576427070172e+33
720.3131921759581,4.890169225020296e+33
720.2120304217563,4.9001130278426006e+33
720.1108970781501,4.8456682566510716e+33
720.009792133173,4.778137860324115e+33
719.9087155748653,4.729535722067258e+33
719.8076673912732,4.7473878447702063e+33
719.7066475704503,4.7314218737700195e+33
719.605656100457,4.7158777274161025e+33
719.5046929693599,4.737313333993058e+33
719.4037581652327,4.691479092421428e+33
719.3028516761555,4.681628260066284e+33
719.2019734902152,4.6957680205628084e+33
719.1011235955057,4.685328639392623e+33
719.0003019801268,4.642448600387587e+33
718.8995086321859,4.639111210873416e+33
718.7987435397963,4.603032641461212e+33
718.6980066910785,4.6101103285604396e+33
718.5972980741592,4.6032419998341606e+33
718.4966176771723,4.60418009252398e+33
718.3959654882578,4.5790773365610054e+33
718.2953414955628,4.54688758177667e+33
718.1947456872406,4.5471080451733344e+33
718.0941780514515,4.5094588543520993e+33
717.9936385763623,4.520533440859531e+33
717.8931272501463,4.506916323866986e+33
717.7926440609837,4.4784664914294736e+33
717.6921889970611,4.4741926254750296e+33
717.5917620465718,4.4261061525519767e+33
717.4913631977155,4.407398400815468e+33
717.390992438699,4.380691441574243e+33
717.2906497577351,4.358273993256079e+33
717.1903351430436,4.328484231156951e+33
717.0900485828507,4.293895913942093e+33
716.9897900653895,4.286832966961779e+33
716.8895595788991,4.251104283247277e+33
716.7893571116257,4.217324803361965e+33
716.6891826518216,4.194046235198813e+33
716.5890361877464,4.1936726826826505e+33
716.4889177076653,4.192370431642822e+33
716.388827199851,4.174758530742372e+33
716.288764652582,4.136015896128993e+33
716.188730054144,4.133550823966046e+33
716.0887233928285,4.089445984218206e+33
715.988744656934,4.079245416311018e+33
715.8887938347657,4.0747027371617805e+33
715.788870914635,4.068795381281965e+33
715.6889758848599,4.059306169247728e+33
715.5891087337651,4.0366127413108444e+33
715.4892694496815,4.008289474119028e+33
715.3894580209466,4.000208911058553e+33
715.2896744359047,4.012688496789246e+33
715.1899186829063,3.975781076767674e+33
715.0901907503084,3.977554509684349e+33
714.9904906264748,3.9507061737170365e+33
714.8908182997752,3.9388710310430023e+33
714.7911737585864,3.922767523852722e+33
714.6915569912916,3.9067363506856245e+33
714.5919679862799,3.8824615510525365e+33
714.4924067319475,3.8394831458115177e+33
714.3928732166969,3.835412350388548e+33
714.2933674289367,3.8171810503553164e+33
714.1938893570828,3.807651786850155e+33
714.0944389895564,3.8058319806061686e+33
713.9950163147862,3.78932179817919e+33
713.8956213212067,3.7767558203409054e+33
713.7962539972591,3.777951347802998e+33
713.6969143313909,3.738859964561677e+33
713.5976023120562,3.733416496395452e+33
713.4983179277154,3.7255647222103217e+33
713.3990611668356,3.711004261487575e+33
713.2998320178896,3.678985744181531e+33
713.2006304693573,3.668614410420502e+33
713.1014565097249,3.644119551565381e+33
713.0023101274849,3.65088301975086e+33
712.903191311136,3.64100249359432e+33
712.8041000491836,3.652009243117314e+33
712.7050363301393,3.663507246905108e+33
712.6060001425212,3.647961632750765e+33
712.5069914748539,3.698427580237384e+33
712.408010315668,3.6838619917283765e+33
712.3090566535008,3.68657454307927e+33
712.2101304768959,3.718259527672579e+33
712.1112317744032,3.701304215645554e+33
712.0123605345789,3.703420542762763e+33
711.9135167459857,3.68311984000414e+33
711.8147003971926,3.696347035229553e+33
711.7159114767749,3.6987013775260557e+33
711.6171499733143,3.7178827563414404e+33
711.518415875399,3.7165242745966384e+33
711.419709171623,3.733455603384496e+33
711.321029850587,3.757198513287553e+33
711.2223779008982,3.715452969900234e+33
711.12375331117,3.688147286265591e+33
711.0251560700218,3.6787498518518913e+33
710.9265861660796,3.667080942918302e+33
710.8280435879757,3.6650727428866966e+33
710.7295283243485,3.626238572750576e+33
710.6310403638431,3.6229781252219794e+33
710.5325796951105,3.6196530593740004e+33
710.4341463068082,3.612202976755491e+33
710.3357401875996,3.6112523767415294e+33
710.2373613261552,3.5912738421665835e+33
710.1390097111511,3.597322226731459e+33
710.0406853312696,3.585066736497592e+33
709.9423881751997,3.586771083644676e+33
709.8441182316365,3.58732254163131e+33
709.7458754892812,3.5793360192730194e+33
709.6476599368414,3.561776353162596e+33
709.549471563031,3.5706973382282877e+33
709.4513103565703,3.539935720319418e+33
709.3531763061852,3.521795075960091e+33
709.2550694006086,3.5320387292834084e+33
709.156989628579,3.5137438309204244e+33
709.0589369788416,3.4954354928487705e+33
708.9609114401478,3.4911592765790985e+33
708.8629130012548,3.4711974319803015e+33
708.7649416509262,3.4566384365034116e+33
708.6669973779321,3.4489185212866494e+33
708.5690801710485,3.4475300165722547e+33
708.4711900190579,3.4287665041588196e+33
708.3733269107486,3.4164232794415614e+33
708.2754908349152,3.403167710729828e+33
708.1776817803586,3.3894018904553086e+33
708.0798997358862,3.371587679590211e+33
707.982144690311,3.387386015459989e+33
707.8844166324523,3.347255442882947e+33
707.7867155511359,3.3388370025294973e+33
707.6890414351934,3.349103736664983e+33
707.5913942734628,3.3301044208047126e+33
707.4937740547883,3.2981014119138574e+33
707.3961807680201,3.276725079652631e+33
707.2986144020144,3.266543064390356e+33
707.2010749456339,3.2648715759435856e+33
707.1035623877473,3.2618508390781897e+33
707.0060767172295,3.259338776893196e+33
706.9086179229611,3.230992474754613e+33
706.8111859938296,3.244075524178161e+33
706.7137809187279,3.215085479093482e+33
706.6164026865556,3.202736781175746e+33
706.519051286218,3.211145803078208e+33
706.4217267066267,3.196086654462787e+33
706.3244289366993,3.225575754268238e+33
706.2271579653597,3.2008125723078853e+33
706.1299137815377,3.1910863466454204e+33
706.0326963741691,3.1875656906428624e+33
705.9355057321964,3.178048958793033e+33
705.8383418445674,3.1734157356687457e+33
705.7412047002364,3.153740890286892e+33
705.644094288164,3.1473911569016024e+33
705.5470105973161,3.1311530999606917e+33
705.4499536166657,3.1294131939625743e+33
705.3529233351908,3.109537573018401e+33
705.2559197418764,3.0927231292541816e+33
705.158942825713,3.088485272354008e+33
705.0619925756972,3.067447825596919e+33
704.965068980832,3.03823722555445e+33
704.8681720301261,3.0329524058225364e+33
704.7713017125943,3.0076927204871044e+33
704.6744580172575,2.9913095086305624e+33
704.5776409331427,2.957492247540807e+33
704.4808504492827,2.9544193328960065e+33
704.3840865547166,2.933431534878586e+33
704.2873492384894,2.9310155221323146e+33
704.190638489652,2.940148648208135e+33
704.0939542972615,2.9463621182219014e+33
703.9972966503809,2.9549591682210203e+33
703.9006655380792,2.9514881731624906e+33
703.8040609494317,2.941591427609774e+33
703.7074828735192,2.936140545881094e+33
703.6109312994287,2.9291726492637355e+33
703.5144062162533,2.9001355075749996e+33
703.417907613092,2.873336705080567e+33
703.3214354790498,2.866829608113554e+33
703.2249898032377,2.8612920657108993e+33
703.1285705747724,2.8472214950325393e+33
703.0321777827772,2.823796754490605e+33
702.9358114163805,2.8215169486827284e+33
702.8394714647175,2.7942820772235185e+33
702.7431579169287,2.7680381352564556e+33
702.646870762161,2.7688259453975177e+33
702.5506099895672,2.7599324946357415e+33
702.4543755883055,2.768158027503451e+33
702.3581675475409,2.7725533539057216e+33
702.2619858564436,2.764416447394961e+33
702.1658305041902,2.7572932824097676e+33
702.069701479963,2.7637130439843673e+33
701.9735987729503,2.7682619598222807e+33
701.8775223723461,2.761927000330359e+33
701.7814722673508,2.7482482372419314e+33
701.6854484471701,2.7278886990150444e+33
701.5894509010163,2.732986878090157e+33
701.4934796181069,2.722233358964156e+33
701.397534587666,2.7097912354801965e+33
701.3016157989227,2.69825842150938e+33
701.2057232411131,2.6843417729530206e+33
701.1098569034782,2.6703879457553395e+33
701.0140167752654,2.654835342371875e+33
700.9182028457278,2.651887263244025e+33
700.8224151041247,2.6260702126126967e+33
700.7266535397207,2.6139256470190385e+33
700.6309181417867,2.6198417416602e+33
700.5352088995993,2.60015695054857e+33
700.439525802441,2.5924521204325908e+33
700.3438688396002,2.5801519141911625e+33
700.2482380003711,2.567020795742874e+33
700.1526332740538,2.583191360388606e+33
700.057054649954,2.5841052968929593e+33
699.9615021173836,2.5901454324700146e+33
699.86597566566,2.5656007860510174e+33
699.7704752841069,2.5541184782304502e+33
699.6750009620532,2.5377670929071808e+33
699.579552688834,2.5352771715220175e+33
699.4841304537904,2.5093630432812494e+33
699.3887342462689,2.5015828946925688e+33
699.2933640556219,2.4935855491972555e+33
699.1980198712077,2.4681626106949583e+33
699.1027016823907,2.4658828055907223e+33
699.0074094785406,2.4722203817241578e+33
698.912143249033,2.4626121117158558e+33
698.8169029832494,2.4618374643112005e+33
698.7216886705772,2.4593874777020198e+33
698.6265003004095,2.461742919477152e+33
698.5313378621449,2.4637809329147214e+33
698.4362013451881,2.4561610040480726e+33
698.3410907389497,2.4536633354544786e+33
698.2460060328455,2.433805790524912e+33
698.1509472162976,2.425751000344729e+33
698.0559142787338,2.422943049924151e+33
697.9609072095872,2.4065447919398643e+33
697.8659259982973,2.3866989571357245e+33
697.7709706343087,2.3731319635150406e+33
697.6760411070724,2.3866544442441433e+33
697.5811374060446,2.370759052884353e+33
697.4862595206876,2.362214513862875e+33
697.391407440469,2.3496958803204882e+33
697.2965811548627,2.3420476108233877e+33
697.2017806533478,2.3201188660926456e+33
697.1070059254097,2.3106023060750266e+33
697.0122569605387,2.2886867099936626e+33
696.9175337482316,2.294032203834692e+33
696.8228362779906,2.2709768096170666e+33
696.7281645393234,2.2644397677568136e+33
696.6335185217437,2.2549032297582685e+33
696.5388982147708,2.237218225864646e+33
696.4443036079298,2.2295884354549267e+33
696.3497346907511,2.2200031104625342e+33
696.2551914527713,2.2068716124878636e+33
696.1606738835324,2.195348858009966e+33
696.066181972582,2.1809433106462418e+33
695.9717157094735,2.17420966445436e+33
695.8772750837663,2.1570474508850318e+33
695.7828600850247,2.147182109280729e+33
695.6884707028192,2.135685930840384e+33
695.5941069267261,2.1325579108405608e+33
695.4997687463269,2.1009708427290896e+33
695.405456151209,2.0843750263986672e+33
695.3111691309654,2.0737786710089804e+33
695.2169076751946,2.06961062606245e+33
695.1226717735012,2.0583985508647254e+33
695.0284614154949,2.0414402404251477e+33
694.9342765907915,2.0396978176817226e+33
694.8401172890118,2.025542055717203e+33
694.7459834997829,2.015902003577174e+33
694.6518752127372,2.0090791693357223e+33
694.5577924175127,1.9855708152584912e+33
694.4637351037529,1.9839506988738986e+33
694.3697032611072,1.969271538645141e+33
694.2756968792307,1.9551042463736814e+33
694.1817159477838,1.9430672290968205e+33
694.0877604564321,1.9295279105574368e+33
693.9938303948478,1.9188865150104532e+33
693.899925752708,1.9036947854659374e+33
693.8060465196954,1.8930422558067065e+33
693.7121926854987,1.8917531602708415e+33
693.6183642398116,1.8620371375806308e+33
693.524561172334,1.8540195448361806e+33
693.4307834727707,1.8531161108798505e+33
693.3370311308328,1.8363540150465508e+33
693.2433041362361,1.8467536783390508e+33
693.1496024787031,1.835100116831205e+33
693.0559261479605,1.835006291361243e+33
692.9622751337417,1.8167661387059194e+33
692.8686494257852,1.8095286620368564e+33
692.7750490138347,1.797531570731107e+33
692.6814738876402,1.7894020177686383e+33
692.5879240369565,1.777004337427459e+33
692.4943994515445,1.7766570719944796e+33
692.4009001211701,1.7601293160565007e+33
692.3074260356053,1.750292489962981e+33
692.2139771846273,1.7379306235142993e+33
692.1205535580187,1.7242466081675318e+33
692.0271551455679,1.7265463800574358e+33
691.9337819370686,1.7261118929926997e+33
691.8404339223201,1.703878391083045e+33
691.7471110911274,1.7106525631818858e+33
691.6538134333003,1.7039303597190997e+33
691.5605409386552,1.694404947127759e+33
691.4672935970129,1.6962709470778442e+33
691.3740713982003,1.684624423494847e+33
691.2808743320498,1.691153418109218e+33
691.1877023883992,1.683443331142196e+33
691.0945555570913,1.6764015211153277e+33
691.0014338279752,1.690197167602262e+33
690.908337190905,1.668464909682442e+33
690.81526563574,1.681111710037941e+33
690.7222191523458,1.6658095460055885e+33
690.6291977305924,1.6722528465612132e+33
690.5362013603564,1.6781890181162736e+33
690.4432300315187,1.671048110961011e+33
690.3502837339666,1.6659420082445616e+33
690.2573624575923,1.676382950922471e+33
690.1644661922937,1.6706349231379845e+33
690.0715949279737,1.6717856901796137e+33
689.9787486545414,1.683867210340945e+33
689.8859273619107,1.666557908817829e+33
689.7931310400012,1.656022640182027e+33
689.7003596787376,1.6674572963867506e+33
689.6076132680505,1.6639705366672405e+33
689.5148917978756,1.6570415332715104e+33
689.4221952581541,1.643087308908991e+33
689.3295236388327,1.6375181649411908e+33
689.2368769298632,1.6225923930113053e+33
689.1442551212033,1.6108023322430417e+33
689.0516582028155,1.5938572185210914e+33
688.9590861646682,1.589616761559031e+33
688.8665389967348,1.566913486580434e+33
688.7740166889945,1.5554079372632877e+33
688.6815192314315,1.545266296997378e+33
688.5890466140355,1.5302685412625363e+33
688.4965988268019,1.5270559940751833e+33
688.4041758597308,1.5172428372006944e+33
688.3117777028283,1.5053957455333674e+33
688.2194043461055,1.5078299553401916e+33
688.1270557795792,1.483929607005152e+33
688.0347319932711,1.4687449730382267e+33
687.9424329772086,1.4557737182177263e+33
687.8501587214241,1.4530654646935857e+33
687.757909215956,1.430050405508364e+33
687.6656844508474,1.42105656391413e+33
687.573484416147,1.4054622267717923e+33
687.4813091019088,1.393705042488843e+33
687.3891584981923,1.3993498417978492e+33
687.2970325950618,1.4036934027017562e+33
687.2049313825877,1.398869175033505e+33
687.1128548508451,1.3738098674005e+33
687.0208029899146,1.3692900294537026e+33
686.9287757898823,1.3604886442733632e+33
686.8367732408394,1.3468974568859887e+33
686.7447953328824,1.331671184905413e+33
686.6528420561133,1.3227534450997566e+33
686.5609134006392,1.3162087617145747e+33
686.4690093565727,1.2986952719647013e+33
686.3771299140313,1.2904326684266239e+33
686.2852750631383,1.2802246209641798e+33
686.1934447940218,1.2673283304017946e+33
686.1016390968158,1.2508913958156813e+33
686.009857961659,1.241288481960827e+33
685.9181013786954,1.2247642700177883e+33
685.8263693380746,1.2132939542690444e+33
685.7346618299515,1.209680795905505e+33
685.6429788444858,1.1956832936239634e+33
685.5513203718431,1.1953008979889163e+33
685.4596864021935,1.1816810834088272e+33
685.368076925713,1.185853001941083e+33
685.2764919325825,1.1882737611586468e+33
685.1849314129884,1.1826840869036052e+33
685.0933953571222,1.1760930418318274e+33
685.0018837551803,1.1814614195261129e+33
684.9103965973652,1.176026387756385e+33
684.8189338738838,1.1789139968651548e+33
684.7274955749486,1.177008667517018e+33
684.6360816907774,1.1898274728835109e+33
684.5446922115927,1.1822564368241704e+33
684.4533271276232,1.1830924242662853e+33
684.3619864291018,1.1873993985697816e+33
684.2706701062673,1.1851610180127101e+33
684.1793781493632,1.1776947936094314e+33
684.0881105486386,1.178601498257036e+33
683.9968672943479,1.1763116801992452e+33
683.9056483767499,1.1770299773323966e+33
683.8144537861097,1.1785535272144608e+33
683.7232835126969,1.1753103289663729e+33
683.6321375467861,1.1725726970557156e+33
683.5410158786578,1.1661048095386621e+33
683.4499184985972,1.1671667059225513e+33
683.3588453968948,1.1581779480417636e+33
683.2677965638463,1.1583922301100413e+33
683.1767719897524,1.1488472242864762e+33
683.0857716649192,1.1391670410429387e+33
682.9947955796578,1.1367538667756626e+33
682.9038437242843,1.120967949561372e+33
682.8129160891208,1.1205262253764359e+33
682.7220126644934,1.1295693882942589e+33
682.631133440734,1.125149627318767e+33
682.5402784081797,1.1287936263782243e+33
682.4494475571722,1.122945789057232e+33
682.3586408780591,1.1188984538970847e+33
682.2678583611927,1.1018384708035562e+33
682.1770999969302,1.0995550996887291e+33
682.0863657756346,1.0934594613745309e+33
681.9956556876732,1.0835841981894081e+33
681.9049697234193,1.0735771494359398e+33
681.8143078732508,1.0763057797288002e+33
681.7236701275505,1.0681900892315364e+33
681.6330564767069,1.0679709781395523e+33
681.5424669111133,1.064058459548069e+33
681.4519014211679,1.0660979249176805e+33
681.3613599972746,1.0665952446302046e+33
681.2708426298417,1.0618842380326602e+33
681.1803493092831,1.0605003527323735e+33
681.0898800260177,1.0578707222299058e+33
680.9994347704692,1.0512391608981326e+33
680.9090135330666,1.0498286561161232e+33
680.8186163042443,1.0450591799027475e+33
680.7282430744411,1.0480040671425914e+33
680.6378938341013,1.0405186083738175e+33
680.5475685736743,1.0410844082244877e+33
680.4572672836146,1.0371037414899046e+33
680.3669899543814,1.039856135483642e+33
680.2767365764394,1.0357325366763104e+33
680.1865071402578,1.0390582170456874e+33
680.0963016363116,1.037877417332193e+33
680.0061200550805,1.0425435805274159e+33
679.915962387049,1.0397053273163473e+33
679.8258286227068,1.0392987127636676e+33
679.735718752549,1.0434223600037818e+33
679.6456327670752,1.0382706889088836e+33
679.5555706567906,1.0448974304418814e+33
679.4655324122047,1.0474348560641668e+33
679.3755180238326,1.0471863077168798e+33
679.2855274821942,1.0484424321412165e+33
679.1955607778148,1.047940743943108e+33
679.105617901224,1.0434705334753358e+33
679.0156988429574,1.0430302065259497e+33
678.9258035935543,1.0381213599692073e+33
678.8359321435603,1.0308621024581649e+33
678.7460844835251,1.0264233745226795e+33
678.6562606040042,1.020028422928229e+33
678.5664604955571,1.0191879145356305e+33
678.4766841487492,1.0047950867039571e+33
678.3869315541506,1.0053682831965342e+33
678.297202702336,9.932606856756012e+32
678.2074975838858,9.895251033479073e+32
678.1178161893847,9.820520425584492e+32
678.0281585094228,9.716386087440758e+32
677.9385245345952,9.699546553218824e+32
677.8489142555015,9.61737641300747e+32
677.759327662747,9.564245273171346e+32
677.6697647469412,9.521913797265338e+32
677.5802254986991,9.466353932469658e+32
677.4907099086404,9.473351346229605e+32
677.4012179673899,9.425679888840078e+32
677.3117496655774,9.405262573058355e+32
677.2223049938374,9.449056235288838e+32
677.1328839428094,9.449486630366204e+32
677.0434865031381,9.441260296187853e+32
676.954112665473,9.41828455134895e+32
676.8647624204684,9.398312160609086e+32
676.7754357587837,9.349613813712009e+32
676.6861326710831,9.280515096055421e+32
676.596853148036,9.289059292103233e+32
676.5075971803163,9.177581716044333e+32
676.4183647586033,9.243310536187494e+32
676.3291558735806,9.11620792912233e+32
676.2399705159373,8.99413085296052e+32
676.1508086763672,8.941459623841119e+32
676.0616703455689,8.943948370459844e+32
675.9725555142461,8.868422134617203e+32
675.8834641731073,8.842612650711903e+32
675.7943963128658,8.871225951495119e+32
675.70535192424,8.852344076878926e+32
675.6163309979529,8.851989621634873e+32
675.5273335247327,8.827927353589203e+32
675.4383594953125,8.800457510028792e+32
675.3494089004299,8.796156008764235e+32
675.2604817308277,8.805174282576614e+32
675.1715779772536,8.804836307830249e+32
675.0826976304597,8.743617401845639e+32
674.9938406812038,8.754451935855122e+32
674.9050071202478,8.782508158342541e+32
674.816196938359,8.736578044111984e+32
674.727410126309,8.712098498355856e+32
674.6386466748747,8.715261628884832e+32
674.5499065748379,8.704162959453565e+32
674.4611898169849,8.656880805324899e+32
674.3724963921071,8.706181626056784e+32
674.2838262910008,8.696697114949169e+32
674.1951795044665,8.626468941488417e+32
674.1065560233105,8.576066125447174e+32
674.0179558383436,8.502780409079076e+32
673.9293789403808,8.52694980678553e+32
673.8408253202429,8.409197830438561e+32
673.7522949687548,8.373989915300565e+32
673.6637878767466,8.300684553058841e+32
673.5753040350528,8.278508957487914e+32
673.4868434345135,8.169078289669435e+32
673.3984060659728,8.125191365497508e+32
673.3099919202801,8.02563510116036e+32
673.2216009882893,7.945111561296973e+32
673.1332332608594,7.842888762655677e+32
673.0448887288537,7.779952432692767e+32
672.9565673831412,7.795113265273301e+32
672.8682692145946,7.768545386179045e+32
672.7799942140921,7.77824635250046e+32
672.6917423725165,7.786058478110902e+32
672.6035136807554,7.790715746081773e+32
672.5153081297012,7.735628663388167e+32
672.4271257102512,7.772676197068391e+32
672.3389664133069,7.724388260276767e+32
672.2508302297754,7.755723065501075e+32
672.1627171505678,7.728453868627724e+32
672.0746271666005,7.773114123478243e+32
671.9865602687946,7.792025979833725e+32
671.8985164480757,7.74651405380022e+32
671.8104956953742,7.797057809354921e+32
671.7224980016256,7.760691187079406e+32
671.6345233577697,7.719204793395994e+32
671.5465717547513,7.811271419959907e+32
671.4586431835197,7.816716625191252e+32
671.3707376350294,7.800865647528201e+32
671.2828551002393,7.818155226280098e+32
671.1949955701131,7.689632844106329e+32
671.107159035619,7.622244108273753e+32
671.0193454877304,7.572573431312004e+32
670.9315549174252,7.518386197597625e+32
670.8437873156856,7.467179822642797e+32
670.7560426734995,7.44286619967912e+32
670.6683209818585,7.328192550007342e+32
670.5806222317594,7.342065673055836e+32
670.4929464142037,7.272672980179333e+32
670.4052935201977,7.240667666485005e+32
670.317663540752,7.161064600650808e+32
670.2300564668823,7.109587872040461e+32
670.1424722896088,7.08078681911858e+32
670.0549109999564,7.028616401742165e+32
669.9673725889548,6.997682170221549e+32
669.8798570476386,6.933392597183439e+32
669.7923643670462,6.846970627660165e+32
669.7048945382218,6.774300786156871e+32
669.6174475522134,6.735511409012288e+32
669.5300234000742,6.64909852500815e+32
669.4426220728622,6.569721457435869e+32
669.3552435616392,6.505189091943197e+32
669.2678878574727,6.400759588325516e+32
669.1805549514343,6.370403654016176e+32
669.0932448346002,6.316451319606463e+32
669.0059574980515,6.196515793300039e+32
668.918692932874,6.161560456235859e+32
668.8314511301579,6.206894385908667e+32
668.7442320809982,6.1898144937609986e+32
668.6570357764948,6.175237806800873e+32
668.5698622077515,6.154924100786227e+32
668.4827113658773,6.089736004674029e+32
668.395583241986,6.028354582100355e+32
668.3084778271955,5.963312222175877e+32
668.2213951126287,5.8461077416961494e+32
668.1343350894131,5.8228717626767186e+32
668.0472977486806,5.731647922647116e+32
667.960283081568,5.7288228959912034e+32
667.8732910792165,5.705776023144197e+32
667.786321732772,5.7253372820434925e+32
667.699375033385,5.710570221256403e+32
667.6124509722107,5.6807648994291654e+32
667.5255495404086,5.7285427152191036e+32
667.4386707291434,5.704310061226312e+32
667.3518145295837,5.653006538329719e+32
667.2649809329032,5.678063971405757e+32
667.17816993028,5.658688554059494e+32
667.0913815128965,5.668720698595935e+32
667.0046156719404,5.6291992532503845e+32
666.9178723986035,5.569095589032747e+32
666.8311516840821,5.586418149763079e+32
666.7444535195773,5.514972105702909e+32
666.6577778962948,5.49272279559587e+32
666.5711248054446,5.4926105772109004e+32
666.4844942382416,5.504474736936612e+32
666.3978861859051,5.51725552924032e+32
666.3113006396588,5.487801001646456e+32
666.2247375907315,5.4688099165806845e+32
666.138197030356,5.482151136801057e+32
666.0516789497698,5.490366925040555e+32
665.9651833402149,5.4776368757372154e+32
665.8787101929383,5.471860071014867e+32
665.7922594991911,5.457917926046481e+32
665.7058312502289,5.462864094711559e+32
665.619425437312,5.48181289110192e+32
665.5330420517053,5.4995241423485245e+32
665.4466810846782,5.488715896797755e+32
665.3603425275044,5.484955638996947e+32
665.2740263714625,5.4575011000335265e+32
665.1877326078352,5.412722462732591e+32
665.1014612279104,5.3607037194695305e+32
665.0152122229797,5.3566705243920576e+32
664.9289855843396,5.2909000799893604e+32
664.8427813032913,5.279623557675511e+32
664.7565993711403,5.233290245289327e+32
664.6704397791965,5.202157424774202e+32
664.5843025187745,5.150129038264246e+32
664.4981875811933,5.093693099024039e+32
664.4120949577766,5.051557411856317e+32
664.3260246398523,4.9912670549837626e+32
664.2399766187528,4.967905509319218e+32
664.1539508858153,4.928520558414392e+32
664.0679474323813,4.8793588097301626e+32
663.9819662497966,4.894759211632259e+32
663.8960073294119,4.893428853862191e+32
663.810070662582,4.857120622971543e+32
663.7241562406664,4.843375824165933e+32
663.6382640550289,4.821680803022805e+32
663.552394097038,4.810321222055557e+32
663.4665463580662,4.76372335734622e+32
663.3807208294912,4.775294683242788e+32
663.2949175026947,4.772002243048142e+32
663.2091363690625,4.763591441326447e+32
663.123377419986,4.74888908349217e+32
663.0376406468595,4.739786326771786e+32
662.9519260410831,4.758855376399912e+32
662.8662335940608,4.7324903647586965e+32
662.7805632972008,4.751319158721105e+32
662.6949151419162,4.747084790504774e+32
662.6092891196242,4.734539180027459e+32
662.5236852217466,4.76961271020259e+32
662.4381034397098,4.747573474295028e+32
662.3525437649444,4.74332281693036e+32
662.2670061888851,4.749755857567824e+32
662.1814907029718,4.772719643797253e+32
662.0959972986484,4.7395685000867124e+32
662.0105259673629,4.68904278786246e+32
661.9250767005682,4.636557270735762e+32
661.8396494897216,4.611846472286579e+32
661.7542443262846,4.5955995561268674e+32
661.6688612017231,4.6451221571137335e+32
661.5835001075073,4.60059588433555e+32
661.4981610351124,4.556813274747925e+32
661.4128439760173,4.543054017022149e+32
661.3275489217054,4.497609780755014e+32
661.2422758636651,4.490687691401189e+32
661.1570247933885,4.432419020884105e+32
661.0717957023724,4.41288226801446e+32
660.9865885821176,4.391400163819474e+32
660.9014034241301,4.3699481875232376e+32
660.8162402199196,4.328553023816123e+32
660.7310989610004,4.294752243101941e+32
660.6459796388909,4.267327022882273e+32
660.5608822451144,4.225880022595023e+32
660.475806771198,4.166460434882681e+32
660.3907532086737,4.135706469575169e+32
660.3057215490772,4.049970125972282e+32
660.2207117839494,4.012885177457539e+32
660.1357239048348,3.980129532115011e+32
660.0507579032828,3.936796061346265e+32
659.9658137708466,3.906766776708921e+32
659.8808914990844,3.865875280621906e+32
659.7959910795582,3.857360309488907e+32
659.7111125038347,3.843447209602729e+32
659.6262557634844,3.8268444701438395e+32
659.541420850083,3.80582494965528e+32
659.4566077552097,3.7877130132515905e+32
659.3718164704487,3.763487930112092e+32
659.2870469873878,3.747139664303067e+32
659.20229929762,3.721755461189137e+32
659.1175733927419,3.702204127707667e+32
659.0328692643545,3.67698165287126e+32
658.9481869040637,3.6761700132528045e+32
658.8635263034791,3.659869466805047e+32
658.7788874542149,3.626330426835147e+32
658.6942703478893,3.630136363719414e+32
658.6096749761255,3.6484732435243925e+32
658.52510133055,3.6069914770138495e+32
658.4405494027944,3.576512488584415e+32
658.3560191844944,3.537094942297232e+32
658.2715106672898,3.5028407291529795e+32
658.1870238428249,3.462366366199891e+32
658.1025587027482,3.4331624360180605e+32
658.0181152387125,3.392226000115806e+32
657.9336934423749,3.349098404519337e+32
657.8492933053966,3.315529288432272e+32
657.7649148194436,3.272286069377507e+32
657.6805579761854,3.246261003602155e+32
657.5962227672965,3.192583980717304e+32
657.511909184455,3.1516860153190093e+32
657.4276172193441,3.1105760906138032e+32
657.3433468636506,3.0613851877295024e+32
657.2590981090656,3.0157777725577725e+32
657.1748709472847,2.9825222263290677e+32
657.0906653700079,2.9554804665317783e+32
657.0064813689387,2.9252857133475125e+32
656.9223189357858,2.9112903742314364e+32
656.8381780622617,2.8776457052120445e+32
656.754058740083,2.86416040652704e+32
656.6699609609708,2.8471255879356496e+32
656.5858847166504,2.836036606430994e+32
656.5018299988512,2.806174490246855e+32
656.4177967993069,2.7827874667038253e+32
656.3337851097555,2.774023511362671e+32
656.2497949219392,2.7555442087200115e+32
656.1658262276043,2.704438179994611e+32
656.0818790185016,2.680672854100686e+32
655.9979532863858,2.651976794287471e+32
655.914049023016,2.630309305480668e+32
655.8301662201557,2.5981670244517088e+32
655.746304869572,2.563358743503226e+32
655.6624649630371,2.528161764513421e+32
655.5786464923265,2.4940146109915073e+32
655.4948494492205,2.4657339488341786e+32
655.4110738255034,2.4411852774292394e+32
655.3273196129637,2.432481786675124e+32
655.2435868033942,2.413315860457326e+32
655.1598753885917,2.384377937652751e+32
655.0761853603575,2.3651498435883447e+32
654.9925167104966,2.326005469384666e+32
654.9088694308188,2.3014231129789518e+32
654.8252435131375,2.2752627848439578e+32
654.7416389492706,2.2524648676696372e+32
654.6580557310403,2.2127746004745525e+32
654.5744938502726,2.1849091173191485e+32
654.4909532987981,2.1583147986333706e+32
654.4074340684512,2.1284072415387432e+32
654.3239361510704,2.102712072092077e+32
654.2404595384988,2.060458872860886e+32
654.1570042225834,2.030400294720107e+32
654.0735701951755,1.9980091574360903e+32
653.9901574481304,1.970992715238753e+32
653.9067659733075,1.93575978108696e+32
653.8233957625706,1.8901540957468392e+32
653.7400468077874,1.8729157618044607e+32
653.6567191008298,1.849395223464776e+32
653.5734126335741,1.837405227422367e+32
653.4901273979003,1.812437391683016e+32
653.406863385693,1.7928838365475124e+32
653.3236205888406,1.7652522443510062e+32
653.2403989992357,1.7261305559562384e+32
653.1571986087752,1.6977367994736304e+32
653.07401940936,1.6744381566840282e+32
652.9908613928949,1.6545324628135143e+32
652.9077245512891,1.623450662482141e+32
652.8246088764563,1.6019169653802774e+32
652.7415143603133,1.5923846383080147e+32
652.6584409947819,1.5735620910635861e+32
652.5753887717879,1.559011876501443e+32
652.4923576832606,1.5491545377514991e+32
652.4093477211342,1.5266735505038361e+32
652.3263588773464,1.5103148657442516e+32
652.2433911438393,1.4996392079979607e+32
652.160444512559,1.483706131408443e+32
652.0775189754557,1.4763493072489775e+32
651.994614524484,1.4656828357955304e+32
651.9117311516021,1.4534571138387472e+32
651.8288688487725,1.4538723976208389e+32
651.7460276079618,1.4186507882777738e+32
651.6632074211406,1.4076729471551392e+32
651.5804082802838,1.3986440067179064e+32
651.4976301773703,1.395067607287534e+32
651.4148731043828,1.3975460512359255e+32
651.3321370533083,1.3870483785557476e+32
651.2494220161379,1.391851200844802e+32
651.1667279848668,1.3832335083566955e+32
651.0840549514943,1.383516734046325e+32
651.0014029080234,1.3895972206210903e+32
650.9187718464613,1.3817323291776914e+32
650.8361617588197,1.3772388917863967e+32
650.7535726371137,1.3754649740367675e+32
650.6710044733632,1.3637525787589325e+32
650.5884572595913,1.3431853515044097e+32
650.5059309878258,1.3299981438269412e+32
650.4234256500982,1.3136346277737037e+32
650.3409412384443,1.298923323467897e+32
650.2584777449036,1.2816135205062082e+32
650.1760351615201,1.2590667391446504e+32
650.0936134803412,1.2419054009632059e+32
650.011212693419,1.2254330282152145e+32
649.9288327928092,1.2158253843600168e+32
649.8464737705717,1.1983820431666766e+32
649.7641356187704,1.1910879766488906e+32
649.6818183294732,1.1882318982818916e+32
649.5995218947519,1.191820640847878e+32
649.5172463066825,1.1934879121910353e+32
649.4349915573451,1.194910908191568e+32
649.3527576388235,1.1896289714648866e+32
649.2705445432057,1.1880072608790782e+32
649.1883522625836,1.1925319748419426e+32
649.1061807890535,1.1940591299618147e+32
649.0240301147151,1.1959362510696132e+32
648.9419002316722,1.2040238724612308e+32
648.8597911320333,1.2003997478131389e+32
648.7777028079099,1.1942611171061928e+32
648.6956352514183,1.1759865604327322e+32
648.6135884546782,1.164832558872641e+32
648.5315624098137,1.160425333119294e+32
648.4495571089525,1.148533514725401e+32
648.3675725442268,1.1389465391684888e+32
648.2856087077723,1.1348347187998177e+32
648.2036655917288,1.1272780466394373e+32
648.1217431882404,1.118927946496056e+32
648.0398414894547,1.114852416689582e+32
647.9579604875236,1.1016596659681187e+32
647.8761001746026,1.1043058504523361e+32
647.7942605428516,1.0948447742720956e+32
647.7124415844341,1.0943570039688818e+32
647.630643291518,1.0864859519525655e+32
647.5488656562746,1.0775469121724095e+32
647.4671086708796,1.0705002641675795e+32
647.3853723275123,1.0626231167690197e+32
647.3036566183563,1.059687006755782e+32
647.2219615355989,1.061663519968713e+32
647.1402870714313,1.0531823465307894e+32
647.0586332180491,1.0559927005898832e+32
646.9769999676512,1.056512529240908e+32
646.8953873124408,1.0551017949039935e+32
646.8137952446249,1.054750204783915e+32
646.7322237564148,1.056969695068374e+32
646.6506728400251,1.0614722714156258e+32
646.5691424876748,1.0556457475750866e+32
646.4876326915867,1.0547517885192995e+32
646.4061434439873,1.0582420203195349e+32
646.3246747371074,1.0627709123784853e+32
646.2432265631816,1.0591516777218306e+32
646.1617989144482,1.061268764516093e+32
646.0803917831496,1.0648607861048703e+32
645.9990051615321,1.0668349296221529e+32
645.9176390418457,1.069289084687424e+32
645.8362934163448,1.0666463108206308e+32
645.7549682772872,1.071901988063324e+32
645.6736636169347,1.0763314335928976e+32
645.5923794275533,1.073599498766434e+32
645.5111157014123,1.0817836351633926e+32
645.4298724307857,1.0805554332765748e+32
645.3486496079507,1.0830760215381343e+32
645.2674472251887,1.0822591765404177e+32
645.1862652747848,1.0908803718263132e+32
645.1051037490283,1.0951329290232362e+32
645.0239626402122,1.0944995017177014e+32
644.942841940633,1.0953516848032526e+32
644.8617416425918,1.1038438865272565e+32
644.7806617383932,1.1045055705654052e+32
644.6996022203455,1.110466899997203e+32
644.6185630807611,1.115115215013686e+32
644.5375443119561,1.1228108252746042e+32
644.4565459062509,1.1231077322305392e+32
644.3755678559693,1.1279118354532602e+32
644.2946101534387,1.1262593516297506e+32
644.2136727909913,1.136004422649077e+32
644.1327557609624,1.1319103514194813e+32
644.0518590556911,1.1084955585640241e+32
643.9709826675211,1.0999413417121399e+32
643.8901265887989,1.086343694218391e+32
643.8092908118757,1.0752577743094915e+32
643.7284753291062,1.0644433318928447e+32
643.6476801328489,1.049792251356821e+32
643.5669052154662,1.0390131912445139e+32
643.4861505693244,1.0249405762253162e+32
643.4054161867934,1.0158818539237796e+32
643.3247020602473,1.0017025360109151e+32
643.2440081820638,9.942309400555255e+31
643.1633345446244,9.861005822947127e+31
643.0826811403142,9.851859512600282e+31
643.0020479615227,9.794866994705873e+31
642.9214350006429,9.782083895302872e+31
642.8408422500715,9.786575848251589e+31
642.7602697022093,9.861240602449216e+31
642.6797173494604,9.873744723777714e+31
642.5991851842332,9.904410539543351e+31
642.51867319894,9.987300126069016e+31
642.4381813859961,1.0002620395691573e+32
642.3577097378217,1.0023572999151963e+32
642.27725824684,1.0077630875526002e+32
642.1968269054784,1.0131507615996297e+32
642.1164157061676,1.0144591953497161e+32
642.0360246413427,1.0202229506508058e+32
641.9556537034422,1.022662213764675e+32
641.8753028849086,1.0264578567489088e+32
641.794972178188,1.0247766441299183e+32
641.7146615757304,1.0245538508934571e+32
641.6343710699895,1.0281425278983785e+32
641.5541006534229,1.0275360604816186e+32
641.4738503184917,1.0356650719308514e+32
641.3936200576613,1.0432582651153584e+32
641.3134098634002,1.0433087878946602e+32
641.2332197281812,1.05026179262345e+32
641.1530496444807,1.0498172187238415e+32
641.0728996047785,1.0569316364907187e+32
640.9927696015588,1.0607640838191291e+32
640.9126596273094,1.0646136019915545e+32
640.8325696745211,1.0672890841583985e+32
640.7524997356896,1.0713854777895249e+32
640.6724498033136,1.0710628599468046e+32
640.5924198698957,1.0810864595479567e+32
640.5124099279424,1.0854819754952405e+32
640.4324199699637,1.0754188921982964e+32
640.3524499884737,1.055781621945292e+32
640.2724999759898,1.024133386059985e+32
640.1925699250334,1.0033013766443183e+32
640.1126598281297,9.826864477163096e+31
640.0327696778076,9.64607312668215e+31
639.9528994665993,9.546930672009526e+31
639.8730491870413,9.378606277895066e+31
639.7932188316737,9.277084805188996e+31
639.71340839304,9.095985428421282e+31
639.6336178636876,9.003912830259702e+31
639.553847236168,8.92338737029144e+31
639.4740965030359,8.794881970498315e+31
639.3943656568498,8.664117445655431e+31
639.3146546901721,8.552249337484856e+31
639.2349635955688,8.475711432970044e+31
639.1552923656096,8.281151151664918e+31
639.075640992868,8.198419999611302e+31
638.9960094699209,8.12933680511984e+31
638.9163977893493,7.96476466338454e+31
638.8368059437377,7.897634146020743e+31
638.7572339256742,7.778665872190153e+31
638.6776817277508,7.666538942698015e+31
638.5981493425631,7.565623933243893e+31
638.5186367627106,7.51522953829061e+31
638.4391439807957,7.440974659523203e+31
638.3596709894256,7.389318793475734e+31
638.2802177812104,7.3166232848858655e+31
638.2007843487639,7.307148906990219e+31
638.1213706847042,7.276853052742017e+31
638.0419767816525,7.229680616275618e+31
637.9626026322336,7.196554372277922e+31
637.8832482290766,7.199818299089903e+31
637.8039135648137,7.205524462911565e+31
637.7245986320806,7.157299409598763e+31
637.6453034235177,7.089715700789179e+31
637.5660279317677,7.121838044176722e+31
637.4867721494779,7.097387748474028e+31
637.407536069299,7.036882766113624e+31
637.3283196838851,7.017686864562624e+31
637.2491229858945,7.0277189478672085e+31
637.1699459679885,6.982944642981885e+31
637.0907886228327,6.9640916468419255e+31
637.0116509430958,6.97011384152933e+31
636.9325329214503,7.000046683940805e+31
636.8534345505726,7.002428207102093e+31
636.7743558231423,6.962304628926891e+31
636.6952967318431,6.968845229909835e+31
636.6162572693619,6.960474866686836e+31
636.5372374283896,6.92573199364092e+31
636.4582372016205,6.774455679592965e+31
636.3792565817525,6.815707003070429e+31
636.3002955614872,6.724304023847949e+31
636.2213541335302,6.735313360441124e+31
636.1424322905899,6.596224956487737e+31
636.063530025379,6.660181487072848e+31
635.9846473306135,6.625837763964577e+31
635.905784199013,6.659134637230503e+31
635.8269406233012,6.5691761230265295e+31
635.7481165962047,6.622626620450594e+31
635.669312110454,6.602365708087212e+31
635.5905271587833,6.591527733589424e+31
635.5117617339304,6.6073180614585785e+31
635.4330158286365,6.586095102448224e+31
635.3542894356466,6.606600624049017e+31
635.2755825477093,6.57580289802494e+31
635.1968951575765,6.615648931428366e+31
635.1182272580041,6.6033091569294415e+31
635.0395788417513,6.551725693033095e+31
634.960949901581,6.58073056253435e+31
634.8823404302598,6.54242259738163e+31
634.8037504205575,6.589574707683461e+31
634.7251798652478,6.550857845536686e+31
634.646628757108,6.503497234469904e+31
634.5680970889189,6.558418094683519e+31
634.4895848534646,6.5474464281147515e+31
634.4110920435334,6.596271750222891e+31
634.3326186519163,6.590732894458438e+31
634.2541646714088,6.616088551651989e+31
634.1757300948093,6.597359843246771e+31
634.0973149149199,6.59578824094121e+31
634.0189191245466,6.668144461234623e+31
633.9405427164986,6.632675046668502e+31
633.8621856835887,6.69177217774323e+31
633.7838480186333,6.689242895175218e+31
633.7055297144524,6.660131739670824e+31
633.6272307638694,6.634785792508491e+31
633.5489511597114,6.576757077563616e+31
633.4706908948091,6.515369753504737e+31
633.3924499619965,6.453695516315438e+31
633.3142283541114,6.407742913900536e+31
633.2360260639948,6.359671705066097e+31
633.1578430844917,6.330298322714229e+31
633.0796794084504,6.255304684012287e+31
633.0015350287224,6.222884799540972e+31
632.9234099381634,6.234675524695908e+31
632.845304129632,6.2218874577259095e+31
632.7672175959908,6.175668344528024e+31
632.6891503301056,6.158523421595311e+31
632.6111023248458,6.168158266378688e+31
632.5330735730844,6.117930454008432e+31
632.455064067698,6.161676610215138e+31
632.3770738015664,6.096101551275982e+31
632.2991027675732,6.05414206803438e+31
632.2211509586053,6.077491565878989e+31
632.1432183675535,6.071174508992859e+31
632.0653049873113,6.0697965220471225e+31
631.9874108107766,6.038982124609467e+31
631.9095358308505,6.0450130954265785e+31
631.8316800404373,6.004300642477066e+31
631.753843432445,6.012740244008298e+31
631.6760259997853,6.031220181452767e+31
631.5982277353729,6.005539187593944e+31
631.5204486321268,6.045342528969775e+31
631.4426886829684,6.051932807880108e+31
631.3649478808236,6.0695414235219855e+31
631.2872262186211,5.998165921363567e+31
631.2095236892934,6.0465196098281265e+31
631.1318402857764,6.046175269615661e+31
631.0541760010096,6.084446461025024e+31
630.9765308279359,6.086583329512518e+31
630.8989047595013,6.154388662077027e+31
630.8212977886559,6.155049367344776e+31
630.743709908353,6.129778376815501e+31
630.6661411115491,6.2371942344634435e+31
630.5885913912045,6.241301692517073e+31
630.511060740283,6.225678876465535e+31
630.4335491517517,6.271351325162409e+31
630.3560566185811,6.286628406401355e+31
630.2785831337452,6.308928294165233e+31
630.2011286902215,6.316785310048121e+31
630.1236932809911,6.308376387421911e+31
630.0462768990382,6.361780732945631e+31
629.9688795373509,6.398060675272908e+31
629.8915011889202,6.414536204822037e+31
629.814141846741,6.41563071588071e+31
629.7368015038115,6.431132910988084e+31
629.6594801531331,6.445675142260587e+31
629.5821777877112,6.439314576871694e+31
629.5048944005539,6.3999950097328465e+31
629.4276299846734,6.382158388321764e+31
629.3503845330849,6.440759732763284e+31
629.2731580388073,6.437182383359765e+31
629.1959504948626,6.431721922137076e+31
629.1187618942765,6.44669476060757e+31
629.0415922300783,6.541198313328885e+31
628.9644414953,6.574234660711797e+31
628.8873096829778,6.594236144316488e+31
628.8101967861511,6.573323974274301e+31
628.7331027978623,6.610136656394611e+31
628.6560277111577,6.648988975900671e+31
628.5789715190868,6.658072341892359e+31
628.5019342147025,6.682327039505507e+31
628.4249157910613,6.657207532688345e+31
628.3479162412228,6.685610854814726e+31
628.2709355582501,6.746359728984741e+31
628.1939737352101,6.792338124414443e+31
628.1170307651721,6.775790174646425e+31
628.0401066412101,6.844047584730857e+31
627.9632013564005,6.9001830465558175e+31
627.8863149038235,6.912016037288757e+31
627.8094472765627,6.923056941048523e+31
627.7325984677047,6.981892347884045e+31
627.6557684703401,6.998725281465118e+31
627.5789572775625,6.963384298410477e+31
627.5021648824688,7.039103761433105e+31
627.4253912781596,7.095020962479288e+31
627.3486364577386,7.241800511327336e+31
627.2719004143131,7.250601823213468e+31
627.1951831409934,7.28491234056334e+31
627.1184846308938,7.3023476227535015e+31
627.0418048771312,7.29118889770815e+31
626.9651438728264,7.364632546035704e+31
626.8885016111035,7.373290250826026e+31
626.8118780850897,7.509887309904025e+31
626.7352732879159,7.5157936372272e+31
626.6586872127162,7.517602818225043e+31
626.5821198526279,7.558007556733454e+31
626.5055712007919,7.6729015099951165e+31
626.4290412503524,7.687883452057914e+31
626.3525299944569,7.843888234971537e+31
626.276037426256,7.802506667693983e+31
626.1995635389042,7.877486533840201e+31
626.123108325559,7.829303732629208e+31
626.0466717793811,7.919050549056018e+31
625.9702538935351,8.017433389866704e+31
625.893854661188,8.031547301374338e+31
625.8174740755112,8.030834042125475e+31
625.7411121296786,8.053789201437726e+31
625.664768816868,8.131929127948994e+31
625.58844413026,8.239604611333994e+31
625.5121380630392,8.263291013925503e+31
625.4358506083928,8.251926250691497e+31
625.3595817595117,8.315725624722753e+31
625.2833315095903,8.39284469104546e+31
625.2070998518259,8.435662309169078e+31
625.1308867794195,8.402323972414301e+31
625.054692285575,8.481121773831901e+31
624.9785163635,8.578173014332602e+31
624.9023590064053,8.586923766794156e+31
624.8262202075048,8.606602544623187e+31
624.750099960016,8.628723222970684e+31
624.6739982571595,8.789978749914078e+31
624.5979150921595,8.755918374086771e+31
624.5218504582429,8.780132874870079e+31
624.4458043486405,8.886681455822576e+31
624.3697767565864,8.946790012793588e+31
624.2937676753173,8.887669314552285e+31
624.2177770980741,8.965649106103649e+31
624.1418050181002,9.042715726863093e+31
624.0658514286428,9.038195429667774e+31
623.9899163229522,9.056835792286936e+31
623.9139996942821,9.188086284603305e+31
623.8381015358893,9.182568370477692e+31
623.7622218410341,9.180853363193966e+31
623.68636060298,9.229867691889832e+31
623.6105178149934,9.210520437077404e+31
623.5346934703447,9.240434683001856e+31
623.4588875623069,9.343221262493312e+31
623.3831000841567,9.340179795269774e+31
623.307331029174,9.323764015190065e+31
623.2315803906415,9.423840183753895e+31
623.155848161846,9.43589195641258e+31
623.080134336077,9.553702484599552e+31
623.0044389066271,9.561446980493781e+31
622.9287618667929,9.546378556124589e+31
622.8531032098736,9.605130136639802e+31
622.7774629291715,9.561665772941016e+31
622.701841017993,9.662805936872566e+31
622.626237469647,9.68407306337314e+31
622.5506522774459,9.659971208526104e+31
622.4750854347054,9.79120188129807e+31
622.3995369347444,9.77406662971618e+31
622.3240067708853,9.913930638318012e+31
622.2484949364529,9.83283793459047e+31
622.1730014247762,9.872483141925517e+31
622.097526229187,9.982438582740867e+31
622.0220693430203,9.989138904017349e+31
621.9466307596145,1.0085362023776062e+32
621.8712104723112,1.008011408953544e+32
621.795808474455,1.0118976850826966e+32
621.7204247593943,1.0142398559137328e+32
621.6450593204798,1.0245458372050941e+32
621.5697121510664,1.0216401050936303e+32
621.4943832445114,1.0348342819561276e+32
621.419072594176,1.0296716883888373e+32
621.3437801934243,1.037370141724299e+32
621.2685060356235,1.037290899775074e+32
621.1932501141442,1.0485077150080946e+32
621.1180124223603,1.0470345551704412e+32
621.0427929536486,1.0487358080599973e+32
620.9675917013891,1.0473418589365037e+32
620.8924086589655,1.0527648014786966e+32
620.8172438197644,1.047309351780832e+32
620.7420971771753,1.0534119395097146e+32
620.6669687245915,1.0488490303220818e+32
620.591858455409,1.0583209169272699e+32
620.5167663630272,1.0641403024897145e+32
620.4416924408487,1.0541025551415591e+32
620.3666366822792,1.0655787609143046e+32
620.2915990807279,1.0635242959780514e+32
620.2165796296067,1.0782389371544745e+32
620.141578322331,1.0658968630281843e+32
620.0665951523193,1.0760366248979539e+32
619.9916301129934,1.0856956107331794e+32
619.9166831977783,1.0861931806977848e+32
619.8417544001018,1.091313328067068e+32
619.766843713395,1.0948372874831302e+32
619.6919511310927,1.0971075922343821e+32
619.6170766466324,1.1031011949457835e+32
619.5422202534547,1.1006293352223891e+32
619.4673819450037,1.1057424501959522e+32
619.3925617147263,1.113333832831115e+32
619.317759556073,1.1125714002087268e+32
619.242975462497,1.1228870409387974e+32
619.1682094274552,1.1233624083312313e+32
619.0934614444069,1.1346202476840148e+32
619.0187315068154,1.133463774514995e+32
618.9440196081466,1.1367512168765334e+32
618.8693257418696,1.1437985057373311e+32
618.794649901457,1.144309022744039e+32
618.7199920803841,1.1506567338965698e+32
618.6453522721298,1.1588004317015688e+32
618.5707304701757,1.1618315008304836e+32
618.4961266680068,1.1623510394025972e+32
618.4215408591112,1.1680006265982581e+32
618.3469730369802,1.1730989491015295e+32
618.2724231951083,1.1794340896794153e+32
618.1978913269927,1.17295855781844e+32
618.1233774261343,1.1846245903292425e+32
618.0488814860366,1.1925765012421618e+32
617.974403500207,1.195095229632806e+32
617.8999434621552,1.2026507964897465e+32
617.8255013653944,1.1991868807652581e+32
617.7510772034408,1.2039536804122278e+32
617.6766709698142,1.217069433485481e+32
617.6022826580368,1.224104536291571e+32
617.5279122616342,1.2291989870565052e+32
617.4535597741354,1.2389868329816499e+32
617.3792251890724,1.2398063077200633e+32
617.3049084999799,1.2425619705571695e+32
617.2306097003963,1.2414197263511688e+32
617.1563287838627,1.2605092358597798e+32
617.0820657439233,1.2660959124390582e+32
617.0078205741257,1.2737957806576087e+32
616.9335932680207,1.2819283010573491e+32
616.8593838191615,1.2884166256601304e+32
616.7851922211051,1.2949109484545117e+32
616.7110184674115,1.3005168612248153e+32
616.6368625516434,1.3029492905407978e+32
616.5627244673669,1.3176655973336083e+32
616.4886042081512,1.3165505250383343e+32
616.4145017675686,1.3249566948844003e+32
616.3404171391943,1.3247426331920083e+32
616.2663503166069,1.3372225463778937e+32
616.1923012933876,1.3377294862825695e+32
616.1182700631214,1.34250448216167e+32
616.0442566193956,1.3504987637623864e+32
615.9702609558011,1.3530817992590304e+32
615.8962830659317,1.3637948799767202e+32
615.8223229433844,1.3653863730752615e+32
615.7483805817591,1.370598480561611e+32
615.6744559746588,1.3780889611250895e+32
615.6005491156899,1.3738056498218944e+32
615.5266599984612,1.3756956909011082e+32
615.4527886165853,1.3991805639206293e+32
615.3789349636772,1.3966750185921744e+32
615.3050990333558,1.400949119343152e+32
615.231280819242,1.4068215423374364e+32
615.1574803149607,1.4079550517111764e+32
615.0836975141393,1.4140318993036845e+32
615.0099324104085,1.4355231344543135e+32
614.9361849974018,1.4327148317074638e+32
614.8624552687564,1.4347220051193719e+32
614.7887432181118,1.4397162215292332e+32
614.7150488391106,1.4422016286446312e+32
614.6413721253991,1.457146112719783e+32
614.567713070626,1.4635131626654294e+32
614.4940716684436,1.4618484715244512e+32
614.4204479125066,1.4841843410340772e+32
614.346841796473,1.4803911463045074e+32
614.2732533140043,1.4790907334205043e+32
614.1996824587642,1.4921495997176714e+32
614.1261292244201,1.4996781820164848e+32
614.0525936046423,1.4989868518986361e+32
613.9790755931037,1.5119733689488985e+32
613.905575183481,1.5163105577098175e+32
613.8320923694532,1.5247596112824709e+32
613.7586271447028,1.5265219937714098e+32
613.685179502915,1.5322133303170533e+32
613.6117494377783,1.5398118131697278e+32
613.5383369429838,1.5408002450136488e+32
613.4649420122264,1.5525981637382628e+32
613.391564639203,1.5592189267236121e+32
613.3182048176145,1.563905566521162e+32
613.244862541164,1.5646235496133418e+32
613.1715378035583,1.5768600631772976e+32
613.0982305985066,1.5808929097950952e+32
613.0249409197213,1.5803555649403401e+32
612.9516687609182,1.5955802021460933e+32
612.8784141158156,1.5937738920801553e+32
612.8051769781351,1.600642356817441e+32
612.7319573416012,1.6153062151974726e+32
612.6587551999412,1.6079965328153155e+32
612.5855705468858,1.6142121717404689e+32
612.5124033761683,1.6285077178983016e+32
612.4392536815254,1.6385637404917014e+32
612.3661214566966,1.6373139265312874e+32
612.293006695424,1.6384116361091422e+32
612.2199093914534,1.643891692926537e+32
612.1468295385331,1.6592053304511557e+32
612.0737671304146,1.6598811101995363e+32
612.0007221608522,1.6679781188617754e+32
611.9276946236033,1.6813313119555052e+32
611.8546845124283,1.681784556863112e+32
611.7816918210905,1.693811436358303e+32
611.7087165433563,1.687905248624066e+32
611.635758672995,1.7018563633739177e+32
611.5628182037789,1.7079972366886907e+32
611.4898951294831,1.7113519387301368e+32
611.4169894438857,1.7192067644676368e+32
611.3441011407681,1.7181043366550696e+32
611.2712302139144,1.73049780584977e+32
611.1983766571116,1.7269169022484536e+32
611.1255404641498,1.7350487800212143e+32
611.0527216288222,1.750670475160722e+32
610.9799201449244,1.7581517832311317e+32
610.9071360062557,1.754243645815711e+32
610.8343692066178,1.7631884024329822e+32
610.7616197398156,1.7753234617300015e+32
610.6888875996568,1.7732134590365887e+32
610.6161727799523,1.7837933326845622e+32
610.5434752745156,1.7871631355716302e+32
610.4707950771635,1.795675130517977e+32
610.3981321817156,1.796247367523971e+32
610.3254865819943,1.810579428239291e+32
610.2528582718248,1.8214234189105547e+32
610.1802472450362,1.824593690286406e+32
610.1076534954593,1.830960036872746e+32
610.0350770169285,1.8348022068784996e+32
609.962517803281,1.8422500326385944e+32
609.8899758483569,1.849037552666261e+32
609.8174511459995,1.8586947323896944e+32
609.7449436900545,1.8590362095402854e+32
609.672453474371,1.8697979756051523e+32
609.5999804928007,1.87466808417117e+32
609.5275247391984,1.8782963499557094e+32
609.4550862074219,1.8842779484264074e+32
609.382664891332,1.8924814813006332e+32
609.3102607847916,1.8992318405843574e+32
609.2378738816677,1.904377432541241e+32
609.1655041758296,1.9118086345362295e+32
609.0931516611492,1.922597598910023e+32
609.0208163315023,1.925570974706858e+32
608.9484981807664,1.9309480355603805e+32
608.8761972028228,1.937060400071174e+32
608.8039133915553,1.9441694045574682e+32
608.7316467408508,1.9470593502575907e+32
608.659397244599,1.959880325588565e+32
608.5871648966923,1.9656663347446205e+32
608.5149496910265,1.969394318757769e+32
608.4427516215,1.974509611656244e+32
608.3705706820139,1.983595511855032e+32
608.2984068664724,1.9874738434845827e+32
608.2262601687828,1.994803457371736e+32
608.154130582855,2.0031148389789056e+32
608.0820181026016,2.000876921383549e+32
608.0099227219388,2.0098464647377918e+32
607.9378444347849,2.0171522037822845e+32
607.8657832350617,2.0287914652962255e+32
607.7937391166934,2.0366985370113018e+32
607.7217120736073,2.041808726930151e+32
607.6497020997335,2.0422204605869537e+32
607.5777091890052,2.052842393462796e+32
607.5057333353583,2.0624007225651183e+32
607.4337745327316,2.0690469504964856e+32
607.3618327750665,2.0875938761751122e+32
607.2899080563079,2.0972507787552087e+32
607.2180003704029,2.104778765456851e+32
607.146109711302,2.1259100896962423e+32
607.0742360729581,2.1336486310254308e+32
607.0023794493275,2.100274993996766e+32
606.9305398343687,2.0476113568283487e+32
606.8587172220435,2.0119209525800543e+32
606.7869116063166,1.9694854747414545e+32
606.7151229811554,1.941302837736007e+32
606.6433513405301,1.9041706434524216e+32
606.5715966784139,1.8640027796663465e+32
606.4998589887828,1.825754157426649e+32
606.4281382656155,1.7855799442333797e+32
606.3564345028939,1.7505032725802493e+32
606.2847476946022,1.710835317652711e+32
606.2130778347281,1.6735482522683575e+32
606.1414249172617,1.634102492225465e+32
606.069788936196,1.5971609392546283e+32
605.998169885527,1.5556724004488893e+32
605.9265677592533,1.5217578068962538e+32
605.8549825513766,1.4836278604548856e+32
605.7834142559011,1.4421259703251664e+32
605.7118628668343,1.4060831343521283e+32
605.640328378186,1.3681277437338646e+32
605.5688107839693,1.3263580009360647e+32
605.4973100781999,1.3014701989808541e+32
605.4258262548964,1.2794126296708558e+32
605.35435930808,1.2593917306245094e+32
605.282909231775,1.237862674573743e+32
605.2114760200083,1.2156739861430966e+32
605.1400596668099,1.1927830875142858e+32
605.0686601662125,1.1739395252327985e+32
604.9972775122512,1.1507219613766126e+32
604.9259116989647,1.1270777383600647e+32
604.8545627203939,1.1051532365380926e+32
604.7832305705828,1.0828587083566384e+32
604.711915243578,1.0609438496701036e+32
604.640616733429,1.0412390401349942e+32
604.5693350341885,1.0147534969228976e+32
604.4980701399111,9.962980512503087e+31
604.4268220446551,9.71712702133668e+31
604.355590742481,9.467282354475195e+31
604.2843762274526,9.288427129656483e+31
604.2131784936361,9.042183791386753e+31
604.1419975351006,8.806446000538047e+31
604.0708333459181,8.712165272484166e+31
603.9996859201633,8.56342676614582e+31
603.9285552519136,8.44644819470812e+31
603.8574413352496,8.297202681679492e+31
603.786344164254,8.211080900666105e+31
603.715263733013,8.09146285922496e+31
603.644200035615,7.9622010219041e+31
603.5731530661516,7.833557306557708e+31
603.502122818717,7.726182472585598e+31
603.4311092874082,7.635180801393564e+31
603.360112466325,7.479973119634072e+31
603.2891323495699,7.362306143071458e+31
603.2181689312482,7.252375779746359e+31
603.1472222054682,7.158503137436383e+31
603.0762921663405,6.987446064546791e+31
603.005378807979,6.9193365745119365e+31
602.9344821244999,6.767424551364112e+31
602.8636021100226,6.651788522858402e+31
602.792738758669,6.51897845566289e+31
602.7218920645635,6.433252652896577e+31
602.651062021834,6.337248307940352e+31
602.5802486246106,6.283242706112632e+31
602.5094518670262,6.2365596451336015e+31
602.4386717432166,6.16664389181571e+31
602.3679082473202,6.10601467580037e+31
602.2971613734784,6.075812864619049e+31
602.2264311158352,6.005747135285955e+31
602.1557174685373,5.977796021440652e+31
602.0850204257342,5.912440374898987e+31
602.0143399815784,5.814011043793472e+31
601.9436761302245,5.783663081807628e+31
601.8730288658305,5.722088783827227e+31
601.8023981825568,5.678760962135212e+31
601.7317840745667,5.626234450124674e+31
601.661186536026,5.534408566302277e+31
601.5906055611036,5.507364883812983e+31
601.5200411439707,5.4606780056215015e+31
601.4494932788019,5.364299694817457e+31
601.3789619597737,5.338316344386322e+31
601.308447181066,5.254767728200656e+31
601.237948936861,5.270770478310941e+31
601.1674672213438,5.233462908363432e+31
601.0970020287024,5.215500199020481e+31
601.026553353127,5.1958112906658145e+31
600.9561211888114,5.162913321579393e+31
600.8857055299511,5.158587897166958e+31
600.8153063707451,5.098461844470716e+31
600.7449237053947,5.145478092034144e+31
600.6745575281041,5.100236284735354e+31
600.6042078330801,5.092671466485554e+31
600.5338746145324,5.041840859901628e+31
600.463557866673,5.057842785021388e+31
600.3932575837173,5.00944107594427e+31
600.3229737598829,5.016511097894626e+31
600.25270638939,4.976950977165233e+31
600.1824554664618,4.994573053132084e+31
600.1122209853243,4.931118209117365e+31
600.0420029402057,4.939413252044742e+31
599.9718013253378,4.910810202451383e+31
599.9016161349539,4.905006073737206e+31
599.8314473632909,4.881088841425867e+31
599.7612950045882,4.90162857765274e+31
599.6911590530877,4.895897570595386e+31
599.6210395030341,4.9020322000886e+31
599.5509363486749,4.901554478304928e+31
599.48084958426,4.926908994429259e+31
599.4107792040425,4.910648029734279e+31
599.3407252022776,4.930584454713779e+31
599.2706875732234,4.942860732029748e+31
599.2006663111409,4.910832820624226e+31
599.1306614102937,4.9338305383706775e+31
599.0606728649477,4.943846559432292e+31
598.990700669372,4.9368909469712595e+31
598.9207448178382,4.980898409821025e+31
598.8508053046204,4.9564200709300275e+31
598.7808821239955,4.971859579829762e+31
598.7109752702431,4.965207796709921e+31
598.6410847376455,4.983947935599653e+31
598.5712105204875,4.991681467210169e+31
598.501352613057,4.99205216535759e+31
598.4315110096438,4.976185311103802e+31
598.361685704541,5.008246992803499e+31
598.2918766920442,4.9940729332734165e+31
598.2220839664517,5.00194776537027e+31
598.1523075220643,5.042987401562548e+31
598.0825473531856,5.010005393340661e+31
598.0128034541219,5.013957805412712e+31
597.943075819182,5.053935242526097e+31
597.8733644426775,5.053987592561458e+31
597.8036693189223,5.04230920207585e+31
597.7339904422334,5.08155214028426e+31
597.6643278069305,5.082727826309653e+31
597.5946814073355,5.097115891038983e+31
597.5250512377733,5.088653155726872e+31
597.4554372925709,5.103152219509376e+31
597.385839566059,5.133780120968902e+31
597.3162580525698,5.126845728157253e+31
597.2466927464388,5.146474397276346e+31
597.1771436420042,5.150917892305823e+31
597.1076107336064,5.156201862031021e+31
597.0380940155886,5.19803764631679e+31
596.9685934822969,5.197595109899787e+31
596.8991091280797,5.177238256532995e+31
596.829640947288,5.143576010558589e+31
596.7601889342759,5.108298233525071e+31
596.6907530833995,5.0640159824679355e+31
596.621333389018,5.022382256886674e+31
596.551929845493,4.981399249870202e+31
596.482542447189,4.936398059640797e+31
596.4131711884726,4.890222222231343e+31
596.3438160637133,4.834016571065679e+31
596.2744770672837,4.803529890623284e+31
596.205154193558,4.782841330371199e+31
596.1358474369139,4.75761987162768e+31
596.0665567917314,4.716356142183146e+31
595.9972822523929,4.686167473981115e+31
595.9280238132839,4.677566041826552e+31
595.8587814687919,4.65879628621628e+31
595.7895552133076,4.629633482715574e+31
595.7203450412238,4.586532482523787e+31
595.6511509469365,4.552927157013034e+31
595.5819729248435,4.5429346349340065e+31
595.512810969346,4.508610054452719e+31
595.4436650748473,4.485092861773409e+31
595.3745352357535,4.448606915351911e+31
595.3054214464731,4.4152508891389e+31
595.2363237014176,4.4058909677122265e+31
595.1672419950006,4.356517062663186e+31
595.0981763216387,4.328340865302622e+31
595.0291266757508,4.3163292869271855e+31
594.9600930517586,4.278891376322776e+31
594.8910754440861,4.249858562271674e+31
594.8220738471605,4.232545389080489e+31
594.7530882554107,4.209542010338307e+31
594.684118663269,4.213179764272955e+31
594.6151650651698,4.200823042704722e+31
594.5462274555503,4.185229673054329e+31
594.47730582885,4.175899046153811e+31
594.4084001795113,4.145744060774178e+31
594.3395105019791,4.1378037470079245e+31
594.2706367907008,4.160696814722836e+31
594.2017790401264,4.134364965746923e+31
594.1329372447085,4.088559598812121e+31
594.0641113989021,4.044012943764674e+31
593.9953014971652,4.019841042841846e+31
593.9265075339578,3.980550683722744e+31
593.8577295037428,3.9359779169690055e+31
593.7889674009857,3.8935487944815073e+31
593.7202212201545,3.878311935640292e+31
593.6514909557195,3.8430700021988345e+31
593.5827766021541,3.786709081982163e+31
593.5140781539338,3.766639397821994e+31
593.4453956055369,3.713297435235043e+31
593.376728951444,3.6655188750360927e+31
593.3080781861386,3.6453790485287084e+31
593.2394433041064,3.6015085610007867e+31
593.170824299836,3.5871629941857404e+31
593.1022211678182,3.5756736335642254e+31
593.0336339025469,3.559017264357609e+31
592.9650624985176,3.5260833986658895e+31
592.8965069502293,3.500352732407365e+31
592.8279672521832,3.4881197687035836e+31
592.7594433988827,3.477069061504401e+31
592.6909353848342,3.455700737960983e+31
592.6224432045466,3.4551454644657042e+31
592.5539668525311,3.4297358087729765e+31
592.4855063233016,3.427780077920746e+31
592.4170616113744,3.4267637638619677e+31
592.3486327112686,3.405195735781638e+31
592.2802196175054,3.395373353849916e+31
592.2118223246091,3.3576589197188358e+31
592.143440827106,3.3739544949603682e+31
592.0750751195251,3.354673571973752e+31
592.0067251963982,3.353861394969739e+31
591.9383910522594,3.333713134081804e+31
591.870072681645,3.3112163958483804e+31
591.8017700790942,3.295022812036493e+31
591.7334832391491,3.27333303883585e+31
591.6652121563535,3.26605893162179e+31
591.5969568252541,3.2173958771317365e+31
591.5287172404002,3.2000533654669732e+31
591.4604933963436,3.178775218529515e+31
591.3922852876384,3.1594486792549053e+31
591.3240929088415,3.131197004580719e+31
591.255916254512,3.102939205324938e+31
591.1877553192118,3.077681055394422e+31
591.1196100975052,3.063395701984814e+31
591.0514805839589,3.050607277229757e+31
590.9833667731422,3.0386578551737823e+31
590.9152686596269,3.056803655129261e+31
590.8471862379873,3.0423990526684766e+31
590.7791195028003,3.0376810111381403e+31
590.711068448645,3.0392497740597696e+31
590.6430330701035,3.050342345179763e+31
590.5750133617596,3.0696992899192964e+31
590.5070093182006,3.0739889807519202e+31
590.4390209340155,3.0740960172668386e+31
590.3710482037961,3.0749433477454946e+31
590.3030911221366,3.074482604368011e+31
590.235149683634,3.0784949927002327e+31
590.1672238828872,3.072260524691911e+31
590.0993137144982,3.0826450995377175e+31
590.031419173071,3.075872820179699e+31
589.9635402532123,3.081794231566916e+31
589.8956769495314,3.0746069708361176e+31
589.82782925664,3.0713669581314433e+31
589.759997169152,3.06432624139799e+31
589.6921806816842,3.0722490808609175e+31
589.6243797888555,3.0698275913932147e+31
589.5565944852876,3.0468776523226904e+31
589.4888247656046,3.0108881249581184e+31
589.4210706244327,3.0020143367599595e+31
589.3533320564012,2.9785237663869137e+31
589.2856090561412,2.9477726650160595e+31
589.217901618287,2.924587847459835e+31
589.1502097374746,2.9004465180105325e+31
589.0825334083432,2.8756543659754564e+31
589.0148726255338,2.8584907117452865e+31
588.9472273836902,2.8370557841056875e+31
588.8795976774588,2.835953080928896e+31
588.8119835014883,2.807755384339484e+31
588.7443848504295,2.7923234426510004e+31
588.6768017189362,2.779207434554021e+31
588.6092341016646,2.762593543184631e+31
588.541681993273,2.746558436162154e+31
588.4741453884224,2.7367132276518514e+31
588.4066242817761,2.714239373774772e+31
588.3391186680002,2.6980825651949068e+31
588.2716285417629,2.708382014065338e+31
588.2041538977348,2.7019301422239386e+31
588.1366947305893,2.6868992172357078e+31
588.0692510350019,2.7054403622354325e+31
588.0018228056507,2.7012281898827262e+31
587.9344100372163,2.71271839039251e+31
587.8670127243814,2.7126751724277156e+31
587.7996308618318,2.7138524171794657e+31
587.7322644442551,2.7277419299740074e+31
587.6649134663414,2.729419942336578e+31
587.5975779227838,2.743819184772723e+31
587.5302578082772,2.752764710522025e+31
587.462953117519,2.7578654505203554e+31
587.3956638452095,2.7565070162184478e+31
587.328389986051,2.7597877800005773e+31
587.2611315347483,2.770089555169346e+31
587.1938884860086,2.773810481804899e+31
587.1266608345419,2.7895145858973014e+31
587.05944857506,2.7932283181391922e+31
586.9922517022775,2.7912473347000787e+31
586.9250702109116,2.745235924274296e+31
586.8579040956813,2.709956690123478e+31
586.7907533513087,2.6690251844469517e+31
586.7236179725179,2.619190205270474e+31
586.6564979540354,2.568254627906007e+31
586.5893932905906,2.523438531454597e+31
586.5223039769145,2.4844372579090558e+31
586.4552300077412,2.443848707475769e+31
586.388171377807,2.4006770540113925e+31
586.3211280818504,2.3574728115009966e+31
586.2541001146127,2.3104047546307807e+31
586.1870874708372,2.272544801537111e+31
586.1200901452698,2.220874945133272e+31
586.053108132659,2.1776220032149323e+31
585.9861414277552,2.131610254312111e+31
585.9191900253118,2.0653513198146412e+31
585.852253920084,2.0327946720831207e+31
585.7853331068297,1.9915170793934598e+31
585.7184275803094,1.9591755646258497e+31
585.6515373352855,1.9412154668663604e+31
585.5846623665233,1.9176445448482847e+31
585.5178026687902,1.8922370649103667e+31
585.4509582368559,1.8750937501972299e+31
585.3841290654927,1.8498593217386783e+31
585.3173151494755,1.8179792459113097e+31
585.2505164835808,1.794817175227427e+31
585.1837330625883,1.767183157691557e+31
585.1169648812797,1.7416713406782249e+31
585.0502119344393,1.7216685547494493e+31
584.9834742168533,1.6982702975003403e+31
584.916751723311,1.666909995136259e+31
584.8500444486034,1.6423108241111172e+31
584.7833523875242,1.6246793376408782e+31
584.7166755348695,1.596985629373422e+31
584.6500138854378,1.5679279880506174e+31
584.5833674340298,1.5444476293798677e+31
584.5167361754485,1.5317762865486519e+31
584.4501201044997,1.5112772491907616e+31
584.3835192159911,1.4913181745448865e+31
584.316933504733,1.4676036682189226e+31
584.250362965538,1.4424317479636345e+31
584.1838075932211,1.4181797421054505e+31
584.1172673825997,1.3932764729342583e+31
584.0507423284935,1.3614372398758719e+31
583.9842324257245,1.339913774807158e+31
583.9177376691172,1.3162522733713114e+31
583.8512580534983,1.3207060856106574e+31
583.784793573697,1.3247081913697578e+31
583.7183442245448,1.4148549764504716e+31
583.6519100008755,1.4190814549483404e+31
583.5854908975253,1.427611897610755e+31
583.5190869093328,1.5202425427720444e+31
583.4526980311389,1.5284531420557216e+31
583.3863242577868,1.6195324259938296e+31
583.3199655841221,1.6258827867952946e+31
583.2536220049926,1.7160448929999895e+31
583.1872935152488,1.8233268343186856e+31
583.1209801097434,1.8318109744089122e+31
583.054681783331,1.9204581157911517e+31
582.9883985308692,1.9294580902247783e+31
582.9221303472176,2.0107465291704193e+31
582.855877227238,2.0007528706783767e+31
582.7896391657949,1.9956885855030162e+31
582.723416157755,2.0737843577257844e+31
582.657208197987,2.0667355881243346e+31
582.5910152813624,2.059759351911229e+31
582.5248374027548,2.2337895645039887e+31
582.4586745570401,2.23143409240819e+31
582.3925267390969,2.3138625806822987e+31
582.3263939438056,2.311913813723163e+31
582.2602761660489,2.313917903672022e+31
582.1941734007127,2.3976736081920016e+31
582.1280856426839,2.397472336328195e+31
582.0620128868529,2.4988549638372582e+31
581.9959551281119,2.6168825311037004e+31
581.9299123613552,2.613596694727348e+31
581.8638845814799,2.619046605333935e+31
581.7978717833851,2.7159234216087246e+31
581.7318739619722,2.7204626095106387e+31
581.6658911121452,2.719654667366468e+31
581.5999232288101,2.9196862863085354e+31
581.5339703068754,2.9240881871349275e+31
581.468032341252,2.933862937129166e+31
581.4021093268526,3.0328810888044415e+31
581.3362012585928,3.035795766355961e+31
581.2703081313904,3.135445892847709e+31
581.204429940165,3.2347953801811977e+31
581.1385666798392,3.2332967255933303e+31
581.0727183453373,3.2416453088171145e+31
581.0068849315865,3.3659191747099753e+31
580.9410664335156,3.4613211711876153e+31
580.8752628460564,3.4723683273387823e+31
580.8094741641426,3.571397883374136e+31
580.7437003827101,3.572270392469001e+31
580.6779414966974,3.5817493791312077e+31
580.6121975010451,3.79825606763358e+31
580.5464683906962,3.8008239340608555e+31
580.4807541605958,3.805808274868024e+31
580.4150548056915,3.8014589384195653e+31
580.3493703209332,4.00334366665892e+31
580.2837007012728,4.015397109273163e+31
580.2180459416649,4.0283307702044258e+31
580.1524060370659,4.127460035635876e+31
580.086780982435,4.2409649925893025e+31
580.0211707727332,4.254274482859743e+31
579.9555754029242,4.275256422735322e+31
579.8899948679735,4.415714674195102e+31
579.8244291628495,4.412487406848668e+31
579.7588782825223,4.443537065889246e+31
579.6933422219646,4.486793056314994e+31
579.6278209761512,4.5651424247684395e+31
579.5623145400593,4.590788865058033e+31
579.4968229086684,4.618387865856575e+31
579.43134607696,4.661891436828212e+31
579.3658840399183,4.727268889346194e+31
579.3004367925294,4.745076143411651e+31
579.2350043297816,4.820497763533295e+31
579.169586646666,4.807334084840658e+31
579.1041837381754,4.942876913163811e+31
579.0387955993051,4.944879298213135e+31
578.9734222250528,4.972733782288796e+31
578.908063610418,4.979724612290295e+31
578.842719750403,5.141132622661298e+31
578.7773906400121,5.190948673072325e+31
578.7120762742517,5.1844583240320685e+31
578.6467766481306,5.181354633680161e+31
578.5814917566602,5.190508252813669e+31
578.5162215948535,5.325578113058412e+31
578.4509661577263,5.354839367302186e+31
578.3857254402961,5.392987294583485e+31
578.3204994375833,5.464123254327783e+31
578.2552881446101,5.422721784529191e+31
578.190091556401,5.519033852296438e+31
578.1249096679828,5.593982218625304e+31
578.0597424743847,5.587578280315166e+31
577.9945899706379,5.668522406807478e+31
577.9294521517759,5.684631650064517e+31
577.8643290128343,5.70333651649224e+31
577.7992205488515,5.790970069711456e+31
577.7341267548675,5.790110769539001e+31
577.6690476259247,5.83767450886354e+31
577.6039831570679,5.871338689719948e+31
577.538933343344,5.928722386272972e+31
577.4738981798023,5.94011532816413e+31
577.408877661494,6.083454678591696e+31
577.343871783473,6.129359217101697e+31
577.2788805407948,6.073263538545106e+31
577.2139039285178,6.128158654763399e+31
577.1489419417022,6.130839754334647e+31
577.0839945754104,6.185727620714809e+31
577.0190618247074,6.207806886320203e+31
576.9541436846599,6.358487899506058e+31
576.8892401503374,6.386568740930798e+31
576.824351216811,6.435659488983886e+31
576.7594768791545,6.445425089536097e+31
576.6946171324437,6.473906132274487e+31
576.6297719717567,6.516405769130041e+31
576.5649413921738,6.56791284330177e+31
576.5001253887773,6.559217980402604e+31
576.435323956652,6.553395494850959e+31
576.370537090885,6.708109465001092e+31
576.3057647865651,6.738343303079762e+31
576.2410070387839,6.768430816756892e+31
576.1762638426347,6.803308658163748e+31
576.1115351932134,6.836351552465946e+31
576.0468210856178,6.8683742091196e+31
575.9821215149482,6.925340912838841e+31
575.9174364763068,7.010902586201668e+31
575.8527659647981,7.044184427459629e+31
575.788109975529,7.135195080081747e+31
575.7234685036084,7.139695566986124e+31
575.6588415441473,7.2410264412361025e+31
575.5942290922592,7.3330771665448715e+31
575.5296311430594,7.441482414419497e+31
575.4650476916659,7.534918958407053e+31
575.4004787331983,7.635866969825895e+31
575.3359242627789,7.629027640451699e+31
575.271384275532,7.7224290806897885e+31
575.206858766584,7.811423734804863e+31
575.1423477310634,7.784193636179113e+31
575.0778511641013,7.8708884914794945e+31
575.0133690608307,7.962801443866948e+31
574.9489014163865,7.971845385051999e+31
574.8844482259066,8.059316674508958e+31
574.8200094845301,8.151855867189322e+31
574.755585187399,8.173882211750231e+31
574.6911753296572,8.246836602595277e+31
574.6267799064508,8.285429181340465e+31
574.562398912928,8.290776524202718e+31
574.4980323442393,8.186030373440245e+31
574.4336801955372,8.196375983996437e+31
574.3693424619768,8.253276520077917e+31
574.3050191387148,8.257855798453884e+31
574.2407102209104,8.182187827139488e+31
574.176415703725,8.162671360556403e+31
574.1121355823219,8.145060431312794e+31
574.047869851867,8.11129744574881e+31
573.9836185075278,8.059547497645739e+31
573.9193815444744,7.974653142753336e+31
573.855158957879,7.968255106154201e+31
573.7909507429158,7.948766303061215e+31
573.7267568947614,7.9097676597318865e+31
573.6625774085941,7.814429444059805e+31
573.5984122795949,7.813143474846379e+31
573.5342615029465,7.877923770109482e+31
573.4701250738343,7.861967974432178e+31
573.4060029874453,7.925611367595339e+31
573.3418952389688,7.960314099248249e+31
573.2778018235967,8.00395000610739e+31
573.2137227365223,8.0567970667818285e+31
573.1496579729417,8.18033151861761e+31
573.0856075280525,8.243601131284734e+31
573.0215713970553,8.256901276915916e+31
572.9575495751519,8.319654825024994e+31
572.8935420575472,8.376992215004488e+31
572.8295488394474,8.334741083880687e+31
572.7655699160613,8.419652212426554e+31
572.7016052825996,8.471871016730754e+31
572.6376549342755,8.531414546074316e+31
572.573718866304,8.56266984485725e+31
572.5097970739024,8.59705123673924e+31
572.44588955229,8.731530854998529e+31
572.3819962966885,8.788800288486775e+31
572.3181173023213,8.757877486351083e+31
572.2542525644144,8.803454829264248e+31
572.1904020781956,8.922135752366019e+31
572.1265658388949,9.052834195074394e+31
572.0627438417446,9.127577393032012e+31
571.9989360819789,9.208349951651134e+31
571.9351425548343,9.177506416612797e+31
571.8713632555493,9.352805490365266e+31
571.8075981793646,9.569959054390125e+31
571.743847321523,9.638210220007648e+31
571.6801106772695,9.695418080957173e+31
571.6163882418509,9.764798124717027e+31
571.5526800105166,9.817837678912898e+31
571.4889859785177,9.891368119695182e+31
571.4253061411077,1.0158795646820204e+32
571.3616404935422,1.0204500350305327e+32
571.2979890310786,1.0191567450327008e+32
571.2343517489768,1.0244393502800002e+32
571.1707286424985,1.0506309326939642e+32
571.1071197069078,1.0592568098376694e+32
571.0435249374707,1.0613051989636962e+32
570.9799443294554,1.0802107668677118e+32
570.9163778781322,1.085315385853491e+32
570.8528255787735,1.0915320279203138e+32
570.7892874266536,1.1128049942698191e+32
570.7257634170493,1.1096927006625605e+32
570.6622535452393,1.1144504768745626e+32
570.5987578065043,1.1390340284593898e+32
570.5352761961273,1.138235163890879e+32
570.4718087093931,1.1409353713080593e+32
570.4083553415891,1.1639491987484777e+32
570.3449160880042,1.1660362156742224e+32
570.28149094393,1.1838868311474623e+32
570.2180799046596,1.1871914252608106e+32
570.1546829654885,1.2013298074004236e+32
570.0913001217145,1.2028915827761508e+32
570.027931368637,1.2185543890050718e+32
569.964576701558,1.2272221603051322e+32
569.9012361157811,1.2357937889878353e+32
569.8379096066124,1.2547831360842678e+32
569.7745971693598,1.2613977665303471e+32
569.7112987993335,1.2680203824338281e+32
569.6480144918454,1.2863415436113885e+32
569.5847442422101,1.2929442740507221e+32
569.5214880457439,1.3036140331607048e+32
569.4582458977652,1.3164410335556328e+32
569.3950177935943,1.3240553872294292e+32
569.331803728554,1.3320996527764919e+32
569.2686036979688,1.3518487612557514e+32
569.2054176971657,1.354443676672888e+32
569.1422457214732,1.3735740509935234e+32
569.0790877662223,1.3741719747338812e+32
569.015943826746,1.386227388427708e+32
568.9528138983793,1.397050910277578e+32
568.8896979764594,1.4092603371842518e+32
568.8265960563252,1.4188136838846755e+32
568.7635081333182,1.4278057840047447e+32
568.7004342027815,1.4356395368726383e+32
568.6373742600606,1.4674080524352279e+32
568.5743283005029,1.4889135436037453e+32
568.5112963194579,1.5165155894213386e+32
568.448278312277,1.5498268177264838e+32
568.3852742743142,1.5551300446181378e+32
568.3222842009246,1.6134689648924846e+32
568.2593080874665,1.6456422679930752e+32
568.1963459292994,1.6664671243339003e+32
568.1333977217851,1.6922586148054514e+32
568.0704634602876,1.7248428416202513e+32
568.007543140173,1.7550248775620823e+32
567.9446367568089,1.772227269677072e+32
567.8817443055658,1.8092560241186745e+32
567.8188657818156,1.8304056107968645e+32
567.7560011809325,1.8775828729756078e+32
567.6931504982927,1.8795023733849987e+32
567.6303137292743,1.9200886904799445e+32
567.567490869258,1.935122058621098e+32
567.5046819136257,1.967255621986583e+32
567.4418868577621,2.0053072283720953e+32
567.3791056970537,2.0429402985582386e+32
567.3163384268886,2.0528457602832478e+32
567.2535850426575,2.0818604184147395e+32
567.190845539753,2.1107607945145584e+32
567.1281199135697,2.1395309271095353e+32
567.0654081595042,2.1738425106139922e+32
567.0027102729551,2.196884011630237e+32
566.9400262493232,2.2167774947777976e+32
566.8773560840112,2.2680403929532077e+32
566.8146997724239,2.2896196557649304e+32
566.7520573099681,2.31067490866824e+32
566.6894286920525,2.3453212382761897e+32
566.6268139140881,2.368040266450964e+32
566.5642129714877,2.4032200997431025e+32
566.5016258596662,2.434142227694356e+32
566.4390525740406,2.463806690182589e+32
566.37649311003,2.4990108010434187e+32
566.3139474630551,2.526236810145972e+32
566.2514156285391,2.5517256243251987e+32
566.1888976019069,2.5862959383674444e+32
566.1263933785857,2.6086597781993947e+32
566.0639029540044,2.6322394255668248e+32
566.0014263235944,2.6683763063703776e+32
565.9389634827884,2.7043603679841634e+32
565.8765144270217,2.736701458909551e+32
565.8140791517316,2.7596101492385484e+32
565.7516576523569,2.7863185572707805e+32
565.689249924339,2.812226976140949e+32
565.6268559631211,2.8508455769859916e+32
565.5644757641483,2.8941603938470888e+32
565.5021093228678,2.9196987375019537e+32
565.4397566347287,2.9451654779399093e+32
565.3774176951824,2.9822099235379438e+32
565.315092499682,3.002689919480708e+32
565.2527810436827,3.0452739522820844e+32
565.1904833226419,3.0754340751870286e+32
565.1281993320184,3.1066831482244064e+32
565.0659290672739,3.141311103954269e+32
565.0036725238714,3.18027002825883e+32
564.9414296972761,3.220036881557366e+32
564.8792005829554,3.1904680366571667e+32
564.8169851763782,3.1244674216608384e+32
564.754783473016,3.057687493630041e+32
564.6925954683419,3.0009732451111213e+32
564.6304211578312,2.936508203184593e+32
564.5682605369609,2.8728559057957473e+32
564.5061136012102,2.797989404822226e+32
564.4439803460606,2.7424361714070463e+32
564.3818607669949,2.6800202427427005e+32
564.3197548594984,2.6117778564998983e+32
564.2576626190584,2.5497238437798248e+32
564.1955840411638,2.465671654020984e+32
564.1335191213057,2.3897128080477317e+32
564.0714678549772,2.307863811282806e+32
564.0094302376735,2.2273914387418506e+32
563.9474062648917,2.1486748231000267e+32
563.8853959321307,2.0607486315030454e+32
563.8233992348917,1.975542800639737e+32
563.7614161686774,1.881227811903763e+32
563.699446728993,1.793069782432163e+32
563.6374909113455,1.7047351402126675e+32
563.5755487112436,1.6182646651298962e+32
563.5136201241984,1.5582358705289182e+32
563.4517051457227,1.521398850629524e+32
563.3898037713313,1.4948014395186161e+32
563.3279159965412,1.4705062283363837e+32
563.2660418168709,1.4336626317987774e+32
563.2041812278414,1.4060122659847455e+32
563.1423342249753,1.3804668341820239e+32
563.0805008037975,1.3484509829018034e+32
563.0186809598342,1.3221312541642624e+32
562.9568746886144,1.289583021053119e+32
562.8950819856688,1.2579104560931747e+32
562.8333028465295,1.2312307125324836e+32
562.7715372667312,1.1977656210738719e+32
562.7097852418104,1.1709677943449254e+32
562.6480467673056,1.138921377547591e+32
562.5863218387572,1.111218861204986e+32
562.5246104517073,1.0776634648847818e+32
562.4629126017003,1.0515937613703317e+32
562.4012282842826,1.017750334464572e+32
562.3395574950022,9.936520245310787e+31
562.2779002294094,9.61008829906382e+31
562.2162564830562,9.38231775571658e+31
562.1546262514967,9.24785715711311e+31
562.093009530287,9.101308824026221e+31
562.0314063149849,8.916927687829582e+31
561.9698166011503,8.768704253806535e+31
561.9082403843453,8.642999183387365e+31
561.8466776601333,8.48760082483116e+31
561.7851284240804,8.307811557368347e+31
561.723592671754,8.158455611057634e+31
561.6620703987239,8.009184423250336e+31
561.6005616005616,7.820944421128535e+31
561.5390662728406,7.672637769471605e+31
561.4775844111364,7.511600857832886e+31
561.4161160110262,7.362356612395698e+31
561.3546610680895,7.1997094653312365e+31
561.2932195779075,7.049212805282724e+31
561.2317915360634,6.888607048623571e+31
561.1703769381422,6.757091803231042e+31
561.108975779731,6.5998395297600315e+31
561.0475880564189,6.467742624110124e+31
560.9862137637967,6.256380618568495e+31
560.9248528974573,6.1736229354699045e+31
560.8635054529954,6.127604291484894e+31
560.8021714260077,6.010113619668585e+31
560.740850812093,5.983913051907031e+31
560.6795436068514,5.893780654734517e+31
560.618249805886,5.844497742174576e+31
560.5569694048006,5.770515170596545e+31
560.4957023992018,5.712283102919048e+31
560.4344487846979,5.633503592012171e+31
560.3732085568989,5.553501658556241e+31
560.3119817114169,5.53265548520173e+31
560.250768243866,5.466190928849263e+31
560.1895681498619,5.394826247858507e+31
560.1283814250226,5.319103645222725e+31
560.0672080649679,5.255334417371496e+31
560.0060480653191,5.149930168419626e+31
559.9449014217001,5.101288862251538e+31
559.8837681297363,5.0453435661301945e+31
559.822648185055,4.9836316026821e+31
559.7615415832855,4.899709964171705e+31
559.7004483200591,4.819495803761388e+31
559.6393683910088,4.786766111674687e+31
559.5783017917697,4.646462873979612e+31
559.5172485179787,4.474395802673905e+31
559.4562085652746,4.299019962650955e+31
559.395181929298,4.129365243346007e+31
559.3341686056918,3.933583857916762e+31
559.2731685901003,3.772386699344368e+31
559.21218187817,3.588354482495322e+31
559.1512084655493,3.410469926617295e+31
559.0902483478883,3.236718415607032e+31
559.0293015208392,3.0662753658831366e+31
558.968367980056,2.883779984019552e+31
558.9074477211947,2.705401101900229e+31
558.8465407399128,2.532551498313673e+31
558.7856470318703,2.35057207026336e+31
558.7247665927288,2.1632944101204506e+31
558.6638994181516,1.9826419283753981e+31
558.6030455038041,1.814146773486926e+31
558.5422048453536,1.632948689087417e+31
558.4813774384693,1.4487308245366167e+31
558.4205632788222,1.2695812629313272e+31
558.3597623620851,1.0873916091587113e+31
558.298974683933,9.592944178674584e+30
558.2382002400424,9.478540737561798e+30
558.177439026092,9.358766574416135e+30
558.1166910377622,9.227154909018035e+30
558.0559562707352,9.106519038159377e+30
557.9952347206955,8.984420677818422e+30
557.934526383329,8.83763201063326e+30
557.8738312543235,8.707551129295587e+30
557.8131493293691,8.597200204823054e+30
557.7524806041574,8.471984404385475e+30
557.6918250743822,8.31861703133365e+30
557.6311827357385,8.218173839628537e+30
557.5705535839242,8.068132225359131e+30
557.5099376146379,7.934484186494653e+30
557.4493348235812,7.843550379602796e+30
557.3887452064567,7.705829773755558e+30
557.3281687589695,7.552279700984798e+30
557.267605476826,7.440015603298755e+30
557.207055355735,7.29855296033342e+30
557.1465183914066,7.182519223569932e+30
557.0859945795532,7.053224740708906e+30
557.0254839158891,6.937686685545777e+30
556.9649863961303,6.902478502577504e+30
556.9045020159944,6.853607718297985e+30
556.8440307712011,6.770860731322214e+30
556.7835726574723,6.75265083168418e+30
556.7231276705312,6.67789521551146e+30
556.6626958061032,6.646110623011185e+30
556.6022770599155,6.584097438441179e+30
556.5418714276968,6.501133041081489e+30
556.4814789051784,6.469816852267731e+30
556.4210994880926,6.41593620523475e+30
556.3607331721742,6.369018215500721e+30
556.3003799531596,6.313238838696755e+30
556.2400398267869,6.285419826945075e+30
556.1797127887963,6.203771881863877e+30
556.1193988349298,6.144010787994635e+30
556.0590979609312,6.107325585011821e+30
555.9988101625462,6.032710689224249e+30
555.9385354355222,6.013336505776428e+30
555.8782737756086,5.930178234827369e+30
555.8180251785566,5.913811982720437e+30
555.757789640119,5.844839722563832e+30
555.6975671560509,5.847187242513905e+30
555.6373577221091,5.809378205474801e+30
555.5771613340519,5.808969314707929e+30
555.5169779876397,5.787363779542756e+30
555.456807678635,5.794517812310515e+30
555.3966504028014,5.773871189131113e+30
555.3365061559051,5.764828812429985e+30
555.2763749337139,5.756438946532165e+30
555.2162567319971,5.746041079771832e+30
555.1561515465263,5.724990046929791e+30
555.0960593730746,5.710523721115179e+30
555.035980207417,5.678695196864571e+30
554.9759140453305,5.706812030913328e+30
554.9158608825936,5.711263432063159e+30
554.8558207149872,5.679376986695604e+30
554.7957935382934,5.680693420762357e+30
554.7357793482964,5.656872510254408e+30
554.6757781407822,5.636853756194471e+30
554.6157899115389,5.630777259429907e+30
554.5558146563556,5.655077025864819e+30
554.4958523710243,5.61684714039465e+30
554.435903051338,5.611749283564066e+30
554.3759666930919,5.622238024813583e+30
554.316043292083,5.620706222300068e+30
554.2561328441099,5.640028495707327e+30
554.1962353449733,5.668914128021839e+30
554.1363507904755,5.654203063201095e+30
554.0764791764208,5.692207759055254e+30
554.016620498615,5.689318907909856e+30
553.9567747528661,5.714374170301323e+30
553.8969419349836,5.712715544672343e+30
553.837122040779,5.745757371281026e+30
553.7773150660656,5.745186198847365e+30
553.7175210066584,5.749317625052618e+30
553.6577398583744,5.77804426965152e+30
553.5979716170319,5.759643286142865e+30
553.5382162784518,5.785805734659564e+30
553.4784738384562,5.805398658283065e+30
553.4187442928692,5.834858217108775e+30
553.3590276375166,5.826551034108435e+30
553.2993238682262,5.827109803841905e+30
553.2396329808274,5.853437789906796e+30
553.1799549711517,5.893458751638017e+30
553.1202898350318,5.861752477649784e+30
553.0606375683029,5.891692558597667e+30
553.0009981668017,5.935142226338147e+30
552.9413716263665,5.967085863000795e+30
552.8817579428376,5.953675861873342e+30
552.822157112057,5.999786681234317e+30
552.7625691298688,6.00141760930689e+30
552.7029939921184,6.055228267384889e+30
552.6434316946535,6.068361851252429e+30
552.583882233323,6.120996825973163e+30
552.5243456039782,6.097952467052214e+30
552.4648218024716,6.147764610994674e+30
552.4053108246583,6.162647516092459e+30
552.3458126663942,6.218757302109743e+30
552.2863273235376,6.219424905715557e+30
552.2268547919485,6.270414520691953e+30
552.1673950674887,6.277986167257894e+30
552.1079481460215,6.317018452271698e+30
552.0485140234124,6.30003386466217e+30
551.9890926955283,6.34743659942757e+30
551.9296841582383,6.350795308496017e+30
551.8702884074128,6.371836660256481e+30
551.8109054389241,6.412219373602672e+30
551.7515352486469,6.42777198056293e+30
551.6921778324567,6.477384611578276e+30
551.6328331862312,6.485437826512057e+30
551.5735013058503,6.542217241656457e+30
551.5141821871949,6.585872475157369e+30
551.4548758261484,6.623522343461966e+30
551.3955822185952,6.659486224837515e+30
551.3363013604223,6.677628093612965e+30
551.2770332475179,6.714024273918123e+30
551.2177778757721,6.737877931744958e+30
551.1585352410767,6.796859062453583e+30
551.0993053393256,6.8167919221286e+30
551.0400881664141,6.896458583752509e+30
550.9808837182394,6.924260638994879e+30
550.9216919907004,6.964074743151122e+30
550.862512979698,6.993740506991799e+30
550.8033466811344,7.005175634120519e+30
550.7441930909141,7.052649526652988e+30
550.685052204943,7.108547628010118e+30
550.6259240191287,7.129537996522351e+30
550.566808529381,7.174167888825066e+30
550.5077057316109,7.191780846663177e+30
550.4486156217317,7.226399480547771e+30
550.389538195658,7.245538335804361e+30
550.3304734493063,7.319961184150731e+30
550.2714213785949,7.278761664497055e+30
550.2123819794441,7.281041528142338e+30
550.1533552477753,7.310264429900744e+30
550.0943411795123,7.364250596595645e+30
550.0353397705803,7.353380421429504e+30
549.9763510169063,7.361177277385156e+30
549.917374914419,7.392047282992463e+30
549.8584114590493,7.422190353387097e+30
549.7994606467291,7.41539885848492e+30
549.7405224733926,7.485208145487355e+30
549.6815969349755,7.461597944666738e+30
549.6226840274152,7.443483558839857e+30
549.5637837466511,7.520490023016434e+30
549.5048960886242,7.506900566038188e+30
549.4460210492771,7.600303140203367e+30
549.3871586245543,7.583136423584402e+30
549.3283088104021,7.629766399853331e+30
549.2694716027684,7.6312728219383e+30
549.2106469976027,7.665362400538286e+30
549.1518349908566,7.666032728884228e+30
549.0930355784833,7.746436001652272e+30
549.0342487564374,7.726601587192294e+30
548.9754745206758,7.779700694896287e+30
548.9167128671567,7.845167894317573e+30
548.8579637918401,7.809067387423303e+30
548.799227290688,7.871728803609759e+30
548.7405033596638,7.912213153847939e+30
548.6817919947326,7.906426729343258e+30
548.6230931918617,7.972374038171146e+30
548.5644069470196,7.998928085119831e+30
548.5057332561769,7.994908199501294e+30
548.4470721153054,8.042581622980923e+30
548.3884235203794,8.07616388226942e+30
548.3297874673743,8.100543863073198e+30
548.2711639522674,8.153942034568693e+30
548.2125529710379,8.167746778540868e+30
548.1539545196664,8.237137678487411e+30
548.0953685941354,8.24487806872628e+30
548.0367951904291,8.260550515305779e+30
547.9782343045334,8.328417562994541e+30
547.919685932436,8.378795950907009e+30
547.8611500701262,8.41556050648104e+30
547.8026267135951,8.48256365892822e+30
547.7441158588354,8.525433318365765e+30
547.6856175018415,8.528933922543108e+30
547.62713163861,8.577042336049295e+30
547.5686582651382,8.615350620082367e+30
547.5101973774262,8.662153348856473e+30
547.451748971475,8.70881566266102e+30
547.3933130432879,8.749263050662664e+30
547.3348895888694,8.799455943221884e+30
547.276478604226,8.8476218769116e+30
547.2180800853661,8.858948947297686e+30
547.1596940282991,8.892757867646535e+30
547.1013204290368,8.97520767844235e+30
547.0429592835925,8.986898524194907e+30
546.984610587981,9.0257002472227e+30
546.9262743382192,9.107991094004694e+30
546.8679505303252,9.140673822567874e+30
546.8096391603191,9.165176838255151e+30
546.7513402242226,9.240625965835414e+30
546.6930537180594,9.28624404229018e+30
546.6347796378544,9.320881370917523e+30
546.5765179796346,9.332797898514028e+30
546.5182687394282,9.384206730850329e+30
546.4600319132659,9.4097264870296e+30
546.4018074971792,9.47159219218175e+30
546.3435954872019,9.508511974808112e+30
546.2853958793693,9.554639491352897e+30
546.2272086697183,9.568238195844394e+30
546.1690338542876,9.652426766594713e+30
546.1108714291175,9.670536134072444e+30
546.0527213902502,9.739069520405252e+30
545.9945837337294,9.754064028584554e+30
545.9364584556004,9.792036896413787e+30
545.8783455519103,9.845230974942408e+30
545.820245018708,9.911524455716631e+30
545.7621568520439,9.929553614330395e+30
545.7040810479701,9.968403688133864e+30
545.6460176025405,1.0010028633869238e+31
545.5879665118106,1.0089200189105874e+31
545.5299277718376,1.0107607092156454e+31
545.4719013786802,1.019259963434807e+31
545.4138873283991,1.0225165930697552e+31
545.3558856170565,1.023531283192471e+31
545.2978962407163,1.031298365117217e+31
545.2399191954439,1.0371784285535438e+31
545.1819544773068,1.0382671716993677e+31
545.1240020823736,1.0380319736457594e+31
545.0660620067151,1.0399047901026136e+31
545.0081342464036,1.0448952357232774e+31
544.9502187975128,1.0463731115968162e+31
544.8923156561185,1.0448844500069897e+31
544.8344248182977,1.0440448001517511e+31
544.7765462801295,1.0486223824794845e+31
544.7186800376945,1.0467129186258405e+31
544.660826087075,1.0491280500339317e+31
544.6029844243546,1.053197236124683e+31
544.5451550456193,1.0534379735725435e+31
544.487337946956,1.0425609837767364e+31
544.4295331244539,1.032660574954216e+31
544.3717405742033,1.0194295714385956e+31
544.3139602922967,1.0062873409983852e+31
544.2561922748276,9.914618492647768e+30
544.1984365178919,9.809800356567494e+30
544.1406930175866,9.679291300400216e+30
544.0829617700107,9.564368125810232e+30
544.0252427712646,9.434239009540745e+30
543.9675360174505,9.325295243229815e+30
543.9098415046722,9.216852654615894e+30
543.8521592290351,9.091624503678708e+30
543.7944891866466,8.955683758685646e+30
543.7368313736151,8.876042824949276e+30
543.6791857860513,8.742326535559172e+30
543.6215524200672,8.632353873243376e+30
543.5639312717766,8.501900940457283e+30
543.5063223372946,8.373630168830405e+30
543.4487256127385,8.267679801043953e+30
543.3911410942268,8.153854216490099e+30
543.3335687778798,8.043840311363635e+30
543.2760086598196,7.994346456359124e+30
543.2184607361696,7.927542344509489e+30
543.1609250030554,7.873922336013323e+30
543.1034014566034,7.827731422679309e+30
543.0458900929423,7.7646184137034e+30
542.9883909082024,7.686461704636938e+30
542.9309038985153,7.657585490458345e+30
542.8734290600146,7.591399223024013e+30
542.8159663888354,7.527915105575649e+30
542.7585158811141,7.494660554810557e+30
542.7010775329894,7.427506583287738e+30
542.6436513406012,7.367390618838494e+30
542.5862373000908,7.32280344769569e+30
542.528835407602,7.255778153245084e+30
542.4714456592791,7.225178182910286e+30
542.4140680512689,7.161184059158302e+30
542.3567025797197,7.121502272064258e+30
542.2993492407809,7.056509074676084e+30
542.2420080306041,7.034197602412596e+30
542.1846789453424,6.988926898809141e+30
542.1273619811502,6.942452089454892e+30
542.070057134184,6.883724598640216e+30
542.0127644006016,6.83579660741697e+30
541.9554837765626,6.844902736674748e+30
541.8982152582281,6.840425132045032e+30
541.8409588417608,6.793688406383884e+30
541.7837145233251,6.751050813482522e+30
541.7264822990871,6.72067431043257e+30
541.6692621652145,6.725867280277677e+30
541.6120541178765,6.670304692795684e+30
541.5548581532438,6.666257363975847e+30
541.497674267489,6.615465428522514e+30
541.4405024567862,6.59869555207091e+30
541.3833427173113,6.548311776807811e+30
541.3261950452413,6.521298089441867e+30
541.2690594367555,6.490678535039625e+30
541.2119358880341,6.485194468535827e+30
541.1548243952595,6.474670018087752e+30
541.0977249546154,6.43673998871118e+30
541.0406375622873,6.399522721667967e+30
540.9835622144622,6.375256728922786e+30
540.9264989073284,6.37839284781246e+30
540.8694476370766,6.343941780295567e+30
540.8124083998983,6.324961440586649e+30
540.7553811919871,6.325405820211722e+30
540.698366009538,6.304525093863132e+30
540.6413628487475,6.270703270384661e+30
540.584371705814,6.302269413247429e+30
540.5273925769374,6.281103093603466e+30
540.4704254583189,6.262901297630153e+30
540.4134703461618,6.27750682434772e+30
540.3565272366708,6.252938563411218e+30
540.2995961260519,6.266194246917755e+30
540.2426770105131,6.240717133105403e+30
540.1857698862639,6.206367847119272e+30
540.1288747495153,6.220688260707519e+30
540.0719915964798,6.210006127736858e+30
540.0151204233719,6.234568197224545e+30
539.9582612264072,6.218561780835615e+30
539.9014140018032,6.204225122286557e+30
539.8445787457791,6.234221991040855e+30
539.7877554545553,6.223803447484246e+30
539.730944124354,6.249693197368074e+30
539.6741447513991,6.201272984950022e+30
539.617357331916,6.226776542719477e+30
539.5605818621315,6.222250365358283e+30
539.5038183382743,6.184693348581727e+30
539.4470667565745,6.241837096320875e+30
539.3903271132639,6.200923077324241e+30
539.3335994045757,6.270780617384026e+30
539.2768836267448,6.230224356009785e+30
539.220179776008,6.296860816743119e+30
539.1634878486029,6.245162076346661e+30
539.1068078407694,6.310988837248707e+30
539.0501397487487,6.303260387075445e+30
538.9934835687836,6.358110394451544e+30
538.9368392971186,6.290467358405619e+30
538.8802069299995,6.338669219399244e+30
538.8235864636738,6.341396958148013e+30
538.766977894391,6.381621701226553e+30
538.7103812184013,6.36591541629929e+30
538.6537964319573,6.4236738799473e+30
538.5972235313127,6.381552918756176e+30
538.540662512723,6.455996116353894e+30
538.4841133724452,6.417317142295094e+30
538.4275761067379,6.466158791589369e+30
538.3710507118611,6.475152134658999e+30
538.3145371840767,6.494589543415131e+30
538.2580355196478,6.474248321135573e+30
538.2015457148393,6.53886909334655e+30
538.1450677659177,6.578910950158276e+30
538.0886016691509,6.546047568680203e+30
538.0321474208084,6.599027685859709e+30
537.9757050171614,6.604676977421616e+30
537.9192744544825,6.634883909410212e+30
537.8628557290461,6.63112922595115e+30
537.806448837128,6.690174396163825e+30
537.7500537750054,6.676874793100912e+30
537.6936705389572,6.710458132748511e+30
537.6372991252641,6.74559400517433e+30
537.5809395302081,6.75289992273561e+30
537.5245917500725,6.781509315534021e+30
537.468255781143,6.837928150893162e+30
537.4119316197058,6.835623326603816e+30
537.3556192620495,6.857329655256557e+30
537.2993187044639,6.890787683342781e+30
537.2430299432402,6.900387695624857e+30
537.1867529746717,6.922291895227929e+30
537.1304877950524,6.97333833266988e+30
537.0742344006788,6.973482732611274e+30
537.0179927878484,6.969021593169245e+30
536.9617629528601,7.037769256933884e+30
536.9055448920149,7.056657014496238e+30
536.8493386016148,7.093573777548591e+30
536.7931440779638,7.099282079065282e+30
536.7369613173672,7.110385364118586e+30
536.6807903161318,7.186062885213608e+30
536.6246310705661,7.200293896423361e+30
536.5684835769802,7.181560735626079e+30
536.5123478316854,7.215678821616854e+30
536.4562238309948,7.290906373390515e+30
536.4001115712232,7.294421110703822e+30
536.3440110486866,7.282277786138835e+30
536.2879222597028,7.31038316633143e+30
536.2318452005909,7.382649184843435e+30
536.1757798676718,7.414551409212989e+30
536.1197262572678,7.447969282653455e+30
536.0636843657027,7.491919799093488e+30
536.0076541893018,7.460599122866756e+30
535.9516357243922,7.499283024094334e+30
535.8956289673023,7.548093740005205e+30
535.8396339143621,7.559897313422611e+30
535.7836505619031,7.630490725300964e+30
535.7276789062583,7.658435474245875e+30
535.6717189437626,7.723825387212348e+30
535.6157706707515,7.755597040597344e+30
535.5598340835634,7.80608912061285e+30
535.503909178537,7.756538289458369e+30
535.4479959520131,7.806327157069665e+30
535.392094400334,7.866798952624899e+30
535.3362045198436,7.887216759630778e+30
535.2803263068869,7.95764906768567e+30
535.2244597578109,7.955762176989626e+30
535.1686048689639,7.992776254094264e+30
535.1127616366958,8.019616221433552e+30
535.056930057358,8.046821293506014e+30
535.0011101273035,8.083834385249421e+30
534.9453018428866,8.130416203605996e+30
534.8895052004632,8.131351005160372e+30
534.8337201963909,8.137191232860988e+30
534.7779468270287,8.21645676561996e+30
534.7221850887371,8.250859841007264e+30
534.6664349778782,8.275388605651399e+30
534.6106964908154,8.339711295238927e+30
534.5549696239138,8.354895471288762e+30
534.4992543735401,8.395051970000103e+30
534.4435507360623,8.471378641361933e+30
534.3878587078501,8.465709661509114e+30
534.3321782852746,8.461205617260557e+30
534.2765094647084,8.53861187996379e+30
534.2208522425256,8.603944568728594e+30
534.1652066151019,8.613003753286428e+30
534.1095725788146,8.612202738976882e+30
534.0539501300422,8.674541526344213e+30
533.9983392651649,8.757968570932829e+30
533.9427399805645,8.787490670884525e+30
533.8871522726241,8.798536165222494e+30
533.8315761377285,8.813706024259581e+30
533.7760115722639,8.871551286507129e+30
533.720458572618,8.873756240243969e+30
533.66491713518,8.922562896157458e+30
533.6093872563406,9.025400312540622e+30
533.553868932492,9.024324538576177e+30
533.4983621600281,9.039643151580608e+30
533.442866935344,9.113626358624725e+30
533.3873832548365,9.122811508381837e+30
533.3319111149036,9.197988261653176e+30
533.2764505119454,9.224996257238157e+30
533.2210014423628,9.248066535283132e+30
533.1655639025587,9.265825752860869e+30
533.1101378889372,9.312178604838413e+30
533.054723397904,9.366190253527243e+30
532.9993204258665,9.399462668272767e+30
532.9439289692332,9.45086118792097e+30
532.8885490244143,9.512425050560581e+30
532.8331805878215,9.507814962819484e+30
532.7778236558681,9.572237152519483e+30
532.7224782249688,9.584647191825517e+30
532.6671442915393,9.642721504314292e+30
532.6118218519978,9.66565980822146e+30
532.5565109027631,9.713730689099658e+30
532.501211440256,9.774470261134302e+30
532.4459234608985,9.752589069801915e+30
532.3906469611142,9.826068451613364e+30
532.3353819373282,9.908792758359445e+30
532.2801283859669,9.931780736093604e+30
532.2248863034587,9.959787538468887e+30
532.1696556862328,1.0000712383727306e+31
532.1144365307204,1.0030730248410333e+31
532.0592288333537,1.0072949913465636e+31
532.004032590567,1.010174433732889e+31
531.9488477987957,1.0156412413732772e+31
531.8936744544766,1.0186828353917159e+31
531.8385125540481,1.0196375022728422e+31
531.7833620939501,1.0234784871000802e+31
531.7282230706242,1.0316767222409678e+31
531.6730954805129,1.0324106223415713e+31
531.6179793200606,1.0375941257180355e+31
531.5628745857132,1.041613556730929e+31
531.5077812739179,1.0413781072471065e+31
531.4526993811234,1.0458100030476487e+31
531.3976289037798,1.054348669580705e+31
531.342569838339,1.0573209118623874e+31
531.2875221812541,1.0585574650071166e+31
531.2324859289795,1.0629249973323265e+31
531.1774610779715,1.0675499640108357e+31
531.1224476246877,1.0725225497375215e+31
531.0674455655868,1.0745855318286275e+31
531.0124548971296,1.0841207578431343e+31
530.957475615778,1.0881083630949561e+31
530.9025077179951,1.0893432304125806e+31
530.8475512002464,1.0942576175561634e+31
530.7926060589976,1.0992477200173245e+31
530.7376722907169,1.1052712975472356e+31
530.6827498918734,1.110068265471575e+31
530.6278388589378,1.1117457164943198e+31
530.5729391883825,1.1177994608483562e+31
530.5180508766811,1.125983088790557e+31
530.4631739203085,1.1309518489431082e+31
530.4083083157415,1.137029768252533e+31
530.3534540594579,1.1409172611637811e+31
530.2986111479373,1.1452887393955043e+31
530.2437795776608,1.1482019777139654e+31
530.1889593451106,1.156772308049555e+31
530.1341504467706,1.158397278254116e+31
530.079352879126,1.1664632121882179e+31
530.0245666386637,1.1701285739409337e+31
529.9697917218718,1.177396561453335e+31
529.9150281252402,1.1831915767565646e+31
529.8602758452596,1.1881005543193533e+31
529.8055348784228,1.192362076086302e+31
529.7508052212239,1.197085813030397e+31
529.6960868701583,1.19910725079734e+31
529.6413798217227,1.2067078662870594e+31
529.5866840724157,1.2124116235260756e+31
529.5319996187369,1.2169093919775448e+31
529.4773264571877,1.2234562773056137e+31
529.4226645842708,1.2266429520247671e+31
529.3680139964903,1.2333415349638835e+31
529.3133746903517,1.2396755199192187e+31
529.258746662362,1.2443943437038027e+31
529.2041299090298,1.2478823471935117e+31
529.1495244268649,1.2557979345167221e+31
529.0949302123787,1.2594539182790472e+31
529.040347262084,1.2647893867373272e+31
528.9857755724948,1.2689386558530736e+31
528.931215140127,1.2756972728034822e+31
528.8766659614978,1.278688595144325e+31
528.8221280331254,1.2854617458255936e+31
528.76760135153,1.2885673958793113e+31
528.7130859132329,1.2855626020418686e+31
528.6585817147569,1.2799579461229338e+31
528.6040887526265,1.2665290410779358e+31
528.5496070233671,1.2497387879709578e+31
528.4951365235062,1.2314063218336405e+31
528.440677249572,1.2110294251811644e+31
528.3862291980946,1.1863631549604864e+31
528.3317923656056,1.1710163370556934e+31
528.2773667486376,1.154734117631707e+31
528.2229523437252,1.1414957231853615e+31
528.168549147404,1.1271862813156995e+31
528.1141571562109,1.1083621026464097e+31
528.0597763666847,1.088225002286045e+31
528.0054067753654,1.0696559121726452e+31
527.9510483787943,1.0486536641631417e+31
527.8967011735143,1.0326051832168339e+31
527.8423651560698,1.0118904012802035e+31
527.7880403230063,9.928461873013865e+30
527.733726670871,9.720206127538692e+30
527.6794241962123,9.522561062837104e+30
527.6251328955804,9.337347916408413e+30
527.5708527655264,9.14772706371746e+30
527.5165838026032,8.953544016248418e+30
527.4623260033652,8.78479719405011e+30
527.4080793643678,8.572122736751769e+30
527.3538438821681,8.39611401765757e+30
527.2996195533244,8.194036412256518e+30
527.2454063743969,7.979976317929882e+30
527.1912043419467,7.807581701424407e+30
527.1370134525365,7.625508712832266e+30
527.0828337027306,7.470217615716648e+30
527.0286650890941,7.330021703150398e+30
526.9745076081945,7.194957192383777e+30
526.9203612565997,7.072211195533439e+30
526.8662260308796,6.925792484067849e+30
526.8121019276055,6.812380856357484e+30
526.7579889433498,6.70301118227225e+30
526.7038870746866,6.571357143307872e+30
526.6497963181913,6.44701398713075e+30
526.5957166704407,6.319484358493257e+30
526.5416481280128,6.219679597294241e+30
526.4875906874875,6.083457293202219e+30
526.4335443454456,5.955684380684523e+30
526.3795090984698,5.85319125226799e+30
526.3254849431437,5.714188775836488e+30
526.2714718760525,5.601942976973064e+30
526.217469893783,5.478882422782035e+30
526.163478992923,5.350063902238217e+30
526.1094991700622,5.232210697320874e+30
526.0555304217913,5.121475083174487e+30
526.0015727447026,4.994958166944148e+30
525.9476261353894,4.881011918888964e+30
525.8936905904471,4.767206308282592e+30
525.8397661064721,4.6741215911822426e+30
525.7858526800619,4.580613799202602e+30
525.7319503078161,4.494183871645216e+30
525.678058986335,4.402558805080397e+30
525.6241787122208,4.34608633363775e+30
525.5703094820767,4.252167408756234e+30
525.5164512925077,4.183746303741412e+30
525.4626041401199,4.1023048683653496e+30
525.4087680215208,4.028154782186966e+30
525.3549429333193,3.9526649469793783e+30
525.3011288721259,3.867245821672255e+30
525.2473258345523,3.8057283357721227e+30
525.1935338172117,3.714009654127035e+30
525.1397528167183,3.6465373588081205e+30
525.0859828296884,3.575848881989334e+30
525.032223852739,3.5135861461586917e+30
524.9784758824887,3.439969887031152e+30
524.9247389155579,3.3686976186245827e+30
524.8710129485679,3.2925983304740197e+30
524.8172979781414,3.2308119116813815e+30
524.7635940009026,3.154886030363941e+30
524.7099010134772,3.093171531907889e+30
524.656219012492,3.023007495560984e+30
524.6025479945756,2.9619821758567166e+30
524.5488879563575,2.9422438526157995e+30
524.4952388944689,2.891445772495308e+30
524.4416008055423,2.859878773387353e+30
524.3879736862115,2.8116898448540034e+30
524.3343575331118,2.77748475690601e+30
524.2807523428796,2.7624471234330155e+30
524.2271581121531,2.715105954756712e+30
524.1735748375718,2.671235121507913e+30
524.120002515776,2.665828592585354e+30
524.0664411434082,2.611148118553533e+30
524.0128907171116,2.593038612039486e+30
523.9593512335313,2.552484192267256e+30
523.9058226893134,2.5222320317846264e+30
523.8523050811054,2.4864577631743408e+30
523.7987984055565,2.47201968188938e+30
523.7453026593167,2.4367556984947164e+30
523.6918178390381,2.405505274408807e+30
523.6383439413735,2.3796318798149268e+30
523.5848809629773,2.352522880867959e+30
523.5314289005055,2.3150491481057185e+30
523.4779877506151,2.2952544283591245e+30
523.4245575099648,2.2545273942504847e+30
523.3711381752141,2.2393277148860382e+30
523.3177297430249,2.2065771803402413e+30
523.2643322100593,2.2160576033458776e+30
523.2109455729814,2.1870890912994726e+30
523.1575698284566,2.17947467484283e+30
523.1042049731517,2.1517616593357456e+30
523.0508510037346,2.1524663199431603e+30
522.9975079168748,2.1224166408298396e+30
522.944175709243,2.1299077184192702e+30
522.8908543775116,2.0984939271481696e+30
522.8375439183537,2.095750133514943e+30
522.7842443284444,2.0735546401686572e+30
522.73095560446,2.0729199771424602e+30
522.6776777430778,2.0588533119399317e+30
522.6244107409769,2.055761153979178e+30
522.5711545948375,2.04990858110949e+30
522.5179093013413,2.024499108291899e+30
522.4646748571712,2.01896845332101e+30
522.4114512590116,2.0041400750287977e+30
522.3582385035481,2.0046056926496845e+30
522.3050365874678,1.9854315893657547e+30
522.251845507459,1.9938324750938407e+30
522.1986652602116,1.9733636693042162e+30
522.1454958424165,1.9642346413648182e+30
522.0923372507661,1.9529350761283076e+30
522.0391894819544,1.9364088738824626e+30
521.9860525326764,1.9220058402243795e+30
521.9329263996284,1.9230923952329692e+30
521.8798110795084,1.910182003170902e+30
521.8267065690155,1.9126585308592425e+30
521.7736128648502,1.907509530884099e+30
521.7205299637143,1.9070075044246903e+30
521.667457862311,1.895886640599991e+30
521.6143965573449,1.8928900271622828e+30
521.5613460455219,1.8850391535853161e+30
521.5083063235489,1.8919243373758815e+30
521.4552773881348,1.8841508491167468e+30
521.4022592359893,1.8805400698848763e+30
521.3492518638236,1.8790304505598687e+30
521.2962552683503,1.890767931686436e+30
521.2432694462833,1.8706333250465728e+30
521.1902943943378,1.873359117330477e+30
521.1373301092304,1.8758042241830843e+30
521.084376587679,1.8771718265357167e+30
521.0314338264027,1.874480985436331e+30
520.9785018221223,1.866147649026705e+30
520.9255805715595,1.8729083656906843e+30
520.8726700714377,1.879094465316387e+30
520.8197703184813,1.855007619141633e+30
520.7668813094162,1.8765941683389062e+30
520.7140030409698,1.859378745164208e+30
520.6611355098704,1.8700991445339874e+30
520.6082787128481,1.859010436698677e+30
520.555432646634,1.86266039104341e+30
520.5025973079605,1.8610941022567095e+30
520.4497726935618,1.865551390401524e+30
520.3969588001727,1.8702335771829362e+30
520.3441556245301,1.8766000708710838e+30
520.2913631633714,1.865427121333465e+30
520.2385814134362,1.8666187617528983e+30
520.1858103714646,1.8702639966200575e+30
520.1330500341987,1.8776335403600306e+30
520.0803003983815,1.8763990598395725e+30
520.0275614607574,1.877544558084708e+30
519.9748332180723,1.8912420601863765e+30
519.9221156670731,1.8879834177024875e+30
519.8694088045083,1.8954739696288732e+30
519.8167126271277,1.9076585891325607e+30
519.7640271316822,1.9052324897678387e+30
519.7113523149243,1.90739989030503e+30
519.6586881736076,1.8942550837510016e+30
519.6060347044871,1.89580505394838e+30
519.553391904319,1.9038843907003675e+30
519.5007597698611,1.9068009757550462e+30
519.4481382978723,1.9009608635591202e+30
519.3955274851128,1.9177696033295706e+30
519.3429273283441,1.914228205477916e+30
519.2903378243293,1.8837087326566575e+30
519.2377589698323,1.8603005252483577e+30
519.1851907616187,1.8245988805571528e+30
519.1326331964553,1.8014117620028647e+30
519.0800862711103,1.772929341384237e+30
519.0275499823531,1.7487539256068605e+30
518.9750243269543,1.7136838003767067e+30
518.922509301686,1.676613788029591e+30
518.8700049033216,1.6552547178090196e+30
518.8175111286356,1.6231314788092467e+30
518.7650279744041,1.6157793810517657e+30
518.7125554374044,1.6022737039473113e+30
518.6600935144148,1.5847084745833124e+30
518.6076422022155,1.5661099226972837e+30
518.5552014975874,1.5480650895595934e+30
518.5027713973132,1.5524415074567273e+30
518.4503518981763,1.5271449501485197e+30
518.3979429969621,1.5135798281050272e+30
518.345544690457,1.5069034580575776e+30
518.2931569754484,1.504793929379255e+30
518.2407798487255,1.4927219097075933e+30
518.1884133070785,1.4691539666688935e+30
518.1360573472988,1.4594976819223347e+30
518.0837119661795,1.4445909442495863e+30
518.0313771605146,1.4287710128458358e+30
517.9790529270996,1.42652339450449e+30
517.9267392627313,1.4020079696545834e+30
517.8744361642076,1.3878767624954936e+30
517.8221436283279,1.3870079130371578e+30
517.7698616518929,1.3637416877715966e+30
517.7175902317045,1.3539336478423998e+30
517.6653293645658,1.343302398897137e+30
517.6130790472813,1.3339962493592606e+30
517.560839276657,1.3229636351737077e+30
517.5086100494997,1.3175596816817342e+30
517.4563913626179,1.3074246632995518e+30
517.4041832128213,1.3019024238400086e+30
517.3519855969207,1.2965883260457008e+30
517.2997985117285,1.2886258885390997e+30
517.247621954058,1.2893656692076942e+30
517.1954559207243,1.2784514950602513e+30
517.1433004085432,1.2792387714983136e+30
517.0911554143322,1.2748514493929452e+30
517.0390209349099,1.2674146839591154e+30
516.9868969670964,1.2624356171854863e+30
516.9347835077127,1.2646154218935235e+30
516.8826805535813,1.2564884195104222e+30
516.8305881015261,1.245867410490955e+30
516.7785061483722,1.2471109139092372e+30
516.7264346909459,1.2482476344505551e+30
516.6743737260747,1.2566937390609794e+30
516.6223232505877,1.2412760623746917e+30
516.5702832613148,1.2311953733822485e+30
516.5182537550877,1.2247929504888148e+30
516.466234728739,1.2283237715276165e+30
516.4142261791028,1.2122483959689765e+30
516.3622281030142,1.2141815232073205e+30
516.31024049731,1.2189525720231339e+30
516.2582633588279,1.2239727745308688e+30
516.2062966844069,1.2103899732851619e+30
516.1543404708875,1.216814841317293e+30
516.1023947151115,1.2168212424034987e+30
516.0504594139214,1.2124694178786827e+30
515.9985345641619,1.2190008754249394e+30
515.946620162678,1.2083903070425941e+30
515.8947162063166,1.2075597759709202e+30
515.8428226919258,1.2208648063478465e+30
515.7909396163548,1.2178027657340543e+30
515.739066976454,1.2057667521411585e+30
515.6872047690753,1.214246751235181e+30
515.6353529910717,1.2110232977774403e+30
515.5835116392977,1.2174736546948197e+30
515.5316807106088,1.2159302728865683e+30
515.4798602018619,1.2090975294787563e+30
515.428050109915,1.2118992640883771e+30
515.3762504316276,1.2112927534080489e+30
515.3244611638603,1.2215714506476226e+30
515.272682303475,1.2123540752918044e+30
515.2209138473348,1.2031941402743683e+30
515.1691557923044,1.2046838985556681e+30
515.1174081352492,1.2193320653913911e+30
515.0656708730363,1.2185619633282906e+30
515.0139440025339,1.2117993129873623e+30
514.9622275206113,1.2058694154268336e+30
514.9105214241396,1.2163741281160706e+30
514.8588257099904,1.2118603539668061e+30
514.807140375037,1.2247442843194105e+30
514.755465416154,1.2245469535308718e+30
514.7038008302172,1.2286010858719186e+30
514.6521466141036,1.2227135955947596e+30
514.6005027646912,1.2252270520670726e+30
514.5488692788598,1.2253167717064679e+30
514.49724615349,1.2302405740100067e+30
514.4456333854638,1.2347963765446942e+30
514.3940309716646,1.2361638760796126e+30
514.3424389089768,1.2345202893800611e+30
514.2908571942862,1.239544195876232e+30
514.2392858244798,1.2365275976580354e+30
514.1877247964459,1.2380881831679688e+30
514.136174107074,1.252555114671587e+30
514.0846337532548,1.254324391395149e+30
514.0331037318803,1.2401261099978616e+30
513.9815840398438,1.2429743394932006e+30
513.9300746740398,1.2424312808679628e+30
513.878575631364,1.2568372212983102e+30
513.8270869087135,1.2517906603409564e+30
513.7756085029863,1.2551321656154722e+30
513.7241404110821,1.2579130691431918e+30
513.6726826299014,1.2691406460642303e+30
513.6212351563463,1.2584569671683189e+30
513.5697979873199,1.2606343058743624e+30
513.5183711197268,1.2620476354204551e+30
513.4669545504726,1.241906413741659e+30
513.4155482764639,1.2262752589066577e+30
513.3641522946094,1.2048604904822332e+30
513.3127666018182,1.1850275628070356e+30
513.2613911950008,1.164056792752511e+30
513.2100260710694,1.1434828107516331e+30
513.1586712269367,1.1218018353553275e+30
513.1073266595173,1.0995131186074957e+30
513.0559923657269,1.0767599198498714e+30
513.0046683424819,1.0576395964388116e+30
512.9533545867007,1.0323501096931076e+30
512.9020510953023,1.0205228604838313e+30
512.8507578652075,9.9789430470582e+29
512.7994748933377,9.76402895453021e+29
512.7482021766161,9.544575290186967e+29
512.6969397119668,9.307803021918541e+29
512.6456874963154,9.15045203510159e+29
512.5944455265883,8.919126944517272e+29
512.5432137997135,8.70032375302888e+29
512.4919923126201,8.476147632189172e+29
512.4407810622384,8.362189573793824e+29
512.3895800455002,8.257610908203046e+29
512.338389259338,8.182247824098919e+29
512.2872087006859,8.167034336950162e+29
512.2360383664793,8.081883417251294e+29
512.1848782536543,8.011105980587224e+29
512.1337283591491,7.910894927866377e+29
512.0825886799023,7.850123497579811e+29
512.031459212854,7.736803301675675e+29
511.98033995494575,7.68279149002671e+29
511.9292309031199,7.642723047179722e+29
511.8781320543205,7.555537346939427e+29
511.8270434054924,7.525455485703905e+29
511.77596495358193,7.414136997500775e+29
511.7248966955365,7.328495271881757e+29
511.67383862830474,7.224671400112612e+29
511.6227907488367,7.170004761816103e+29
511.57175305408333,7.165584340604805e+29
511.5207255409971,7.042865278106179e+29
511.4697082065315,6.981136135481936e+29
511.4187010476412,6.873259802727408e+29
511.3677040612823,6.789630017522956e+29
511.3167172444119,6.717790296409307e+29
511.26574059398854,6.60141128961448e+29
511.21477410697173,6.59879603291857e+29
511.16381778032223,6.613081743605315e+29
511.1128716110022,6.663937574104246e+29
511.0619355959749,6.66668556983308e+29
511.0110097322047,6.70445598638642e+29
510.9600940166573,6.673596206288727e+29
510.9091884462996,6.674886589661775e+29
510.85829301809974,6.685116002471293e+29
510.80740772902686,6.682375916280657e+29
510.7565325760516,6.670732984185635e+29
510.7056675561457,6.663026349498574e+29
510.65481266628194,6.674852860322016e+29
510.6039679034346,6.686064630641047e+29
510.55313326457883,6.653894702238644e+29
510.5023087466913,6.766650257961841e+29
510.45149434674966,6.766471362967169e+29
510.400690061733,6.771988953806678e+29
510.34989588862123,6.727630110426662e+29
510.2991118243959,6.7368603093674e+29
510.2483378660394,6.737890944315797e+29
510.19757401053556,6.722383149943004e+29
510.14682025486934,6.762675865684827e+29
510.0960765960269,6.724582544772242e+29
510.0453430309954,6.727214582914718e+29
509.99461955676367,6.724490635106755e+29
509.9439061703212,6.811126271196218e+29
509.8932028686591,6.823745769336587e+29
509.84250964876946,6.827263766232622e+29
509.79182650764557,6.848264335312374e+29
509.74115344228204,6.86499158271828e+29
509.6904904496744,6.840817620762887e+29
509.6398375268198,6.848693494359597e+29
509.58919467071615,6.8292804198659e+29
509.538561878363,6.833355906563002e+29
509.48793914676054,6.855715942556245e+29
509.4373264729106,6.871362136580341e+29
509.38672385381614,6.93790915636892e+29
509.3361312864812,6.940257602298775e+29
509.28554876791094,6.952376419628768e+29
509.23497629511184,6.97709782516804e+29
509.1844138650916,6.956887351232955e+29
509.1338614748589,6.970149468528917e+29
509.083319121424,6.971989301401039e+29
509.0327868017979,6.990718048361968e+29
508.9822645129931,7.063514474230559e+29
508.931752252023,7.076298893387452e+29
508.8812500159025,7.065851077178387e+29
508.83075780164756,7.037065444987978e+29
508.78027560627527,7.065829449916447e+29
508.7298034268039,7.052802732230928e+29
508.67934126025307,7.074801809411535e+29
508.6288891036433,7.121098940443738e+29
508.57844695399655,7.128496411249544e+29
508.5280148083358,7.098168453518477e+29
508.4775926636853,7.087042892962412e+29
508.4271805170704,7.091822003997759e+29
508.3767783655178,7.09085544478205e+29
508.3263862060552,7.162749407712023e+29
508.2760040357115,7.129444104708589e+29
508.22563185151677,7.143218661262109e+29
508.17526965050246,7.122099249811301e+29
508.1249174297009,7.132611628946281e+29
508.0745751861458,7.215364352907057e+29
508.02424291687197,7.177547691961117e+29
507.97392061891543,7.158906498767661e+29
507.9236082893133,7.164173054678339e+29
507.8733059251039,7.120717649541406e+29
507.82301352332684,7.147390339853667e+29
507.77273108102276,7.15666082664303e+29
507.7224585952335,7.154263500061414e+29
507.6721960630021,7.170363745941335e+29
507.6219434813728,7.208426074368515e+29
507.57170084739096,7.207681985596646e+29
507.52146815810306,7.200268790501174e+29
507.4712454105569,7.198561470575362e+29
507.4210326018013,7.261420115613542e+29
507.3708297288864,7.254494546074412e+29
507.3206367888633,7.221785170979192e+29
507.27045377878443,7.204718947115735e+29
507.2202806957033,7.276563999644883e+29
507.1701175366747,7.265569516240366e+29
507.1199642987545,7.293673027498305e+29
507.0698209789997,7.2232683295773e+29
507.0196875744685,7.33342447400537e+29
506.96956408222036,7.372045894950195e+29
506.91945049931564,7.286775129931332e+29
506.8693468228162,7.353845166230612e+29
506.8192530497849,7.357327751535623e+29
506.7691691772856,7.371263448965736e+29
506.71909520238364,7.406951431371517e+29
506.6690311221452,7.423347615998766e+29
506.61897693363795,7.360280437529632e+29
506.5689326339305,7.386763431005209e+29
506.5188982200926,7.448000076368317e+29
506.4688736891952,7.411424607672881e+29
506.4188590383106,7.413410335430118e+29
506.36885426451187,7.477294718854643e+29
506.31885936487356,7.459423335218573e+29
506.26887433647136,7.439760159023106e+29
506.21889917638185,7.504467373025226e+29
506.168933881683,7.491355186779588e+29
506.11897844945383,7.565811467476809e+29
506.0690328767747,7.497556714949767e+29
506.01909716072686,7.52045734369193e+29
505.9691712983928,7.590196815963615e+29
505.91925528685624,7.618921992459616e+29
505.8693491232019,7.595219274110783e+29
505.81945280451595,7.587372461945933e+29
505.76956632788534,7.602081085874474e+29
505.7196896903984,7.667611808290042e+29
505.66982288914454,7.63565400119166e+29
505.61996592121426,7.672628866588587e+29
505.5701187836994,7.661950248577967e+29
505.52028147369276,7.684527270713801e+29
505.4704539882882,7.736775802407913e+29
505.4206363245811,7.750850996112946e+29
505.37082847966764,7.771370508689935e+29
505.32103045064525,7.771513346019208e+29
505.2712422346126,7.758401887344001e+29
505.2214638286693,7.788926751025011e+29
505.1716952299163,7.724486352750533e+29
505.1219364354555,7.801709930258752e+29
505.0721874423902,7.77974534944759e+29
505.0224482478246,7.785044505525358e+29
504.9727188488642,7.792460361869585e+29
504.9229992426155,7.845625003307653e+29
504.87328942618626,7.874553004579555e+29
504.82358939668535,7.861883925499225e+29
504.7738991512227,7.870333143157366e+29
504.7242186869094,7.90128087323695e+29
504.67454800085795,7.859284675535878e+29
504.6248870901815,7.905008270491504e+29
504.5752359519947,7.916715200279197e+29
504.5255945834132,7.88058498279516e+29
504.47596298155383,7.940805543602624e+29
504.4263411435345,7.977627539234371e+29
504.37672906647435,7.933426158825323e+29
504.3271267474935,7.986594588566343e+29
504.2775341837133,8.016810409452912e+29
504.2279513722563,8.003105311467283e+29
504.17837831024616,8.047635369898779e+29
504.1288149948075,8.065183150763785e+29
504.07926142306616,8.072085440394255e+29
504.0297175921492,8.085182577640758e+29
503.98018349918476,8.110926603470058e+29
503.93065914130216,8.106082887416076e+29
503.88114451563166,8.14111707272417e+29
503.8316396193048,8.137082826815495e+29
503.7821444494543,8.13218274399439e+29
503.7326590032138,8.182254702820171e+29
503.6831832777183,8.187123388073055e+29
503.6337172701038,8.187697254122445e+29
503.58426097750737,8.202912654067536e+29
503.5348143970674,8.256978946039203e+29
503.48537752592324,8.190265548632777e+29
503.4359503612153,8.049355384610482e+29
503.3865329000853,8.012073135051446e+29
503.33712513967606,7.899447989685244e+29
503.28772707713136,7.908787943635415e+29
503.23833870959623,7.859484562944578e+29
503.1889600342168,7.802807107565742e+29
503.1395910481404,7.738010686034235e+29
503.0902317485153,7.758873972365491e+29
503.04088213249094,7.629907345208458e+29
502.99154219721794,7.625166300949356e+29
502.9422119398481,7.625749907735592e+29
502.8928913575342,7.570573075317713e+29
502.8435804474302,7.50870732534751e+29
502.79427920669116,7.454098426547516e+29
502.7449876324733,7.438125050590672e+29
502.69570572193385,7.40533605220745e+29
502.6464334722313,7.38176837535564e+29
502.59717088052514,7.263044432756582e+29
502.54791794397596,7.224469274016597e+29
502.4986746597456,7.20729916801669e+29
502.4494410249969,7.154903802557992e+29
502.40021703689376,7.15913265292036e+29
502.35100269260136,7.046158498609932e+29
502.3017979892859,7.041349864949158e+29
502.2526029241146,6.974089064320604e+29
502.20341749425603,6.982164740876909e+29
502.1542416968796,6.937814975393216e+29
502.105075529156,6.94165344298673e+29
502.0559189882569,6.893934801412865e+29
502.0067720713553,6.863918409493315e+29
501.95763477562497,6.829731350814383e+29
501.90850709824105,6.783183731525712e+29
501.85938903637975,6.811584929098504e+29
501.8102805872184,6.763040380562542e+29
501.7611817479352,6.745270004732081e+29
501.71209251570986,6.748667749863441e+29
501.66301288772274,6.712570001989304e+29
501.6139428611558,6.65925410897817e+29
501.5648824331916,6.68610219927177e+29
501.5158316010141,6.639123784275113e+29
501.4667903618083,6.581754034816517e+29
501.4177587127603,6.600459922454826e+29
501.36873665105736,6.54712061255171e+29
501.3197241738878,6.497355970316366e+29
501.2707212784408,6.523158643837728e+29
501.2217279619071,6.474714377255547e+29
501.17274422147824,6.446998477810141e+29
501.12377005434683,6.452137281922224e+29
501.07480545770676,6.412869857053342e+29
501.0258504287529,6.448674228505267e+29
500.9769049646811,6.405387679207192e+29
500.92796906268865,6.457911840410718e+29
500.87904271997354,6.425414079523296e+29
500.83012593373513,6.416278465463768e+29
500.7812187011738,6.399130611901916e+29
500.73232101949094,6.420857053202615e+29
500.6834328858892,6.44852751741156e+29
500.63455429757215,6.426844050797842e+29
500.5856852517445,6.419738592045266e+29
500.53682574561213,6.396972461967404e+29
500.487975776382,6.452324658594435e+29
500.43913534126193,6.44939491690244e+29
500.3903044374612,6.416566862480722e+29
500.3414830621899,6.395480867877332e+29
500.2926712126594,6.426946922934508e+29
500.24386888608194,6.392742730833825e+29
500.195076079671,6.432507507200561e+29
500.14629279064127,6.462996535867525e+29
500.09751901620814,6.42654268769871e+29
500.04875475358847,6.406539737851006e+29
