wavelength,luminosity
20000.0,2.0837103029050214e+37
19922.303018228908,2.1123911521545513e+37
19845.207382417146,2.1422825747029186e+37
19768.706138183254,2.1686164560955484e+37
19692.792437967706,2.202961987642236e+37
19617.4595389897,2.238012245765405e+37
19542.700801250732,2.2710390759821577e+37
19468.50968558357,2.303089316208183e+37
19394.87975174554,2.3341420687560373e+37
19321.804656554923,2.365403691549145e+37
19249.278152069295,2.3985928512915924e+37
19177.294083804773,2.4328990233887006e+37
19105.846388995033,2.4654383138179316e+37
19034.92909488912,2.4976149521652343e+37
18964.536317087048,2.5256935276742855e+37
18894.66225791214,2.555981678963656e+37
18825.301204819276,2.5825307697272176e+37
18756.447528838038,2.610876893024822e+37
18688.095683049898,2.635805893046284e+37
18620.240201098593,2.6456252032003575e+37
18552.875695732837,2.631267189083194e+37
18485.996857380534,2.620462784355755e+37
18419.59845275373,2.6164274430912195e+37
18353.675323483527,2.6193945286146546e+37
18288.2223847842,2.6253509722829877e+37
18223.234624145785,2.6108805278186207e+37
18158.70710005448,2.5976309107146464e+37
18094.63494074007,2.621046029249814e+37
18031.013342949875,2.7216288784667887e+37
17967.83757074836,2.782375301503196e+37
17905.102954341986,2.803839188156572e+37
17842.80488892854,2.815494762808646e+37
17780.938833570413,2.8297728399224114e+37
17719.500310091258,2.9325237720532137e+37
17658.48490199541,3.024206674583052e+37
17597.88825340959,3.069947303069251e+37
17537.7060680463,3.056333754650487e+37
17477.934108188412,3.0350748568252737e+37
17418.56819369448,3.067803582316099e+37
17359.604201024216,3.1418862844431236e+37
17301.038062283737,3.1843113844263625e+37
17242.865764290025,3.235922917308274e+37
17185.083347654236,3.304652431731179e+37
17127.68690588336,3.3585612390086833e+37
17070.67258449983,3.484101609602314e+37
17014.036580178647,3.6459588972535093e+37
16957.775139901645,3.7459435797782516e+37
16901.884560128452,3.810367164265947e+37
16846.361185983827,3.867771706466954e+37
16791.20141046092,3.9147655917812724e+37
16736.401673640165,3.948848746023044e+37
16681.95846192343,3.981833668019798e+37
16627.868307283006,4.0184324060343925e+37
16574.127786525234,4.0604836552015567e+37
16520.733520568312,4.1039826795278236e+37
16467.682173734047,4.1426039757239266e+37
16414.970453053185,4.1805381891887033e+37
16362.595107584062,4.2189169232108215e+37
16310.55292774425,4.26201344799542e+37
16258.840744654906,4.33254133107317e+37
16207.455429497568,4.40894537995137e+37
16156.393892883107,4.470197822113694e+37
16105.653084232566,4.52371332419736e+37
16055.229991169623,4.573508248766712e+37
16005.121638924456,4.639025329860716e+37
15955.325089748701,4.704086064114397e+37
15905.837442341339,4.768328155782034e+37
15856.655831285181,4.828535043094266e+37
15807.777426493836,4.881173813687519e+37
15759.19943266882,4.93270317154001e+37
15710.919088766692,4.987677917344746e+37
15662.933667475918,5.041570228134274e+37
15615.240474703309,5.099894839344851e+37
15567.836849069823,5.158161341258641e+37
15520.72016141549,5.215068794538738e+37
15473.887814313346,5.273335227666448e+37
15427.337241592102,5.331309904869082e+37
15381.065907867414,5.386671267195324e+37
15335.07130808158,5.440877352452184e+37
15289.350967051449,5.498370143527637e+37
15243.90243902439,5.553433183991747e+37
15198.723307242191,5.611450822587648e+37
15153.811183512653,5.669706021930048e+37
15109.163707788774,5.735252869998678e+37
15064.778547755348,5.794311794329721e+37
15020.65339842283,5.854060720396347e+37
14976.78598172832,5.91418664979089e+37
14933.174046143507,5.974934492703382e+37
14889.815366289458,6.03859616073889e+37
14846.707742558088,6.108203139112741e+37
14803.849000740192,6.179425135430363e+37
14761.2369916599,6.254275689495619e+37
14718.869590815424,6.327140798330546e+37
14676.744698025977,6.393610159385488e+37
14634.860237084737,6.460721818476736e+37
14593.21415541773,6.521052553839664e+37
14551.804423748546,6.580970525648491e+37
14510.629035768701,6.643968680713009e+37
14469.686007813632,6.708315205205928e+37
14428.973378544119,6.770710850017677e+37
14388.489208633096,6.829289681264866e+37
14348.23158045771,6.888999057811572e+37
14308.198597796538,6.950868878323189e+37
14268.388385531856,7.014806687425438e+37
14228.79908935686,7.082280815912501e+37
14189.428875487763,7.149017234307875e+37
14150.275930380643,7.215964744732527e+37
14111.338460452975,7.282609100481914e+37
14072.61469180974,7.349885830921898e+37
14034.10286997404,7.411460448199095e+37
13995.801259622114,7.469249272261121e+37
13957.708144322703,7.533375658657477e+37
13919.821826280626,7.59802596452727e+37
13882.140626084543,7.665266810528317e+37
13844.662882458813,7.7333575075608715e+37
13807.386952019331,7.803270685246658e+37
13770.311209033325,7.871539305218676e+37
13733.434045183,7.924343724279378e+37
13696.75386933297,7.971018638538631e+37
13660.269107301414,8.024270957354474e+37
13623.978201634878,8.075601120612838e+37
13587.879611386645,8.135144422297847e+37
13551.971811898633,8.201559421325798e+37
13516.253294586742,8.269189342049164e+37
13480.722566729579,8.331261755598558e+37
13445.378151260506,8.394866194148372e+37
13410.218586562962,8.456095912600131e+37
13375.242426268976,8.531132908132168e+37
13340.448239060834,8.658024191728915e+37
13305.834608475818,8.793769806587809e+37
13271.400132714003,8.89995826006409e+37
13237.143424449005,8.986892699955107e+37
13203.06311064167,9.062405799595488e+37
13169.157832356621,9.136145838775452e+37
13135.426244581637,9.217186951738062e+37
13101.867016049788,9.30775006753085e+37
13068.478829064297,9.396673240686055e+37
13035.260379326079,9.48233536976774e+37
13002.210375763882,9.567396507441429e+37
12969.327540367032,9.650170599130186e+37
12936.610608020701,9.736993956479212e+37
12904.058326343637,9.828172329164417e+37
12871.669455528383,9.916941448314465e+37
12839.442768183862,1.000652856694505e+38
12807.37704918033,1.0099412787331076e+38
12775.471095496649,1.0193433068113626e+38
12743.723716069837,1.0285791527944069e+38
12712.133731646858,1.0370239332416814e+38
12680.6999746386,1.0453519799295842e+38
12649.42128897603,1.0537265636516315e+38
12618.296529968455,1.0621333622265726e+38
12587.324564163888,1.0715166550609556e+38
12556.504269211451,1.0807989876159784e+38
12525.83453372581,1.0900699286470315e+38
12495.314257153568,1.100045646115781e+38
12464.942349641633,1.1103064645001384e+38
12434.717731907487,1.119275387080779e+38
12404.639335111333,1.1282667567829498e+38
12374.706100730109,1.1373115672706752e+38
12344.916980433307,1.1462499028122714e+38
12315.270935960592,1.1558243629017058e+38
12285.766939001167,1.1653448108228222e+38
12256.403971074888,1.1749357944970695e+38
12227.181023415053,1.1838010142873736e+38
12198.09709685289,1.19234252905937e+38
12169.15120170368,1.201153257300782e+38
12140.342357654488,1.210004985535072e+38
12111.669593653487,1.2192516953083837e+38
12083.13194780087,1.2280396616146113e+38
12054.728467241277,1.23628975068986e+38
12026.458208057727,1.2466166761096786e+38
11998.320235167079,1.2576215860516572e+38
11970.313622216903,1.2679700794425393e+38
11942.437451483847,1.2779588794615073e+38
11914.690813773383,1.2891215813129849e+38
11887.072808320952,1.30000491967004e+38
11859.582542694498,1.3102753219849878e+38
11832.21913269834,1.3204237915237491e+38
11804.981702278363,1.3310886019969103e+38
11777.869383428537,1.3419133406268253e+38
11750.881316098707,1.3526062963119516e+38
11724.016648103641,1.3636828435169446e+38
11697.274535033339,1.3748628892528059e+38
11670.654140164557,1.3852521730972035e+38
11644.154634373546,1.3955410180965174e+38
11617.775196049957,1.405779771796202e+38
11591.51501101194,1.4159890167186392e+38
11565.373272422368,1.4260553012188572e+38
11539.34918070621,1.436743783429252e+38
11513.441943469,1.4476057480767854e+38
11487.650775416429,1.4587869184799302e+38
11461.974898274973,1.4703303513678523e+38
11436.413540713633,1.4822260572625492e+38
11410.965938266676,1.4930070362041756e+38
11385.63133325743,1.5028902797798727e+38
11360.40897472309,1.5128861202207156e+38
11335.298118340514,1.52346226760351e+38
11310.298026352993,1.5342768304936973e+38
11285.407967498026,1.5447018382181196e+38
11260.627216935984,1.554388075004561e+38
11235.955056179775,1.5639395034447602e+38
11211.390773025394,1.573855583453225e+38
11186.933661483388,1.5839927329230637e+38
11162.583021711223,1.5946564100454172e+38
11138.338159946536,1.6049185579392649e+38
11114.198388441235,1.6128595226127928e+38
11090.163025396474,1.6229383987653114e+38
11066.231394898468,1.6355475350704559e+38
11042.402826855125,1.6466384152036533e+38
11018.676656933503,1.6560385743362575e+38
10995.052226498075,1.6658385667798844e+38
10971.528882549783,1.6758493463762256e+38
10948.105977665866,1.6892839879358496e+38
10924.78286994046,1.7030869929658117e+38
10901.558922925979,1.71559648968428e+38
10878.433505575198,1.7272557755200317e+38
10855.405992184109,1.7380223620372587e+38
10832.475762335482,1.7481088345683857e+38
10809.642200843153,1.7606955149531272e+38
10786.904697696997,1.7778591553031067e+38
10764.262648008611,1.7933118793788836e+38
10741.715451957678,1.8073879619716558e+38
10719.262514738984,1.8210764856871434e+38
10696.903246510135,1.834536280216431e+38
10674.63706233988,1.8470515113466236e+38
10652.463382157124,1.8594710597231055e+38
10630.381630700542,1.872716788125603e+38
10608.391237468839,1.8860999847341564e+38
10586.491636671606,1.899360361445371e+38
10564.682267180815,1.9123562425011586e+38
10542.96257248287,1.92471781712375e+38
10521.33200063128,1.9368914387872745e+38
10499.790004199916,1.9492620772145158e+38
10478.33604023681,1.9613848390329927e+38
10456.96957021855,1.9750667164533307e+38
10435.690060005218,1.989333740401851e+38
10414.496979795875,2.0032247969030262e+38
10393.389804084602,2.016946385567361e+38
10372.36801161705,2.030892429117532e+38
10351.431085347549,2.044680019106618e+38
10330.578512396694,2.0582175629763294e+38
10309.809784009485,2.0710413642771064e+38
10289.124395513942,2.0838628476351527e+38
10268.52184628023,2.0964854920086884e+38
10248.001639680264,2.1091068390325032e+38
10227.563283047815,2.1229266004477165e+38
10207.206287639074,2.137624800864515e+38
10186.930168593695,2.152265253376591e+38
10166.7344448963,2.166520662723507e+38
10146.618639338441,2.180871242572371e+38
10126.582278481013,2.1946097210236914e+38
10106.62489261711,2.2083664798350763e+38
10086.746015735325,2.2219287503588224e+38
10066.945185483466,2.2345725966261958e+38
10047.221943132723,2.247859415176866e+38
10027.57583354224,2.26124184946985e+38
10008.006405124099,2.2736513140675714e+38
9988.513209808722,2.2850974430424366e+38
9969.095803010667,2.2959465714327346e+38
9949.753743594847,2.3068572130001777e+38
9930.486593843098,2.3180458017783035e+38
9911.293919421181,2.3286770445611637e+38
9892.175289346129,2.3391440964194987e+38
9873.130275953992,2.3493338086120985e+38
9854.158454867955,2.359467465358905e+38
9835.259404966806,2.3704802995139e+38
9816.432708353785,2.3810177132435415e+38
9797.677950325773,2.3906950019812962e+38
9778.99471934285,2.4000687439172447e+38
9760.382606998195,2.395824333720525e+38
9741.84120798831,2.3865093049421453e+38
9723.370120083622,2.3752056918172325e+38
9704.968944099379,2.3676024862065406e+38
9686.637283866905,2.3604613586365323e+38
9668.374746205162,2.352996145250283e+38
9650.180940892642,2.352598112591035e+38
9632.055480639568,2.351368258857507e+38
9613.997981060424,2.355415704748691e+38
9596.008060646773,2.3606250348633534e+38
9578.085340740385,2.3705767289988445e+38
9560.229445506693,2.3784327954339076e+38
9542.44000190849,2.3905167417145123e+38
9524.71663967997,2.4022936079531015e+38
9507.05899130104,2.4168093389629006e+38
9489.466691971911,2.4338573352228347e+38
9471.939379587971,2.5344915483614876e+38
9454.476694714947,2.6233501128046032e+38
9437.078280564338,2.6903125693370056e+38
9419.743782969103,2.7392447244470553e+38
9402.472850359645,2.7758063340089373e+38
9385.265133740028,2.803318563859198e+38
9368.120286664482,2.8267863975506297e+38
9351.037965214138,2.8473898298519654e+38
9334.017827974052,2.8663647872801127e+38
9317.059536010434,2.884148579200387e+38
9300.162752848175,2.9009380526419506e+38
9283.32714444857,2.9175892138651957e+38
9266.552379187324,2.9337704814619313e+38
9249.838127832763,2.948870620206584e+38
9233.184063524306,2.9639449730785085e+38
9216.589861751152,2.9793956771279526e+38
9200.055200331202,2.9946519979383987e+38
9183.57975939021,3.009217768330199e+38
9167.163221341156,3.0228699259453088e+38
9150.805270863837,3.0366194226355604e+38
9134.505594884677,3.0485103862872657e+38
9118.263882556761,3.0551092461160167e+38
9102.079825240067,3.053728777749564e+38
9085.953116481918,3.045786376194145e+38
9069.883451997643,3.036822694397307e+38
9053.870529651425,3.02762080019682e+38
9037.91404943739,3.023953463175883e+38
9022.013713460845,3.020189047486709e+38
9006.169225919755,3.0207121179878248e+38
8990.380293086399,3.023812478417583e+38
8974.646623289209,3.026502348221768e+38
8958.967926894822,3.0319405202692698e+38
8943.343916290301,3.0371971640536608e+38
8927.774305865549,3.0476147632444146e+38
8912.2588119959,3.060072686926668e+38
8896.79715302491,3.0724371404902947e+38
8881.389049247302,3.0857320121156496e+38
8866.0342228921,3.1091409402920198e+38
8850.732398105944,3.1402660135756354e+38
8835.483300936561,3.2049214635210973e+38
8820.286659316427,3.289883797845056e+38
8805.142203046578,3.357836876446976e+38
8790.0496637806,3.410754723040516e+38
8775.008775008775,3.4529101582226256e+38
8760.019272042398,3.4869689914896e+38
8745.080891998252,3.5146628070687895e+38
8730.19337378323,3.538997435584714e+38
8715.356458079135,3.562587381898633e+38
8700.56988732762,3.5856302805484234e+38
8685.833405715279,3.6074358821635415e+38
8671.146759158899,3.629452925168727e+38
8656.509695290859,3.651679025337893e+38
8641.92196344467,3.673716186791608e+38
8627.383314640669,3.6948428710694604e+38
8612.893501571853,3.715441314936617e+38
8598.452278589853,3.736545552792274e+38
8584.05940169106,3.757820211211863e+38
8569.714628502872,3.779289979636684e+38
8555.417718270095,3.8008647623022e+38
8541.168431841475,3.8213548816710056e+38
8526.966531656362,3.840586677551035e+38
8512.811781731505,3.8596032245759324e+38
8498.703947647984,3.878490952067338e+38
8484.642796538266,3.897284251687008e+38
8470.628097073397,3.915625121186701e+38
8456.659619450318,3.9338150999385626e+38
8442.73713537929,3.95155110676413e+38
8428.860418071477,3.968862864964005e+38
8415.029242226616,3.983586675076606e+38
8401.243384020836,3.997693716035642e+38
8387.502621094569,4.011619889180054e+38
8373.806732540612,4.025255181438499e+38
8360.15549889228,4.0388722165428e+38
8346.548702111677,4.0516392261637944e+38
8332.986125578102,4.063588447161021e+38
8319.46755407654,4.071200360920807e+38
8305.992773786287,4.077942063538157e+38
8292.561572269675,4.0859344514024226e+38
8279.1737384609,4.097333011562045e+38
8265.829062654984,4.109911166049846e+38
8252.527336496802,4.121616000233729e+38
8239.268352970255,4.133536532285469e+38
8226.051906387529,4.146031231493835e+38
8212.87779237845,4.158875325713923e+38
8199.745807879955,4.172684783510624e+38
8186.655751125665,4.185535275387684e+38
8173.607421635538,4.204610285391828e+38
8160.600620205647,4.227074892525278e+38
8147.635148898032,4.251450720106295e+38
8134.710811030667,4.2752450322367194e+38
8121.827411167513,4.299595054535559e+38
8108.98475510866,4.325544710885073e+38
8096.182649880581,4.352036222071337e+38
8083.420903726457,4.3825517848325345e+38
8070.6993260966065,4.414620280974208e+38
8058.017727639,4.447080937850608e+38
8045.37592018987,4.479306326678743e+38
8032.773716764399,4.5115372372912836e+38
8020.2109315475,4.544492908390198e+38
8007.68737988469,4.577610062020265e+38
7995.202878273038,4.6101669842231e+38
7982.7572443522,4.642626707724257e+38
7970.350296895549,4.675848351588282e+38
7957.98185580137,4.711079530511155e+38
7945.651742084146,4.747986680708813e+38
7933.359777865927,4.783784307020373e+38
7921.105786367778,4.819572698701228e+38
7908.889591901298,4.857293158838742e+38
7896.711019860229,4.8947955175554515e+38
7884.569896712135,4.9323593164026976e+38
7872.46604999016,4.969160097019439e+38
7860.399308284863,5.0056221588392966e+38
7848.369501236119,5.040867617870812e+38
7836.376459525117,5.074573461323124e+38
7824.420014866399,5.10535348981572e+38
7812.500000000001,5.1329979961961304e+38
7800.6162486836465,5.160395716356315e+38
7788.768595685023,5.186600875856432e+38
7776.956876774119,5.211244077763239e+38
7765.18092871564,5.234239630178591e+38
7753.440589261486,5.257286060082294e+38
7741.7356971433,5.281107482471849e+38
7730.066092065088,5.305043582676363e+38
7718.4316146958945,5.328251787720362e+38
7706.832106662557,5.3508176697028076e+38
7695.267410542517,5.373011658893915e+38
7683.737369856699,5.394656727663754e+38
7672.241829062453,5.414684490757296e+38
7660.780633546559,5.4095363570635214e+38
7649.353629618298,5.3898258852574595e+38
7637.960664502579,5.363976662417666e+38
7626.60158633313,5.333103458720647e+38
7615.276244145758,5.3032691473548816e+38
7603.984487871646,5.269770421968488e+38
7592.72616833074,5.230536147133752e+38
7581.501137225171,5.197026967864965e+38
7570.309247132746,5.161373840105472e+38
7559.150351500492,5.122406214151785e+38
7548.024304638262,5.089507370246966e+38
7536.930961712392,5.053346732047256e+38
7525.8701787394175,5.0201378710653035e+38
7514.841812579846,4.990461120680881e+38
7503.845720931979,4.960798016004579e+38
7492.881762325792,4.936464905048451e+38
7481.949796116869,4.911591602474279e+38
7471.0496824803895,4.891783349009171e+38
7460.181282405163,4.873333627550305e+38
7449.344457687725,4.859752153849064e+38
7438.539070926471,4.919902387461957e+38
7427.764985515859,5.002312283309475e+38
7417.022065640646,5.095697664351027e+38
7406.310176270184,5.18525077544817e+38
7395.629183152757,5.275673464306791e+38
7384.9789528099855,5.360519565895508e+38
7374.35935253125,5.44430558502962e+38
7363.770250368189,5.525357825069497e+38
7353.211515129234,5.597685162516204e+38
7342.683016374184,5.6659133749454806e+38
7332.184624408843,5.7306687627258774e+38
7321.71621027969,5.791631093179455e+38
7311.277645768599,5.849379080713098e+38
7300.868803387603,5.89949460387552e+38
7290.489556373712,5.9460677543991905e+38
7280.1397786837515,5.9884399443198334e+38
7269.819344989278,6.02659587205717e+38
7259.528130671507,6.0620464956395346e+38
7249.266011816305,6.093606556223741e+38
7239.032865209209,6.120626994361467e+38
7228.828568330503,6.1459008260744275e+38
7218.652999350322,6.168775526081538e+38
7208.506037123808,6.191702887944184e+38
7198.387561186295,6.216259519359437e+38
7188.2974517485545,6.241900573626834e+38
7178.2355896920535,6.266095334391645e+38
7168.201856564282,6.287336803596992e+38
7158.196134574087,6.306835193924205e+38
7148.218306587084,6.324491021170736e+38
7138.268256121066,6.319549541936251e+38
7128.345867341483,6.252261311223276e+38
7118.451025056948,6.1576786438225056e+38
7108.583614714769,6.056795651703565e+38
7098.743522396537,5.943478058922221e+38
7088.930634813739,5.8235170925803205e+38
7079.144839303413,5.694390455487328e+38
7069.386023823831,5.5585409577368106e+38
7059.65407695023,5.404892519779087e+38
7049.948887870563,5.259742997376635e+38
7040.270346381302,5.108777777919564e+38
7030.618342883256,4.960387159638204e+38
7020.9927683774495,4.8212607130598145e+38
7011.393514461,4.6738850697023405e+38
7001.820473323064,4.553449128527163e+38
6992.273537740797,4.436668812351395e+38
6982.752601075345,4.329227629557809e+38
6973.257557267878,4.243648713220361e+38
6963.788300835656,4.170848309031772e+38
6954.344726868112,4.103518066222406e+38
6944.926731022989,4.05452235933722e+38
6935.53420952249,4.02259860878215e+38
6926.167059149468,4.183718037022852e+38
6916.825177243645,4.4183892604336086e+38
6907.508461697866,4.730761854926554e+38
6898.216810954369,5.069737241928056e+38
6888.950124001103,5.43304030479935e+38
6879.708300368065,5.7896161788316214e+38
6870.491240123669,6.130084908565523e+38
6861.298843871145,6.408545350810193e+38
6852.131012744964,6.654038025235615e+38
6842.987648407296,6.835080257943328e+38
6833.868653044489,6.991708143328994e+38
6824.7739293635905,7.116498738182356e+38
6815.703380588878,7.230459806506216e+38
6806.65691045843,7.351459464516712e+38
6797.634423220719,7.456110794965135e+38
6788.635823631242,7.554408575101777e+38
6779.661016949153,7.642916399432943e+38
6770.709908933953,7.727766749374274e+38
6761.782405842181,7.810213394980616e+38
6752.878414424149,7.891358908678818e+38
6743.997841920692,7.975591392596945e+38
6735.140596059943,8.061929074601653e+38
6726.306585054148,8.148290367183225e+38
6717.49571759648,8.235403376749037e+38
6708.70790285791,8.325271142313427e+38
6699.943050484071,8.413450251007457e+38
6691.201070592172,8.497706823088288e+38
6682.481873767918,8.575267697570456e+38
6673.785371062468,8.654194506475671e+38
6665.111473989403,8.735217071106799e+38
6656.460094521734,8.816880295190618e+38
6647.831145088916,8.893579696614404e+38
6639.224538573895,8.968798099483755e+38
6630.640188310182,9.037414589382617e+38
6622.078008078935,9.101746440870948e+38
6613.537912106081,9.163738295907925e+38
6605.019815059446,9.223331124227122e+38
6596.523632045913,9.275371704609536e+38
6588.049278608604,9.322178053114463e+38
6579.596670724085,9.36208672946996e+38
6571.16572479958,9.402966261557997e+38
6562.756357670222,9.444680899749835e+38
6554.368486596317,9.486131978975464e+38
6546.00202926063,9.527893417180994e+38
6537.656903765691,9.57048685311282e+38
6529.333028631126,9.613030099643631e+38
6521.030322791002,9.65628960968415e+38
6512.748705591196,9.700218321551323e+38
6504.488096786783,9.746869038374687e+38
6496.248416539449,9.802535023804791e+38
6488.02958541491,9.805298513877843e+38
6479.831524380366,9.770982165322359e+38
6471.654154801968,9.681590266463804e+38
6463.497398442298,9.564079899429445e+38
6455.361177457879,9.439060830456782e+38
6447.2454143967,9.290893133929167e+38
6439.15003219575,9.12333951133095e+38
6431.074954178592,8.957428890874065e+38
6423.020104052926,8.764068357674294e+38
6414.985405908202,8.560495456332453e+38
6406.970784213225,8.333487548095392e+38
6398.976163813791,8.100486731937455e+38
6391.001469930338,7.851314992306623e+38
6383.046628155619,7.593864957942293e+38
6375.111564452378,7.331811029898522e+38
6367.196205151063,7.063836350725262e+38
6359.3004769475365,6.7965971447932914e+38
6351.4243069008235,6.52597497874382e+38
6343.567622430856,6.2779067225459214e+38
6335.730351316249,6.031676980471703e+38
6327.9124216920845,5.800454246819458e+38
6320.113762047717,5.5911952952182065e+38
6312.334301224594,5.3906456158019824e+38
6304.573968414085,5.255553314042495e+38
6296.832693155343,5.24714459070942e+38
6289.110405333166,5.290895693361222e+38
6281.407035175879,5.417938765591661e+38
6273.722513253239,5.5962537535795114e+38
6266.056770474341,5.8264094288605474e+38
6258.409738085553,6.1153076475907734e+38
6250.781347668459,6.434752660966984e+38
6243.171531137818,6.792432349993552e+38
6235.58022073954,7.166223994632746e+38
6228.007349048672,7.523805807098797e+38
6220.452848967405,7.860909211530262e+38
6212.916653723091,8.14874520159754e+38
6205.398696866274,8.405811711064993e+38
6197.898912268741,8.602947551415013e+38
6190.41723412158,8.77520877618231e+38
6182.9535969332555,8.928617350792465e+38
6175.507935527697,9.067320623224997e+38
6168.080185042407,9.167330123292365e+38
6160.670280926565,9.256922150010312e+38
6153.278158939175,9.32216535328748e+38
6145.903755147195,9.379860662397625e+38
6138.547005923698,9.422355532276044e+38
6131.207847946046,9.462285407733522e+38
6123.886218194066,9.495364449981137e+38
6116.582053948255,9.527179505471379e+38
6109.295292787977,9.554920349405032e+38
6102.0258725897,9.583508569818721e+38
6094.773731525217,9.611546714531171e+38
6087.538808059901,9.638455387723275e+38
6080.321040950963,9.665551717735248e+38
6073.120369245718,9.69867836221453e+38
6065.936732279883,9.727679750677586e+38
6058.770069675857,9.754517040258107e+38
6051.620321341039,9.781482666712695e+38
6044.4874274661515,9.809319253205215e+38
6037.371328523562,9.840883673807392e+38
6030.271965265634,9.877257658540222e+38
6023.189278723084,9.914033694844653e+38
6016.123210203345,9.953977808737628e+38
6009.073701288947,9.99292380739271e+38
6002.040693835905,1.0032949181225163e+39
5995.024129972123,1.0074000798508278e+39
5988.023952095809,1.0116182137094104e+39
5981.040102873891,1.0159202218476807e+39
5974.072525240456,1.0201659369895462e+39
5967.121162395203,1.0244527344736628e+39
5960.185957801884,1.0287004986826848e+39
5953.266855186784,1.0328767734423857e+39
5946.363798537194,1.0368219904335413e+39
5939.476732099903,1.0406626041595923e+39
5932.6056003796875,1.0444607663692563e+39
5925.7503481378335,1.0480309942203115e+39
5918.910920390648,1.0514367664646421e+39
5912.087262407993,1.0547921245316823e+39
5905.279319711823,1.0580203819845693e+39
5898.487038074734,1.061395099714263e+39
5891.71036351853,1.0653184910878318e+39
5884.949242312785,1.0708487023585144e+39
5878.2036209734315,1.0762110481041574e+39
5871.473446261339,1.08086138219782e+39
5864.758665180928,1.085247961025056e+39
5858.059224978765,1.0891929239400911e+39
5851.375073142189,1.0929990102376288e+39
5844.706157397937,1.0964848014760808e+39
5838.052425710783,1.0998416485954051e+39
5831.4138262821825,1.1031102920822759e+39
5824.790307548929,1.1063854256352215e+39
5818.181818181818,1.1096716919745113e+39
5811.5883070843265,1.112228984500518e+39
5805.0097233912875,1.1122924264753255e+39
5798.4460164675875,1.1120856053345033e+39
5791.897135906866,1.1115980794474889e+39
5785.363031530229,1.1108079161074924e+39
5778.843653384958,1.109460108580402e+39
5772.338951743246,1.109416378357052e+39
5765.8488771009315,1.1097564572992639e+39
5759.373380176236,1.1098491519850878e+39
5752.912411908529,1.109584604448541e+39
5746.465923457074,1.1106181242396625e+39
5740.033866199811,1.1118241415421593e+39
5733.616191732126,1.11319752272777e+39
5727.212851865639,1.1145702898062575e+39
5720.823798627002,1.1164961215951174e+39
5714.448984256694,1.118838305121097e+39
5708.088361207831,1.1208108742933231e+39
5701.7418821449955,1.1232236480522834e+39
5695.409499943046,1.1259791701717794e+39
5689.091167685962,1.1285806001497829e+39
5682.786838665682,1.1315001923665698e+39
5676.49646638095,1.134535380276814e+39
5670.220004536176,1.1374469317745528e+39
5663.9574070403,1.1406774623234524e+39
5657.708628005658,1.1440441870684298e+39
5651.473621746871,1.1472788461723772e+39
5645.252342779723,1.1505245183541165e+39
5639.044745820058,1.161772129928208e+39
5632.850785782685,1.1765801036235864e+39
5626.6704177802785,1.1898658821214764e+39
5620.503597122302,1.2021569879632251e+39
5614.350279313927,1.212865856972492e+39
5608.21042005496,1.2221484465625924e+39
5602.083975238789,1.2303487133460685e+39
5595.970900951316,1.2373014096369194e+39
5589.871153469913,1.2435250268810711e+39
5583.784689262382,1.2481474111099488e+39
5577.711464985917,1.2518985518543054e+39
5571.651437486071,1.2548613322095685e+39
5565.604563795742,1.2568460507504174e+39
5559.570801134153,1.2574216050252545e+39
5553.55010690584,1.2572570598395568e+39
5547.5424386996565,1.256819867787253e+39
5541.5477542877725,1.2559631052687581e+39
5535.566011624688,1.2544886080702863e+39
5529.59716884625,1.2523551360645826e+39
5523.641184268669,1.2493245396776679e+39
5517.698016387563,1.2459064671437531e+39
5511.767623876978,1.2422441516050516e+39
5505.849965588438,1.2382484729485978e+39
5499.945000549994,1.2342749791124782e+39
5494.052687965278,1.2302409707736936e+39
5488.172987212558,1.2260308374638203e+39
5482.3058578438095,1.221212457942076e+39
5476.45125958379,1.2162135939691309e+39
5470.6091523291125,1.2110810208938553e+39
5464.77949614733,1.2054551604119462e+39
5458.962251276033,1.2000742794454003e+39
5453.157378121933,1.193961140083658e+39
5447.364837259976,1.1880864759598967e+39
5441.584589432443,1.1823750032340329e+39
5435.816595548066,1.1765970628314878e+39
5430.060816681147,1.1702644044521934e+39
5424.317214070679,1.166159197749186e+39
5418.58574911948,1.1645162896773879e+39
5412.866383393327,1.1634486916229133e+39
5407.159078620093,1.1637890639279955e+39
5401.463796688903,1.1660201930961707e+39
5395.780499649274,1.1699764424383772e+39
5390.109149710282,1.1741829793295893e+39
5384.449709239716,1.1781148529815329e+39
5378.802140763251,1.1824636105913301e+39
5373.166406963624,1.1867732029625361e+39
5367.542470679799,1.1951133352088053e+39
5361.930294906166,1.2054045307502197e+39
5356.329842791719,1.2156362314859145e+39
5350.7410776392535,1.2246928654910701e+39
5345.163962904562,1.2332280592959763e+39
5339.598462195643,1.2416470271342268e+39
5334.044539271903,1.2496379689581092e+39
5328.502158043375,1.2569516508340114e+39
5322.971282569931,1.2646001909714675e+39
5317.451877060513,1.2718112744349135e+39
5311.943905872355,1.278684037847543e+39
5306.447333510215,1.2846045741841166e+39
5300.96212462562,1.2912223914162507e+39
5295.488244016098,1.2983580682509368e+39
5290.025656624434,1.3047413565757354e+39
5284.574327537917,1.3110305264046475e+39
5279.134221987594,1.3170394004495074e+39
5273.705305347537,1.3232378743887701e+39
5268.287543134104,1.3279977762378383e+39
5262.88090100521,1.3322015285043121e+39
5257.4853447596015,1.3359078026428774e+39
5252.100840336135,1.3390794244406526e+39
5246.7273538130585,1.3416451091121441e+39
5241.3648514073075,1.3442005481242708e+39
5236.0132994737805,1.3468496463976417e+39
5230.672664504656,1.3493893733793546e+39
5225.342913128675,1.3517406049149864e+39
5220.024012110455,1.3569302734730769e+39
5214.715928349803,1.3622872571331335e+39
5209.418628881018,1.367838303169661e+39
5204.132080872213,1.37348533491972e+39
5198.856251624643,1.3814285819405747e+39
5193.591108572022,1.3899852351157796e+39
5188.336619279859,1.39857425973786e+39
5183.092751444787,1.406764304019128e+39
5177.859472893906,1.4148164978253765e+39
5172.63675158412,1.422372320529271e+39
5167.4245556014885,1.429987657952898e+39
5162.222853160571,1.4372658457745286e+39
5157.031612603785,1.4444106783376167e+39
5151.850802400763,1.4512420424803226e+39
5146.68039114771,1.4578832646234813e+39
5141.520347566776,1.4639640563388868e+39
5136.370640505418,1.4688272876615187e+39
5131.231238935783,1.4734171474009056e+39
5126.102111954071,1.4769339512304462e+39
5120.983228779926,1.480545947880773e+39
5115.874558755819,1.485771873210458e+39
5110.776071346433,1.4915987429334407e+39
5105.6877361380575,1.4973132365576027e+39
5100.609522837979,1.502683837835572e+39
5095.541401273885,1.5081366694934965e+39
5090.483341393266,1.5135743747291822e+39
5085.435313262816,1.5188511070550098e+39
5080.397287067849,1.523253448281382e+39
5075.369233111709,1.5273935688978462e+39
5070.351121815186,1.5303976400486578e+39
5065.342923715936,1.5331086576406532e+39
5060.344609467906,1.534997139056167e+39
5055.356149840757,1.536160149912921e+39
5050.3775157192995,1.536751412224725e+39
5045.408678102926,1.53723775788037e+39
5040.449608105044,1.5377200694628225e+39
5035.500276952515,1.53782591122279e+39
5030.560655985109,1.537943108267223e+39
5025.63071665494,1.537943253018641e+39
5020.71043052592,1.5378827140060514e+39
5015.799769273211,1.5378244816034092e+39
5010.898704682685,1.537579803306213e+39
5006.00720865038,1.537661735723056e+39
5001.125253181966,1.5377837328277223e+39
4996.252810392206,1.5380699404385605e+39
4991.38985250443,1.540125905757412e+39
4986.536351850005,1.5437989225121136e+39
4981.692280867811,1.5482200794979165e+39
4976.857612103718,1.5538091137365818e+39
4972.032318210068,1.559849463071796e+39
4967.216371945162,1.5654320894339485e+39
4962.409746172742,1.5705586802192226e+39
4957.612413861484,1.574831736504569e+39
4952.824348084495,1.5788336069651347e+39
4948.045522018802,1.582603506034057e+39
4943.275908944857,1.5856972948260053e+39
4938.515482246036,1.5887385268734483e+39
4933.764215408146,1.5927071288307842e+39
4929.022082018928,1.5968526586524592e+39
4924.289055767573,1.601991019559692e+39
4919.565110444238,1.6067641646283565e+39
4914.850219939547,1.6118837354574226e+39
4910.1443582441325,1.61756630681257e+39
4905.447499448137,1.6248149783427898e+39
4900.7596177407495,1.6323655156744872e+39
4896.080687409729,1.6400521897912475e+39
4891.410682840932,1.647134179108238e+39
4886.749578517849,1.6543710374550785e+39
4882.097349021139,1.661767498133028e+39
4877.453969028168,1.6693686572210335e+39
4872.819413312543,1.6771345066101875e+39
4868.193656743665,1.6853422485354983e+39
4863.576674286271,1.693597533758662e+39
4858.968440999976,1.701835098032268e+39
4854.368932038836,1.710245400846631e+39
4849.77812265089,1.7188335063100195e+39
4845.195988177722,1.7273457666933138e+39
4840.622504054022,1.7358330775326133e+39
4836.057645807138,1.7454267984709187e+39
4831.50138905665,1.7548025645839858e+39
4826.953709513926,1.7646196372136733e+39
4822.414582981699,1.7744042306394826e+39
4817.883985353633,1.785707919164822e+39
4813.361892613897,1.7981899503011483e+39
4808.84828083674,1.81116836260767e+39
4804.3431261860715,1.8238311624559406e+39
4799.8464049150425,1.8377057450729658e+39
4795.358093365622,1.8519504963997538e+39
4790.878167968189,1.8656881353803724e+39
4786.406605241115,1.8789532911560548e+39
4781.943381790359,1.8918888909496876e+39
4777.488474309055,1.9047793233463508e+39
4773.041859577109,1.9167854248909186e+39
4768.60351446079,1.9283625939322595e+39
4764.173415912339,1.9392979336610087e+39
4759.751540969562,1.94912669669962e+39
4755.337866755433,1.9586094128910175e+39
4750.932370477706,1.967180941501017e+39
4746.535029428517,1.9742267989364745e+39
4742.145820983995,1.9808115079262344e+39
4737.764722603875,1.9869075724946656e+39
4733.391711831113,1.993013874886221e+39
4729.026766291498,1.999143168093746e+39
4724.669863693275,2.005130800090181e+39
4720.320981826764,2.010761239588365e+39
4715.980098563984,2.0173194609642933e+39
4711.647191858274,2.0247943885222743e+39
4707.322239743921,2.0325515513345385e+39
4703.005220335795,2.0402596992550672e+39
4698.696111828967,2.0479717755258415e+39
4694.394892498357,2.055657656524656e+39
4690.101540698356,2.0633584695945608e+39
4685.8160348624715,2.0709095538629228e+39
4681.538353502961,2.0737546274767757e+39
4677.268475210477,2.0700236509417225e+39
4673.006378653707,2.061726763070911e+39
4668.752042579019,2.048423709367467e+39
4664.505445810108,2.0327661973371044e+39
4660.266567247647,2.014310145075438e+39
4656.035385868933,1.9949457287061505e+39
4651.811880727543,1.9734178889789544e+39
4647.59603095299,1.9490402901082757e+39
4643.387815750371,1.92513480099501e+39
4639.187214400037,1.8987779112180736e+39
4634.994206257242,1.8711049569516303e+39
4630.808770751812,1.8409105474076846e+39
4626.630887387804,1.811287378788823e+39
4622.4605357431765,1.7792361944697782e+39
4618.2976954694495,1.74769521291699e+39
4614.142346291383,1.7158685877341044e+39
4609.994468006638,1.685134737942097e+39
4605.8540404854575,1.6518230198121096e+39
4601.721043670333,1.620086090333193e+39
4597.595457575688,1.5895344746819443e+39
4593.477262287552,1.5585920413943596e+39
4589.366437963239,1.528491202359722e+39
4585.262964831033,1.4999374197166094e+39
4581.166823189867,1.470373282341689e+39
4577.077993409008,1.4428373075879452e+39
4572.996455927747,1.4154844806716105e+39
4568.922191255083,1.3884852736874852e+39
4564.855179969416,1.362984575363312e+39
4560.795402718234,1.3386921522214553e+39
4556.742840217812,1.3154468266464735e+39
4552.6974732529025,1.2943756166708624e+39
4548.659282676431,1.2741542872105815e+39
4544.628249409198,1.2713773493059934e+39
4540.604354439576,1.2733371056313025e+39
4536.58757882321,1.2801592588415822e+39
4532.57790368272,1.3002565796021761e+39
4528.575310207409,1.322782271674873e+39
4524.579779652965,1.3523841457672205e+39
4520.591293341169,1.38926880640205e+39
4516.609832659606,1.4282857334053835e+39
4512.635379061372,1.4733239310129208e+39
4508.667914064789,1.5205232075036958e+39
4504.70741925312,1.568914338824077e+39
4500.753876274276,1.615481166808473e+39
4496.807266840543,1.6629407442307488e+39
4492.867572728294,1.704213672371886e+39
4488.934775777708,1.7416232472975465e+39
4485.008857892494,1.776027782215363e+39
4481.089801039612,1.8029181027953855e+39
4477.177587248998,1.8295089303289442e+39
4473.272198613286,1.8516228434483872e+39
4469.373617287537,1.8691807887958695e+39
4465.481825488971,1.886220567769774e+39
4461.596805496687,1.8997869807255468e+39
4457.718539651407,1.9123474163959143e+39
4453.8470103551945,1.9240736468425505e+39
4449.982200071199,1.9360052619036485e+39
4446.124091323389,1.948001907878464e+39
4442.272666696282,1.959686868921167e+39
4438.427908834691,1.9701542569760093e+39
4434.589800443458,1.9800508278427455e+39
4430.7583242872015,1.9872578794262315e+39
4426.933463190048,1.9940607150031286e+39
4423.115200035385,2.0000149378573964e+39
4419.3035177656,2.0048526199311892e+39
4415.4983993818305,2.0096191791121018e+39
4411.699827943707,2.0137872918782626e+39
4407.907786569105,2.0175766912780162e+39
4404.122258433894,2.0212457442143478e+39
4400.343226771688,2.0245524192990977e+39
4396.570674873598,2.0280735155453368e+39
4392.804586087987,2.031455927463027e+39
4389.044943820225,2.0344114947685565e+39
4385.29173153244,2.0372780639280882e+39
4381.544932743285,2.0400144172814078e+39
4377.804531027689,2.0429296840388896e+39
4374.0705100166215,2.046287407946984e+39
4370.342853396849,2.049623279818304e+39
4366.621544910702,2.0527891510598955e+39
4362.906568355839,2.055368512783028e+39
4359.197907585004,2.0586306770750346e+39
4355.495546505804,2.0616633101174987e+39
4351.799469080464,2.0639209092394417e+39
4348.109659325608,2.0651632661478526e+39
4344.426101312017,2.0664637267444823e+39
4340.748779164406,2.0674234447207282e+39
4337.077677061196,2.068044207635745e+39
4333.412779234286,2.0688226151330017e+39
4329.754069968826,2.0702652360286538e+39
4326.101533602993,2.0720648346491417e+39
4322.455154527772,2.0738833670006616e+39
4318.814917186724,2.0756213438556242e+39
4315.180806075775,2.077149566916742e+39
4311.552805742988,2.0786903742535804e+39
4307.930900788351,2.080337474248893e+39
4304.315075863553,2.0815761158577328e+39
4300.70531567177,2.0821342202254943e+39
4297.101604967449,2.0826697108025128e+39
4293.503928556094,2.0830419242779153e+39
4289.912271294052,2.083121042353274e+39
4286.326618088298,2.082505170327768e+39
4282.746953896229,2.081041983080202e+39
4279.173263725448,2.0794829980796257e+39
4275.605532633559,2.078288687536228e+39
4272.043745727956,2.0760965200319026e+39
4268.487888165618,2.0740151176484142e+39
4264.9379451528985,2.071761337262749e+39
4261.393901945326,2.0695968013220596e+39
4257.855743847398,2.067055594748973e+39
4254.323456212376,2.0642917780181446e+39
4250.797024442083,2.0614241589010417e+39
4247.276433986705,2.0585257897072662e+39
4243.761670344594,2.0564579257246688e+39
4240.252719062056,2.054665701413051e+39
4236.749565733169,2.0525682698080703e+39
4233.2521959995765,2.0508106897993596e+39
4229.760595550291,2.0502719781297375e+39
4226.274750121505,2.0510689415261127e+39
4222.794645496389,2.0512559868179858e+39
4219.320267504905,2.0505374955105274e+39
4215.851602023608,2.0491230151356685e+39
4212.388634975463,2.0476760194835946e+39
4208.931352329643,2.0389074652885034e+39
4205.479740101352,2.0223231201114855e+39
4202.033784351626,2.0057801250115505e+39
4198.593471187152,1.988581795487236e+39
4195.158786760079,1.9712936330227247e+39
4191.72971726783,1.9529546082541428e+39
4188.306248952924,1.931430584339396e+39
4184.888368102781,1.9102724499128586e+39
4181.4760610495505,1.8914208179513215e+39
4178.069314169922,1.873309480511406e+39
4174.668113884946,1.852716406957993e+39
4171.272446659853,1.8330489086872166e+39
4167.882299003876,1.8127102948579186e+39
4164.497657470068,1.7936301448146994e+39
4161.118508655127,1.77657580299614e+39
4157.744839199218,1.7617476940150258e+39
4154.3766357858,1.7476126447482573e+39
4151.013885141446,1.7302464009593682e+39
4147.65657403567,1.7156789562583653e+39
4144.304689280756,1.707794595062995e+39
4140.958217731583,1.6970953301427292e+39
4137.6171462854545,1.6851610021240673e+39
4134.281461881925,1.6749098228569603e+39
4130.951151502633,1.6686898489191068e+39
4127.626202171131,1.6640050129862545e+39
4124.306600952715,1.6581456810504044e+39
4120.992334954257,1.6524264723625527e+39
4117.683391324041,1.6479264803019266e+39
4114.379757251594,1.6434338933951538e+39
4111.081419967522,1.6417609756636985e+39
4107.788366743345,1.6400393787004565e+39
4104.500584891333,1.6397349891954533e+39
4101.218061764344,1.6416405677571914e+39
4097.94078475566,1.6440766533350386e+39
4094.6687412988285,1.6471247050288084e+39
4091.4019188675,1.6526338115121142e+39
4088.1403049752666,1.6604053630136687e+39
4084.883887175507,1.7233986674445733e+39
4081.6326530612246,1.788107407843645e+39
4078.3865902648913,1.8544809294745952e+39
4075.1456864582906,1.9209050676263706e+39
4071.9099293523623,1.989510908970678e+39
4068.6793066970463,2.054025598585141e+39
4065.453806281126,2.1103016679518043e+39
4062.2334159320794,2.1678719856885932e+39
4059.0181235159216,2.2171769827415763e+39
4055.8079169370535,2.2572407844940736e+39
4052.602784138113,2.2971781290191886e+39
4049.4027130998174,2.328532116827796e+39
4046.207691840822,2.3531153255368736e+39
4043.017708417563,2.3779072212986618e+39
4039.8327509241117,2.3960416399287667e+39
4036.6528074920275,2.4112300299084604e+39
4033.4778662902086,2.4261674188105454e+39
4030.307915524746,2.4375246859185523e+39
4027.1429434387774,2.447758596733691e+39
4023.982938312341,2.45791160793264e+39
4020.8278884622346,2.465993344510297e+39
4017.6777822418644,2.4734578722946816e+39
4014.5326080411087,2.480711505558075e+39
4011.3923542861726,2.487179435761865e+39
4008.257009439445,2.493412915782181e+39
4005.1265619993587,2.4999223964962334e+39
4002.00100050025,2.505349876410328e+39
3998.880313512216,2.510957014135905e+39
3995.76448964098,2.516821577496128e+39
3992.653517527749,2.5224542406710008e+39
3989.5473858490755,2.5284370206256017e+39
3986.446083316723,2.5353480005689947e+39
3983.3495986775274,2.5426423192945423e+39
3980.257920713262,2.5501337322905653e+39
3977.171038240499,2.5571678465011417e+39
3974.0889401104796,2.5650961736649215e+39
3971.0116152089745,2.5727399746203642e+39
3967.939052456154,2.5805480833229167e+39
3964.871240806455,2.5883366425386004e+39
3961.8081692484448,2.595723654876541e+39
3958.7498268046947,2.60258839961851e+39
3955.6962025316457,2.6094021029306903e+39
3952.6472855194766,2.6165854142483838e+39
3949.603064891978,2.622699882562346e+39
3946.5635298064212,2.629320432461263e+39
3943.528669453427,2.6352796121861065e+39
3940.4984730568417,2.6416414502711603e+39
3937.4729298736074,2.6469395283256424e+39
3934.4520291936337,2.6517559084750125e+39
3931.4357603396757,2.656173162091937e+39
3928.4241126672036,2.6605928116131844e+39
3925.4170755642785,2.664549403761824e+39
3922.4146384514306,2.6682245510252215e+39
3919.4167907815317,2.671428337217388e+39
3916.4235220396736,2.674514727066274e+39
3913.434821743044,2.675257333645854e+39
3910.4506794408057,2.6744893755004057e+39
3907.4710847139727,2.673288118477742e+39
3904.496027175292,2.6713391033017298e+39
3901.5254964691194,2.669848064436869e+39
3898.5594822713006,2.6682464932229654e+39
3895.5979742890536,2.666997428919351e+39
3892.6409622608458,2.6648836082431673e+39
3889.68843595628,2.662657438899068e+39
3886.7403851759723,2.6596394453310682e+39
3883.796799751437,2.6560905332708184e+39
3880.857669544969,2.6509597523013044e+39
3877.922984449529,2.6415767093782092e+39
3874.992734388623,2.632120912515316e+39
3872.066909316193,2.620887170829241e+39
3869.145499216498,2.6089530472600212e+39
3866.2284941040016,2.5908178821186612e+39
3863.315884023257,2.56993352034237e+39
3860.4076590487957,2.5487132802976423e+39
3857.503809285012,2.5261207371409106e+39
3854.6043248660526,2.5031385912363642e+39
3851.7091959557056,2.4788836922083417e+39
3848.8184127472864,2.4541738052815692e+39
3845.931965463531,2.4285875625162064e+39
3843.049844356481,2.403347082512251e+39
3840.172039707379,2.3767523097995286e+39
3837.298541826554,2.3511823561820627e+39
3834.429341053318,2.3243066151372572e+39
3831.5644277558526,2.2963957862640482e+39
3828.7037923311063,2.2679442424627423e+39
3825.847425204683,2.241120468245244e+39
3822.995316830737,2.215193228340493e+39
3820.1474576918667,2.1877485058151925e+39
3817.3038382990094,2.1610597593325306e+39
3814.4644491913336,2.1345397135273487e+39
3811.629280936136,2.1081913936160723e+39
3808.7983241287375,2.0826363934047126e+39
3805.9715693923768,2.0573676111892925e+39
3803.1490073781088,2.0328880306024746e+39
3800.3306287647024,2.0114976373225792e+39
3797.516424258535,1.9935020869047024e+39
3794.706384593492,1.9770091953255572e+39
3791.900500530866,1.961974284852559e+39
3789.098762859254,1.9472813625681924e+39
3786.3011623944567,1.931987524619485e+39
3783.50768997938,1.91716183313964e+39
3780.718336483932,1.9044133390293905e+39
3777.9330928049267,1.8900756590350136e+39
3775.1519498659823,1.8779637103713322e+39
3772.3748986174246,1.8642713453374405e+39
3769.6019300361877,1.852054890108943e+39
3766.8330351257177,1.849406256295502e+39
3764.0682049158727,1.8503261326497764e+39
3761.307430462829,1.853913467331938e+39
3758.5507028489815,1.861555224126435e+39
3755.798013182851,1.8759260660211687e+39
3753.0493525989864,1.9087538727915395e+39
3750.304712257871,1.945887275683943e+39
3747.564083345825,1.9838075246489503e+39
3744.827457074915,2.0217392381471584e+39
3742.0948246828575,2.0598280909706232e+39
3739.366177432925,2.098236896333689e+39
3736.641506613855,2.132403873940374e+39
3733.920803539757,2.165524361972147e+39
3731.2040595500166,2.198609416408695e+39
3728.491266009209,2.2266153568560128e+39
3725.7824143070043,2.2525061687638023e+39
3723.077495858076,2.2778878345120146e+39
3720.3765021020126,2.300302925578047e+39
3717.679424503225,2.3203325726587416e+39
3714.986254550858,2.3390547865399464e+39
3712.2969837587007,2.356525881131839e+39
3709.611603665096,2.3716047797656716e+39
3706.9301058328547,2.3856784125589005e+39
3704.2524818491625,2.3993547607957534e+39
3701.5787233254982,2.411897973420485e+39
3698.90882189754,2.4235585577446232e+39
3696.2427692250826,2.4347103000418176e+39
3693.5805569919476,2.445689691114841e+39
3690.9221769059,2.4568123842684562e+39
3688.2676206985575,2.4669259247716694e+39
3685.6168801253107,2.477031480867134e+39
3682.969946965233,2.487727535930008e+39
3680.3268130209963,2.4971981527891687e+39
3677.687470118789,2.5073008434260908e+39
3675.05191010823,2.521362118453805e+39
3672.420124862284,2.535023735460969e+39
3669.792106277179,2.5493186638786146e+39
3667.1678462723235,2.563636071356809e+39
3664.5473367902227,2.5773758821084902e+39
3661.9305697963964,2.5904938933035902e+39
3659.317537279297,2.6031054624915086e+39
3656.7082312502284,2.6150246786461485e+39
3654.102643743263,2.6267657462088015e+39
3651.500766815161,2.6381116155940603e+39
3648.9025925452916,2.649756566177176e+39
3646.3081130355513,2.661202649489659e+39
3643.7173204102824,2.6754483273610686e+39
3641.130206816196,2.6900729274811536e+39
3638.5467644222895,2.7040917191409588e+39
3635.9669854197723,2.713749567213587e+39
3633.390862021982,2.723417889523763e+39
3630.8183864643092,2.7333050198553773e+39
3628.249551004118,2.742682409110719e+39
3625.68434792067,2.7519749123877763e+39
3623.122769515045,2.7619504855726617e+39
3620.564808110065,2.7730909145285026e+39
3618.010456050218,2.7851877304992124e+39
3615.45970570158,2.7974027437485816e+39
3612.9125494517407,2.809265973999574e+39
3610.3689797097263,2.821361307803538e+39
3607.8289889059256,2.833360279154361e+39
3605.292569492014,2.84053547579803e+39
3602.7597139408786,2.843746968401909e+39
3600.230414746544,2.8466584471393227e+39
3597.7046644240972,2.848915227500858e+39
3595.182455509617,2.8507581583956127e+39
3592.6637805600963,2.8523562892496277e+39
3590.1486321533707,2.854154710734353e+39
3587.6370028880474,2.856283597046268e+39
3585.1288853834294,2.857586123346019e+39
3582.6242722794445,2.858308751474187e+39
3580.1231562365742,2.858843936209114e+39
3577.6255299357813,2.8595799009655864e+39
3575.1313860784385,2.8606184477664514e+39
3572.640717386256,2.860935845584147e+39
3570.1535166012136,2.861529692692559e+39
3567.6697764854885,2.8624050253807325e+39
3565.189489821384,2.8631775011498065e+39
3562.7126494112613,2.863815184111894e+39
3560.2392480774706,2.865399488071801e+39
3557.769278662279,2.867466652999353e+39
3555.302734027802,2.869595283023609e+39
3552.8396070559393,2.871443424374251e+39
3550.3798906482994,2.873952579095818e+39
3547.9235777261356,2.87688759172561e+39
3545.4706612302784,2.8798679135169326e+39
3543.0211341210647,2.883390687283917e+39
3540.5749893782745,2.886376044541805e+39
3538.1322200010613,2.888930806634391e+39
3535.6928190078843,2.8914853965516113e+39
3533.2567794364454,2.8937686606529945e+39
3530.8240943436194,2.896690385756641e+39
3528.394756805391,2.899080794323328e+39
3525.968759916787,2.901531665772749e+39
3523.546096791811,2.9043930226877444e+39
3521.1267605633802,2.9076865531395746e+39
3518.710744383258,2.910782602029819e+39
3516.298041421991,2.913375149615174e+39
3513.888644868844,2.916074564028304e+39
3511.4825479317365,2.9187364847163505e+39
3509.0797438371783,2.9212107706686434e+39
3506.6802258302064,2.924192645496808e+39
3504.2839871743204,2.9275814957550606e+39
3501.8910211514217,2.93111165455458e+39
3499.5013210617485,2.9345390268793935e+39
3497.1148802238154,2.937958124786885e+39
3494.731691974349,2.945366582583016e+39
3492.3517496682266,2.953496464657757e+39
3489.9750466784158,2.9613426469996526e+39
3487.601576395912,2.968829689363211e+39
3485.231332229677,2.976118001363024e+39
3482.8643076065755,2.984205590378006e+39
3480.5004959713206,2.9927668139917623e+39
3478.1398907864072,3.001344847729474e+39
3475.782485532055,3.01014182255797e+39
3473.4282737061476,3.0186118689495355e+39
3471.0772488241723,3.026438023502601e+39
3468.729404419161,3.0340493666560644e+39
3466.384734041631,3.041744988588351e+39
3464.0432312595262,3.048941510747751e+39
3461.7048896581564,3.055322120143866e+39
3459.369702840142,3.061731205857528e+39
3457.0376644253533,3.068003087517387e+39
3454.708768050853,3.0732093462844215e+39
3452.3830073708373,3.077783740080483e+39
3450.060376056581,3.082494661905938e+39
3447.7408677963763,3.087012317167297e+39
3445.4244762954795,3.0908327402071387e+39
3443.111195276051,3.094335966524848e+39
3440.8010184771015,3.0975470754553024e+39
3438.4939396544314,3.1003625935372294e+39
3436.1899525805784,3.103028739448963e+39
3433.8890510447604,3.10594184404869e+39
3431.591228852819,3.1087381697125697e+39
3429.2964798271632,3.111412460776136e+39
3427.004797806717,3.114110091520236e+39
3424.7161766468603,3.1167623107779014e+39
3422.4306102193777,3.119285366861595e+39
3420.148092412401,3.1217862537923825e+39
3417.8686171303575,3.124145879762656e+39
3415.5921782939117,3.1265863882384416e+39
3413.318769839915,3.128938014915465e+39
3411.0483857213517,3.131228444178934e+39
3408.781019907281,3.133472092570185e+39
3406.51666638279,3.135501487114336e+39
3404.255319148936,3.13738758834541e+39
3401.9969722226947,3.139114270019975e+39
3399.7416196369077,3.1410262727947667e+39
3397.4892554402295,3.142780088883842e+39
3395.2398736970767,3.1445210840263696e+39
3392.9934684875734,3.146386178550528e+39
3390.7500339075,3.147918826340246e+39
3388.5095640682443,3.1492964215164776e+39
3386.272053096746,3.150618713574769e+39
3384.0374951354456,3.151757317061385e+39
3381.8058843422386,3.152630757629413e+39
3379.577214890417,3.1536752334279304e+39
3377.3514809686244,3.154235018513285e+39
3375.1286767808024,3.1548800446814595e+39
3372.9087965461413,3.155524619742916e+39
3370.6918344990304,3.1558667567819655e+39
3368.4777848890085,3.1560452787780483e+39
3366.266641980711,3.156159925532808e+39
3364.0584000538247,3.1564032566119105e+39
3361.853053403035,3.1563629001215474e+39
3359.650596337981,3.156093080488622e+39
3357.4510231831996,3.155757707276747e+39
3355.2543282780834,3.155838085552621e+39
3353.0605059768304,3.156701793617947e+39
3350.8695506483928,3.158177593344088e+39
3348.6814566764333,3.159417413359465e+39
3346.4962184592728,3.1606368533413345e+39
3344.313830409845,3.1616629724896035e+39
3342.1342869556497,3.1624887974151474e+39
3339.957582538702,3.1631086223748283e+39
3337.783711615487,3.163563735104383e+39
3335.6126686569155,3.16363978429809e+39
3333.444448148271,3.16362620528299e+39
3331.2790445891696,3.163423727523311e+39
3329.116452493508,3.1630389927688125e+39
3326.9566663894198,3.1623726204722046e+39
3324.7996808192306,3.1617223612790534e+39
3322.645490339408,3.160884997299575e+39
3320.4940895205204,3.15978240060582e+39
3318.3454729471887,3.1576296073633e+39
3316.1996352180404,3.155105847468683e+39
3314.056570945666,3.151956167911749e+39
3311.916274756574,3.148857087272845e+39
3309.778741291145,3.145580856933045e+39
3307.643965203585,3.142041118112016e+39
3305.511941161887,3.138332250653801e+39
3303.38266384778,3.1339273528181315e+39
3301.256127956687,3.12922053259775e+39
3299.132328197684,3.1245529199971684e+39
3297.0112592934506,3.119602368998047e+39
3294.89291598023,3.1143587003682503e+39
3292.777293007787,3.109040179421607e+39
3290.664385139359,3.1033597361729474e+39
3288.554187151619,3.0976922172403866e+39
3286.4466938346254,3.091928194492497e+39
3284.341899991789,3.086117823183464e+39
3282.23980043982,3.080126527647983e+39
3280.140390008692,3.0740992383317823e+39
3278.0436635415986,3.0676810248891176e+39
3275.9496158949073,3.0612994862096685e+39
3273.8582419381237,3.0550064646159035e+39
3271.769536553845,3.0483371180886155e+39
3269.683494637719,3.0416527665039045e+39
3267.6001110984034,3.0345691091708836e+39
3265.519380857525,3.0274247639277096e+39
3263.441298849637,3.020742355816542e+39
3261.365860022177,3.014235500924157e+39
3259.29305933543,3.0078847816301453e+39
3257.222891762483,3.001079731375012e+39
3255.1553522891877,2.9944808944235436e+39
3253.090435914118,2.9883244015133474e+39
3251.0281376485314,2.982191150906591e+39
3248.9684525163257,2.9761459424411037e+39
3246.9113755540043,2.970363924669695e+39
3244.85690181063,2.964864968993176e+39
3242.8050263477908,2.959661893098934e+39
3240.755744239557,2.954293961487042e+39
3238.709050572442,2.948880850117625e+39
3236.6649404453647,2.9439142381242634e+39
3234.6234089696104,2.939074218002603e+39
3232.5844512687895,2.934430329679279e+39
3230.5480624787992,2.930018699481849e+39
3228.5142377477882,2.9256747822617594e+39
3226.482972236114,2.921849520709891e+39
3224.4542611163056,2.918981730137916e+39
3222.428099573028,2.916613960594823e+39
3220.4044828030396,2.9135556092004476e+39
3218.383406015158,2.912063283848218e+39
3216.3648644302207,2.911326810978801e+39
3214.3488532810466,2.9105767018562127e+39
3212.3353678123995,2.909839132550347e+39
3210.3244032809516,2.9093350039977427e+39
3208.315954955244,2.908032028887718e+39
3206.3100181156515,2.907631350807897e+39
3204.306588054345,2.9072262357282383e+39
3202.305660075254,2.906917931796897e+39
3200.307229494031,2.9075886719631274e+39
3198.311291638015,2.908563232332003e+39
3196.317841846193,2.9098966513302637e+39
3194.3268754691667,2.9117338835753655e+39
3192.3383878691143,2.913897991544439e+39
3190.3523744197546,2.91585921482448e+39
3188.368830506313,2.917884705740785e+39
3186.387751525483,2.919690292227201e+39
3184.409132885393,2.92209900341296e+39
3182.4329700055687,2.924632515531106e+39
3180.4592583169006,2.9270693453099903e+39
3178.4879932616054,2.930089511620303e+39
3176.5191702931925,2.932507444244984e+39
3174.55278487643,2.934837575604981e+39
3172.5888324873094,2.937481334125419e+39
3170.627308613009,2.9407800127488666e+39
3168.6682087518616,2.944512182327229e+39
3166.7115284133192,2.947946734899365e+39
3164.7572631179187,2.953902474342474e+39
3162.8054083972484,2.9602232259883445e+39
3160.855959793912,2.966393156251609e+39
3158.9089128614974,2.9716761565472455e+39
3156.964263164541,2.9769300539590975e+39
3155.022006278494,2.982446953569914e+39
3153.082137789689,2.988424093271164e+39
3151.144653295309,2.994139850626993e+39
3149.2095484033507,3.000913455403059e+39
3147.2768187325914,3.009733880463424e+39
3145.346459912559,3.019320326626646e+39
3143.4184675834967,3.028989947979007e+39
3141.4928373963307,3.039404538464984e+39
3139.5695650126368,3.0503166883269164e+39
3137.6486461046093,3.061731672599521e+39
3135.7300763550274,3.0720187439785534e+39
3133.8138514572233,3.0819401091573025e+39
3131.89996711505,3.092187864231431e+39
3129.9884190428493,3.1023673369202185e+39
3128.0792029654185,3.11347247954253e+39
3126.1723146179816,3.1244090929646575e+39
3124.267749746153,3.134792054326719e+39
3122.3655041059105,3.143719795270333e+39
3120.4655734635603,3.1539390741652385e+39
3118.567953595709,3.163900790857957e+39
3116.672640289227,3.174078324493542e+39
3114.779629341224,3.184061505071468e+39
3112.8889165590126,3.194080028160376e+39
3111.0004977600797,3.2049039672828356e+39
3109.114368772055,3.216259142396131e+39
3107.2305254326816,3.2274317567387767e+39
3105.348963589783,3.2374680900147114e+39
3103.4696791012348,3.247988263953006e+39
3101.592667834933,3.2590613977379046e+39
3099.7179256687637,3.269665977896108e+39
3097.8454484905747,3.280623246293789e+39
3095.9752321981423,3.2934445101960744e+39
3094.1072726991442,3.308007539325864e+39
3092.241565911129,3.322192651979222e+39
3090.3781077614844,3.336438726543073e+39
3088.5168941874113,3.3500253433526665e+39
3086.65792113589,3.363185208389408e+39
3084.8011845636547,3.3759578165315405e+39
3082.946680437162,3.389134085837065e+39
3081.094404732561,3.401812919665979e+39
3079.2443534356667,3.4133033472259076e+39
3077.3965225419292,3.424577688291388e+39
3075.550908056405,3.4368459799137127e+39
3073.7075059937297,3.4488965022392344e+39
3071.8663123780852,3.4612089936414686e+39
3070.027323243177,3.473147773202505e+39
3068.1905346322,3.482745152240767e+39
3066.3559425978165,3.493545476588835e+39
3064.5235432021204,3.5041131650838964e+39
3062.693332516615,3.513579706939356e+39
3060.8653066221823,3.523646682188273e+39
3059.039461609055,3.5330014390677e+39
3057.2157935767896,3.5418892646074473e+39
3055.3942986342386,3.551374487846425e+39
3053.574972899522,3.559495193762292e+39
3051.7578125,3.5682189861476585e+39
3049.9428135722455,3.57635420714274e+39
3048.129972262017,3.584057740982311e+39
3046.319284724232,3.592438480351909e+39
3044.510747122937,3.600831441169989e+39
3042.7043556312847,3.6086698317610595e+39
3040.9001064315034,3.6160683352765975e+39
3039.097995714872,3.623725477278889e+39
3037.2980196816907,3.631367537951588e+39
3035.5001745412596,3.638713850891968e+39
3033.7044565118467,3.647342794098443e+39
3031.910861820662,3.6583403804408245e+39
3030.119386703836,3.670581094176686e+39
3028.3300274063868,3.682875686445871e+39
3026.5427801821975,3.694393825857522e+39
3024.757641293991,3.7050285045662944e+39
3022.974607013301,3.7158074864087417e+39
3021.1936736204475,3.7261470643787043e+39
3019.414837404511,3.735904952623241e+39
3017.6380946633067,3.745102563886056e+39
3015.8634417033595,3.7534517720625363e+39
3014.090874839876,3.761742256301798e+39
3012.3203903967224,3.7690742079493845e+39
3010.5519847063956,3.775554029004308e+39
3008.785654110001,3.782013982042366e+39
3007.021394957225,3.788728539009144e+39
3005.2592036063106,3.7944402556409416e+39
3003.499076424034,3.799461817838938e+39
3001.7410097856755,3.8048973701385296e+39
2999.9850000749993,3.810185982013941e+39
2998.2310436842263,3.81528897404996e+39
2996.4791370140083,3.818546720283614e+39
2994.7292764734066,3.824606811883338e+39
2992.9814584798646,3.827064083789396e+39
2991.2356794591847,3.829552633388566e+39
2989.491935845503,3.8361891537410704e+39
2987.7502240812664,3.839230250423596e+39
2986.010540617208,3.842711539302457e+39
2984.272881912322,3.846160254196102e+39
2982.5372444338395,3.849249390533088e+39
2980.8036246572074,3.852656029029963e+39
2979.0720190660604,3.8561030962820176e+39
2977.3424241522016,3.859851827092484e+39
2975.6148364155742,3.863499058995674e+39
2973.8892523642417,3.867338682836761e+39
2972.165668514363,3.8711425232267334e+39
2970.4440813901674,3.874294378915945e+39
2968.724487523935,3.8762456476935244e+39
2967.0068834559697,3.8777439665954456e+39
2965.2912657345764,3.878570754667806e+39
2963.5776309160415,3.8790470780681754e+39
2961.865975564606,3.8800954634275704e+39
2960.1562962524417,3.880801232910094e+39
2958.448589559635,3.8811302853280875e+39
2956.7428520741546,3.8817397963469385e+39
2955.039080391838,3.883671922972656e+39
2953.3372711163615,3.885745528879454e+39
2951.6374208592215,3.8856410083068605e+39
2949.9395262397115,3.8856266730015136e+39
2948.2435838849005,3.884515303905998e+39
2946.5495904296067,3.884027400399184e+39
2944.857542516381,3.8812341548393195e+39
2943.167436795479,3.8733557817166253e+39
2941.479269924845,3.863648729387016e+39
2939.7930385700847,3.8482632907113597e+39
2938.1087394044453,3.833135102830204e+39
2936.4263691087945,3.813898838592427e+39
2934.745924371597,3.791814509423424e+39
2933.0674018888953,3.766978758182356e+39
2931.390798364284,3.742998716307905e+39
2929.7161105088912,3.716394709323231e+39
2928.043335041358,3.6863984442272556e+39
2926.3724686878145,3.659012396424343e+39
2924.7035081818576,3.6277134794075675e+39
2923.0364502645343,3.595220145695944e+39
2921.3712916843165,3.5643291270303653e+39
2919.7080291970797,3.531768715476136e+39
2918.046659566086,3.496826169083812e+39
2916.3871795619584,3.462899428793781e+39
2914.7295859626624,3.424641796904917e+39
2913.073875553484,3.3868634476974773e+39
2911.420045127011,3.3494474466889184e+39
2909.7680914831085,3.309794379333316e+39
2908.1180114289036,3.2701907182001457e+39
2906.4698017787596,3.2310946192277797e+39
2904.8234593542575,3.188988471566533e+39
2903.178980984177,3.1452240927653386e+39
2901.5363635044755,3.101539707194246e+39
2899.8956037582648,3.05972464484665e+39
2898.256698595794,3.0147006996269124e+39
2896.6196448744313,2.9689971730409294e+39
2894.9844394586376,2.9241507080233425e+39
2893.351079219952,2.876624515690869e+39
2891.7195610369704,2.8290260752582935e+39
2890.0898817953234,2.780576620177747e+39
2888.4620383876604,2.732764241695665e+39
2886.8360277136258,2.6827967854257443e+39
2885.211846679842,2.6339824241573243e+39
2883.58949219989,2.5868292855338772e+39
2881.9689611942877,2.5418850057416826e+39
2880.3502505904717,2.4963220054389332e+39
2878.733357322778,2.450341390971827e+39
2877.118278332422,2.4055546717807818e+39
2875.5050105674804,2.3600232158935993e+39
2873.893550982871,2.3153406712740893e+39
2872.283896540334,2.2690377040440064e+39
2870.676044208411,2.2226769885567967e+39
2869.0699909624295,2.173911770558701e+39
2867.4657337844815,2.1268185896191583e+39
2865.8632696634045,2.0905536837339772e+39
2864.262595594764,2.059550078799091e+39
2862.6637085808343,2.0287831467955502e+39
2861.066605630579,1.9987373675250876e+39
2859.471283759633,1.9666383649355113e+39
2857.8777399902833,1.9492097072580747e+39
2856.285971351452,1.9330836070415644e+39
2854.6959748786758,1.9177577168220816e+39
2853.107747614089,1.9021609173418527e+39
2851.5212866064044,1.8956068011162168e+39
2849.9365889108967,1.89143743251399e+39
2848.353651589381,1.8864514817070635e+39
2846.7724717101987,1.8843477848892214e+39
2845.193046348195,1.8877538520162458e+39
2843.6153725847043,1.8944793781619518e+39
2842.039447507532,1.9025103309609877e+39
2840.465268210933,1.9108955817626306e+39
2838.8928317956,1.9262780938521633e+39
2837.3221353686395,1.9429421317090686e+39
2835.7531760435572,1.961990335065596e+39
2834.185950940241,1.9826160830995392e+39
2832.6204571849416,2.008770974975314e+39
2831.0566919102557,2.0361917072935522e+39
2829.4946522551077,2.0663597357136387e+39
2827.934335364733,2.096552290586205e+39
2826.3757383906614,2.1324104799522704e+39
2824.8188584906993,2.1718593814488506e+39
2823.2636928289103,2.211122432885869e+39
2821.7102385756007,2.252843174950924e+39
2820.1584929073015,2.2967811573289283e+39
2818.6084530067506,2.3438655979418806e+39
2817.060116062877,2.3920282667154476e+39
2815.5134792707818,2.4406208002973825e+39
2813.9685398317247,2.4930847020730506e+39
2812.4252949531033,2.5443694226353776e+39
2810.8837418484372,2.5971560394667366e+39
2809.343877737355,2.650499034710453e+39
2807.8056998455704,2.705864987145172e+39
2806.269205404875,2.759222077136946e+39
2804.734391653111,2.8126799463745085e+39
2803.2012558341626,2.868500980444072e+39
2801.6697951979377,2.924820032463736e+39
2800.14000700035,2.9760722789392864e+39
2798.611888503302,3.025423700148099e+39
2797.0854369746726,3.069882073550187e+39
2795.560649688295,3.114260882283497e+39
2794.0375239239465,3.1500330980428625e+39
2792.516056967328,3.1814992839709665e+39
2790.996246110049,3.2144242614669926e+39
2789.4780886496137,3.245181058005341e+39
2787.9615818894013,3.27310126523712e+39
2786.446723138654,3.294524531860929e+39
2784.933509712456,3.313221804229247e+39
2783.4219389317227,3.334111310715672e+39
2781.912008123183,3.352237057076232e+39
2780.4037146193627,3.3618913287078035e+39
2778.8970557585694,3.372172574701219e+39
2777.392028884877,3.379990507754338e+39
2775.8886313481107,3.3893358054470654e+39
2774.3868605038288,3.3918327379088494e+39
2772.8867137133116,3.388473455096885e+39
2771.3881883435415,3.388577869703538e+39
2769.891281767191,3.387375603434317e+39
2768.3959913626045,3.382372804825592e+39
2766.902314513786,3.375004721607033e+39
2765.410248610381,3.364963189589553e+39
2763.919791047664,3.358064474949958e+39
2762.4309392265195,3.347646780845216e+39
2760.943690553431,3.332467443860963e+39
2759.458042440465,3.315154224997709e+39
2757.9739923052525,3.298964271459469e+39
2756.4915375709797,3.281616507961438e+39
2755.010675666368,3.2615127583631647e+39
2753.531404025663,3.2355752400496784e+39
2752.0537200886165,3.210979469645256e+39
2750.5776213004733,3.185467225727125e+39
2749.1031051119576,3.1576728108371815e+39
2747.6301689792554,3.1259122081948816e+39
2746.1588103640033,3.0937647687471826e+39
2744.689026733271,3.061101584569894e+39
2743.2208155595486,3.028581936302805e+39
2741.7541743207303,2.992678094490959e+39
2740.289100500103,2.955591323791631e+39
2738.825591586328,2.920548808053913e+39
2737.36364507343,2.881190355441922e+39
2735.9032584607808,2.8407775668937516e+39
2734.4444292530866,2.7921562954567095e+39
2732.987154960372,2.7450140543368886e+39
2731.5314330979663,2.6957709390569436e+39
2730.077261186492,2.6474197708894014e+39
2728.624636751845,2.599240120802358e+39
2727.173557325188,2.5504701020391804e+39
2725.7240204429304,2.499720110269474e+39
2724.276023646716,2.451256351451034e+39
2722.8295644834116,2.4004465344340383e+39
2721.3846405050895,2.349978657478714e+39
2719.941249269016,2.2998786864331014e+39
2718.499388337638,2.2503778088978303e+39
2717.0590552785666,2.2068544260056094e+39
2715.6202476645667,2.16364004907691e+39
2714.182963073541,2.1191899877315455e+39
2712.7471990885174,2.075301977410035e+39
2711.3129532976345,2.0446835374949318e+39
2709.8802232941307,2.016174802046594e+39
2708.449006676327,1.9878303976847266e+39
2707.0193010476164,1.958965692934801e+39
2705.5911040164506,1.9360147981411815e+39
2704.1644131963226,1.9189160384602635e+39
2702.7392262057597,1.902171334277039e+39
2701.3155406683054,1.8849559549981772e+39
2699.893354212509,1.8698622268128646e+39
2698.4726644719094,1.862097232112859e+39
2697.0534690850245,1.8544995758892925e+39
2695.635765695339,1.847598734767327e+39
2694.2195519512884,1.8404599576272137e+39
2692.804825506247,1.8389139224517465e+39
2691.391584018517,1.8390325322461733e+39
2689.9798251513116,1.8401650827125304e+39
2688.569546572746,1.840963061079419e+39
2687.160745955823,1.8435343318675088e+39
2685.7534209784203,1.84730675139503e+39
2684.347569323276,1.8515666342829544e+39
2682.94318867798,1.855873403796052e+39
2681.5402767349565,1.860542991183163e+39
2680.138831191456,1.864420237130757e+39
2678.738849749538,1.8676392047441812e+39
2677.3403301160624,1.87209629245715e+39
2675.943270002676,1.8764679180766105e+39
2674.5476671257975,1.8799256160736464e+39
2673.153519206608,1.8805601085140535e+39
2671.7608239710385,1.8822925767586908e+39
2670.3695791497544,1.8846634074967088e+39
2668.979782478148,1.8854350270101305e+39
2667.5914316963217,1.883834735690778e+39
2666.204524549078,1.8818444688451555e+39
2664.8190587859085,1.8802593656833645e+39
2663.4350321609777,1.8780306987854538e+39
2662.052442433116,1.8730485756803184e+39
2660.6712873658025,1.8663575473448233e+39
2659.2915647271566,1.861033368099434e+39
2657.9132722899253,1.8551124087169967e+39
2656.536407831469,1.8486899966861125e+39
2655.1609691337535,1.8390130003895735e+39
2653.7869539833346,1.830522291831237e+39
2652.4143601713463,1.822650389124218e+39
2651.0431854934914,1.8145249562392246e+39
2649.67342775003,1.805149800541235e+39
2648.3050847457625,1.7950524961951143e+39
2646.938154290025,1.7855318416907476e+39
2645.572634196672,1.7768490291802068e+39
2644.2085222840674,1.7670911151090147e+39
2642.8458163750724,1.757299630945411e+39
2641.4845142970353,1.747127098374717e+39
2640.1246138817755,1.7374726809467142e+39
2638.766112965577,1.728085547774007e+39
2637.409009389176,1.718964510979106e+39
2636.053300997746,1.708836213848317e+39
2634.698985640891,1.6987117424589424e+39
2633.346061172629,1.6906618684747624e+39
2631.9945254513873,1.6827587540312512e+39
2630.644376339985,1.677729374776361e+39
2629.295611705624,1.6736914834473578e+39
2627.9482294198806,1.6691365868446017e+39
2626.6022273586887,1.6654683831330347e+39
2625.2576034023336,1.6605916693796277e+39
2623.9143554354387,1.6557643245642803e+39
2622.5724813469533,1.6506360270000104e+39
2621.2319790301444,1.64641385219856e+39
2619.8928463825832,1.6413638156637965e+39
2618.5550813061354,1.6357157260540488e+39
2617.21868170695,1.6299613640613303e+39
2615.8836454954485,1.6245479087325176e+39
2614.5499705863126,1.6192740960044946e+39
2613.217654898476,1.6138115272908356e+39
2611.8866963551122,1.6073853083416922e+39
2610.5570928836214,1.6020096827210495e+39
2609.2288424156245,1.5971134815738105e+39
2607.9019428869474,1.592707319375536e+39
2606.5763922376154,1.5876644240644825e+39
2605.2521884118387,1.5833442612960965e+39
2603.9293293580013,1.5788829092454156e+39
2602.6078130286546,1.575773982305816e+39
2601.2876373805034,1.5717828161847132e+39
2599.9688003743954,1.5688573791108905e+39
2598.651299975313,1.5639255291256862e+39
2597.33513415236,1.5601378047383624e+39
2596.020300878753,1.556166975180154e+39
2594.7067981318114,1.5525370757861785e+39
2593.3946238929448,1.550322323371148e+39
2592.083776147645,1.5478730167762858e+39
2590.7742528854747,1.5453163966566612e+39
2589.4660521000574,1.544218142403677e+39
2588.1591717890647,1.544545057225834e+39
2586.8536099542125,1.5482392717881622e+39
2585.5493646012433,1.5519763656423742e+39
2584.2464337399215,1.5564820869401302e+39
2582.9448153840194,1.56221093970651e+39
2581.64450755131,1.568743950089861e+39
2580.3455082635564,1.5762470265862878e+39
2579.0478155465003,1.584519846786901e+39
2577.7514274298533,1.594170922452065e+39
2576.4563419472856,1.6034952451124072e+39
2575.1625571364193,1.6141300679125986e+39
2573.870071038814,1.6262967758859133e+39
2572.57888169996,1.6392854187533067e+39
2571.288987169268,1.652539350172035e+39
2570.0003855000577,1.6660234529268122e+39
2568.7130747495507,1.6762901496061257e+39
2567.4270529788573,1.6860940260807537e+39
2566.14231825297,1.695901097023269e+39
2564.858868640753,1.7060755556790024e+39
2563.5767022149307,1.7159474847981843e+39
2562.2958170520783,1.7173155532681247e+39
2561.016211232617,1.7146416772142028e+39
2559.7378828407973,1.711527630232558e+39
2558.4608299646934,1.7076058597004202e+39
2557.1850506961937,1.7038328970624344e+39
2555.9105431309904,1.6995228688714576e+39
2554.63730536857,1.694531928187617e+39
2553.365335512205,1.6899302607434848e+39
2552.0946316689424,1.6845315661086834e+39
2550.8251919495956,1.680200543493221e+39
2549.557014468736,1.67592511667515e+39
2548.2900973446817,1.671207442375057e+39
2547.0244386994896,1.6662922864233552e+39
2545.760036658945,1.6608000277373624e+39
2544.496889352553,1.6569475858443275e+39
2543.23499491353,1.6524949221897582e+39
2541.974351478794,1.648363689754398e+39
2540.714957188953,1.643883754459504e+39
2539.456810188301,1.639718437968323e+39
2538.1999086248034,1.6364079781205747e+39
2536.944250650092,1.6321931216950695e+39
2535.689834419454,1.6273294289461445e+39
2534.4366580918227,1.6213612010968185e+39
2533.1847198297696,1.6167261139401215e+39
2531.9340177994964,1.6109523128832933e+39
2530.684550170821,1.605516675317626e+39
2529.436315117176,1.6011106621643342e+39
2528.1893108155937,1.5972651395889265e+39
2526.943535446701,1.5937466495566744e+39
2525.698987194706,1.58680604088843e+39
2524.4556642473967,1.578219362302074e+39
2523.213564796124,1.5704522675187707e+39
2521.9726870357995,1.5624812810109796e+39
2520.7330291648814,1.555144179530186e+39
2519.494589385369,1.5423299537318817e+39
2518.2573659027953,1.5287999632104368e+39
2517.0213569262137,1.5099128417224806e+39
2515.786560668193,1.491400637813329e+39
2514.552975344808,1.4732676684993434e+39
2513.320599175631,1.4540277944401342e+39
2512.0894303837213,1.4350780465479426e+39
2510.859467195621,1.4118141519583434e+39
2509.630707841341,1.3883127118413927e+39
2508.4031505543576,1.3647776671142595e+39
2507.176793571599,1.3408800287177531e+39
2505.951635133442,1.3178497833108806e+39
2504.7276734837005,1.294780104828322e+39
2503.5049068696176,1.27294491041629e+39
2502.283333541857,1.251032103584421e+39
2501.0629517544953,1.2291090623278363e+39
2499.8437597650145,1.2070218545314507e+39
2498.6257558342913,1.1848336541632332e+39
2497.40893822659,1.1636354888129526e+39
2496.1933052095555,1.1430301879180452e+39
2494.9788550542034,1.1228140793365606e+39
2493.7655860349128,1.1023813043030613e+39
2492.553496429417,1.0823992680879738e+39
2491.3425845187976,1.0631128436485529e+39
2490.1328485874724,1.0438145312779782e+39
2488.9242869231916,1.02548378086202e+39
2487.7168978170284,1.0058769338984528e+39
2486.5106795633687,9.868515198704733e+38
2485.305630459906,9.678607748940865e+38
2484.101748807631,9.495797262383853e+38
2482.899032910827,9.3154451564204e+38
2481.6974810770566,9.139009790623524e+38
2480.49709161716,8.967664256355906e+38
2479.2978628452424,8.804195157642298e+38
2478.0997930786675,8.653444853071377e+38
2476.90288063805,8.504996602326115e+38
2475.707123847249,8.362700442590218e+38
2474.5125210333563,8.226269729704603e+38
2473.3190705266934,8.098966388231398e+38
2472.126770660799,7.973608700079427e+38
2470.935619772427,7.859059073965763e+38
2469.7456162015314,7.718746850835243e+38
2468.5567582912654,7.572814769850791e+38
2467.369044387969,7.433167594304595e+38
2466.1824728411657,7.304069797175162e+38
2464.9970420035497,7.173973870070315e+38
2463.8127502309826,7.052640341081406e+38
2462.629595882483,6.931704328178472e+38
2461.447577320222,6.818731064576825e+38
2460.266692909511,6.715186609017964e+38
2459.0869410188,6.6176696771758164e+38
2457.9083200196633,6.518065259852017e+38
2456.730828286799,6.421469317585645e+38
2455.554464198016,6.333057430907885e+38
2454.37922613423,6.245508300594071e+38
2453.2051124794543,6.155331648998708e+38
2452.0321216207935,6.076773413882467e+38
2450.860251948434,5.994779498608248e+38
2449.6895018556397,5.921561658850564e+38
2448.519869738743,5.8537671514771376e+38
2447.351353997137,5.789077810117701e+38
2446.183953033268,5.728817225384225e+38
2445.0176652526316,5.67307603824909e+38
2443.8524890637605,5.622065225034586e+38
2442.68842287822,5.5722302127305965e+38
2441.5254651106015,5.505121702311426e+38
2440.3636141785123,5.421130098878477e+38
2439.2028685025734,5.339194127455964e+38
2438.043226506406,5.264880399366912e+38
2436.8846866166296,5.193501558943316e+38
2435.7272472628515,5.1232918196177516e+38
2434.5709068776628,5.055472882391025e+38
2433.4156638966288,4.992021635293732e+38
2432.2615167582817,4.929743738171476e+38
2431.108463904117,4.87219883231037e+38
2429.9565037785824,4.8122958198114836e+38
2428.805634829073,4.7572788253442685e+38
2427.6558555059237,4.7040654767828924e+38
2426.5071642624025,4.657764992652277e+38
2425.359559554704,4.610787875230012e+38
2424.2130398419413,4.569992707333612e+38
2423.06760358614,4.529344725139787e+38
2421.9232492522315,4.4914571943032624e+38
2420.7799753080444,4.458629926066408e+38
2419.6377802243005,4.429062114291535e+38
2418.4966624746057,4.404389310373101e+38
2417.356620535444,4.378829380988599e+38
2416.217652886172,4.35627793520499e+38
2415.0797580090084,4.341788523908399e+38
2413.942934389031,4.324928830856142e+38
2412.8071805141694,4.3123407946493756e+38
2411.672494875196,4.29122630435045e+38
2410.538875965722,4.271659718778581e+38
2409.4063222821896,4.2576747178061095e+38
2408.274832323865,4.24030329845803e+38
2407.1444045928315,4.226117294892326e+38
2406.015037593985,4.211829864148822e+38
2404.8867298350247,4.201557440130065e+38
2403.7594798264486,4.193167911706665e+38
2402.6332860815455,4.186071274946622e+38
2401.508147116389,4.18285721234525e+38
2400.384061449832,4.178934931140645e+38
2399.2610276034984,4.178556886691608e+38
2398.1390441017775,4.179107963295013e+38
2397.018109471817,4.1833679521742706e+38
2395.8982222435193,4.1802536760481386e+38
2394.7793809495297,4.177833809833859e+38
2393.6615841252365,4.175369727715828e+38
2392.544830308758,4.1789333638768926e+38
2391.4291180409414,4.180442621448408e+38
2390.3144458653537,4.1816721755270845e+38
2389.2008123282762,4.183478597112821e+38
2388.088215978698,4.190034442821935e+38
2386.9766553683107,4.201256079791838e+38
2385.8661290514992,4.21375794937776e+38
2384.7566355853382,4.2247971399054944e+38
2383.648173529587,4.239041191069283e+38
2382.5407414466786,4.2487111462039965e+38
2381.434337901718,4.255593272025437e+38
2380.328961462474,4.266062508834951e+38
2379.224610699373,4.275692449738059e+38
2378.1212841854936,4.287195377784839e+38
2377.0189804965594,4.300425022190972e+38
2375.917698210934,4.3217084457729695e+38
2374.8174359096147,4.344228539433314e+38
2373.718192176225,4.365695981314751e+38
2372.6199655970104,4.3852538861674196e+38
2371.522754760832,4.411142578724978e+38
2370.426558259159,4.439436613491504e+38
2369.3313746860636,4.466963213577457e+38
2368.2372026382163,4.495728611289051e+38
2367.1440407148775,4.5259233066120704e+38
2366.051887517893,4.556878151309816e+38
2364.9607416516887,4.573939008251566e+38
2363.8706017232616,4.583372608296126e+38
2362.781466342178,4.601222362884104e+38
2361.6933341205645,4.61381014893147e+38
2360.606203673103,4.633038240014705e+38
2359.5200736170264,4.65412795148813e+38
2358.4349425721093,4.675236976947327e+38
2357.3508091606654,4.696379795470608e+38
2356.26767200754,4.725221015428735e+38
2355.1855297401053,4.752012166263151e+38
2354.104380988253,4.785496016451531e+38
2353.02422438439,4.8175363920304736e+38
2351.9450585634318,4.8496611668613236e+38
2350.8668821627975,4.887169937780737e+38
2349.789693822403,4.9131310689175636e+38
2348.713492184656,4.938762725419557e+38
2347.63827589445,4.964921660066777e+38
2346.56404359916,4.993957135658198e+38
2345.490793948634,5.012617841270746e+38
2344.4185255951893,5.035251952365153e+38
2343.3472371936073,5.056700516770106e+38
2342.2769274011266,5.077733375330924e+38
2341.2075948774377,5.100747462165425e+38
2340.139238284678,5.124224709000157e+38
2339.0718562874254,5.155778585824714e+38
2338.0054475526927,5.184494564439681e+38
2336.940010749924,5.2176263829919024e+38
2335.8755445509864,5.25083417600909e+38
2334.8120476301656,5.287686659255234e+38
2333.7495186641618,5.326131490296523e+38
2332.6879563320813,5.362734281199466e+38
2331.627359315434,5.399261341151822e+38
2330.567726298126,5.436731899020916e+38
2329.509055966455,5.461836751934212e+38
2328.451347009104,5.492082504994308e+38
2327.394598117138,5.519101854831792e+38
2326.3388079839947,5.5485224589049715e+38
2325.283975305484,5.575606074938508e+38
2324.2300987797794,5.608084706243649e+38
2323.1771771074123,5.6499741553336334e+38
2322.1252089912687,5.6911887725633425e+38
2321.0741931365837,5.7325645757609895e+38
2320.0241282509337,5.778269765403112e+38
2318.9750130442344,5.824083505313847e+38
2317.9268462287328,5.853474923113241e+38
2316.879626519004,5.852766620104922e+38
2315.8333526319448,5.855963847122257e+38
2314.7880232867674,5.849426625478768e+38
2313.743637204998,5.822627671760728e+38
2312.7001931104664,5.8006076915797e+38
2311.657689729305,5.7788633034554285e+38
2310.616125789942,5.7592055611537705e+38
2309.5755000230956,5.7362159030217236e+38
2308.5358111617707,5.7120707256704445e+38
2307.497057941251,5.6952656008425014e+38
2306.459239099097,5.674162818709321e+38
2305.4223533751383,5.646279702904045e+38
2304.3863995114702,5.6215957060251645e+38
2303.351376252447,5.5975646380217005e+38
2302.31728234468,5.5778674045417604e+38
2301.284116537028,5.524093434527422e+38
2300.251877580595,5.46691603389871e+38
2299.2205642287263,5.411534332432712e+38
2298.190175237001,5.355925830407381e+38
2297.160709363227,5.282251213170272e+38
2296.1321653674386,5.2100896790692815e+38
2295.1045420118885,5.141373532367043e+38
2294.0778380610454,5.0728627055266645e+38
2293.052052281587,5.009303179657032e+38
2292.0271834423957,4.945468668200532e+38
2291.0032303145545,4.885412528139758e+38
2289.9801916713423,4.825301002661592e+38
2288.9580662882254,4.764415773076551e+38
2287.936852942859,4.710986603289917e+38
2286.9165504150756,4.657350700958808e+38
2285.8971574868847,4.605719810858499e+38
2284.878672942467,4.554179105748448e+38
2283.8610955681675,4.507278436363067e+38
2282.844424152494,4.45963918826584e+38
2281.8286574861095,4.416827658428191e+38
2280.8137943618285,4.374481945197192e+38
2279.7998335746124,4.332707956576203e+38
2278.786773921564,4.283238138709333e+38
2277.774614201925,4.223890793534853e+38
2276.7633532170667,4.166605055394363e+38
2275.7529897704903,4.110196854981006e+38
2274.7435226678194,4.0574418844083426e+38
2273.734950716795,4.005284100342628e+38
2272.7272727272725,3.953294267556837e+38
2271.7204875112166,3.9067977640850085e+38
2270.7145938826948,3.862487021995339e+38
2269.709590657875,3.8181139795807184e+38
2268.7054766550204,3.775137595905074e+38
2267.7022506944836,3.734627216426264e+38
2266.6999115987037,3.692075563815302e+38
2265.6984581921993,3.652601485465085e+38
2264.697889301567,3.612650531991067e+38
2263.6982037554753,3.5761591171095904e+38
2262.699400384659,3.540412850977506e+38
2261.701478021916,3.504770517051689e+38
2260.7044355021026,3.4745068948646675e+38
2259.7082716621285,3.443743934737373e+38
2258.712985340953,3.408462295335275e+38
2257.718575379579,3.375577764280113e+38
2256.7250406210505,3.344224906120591e+38
2255.7323799104474,3.313054546135918e+38
2254.7405920948795,3.2864466274367976e+38
2253.749676023484,3.259717434097866e+38
2252.759630547421,3.234503918185839e+38
2251.7704545198662,3.210239514721069e+38
2250.7821467960116,3.1905585614495206e+38
2249.7947062330563,3.1723412641076082e+38
2248.8081316902044,3.1535382344642305e+38
2247.8224220286597,3.135541760818779e+38
2246.8375761116226,3.120618992084337e+38
2245.853592804285,3.1022553199918913e+38
2244.870470973825,3.0839768451217264e+38
2243.8882094894034,3.0664779424197638e+38
2242.90680722216,3.0463584328396017e+38
2241.9262630452085,3.028719137420804e+38
2240.9465758336323,3.01077000254361e+38
2239.9677444644794,2.9942816535978107e+38
2238.9897678167613,2.9766381065940657e+38
2238.012644771443,2.96182763213497e+38
2237.0363742114446,2.9457336338404075e+38
2236.060955021634,2.9326801450042016e+38
2235.0863860888226,2.921205797134378e+38
2234.1126663017617,2.9046703255193623e+38
2233.139794551139,2.88823250880073e+38
2232.1677697295727,2.872156645112025e+38
2231.1965907316094,2.8576114048691312e+38
2230.2262564537173,2.8465125746879983e+38
2229.256765794284,2.8328867190018297e+38
2228.2881176536125,2.8211190765193634e+38
2227.3203109339156,2.8108907440146105e+38
2226.353344539312,2.8002700785146587e+38
2225.3872173758236,2.79366077343723e+38
2224.42192835137,2.7865003357475892e+38
2223.457476375764,2.781590012995291e+38
2222.4938603607106,2.777322954967715e+38
2221.5310792197984,2.7737566660046267e+38
2220.5691318684976,2.7722708549003103e+38
2219.608017224158,2.7716677184351043e+38
2218.6477342060016,2.771898967483434e+38
2217.6882817351193,2.772359742083803e+38
2216.729658734469,2.7727043573062655e+38
2215.7718641288693,2.7731145971159462e+38
2214.814896844996,2.771297915527061e+38
2213.858755811379,2.768853898507353e+38
2212.9034399583975,2.768220229383052e+38
2211.9489482182753,2.7679168633299003e+38
2210.9952795250783,2.7662325422162635e+38
2210.04243281471,2.7666400897961552e+38
2209.0904070249076,2.767628443488489e+38
2208.1392010952372,2.7664589745161866e+38
2207.188813967091,2.7653672138709685e+38
2206.2392445836826,2.761848867803029e+38
2205.2904918900444,2.7594009519700373e+38
2204.342554833021,2.757389642898389e+38
2203.395432361269,2.7526687494918706e+38
2202.4491234252487,2.750861906691176e+38
2201.5036269772254,2.74990424851906e+38
2200.558941971261,2.7497828251338463e+38
2199.6150673632114,2.7529227931262837e+38
2198.672002110725,2.755184106546468e+38
2197.729745173236,2.7575788578500742e+38
2196.7882955119617,2.758599860874942e+38
2195.847652089898,2.7619260821215862e+38
2194.9078138718173,2.7649253526023903e+38
2193.968779824263,2.769386799913588e+38
2193.0305489155467,2.776983442854917e+38
2192.0931201157423,2.7802977936946114e+38
2191.1564923966866,2.7869609502812935e+38
2190.2206647319717,2.791591848344434e+38
2189.2856360969417,2.7982367334980633e+38
2188.3514054686902,2.804188656727717e+38
2187.4179718260566,2.8075621108322737e+38
2186.4853341496214,2.8122661768782656e+38
2185.553491421703,2.818731026719398e+38
2184.622442626353,2.8213742843871182e+38
2183.6921867493556,2.8260736407160835e+38
2182.7627227782204,2.8262473235074206e+38
2181.8340497021795,2.8303680545043745e+38
2180.906166512186,2.8291070451597704e+38
2179.979072200907,2.81939202305778e+38
2179.052765762723,2.808696994150644e+38
2178.1272461937224,2.798731236502852e+38
2177.2025124916995,2.7863497567095683e+38
2176.278563656148,2.7784334663996483e+38
2175.3553986882607,2.769586913399687e+38
2174.433016590924,2.759401228459893e+38
2173.5114163687144,2.750480180880703e+38
2172.590597027896,2.74252421395265e+38
2171.670557576416,2.741240374959113e+38
2170.7512970239,2.7392404312150892e+38
2169.832814381652,2.7396857364361525e+38
2168.915108662647,2.740026639732855e+38
2167.99817888153,2.739777972509924e+38
2167.0820240546104,2.737992190923348e+38
2166.166643199861,2.7309793124975076e+38
2165.252035336913,2.724261087204389e+38
2164.338199487052,2.716521254415035e+38
2163.4251346732144,2.7095017817726512e+38
2162.512839919987,2.7027317021991922e+38
2161.601314253599,2.701257666263629e+38
2160.690556701922,2.699784900628159e+38
2159.7805662944643,2.697297065421839e+38
2158.87134206237,2.697160080453801e+38
2157.9628830384117,2.6934350363613333e+38
2157.0551882569916,2.689526050606414e+38
2156.1482567541343,2.687785283932965e+38
2155.242087567486,2.68677735446403e+38
2154.336679736309,2.685735685383365e+38
2153.4320323014804,2.686154829885814e+38
2152.528144305487,2.6875507465324144e+38
2151.625014792422,2.6838564208580034e+38
2150.7226428079834,2.684249355352816e+38
2149.821027399469,2.6786481622378922e+38
2148.920167615773,2.673442432151312e+38
2148.020062507384,2.665569389460367e+38
2147.1207111263793,2.6595669717933858e+38
2146.2221125264255,2.6529357127413268e+38
2145.32426576277,2.6490230015213765e+38
2144.4271698922425,2.645092536575562e+38
2143.5308239732485,2.641934132108536e+38
2142.635227065768,2.6413520580526314e+38
2141.740378231351,2.6365512853672017e+38
2140.8462765331137,2.634871161044544e+38
2139.9529210357373,2.6316384404087316e+38
2139.0603108054634,2.6284273237291205e+38
2138.16844491009,2.623895803446525e+38
2137.2773224189705,2.6255645727249152e+38
2136.386942403008,2.6267303008614975e+38
2135.4973039346537,2.6268590574949616e+38
2134.608406087903,2.628907091425591e+38
2133.7202479382927,2.6284795099799226e+38
2132.8328285628972,2.628740271450338e+38
2131.9461470403257,2.625119936880906e+38
2131.0602024507193,2.6198357458023983e+38
2130.174993875747,2.6127093703797394e+38
2129.2905203986033,2.6040241873529253e+38
2128.4067811040045,2.5994138535071283e+38
2127.5237750781866,2.5989229520662384e+38
2126.6415014089,2.599427804744946e+38
2125.7599591854087,2.600850603770395e+38
2124.879147498486,2.5995119430185318e+38
2123.9990654404114,2.6013186488977917e+38
2123.119712104967,2.5997370273866717e+38
2122.2410865874363,2.5997800358695552e+38
2121.363187984599,2.6004433084023097e+38
2120.4860153947284,2.601132456335607e+38
2119.6095679175896,2.603602646812129e+38
2118.7338446544345,2.6038180492661725e+38
2117.858844708,2.606120577398349e+38
2116.984567182505,2.6066425765504487e+38
2116.1110111836465,2.609151169512308e+38
2115.238175818597,2.6099374016945096e+38
2114.3660601960014,2.6105869555242535e+38
2113.494663425975,2.614544233693311e+38
2112.6239846200974,2.6170720585361806e+38
2111.7540228914136,2.6230329763135018e+38
2110.884777354428,2.623550336176683e+38
2110.016247125103,2.629777679576461e+38
2109.1484313208543,2.62947762860557e+38
2108.2813290605495,2.6336223705343015e+38
2107.4149394645056,2.637184399844063e+38
2106.5492616544834,2.6390506785293264e+38
2105.6842947536875,2.6440344500983853e+38
2104.820037886761,2.6474035607433187e+38
2103.956490179783,2.650122817190443e+38
2103.0936507602682,2.653618340898974e+38
2102.2315187571608,2.659039510927802e+38
2101.370093300832,2.6632749627615727e+38
2100.5093735230794,2.6697380737263294e+38
2099.649358557121,2.6770301442791932e+38
2098.7900475375945,2.6850122090540373e+38
2097.931439600554,2.6941370040227402e+38
2097.0735338834656,2.702343612332365e+38
2096.216329525207,2.7121827349265457e+38
2095.3598256660625,2.7128595512777204e+38
2094.5040214477212,2.7117836095286537e+38
2093.6489160132737,2.7162343954918344e+38
2092.7945085072097,2.7191623277165622e+38
2091.9407980754145,2.7222035260665507e+38
2091.087783865167,2.7267851104782677e+38
2090.235465025135,2.7311637033735943e+38
2089.383840705376,2.7377556925444556e+38
2088.5329100573304,2.7394721376726302e+38
2087.6826722338205,2.738263508936142e+38
2086.833126389048,2.7401662762439473e+38
2085.9842716785915,2.7419817756858788e+38
2085.1361072594013,2.7486655138656727e+38
2084.2886322897994,2.7568363386931882e+38
2083.441845929475,2.7645727994154155e+38
2082.595747339484,2.770587034745398e+38
2081.7503356822417,2.778653242167322e+38
2080.9056101215247,2.7813068234881136e+38
2080.061569822467,2.783393310350143e+38
2079.2182139515544,2.7909663933857205e+38
2078.3755416766253,2.793818901362733e+38
2077.5335521668676,2.799233978958919e+38
2076.6922445928126,2.805250633914551e+38
2075.8516181263362,2.8085698073050955e+38
2075.0116719406547,2.802367709034708e+38
2074.1724052103214,2.79998241240115e+38
2073.333817111224,2.798047571784469e+38
2072.495906820584,2.799089157287807e+38
2071.6586735169512,2.794844690731654e+38
2070.822116380203,2.7973813815613094e+38
2069.98623459154,2.801724931194342e+38
2069.151027333485,2.8055148669702887e+38
2068.3164937898796,2.8104891775377624e+38
2067.4826331458817,2.814931745789693e+38
2066.6494445879616,2.8251249923983933e+38
2065.8169273039025,2.819082001901454e+38
2064.9850804827934,2.8123699836194598e+38
2064.153903315031,2.8065391704973726e+38
2063.3233949923138,2.801240683206756e+38
2062.4935547076416,2.799967945984056e+38
2061.66438165531,2.8004341511632195e+38
2060.8358750309126,2.799651647673065e+38
2060.0080340313325,2.8022865398720222e+38
2059.1808578547457,2.8074938192429775e+38
2058.354345700612,2.8081855725531417e+38
2057.5284967696803,2.8071126960091062e+38
2056.703310263978,2.8046954036164205e+38
2055.8787853868134,2.8040645909958556e+38
2055.054921342773,2.8063724513077864e+38
2054.2317173377155,2.8102305450135535e+38
2053.409172578774,2.8141358308150663e+38
2052.5872862743486,2.8206053808612832e+38
2051.7660576341086,2.830742259283263e+38
2050.9454858689855,2.834543533358655e+38
2050.125570191174,2.847421962440065e+38
2049.306309814128,2.8614217564081246e+38
2048.4877039525572,2.874266760439278e+38
2047.669751822426,2.8914166694315e+38
2046.8524526409515,2.9070010902346562e+38
2046.0358056265984,2.923733147537579e+38
2045.2198099990796,2.9417935439315998e+38
2044.4044649793514,2.9644733259033637e+38
2043.5897697896123,2.9873742749164775e+38
2042.7757236533002,3.010711305429983e+38
2041.962325795089,3.0304326759915172e+38
2041.1495754408882,3.059731674753503e+38
2040.3374718178386,3.0824043967734356e+38
2039.5260141543104,3.1035998362520856e+38
2038.7152016799012,3.128579142704716e+38
2037.905033625433,3.1497901674034927e+38
2037.0955092229499,3.172303783055827e+38
2036.2866277057158,3.200476862585505e+38
2035.478388308212,3.2220851097743432e+38
2034.6707902661349,3.250465067589129e+38
2033.863832816393,3.2774161451099196e+38
2033.0575151971047,3.3053002068974916e+38
2032.2518366475972,3.3272133069030926e+38
2031.446796408402,3.3452744671125865e+38
2030.6423937212537,3.3653113884400353e+38
2029.8386278290875,3.382415325177674e+38
2029.035497976037,3.405708188919659e+38
2028.2330034074314,3.424742712333347e+38
2027.4311433697933,3.446016898948673e+38
2026.6299171108362,3.4678868741754424e+38
2025.8293238794631,3.4946624350056975e+38
2025.0293629257624,3.5169978385012785e+38
2024.230033501007,3.542311800816368e+38
2023.4313348576516,3.56833124010561e+38
2022.6332662493298,3.581369989647179e+38
2021.835826930853,3.596526166609301e+38
2021.0390161582068,3.61500729133771e+38
2020.2428331885494,3.634427029885502e+38
2019.4472772802083,3.651123157406417e+38
2018.6523476926802,3.6683555020887715e+38
2017.8580436866266,3.686567273745283e+38
2017.064364523872,3.697576282439639e+38
2016.2713094674018,3.710072366151069e+38
2015.4788777813608,3.7287184164393765e+38
2014.6870687310493,3.746525771049578e+38
2013.895881582922,3.764793719124326e+38
2013.1053156045857,3.7790927082879795e+38
2012.3153700647965,3.804632642700687e+38
2011.5260442334577,3.828591664941087e+38
2010.7373373816179,3.8517699877541884e+38
2009.9492487814684,3.871608004699163e+38
2009.161777706341,3.897487869794611e+38
2008.3749234307058,3.923963337398336e+38
2007.58868523017,3.949330452281014e+38
2006.8030623814732,3.979529373282725e+38
2006.0180541624875,4.009056086496718e+38
2005.233659852214,4.03866378017249e+38
2004.449878730782,4.0690040500583626e+38
2003.6667100794452,4.1013998486155825e+38
2002.88415318058,4.135810901057541e+38
2002.1022073176835,4.1640778687619014e+38
2001.3208717753716,4.195060063946417e+38
2000.5401458393767,4.226107897248465e+38
1999.7600287965445,4.2571922911723115e+38
1998.9805199348332,4.2850750956685245e+38
1998.201618543311,4.32237673160015e+38
1997.4233239121534,4.359390731164579e+38
1996.6456353326412,4.393127240436673e+38
1995.8685520971587,4.4320405896210694e+38
1995.0920734991919,4.472285285982896e+38
1994.3161988333252,4.5111167145006705e+38
1993.5409273952394,4.542693518829625e+38
1992.7662584817115,4.580535143448064e+38
1991.9921913906096,4.616003378985647e+38
1991.2187254208939,4.6526457849869386e+38
1990.4458598726114,4.6871099225275435e+38
1989.6735940468966,4.7233683935385856e+38
1988.9019272459675,4.764184670057926e+38
1988.1308587731244,4.7961785779087996e+38
1987.3603879327477,4.830465893282993e+38
1986.5905140302955,4.865445260932971e+38
1985.8212363723017,4.898384080060776e+38
1985.0525542663743,4.898895671044961e+38
1984.284467021192,4.885558777252379e+38
1983.5169739465043,4.874828314853032e+38
1982.7500743531277,4.862121251258654e+38
1981.9837675529436,4.851664776792332e+38
1981.2180528588976,4.837501495860238e+38
1980.4529295849961,4.820577237008784e+38
1979.6883970463048,4.804549874186175e+38
1978.9244545589472,4.784595217859566e+38
1978.1611014401012,4.763454110989528e+38
1977.3983370079984,4.741861541936689e+38
1976.6361605819216,4.717830578958043e+38
1975.874571482202,4.695329681884646e+38
1975.1135690302192,4.672934869539811e+38
1974.353152548396,4.648088157905286e+38
1973.5933213602004,4.62530243175042e+38
1972.8340747901398,4.601792694716006e+38
1972.0754121637613,4.577721952101292e+38
1971.3173328076487,4.5526628670086634e+38
1970.5598360494216,4.5306065161506316e+38
1969.802921217732,4.5064018919153974e+38
1969.0465876422636,4.4836733053318e+38
1968.2908346537283,4.462427982607349e+38
1967.535661583866,4.439943137410367e+38
1966.7810677654418,4.415870165795639e+38
1966.0270525322426,4.395456134789967e+38
1965.2736152190787,4.372857586856372e+38
1964.5207551617782,4.3510717463074384e+38
1963.768471697187,4.330961460051359e+38
1963.016764163166,4.310331217427126e+38
1962.26563189859,4.291474953599139e+38
1961.5150742433455,4.270940687981232e+38
1960.765090538328,4.249383748513555e+38
1960.0156801254411,4.227409405762894e+38
1959.2668423475934,4.206612168525573e+38
1958.5185765486985,4.1877947123611876e+38
1957.770882073671,4.166424823147991e+38
1957.0237582684254,4.1480847451054694e+38
1956.2772044798749,4.125565696634201e+38
1955.531220055928,4.106724732105953e+38
1954.7858043454887,4.090187679683062e+38
1954.0409566984524,4.073575320208457e+38
1953.2966764657049,4.055282968719869e+38
1952.5529629991213,4.038154387618659e+38
1951.809815651563,4.019274728929309e+38
1951.0672337768758,3.998416489796788e+38
1950.3252167298895,3.9747401163112745e+38
1949.5837638664145,3.954547778267725e+38
1948.84287454324,3.931031432242578e+38
1948.1025481181327,3.90643181819133e+38
1947.3627839498358,3.8813044677121766e+38
1946.6235813980652,3.8570263002592106e+38
1945.8849398235084,3.837403799143299e+38
1945.1468585878233,3.819135106562835e+38
1944.4093370536364,3.8020909597733676e+38
1943.67237458454,3.783942223537096e+38
1942.9359705450906,3.766935485163621e+38
1942.200124300808,3.748620496889876e+38
1941.464835218172,3.732997015260152e+38
1940.7301026646223,3.7192026839315345e+38
1939.9959260085554,3.704667571292067e+38
1939.2623046193225,3.6901778909945374e+38
1938.5292378672302,3.676505748901757e+38
1937.7967251235345,3.660663790252968e+38
1937.0647657604432,3.6481339066404185e+38
1936.3333591511114,3.633745153362782e+38
1935.602504669641,3.621473890812888e+38
1934.8722016910783,3.6089153703062395e+38
1934.1424495914125,3.593704531005268e+38
1933.4132477475737,3.579088819526436e+38
1932.6845955374313,3.566712301374067e+38
1931.9564923397925,3.549089008949142e+38
1931.2289375343998,3.536979104116788e+38
1930.5019305019305,3.5226532571155545e+38
1929.7754706239928,3.507984866385904e+38
1929.0495572831267,3.4951667686626745e+38
1928.3241898627996,3.480878074359866e+38
1927.5993677474073,3.469189588744477e+38
1926.8750903222697,3.457658001930852e+38
1926.1513569736308,3.4482111659222784e+38
1925.4281670886564,3.4347570925616506e+38
1924.7055200554314,3.424575850907834e+38
1923.9834152629605,3.416230454945692e+38
1923.2618521011634,3.404670566569638e+38
1922.5408299608764,3.392831352481162e+38
1921.8203482338472,3.3807527220735687e+38
1921.100406312736,3.367286237086338e+38
1920.3810035911124,3.3558633716730265e+38
1919.6621394634542,3.344491573329574e+38
1918.9438133251456,3.3313357594097718e+38
1918.2260245724754,3.3182868541411715e+38
1917.5087726026345,3.3055032633098093e+38
1916.7920568137165,3.2917778538845518e+38
1916.0758766047136,3.2801178903244523e+38
1915.360231375516,3.265096736835262e+38
1914.6451205269102,3.253339223333396e+38
1913.9305434605776,3.239359038113737e+38
1913.2164995790922,3.226440484044818e+38
1912.5029882859192,3.2138451551943924e+38
1911.790008985413,3.1971285472937734e+38
1911.0775610828164,3.1860081900097596e+38
1910.3656439842587,3.174602890384275e+38
1909.6542570967526,3.1628925509100893e+38
1908.943399828195,3.1504238771962212e+38
1908.2330715873636,3.136707344759606e+38
1907.5232717839158,3.127699666363031e+38
1906.8139998283866,3.113313411827714e+38
1906.1052551321882,3.101151022105376e+38
1905.3970371076073,3.0872424625401332e+38
1904.6893451678031,3.073088127350665e+38
1903.982178726807,3.0594679943939107e+38
1903.2755371995204,3.0416115171125106e+38
1902.5694200017124,3.0279655395461252e+38
1901.863826550019,3.0195274045538297e+38
1901.1587562619416,3.0083000897319674e+38
1900.4542085558446,2.9983284935508447e+38
1899.7501828509548,2.9901097122059847e+38
1899.046678567359,2.983754523912013e+38
1898.3436951260026,2.9732237261421085e+38
1897.6412319486876,2.970188965301046e+38
1896.939288458073,2.9653568661828378e+38
1896.2378640776699,2.9628863300864644e+38
1895.536958231843,2.9604747683307538e+38
1894.8365703458076,2.9589400432874083e+38
1894.1366998456278,2.956154071849833e+38
1893.4373461582154,2.952016695611631e+38
1892.738508711329,2.9451887410681365e+38
1892.0401869335703,2.936778467647947e+38
1891.3423802543855,2.928323772225378e+38
1890.6450881040612,2.9203181327350695e+38
1889.9483099137237,2.908656899402231e+38
1889.252045115339,2.896597796021024e+38
1888.5562931417078,2.889856160074344e+38
1887.8610534264678,2.8813056979484357e+38
1887.1663254040893,2.8669589639334647e+38
1886.4721085098756,2.855370108558378e+38
1885.7784021799598,2.8398916556044157e+38
1885.0852058513044,2.8263459304976663e+38
1884.3925189616998,2.815438253887841e+38
1883.7003409497615,2.8040074865647332e+38
1883.0086712549312,2.7933531953480073e+38
1882.3175093174718,2.7834150130070344e+38
1881.6268545784685,2.7715430757736316e+38
1880.9367064798269,2.7610834445349087e+38
1880.2470644642706,2.7507784953264153e+38
1879.5579279753401,2.7433759832305576e+38
1878.8692964573918,2.737499127805442e+38
1878.181169355596,2.7318429242843244e+38
1877.4935461159353,2.7259835648367593e+38
1876.806426185203,2.7203326745212365e+38
1876.1198090110033,2.716262344686297e+38
1875.4336940417472,2.7121141415254282e+38
1874.7480807266522,2.7136290041044083e+38
1874.062968515742,2.7127151585295294e+38
1873.378356859843,2.715522253847543e+38
1872.6942452105843,2.7152961725214136e+38
1872.0106330203955,2.7151738827931042e+38
1871.3275197425053,2.7195218743447347e+38
1870.6449048309405,2.72632623120334e+38
1869.962787740524,2.730977662914385e+38
1869.2811679268736,2.739046263707579e+38
1868.6000448464008,2.7434784745799746e+38
1867.9194179563092,2.7506842198859266e+38
1867.2392867145923,2.757111231931417e+38
1866.5596505800333,2.7605912532784433e+38
1865.8805090122028,2.764623033952228e+38
1865.2018614714577,2.7679128962352546e+38
1864.5237074189397,2.77493482527366e+38
1863.8460463165743,2.779297399863324e+38
1863.168877627068,2.7862102606833753e+38
1862.492200813909,2.795246689058214e+38
1861.816015341364,2.8059235069725132e+38
1861.1403206744772,2.8151566631501896e+38
1860.4651162790697,2.8276257184983646e+38
1859.7904016217374,2.8395990855323138e+38
1859.1161761698486,2.8513824513559554e+38
1858.4424393915458,2.8618608772601427e+38
1857.7691907557405,2.8715531703989006e+38
1857.0964297321136,2.8767878579072238e+38
1856.424155791115,2.8770432572185855e+38
1855.7523684039602,2.8748352568340914e+38
1855.0810670426297,2.8726179761043252e+38
1854.4102511798685,2.874214429346091e+38
1853.7399202891834,2.8616977715247915e+38
1853.0700738448425,2.848004876646083e+38
1852.4007113218731,2.8376371037035202e+38
1851.7318321960613,2.8280497251963497e+38
1851.0634359439498,2.8176038041184475e+38
1850.3955220428365,2.806433459567514e+38
1849.7280899707744,2.7973602870625137e+38
1849.061139206568,2.7882607644475623e+38
1848.3946692297739,2.780605879886509e+38
1847.7286795206992,2.776251168755986e+38
1847.0631695603988,2.7732111486509864e+38
1846.398138830676,2.7688965110079265e+38
1845.7335868140792,2.7658382469889175e+38
1845.069512993902,2.763356945438927e+38
1844.4059168541812,2.7598223173178128e+38
1843.742797879696,2.734909574283145e+38
1843.080155555965,2.7067431969341942e+38
1842.417989369248,2.6799943621446605e+38
1841.756298806542,2.6544231743474074e+38
1841.0950833555798,2.629338015345661e+38
1840.434342504831,2.602883993447024e+38
1839.7740757434988,2.5774459098947646e+38
1839.1142825615184,2.5519575725089815e+38
1838.4549624495573,2.527460656937818e+38
1837.796114899013,2.503803826226553e+38
1837.1377394020117,2.4804977628368133e+38
1836.4798354514069,2.4546953248097235e+38
1835.8224025407783,2.431036830282596e+38
1835.1654401644307,2.406556061032075e+38
1834.508947817393,2.3822073775961057e+38
1833.8529249954154,2.3592264033057692e+38
1833.1973711949697,2.336616220625531e+38
1832.5422859132475,2.3151794717228528e+38
1831.8876686481585,2.2936502267104577e+38
1831.2335188983297,2.2724177832270956e+38
1830.5798361631048,2.250097770206051e+38
1829.9266199425404,2.2287409660381075e+38
1829.2738697374077,2.208868389224377e+38
1828.62158504919,2.1896863850057037e+38
1827.9697653800806,2.17009280490831e+38
1827.318410232983,2.150071973688853e+38
1826.6675191115087,2.1312795851454404e+38
1826.0170915199765,2.111624020441135e+38
1825.3671269634103,2.0941749606798662e+38
1824.7176249475392,2.0787554439508257e+38
1824.0685849787951,2.0618066628869025e+38
1823.4200065643117,2.0480180612017894e+38
1822.7718892119244,2.0324427730833765e+38
1822.124232430167,2.0181829721889956e+38
1821.477035728272,2.0049410128667688e+38
1820.8302986161689,1.9910416638933046e+38
1820.184020604483,1.9780587218593165e+38
1819.5382012045343,1.9631416980961682e+38
1818.8928399283357,1.9512750568744373e+38
1818.2479362885922,1.938001847851933e+38
1817.6034897987004,1.925749703327391e+38
1816.9594999727456,1.9150626833935337e+38
1816.315966325502,1.9050369294314876e+38
1815.6728883724309,1.8941351154392422e+38
1815.0302656296794,1.8846556534457807e+38
1814.3880976140795,1.876227558068952e+38
1813.7463838431472,1.866568629978796e+38
1813.10512383508,1.8598013741290335e+38
1812.4643171087569,1.8517021631809274e+38
1811.823963183737,1.845624221467474e+38
1811.184061580258,1.8381305338559095e+38
1810.5446118192351,1.832688831671991e+38
1809.90561342226,1.826336165915501e+38
1809.267065911599,1.8225362211170566e+38
1808.6289688101933,1.818575989210036e+38
1807.991321641656,1.8143710891292276e+38
1807.3541239302722,1.811907185196374e+38
1806.7173752009974,1.8089702889507895e+38
1806.081074979456,1.807848426525273e+38
1805.4452227919403,1.8032985238657317e+38
1804.8098181654107,1.802016459517371e+38
1804.1748606274919,1.8013009689488336e+38
1803.5403497064738,1.8014742254676697e+38
1802.906284931309,1.8021925709571143e+38
1802.2726658316135,1.8028015212306022e+38
1801.6394919376633,1.802175667055882e+38
1801.0067627803942,1.8043405858614293e+38
1800.3744778914013,1.806216683152728e+38
1799.742636802937,1.809723750532733e+38
1799.1112390479102,1.815313699763297e+38
1798.4802841598848,1.818959646997147e+38
1797.8497716730787,1.825447617642099e+38
1797.2197011223636,1.8310378352529674e+38
1796.590072043262,1.836116828518074e+38
1795.960883971947,1.8425144641849146e+38
1795.3321364452422,1.850441824616137e+38
1794.703829000619,1.860559724934243e+38
1794.075961176196,1.868589199763536e+38
1793.448532510738,1.8737440601884645e+38
1792.821542543655,1.8831539510421682e+38
1792.1949908150007,1.8883919384993083e+38
1791.5688768654709,1.8982856431457384e+38
1790.9432002364044,1.907134616814337e+38
1790.3179604697793,1.9182625073027154e+38
1789.6931571082139,1.927330150605029e+38
1789.0687896949637,1.939133954068942e+38
1788.4448577739226,1.9491223266134e+38
1787.8213608896199,1.960484974656923e+38
1787.1982985872196,1.972991535536777e+38
1786.5756704125204,1.9807938871312804e+38
1785.9534759119524,1.9923205542772763e+38
1785.3317146325787,2.002630320739256e+38
1784.710386122092,2.0126111645305067e+38
1784.0894899288146,2.024039703005599e+38
1783.469025601698,2.0310792330574706e+38
1782.8489926903192,2.045114636538478e+38
1782.2293907448827,2.057105682556395e+38
1781.610219316218,2.0706131645175544e+38
1780.991477955778,2.087171047780149e+38
1780.3731662156385,2.1004632978255306e+38
1779.755283648498,2.113516091182556e+38
1779.1378298076752,2.125334715683826e+38
1778.5208042471074,2.1354604764990094e+38
1777.9042065213525,2.1484919896713007e+38
1777.2880361855844,2.1586318638616737e+38
1776.6722927955939,2.1690153011978543e+38
1776.056975907787,2.181770283324946e+38
1775.4420850791846,2.192763855544241e+38
1774.8276198674203,2.2056217272540608e+38
1774.21357983074,2.21925576393042e+38
1773.5999645280008,2.229074295035243e+38
1772.9867735186695,2.241510707773571e+38
1772.3740063628227,2.2546560664868402e+38
1771.761662621144,2.268709366541643e+38
1771.149741854925,2.278715897779775e+38
1770.5382436260625,2.290892085593562e+38
1769.9271674970573,2.3047013325470068e+38
1769.3165130310158,2.318780851524521e+38
1768.7062797916462,2.3364292447768574e+38
1768.0964673432584,2.349575118759437e+38
1767.487075250762,2.362672948485041e+38
1766.8781030796686,2.3740121839902087e+38
1766.2695503960858,2.3905867992552623e+38
1765.6614167667205,2.4048306612437157e+38
1765.053701758876,2.4187089274059535e+38
1764.4464049404498,2.4318562349434443e+38
1763.8395258799355,2.4420534383583607e+38
1763.2330641464187,2.4558470536839804e+38
1762.6270193095788,2.468494853121239e+38
1762.021390939686,2.4801894977529277e+38
1761.4161786076004,2.49276480081163e+38
1760.8113818847723,2.5056243882591977e+38
1760.2070003432402,2.5187300023329153e+38
1759.6030335556297,2.533563772742833e+38
1758.999481095153,2.5454634952045615e+38
1758.3963425356076,2.5601811014195934e+38
1757.7936174513748,2.5745293830102616e+38
1757.1913054174208,2.5866851515652212e+38
1756.5894060092924,2.6006545968945747e+38
1755.9879188031184,2.615904316749557e+38
1755.3868433756088,2.633161797500822e+38
1754.7861793040518,2.6465225185748798e+38
1754.1859261663142,2.656528125453016e+38
1753.586083540841,2.6636884577343377e+38
1752.9866510066524,2.6707527870636244e+38
1752.3876281433452,2.6768977838452626e+38
1751.7890145310898,2.6821795599217765e+38
1751.1908097506303,2.6875873171673175e+38
1750.5930133832833,2.695222728353834e+38
1749.9956250109374,2.7018750570156828e+38
1749.3986442160508,2.7102128751759013e+38
1748.8020705816516,2.7189013157625856e+38
1748.2059036913367,2.7257466550597845e+38
1747.6101431292707,2.7364735332710737e+38
1747.0147884801845,2.7457702064753033e+38
1746.4198393293746,2.7572887198330347e+38
1745.825295262703,2.7672971973667304e+38
1745.2311558665942,2.776282262244265e+38
1744.6374207280371,2.785213763396975e+38
1744.0440894345809,2.794537847168402e+38
1743.4511615743363,2.8036896098051878e+38
1742.8586367359742,2.812999682270128e+38
1742.2665145087242,2.8220336482318e+38
1741.674794482374,2.8332141098190413e+38
1741.0834762472687,2.8416361929792974e+38
1740.4925593943085,2.849205798817975e+38
1739.90204351495,2.856528061739235e+38
1739.3119282012035,2.8646872435456574e+38
1738.7222130456328,2.8739625968462244e+38
1738.1328976413536,2.8820364567615223e+38
1737.5439815820337,2.8915249221826223e+38
1736.955464461891,2.8779063862707297e+38
1736.3673458756932,2.8571312805522187e+38
1735.7796254187567,2.8365591247235845e+38
1735.1923026869451,2.815424769109792e+38
1734.6053772766695,2.7952591591068033e+38
1734.0188487848864,2.773959968486759e+38
1733.4327168090967,2.7549323214961947e+38
1732.8469809473474,2.7347332654385887e+38
1732.2616407982262,2.7142711158171057e+38
1731.676695960864,2.693455263895449e+38
1731.0921460349334,2.6734945690037844e+38
1730.5079906206465,2.653980163588436e+38
1729.9242293187558,2.6339985564792593e+38
1729.3408617305513,2.6142547489476425e+38
1728.7578874578617,2.5953874154000967e+38
1728.1753061030508,2.5756370380160275e+38
1727.5931172690207,2.556029186522048e+38
1727.011320559206,2.5351824216948287e+38
1726.429915577577,2.516649037526001e+38
1725.848901928636,2.4982327628083573e+38
1725.2682792174182,2.4802616109108064e+38
1724.6880470494898,2.462623249207976e+38
1724.1082050309476,2.4446761360689847e+38
1723.528752768418,2.4267518578595048e+38
1722.9496898690556,2.407537037517795e+38
1722.3710159405439,2.3900267825506333e+38
1721.7927305910914,2.371995656806693e+38
1721.2148334294345,2.3542013150434943e+38
1720.6373240648336,2.338288989432626e+38
1720.0602021070736,2.321788590844324e+38
1719.483467166463,2.303696790896324e+38
1718.9071188538326,2.286499457884477e+38
1718.3311567805347,2.269557464954414e+38
1717.755580558442,2.252234995813775e+38
1717.1803897999484,2.2367972326801433e+38
1716.605584117965,2.2205434525890194e+38
1716.0311631259224,2.204359060469158e+38
1715.4571264377676,2.1889697695508514e+38
1714.8834736679642,2.1726437299946348e+38
1714.3102044314917,2.157550736103302e+38
1713.7373183438442,2.1412615949573545e+38
1713.164815021029,2.126736380679834e+38
1712.5926940795669,2.111849193148562e+38
1712.0209551364908,2.0978975473736785e+38
1711.4495978093444,2.082223938822455e+38
1710.8786217161821,2.067055481052109e+38
1710.3080264755683,2.0539697218548124e+38
1709.7378117065748,2.0392987619753953e+38
1709.1679770287824,2.0251163245194603e+38
1708.598522062278,2.011275428903291e+38
1708.0294464276562,1.9971781852791244e+38
1707.4607497460152,1.983173255912597e+38
1706.892431638958,1.9692952691073367e+38
1706.324491728592,1.954361277930317e+38
1705.7569296375266,1.939570957607766e+38
1705.1897449888734,1.9259137642133698e+38
1704.6229374062457,1.9105554196790353e+38
1704.0565065137557,1.8957481671067704e+38
1703.4904519360168,1.88114733668605e+38
1702.9247732981394,1.8662807083505155e+38
1702.3594702257328,1.852362092246689e+38
1701.7945423449025,1.8374526567869467e+38
1701.229989282251,1.823960801477284e+38
1700.6658106648752,1.810590972192992e+38
1700.1020061203672,1.796855177890395e+38
1699.5385752768123,1.7850134789421275e+38
1698.975517762789,1.7714120995424743e+38
1698.4128332073676,1.755897746670874e+38
1697.85052124011,1.7390269849757185e+38
1697.2885814910678,1.723302881577569e+38
1696.7270135907831,1.7066379421744585e+38
1696.1658171702866,1.6919303473680851e+38
1695.6049918610959,1.6767225741574952e+38
1695.0445372952174,1.6622096245815796e+38
1694.4844531051428,1.6464243553242376e+38
1693.9247389238494,1.6309143449835342e+38
1693.3653943848,1.6172170156040046e+38
1692.8064191219412,1.6035023419455198e+38
1692.247812769702,1.5899095322707145e+38
1691.6895749629941,1.577141609387058e+38
1691.1317053372118,1.5650464218775515e+38
1690.5742035282283,1.5510738764181576e+38
1690.0170691723986,1.5374314947627512e+38
1689.4603019065557,1.5264457034786996e+38
1688.903901368012,1.5143624500259207e+38
1688.3478671945568,1.503291560384585e+38
1687.792199024456,1.4924444909606604e+38
1687.2368964964526,1.4809892112958903e+38
1686.6819592497638,1.4698975042772675e+38
1686.127386924082,1.4573453271083183e+38
1685.573179159573,1.4464023081306898e+38
1685.0193355968759,1.4340392213339916e+38
1684.4658558771014,1.4248661870201838e+38
1683.9127396418316,1.414989905909084e+38
1683.35998653312,1.4049963528229656e+38
1682.8075961934892,1.3960654853851101e+38
1682.2555682659308,1.3865317081852532e+38
1681.7039023939055,1.3781312957860306e+38
1681.1525982213404,1.3699527295640883e+38
1680.6016553926304,1.3639897547065611e+38
1680.0510735526361,1.3570987940321408e+38
1679.5008523466827,1.3508078406106286e+38
1678.9509914205605,1.344309109790899e+38
1678.4014904205233,1.337255844901424e+38
1677.8523489932886,1.3319861456110111e+38
1677.3035667860345,1.3262774143943637e+38
1676.7551434464024,1.3195708108078214e+38
1676.2070786224929,1.3149496211144006e+38
1675.6593719628675,1.3102742139924212e+38
1675.112023116546,1.3051368674218346e+38
1674.5650317330073,1.301464455319123e+38
1674.018397462188,1.297218504522841e+38
1673.4721199544815,1.2931583597127852e+38
1672.926198860737,1.2900621054354496e+38
1672.3806338322602,1.2891997281452421e+38
1671.8354245208102,1.288062908778472e+38
1671.2905705786009,1.287042745199612e+38
1670.746071658299,1.2851123776501602e+38
1670.2019274130241,1.2841472216436131e+38
1669.6581374963478,1.2847878396523474e+38
1669.1147015622912,1.2864580707070116e+38
1668.5716192653279,1.2881745069980294e+38
1668.0288902603793,1.2899092974758772e+38
1667.4865142028164,1.2916342216738922e+38
1666.944490748458,1.29365880461943e+38
1666.4028195535705,1.2970441664117086e+38
1665.861500274867,1.2995383743989418e+38
1665.3205325695062,1.3016467918547884e+38
1664.7799160950922,1.3013311389012908e+38
1664.2396505096733,1.3030488349325572e+38
1663.699735471742,1.3041645560838745e+38
1663.1601706402334,1.3062354469292099e+38
1662.6209556745252,1.3071519643821438e+38
1662.0820902344367,1.3083355910433005e+38
1661.5435739802276,1.3116444530095632e+38
1661.0054065725983,1.313168249968638e+38
1660.4675876726885,1.317354072826095e+38
1659.9301169420767,1.3188416253046649e+38
1659.392994042779,1.3227321861244296e+38
1658.8562186372496,1.3250225350851234e+38
1658.3197903883784,1.328931873779086e+38
1657.783708959492,1.3321996936463742e+38
1657.2479740143515,1.3374549215289408e+38
1656.7125852171534,1.341421444277722e+38
1656.1775422325275,1.3435354899016766e+38
1655.6428447255357,1.3481137416803637e+38
1655.1084923616743,1.3518963525437936e+38
1654.5744848068696,1.3534243134899551e+38
1654.0408217274803,1.3537369777334838e+38
1653.5075027902938,1.3540708705417232e+38
1652.9745276625285,1.3510039468371575e+38
1652.4418960118312,1.3468764441064116e+38
1651.9096075062773,1.3437327855238628e+38
1651.3776618143686,1.3389183363538e+38
1650.8460586050348,1.3354753129588971e+38
1650.3147975476322,1.3337068549807308e+38
1649.783878311941,1.331508388458719e+38
1649.2533005681678,1.329782203349394e+38
1648.7230639869422,1.3283222439457835e+38
1648.1931682393176,1.3268948145936748e+38
1647.6636129967703,1.3252855867274872e+38
1647.1343979311991,1.3242912961687055e+38
1646.605522714923,1.3259091332071412e+38
1646.076987020683,1.3251413050995542e+38
1645.5487905216387,1.3255059202040575e+38
1645.0209328913709,1.3262494369129572e+38
1644.4934138038775,1.3267205261421497e+38
1643.9662329335754,1.328864018640967e+38
1643.4393899552983,1.328884307657322e+38
1642.912884544297,1.3302190716150098e+38
1642.386716376238,1.3337077313777415e+38
1641.8608851272031,1.3356694176291739e+38
1641.3353904736894,1.3373808125228594e+38
1640.8102320926073,1.3406688494514997e+38
1640.285409661281,1.3425574558700161e+38
1639.7609228574474,1.3464347259033892e+38
1639.236771359255,1.3468679886806371e+38
1638.7129548452644,1.347451773431428e+38
1638.1894729944465,1.3481369799243918e+38
1637.6663254861821,1.34612243484814e+38
1637.1435120002618,1.345783729614007e+38
1636.621032216885,1.3453500680067965e+38
1636.0988858166586,1.3465815538567826e+38
1635.577072480598,1.3456359142824075e+38
1635.0555918901243,1.3459426354710567e+38
1634.5344437270653,1.3467123448341794e+38
1634.0136276736548,1.3466792353174612e+38
1633.4931434125303,1.3457723373603834e+38
1632.972990626735,1.3458631600245317e+38
1632.4531689997143,1.3463625552928972e+38
1631.9336782153173,1.3486619591987653e+38
1631.4145179577952,1.3486766734754546e+38
1630.895687911801,1.3500913445233988e+38
1630.3771877623888,1.3528169031865601e+38
1629.8590171950127,1.3531641870199348e+38
1629.3411758955265,1.3546835204121778e+38
1628.823663550184,1.357165942183716e+38
1628.3064798456364,1.3597333967680565e+38
1627.7896244689337,1.3609866399577727e+38
1627.273097107522,1.3652470092739698e+38
1626.7568974492451,1.3682510147279604e+38
1626.2410251823421,1.37130292960302e+38
1625.7254799954478,1.3746412812993014e+38
1625.2102615775916,1.375444398814694e+38
1624.6953696181965,1.376369310257041e+38
1624.1808038070797,1.3788115935232107e+38
1623.666563834451,1.3805056322364231e+38
1623.1526493909118,1.3826837665365166e+38
1622.6390601674564,1.3857085594258288e+38
1622.1257958554684,1.3877272442767238e+38
1621.6128561467235,1.3891753303484087e+38
1621.1002407333856,1.3912358188832518e+38
1620.5879493080088,1.3954910033758704e+38
1620.0759815635352,1.3981499070952617e+38
1619.564337193295,1.401046737618799e+38
1619.0530158910053,1.4060150495968923e+38
1618.5420173507703,1.4091082590842432e+38
1618.0313412670803,1.4134433619905369e+38
1617.5209873348103,1.418345068558678e+38
1617.0109552492218,1.4237626994422794e+38
1616.5012447059582,1.4271668278432474e+38
1615.9918554010487,1.4333446973785028e+38
1615.482787030904,1.440428080199911e+38
1614.9740392923184,1.446977844570993e+38
1614.4656118824669,1.4528486409019143e+38
1613.9575044989065,1.4598295179676846e+38
1613.4497168395746,1.4679303572458622e+38
1612.9422486027888,1.4732106852206735e+38
1612.4350994872455,1.4805213550566379e+38
1611.928269192021,1.4882642817017712e+38
1611.4217574165687,1.4966589963289372e+38
1610.91556386072,1.5054230218701619e+38
1610.409688224684,1.5129315366353972e+38
1609.904130209046,1.522653198658766e+38
1609.398889514766,1.5330562078198463e+38
1608.893965843181,1.5435097250895514e+38
1608.3893588960013,1.5554458030646642e+38
1607.8850683753126,1.5669900180762135e+38
1607.3810939835726,1.577526510077672e+38
1606.877435423613,1.590667000456818e+38
1606.3740923986377,1.6006327581503516e+38
1605.8710646122222,1.614114901588614e+38
1605.3683517683132,1.627146716442918e+38
1604.865953571228,1.641009869093997e+38
1604.3638697256536,1.6545310732119113e+38
1603.8620999366474,1.6673061040199948e+38
1603.3606439096343,1.6803801630214555e+38
1602.8595013504091,1.6957646020436491e+38
1602.3586719651325,1.709078690446131e+38
1601.858155460334,1.7218453286936392e+38
1601.3579515429083,1.735673455808664e+38
1600.858059920117,1.7484123334800405e+38
1600.358480299587,1.76311609003565e+38
1599.8592123893097,1.7767880171896e+38
1599.360255897641,1.7921131352346473e+38
1598.8616105333,1.8088020550085192e+38
1598.3632760053704,1.8263295703815757e+38
1597.8652520232968,1.8430415787383054e+38
1597.3675382968868,1.860144623264473e+38
1596.8701345363088,1.8782813576584847e+38
1596.3730404520927,1.895745464356802e+38
1595.8762557551286,1.9025447583774105e+38
1595.3797801566661,1.9093837722467608e+38
1594.8836133683142,1.9144698851391276e+38
1594.3877551020407,1.9218857552886054e+38
1593.892205070171,1.929247534773586e+38
1593.3969629853887,1.9368173777709e+38
1592.9020285607335,1.946223243547606e+38
1592.407401509602,1.9548646216951424e+38
1591.9130815457474,1.9648403467621136e+38
1591.4190683832774,1.9753207213491587e+38
1590.9253617366542,1.9849626253985963e+38
1590.4319613206944,1.9954885141468765e+38
1589.9388668505696,2.0059365116482917e+38
1589.4460780418021,2.018300876915265e+38
1588.9535946102692,2.031083789596254e+38
1588.4614162721987,2.04504719965044e+38
1587.96954274417,2.0579502909016267e+38
1587.4779737431143,2.072603503657704e+38
1586.9867089863121,2.0876928933314724e+38
1586.4957481913948,2.1029900972853165e+38
1586.005091076342,2.11872030116272e+38
1585.5147373594834,2.1348381022464254e+38
1585.0246867594963,2.1522559085016302e+38
1584.5349389954047,2.1715318881884007e+38
1584.0454937865813,2.1896741017045447e+38
1583.556350852745,2.208932176799438e+38
1583.06750991396,2.228168905924539e+38
1582.5789706906373,2.250009390099306e+38
1582.090732903532,2.270780173795747e+38
1581.6027962737437,2.2919556941211865e+38
1581.1151605227167,2.3132593430364805e+38
1580.6278253722378,2.33536175307812e+38
1580.1407905444376,2.3584117179627814e+38
1579.6540557617882,2.382318777095929e+38
1579.167620747104,2.4043190729084928e+38
1578.6814852235414,2.4274854817283573e+38
1578.1956489145957,2.452069360360656e+38
1577.7101115441048,2.4768686274528e+38
1577.2248728362447,2.504060331423808e+38
1576.7399325155307,2.529805830234072e+38
1576.255290306818,2.5575757157827157e+38
1575.7709459352989,2.5844732267094693e+38
1575.2868991265032,2.6132517798314622e+38
1574.803149606299,2.6409515817147664e+38
1574.3196971008902,2.670252836409896e+38
1573.8365413368167,2.7012780806921313e+38
1573.3536820409543,2.7321159900281124e+38
1572.871118940514,2.7631540285494577e+38
1572.3888517630407,2.7945098715275565e+38
1571.9068802364147,2.8282024032726054e+38
1571.4252040888482,2.8602327483117835e+38
1570.9438230488877,2.8937788689246305e+38
1570.4627368454114,2.9291483315920844e+38
1569.9819452076301,2.9644408035795822e+38
1569.5014478650855,3.000804905765254e+38
1569.0212445476511,3.038396393629492e+38
1568.54133498553,3.0762288764664868e+38
1568.0617189092563,3.1139980878809494e+38
1567.582396049692,3.1534719853747777e+38
1567.1033661380304,3.1924236599466764e+38
1566.624628905791,3.2226371393556406e+38
1566.1461840848224,3.25108281811783e+38
1565.6680314073005,3.2807527155796933e+38
1565.1901706057283,3.310718537446435e+38
1564.7126014129356,3.3393503828401357e+38
1564.2353235620765,3.367215476552726e+38
1563.7583367866328,3.3969099224816977e+38
1563.2816408204103,3.425818514341909e+38
1562.8052353975386,3.455127385666203e+38
1562.3291202524724,3.4843995995386925e+38
1561.8532951199893,3.514926306730476e+38
1561.3777597351902,3.544923951190992e+38
1560.9025138334985,3.569629912963215e+38
1560.4275571506594,3.593086157137387e+38
1559.9528894227394,3.617078777920402e+38
1559.4785103861268,3.640512319228409e+38
1559.0044197775298,3.6634129253564464e+38
1558.5306173339775,3.687035616868924e+38
1558.0571027928174,3.709900582049726e+38
1557.5838758917166,3.732722063105384e+38
1557.1109363686614,3.755070452399032e+38
1556.6382839619557,3.778846116561485e+38
1556.165918410221,3.801983981369547e+38
1555.6938394523959,3.8256778969470884e+38
1555.2220468277358,3.850023214345041e+38
1554.7505402758127,3.87168966392897e+38
1554.2793195365139,3.892598689625337e+38
1553.808384350042,3.912090690733426e+38
1553.3377344569142,3.9324489069708795e+38
1552.8673695979624,3.951989398625622e+38
1552.3972895143324,3.971568316092528e+38
1551.9274939474826,3.992303960824791e+38
1551.457982639185,4.012172722658618e+38
1550.9887553315236,4.028540090520365e+38
1550.5198117668947,4.042977014622444e+38
1550.0511516880056,4.0574379361293145e+38
1549.5827748378747,4.071292466477654e+38
1549.1146809598313,4.085613382915573e+38
1548.6468697975145,4.098848960719324e+38
1548.1793410948724,4.113024965127609e+38
1547.7120945961633,4.125730161114106e+38
1547.2451300459531,4.1371871466204534e+38
1546.7784471891168,4.147707292801371e+38
1546.3120457708364,4.158137510764069e+38
1545.8459255366017,4.168796545261819e+38
1545.380086232209,4.1792177165482045e+38
1544.9145276037602,4.190923465339715e+38
1544.4492493976647,4.20341209671816e+38
1543.9842513606359,4.2135304796172425e+38
1543.5195332396931,4.223579209621195e+38
1543.055094782159,4.231481486698357e+38
1542.5909357356616,4.2387758961645824e+38
1542.127055848131,4.246001147166854e+38
1541.6634548678023,4.252895147918888e+38
1541.2001325432113,4.262237565276645e+38
1540.7370886231975,4.27049334367073e+38
1540.2743228569009,4.277071294074902e+38
1539.8118349937638,4.283705941289838e+38
1539.3496247835292,4.291211247504944e+38
1538.8876919762397,4.297939729100256e+38
1538.4260363222388,4.304993534814932e+38
1537.964657572169,4.3115986375159735e+38
1537.5035554769722,4.319290777836868e+38
1537.0427297878882,4.326114638194714e+38
1536.5821802564558,4.3322925995273846e+38
1536.1219066345107,4.3384475374378966e+38
1535.6619086741864,4.344449770129948e+38
1535.2021861279131,4.349259373261302e+38
1534.7427387484174,4.356016730965409e+38
1534.2835662887214,4.361307785198012e+38
1533.8246685021436,4.366143160519924e+38
1533.3660451422963,4.369056294110571e+38
1532.9076959630877,4.371602080988557e+38
1532.449620718719,4.3762348699019296e+38
1531.991819163686,4.3796341061809726e+38
1531.5342910527768,4.38357514180912e+38
1531.0770361410737,4.384146862012455e+38
1530.62005418395,4.384007267939348e+38
1530.1633449370722,4.3835328017676636e+38
1529.7069081563973,4.381100134245545e+38
1529.2507435981743,4.3800031206875586e+38
1528.794851018942,4.3793225262172546e+38
1528.33923017553,4.3775718733208924e+38
1527.8838808250573,4.3747489154935605e+38
1527.428802724933,4.373025479402523e+38
1526.9739956328547,4.373316224349025e+38
1526.5194593068074,4.3691921888187834e+38
1526.0651935050666,4.363771466778744e+38
1525.6111979861935,4.359986027548054e+38
1525.1574725090368,4.3558219720989595e+38
1524.7040168327323,4.3484862839207205e+38
1524.250830716703,4.3448187342045115e+38
1523.797913920656,4.337077483099725e+38
1523.3452662045854,4.3304123588046364e+38
1522.8928873287698,4.323917868086383e+38
1522.4407770537728,4.313881049359453e+38
1521.9889351404415,4.298622549361087e+38
1521.5373613499082,4.284993218119252e+38
1521.086055443587,4.272701145956997e+38
1520.6350171831757,4.2557701854122966e+38
1520.1842463306555,4.23888363556265e+38
1519.7337426482882,4.2225833683430556e+38
1519.2835058986184,4.2007677850947885e+38
1518.8335358444717,4.1771376266903845e+38
1518.3838322489541,4.142369472380732e+38
1517.9343948754536,4.108498010546554e+38
1517.4852234876364,4.0747713945556305e+38
1517.0363178494492,4.038979607046681e+38
1516.5876777251185,4.003879105749476e+38
1516.1393028791488,3.968089845254089e+38
1515.6911930763226,3.932269965808855e+38
1515.243348081702,3.896642769984323e+38
1514.7957676606252,3.860760621121805e+38
1514.3484515787084,3.822618971491286e+38
1513.901399601844,3.786433804628395e+38
1513.4546114962013,3.750072718498097e+38
1513.0080870282252,3.715677266057157e+38
1512.5618259646365,3.678267450329784e+38
1512.1158280724305,3.64034536671916e+38
1511.6700931188777,3.6021695712196346e+38
1511.2246208715233,3.5624207120178605e+38
1510.7794110981856,3.522153301589854e+38
1510.3344635669569,3.4843116661742065e+38
1509.8897780462028,3.4454372820285004e+38
1509.4453543045609,3.407478755825947e+38
1509.0011921109417,3.3709449741357126e+38
1508.557291234528,3.335290060082911e+38
1508.113651444773,3.297671107548687e+38
1507.670272511402,3.2617224730172623e+38
1507.2271542044102,3.2269335975517447e+38
1506.784296294064,3.1924328379965962e+38
1506.3416985508995,3.15865022475589e+38
1505.8993607457214,3.125500641354157e+38
1505.457282649605,3.0930394913733492e+38
1505.015464033893,3.0555701182335295e+38
1504.5739046701976,3.019372835134446e+38
1504.132604330398,2.984531982152176e+38
1503.6915627866413,2.94774675666911e+38
1503.250779811342,2.914703575080601e+38
1502.8102551771813,2.8822545162076462e+38
1502.3699886571067,2.8449307980900547e+38
1501.9299800243314,2.8036543168424674e+38
1501.4902290523346,2.762295030843895e+38
1501.0507355148607,2.7235834231344382e+38
1500.6114991859185,2.683183049597246e+38
1500.1725198397817,2.6433108182088257e+38
1499.7337972509881,2.606251292070157e+38
1499.2953311943388,2.568330512694796e+38
1498.8571214448982,2.5316356285806628e+38
1498.4191677779943,2.4940279666639646e+38
1497.9814699692165,2.456829756860049e+38
1497.5440277944174,2.419513648340924e+38
1497.1068410297103,2.3820360271920567e+38
1496.6699094514704,2.346756435511375e+38
1496.2332328363345,2.314424744001868e+38
1495.7968109611993,2.2811987760902794e+38
1495.3606436032212,2.247447503403576e+38
1494.9247305398176,2.213386259272409e+38
1494.4890715486642,2.1783809616070244e+38
1494.0536664076974,2.144763912945335e+38
1493.6185148951108,2.111710092180363e+38
1493.1836167893566,2.079845227818588e+38
1492.7489718691456,2.0486878341916735e+38
1492.3145799134459,2.0197245962497617e+38
1491.8804407014823,1.9902849483603756e+38
1491.446554012737,1.960938691458229e+38
1491.0129196269488,1.9314805886165958e+38
1490.5795373241117,1.9032211779091316e+38
1490.1464068844766,1.8751196739710472e+38
1489.7135280885486,1.8476142787126463e+38
1489.2809007170888,1.821314829062874e+38
1488.8485245511122,1.7952837303064707e+38
1488.4163993718885,1.770002888778123e+38
1487.9845249609405,1.7447474242469036e+38
1487.5529011000453,1.719216988187653e+38
1487.1215275712332,1.6940839256212314e+38
1486.6904041567864,1.669313456311542e+38
1486.2595306392402,1.6470262601083879e+38
1485.828906801382,1.6248089726066093e+38
1485.39853242625,1.6039650450394936e+38
1484.968407297135,1.582755461075621e+38
1484.5385311975774,1.5621121797158282e+38
1484.108903911369,1.5423207305974647e+38
1483.6795252225518,1.522702970926682e+38
1483.2503949154177,1.5028870073555455e+38
1482.8215127745075,1.4849980888586518e+38
1482.3928785846113,1.466802674788162e+38
1481.9644921307686,1.4496297867653601e+38
1481.5363531982666,1.4314581577302734e+38
1481.108461572641,1.4159365621732496e+38
1480.680817039675,1.3989937324079789e+38
1480.253419385399,1.3828246222553149e+38
1479.8262683960904,1.3667136814179648e+38
1479.3993638582735,1.3518566052975103e+38
1478.972705558719,1.3379903885381763e+38
1478.5462932844428,1.326009635916366e+38
1478.120126822707,1.3124462986664522e+38
1477.6942059610187,1.2990765960110137e+38
1477.2685304871295,1.2865784606085964e+38
1476.843100189036,1.2719600124927506e+38
1476.417914854979,1.2605345337276067e+38
1475.9929742734425,1.2470794093319889e+38
1475.5682782331546,1.2366614040788055e+38
1475.143826523086,1.2261618638060522e+38
1474.7196189324504,1.2162955479095686e+38
1474.295655250704,1.2052317457489444e+38
1473.8719352675446,1.1926757025632828e+38
1473.4484587729123,1.1810975258808486e+38
1473.0252255569876,1.1711419620076858e+38
1472.6022354101933,1.1607496993827816e+38
1472.1794881231922,1.1518975010614887e+38
1471.7569834868866,1.1419565541472093e+38
1471.3347212924205,1.131575943431779e+38
1470.912701331176,1.1216025409882224e+38
1470.4909233947753,1.110999315335922e+38
1470.0693872750794,1.1015261088303401e+38
1469.6480927641876,1.0918857248838706e+38
1469.227039654438,1.0829843325513972e+38
1468.8062277384058,1.0751308143105229e+38
1468.3856568089045,1.067220293366573e+38
1467.9653266589842,1.059090548062458e+38
1467.5452370819332,1.0504552198527536e+38
1467.1253878712746,1.0434125568820034e+38
1466.7057788207687,1.0362742011829563e+38
1466.2864097244114,1.0286444599611233e+38
1465.8672803764348,1.0225857412577915e+38
1465.448390571305,1.0176559822084414e+38
1465.0297401037244,1.0118351617997507e+38
1464.611328768628,1.0050788547146547e+38
1464.1931563611874,9.991255375512374e+37
1463.7752226768057,9.93806421259707e+37
1463.3575275111216,9.879211737110156e+37
1462.9400706600054,9.824247256998837e+37
1462.5228519195612,9.75692297884724e+37
1462.1058710861255,9.704237988766647e+37
1461.6891279562665,9.652467151997564e+37
1461.2726223267846,9.598122579746653e+37
1460.8563539947118,9.548320788499582e+37
1460.4403227573114,9.488213581181578e+37
1460.0245284120774,9.436749282395984e+37
1459.6089707567344,9.378551096466212e+37
1459.193649589237,9.32884881036941e+37
1458.7785647077703,9.286099465540744e+37
1458.3637159107482,9.248820666295835e+37
1457.9491029968146,9.20933901352598e+37
1457.5347257648416,9.173170532209004e+37
1457.12058401393,9.132838233078445e+37
1456.7066775434098,9.097655241893371e+37
1456.293006152838,9.047051244003576e+37
1455.8795696419993,9.01593410720353e+37
1455.466367810906,8.995297452127677e+37
1455.0534004597969,8.964626675240702e+37
1454.6406673891383,8.939667247850154e+37
1454.2281683996218,8.913757511854797e+37
1453.8159032921662,8.909404694346541e+37
1453.4038718679146,8.888821646288709e+37
1452.9920739282368,8.876277230910065e+37
1452.5805092747266,8.850936691298186e+37
1452.1691777092033,8.843167937601054e+37
1451.7580790337097,8.845211567179397e+37
1451.3472130505143,8.846491970513448e+37
1450.9365795621075,8.861175651555204e+37
1450.5261783712042,8.85552205458754e+37
1450.1160092807427,8.871337617668249e+37
1449.706072093883,8.883212304215565e+37
1449.296366614009,8.888266111504424e+37
1448.8868926447258,8.912041467261178e+37
1448.4776499898608,8.928408295407445e+37
1448.0686384534629,8.972366237298813e+37
1447.659857839802,8.99662855723586e+37
1447.2513079533696,9.03446228156577e+37
1446.8429885988774,9.060258747461194e+37
1446.4348995812572,9.092637572818173e+37
1446.0270407056612,9.130266172326642e+37
1445.6194117774614,9.174686419773146e+37
1445.212012602249,9.202472983741374e+37
1444.8048429858336,9.229968399616006e+37
1444.3979027342452,9.239011612705243e+37
1443.991191653731,9.262111973306206e+37
1443.5847095507565,9.281862486383794e+37
1443.1784562320054,9.292715361660513e+37
1442.7724315043788,9.224694349557699e+37
1442.366635174995,9.166171139864397e+37
1441.9610670511897,9.114698523081086e+37
1441.5557269405142,9.067485269500051e+37
1441.150614650737,8.975850597448792e+37
1440.7457299898429,8.877623987262984e+37
1440.341072766031,8.789892720897378e+37
1439.9366427877173,8.69274267322321e+37
1439.5324398635323,8.601785480341521e+37
1439.1284638023212,8.515437156072062e+37
1438.7247144131443,8.424324769134694e+37
1438.3211915052752,8.348078224396081e+37
1437.917894888202,8.280431258315484e+37
1437.5148243716264,8.209190771507678e+37
1437.1119797654633,8.128841819451441e+37
1436.709360879841,8.055413895273473e+37
1436.3069675250995,7.971142235018764e+37
1435.9047995117924,7.881471180433513e+37
1435.5028566506846,7.792392373259026e+37
1435.1011387527535,7.732097309197463e+37
1434.6996456291874,7.672319590484576e+37
1434.2983770913863,7.602727788071132e+37
1433.8973329509608,7.553118646101477e+37
1433.4965130197322,7.489185373059465e+37
1433.0959171097322,7.428177381346802e+37
1432.6955450332027,7.378512776542489e+37
1432.2953966025955,7.313988717036293e+37
1431.895471630571,7.273447875886689e+37
1431.49576993,7.22381011897091e+37
1431.096291313961,7.177140024157861e+37
1430.6970355957424,7.127115189209549e+37
1430.2980025888394,7.075135819995104e+37
1429.8991921069564,7.028841880093273e+37
1429.5006039640052,6.9688085400794e+37
1429.1022379741046,6.919346156595917e+37
1428.7040939515814,6.8749837001112455e+37
1428.3061717109679,6.847245410097405e+37
1427.9084710670047,6.807537109143971e+37
1427.5109918346373,6.773877475909184e+37
1427.1137338290175,6.7365165813463895e+37
1426.7166968655033,6.692350518293167e+37
1426.319880759658,6.654822584395894e+37
1425.9232853272495,6.614670435745193e+37
1425.5269103842509,6.569718402673749e+37
1425.13075574684,6.550571476338828e+37
1424.7348212313984,6.528660605798668e+37
1424.3391066545125,6.507898364180403e+37
1423.9436118329716,6.477286060825455e+37
1423.5483365837688,6.4514634305242545e+37
1423.1532807241006,6.412320651281267e+37
1422.7584440713656,6.381911176482656e+37
1422.3638264431659,6.335192078263369e+37
1421.9694276573055,6.312287072297005e+37
1421.5752475317902,6.284529038838654e+37
1421.1812858848275,6.27118117176508e+37
1420.787542534827,6.243728490899592e+37
1420.3940173003994,6.22581037337479e+37
1420.0007100003552,6.210483351172044e+37
1419.6076204537069,6.184574426988334e+37
1419.2147484796662,6.167806240128044e+37
1418.8220938976463,6.1431017033994905e+37
1418.4296565272589,6.126557636677923e+37
1418.0374361883153,6.103861300906299e+37
1417.6454327008273,6.085504383681263e+37
1417.253645885004,6.067784781137227e+37
1416.8620755612546,6.048159928025146e+37
1416.4707215501855,6.034930497403413e+37
1416.0795836726024,6.014131967807282e+37
1415.6886617495081,5.993071520332521e+37
1415.2979556021032,5.984122627078618e+37
1414.9074650517855,5.978669829167909e+37
1414.5171899201505,5.964561895625674e+37
1414.1271300289895,5.956358005886604e+37
1413.7372852002914,5.952564744654888e+37
1413.34765525624,5.942147962771808e+37
1412.9582400192162,5.935630326370604e+37
1412.5690393117964,5.928302825829093e+37
1412.180052956752,5.920224132775167e+37
1411.79128077705,5.91786780001387e+37
1411.4027225958519,5.922994079540995e+37
1411.0143782365144,5.929221489279689e+37
1410.6262475225878,5.925037417456746e+37
1410.238330277817,5.92526306642227e+37
1409.8506263261409,5.930470244937941e+37
1409.4631354916912,5.931051708660909e+37
1409.0758575987938,5.932438276680824e+37
1408.6887924719672,5.944139384805717e+37
1408.3019399359223,5.953207073740294e+37
1407.915299815563,5.970687915043894e+37
1407.5288719359858,5.981887869733938e+37
1407.1426561224778,5.99653546066542e+37
1406.7566522005193,6.015730211289815e+37
1406.3708599957808,6.025927032259372e+37
1405.9852793341256,6.04233897634088e+37
1405.5999100416057,6.049670086985673e+37
1405.214751944466,6.058657409573184e+37
1404.8298048691402,6.061578381050673e+37
1404.4450686422526,6.067380445429218e+37
1404.060543090618,6.0653337010120665e+37
1403.6762280412402,6.0754781095302465e+37
1403.292123321312,6.072320574957291e+37
1402.908228758216,6.077235203868081e+37
1402.5245441795232,6.084627151620671e+37
1402.1410694129938,6.106680429018287e+37
1401.7578042865753,6.119398722515154e+37
1401.3747486284044,6.134436022785178e+37
1400.9919022668048,6.149367241432698e+37
1400.6092650302883,6.172576861206368e+37
1400.226836747553,6.186652468834915e+37
1399.8446172474858,6.20329664276874e+37
1399.4626063591584,6.230740499970951e+37
1399.08080391183,6.182012724698756e+37
1398.6992097349464,6.126569139199245e+37
1398.3178236581393,6.078214965346475e+37
1397.9366455112256,6.022664503298566e+37
1397.5556751242077,5.978433919206082e+37
1397.1749123272743,5.9255644067131615e+37
1396.794356950798,5.872813603005827e+37
1396.4140088253366,5.832745376806649e+37
1396.0338677816324,5.787378222422452e+37
1395.653933650612,5.745354404851915e+37
1395.274206263386,5.705762100115091e+37
1394.8946854512485,5.66828712499753e+37
1394.5153710456773,5.634179029550965e+37
1394.1362628783338,5.596126483751619e+37
1393.7573607810616,5.5614277033040745e+37
1393.378664585888,5.525681352141198e+37
1393.0001741250219,5.497852735022819e+37
1392.621889230855,5.472880726484275e+37
1392.2438097359611,5.443864440563179e+37
1391.8659354730953,5.414921802460508e+37
1391.4882662751947,5.388733370403727e+37
1391.1108019753774,5.364796276793747e+37
1390.7335424069427,5.339340999743872e+37
1390.3564874033702,5.316999439085847e+37
1389.979636798321,5.296249382083711e+37
1389.6029904256354,5.281281564051257e+37
1389.2265481193347,5.264701574412716e+37
1388.8503097136193,5.252488290695531e+37
1388.4742750428693,5.239587657920506e+37
1388.0984439416445,5.228051213497382e+37
1387.7228162446831,5.214980323889549e+37
1387.3473917869035,5.208142727274602e+37
1386.972170403401,5.200059117542547e+37
1386.5971519294499,5.192734298791385e+37
1386.2223362005034,5.190614519458729e+37
1385.847723052191,5.189521360650458e+37
1385.4733123203214,5.185273977822565e+37
1385.09910384088,5.182919411007664e+37
1384.7250974500287,5.180358687355698e+37
1384.3512929841077,5.167852556171768e+37
1383.977690279633,5.1636757253854735e+37
1383.6042891732966,5.159483715992928e+37
1383.2310895019677,5.1553283923502e+37
1382.8580911026909,5.150529269198514e+37
1382.4852938126871,5.142524217038642e+37
1382.1126974693516,5.139923167015843e+37
1381.740301910256,5.1357312249747605e+37
1381.3681069731463,5.134775629187476e+37
1380.9961124959434,5.136988685282619e+37
1380.624318316743,5.134999434984427e+37
1380.2527242738147,5.13748516628538e+37
1379.8813302056024,5.139473309289527e+37
1379.510135950724,5.144520340565794e+37
1379.1391413479707,5.150573153560847e+37
1378.7683462363073,5.152574162011606e+37
1378.3977504548714,5.162029629267897e+37
1378.027353842974,5.162712862199273e+37
1377.6571562400982,5.177387549443901e+37
1377.2871574859,5.178529603462911e+37
1376.9173574202077,5.191204216215832e+37
1376.547755883021,5.195503467977189e+37
1376.178352714512,5.206363198875102e+37
1375.8091477550233,5.214751631773201e+37
1375.4401408450706,5.218252643645905e+37
1375.0713318253386,5.22716566245929e+37
1374.7027205366842,5.230029135967821e+37
1374.334306820134,5.234294300987587e+37
1373.966090516886,5.234440330156937e+37
1373.5980714683078,5.230400018527477e+37
1373.2302495159363,5.211946970342009e+37
1372.8626245014793,5.195384137351092e+37
1372.495196266813,5.180276360535299e+37
1372.1279646539836,5.162708117566636e+37
1371.760929505206,5.15455593471798e+37
1371.3940906628634,5.124297724064734e+37
1371.0274479695083,5.103037624361242e+37
1370.6610012678616,5.079760349855458e+37
1370.2947504008114,5.060384649552593e+37
1369.9286952114144,5.041321752293123e+37
1369.5628355428948,5.02341473198398e+37
1369.1971712386442,5.001751390740323e+37
1368.8317021422215,4.986072000688563e+37
1368.466428097353,4.975114985244767e+37
1368.10134894793,4.961483644044249e+37
1367.7364645380128,4.945030375282951e+37
1367.3717747118264,4.920644546402076e+37
1367.0072793137624,4.89176531804625e+37
1366.6429781883783,4.870738628277632e+37
1366.2788711803967,4.845213892604987e+37
1365.9149581347065,4.824132225604589e+37
1365.5512388963616,4.802860893926011e+37
1365.1877133105804,4.786818710314209e+37
1364.8243812227463,4.771432688549328e+37
1364.4612424784073,4.752251903011459e+37
1364.0982969232762,4.740341521999621e+37
1363.7355444032294,4.728669272100973e+37
1363.372984764307,4.715623292347781e+37
1363.010617852713,4.71205641763781e+37
1362.6484435148154,4.697305154787051e+37
1362.2864615971448,4.695185883574124e+37
1361.9246719463947,4.687185918063715e+37
1361.5630744094221,4.687899529228301e+37
1361.201668833246,4.683637825839611e+37
1360.8404550650482,4.680280247146387e+37
1360.4794329521724,4.683838706955128e+37
1360.1186023421242,4.68228640062922e+37
1359.7579630825712,4.684519209525667e+37
1359.3975150213428,4.686147624462044e+37
1359.0372580064284,4.69369869471702e+37
1358.67719188598,4.694510553085532e+37
1358.3173165083094,4.704794493024731e+37
1357.9576317218903,4.715118986382242e+37
1357.5981373753555,4.718994871782003e+37
1357.2388333174988,4.725055077936784e+37
1356.8797193972741,4.727894894331338e+37
1356.5207954637945,4.73314052265079e+37
1356.1620613663335,4.742215800378726e+37
1355.803516954323,4.757470714125937e+37
1355.4451620773552,4.769646368056258e+37
1355.0869965851807,4.787438012300404e+37
1354.7290203277091,4.794483656622758e+37
1354.371233155008,4.818018856458551e+37
1354.0136349173038,4.825263897728177e+37
1353.656225464981,4.841049060047711e+37
1353.299004648582,4.857782221801761e+37
1352.941972318807,4.868743525910302e+37
1352.585128326514,4.88617527041793e+37
1352.2284725227173,4.905226149741157e+37
1351.8720047585894,4.923222291366354e+37
1351.5157248854591,4.943412369771874e+37
1351.1596327548118,4.959530493034045e+37
1350.80372821829,4.978605028280863e+37
1350.4480111276916,5.000523577010747e+37
1350.0924813349714,5.017568242566528e+37
1349.7371386922398,5.029203953672252e+37
1349.3819830517623,5.040590622081823e+37
1349.0270142659608,5.0479112287279735e+37
1348.6722321874115,5.061362822914683e+37
1348.3176366688465,5.069965477184608e+37
1347.963227563152,5.089919183483393e+37
1347.6090047233697,5.099098311068615e+37
1347.2549680026946,5.117995466906394e+37
1346.9011172544767,5.134231541079043e+37
1346.54745233222,5.157052042595638e+37
1346.1939730895824,5.173183711833463e+37
1345.840679380375,5.195609211747592e+37
1345.4875710585625,5.214670430800655e+37
1345.1346479782626,5.232017372480888e+37
1344.7819099937467,5.250995191404525e+37
1344.4293569594386,5.273490257491452e+37
1344.0769887299145,5.284050268977479e+37
1343.724805159903,5.2882760940488715e+37
1343.3728061042862,5.285746960153125e+37
1343.020991418096,5.286829423900543e+37
1342.6693609565177,5.292613884735096e+37
1342.317914574888,5.299968270349833e+37
1341.9666521286947,5.301771580350826e+37
1341.615573473577,5.311113606161682e+37
1341.264678465325,5.313971520709302e+37
1340.9139669598799,5.312695288677929e+37
1340.5634388133333,5.331383601255524e+37
1340.2130938819273,5.338722784304174e+37
1339.8629320220543,5.350679321164402e+37
1339.5129530902564,5.362638947209507e+37
1339.163156943226,5.379869900044648e+37
1338.8135434378055,5.394614801635108e+37
1338.4641124309853,5.401266714177484e+37
1338.114863779907,5.4189980498709e+37
1337.7657973418593,5.434817840232123e+37
1337.4169129742816,5.451807932660321e+37
1337.0682105347605,5.474282186381918e+37
1336.7196898810319,5.497540973779026e+37
1336.37135087098,5.521597368120648e+37
1336.023193362637,5.544972713621189e+37
1335.6752172141823,5.56691548872306e+37
1335.327422283944,5.594885106740156e+37
1334.9798084303975,5.617694750699485e+37
1334.6323755121653,5.645703397539992e+37
1334.285123388017,5.672877126319697e+37
1333.9380519168692,5.69730079903681e+37
1333.5911609577852,5.712201144268286e+37
1333.2444503699753,5.691045502272774e+37
1332.8979200127958,5.668494585323188e+37
1332.5515697457492,5.644463571044992e+37
1332.2053994284838,5.627545141008966e+37
1331.8594089207943,5.610969061466318e+37
1331.5135980826205,5.597966434230879e+37
1331.1679667740477,5.572364338758427e+37
1330.8225148553063,5.559139351547775e+37
1330.4772421867724,5.540281249883032e+37
1330.1321486289664,5.52032992407458e+37
1329.7872340425533,5.517556875515714e+37
1329.442498288343,5.51353034013235e+37
1329.097941227289,5.5128525201561e+37
1328.75356272049,5.506264143706489e+37
1328.4093626291879,5.497017040524574e+37
1328.0653408147682,5.485014436583338e+37
1327.72149713876,5.484982752891851e+37
1327.3778314628369,5.479262133772675e+37
1327.0343436488138,5.45614649977993e+37
1326.6910335586497,5.438149436875568e+37
1326.3479010544468,5.4125731026537555e+37
1326.0049459984486,5.39314914643923e+37
1325.6621682530424,5.372701307230575e+37
1325.319567680757,5.350466658781858e+37
1324.9771441442635,5.332805124164885e+37
1324.634897506375,5.309637880481704e+37
1324.2928276300456,5.285756630742167e+37
1323.9509343783718,5.264815270927856e+37
1323.6092176145914,5.246392460555611e+37
1323.267677202083,5.229147213302477e+37
1322.9263130043657,5.215039554120859e+37
1322.5851248851004,5.195500992733302e+37
1322.244112708088,5.174003665748699e+37
1321.9032763372704,5.159626479251986e+37
1321.562615636729,5.145508761544602e+37
1321.2221304706854,5.130533359809303e+37
1320.8818207035017,5.116428798752112e+37
1320.5416861996794,5.114269989745757e+37
1320.2017268238587,5.109770932686939e+37
1319.8619424408207,5.102634912918932e+37
1319.5223329154846,5.097073632289437e+37
1319.1828981129088,5.090044572535869e+37
1318.843637898291,5.092823877913032e+37
1318.5045521369664,5.089540594145445e+37
1318.1656406944098,5.08811781916309e+37
1317.8269034362338,5.080932386600029e+37
1317.4883402281891,5.085910252368341e+37
1317.1499509361643,5.087671520310859e+37
1316.8117354261863,5.088423660180638e+37
1316.4736935644185,5.08883147659217e+37
1316.1358252171626,5.092543934494282e+37
1315.798130250857,5.092260122999039e+37
1315.4606085320775,5.099748891899911e+37
1315.1232599275368,5.103204206421512e+37
1314.7860843040837,5.115386746918344e+37
1314.4490815287043,5.115884298248428e+37
1314.1122514685205,5.130190673620587e+37
1313.7755939907904,5.147275342273559e+37
1313.4391089629087,5.155117082398627e+37
1313.1027962524047,5.168758761883316e+37
1312.7666557269445,5.180298001134269e+37
1312.4306872543293,5.198704158131725e+37
1312.0948907024958,5.2133545090247685e+37
1311.7592659395148,5.230756447326435e+37
1311.4238128335935,5.2413694298993595e+37
1311.088531253073,5.267600718996312e+37
1310.753421066429,5.282068387623809e+37
1310.4184821422723,5.309428282627073e+37
1310.083714349347,5.329132848195627e+37
1309.749117556532,5.341697836591655e+37
1309.4146916328402,5.366647506482625e+37
1309.0804364474175,5.387486253666888e+37
1308.7463518695442,5.418362642853974e+37
1308.4124377686335,5.444888861403157e+37
1308.078694014232,5.47356917343856e+37
1307.7451204760193,5.508602692938061e+37
1307.411717023808,5.541625259801461e+37
1307.0784835275435,5.568326130980205e+37
1306.7454198573034,5.598059142346351e+37
1306.4125258832983,5.630830663798505e+37
1306.0798014758702,5.670982269038221e+37
1305.7472465054939,5.70452635410613e+37
1305.4148608427759,5.739913855409123e+37
1305.082644358454,5.777250339977567e+37
1304.750596923398,5.812778987299343e+37
1304.4187184086093,5.844652275617463e+37
1304.0870086852194,5.886481515771725e+37
1303.7554676244924,5.922958445595417e+37
1303.424095097822,5.954139833562987e+37
1303.0928909767333,5.985338158759782e+37
1302.761855132882,6.002387193814931e+37
1302.430987438053,6.017087600585126e+37
1302.1002877641636,6.032234102860417e+37
1301.7697559832593,6.038304571510462e+37
1301.4393919675163,6.017673519198462e+37
1301.1091955892398,5.98686515628696e+37
1300.7791667208658,5.962137110124386e+37
1300.4493052349585,5.938194463666529e+37
1300.1196110042124,5.913459833275407e+37
1299.7900839014499,5.8880030651667e+37
1299.460723799623,5.864089413184366e+37
1299.1315305718126,5.839156891176794e+37
1298.802504091228,5.823838732856953e+37
1298.4736442312062,5.805557055630167e+37
1298.1449508652138,5.798560937097626e+37
1297.816423866844,5.780919851774925e+37
1297.4880631098194,5.762881661575277e+37
1297.1598684679893,5.7575124571475355e+37
1296.831839815331,5.744321719753846e+37
1296.5039770259498,5.733097981735233e+37
1296.1762799740766,5.723139184749045e+37
1295.848748534071,5.714616353035843e+37
1295.5213825804196,5.715237919021634e+37
1295.1941819877345,5.706454748674998e+37
1294.8671466307558,5.707987181529225e+37
1294.540276384349,5.697184475157509e+37
1294.2135711235069,5.696033192275016e+37
1293.8870307233476,5.688773136656557e+37
1293.5606550591158,5.682849353826912e+37
1293.2344440061818,5.661369282443502e+37
1292.9083974400414,5.617993814548039e+37
1292.5825152363166,5.581932916020663e+37
1292.2567972707536,5.536519711702275e+37
1291.9312434192252,5.505859423991982e+37
1291.6058535577283,5.467004566130916e+37
1291.280627562385,5.430186039347342e+37
1290.9555653094421,5.380971182081984e+37
1290.630666675271,5.338382018732201e+37
1290.3059315363673,5.299388294629045e+37
1289.9813597693512,5.255308660160214e+37
1289.6569512509673,5.213307262500394e+37
1289.332705858083,5.173644491871955e+37
1289.008623467691,5.138299081866776e+37
1288.6847039569066,5.103042479388296e+37
1288.3609472029684,5.075345194489153e+37
1288.0373530832394,5.042847623216892e+37
1287.713921475205,5.012340589387742e+37
1287.3906522564741,4.983301913364656e+37
1287.0675453047775,4.94823831855876e+37
1286.7446004979702,4.927315556162299e+37
1286.4218177140285,4.903621854126659e+37
1286.0991968310516,4.879357931959849e+37
1285.7767377272612,4.859586643763542e+37
1285.4544402810004,4.840815045279616e+37
1285.132304370735,4.820283527209405e+37
1284.8103298750523,4.803601470983376e+37
1284.4885166726608,4.786572824661917e+37
1284.1668646423918,4.768039937728262e+37
1283.8453736631961,4.763069034916921e+37
1283.524043614147,4.748432883679193e+37
1283.2028743744386,4.734017094633232e+37
1282.8818658233856,4.721307183413482e+37
1282.5610178404236,4.722456735213941e+37
1282.2403303051092,4.706810920583941e+37
1281.9198030971181,4.701476097939603e+37
1281.5994360962482,4.689805040703924e+37
1281.2792291824157,4.67093559430793e+37
1280.959182235658,4.668128089106395e+37
1280.639295136132,4.658148543861031e+37
1280.3195677641138,4.654752261348932e+37
1280.0,4.658047324479679e+37
1279.6805917243055,4.653049820707344e+37
1279.3613428176654,4.655911963607323e+37
1279.042253160833,4.652719485185071e+37
1278.7233226346816,4.658110373969376e+37
1278.404551120202,4.666210249621218e+37
1278.0859384985044,4.675194756162948e+37
1277.7674846508182,4.664076098678922e+37
1277.4491894584892,4.678740220310096e+37
1277.1310528029833,4.686369539863642e+37
1276.8130745658837,4.680801233427326e+37
1276.495254628891,4.67433795183971e+37
1276.1775928738243,4.665092597318922e+37
1275.8600891826204,4.660924106204284e+37
1275.5427434373328,4.647322607570995e+37
1275.2255555201327,4.643865853110993e+37
1274.908525313309,4.632975354892699e+37
1274.5916526992667,4.63720659252533e+37
1274.274937560528,4.631594291483646e+37
1273.9583797797327,4.616381108183524e+37
1273.6419792396357,4.608822604350073e+37
1273.3257358231097,4.610124293658525e+37
1273.0096494131426,4.606535385957501e+37
1272.6937198928392,4.605510316992053e+37
1272.37794714542,4.597526152710258e+37
1272.0623310542219,4.596577444125251e+37
1271.746871502696,4.605536539435938e+37
1271.4315683744112,4.604470866539982e+37
1271.11642155305,4.6135074774941035e+37
1270.8014309224113,4.620011515317726e+37
1270.4865963664083,4.629185943442557e+37
1270.17191776907,4.637845770998942e+37
1269.8573950145399,4.645432416737599e+37
1269.543027987076,4.655079516053751e+37
1269.2288165710515,4.661188245787802e+37
1268.9147606509532,4.669498876962155e+37
1268.600860111383,4.682252944158144e+37
1268.2871148370566,4.703778440240191e+37
1267.973524712804,4.713781231983267e+37
1267.6600896235684,4.733556870587398e+37
1267.346809454407,4.744605151611609e+37
1267.0336840904915,4.766163491626021e+37
1266.720713417106,4.782652967155563e+37
1266.4078973196476,4.804631517839281e+37
1266.0952356836283,4.82295564925649e+37
1265.782728394671,4.807943628114145e+37
1265.4703753385133,4.795590278618361e+37
1265.1581764010045,4.789360063768987e+37
1264.846131468107,4.772700350550774e+37
1264.5342404258952,4.770982144855146e+37
1264.2225031605562,4.765902706042755e+37
1263.9109195583897,4.755561981873734e+37
1263.5994895058063,4.75034290219518e+37
1263.2882128893298,4.753948169548092e+37
1262.9770895955949,4.746693779450127e+37
1262.6661195113484,4.74331785455302e+37
1262.3553025234485,4.74654639433168e+37
1262.0446385188645,4.7455551921192e+37
1261.7341273846775,4.751907095959105e+37
1261.4237690080795,4.756064768552832e+37
1261.113563276373,4.759750099065153e+37
1260.803510076972,4.76797339896517e+37
1260.4936092974008,4.777282884404185e+37
1260.1838608252945,4.79054659244206e+37
1259.8742645483983,4.798312446676603e+37
1259.5648203545675,4.805332626890333e+37
1259.2555281317686,4.806302430648892e+37
1258.9463877680769,4.812885443100751e+37
1258.6373991516782,4.825798132232037e+37
1258.3285621708683,4.847390199290666e+37
1258.019876714052,4.865662448254035e+37
1257.711342669744,4.882266849969913e+37
1257.4029599265675,4.899568806447368e+37
1257.0947283732567,4.918823468747181e+37
1256.7866478986525,4.937761852702926e+37
1256.4787183917074,4.952108167103301e+37
1256.17093974148,4.970373611380672e+37
1255.8633118371397,4.988076910173568e+37
1255.5558345679633,4.909885391009908e+37
1255.2485078233362,4.833494592609394e+37
1254.9413314927526,4.757796043846465e+37
1254.6343054658144,4.677602102722206e+37
1254.3274296322313,4.601843312313057e+37
1254.0207038818212,4.522686244252349e+37
1253.7141281045094,4.4502510962449885e+37
1253.4077021903302,4.37213330071445e+37
1253.1014260294228,4.306094476952579e+37
1252.7952995120363,4.2413071340329686e+37
1252.4893225285255,4.177286572976602e+37
1252.1834949693528,4.107749288172026e+37
1251.8778167250878,4.047029424742738e+37
1251.572287686406,3.981335219210488e+37
1251.2669077440908,3.9129783181578035e+37
1250.9616767890316,3.8492158525954064e+37
1250.656594712224,3.7870626075720413e+37
1250.35166140477,3.7236981229835655e+37
1250.0468767578784,3.670536218453397e+37
1249.7422406628632,3.612622048258012e+37
1249.437753011145,3.558112667574243e+37
1249.1334136942498,3.5027362280719933e+37
1248.829222603809,3.44853874068079e+37
1248.5251796315601,3.3894317706437522e+37
1248.221284669346,3.334349556200762e+37
1247.9175376091148,3.280129430008823e+37
1247.6139383429193,3.231733637364503e+37
1247.3104867629174,3.1806119912059497e+37
1247.0071827613729,3.136617685300328e+37
1246.7040262306527,3.089590140964167e+37
1246.40101706323,3.0456959141627043e+37
1246.0981551516813,2.9966884345672857e+37
1245.7954403886881,2.95375244371903e+37
1245.4928726670362,2.9055362402252737e+37
1245.190451879615,2.8614108167161246e+37
1244.8881779194185,2.8204604289039935e+37
1244.586050679544,2.7726357889266135e+37
1244.284070053193,2.7374882491866336e+37
1243.9822359336708,2.7028756494546295e+37
1243.6805482143855,2.665861045299988e+37
1243.3790067888494,2.6277128489303457e+37
1243.0776115506771,2.5932532658816815e+37
1242.7763623935873,2.5584377971399717e+37
1242.475259211401,2.5219461312545627e+37
1242.1743018980424,2.486693653641542e+37
1241.8734903475383,2.450823004246975e+37
1241.5728244540182,2.4229971193547623e+37
1241.2723041117144,2.3950406562899315e+37
1240.9719292149614,2.371664421681375e+37
1240.671699658195,2.346014560756622e+37
1240.3716153359546,2.318319146933989e+37
1240.071676142881,2.2899363922967204e+37
1239.771881973717,2.267134137180188e+37
1239.4722327233062,2.241089093779178e+37
1239.1727282865959,2.2138336662560737e+37
1238.8733685586328,2.189271539670755e+37
1238.5741534345661,2.1713437516063353e+37
1238.2750828096462,2.151593903313275e+37
1237.9761565792244,2.134835268137352e+37
1237.677374638753,2.116291596303846e+37
1237.3787368837855,2.0990536199292875e+37
1237.0802432099758,2.0784703554390185e+37
1236.781893513079,2.0612376755176655e+37
1236.48368768895,2.0448652919202824e+37
1236.1856256335452,2.0288497591370488e+37
1235.88770724292,2.015488894066337e+37
1235.5899324132308,2.005445321415977e+37
1235.292301040734,1.9920769124992926e+37
1234.9948130217854,1.984181296661712e+37
1234.6974682528414,1.9729622909619217e+37
1234.4002666304575,1.9656567192923522e+37
1234.1032080512896,1.953488033241931e+37
1233.8062924120914,1.9431388890258127e+37
1233.5095196097175,1.9318357849710556e+37
1233.2128895411213,1.9236382880667551e+37
1232.9164021033555,1.9121440398066784e+37
1232.6200571935706,1.904968133929809e+37
1232.3238547090175,1.899278288628554e+37
1232.027794547045,1.892075821633879e+37
1231.7318766051005,1.8865381378307429e+37
1231.4361007807306,1.8805257204935353e+37
1231.1404669715791,1.8733397250121498e+37
1230.8449750753894,1.869050614297693e+37
1230.5496249900016,1.863611357572236e+37
1230.2544166133557,1.856983077276722e+37
1229.9593498434876,1.8513248201715696e+37
1229.6644245785326,1.844786081301544e+37
1229.3696407167226,1.841695840631525e+37
1229.0749981563874,1.835401199621446e+37
1228.7804967959548,1.831260266123137e+37
1228.4861365339493,1.829613102419328e+37
1228.1919172689923,1.8234080594319325e+37
1227.8978388998037,1.8185262237481532e+37
1227.6039013251984,1.814771879202259e+37
1227.31010444409,1.8103936779425543e+37
1227.0164481554875,1.8055589303610446e+37
1226.7229323584975,1.8037402571604512e+37
1226.4295569523224,1.8016254592101436e+37
1226.136321836262,1.8006513103115357e+37
1225.8432269097107,1.7990650607903822e+37
1225.5502720721604,1.7956506321465857e+37
1225.257457223199,1.7963057554663774e+37
1224.96478226251,1.793765238971221e+37
1224.6722470898726,1.7902671519497126e+37
1224.3798516051618,1.787935376221465e+37
1224.087595708349,1.7882053155702662e+37
1223.7954792994994,1.7900531381957038e+37
1223.5035022787752,1.794121019829132e+37
1223.2116645464332,1.791865577995918e+37
1222.9199660028248,1.7803597782350588e+37
1222.6284065483978,1.7690337627694542e+37
1222.3369860836935,1.7567812239930383e+37
1222.0457045093485,1.746113967005035e+37
1221.754561726095,1.7374308269632045e+37
1221.463557634758,1.7302504834699424e+37
1221.1726921362585,1.7231611106781479e+37
1220.8819651316112,1.7129069341678736e+37
1220.591376521925,1.7048015567155052e+37
1220.3009262084029,1.6964771325785242e+37
1220.0106140923428,1.688107074628771e+37
1219.7204400751348,1.6804980839604238e+37
1219.4304040582645,1.6761994374566895e+37
1219.14050594331,1.6695190214928184e+37
1218.8507456319437,1.6644801727618856e+37
1218.561123025931,1.6569678087031216e+37
1218.2716380271308,1.6540171385026678e+37
1217.9822905374956,1.6489653069562383e+37
1217.6930804590704,1.6434862488778736e+37
1217.4040076939934,1.6377694803742878e+37
1217.115072144496,1.6324200212379347e+37
1216.826273712902,1.625301002059147e+37
1216.5376123016283,1.6129234745029936e+37
1216.2490878131841,1.597241687525189e+37
1215.960700150171,1.5853660853334944e+37
1215.6724492152835,1.574354421886949e+37
1215.3843349113074,1.5652808119141162e+37
1215.0963571411212,1.553673062063731e+37
1214.8085158076958,1.5424652237305321e+37
1214.5208108140935,1.5331254926950537e+37
1214.2332420634682,1.5227736169773898e+37
1213.9458094590657,1.514748363486125e+37
1213.6585129042242,1.5050128836164614e+37
1213.3713523023723,1.496597098839177e+37
1213.0843275570303,1.4863340554629294e+37
1212.7974385718096,1.479344416214264e+37
1212.5106852504139,1.474279923692765e+37
1212.2240674966363,1.4688007211139454e+37
1211.9375852143614,1.4637400118962039e+37
1211.6512383075656,1.4589191893440747e+37
1211.3650266803147,1.4520500729998312e+37
1211.078950236766,1.4464932534328758e+37
1210.7930088811668,1.4420213206282063e+37
1210.507202517855,1.4365979186706895e+37
1210.221531051259,1.4319962237034894e+37
1209.935994385897,1.4293788752607585e+37
1209.6505924263774,1.428693175943319e+37
1209.3653250773993,1.4264238173999767e+37
1209.0801922437506,1.425688918764521e+37
1208.7951938303092,1.4236322704560618e+37
1208.5103297420435,1.4212804868986855e+37
1208.2255998840103,1.4208523969898162e+37
1207.941004161357,1.4202390073915089e+37
1207.656542479319,1.4196192922429556e+37
1207.3722147432222,1.417803282077437e+37
1207.088020858481,1.4109992168933301e+37
1206.803960730599,1.4033317918390396e+37
1206.520034265169,1.3943676144958508e+37
1206.2362413678718,1.3846652118747385e+37
1205.9525819444777,1.377292750033855e+37
1205.6690559008457,1.3688088361199318e+37
1205.3856631429228,1.36327866923023e+37
1205.1024035767439,1.3584567080748865e+37
1204.8192771084337,1.3530697619366363e+37
1204.536283644204,1.3483118938091005e+37
1204.2534230903552,1.3412727979361994e+37
1203.970695353275,1.338139055963681e+37
1203.68810033944,1.3331499757261325e+37
1203.4056379554138,1.3292178899783532e+37
1203.1233081078478,1.322643880059188e+37
1202.8411107034815,1.3212517507195396e+37
1202.5590456491414,1.3202743389989818e+37
1202.2771128517413,1.3177484029149796e+37
1201.9953122182824,1.318831049356786e+37
1201.7136436558533,1.318128041167676e+37
1201.4321070716294,1.3173701345841473e+37
1201.1507023728732,1.3166966210013739e+37
1200.869429466934,1.3150955047963065e+37
1200.588288261248,1.315964948271821e+37
1200.3072786633377,1.3156510823212503e+37
1200.0264005808128,1.3139620030528307e+37
1199.7456539213688,1.3130291738391468e+37
1199.4650385927876,1.3139553440544205e+37
1199.184554502938,1.3132117674878999e+37
1198.9042015597743,1.3120038213178942e+37
1198.6239796713373,1.3125909660031747e+37
1198.3438887457532,1.3136865799658122e+37
1198.0639286912349,1.313892842541563e+37
1197.7840994160802,1.3158751357187728e+37
1197.5044008286732,1.3164028599252167e+37
1197.2248328374828,1.3182588198259177e+37
1196.945395351064,1.3194983432584642e+37
1196.6660882780575,1.3213744366945816e+37
1196.386911527188,1.3223911944836628e+37
1196.1078650072664,1.3229430033796118e+37
1195.8289486271883,1.3218794574298353e+37
1195.5501622959346,1.3240927320076884e+37
1195.2715059225702,1.3237985438782813e+37
1194.9929794162458,1.3236018145815693e+37
1194.7145826861963,1.32444016538712e+37
1194.4363156417407,1.3256724313787112e+37
1194.1581781922835,1.3249958085120889e+37
1193.8801702473124,1.3253911399896748e+37
1193.6022917164003,1.327983474911455e+37
1193.3245425092036,1.3327062828112632e+37
1193.0469225354634,1.333234386960516e+37
1192.7694317050043,1.335915665076621e+37
1192.4920699277352,1.3398286971686176e+37
1192.2148371136477,1.33890442789968e+37
1191.937733172819,1.3404548904250177e+37
1191.6607580154082,1.3413600976418176e+37
1191.3839115516585,1.3420875913476847e+37
1191.1071936918963,1.3454275413713558e+37
1190.8306043465318,1.3446104944195656e+37
1190.5541434260576,1.3454421509171402e+37
1190.2778108410503,1.345829480361701e+37
1190.001606502169,1.3471105174424096e+37
1189.7255303201553,1.347293849369222e+37
1189.4495822058343,1.3490644129528842e+37
1189.1737620701138,1.3496711221784573e+37
1188.8980698239836,1.3502106444460942e+37
1188.622505378517,1.353096224319724e+37
1188.3470686448684,1.352264685898265e+37
1188.071759534276,1.3537856569733083e+37
1187.7965779580588,1.3540644375262574e+37
1187.5215238276194,1.3573609113908643e+37
1187.2465970544413,1.3577833093764444e+37
1186.9717975500903,1.3593732722465365e+37
1186.6971252262142,1.3588687908736495e+37
1186.4225799945425,1.3578189568753469e+37
1186.1481617668862,1.3591224470220209e+37
1185.8738704551383,1.3597760581697568e+37
1185.599705971273,1.36010262025986e+37
1185.3256682273454,1.360814395737063e+37
1185.0517571354928,1.3624514057112944e+37
1184.7779726079332,1.3605742710295408e+37
1184.5043145569657,1.3636110700735676e+37
1184.2307828949706,1.3626115599081763e+37
1183.9573775344088,1.3648011091524753e+37
1183.6840983878221,1.3647573520891597e+37
1183.4109453678338,1.3652292547707299e+37
1183.1379183871463,1.3682357338264531e+37
1182.8650173585443,1.3672184908815497e+37
1182.5922421948912,1.3699944331707684e+37
1182.3195928091322,1.3686409009902466e+37
1182.047069114292,1.371404642914062e+37
1181.774671023476,1.372849986965578e+37
1181.502398449869,1.37267241554158e+37
1181.230251306736,1.3734194549291667e+37
1180.9582295074224,1.3747749442786216e+37
1180.686332965353,1.3769161684205582e+37
1180.4145615940317,1.3762719057415376e+37
1180.1429153070437,1.3781655273250209e+37
1179.8713940180521,1.3783054133312782e+37
1179.5999976408,1.3804474402519605e+37
1179.3287260891102,1.3816229392175648e+37
1179.0575792768839,1.3827359715434462e+37
1178.7865571181026,1.3769480338226081e+37
1178.515659526826,1.371615552017931e+37
1178.244886417193,1.3705168619997953e+37
1177.9742377034215,1.3634132889577202e+37
1177.7037132998082,1.3615315094753355e+37
1177.4333131207281,1.35744565859343e+37
1177.1630370806356,1.3547474296770922e+37
1176.892885094063,1.3512800400006285e+37
1176.6228570756216,1.3468064713538897e+37
1176.35295294,1.3425002875296457e+37
1176.0831726019665,1.338011228461982e+37
1175.8135159763663,1.3363116617855828e+37
1175.543982978123,1.3347766335246046e+37
1175.2745735222393,1.3261921412424611e+37
1175.0052875237939,1.3162870493789271e+37
1174.7361248979448,1.308209334704086e+37
1174.4670855599272,1.299926488136554e+37
1174.198169425054,1.2898952917126212e+37
1173.9293764087154,1.283784349639171e+37
1173.6607064263792,1.2777270825742338e+37
1173.3921593935909,1.268641098146914e+37
1173.123735225973,1.2633429088166114e+37
1172.855433839225,1.2574738998652096e+37
1172.5872551491238,1.2530373401721432e+37
1172.3191990715231,1.2464167943268204e+37
1172.051265522354,1.2423089878122203e+37
1171.7834544176237,1.2377124526834542e+37
1171.5157656734166,1.23272312791453e+37
1171.2481992058938,1.2279040284767553e+37
1170.9807549312927,1.2229135117314256e+37
1170.7134327659276,1.21671066757794e+37
1170.4462326261887,1.2099707845650335e+37
1170.179154428543,1.2058530475861178e+37
1169.9121980895334,1.2015502496380623e+37
1169.645363525779,1.1971886638867547e+37
1169.378650653975,1.1938933641725104e+37
1169.1120593908925,1.1876330072808097e+37
1168.845589653379,1.1833522506441867e+37
1168.5792413583565,1.179898193071117e+37
1168.3130144228242,1.1771690159881834e+37
1168.046908763856,1.1751361567494607e+37
1167.7809242986016,1.1728734709902984e+37
1167.5150609442862,1.170275127185226e+37
1167.2493186182103,1.167071173721182e+37
1166.9836972377495,1.1629566218599685e+37
1166.718196720355,1.1597740893311743e+37
1166.452816983553,1.1566346438382407e+37
1166.1875579449443,1.1553983028861445e+37
1165.922419522205,1.1510578284319181e+37
1165.657401633086,1.1464824859558476e+37
1165.392504195413,1.141572170357121e+37
1165.1277271270862,1.137058989442604e+37
1164.8630703460808,1.1345201168830283e+37
1164.598533770446,1.1299805991558347e+37
1164.3341173183057,1.1314440254780781e+37
1164.069820907858,1.1290083302488188e+37
1163.8056444573756,1.1261101738239807e+37
1163.541587885205,1.126298221197433e+37
1163.2776511097668,1.1240698934157526e+37
1163.0138340495562,1.123456080391402e+37
1162.750136623141,1.122107476149924e+37
1162.4865587491645,1.1190700816526915e+37
1162.2231003463426,1.1192096693563347e+37
1161.959761333465,1.1215395940437017e+37
1161.6965416293956,1.1236618424747502e+37
1161.4334411530713,1.122917962226008e+37
1161.1704598235021,1.1272343955345327e+37
1160.9075975597723,1.1282481698318027e+37
1160.6448542810385,1.130433279989679e+37
1160.3822299065312,1.131808539667292e+37
1160.1197243555534,1.1348348553791336e+37
1159.8573375474816,1.1360548373766827e+37
1159.595069401765,1.1379134933755294e+37
1159.3329198379254,1.1419416550563789e+37
1159.0708887755575,1.1408218576706325e+37
1158.8089761343292,1.1431995080477383e+37
1158.5471818339802,1.1443657479748468e+37
1158.2855057943232,1.1420358764174857e+37
1158.0239479352433,1.1417970964909997e+37
1157.7625081766978,1.146301612089492e+37
1157.501186438716,1.1487855756539242e+37
1157.2399826414003,1.149683914453136e+37
1156.9788967049242,1.1532426219994163e+37
1156.7179285495336,1.1566639336023978e+37
1156.4570780955464,1.158929403855585e+37
1156.1963452633527,1.1635668344104874e+37
1155.9357299734136,1.1666436321477785e+37
1155.6752321462623,1.1689232364854703e+37
1155.4148517025037,1.1730944312204556e+37
1155.1545885628145,1.1726672300438079e+37
1154.894442647942,1.171437140463893e+37
1154.6344138787058,1.1686243576525165e+37
1154.374502175996,1.1697442809313606e+37
1154.1147074607745,1.171376306727307e+37
1153.8550296540743,1.1718690596115906e+37
1153.5954686769992,1.171742022592545e+37
1153.3360244507237,1.1723456078129158e+37
1153.076696896494,1.1717893342049888e+37
1152.8174859356268,1.1724038698891569e+37
1152.558391489509,1.1706782170848612e+37
1152.2994134795986,1.172100835425832e+37
1152.0405518274242,1.1720469831914329e+37
1151.7818064545854,1.1713907509578068e+37
1151.5231772827508,1.171603313056452e+37
1151.2646642336606,1.1742005700936854e+37
1151.0062672291251,1.1728685753812508e+37
1150.7479861910242,1.173728140428422e+37
1150.4898210413085,1.174065857168408e+37
1150.231771701998,1.1734804445382474e+37
1149.9738380951833,1.1759609854223811e+37
1149.7160201430247,1.1752347976398646e+37
1149.4583177677519,1.1774832684431353e+37
1149.2007308916648,1.1754293498855663e+37
1148.9432594371326,1.1792000857291104e+37
1148.6859033265944,1.1814482190611753e+37
1148.4286624825584,1.185517588361234e+37
1148.171536827602,1.189584409671e+37
1147.9145262843729,1.1909831729157281e+37
1147.657630775587,1.195606667542431e+37
1147.4008502240301,1.1991247567790798e+37
1147.1441845525565,1.202948827004955e+37
1146.88763368409,1.205470447426759e+37
1146.6311975416227,1.210109633732255e+37
1146.3748760482165,1.2125092106526767e+37
1146.1186691270013,1.2084893258076314e+37
1145.8625767011763,1.2018661187933352e+37
1145.6065986940084,1.1952796766308328e+37
1145.3507350288342,1.1880144426616805e+37
1145.0949856290579,1.1813958512688353e+37
1144.8393504181524,1.1739627672889681e+37
1144.5838293196593,1.1668241575725203e+37
1144.3284222571879,1.1624007225437092e+37
1144.0731291544155,1.156459539126158e+37
1143.8179499350883,1.1501371912456115e+37
1143.5628845230199,1.1466353308910522e+37
1143.307932842092,1.1408662077745204e+37
1143.0530948162543,1.1380709926893471e+37
1142.7983703695238,1.1325759102865697e+37
1142.543759425986,1.1284537004566117e+37
1142.2892619097934,1.1253015651313776e+37
1142.0348777451663,1.1198749274797995e+37
1141.7806068563925,1.1157936171829438e+37
1141.5264491678272,1.1119519804707533e+37
1141.272404603893,1.1081122977864924e+37
1141.0184730890794,1.101500384507429e+37
1140.7646545479436,1.0959396367763123e+37
1140.5109489051094,1.09133629044036e+37
1140.2573560852684,1.0867199592612798e+37
1140.0038760131783,1.082643177183914e+37
1139.7505086136646,1.0771179431103196e+37
1139.4972538116183,1.072826233078908e+37
1139.2441115319984,1.0680575701838644e+37
1138.9910816998304,1.0642172178631063e+37
1138.7381642402054,1.0599935331217402e+37
1138.4853590782823,1.0542124662697882e+37
1138.2326661392856,1.0510719435319209e+37
1137.9800853485062,1.0460711572296645e+37
1137.7276166313022,1.0433593774046103e+37
1137.475259913097,1.040114374336075e+37
1137.2230151193799,1.0358600998569363e+37
1136.9708821757074,1.0324648059739768e+37
1136.7188610077012,1.0286351093964596e+37
1136.4669515410492,1.0235698245689579e+37
1136.215153701505,1.0224588441125063e+37
1135.963467414888,1.0206498175441267e+37
1135.7118926070834,1.021213370736003e+37
1135.4604292040422,1.0206107265915422e+37
1135.2090771317808,1.0223221209193842e+37
1134.9578363163807,1.0229545529659362e+37
1134.70670668399,1.0251294711865192e+37
1134.4556881608205,1.0255667536996758e+37
1134.2047806731505,1.0273917611899731e+37
1133.9539841473234,1.0274225844808978e+37
1133.7032985097471,1.0292853197365043e+37
1133.452723686895,1.0310094910357872e+37
1133.2022596053057,1.0330269056887408e+37
1132.951906191582,1.0370630625063727e+37
1132.7016633723927,1.0412811445972679e+37
1132.45153107447,1.0450253190469852e+37
1132.2015092246118,1.0491446347968727e+37
1131.95159774968,1.052612474807752e+37
1131.7017965766022,1.0556272282057032e+37
1131.4521056323686,1.060142175534195e+37
1131.2025248440355,1.0643280935035383e+37
1130.9530541387228,1.068559625370495e+37
1130.7036934436146,1.0729271051839242e+37
1130.4544426859597,1.0712885930310011e+37
1130.2053017930707,1.0675601605638132e+37
1129.9562706923243,1.0617377695950565e+37
1129.707349311161,1.054718475888982e+37
1129.4585375770855,1.047095620871046e+37
1129.2098354176665,1.0412654546934778e+37
1128.9612427605362,1.035458391405168e+37
1128.7127595333902,1.0293531615707366e+37
1128.4643856639884,1.0238380495078718e+37
1128.2161210801542,1.0181069546428862e+37
1127.9679657097738,1.0133041199130282e+37
1127.719919480798,1.0076361953484415e+37
1127.4719823212392,1.0028279449927751e+37
1127.2241541591752,9.977496818638761e+36
1126.9764349227457,9.923411352532618e+36
1126.728824540154,9.879462991184804e+36
1126.4813229396657,9.815421157682757e+36
1126.2339300496105,9.75311313612033e+36
1125.9866457983808,9.672846835250856e+36
1125.7394701144315,9.611732343711667e+36
1125.4924029262802,9.541058196640606e+36
1125.245444162508,9.463081489155358e+36
1124.9985937517579,9.413389785453078e+36
1124.7518516227358,9.352768161536504e+36
1124.5052177042103,9.291597941053553e+36
1124.2586919250118,9.205831463604858e+36
1124.0122742140345,9.12268439237424e+36
1123.7659645002332,9.050285106499484e+36
1123.519762712626,8.995498894758319e+36
1123.2736687802933,8.893310773948705e+36
1123.0276826323768,8.818878104197494e+36
1122.781804198081,8.746436755134968e+36
1122.5360334066722,8.70251429211148e+36
1122.2903701874786,8.631681015320368e+36
1122.0448144698898,8.560250729747285e+36
1121.7993661833582,8.50253211427661e+36
1121.5540252573967,8.422261331496971e+36
1121.3087916215807,8.341345338713563e+36
1121.063665205547,8.283498809844108e+36
1120.8186459389938,8.217674778382006e+36
1120.573733751681,8.174286238058678e+36
1120.3289285734293,8.135790987738613e+36
1120.0842303341212,8.103320402737761e+36
1119.8396389637005,8.054994063049549e+36
1119.5951543921717,7.986778297626372e+36
1119.3507765496013,7.936722867179426e+36
1119.1065053661157,7.883599019111845e+36
1118.8623407719033,7.830668212423237e+36
1118.6182826972124,7.788995782647688e+36
1118.3743310723532,7.737394909840016e+36
1118.130485827696,7.695375489459122e+36
1117.8867468936721,7.63957560226675e+36
1117.6431142007734,7.61537345906489e+36
1117.399587679552,7.590131039781405e+36
1117.1561672606213,7.541834850771583e+36
1116.9128528746544,7.517921648529742e+36
1116.6696444523852,7.489378190004828e+36
1116.4265419246078,7.443037360289473e+36
1116.1835452221762,7.412817950836139e+36
1115.9406542760057,7.394940003372881e+36
1115.6978690170702,7.370876810006267e+36
1115.4551893764046,7.343683644280187e+36
1115.2126152851042,7.318089872523908e+36
1114.9701466743227,7.297495417753892e+36
1114.7277834752754,7.273874718325522e+36
1114.4855256192361,7.25941508813645e+36
1114.2433730375387,7.244267978572992e+36
1114.0013256615775,7.215720387122017e+36
1113.7593834228053,7.190186638742165e+36
1113.517546252735,7.181567022078135e+36
1113.275814082939,7.168304956349298e+36
1113.034186845049,7.135558726581675e+36
1112.7926644707557,7.117799752309956e+36
1112.5512468918098,7.113389796788269e+36
1112.309934040021,7.111600655211489e+36
1112.0687258472574,7.123524027138468e+36
1111.827622245447,7.118469751752531e+36
1111.5866231665768,7.112797693580252e+36
1111.3457285426923,7.10052011877214e+36
1111.1049383058983,7.097052678719428e+36
1110.8642523883582,7.096237842425833e+36
1110.6236707222943,7.114152888478491e+36
1110.3831932399871,7.108208397208143e+36
1110.1428198737767,7.118593316947256e+36
1109.9025505560612,7.112904428990712e+36
1109.662385219297,7.117651713456174e+36
1109.4223237959995,7.116750039379556e+36
1109.182366218742,7.118869931215563e+36
1108.9425124201562,7.121288820290421e+36
1108.7027623329323,7.120168189642517e+36
1108.4631158898187,7.117888829358068e+36
1108.2235730236218,7.131366407410033e+36
1107.984133667206,7.143764870245861e+36
1107.7447977534935,7.168130156264931e+36
1107.5055652154651,7.18141799608734e+36
1107.2664359861592,7.188985771728776e+36
1107.0274099986716,7.199856034544084e+36
1106.7884871861563,7.2198437205114e+36
1106.5496674818248,7.235208889061282e+36
1106.3109508189466,7.258170950824943e+36
1106.0723371308484,7.265742245657321e+36
1105.8338263509143,7.27713720570415e+36
1105.595418412586,7.271641615625767e+36
1105.357113249363,7.248097627558243e+36
1105.1189107948016,7.227438855003119e+36
1104.8808109825154,7.207402801276159e+36
1104.6428137461753,7.184505348565505e+36
1104.4049190195092,7.174180112775373e+36
1104.1671267363029,7.166908065423582e+36
1103.929436830398,7.167848219516499e+36
1103.6918492356933,7.184516962667144e+36
1103.4543638861455,7.1713199324883e+36
1103.2169807157672,7.19321204525957e+36
1102.9796996586279,7.18362749328921e+36
1102.7425206488538,7.193117160643182e+36
1102.5054436206278,7.199707823943141e+36
1102.26846850819,7.214334720852427e+36
1102.0315952458357,7.216728128935873e+36
1101.794823767918,7.232068494007657e+36
1101.5581540088456,7.221287084878576e+36
1101.3215859030838,7.225171107352487e+36
1101.085119385154,7.216095844265924e+36
1100.8487543896345,7.207397749820294e+36
1100.6124908511588,7.190705006423227e+36
1100.376328704417,7.160057089913478e+36
1100.1402678841553,7.141020250119906e+36
1099.9043083251756,7.141167340987677e+36
1099.6684499623364,7.143915462869197e+36
1099.432692730551,7.149261445714553e+36
1099.1970365647894,7.150861102155393e+36
1098.961481400077,7.158770402317967e+36
1098.7260271714947,7.1503062512734e+36
1098.4906738141794,7.1638047382596e+36
1098.2554212633231,7.160020693815206e+36
1098.020269454174,7.178504239076494e+36
1097.7852183220352,7.178459815594649e+36
1097.5502678022654,7.174440749892066e+36
1097.3154178302782,7.185157708477883e+36
1097.080668341543,7.193072343642033e+36
1096.8460192715845,7.207335850887362e+36
1096.611470555982,7.212870479326147e+36
1096.3770221303703,7.231686722931626e+36
1096.1426739304388,7.248566892451448e+36
1095.9084258919324,7.24759580270375e+36
1095.6742779506508,7.266266087698582e+36
1095.4402300424483,7.277742042943588e+36
1095.2062821032341,7.279434303772222e+36
1094.9724340689722,7.297748168403267e+36
1094.7386858756813,7.299297044013386e+36
1094.505037459435,7.317949555399039e+36
1094.2714887563604,7.318317642885835e+36
1094.0380397026404,7.325122148759951e+36
1093.8046902345118,7.334720904041587e+36
1093.5714402882654,7.338497461168279e+36
1093.3382898002471,7.354771771971933e+36
1093.1052387068567,7.361779400040018e+36
1092.8722869445476,7.377469328850685e+36
1092.6394344498287,7.391658079641322e+36
1092.406681159262,7.404764177004128e+36
1092.1740270094635,7.418061396465795e+36
1091.941471937104,7.432212828482408e+36
1091.7090158789076,7.449408194475203e+36
1091.4766587716522,7.460335844417744e+36
1091.2444005521697,7.474185967929454e+36
1091.0122411573457,7.484347951753088e+36
1090.78018052412,7.464602042866793e+36
1090.5482185894848,7.422186733104455e+36
1090.3163552904875,7.401400867892812e+36
1090.0845905642277,7.373706198245468e+36
1089.8529243478592,7.351062879727555e+36
1089.621356578589,7.315515849610879e+36
1089.3898871936772,7.29254617192233e+36
1089.1585161304376,7.253507124687148e+36
1088.9272433262372,7.241699758930339e+36
1088.6960687184958,7.207984414336754e+36
1088.464992244687,7.172675329566316e+36
1088.2340138423367,7.13730751413498e+36
1088.0031334490243,7.093485893144049e+36
1087.7723510023823,7.044255955209868e+36
1087.5416664400955,6.980117369606226e+36
1087.3110796999022,6.925144493010103e+36
1087.0805907195931,6.863229627300112e+36
1086.8501994370115,6.811721414000274e+36
1086.6199057900542,6.75479906949427e+36
1086.3897097166696,6.690571482278922e+36
1086.1596111548592,6.624524307225154e+36
1085.929610042677,6.570626869243817e+36
1085.6997063182296,6.534605580187522e+36
1085.469899919675,6.48504902651541e+36
1085.2401907852256,6.468510057729559e+36
1085.0105788531437,6.452660882578047e+36
1084.7810640617458,6.442017923796796e+36
1084.551646349399,6.437090695675157e+36
1084.322325654524,6.43111234516366e+36
1084.0931019155926,6.418471695130953e+36
1083.8639750711286,6.425643912917373e+36
1083.6349450597083,6.415192228765588e+36
1083.4060118199595,6.427044115077275e+36
1083.1771752905622,6.408073222013382e+36
1082.9484354102478,6.408868594754903e+36
1082.7197921178,6.40935685752925e+36
1082.4912453520533,6.379778249379818e+36
1082.2627950518945,6.354788982829767e+36
1082.034441156262,6.340933925348097e+36
1081.8061836041454,6.310427923983302e+36
1081.5780223345862,6.29478138310762e+36
1081.3499572866767,6.261909764962142e+36
1081.1219883995611,6.241458506791043e+36
1080.8941156124347,6.220801545112288e+36
1080.6663388645438,6.198226315061438e+36
1080.4386580951866,6.183948416635368e+36
1080.2110732437118,6.159738283595094e+36
1079.9835842495193,6.141576661449181e+36
1079.7561910520606,6.12030780170581e+36
1079.528893590837,6.092481355909503e+36
1079.3016918054018,6.07956709022527e+36
1079.074585635359,6.054266945993046e+36
1078.8475750203631,6.042586796441499e+36
1078.6206599001198,6.011757250952609e+36
1078.3938402143847,5.99385440887743e+36
1078.167115902965,5.974300701548227e+36
1077.940486905718,5.952245392827943e+36
1077.7139531625517,5.941282790110861e+36
1077.4875146134243,5.926531175166028e+36
1077.2611711983452,5.901906804692443e+36
1077.0349228573737,5.896907035322656e+36
1076.808769530619,5.876689486394883e+36
1076.5827111582414,5.856323918572698e+36
1076.3567476804512,5.839348785884113e+36
1076.1308790375085,5.825598488835014e+36
1075.905105169724,5.806436481116497e+36
1075.6794260174584,5.782269199390879e+36
1075.4538415211218,5.774651742602075e+36
1075.2283516211755,5.753284482521199e+36
1075.0029562581299,5.73574551949379e+36
1074.7776553725448,5.730665399846059e+36
1074.552448905031,5.716791139635808e+36
1074.3273367962486,5.719426906717125e+36
1074.1023189869068,5.695378470398727e+36
1073.877395417765,5.689643143088332e+36
1073.6525660296327,5.671165455811301e+36
1073.427830763368,5.674540119474774e+36
1073.2031895598793,5.653908997497768e+36
1072.9786423601238,5.657879430120077e+36
1072.7541891051085,5.650192186266876e+36
1072.5298297358895,5.641824597752568e+36
1072.3055641935725,5.648656439310502e+36
1072.0813924193124,5.643205192466486e+36
1071.857314354313,5.645288661547148e+36
1071.6333299398277,5.652964143639935e+36
1071.4094391171586,5.641857135409645e+36
1071.185641827657,5.651534614409713e+36
1070.961938012723,5.651169747802726e+36
1070.7383276138062,5.654996277519098e+36
1070.5148105724043,5.658075038256743e+36
1070.2913868300645,5.648835102695393e+36
1070.0680563283825,5.653478090530495e+36
1069.8448190090028,5.656985596284251e+36
1069.6216748136185,5.654015941769203e+36
1069.3986236839712,5.666772326716822e+36
1069.1756655618517,5.664669954671784e+36
1068.952800389099,5.672450543452788e+36
1068.7300281075998,5.662397405908047e+36
1068.5073486592903,5.663167771916581e+36
1068.284761986155,5.663186823199096e+36
1068.062268030226,5.660588001425165e+36
1067.8398667335846,5.661492095148316e+36
1067.6175580383594,5.67096615602602e+36
1067.395341886728,5.665991562253832e+36
1067.1732182209155,5.657073946561902e+36
1066.9511869831954,5.645527237835381e+36
1066.7292481158895,5.614013332624528e+36
1066.5074015613668,5.605360034264847e+36
1066.285647262045,5.573502263778203e+36
1066.0639851603894,5.560995700343635e+36
1065.8424151989127,5.538441828136865e+36
1065.6209373201766,5.508720331391135e+36
1065.3995514667888,5.481216800503335e+36
1065.1782575814061,5.455915925086914e+36
1064.9570556067326,5.433837140944542e+36
1064.7359454855196,5.406511206233197e+36
1064.514927160566,5.379542358904925e+36
1064.2940005747187,5.364367692411206e+36
1064.0731656708715,5.334048078959508e+36
1063.8524223919658,5.315836638764051e+36
1063.6317706809903,5.293259177034249e+36
1063.4112104809808,5.280984747304273e+36
1063.190741735021,5.2697480268641136e+36
1062.970364386241,5.263208199964662e+36
1062.7500783778182,5.2576518990792395e+36
1062.5298836529778,5.249442722234894e+36
1062.309780154991,5.237067410807736e+36
1062.0897678271767,5.2413735165562036e+36
1061.8698466129006,5.227472248369544e+36
1061.6500164555753,5.209226349294489e+36
1061.4302772986598,5.211990672697363e+36
1061.210629085661,5.200078151387732e+36
1060.9910717601313,5.1845761989450506e+36
1060.7716052656704,5.1570991883272504e+36
1060.5522295459245,5.1340910357123587e+36
1060.332944544587,5.09747297618671e+36
1060.113750205397,5.077254474425836e+36
1059.8946464721407,5.0520685894253966e+36
1059.6756332886503,5.0278829873877983e+36
1059.4567105988049,5.002438670555641e+36
1059.2378783465297,4.97668280644897e+36
1059.0191364757961,4.9533436255618367e+36
1058.8004849306221,4.9360516462983604e+36
1058.5819236550717,4.907443232042209e+36
1058.363452593255,4.908131991413586e+36
1058.1450716893287,4.912890196676375e+36
1057.9267808874947,4.914487409541137e+36
1057.708580132002,4.9175275402851285e+36
1057.490469367145,4.9192669350930664e+36
1057.2724485372635,4.924309248291195e+36
1057.0545175867444,4.93026990355321e+36
1056.8366764600198,4.926803519908014e+36
1056.6189251015674,4.9306164521357226e+36
1056.401263455911,4.9357477592667906e+36
1056.18369146762,4.9288297143616976e+36
1055.9662090813094,4.915816226718485e+36
1055.7488162416398,4.8794287533178873e+36
1055.5315128933173,4.841821303932899e+36
1055.314298981094,4.8091718019595753e+36
1055.097174449767,4.766272974494715e+36
1054.8801392441783,4.732325178224648e+36
1054.6631933092167,4.6930069741240086e+36
1054.446336589815,4.650466993090565e+36
1054.2295690309522,4.6231617608151397e+36
1054.0128905776517,4.5900141956301546e+36
1053.7963011749828,4.5599129676335755e+36
1053.5798007680596,4.5307664367559714e+36
1053.3633893020415,4.499215611683637e+36
1053.1470667221324,4.460851922475171e+36
1052.930832973582,4.4386131238348326e+36
1052.7146880016842,4.407859643131927e+36
1052.4986317517787,4.3819000319422414e+36
1052.282664169249,4.352134276465786e+36
1052.0667851995245,4.325171550066341e+36
1051.8509947880782,4.2972217425170636e+36
1051.635292880429,4.272430429773694e+36
1051.4196794221398,4.251471852998967e+36
1051.204154358818,4.222830171249643e+36
1050.9887176361162,4.192047044277238e+36
1050.773369199731,4.171773263825368e+36
1050.5581089954037,4.142938144006254e+36
1050.3429369689204,4.107953756491271e+36
1050.1278530661107,4.0805638171631366e+36
1049.9128572328495,4.050868950819141e+36
1049.6979494150557,4.022112332614477e+36
1049.4831295586923,4.000061678415431e+36
1049.2683976097665,3.963342218789128e+36
1049.05375351433,3.934215078145346e+36
1048.8391972184784,3.903637531836024e+36
1048.6247286683515,3.871654249413977e+36
1048.4103478101329,3.8404424401826824e+36
1048.1960545900504,3.808335127623321e+36
1047.9818489543761,3.777089718780849e+36
1047.7677308494253,3.74383276883518e+36
1047.5537002215576,3.7121542466952114e+36
1047.3397570171765,3.677212726858063e+36
1047.1259011827287,3.6470987056271054e+36
1046.9121326647055,3.6304220779505717e+36
1046.6984514096412,3.6073924341009977e+36
1046.4848573641139,3.5927438190514666e+36
1046.2713504747455,3.574241437864543e+36
1046.0579306882014,3.5606758336269946e+36
1045.8445979511903,3.544324228153259e+36
1045.6313522104647,3.521308620641014e+36
1045.41819341282,3.504095452256279e+36
1045.2051215050953,3.4861338275948267e+36
1044.9921364341733,3.46878648634046e+36
1044.7792381469794,3.44345248407282e+36
1044.566426590483,3.4357915910854316e+36
1044.3537017116957,3.417170770574021e+36
1044.141063457673,3.395948832536797e+36
1043.9285117755137,3.384254394005377e+36
1043.7160466123587,3.3612198965253664e+36
1043.5036679153927,3.345797711141574e+36
1043.2913756318433,3.330428344244044e+36
1043.0791697089808,3.312361093334151e+36
1042.8670500941187,3.2974518405900383e+36
1042.655016734613,3.28975284355896e+36
1042.4430695778626,3.263621691741494e+36
1042.2312085713095,3.2470239908529936e+36
1042.0194336624377,3.2335934495102705e+36
1041.8077447987748,3.2151519688709213e+36
1041.5961419278901,3.196136550601029e+36
1041.3846249973965,3.180593994832196e+36
1041.1731939549484,3.167540889745468e+36
1040.9618487482433,3.154417728693071e+36
1040.750589325021,3.1390403350597536e+36
1040.5394156330642,3.121834464448423e+36
1040.328327620197,3.104690869643019e+36
1040.1173252342865,3.0904397512180086e+36
1039.9064084232418,3.0821540016451547e+36
1039.695577135015,3.0637216637387176e+36
1039.484831317599,3.0579204504365953e+36
1039.27417091903,3.051081692941903e+36
1039.0635958873863,3.0402422855933334e+36
1038.8531061707874,3.035467945895962e+36
1038.6427017173958,3.0322973971224454e+36
1038.4323824754151,3.0291070197103196e+36
1038.2221483930916,3.023945696778927e+36
1038.0119994187132,3.0176215831007567e+36
1037.8019355006097,3.014365955178913e+36
1037.5919565871525,3.0029886262005296e+36
1037.3820626267552,2.9947000102846705e+36
1037.1722535678725,2.987445913886292e+36
1036.9625293590016,2.9763209752984267e+36
1036.7528899486806,2.974312796309781e+36
1036.54333528549,2.971127937716641e+36
1036.3338653180508,2.960027602665772e+36
1036.1244799950266,2.9620531331832183e+36
1035.9151792651217,2.9558645996537005e+36
1035.7059630770825,2.953632630448999e+36
1035.496831379696,2.95322198714309e+36
1035.2877841217912,2.937957249240191e+36
1035.0788212522384,2.935188408783972e+36
1034.8699427199488,2.934275314366076e+36
1034.6611484738748,2.92315546837884e+36
1034.4524384630106,2.9245701930880616e+36
1034.2438126363909,2.915132962282981e+36
1034.0352709430917,2.9073457866474543e+36
1033.8268133322306,2.9058650822876475e+36
1033.618439752965,2.9019349839980704e+36
1033.4101501544949,2.8929492741715394e+36
1033.2019444860593,2.8926495875517363e+36
1032.9938226969402,2.891618815288004e+36
1032.785784736459,2.876279314394565e+36
1032.577830553978,2.8845613051304905e+36
1032.3699600989012,2.8838444382603613e+36
1032.162173320672,2.8749391418957024e+36
1031.9544701687762,2.879759535530373e+36
1031.7468505927386,2.8761327648843646e+36
1031.5393145421253,2.872768888542001e+36
1031.3318619665436,2.870579788082898e+36
1031.12449281564,2.8663250356437057e+36
1030.9172070391028,2.862761837571484e+36
1030.7100045866596,2.868234115070076e+36
1030.502885408079,2.858696121393691e+36
1030.2958494531704,2.8585382093940447e+36
1030.0888966717828,2.855214211226016e+36
1029.8820270138056,2.84745478829505e+36
1029.6752404291685,2.842104260211823e+36
1029.468536867842,2.840775131703864e+36
1029.2619162798358,2.832947178204896e+36
1029.0553786152002,2.827113468483662e+36
1028.8489238240256,2.816148177650228e+36
1028.6425518564427,2.7929897786757086e+36
1028.4362626626214,2.7858954463371156e+36
1028.2300561927725,2.7628056944434743e+36
1028.0239323971462,2.7468815038864505e+36
1027.8178912260325,2.730519980292688e+36
1027.6119326297617,2.718644340588897e+36
1027.4060565587033,2.705257173189951e+36
1027.2002629632673,2.698244467330278e+36
1026.9945517939027,2.697413714070892e+36
1026.7889230010987,2.6932782832285754e+36
1026.5833765353836,2.682046486527456e+36
1026.3779123473262,2.683641748387831e+36
1026.1725303875342,2.678057381766982e+36
1025.9672306066543,2.6790555892845326e+36
1025.762012955374,2.675689816633458e+36
1025.5568773844197,2.673873346664747e+36
1025.3518238445565,2.675937853392672e+36
1025.14685228659,2.668922797345672e+36
1024.9419626613642,2.6802094723522724e+36
1024.737154919763,2.690828533253949e+36
1024.5324290127091,2.697655817421761e+36
1024.327784891165,2.706194869864892e+36
1024.123222506132,2.71661080278186e+36
1023.9187418086501,2.723700517934901e+36
1023.714342749799,2.7356109661472657e+36
1023.5100252806976,2.7458406669067925e+36
1023.3057893525032,2.7552368831768675e+36
1023.1016349164125,2.771430573411233e+36
1022.8975619236611,2.778314401670403e+36
1022.6935703255233,2.788853502694801e+36
1022.4896600733125,2.79475502182747e+36
1022.2858311183808,2.811154056872461e+36
1022.0820834121188,2.8178370853755085e+36
1021.8784169059566,2.8217179860366697e+36
1021.6748315513622,2.823392792002469e+36
1021.4713272998426,2.8309322355557516e+36
1021.2679041029438,2.826870338330366e+36
1021.0645619122497,2.8362072032641424e+36
1020.8613006793832,2.835649716608653e+36
1020.6581203560055,2.8389369886738713e+36
1020.4550208938166,2.845247344321849e+36
1020.2520022445544,2.8458216506182965e+36
1020.0490643599957,2.8352783783164254e+36
1019.8462071919555,2.8255564978915325e+36
1019.6434306922869,2.831885805305784e+36
1019.4407348128817,2.841482008394549e+36
1019.2381195056695,2.849776612589409e+36
1019.0355847226184,2.8601968530948306e+36
1018.8331304157348,2.867928713101331e+36
1018.6307565370629,2.878077275504992e+36
1018.428463038685,2.886604959836055e+36
1018.2262498727217,2.8932132696891316e+36
1018.0241169913315,2.9085397201495656e+36
1017.8220643467109,2.915102699414993e+36
1017.6200918910943,2.9283750932206014e+36
1017.4181995767541,2.938349825788862e+36
1017.2163873560003,2.9433822834517285e+36
1017.0146551811811,2.9478937225947926e+36
1016.8130030046824,2.9519046687061916e+36
1016.6114307789276,2.9533695001348556e+36
1016.4099384563782,2.959615003073266e+36
1016.2085259895331,2.960533976166048e+36
1016.0071933309288,2.965184162635865e+36
1015.8059404331397,2.962159237961939e+36
1015.6047672487775,2.945420577798186e+36
1015.4036737304915,2.925338178042657e+36
1015.2026598309687,2.9066851689011354e+36
1015.0017255029334,2.9004962644710204e+36
1014.800870699147,2.8971894370816626e+36
1014.600095372409,2.8968394313800674e+36
1014.3993994755555,2.891474300613637e+36
1014.1987829614604,2.8858797220813417e+36
1013.9982457830347,2.884568556356638e+36
1013.7977878932268,2.8794372650603025e+36
1013.5974092450219,2.876349305523979e+36
1013.3971097914429,2.871280009249834e+36
1013.1968894855493,2.8679576492137896e+36
1012.9967482804379,2.862723381152477e+36
1012.796686129243,2.860738686300553e+36
1012.596702985135,2.8664624189588096e+36
1012.3967988013222,2.869566681204847e+36
1012.1969735310491,2.8735770904268696e+36
1011.9972271275976,2.8799281323410213e+36
1011.7975595442864,2.882013072072653e+36
1011.5979707344708,2.8867556323351984e+36
1011.3984606515429,2.8920485576668467e+36
1011.1990292489319,2.8934891117009056e+36
1010.9996764801034,2.898997246029816e+36
1010.80040229856,2.902582498317569e+36
1010.6012066578406,2.903481693716635e+36
1010.4020895115211,2.912391631615063e+36
1010.2030508132135,2.917795142677708e+36
1010.0040905165666,2.9123772938875877e+36
1009.8052085752659,2.9081739171353336e+36
1009.6064049430329,2.899465980696461e+36
1009.4076795736262,2.888354644590154e+36
1009.2090324208401,2.879918903211604e+36
1009.0104634385059,2.87249225810904e+36
1008.8119725804906,2.85908238932704e+36
1008.613559800698,2.8510120750649126e+36
1008.4152250530678,2.8463378568184046e+36
1008.2169682915763,2.838070662766511e+36
1008.0187894702357,2.836197397434988e+36
1007.8206885430943,2.8236464161938435e+36
1007.622665464237,2.816351756869405e+36
1007.4247201877839,2.814286600764707e+36
1007.2268526678921,2.809059434407317e+36
1007.0290628587541,2.7974960436030546e+36
1006.8313507145986,2.786289882858588e+36
1006.6337161896901,2.783766457513208e+36
1006.4361592383291,2.778202502537895e+36
1006.238679814852,2.772348588609382e+36
1006.0412778736311,2.768644596315661e+36
1005.8439533690743,2.7643584650612324e+36
1005.6467062556253,2.765042320049808e+36
1005.4495364877637,2.7552693684667966e+36
1005.2524440200045,2.753590358313074e+36
1005.0554288068987,2.7520004565614805e+36
1004.8584908030327,2.746952596778698e+36
1004.6616299630284,2.7386110959780556e+36
1004.4648462415436,2.733766423821749e+36
1004.2681395932715,2.7364318632678245e+36
1004.0715099729402,2.7310042377372e+36
1003.8749573353143,2.7287070854737866e+36
1003.6784816351931,2.7250057268451426e+36
1003.4820828274111,2.7234354022742937e+36
1003.2857608668388,2.722516170263988e+36
1003.0895157083818,2.721692603026328e+36
1002.8933473069806,2.720413130630614e+36
1002.6972556176113,2.718643620455845e+36
1002.5012405952851,2.717691493041802e+36
1002.3053021950486,2.71596366190646e+36
1002.1094403719829,2.716767448907562e+36
1001.913655081205,2.7139899746704445e+36
1001.7179462778665,2.708572997708808e+36
1001.5223139171541,2.7064944037693873e+36
1001.3267579542894,2.700732144549771e+36
1001.1312783445293,2.698466007282777e+36
1000.9358750431653,2.698048886664046e+36
1000.740548005524,2.6930890015856456e+36
1000.545297186967,2.695302296466993e+36
1000.35012254289,2.6889591243828444e+36
1000.1550240287244,2.683802678940376e+36
999.960001599936,2.6815728162773804e+36
999.7650552120251,2.680358002790985e+36
999.5701848205272,2.675599035643862e+36
999.3753903810119,2.6636448263458024e+36
999.1806718490838,2.665753767380177e+36
998.9860291803819,2.6558319250658535e+36
998.7914623305801,2.6484534805249915e+36
998.596971255386,2.6387769743404425e+36
998.4025559105431,2.630319465111149e+36
998.208216251828,2.6194954977784192e+36
998.0139522350522,2.61552045901455e+36
997.8197638160618,2.6074934870335053e+36
997.6256509507373,2.5968472062928476e+36
997.4316135949929,2.5851888760094592e+36
997.2376517047777,2.5717855784171156e+36
997.0437652360749,2.5548090674308215e+36
996.8499541449021,2.5480265269644815e+36
996.6562183873106,2.5268464591619968e+36
996.4625579193861,2.5143842753589855e+36
996.2689726972488,2.5018626953021613e+36
996.0754626770524,2.4851042777591518e+36
995.882027814985,2.4765640366889308e+36
995.6886680672686,2.462056544528308e+36
995.4953833901595,2.4484760713518526e+36
995.3021737399474,2.4340042873922605e+36
995.1090390729564,2.4201084742582057e+36
994.9159793455443,2.407506998910849e+36
994.7229945141027,2.392896669344993e+36
994.5300845350572,2.3808917975592134e+36
994.337249364867,2.3602904610170962e+36
994.1444889600255,2.350616404324884e+36
993.9518032770592,2.3481099448028999e+36
993.7591922725285,2.3478363093848213e+36
993.5666559030278,2.3448285261948598e+36
993.374194125185,2.3380822677517273e+36
993.1818068956612,2.3301994166585438e+36
992.9894941711517,2.327231325378532e+36
992.7972559083846,2.3246697301700614e+36
992.6050920641223,2.317554436364815e+36
992.41300259516,2.314062073306348e+36
992.2209874583267,2.3098839208810513e+36
992.0290466104848,2.3037088570063002e+36
991.8371800085298,2.295700937187648e+36
991.6453876093909,2.2775240633962803e+36
991.4536693700303,2.261437028900045e+36
991.2620252474437,2.248072802181502e+36
991.07045519866,2.2338381174669053e+36
990.8789591807412,2.2214138282925808e+36
990.6875371507826,2.210657087936555e+36
990.4961890659125,2.1912168737321912e+36
990.3049148832926,2.1763101455565232e+36
990.1137145601172,2.1650199218791414e+36
989.9225880536143,2.14567649360151e+36
989.7315353210441,2.128113036916419e+36
989.5405563197007,2.1183840260590023e+36
989.3496510069106,2.108047835891757e+36
989.1588193400332,2.094992520486082e+36
988.968061276461,2.080291993808627e+36
988.7773767736194,2.0642689127567112e+36
988.5867657889663,2.0543942203597708e+36
988.3962282799929,2.038928282161422e+36
988.2057642042226,2.0233143282091555e+36
988.015373519212,2.0111284899346762e+36
987.82505618255,1.998419928844597e+36
987.6348121518588,1.9839597438016202e+36
987.4446413847922,1.9681469121526398e+36
987.2545438390381,1.9541175582949792e+36
987.0645194723153,1.9457330003286855e+36
986.8745682423763,1.9415693266677757e+36
986.6846901070058,1.9272019425174392e+36
986.4948850240211,1.9177632078225868e+36
986.3051529512715,1.9069791964213994e+36
986.1154938466393,1.8973547260884435e+36
985.9259076680387,1.885252489840473e+36
985.7363943734167,1.8773477400542586e+36
985.5469539207521,1.863379311988428e+36
985.3575862680567,1.8564492607359733e+36
985.1682913733738,1.8445084201727585e+36
984.9790691947795,1.83136483338223e+36
984.789919690382,1.8192836417067884e+36
984.6008428183214,1.809727668551529e+36
984.4118385367702,1.7975252532491e+36
984.2229068039329,1.789833073485315e+36
984.0340475780462,1.778397757132825e+36
983.8452608173786,1.7693712412425727e+36
983.6565464802309,1.7590180910894468e+36
983.4679045249358,1.7496783426398353e+36
983.2793349098578,1.7420343652033778e+36
983.0908375933936,1.7334773476854232e+36
982.9024125339715,1.7255733516596186e+36
982.714059690052,1.7159972936106903e+36
982.525779020127,1.7072774373831476e+36
982.3375704827207,1.701607941032914e+36
982.1494340363886,1.6904707470631428e+36
981.9613696397184,1.6770428512329936e+36
981.7733772513291,1.6684605344815397e+36
981.5854568298716,1.661122999733069e+36
981.3976083340285,1.655000916555821e+36
981.2098317225139,1.651598441961214e+36
981.0221269540733,1.6500356732466823e+36
980.8344939874845,1.6440810868813936e+36
980.646932781556,1.6406093840001843e+36
980.459443295128,1.635714036598498e+36
980.2720254870726,1.6301764139871888e+36
980.0846793162929,1.6250001208929485e+36
979.8974047417234,1.6225563598852916e+36
979.7102017223305,1.6192331337710373e+36
979.5230702171112,1.6148411915034107e+36
979.3360101850944,1.6071736492222353e+36
979.1490215853402,1.6086275480695782e+36
978.9621043769396,1.6072963791366624e+36
978.7752585190151,1.6020028839754747e+36
978.5884839707205,1.5933699525498897e+36
978.4017806912408,1.592916590642834e+36
978.2151486397919,1.5888027012936386e+36
978.0285877756206,1.5827269802662221e+36
977.8420980580056,1.5795086314402085e+36
977.6556794462558,1.574759949518759e+36
977.4693318997116,1.5756616926466367e+36
977.2830553777443,1.5695241275904534e+36
977.0968498397561,1.566115570121286e+36
976.9107152451802,1.5647435976599895e+36
976.7246515534806,1.559321831391706e+36
976.5386587241522,1.5562106210219375e+36
976.352736716721,1.5538836119143756e+36
976.1668854907434,1.5519323886542817e+36
975.9811050058071,1.5482602138915683e+36
975.7953952215299,1.5477147919177276e+36
975.6097560975609,1.547984216961057e+36
975.4241875935797,1.5434931299310588e+36
975.2386896692965,1.537901544412527e+36
975.0532622844522,1.5313499922852876e+36
974.8679053988184,1.5276287258861077e+36
974.6826189721971,1.527466032179144e+36
974.4974029644211,1.5215443480128226e+36
974.3122573353534,1.5166539668408517e+36
974.1271820448878,1.5103361164879154e+36
973.9421770529483,1.510234690777736e+36
973.7572423194897,1.5044814537007444e+36
973.5723778044969,1.5023371312061872e+36
973.3875834679853,1.497295697928796e+36
973.2028592700005,1.4959633312511467e+36
973.0182051706188,1.4955122485860473e+36
972.8336211299463,1.491625406787927e+36
972.6491071081196,1.4865429948151953e+36
972.4646630653058,1.4819040805837743e+36
972.2802889617018,1.483355146588062e+36
972.095984757535,1.4827151409064765e+36
971.9117504130625,1.4759767053450423e+36
971.727585888572,1.471285269735313e+36
971.543491144381,1.4654135077282258e+36
971.3594661408373,1.458319706676946e+36
971.1755108383187,1.455758705781124e+36
970.9916251972326,1.446435773614816e+36
970.807809178017,1.4441939271755284e+36
970.6240627411394,1.4361788615876027e+36
970.4403858470973,1.4252573150942198e+36
970.2567784564184,1.4162505004060477e+36
970.07324052966,1.411184390478211e+36
969.8897720274091,1.4067527123402837e+36
969.7063729102827,1.4008605030161158e+36
969.5230431389277,1.38972660063056e+36
969.3397826740207,1.388600612445302e+36
969.1565914762677,1.3835194169892907e+36
968.9734695064049,1.376855762289118e+36
968.7904167251977,1.3737787718173829e+36
968.6074330934415,1.3645912439987263e+36
968.4245185719611,1.3624063428681008e+36
968.2416731216111,1.3563023691246754e+36
968.0588967032754,1.3528274039050627e+36
967.8761892778675,1.3473926228922915e+36
967.6935508063306,1.3424249202386243e+36
967.5109812496372,1.3425430107319056e+36
967.328480568789,1.3403280673407003e+36
967.1460487248179,1.336870175880504e+36
966.9636856787843,1.338334995681987e+36
966.7813913917785,1.334758655086369e+36
966.5991658249199,1.3308817674287545e+36
966.4170089393573,1.3286890369064372e+36
966.2349206962689,1.3254761610700882e+36
966.0529010568617,1.3249567305565306e+36
965.8709499823728,1.3232651909924394e+36
965.6890674340676,1.3190133400931895e+36
965.507253373241,1.314207673406122e+36
965.3255077612171,1.3136063242645402e+36
965.1438305593491,1.3104301417772902e+36
964.9622217290192,1.3106655159578808e+36
964.780681231639,1.3096065483535086e+36
964.5992090286486,1.3075440590693714e+36
964.4178050815174,1.3042465999709453e+36
964.2364693517437,1.3002954645317631e+36
964.0552018008551,1.3016081650913248e+36
963.8740023904074,1.2942406040919999e+36
963.6928710819861,1.2965154709152315e+36
963.5118078372051,1.2935240407565243e+36
963.3308126177069,1.2873127659531121e+36
963.1498853851637,1.2847471569087121e+36
962.9690261012755,1.283622095181536e+36
962.7882347277715,1.2808292128779456e+36
962.6075112264101,1.276025552062102e+36
962.4268555589774,1.2759088278513186e+36
962.2462676872891,1.2701215985069693e+36
962.0657475731891,1.2689985014404174e+36
961.8852951785499,1.2661561515715382e+36
961.7049104652727,1.2593880370116509e+36
961.5245933952875,1.2570880218854724e+36
961.3443439305526,1.2566256094994537e+36
961.1641620330544,1.252890124547202e+36
960.9840476648088,1.2569012737298862e+36
960.8040007878592,1.2489348113388032e+36
960.6240213642783,1.2473711903429026e+36
960.4441093561663,1.2481369193153807e+36
960.2642647256524,1.2410080034717523e+36
960.0844874348943,1.2393980969657894e+36
959.9047774460773,1.238780332107394e+36
959.7251347214158,1.2312691483769825e+36
959.5455592231519,1.2319532944582765e+36
959.3660509135563,1.2291659573101763e+36
959.1866097549278,1.2213200255117205e+36
959.0072357095934,1.2187672502918963e+36
958.8279287399083,1.2126157039799408e+36
958.6486888082559,1.2112167230563273e+36
958.4695158770475,1.2063627228000835e+36
958.2904099087228,1.2068112363479803e+36
958.1113708657494,1.1994467781850542e+36
957.9323987106229,1.1990748576517842e+36
957.7534934058672,1.195636468237579e+36
957.5746549140338,1.1983487696575544e+36
957.3958831977021,1.1926326071831027e+36
957.2171782194803,1.1941756459807573e+36
957.0385399420035,1.1905100491148133e+36
956.859968327935,1.185903480472238e+36
956.6814633399663,1.1862763726041517e+36
956.5030249408163,1.1839113636553552e+36
956.3246530932321,1.1846133654418124e+36
956.1463477599881,1.1806298569575549e+36
955.968108903887,1.1789204443468108e+36
955.7899364877587,1.1775290289408999e+36
955.6118304744613,1.1759446279505489e+36
955.4337908268801,1.1720799428656794e+36
955.2558175079286,1.1660800685453482e+36
955.0779104805475,1.1663518030065619e+36
954.900069707705,1.1610801720643194e+36
954.7222951523976,1.1570864186648145e+36
954.5445867776484,1.158150738954422e+36
954.3669445465086,1.1471290969313866e+36
954.189368422057,1.1433735424959789e+36
954.0118583673994,1.1397909564279604e+36
953.8344143456695,1.1306013694555034e+36
953.6570363200282,1.1273295371731096e+36
953.4797242536637,1.1223574353222719e+36
953.3024781097919,1.120366061242368e+36
953.1252978516555,1.1162938378659713e+36
952.9481834425252,1.1156457136170915e+36
952.7711348456986,1.1123647352291779e+36
952.5941520245007,1.1101549121778171e+36
952.4172349422835,1.1063672926383886e+36
952.2403835624265,1.1047353692059319e+36
952.0635978483363,1.1016121429123751e+36
951.8868777634465,1.1029494667538941e+36
951.7102232712183,1.0983784997184609e+36
951.5336343351396,1.0965266043625478e+36
951.3571109187257,1.0966212632393278e+36
951.1806529855182,1.0899805114296525e+36
951.0042604990871,1.0854502201121244e+36
950.8279334230281,1.0780945235541278e+36
950.6516717209646,1.0733522150541962e+36
950.4754753565471,1.0714063050105354e+36
950.2993442934525,1.064982733061083e+36
950.1232784953847,1.0613975196936838e+36
949.947277926075,1.0572581924655152e+36
949.7713425492813,1.0521718446795601e+36
949.595472328788,1.0509075955642965e+36
949.4196672284066,1.0453452911113488e+36
949.2439272119756,1.0437338858404138e+36
949.06825224336,1.0348422676252912e+36
948.8926422864517,1.0262437817352003e+36
948.7170973051691,1.020463548264626e+36
948.5416172634574,1.0112180517129321e+36
948.3662021252886,1.0053283247786819e+36
948.1908518546613,1.0010160965551456e+36
948.0155664156006,9.934630396159305e+35
947.8403457721581,9.900022471899862e+35
947.6651898884124,9.806371336213927e+35
947.4900987284683,9.796615941551645e+35
947.3150722564571,9.773041638494848e+35
947.1401104365369,9.748183366538161e+35
946.9652132328919,9.73079245071546e+35
946.7903806097329,9.688281964244638e+35
946.6156125312974,9.665503667273426e+35
946.4409089618489,9.61370733146053e+35
946.2662698656775,9.58010214891696e+35
946.0916952070994,9.587693977694788e+35
945.9171849504576,9.561516551622982e+35
945.7427390601208,9.535060269513065e+35
945.5683575004845,9.553303134884456e+35
945.3940402359704,9.514299241784178e+35
945.2197872310259,9.482418203605692e+35
945.0455984501252,9.465903102975704e+35
944.8714738577685,9.462641184121153e+35
944.697413418482,9.439075761105043e+35
944.5234170968183,9.451120457238525e+35
944.349484857356,9.405382647001189e+35
944.1756166646996,9.418366929125983e+35
944.00181248348,9.433377261976042e+35
943.8280722783537,9.402836243534647e+35
943.6543960140037,9.413024775338988e+35
943.4807836551389,9.391275602037037e+35
943.3072351664937,9.422289965896697e+35
943.1337505128289,9.398524360048863e+35
942.9603296589312,9.435075833166276e+35
942.786972569613,9.388097575798881e+35
942.6136792097126,9.39657634876475e+35
942.4404495440943,9.428775831512089e+35
942.2672835376482,9.424651108464734e+35
942.09418115529,9.463517945344172e+35
941.9211423619614,9.466597797268491e+35
941.7481671226298,9.507460386461758e+35
941.5752554022879,9.515460178660679e+35
941.4024071659551,9.560225662969579e+35
941.2296223786755,9.583634902205812e+35
941.0569010055192,9.602530308127139e+35
940.8842430115823,9.61228467252841e+35
940.7116483619858,9.699751091527553e+35
940.5391170218769,9.758772707505917e+35
940.3666489564281,9.747900345761256e+35
940.1942441308374,9.7865744425336e+35
940.0219025103285,9.802015979713314e+35
939.8496240601503,9.800615602382457e+35
939.6774087455776,9.76696275700096e+35
939.5052565319103,9.810846624270313e+35
939.3331673844738,9.80194074117776e+35
939.1611412686188,9.820971234691379e+35
938.9891781497217,9.846412006203823e+35
938.8172779931842,9.866101178083532e+35
938.6454407644328,9.888835323551608e+35
938.47366642892,9.891440517324397e+35
938.3019549521231,9.823496822216138e+35
938.130306299545,9.80966864008078e+35
937.9587204367136,9.801267285847993e+35
937.7871973291819,9.732873147098419e+35
937.6157369425289,9.71106605348673e+35
937.4443392423574,9.693100077333356e+35
937.2730041942966,9.658515260696428e+35
937.1017317640002,9.58070122392828e+35
936.9305219171473,9.56835252414838e+35
936.7593746194415,9.556409891077678e+35
936.5882898366121,9.525646015920308e+35
936.4172675344133,9.465412563688514e+35
936.246307678624,9.407101322618909e+35
936.0754102350485,9.384345913250261e+35
935.9045751695157,9.353136587520157e+35
935.7338024478795,9.335189896515726e+35
935.5630920360192,9.341975990511614e+35
935.3924438998381,9.306819798126418e+35
935.2218580052653,9.300743866504896e+35
935.051334318254,9.270443184224306e+35
934.8808728047828,9.228430061530844e+35
934.7104734308548,9.218189776257685e+35
934.5401361624978,9.169043276671588e+35
934.3698609657646,9.172035591369946e+35
934.1996478067327,9.136909690427096e+35
934.0294966515042,9.147236893757445e+35
933.859407466206,9.129387234869528e+35
933.6893802169893,9.114687207524531e+35
933.5194148700307,9.088164564735524e+35
933.3495113915308,9.053368954144627e+35
933.1796697477148,9.040069916455192e+35
933.009889904833,9.008061945518466e+35
932.8401718291597,9.028019503816851e+35
932.6705154869938,9.030842322437493e+35
932.5009208446593,9.02054547553313e+35
932.331387868504,9.044565431518963e+35
932.1619165249003,9.006820152250031e+35
931.9925067802454,8.944937116231325e+35
931.8231586009607,8.93126199863461e+35
931.6538719534918,8.909420051944029e+35
931.484646804309,8.846530299246525e+35
931.3154831199068,8.82942703947302e+35
931.1463808668042,8.760321585248349e+35
930.9773400115441,8.827864174840045e+35
930.8083605206941,8.787899867896148e+35
930.6394423608461,8.802000233374232e+35
930.470585498616,8.762858292099201e+35
930.3017899006437,8.757174437205435e+35
930.1330555335941,8.725844185360504e+35
929.9643823641554,8.73761854321079e+35
929.7957703590406,8.72798024179097e+35
929.6272194849865,8.709686757228007e+35
929.458729708754,8.683400229727623e+35
929.2903009971285,8.636962687110685e+35
929.1219333169188,8.616331730695775e+35
928.9536266349584,8.539414683398092e+35
928.7853809181042,8.555727302928965e+35
928.6171961332379,8.500074355647441e+35
928.4490722472646,8.445729821632839e+35
928.2810092271133,8.378707446542021e+35
928.1130070397371,8.357621423778427e+35
927.9450656521133,8.38115784334158e+35
927.7771850312429,8.319047581063695e+35
927.6093651441504,8.345419717757771e+35
927.4416059578849,8.327323231780698e+35
927.2739074395186,8.30279007083976e+35
927.1062695561478,8.32488744429606e+35
926.9386922748929,8.273884439055868e+35
926.7711755628976,8.234775421230799e+35
926.6037193873296,8.257527574564178e+35
926.4363237153802,8.221158476237662e+35
926.2689885142645,8.222978759821798e+35
926.1017137512212,8.182390518416014e+35
925.9344993935129,8.183357346736126e+35
925.7673454084253,8.130222100226409e+35
925.6002517632685,8.118585684460282e+35
925.4332184253753,8.109779549141849e+35
925.266245362103,8.123501695010896e+35
925.0993325408315,8.092096268118277e+35
924.9324799289652,8.13215111946876e+35
924.7656874939312,8.083991082444574e+35
924.5989552031805,8.093844980200311e+35
924.4322830241878,8.125880890643985e+35
924.2656709244505,8.114006116593401e+35
924.0991188714902,8.099930624921837e+35
923.9326268328513,8.125988852189318e+35
923.7661947761022,8.1328716120206e+35
923.599822668834,8.12141628761062e+35
923.4335104786617,8.149304217700392e+35
923.2672581732234,8.134172373388393e+35
923.1010657201804,8.125944508378138e+35
922.9349330872172,8.154934402153698e+35
922.7688602420423,8.167642600243965e+35
922.6028471523863,8.171377026001934e+35
922.4368937860039,8.159839092597211e+35
922.2710001106725,8.132035710219569e+35
922.105166094193,8.118188376042457e+35
921.9393917043893,8.057021551825134e+35
921.7736769091085,8.05217248889696e+35
921.6080216762207,8.014912753030906e+35
921.442425973619,7.94504307391399e+35
921.2768897692201,7.90791578333041e+35
921.1114130309631,7.877728119272955e+35
920.9459957268106,7.83806332906717e+35
920.7806378247478,7.799547119374651e+35
920.6153392927832,7.763105299114811e+35
920.4501000989484,7.756228115521396e+35
920.2849202112974,7.729950242334744e+35
920.1197995979076,7.682831682551072e+35
919.9547382268793,7.631222552674754e+35
919.7897360663352,7.643658068474698e+35
919.6247930844215,7.569011729563039e+35
919.459909249307,7.55475672010127e+35
919.295084529183,7.524116580896523e+35
919.1303188922641,7.528758028823089e+35
918.9656123067874,7.49166689365315e+35
918.800964741013,7.491143894748687e+35
918.6363761632233,7.471235640048758e+35
918.471846541724,7.452674926910911e+35
918.3073758448428,7.445804197482361e+35
918.1429640409308,7.427985613696408e+35
917.9786110983613,7.418715101017674e+35
917.8143169855307,7.40985967140506e+35
917.6500816708572,7.394676920421658e+35
917.4859051227825,7.369847622713019e+35
917.3217873097705,7.366541825972567e+35
917.1577282003071,7.328627067642366e+35
916.9937277629022,7.302111936809428e+35
916.8297859660864,7.311606953221401e+35
916.6659027784143,7.301038831363399e+35
916.5020781684623,7.224343219462645e+35
916.3383121048291,7.199876609535363e+35
916.1746045561363,7.188988696553409e+35
916.0109554910276,7.183634661047973e+35
915.8473648781694,7.169700618383154e+35
915.6838326862501,7.167067834859408e+35
915.5203588839806,7.1798057103559e+35
915.3569434400944,7.151927537056882e+35
915.193586323347,7.171353540700315e+35
915.0302875025162,7.17275289979893e+35
914.8670469464024,7.176682826129384e+35
914.7038646238279,7.189135634171398e+35
914.5407405036375,7.199742958034306e+35
914.3776745546979,7.201419452391315e+35
914.2146667458985,7.23216237015922e+35
914.0517170461504,7.214696328027817e+35
913.8888254243872,7.233086119549772e+35
913.7259918495641,7.258157011937283e+35
913.5632162906593,7.275093972527616e+35
913.4004987166724,7.290242987863223e+35
913.2378390966251,7.297767024468963e+35
913.0752373995616,7.329253162546038e+35
912.912693594548,7.323136168100779e+35
912.7502076506721,7.337316922789315e+35
912.5877795370442,7.356244526186466e+35
912.4254092227959,7.340659025001272e+35
912.2630966770816,7.365977914821506e+35
912.1008418690769,7.378468592914961e+35
911.93864476798,7.389587575450196e+35
911.7765053430103,7.395638166541908e+35
911.6144235634096,7.39150391931213e+35
911.4523993984413,7.424002259399523e+35
911.2904328173911,7.432758219461457e+35
911.1285237895657,7.425715764446825e+35
910.9666722842945,7.464747085947832e+35
910.8048782709279,7.488115784366102e+35
910.6431417188389,7.515223962225047e+35
910.4814625974215,7.509716999604379e+35
910.3198408760918,7.518063532072568e+35
910.1582765242875,7.550472056794142e+35
909.9967695114682,7.558571539031496e+35
909.835319807115,7.59317016079287e+35
909.6739273807303,7.5423115047168e+35
909.512592201839,7.550276742765275e+35
909.3513142399868,7.536278900627385e+35
909.1900934647415,7.514231279669558e+35
909.0289298456922,7.530310734129753e+35
908.8678233524498,7.491809080425596e+35
908.7067739546465,7.498705466717358e+35
908.5457816219359,7.473317009872918e+35
908.3848463239937,7.496140912859099e+35
908.2239680305163,7.466260203886613e+35
908.0631467112223,7.447197590226048e+35
907.9023823358511,7.430384273525603e+35
907.7416748741642,7.381817257121669e+35
907.5810242959441,7.37807899961627e+35
907.4204305709943,7.394534402442722e+35
907.2598936691404,7.405290756713404e+35
907.0994135602291,7.346315554727868e+35
906.9389902141282,7.320825619222453e+35
906.7786236007272,7.263074566360596e+35
906.6183136899365,7.221420187670451e+35
906.458060451688,7.190340627201486e+35
906.2978638559348,7.136494118854343e+35
906.1377238726513,7.074924289305419e+35
905.9776404718331,7.066843108584138e+35
905.8176136234969,7.05019123499828e+35
905.6576432976806,6.99449391690313e+35
905.4977294644434,6.964571760430311e+35
905.3378720938655,6.892423661735434e+35
905.1780711560482,6.862585837688187e+35
905.018326621114,6.812754102696225e+35
904.8586384592066,6.754305940237075e+35
904.6990066404906,6.721813735625774e+35
904.5394311351517,6.681249879095352e+35
904.3799119133965,6.61783431688525e+35
904.2204489454529,6.5828993188089496e+35
904.0610422015694,6.5304512311937425e+35
903.9016916520159,6.481122036071387e+35
903.7423972670829,6.423201947003497e+35
903.5831590170822,6.392689799549069e+35
903.4239768723462,6.396292256610516e+35
903.2648508032281,6.376020819955348e+35
903.1057807801027,6.366677522293724e+35
902.9467667733649,6.358343815873355e+35
902.7878087534306,6.3597818711137975e+35
902.6289066907367,6.345580732130862e+35
902.470060555741,6.3326749513413864e+35
902.3112703189219,6.3152402818678954e+35
902.1525359507785,6.303884453650577e+35
901.993857421831,6.2759530253572414e+35
901.8352347026198,6.279206542340227e+35
901.6766677637066,6.264487886781164e+35
901.5181565756735,6.2539683477987265e+35
901.3597011091231,6.2543187280811326e+35
901.2013013346791,6.2450280463294346e+35
901.0429572229856,6.246304203296488e+35
900.8846687447073,6.242680459291019e+35
900.7264358705295,6.2354026989267226e+35
900.5682585711584,6.226994262926478e+35
900.4101368173203,6.2404888428383305e+35
900.2520705797624,6.2255196194162594e+35
900.0940598292522,6.229183700268173e+35
899.9361045365779,6.2277103751639256e+35
899.7782046725481,6.2219539463208234e+35
899.6203602079921,6.217669058048625e+35
899.4625711137594,6.2299320721787895e+35
899.3048373607202,6.192139500458808e+35
899.1471589197645,6.208189194796747e+35
898.9895357618037,6.186698100503655e+35
898.8319678577687,6.146345681518744e+35
898.6744551786115,6.143505284453117e+35
898.5169976953039,6.130711165089967e+35
898.3595953788382,6.125564557521582e+35
898.2022482002271,6.094715462988216e+35
898.0449561305038,6.0887452039853844e+35
897.8877191407215,6.0680051829569245e+35
897.7305372019534,6.0406136310108895e+35
897.5734102852937,6.0223478180417195e+35
897.4163383618562,6.0024387495694445e+35
897.2593214027752,5.9698111540724586e+35
897.1023593792052,5.935854742240867e+35
896.9454522623207,5.9272442797546425e+35
896.7886000233166,5.886074290998093e+35
896.6318026334076,5.826458836749195e+35
896.475060063829,5.7727650880800214e+35
896.3183722858358,5.728383092751156e+35
896.1617392707035,5.664795127605295e+35
896.0051609897273,5.6071923312706915e+35
895.8486374142225,5.558394512014462e+35
895.6921685155245,5.497418533364219e+35
895.535754264989,5.460927921961086e+35
895.3793946339913,5.46312831567789e+35
895.2230895939267,5.455763277167698e+35
895.066839116211,5.472472441937062e+35
894.9106431722792,5.4846003746334954e+35
894.7545017335868,5.4905198549905e+35
894.598414771609,5.472793840299877e+35
894.4423822578409,5.492712827580164e+35
894.2864041637974,5.47970607703099e+35
894.1304804610136,5.477941202517468e+35
893.9746111210442,5.500846919484289e+35
893.8187961154634,5.45790693016163e+35
893.6630354158661,5.467682502133354e+35
893.507328993866,5.466338811494737e+35
893.3516768210974,5.442854500453958e+35
893.1960788692138,5.444750454565641e+35
893.0405351098885,5.44046107750239e+35
892.8850455148151,5.4574343536426505e+35
892.7296100557063,5.458631845956109e+35
892.5742287042946,5.4289190406755036e+35
892.4189014323323,5.468752959736664e+35
892.2636282115914,5.47088702893363e+35
892.1084090138634,5.481562024866627e+35
891.9532438109594,5.5187536449474885e+35
891.7981325747103,5.523705666331905e+35
891.6430752769666,5.555606155005071e+35
891.4880718895981,5.573641368722753e+35
891.3331223844943,5.599773346537145e+35
891.1782267335644,5.598300294300223e+35
891.023384908737,5.649343695460677e+35
890.8685968819599,5.6508551544220894e+35
890.7138626252009,5.655301672437943e+35
890.5591821104471,5.663290202433346e+35
890.404555309705,5.64859472869044e+35
890.2499821950004,5.64686765317799e+35
890.0954627383787,5.657266215393722e+35
889.9409969119047,5.626579128104052e+35
889.7865846876626,5.63597819568463e+35
889.632226037756,5.6109038471503284e+35
889.4779209343076,5.620807199391315e+35
889.3236693494597,5.5948155283321276e+35
889.169471255374,5.5764836876236094e+35
889.015326624231,5.590391640895841e+35
888.8612354282311,5.5667952032132334e+35
888.7071976395937,5.5843000348843684e+35
888.5532132305573,5.575649911057865e+35
888.3992821733799,5.5613131801662476e+35
888.2454044403387,5.551974971870938e+35
888.09158000373,5.535870343847215e+35
887.9378088358691,5.519497466312103e+35
887.7840909090908,5.4703285553868616e+35
887.630426195749,5.486425382424233e+35
887.4768146682168,5.452673094293873e+35
887.3232562988859,5.4469160583803255e+35
887.1697510601679,5.419354280836944e+35
887.0162989244927,5.4098341504024605e+35
886.8628998643098,5.387306494743862e+35
886.7095538520879,5.379534211385109e+35
886.5562608603142,5.3746297533447065e+35
886.4030208614951,5.353950879429254e+35
886.2498338281562,5.3540523710506426e+35
886.0966997328419,5.340251763516216e+35
885.9436185481155,5.337217341410587e+35
885.7905902465598,5.315740344124747e+35
885.6376148007757,5.3204655399250715e+35
885.4846921833838,5.288528290828754e+35
885.331822367023,5.258253414423348e+35
885.1790053243517,5.235648803818726e+35
885.0262410280465,5.207395880174515e+35
884.8735294508033,5.1669371887460254e+35
884.7208705653366,5.148656468753635e+35
884.56826434438,5.11549148270776e+35
884.4157107606859,5.093253718862143e+35
884.2632097870252,5.073108806512286e+35
884.1107613961877,5.022179351853341e+35
883.958365560982,5.0192736323044e+35
883.8060222542356,4.9985867431481544e+35
883.6537314487944,4.997948005954794e+35
883.5014931175233,4.969323324782434e+35
883.3493072333057,4.947885188234991e+35
883.1971737690438,4.931497149386363e+35
883.0450926976586,4.936023185944154e+35
882.8930639920893,4.904827880390487e+35
882.741087625294,4.878511336308144e+35
882.5891635702496,4.871515334531807e+35
882.4372917999515,4.823270937143474e+35
882.2854722874132,4.824642972534743e+35
882.1337050056677,4.796848724791956e+35
881.9819899277657,4.780871780579688e+35
881.8303270267767,4.7763353003620465e+35
881.678716275789,4.766666340496584e+35
881.5271576479092,4.7302428923297856e+35
881.3756511162622,4.7252069688357236e+35
881.2241966539916,4.712655116834977e+35
881.0727942342596,4.688565836606309e+35
880.9214438302464,4.6984036141407525e+35
880.770145415151,4.6728852586170085e+35
880.6188989621905,4.653224280697611e+35
880.4677044446009,4.657106535230538e+35
880.316561835636,4.64508638315046e+35
880.1654711085683,4.6206176038823136e+35
880.0144322366887,4.592511544949786e+35
879.863445193306,4.5768523733486764e+35
879.7125099517477,4.5591146307678705e+35
879.5616264853596,4.5218486988550855e+35
879.4107947675058,4.499123619566822e+35
879.2600147715682,4.486198936840093e+35
879.1092864709476,4.4348399054170195e+35
878.9586098390625,4.443605495445917e+35
878.8079848493503,4.422191488343034e+35
878.6574114752657,4.3789720715917784e+35
878.5068896902823,4.366167367851327e+35
878.3564194678917,4.341655757802264e+35
878.2060007816033,4.326822986211967e+35
878.0556336049452,4.306366552095865e+35
877.9053179114632,4.283798168818627e+35
877.7550536747215,4.263359346233456e+35
877.6048408683022,4.250274814982606e+35
877.4546794658055,4.220834314699656e+35
877.30456944085,4.2120838422361694e+35
877.1545107670717,4.18922054320301e+35
877.004503418125,4.173503337175466e+35
876.8545473676826,4.163216402783136e+35
876.7046425894348,4.152930637189789e+35
876.5547890570899,4.137206494195696e+35
876.4049867443745,4.1251329835569435e+35
876.2552356250328,4.1207065005372156e+35
876.105535672827,4.1095756793725504e+35
875.9558868615377,4.096684062280895e+35
875.8062891649624,4.089833502492419e+35
875.6567425569177,4.047514862078508e+35
875.5072470112372,4.035998720984925e+35
875.3578025017725,4.022624636782326e+35
875.2084090023936,3.99838689336492e+35
875.0590664869878,4.0114469523388986e+35
874.9097749294604,4.006196425223022e+35
874.7605343037343,4.006272964400114e+35
874.6113445837506,3.999887016771166e+35
874.4622057434677,3.991689448216999e+35
874.3131177568622,3.966424119966367e+35
874.1640805979282,3.971289411634457e+35
874.0150942406775,3.937541678362175e+35
873.8661586591397,3.930019378184833e+35
873.7172738273621,3.931935265486942e+35
873.5684397194098,3.924563362032434e+35
873.4196563093651,3.9248531427884134e+35
873.2709235713287,3.884958549090826e+35
873.1222414794183,3.893364687539921e+35
872.9736100077694,3.872526751656875e+35
872.8250291305353,3.8671634879897494e+35
872.6764988218868,3.845379054528688e+35
872.528019056012,3.840963244529541e+35
872.3795898071168,3.823049606638213e+35
872.2312110494249,3.831533797826716e+35
872.0828827571772,3.827856296997104e+35
871.9346049046321,3.804438377009669e+35
871.7863774660657,3.7790924385521045e+35
871.6382004157713,3.7977641712792915e+35
871.4900737280602,3.806517397199705e+35
871.3419973772606,3.827602634887662e+35
871.1939713377183,3.816376068382431e+35
871.0459955837968,3.830232426152919e+35
870.8980700898766,3.839295569512653e+35
870.750194830356,3.854545866834087e+35
870.6023697796505,3.855740202502211e+35
870.4545949121929,3.853465059052503e+35
870.3068702024334,3.84901959944439e+35
870.1591956248395,3.8730400934386074e+35
870.0115711538963,3.8616307151539685e+35
869.8639967641059,3.8731543889233145e+35
869.7164724299878,3.884747911502416e+35
869.5689981260788,3.881025547202305e+35
869.4215738269329,3.87268450375709e+35
869.2741995071215,3.871146028285783e+35
869.126875141233,3.866729379510356e+35
868.9796007038734,3.8597329799999804e+35
868.8323761696655,3.8580283856107506e+35
868.6852015132496,3.87555958387531e+35
868.5380767092829,3.860505798541591e+35
868.3910017324399,3.859653830424447e+35
868.2439765574126,3.879072966779572e+35
868.0970011589094,3.864782050196829e+35
867.9500755116565,3.851425129881363e+35
867.8031995903968,3.8548185883844495e+35
867.6563733698905,3.863004959935202e+35
867.5095968249148,3.834557787100657e+35
867.362869930264,3.803833943639379e+35
867.2161926607494,3.790187911946063e+35
867.0695649911992,3.76128305201383e+35
866.922986896459,3.75996222372242e+35
866.7764583513912,3.7291279496522704e+35
866.629979330875,3.7095733073561584e+35
866.4835498098068,3.714314566706032e+35
866.3371697631001,3.686141692019313e+35
866.190839165685,3.695972961898398e+35
866.0445579925087,3.6848729501756116e+35
865.8983262185353,3.691645474029244e+35
865.7521438187462,3.672067072153607e+35
865.6060107681388,3.685693446206675e+35
865.4599270417282,3.666437356331918e+35
865.3138926145459,3.6696734442188796e+35
865.1679074616407,3.684972053784202e+35
865.0219715580776,3.692354886447542e+35
864.876084878939,3.709789457001482e+35
864.7302473993237,3.706421331727249e+35
864.5844590943478,3.723152639784293e+35
864.4387199391434,3.7150041665846264e+35
864.2930299088603,3.710939776092317e+35
864.1473889786643,3.7149248552043634e+35
864.001797123738,3.7110301671087536e+35
863.8562543192812,3.7079330642022064e+35
863.7107605405103,3.706084497892501e+35
863.5653157626576,3.68643388530707e+35
863.4199199609734,3.690416696235398e+35
863.2745731107235,3.693503722488914e+35
863.1292751871911,3.6835768086319546e+35
862.9840261656756,3.697275461453963e+35
862.8388260214933,3.689683807908207e+35
862.6936747299768,3.713703750469273e+35
862.5485722664757,3.719269729858113e+35
862.4035186063559,3.721366665250372e+35
862.258513725,3.738336675097077e+35
862.1135575978067,3.7504141174844816e+35
861.9686502001922,3.755627847456546e+35
861.8237915075883,3.7658842937268376e+35
861.6789814954438,3.764537533686741e+35
861.5342201392239,3.762805092008501e+35
861.3895074144101,3.773753578916631e+35
861.2448432965007,3.76925566135186e+35
861.1002277610103,3.7813115198049255e+35
860.9556607834696,3.795973528267484e+35
860.8111423394264,3.775971904654245e+35
860.6666724044444,3.745229265091391e+35
860.522250954104,3.756221180979604e+35
860.3778779640018,3.7278687024353174e+35
860.2335534097507,3.744886504416457e+35
860.0892772669803,3.7312783496995664e+35
859.9450495113363,3.729702255284587e+35
859.8008701184805,3.7337590587719526e+35
859.6567390640917,3.7384631700418984e+35
859.5126563238643,3.7239778258573526e+35
859.3686218735095,3.723111011616582e+35
859.2246356887545,3.6985925766808836e+35
859.0806977453427,3.7305197447032e+35
858.9368080190341,3.720519601484326e+35
858.7929664856044,3.735691967484578e+35
858.6491731208463,3.730114625038931e+35
858.5054279005678,3.717983632480318e+35
858.361730800594,3.704328127355565e+35
858.2180817967653,3.69862575744858e+35
858.074480864939,3.708220092050968e+35
857.9309279809883,3.708287335717993e+35
857.7874231208021,3.683929243376673e+35
857.6439662602863,3.673173605071066e+35
857.5005573753623,3.6707183493957224e+35
857.3571964419676,3.667927338763631e+35
857.213883436056,3.668359532977929e+35
857.0706183335975,3.669264035988e+35
856.9274011105779,3.629039285726064e+35
856.7842317429989,3.6012841847044045e+35
856.6411102068787,3.6027371531682074e+35
856.4980364782513,3.5826561117718334e+35
856.3550105331666,3.584493087278868e+35
856.2120323476905,3.572878241875371e+35
856.0691018979052,3.564555602701674e+35
855.9262191599084,3.571563929478237e+35
855.7833841098142,3.553779552807542e+35
855.6405967237521,3.554154431563822e+35
855.4978569778682,3.5446999604447814e+35
855.3551648483242,3.531197221147449e+35
855.2125203112973,3.537461492559187e+35
855.0699233429813,3.520395840742768e+35
854.9273739195854,3.523314254555607e+35
854.784872017335,3.5252142472213805e+35
854.6424176124709,3.524617165847659e+35
854.50001068125,3.5016272434649316e+35
854.3576511999453,3.483965860032059e+35
854.2153391448451,3.4999447824790446e+35
854.0730744922536,3.503767910740991e+35
853.930857218491,3.4745709521515915e+35
853.7886872998932,3.480743584756406e+35
853.6465647128119,3.485009995913045e+35
853.5044894336144,3.469255441392211e+35
853.3624614386837,3.469999915244773e+35
853.2204807044188,3.466214122683621e+35
853.078547207234,3.450923341498234e+35
852.9366609235598,3.437271314880638e+35
852.7948218298419,3.448923582930031e+35
852.6530299025417,3.4352552214102456e+35
852.5112851181367,3.4225743517416884e+35
852.3695874531197,3.421816556288034e+35
852.227936883999,3.3922773546182284e+35
852.0863333872987,3.357869748774862e+35
851.9447769395588,3.348681618733176e+35
851.8032675173341,3.331292574571231e+35
851.6618050971958,3.316414974125398e+35
851.5203896557302,3.3228658081118284e+35
851.3790211695393,3.3142382362586507e+35
851.2376996152406,3.309258640750718e+35
851.096424969467,3.3178700982756568e+35
850.9551972088669,3.3059799892612944e+35
850.8140163101046,3.3177888465323764e+35
850.6728822498596,3.3217328405613565e+35
850.5317950048268,3.3185775803672748e+35
850.3907545517164,3.3158312399121754e+35
850.2497608672547,3.313354493367716e+35
850.1088139281827,3.3147985786032506e+35
849.9679137112573,3.308674554776238e+35
849.8270601932506,3.3146419420984918e+35
849.6862533509501,3.303252005879178e+35
849.5454931611587,3.300934247820239e+35
849.4047796006948,3.2901046004527794e+35
849.2641126463918,3.2843479679026547e+35
849.123492275099,3.27183092017284e+35
848.9829184636804,3.2887356909414904e+35
848.842391189016,3.2697220241577607e+35
848.7019104280004,3.263520430380568e+35
848.5614761575439,3.2602737212576632e+35
848.4210883545721,3.2401750853072025e+35
848.2807469960258,3.241315047895282e+35
848.1404520588609,3.2271141926102112e+35
848.0002035200488,3.203067969182243e+35
847.8600013565759,3.1937722567506797e+35
847.7198455454442,3.17860773670188e+35
847.5797360636701,3.178854995133541e+35
847.4396728882862,3.164803012523566e+35
847.2996559963397,3.1508065895970788e+35
847.1596853648929,3.1382993432204684e+35
847.0197609710234,3.130080935352284e+35
846.8798827918242,3.1192873835995914e+35
846.740050804403,3.0985841672377864e+35
846.600264985883,3.0960059296006182e+35
846.460525313402,3.0772836081321427e+35
846.3208317641134,3.064172359685646e+35
846.1811843151855,3.052362619681116e+35
846.0415829438017,3.0434021357421257e+35
845.9020276271601,3.01658162295139e+35
845.7625183424746,3.0078157515436194e+35
845.6230550669733,2.987973497884454e+35
845.4836377778998,2.9869852632218983e+35
845.3442664525128,2.971661481673508e+35
845.2049410680854,2.973210064332184e+35
845.0656616019065,2.9638850599308793e+35
844.9264280312792,2.9619401519667132e+35
844.787240333522,2.961718816439899e+35
844.6480984859683,2.9596495540270357e+35
844.5090024659662,2.956385122627768e+35
844.3699522508791,2.9577079167352324e+35
844.230947818085,2.9439558674136502e+35
844.0919891449769,2.9456703296825633e+35
843.9530762089627,2.9397883021371554e+35
843.8142089874651,2.922566945990778e+35
843.6753874579216,2.934197293279596e+35
843.5366115977848,2.9356487918998608e+35
843.3978813845218,2.9484995559011125e+35
843.259196795615,2.9685750997245983e+35
843.120557808561,2.9748615103538195e+35
842.9819644008717,2.9856072861802524e+35
842.8434165500732,2.994335380306324e+35
842.7049142337073,2.994390624010521e+35
842.5664574293297,3.0111586115690105e+35
842.4280461145113,3.011765627096994e+35
842.2896802668373,3.012523931019365e+35
842.1513598639083,3.0199388699032803e+35
842.013084883339,3.0125767804641615e+35
841.8748553027592,3.0171181778635623e+35
841.7366710998132,3.00540122097173e+35
841.5985322521598,3.0201529955885935e+35
841.4604387374727,3.0194529687065716e+35
841.3223905334404,3.0179570501233167e+35
841.1843876177658,3.0145680795695877e+35
841.0464299681663,3.0228985285068536e+35
840.9085175623743,3.019867984965946e+35
840.7706503781366,3.014132028645589e+35
840.6328283932143,3.0065593522470646e+35
840.4950515853837,3.0147284714859833e+35
840.3573199324353,3.0233440747075835e+35
840.219633412174,3.014266594060903e+35
840.0819920024194,3.023833730083199e+35
839.9443956810059,3.025474683039643e+35
839.8068444257821,3.0266128169405243e+35
839.6693382146111,3.0243398988665918e+35
839.5318770253707,3.0287725306547963e+35
839.3944608359529,3.024853824401659e+35
839.2570896242646,3.0476539296027923e+35
839.1197633682267,3.052899205324323e+35
838.9824820457749,3.051215343772164e+35
838.8452456348591,3.045846308153152e+35
838.7080541134436,3.041822089417722e+35
838.5709074595075,3.020091898456497e+35
838.4338056510437,3.0343767196313846e+35
838.2967486660602,3.0218439753868825e+35
838.1597364825788,3.0228068231958874e+35
838.0227690786359,3.019948078322346e+35
837.8858464322819,3.0197330490868113e+35
837.7489685215825,3.015371383560651e+35
837.6121353246166,3.010726112138393e+35
837.4753468194779,3.01308130026697e+35
837.3386029842748,3.0021654301632845e+35
837.2019037971291,3.0141197976374228e+35
837.0652492361779,3.010639497712892e+35
836.9286392795717,3.0075410083726553e+35
836.792073905476,2.99783000741005e+35
836.6555530920697,2.999203259377171e+35
836.5190768175468,2.9760355761879484e+35
836.382645060115,2.9321151422076575e+35
836.2462577979963,2.8888539209797862e+35
836.109915009427,2.8388323683087836e+35
835.9736166726578,2.7953863872747895e+35
835.837362765953,2.7493460196663018e+35
835.7011532675915,2.695372321966701e+35
835.5649881558662,2.6834218441346605e+35
835.4288674090844,2.6542123729486524e+35
835.2927910055672,2.635159914422247e+35
835.1567589236498,2.610749763074231e+35
835.0207711416821,2.5798650508077275e+35
834.8848276380273,2.5691028888940595e+35
834.748928391063,2.5714786614148573e+35
834.6130733791814,2.5479703199178172e+35
834.4772625807877,2.538963489969714e+35
834.3414959743022,2.5285083441673585e+35
834.2057735381587,2.5244842409422036e+35
834.0700952508048,2.500291944344304e+35
833.9344610907028,2.480983782552095e+35
833.7988710363286,2.4707577465265382e+35
833.663325066172,2.4434673716717728e+35
833.527823158737,2.4225988771770982e+35
833.3923652925415,2.405003732548401e+35
833.2569514461175,2.3892214218597577e+35
833.1215815980105,2.365351004955602e+35
832.9862557267804,2.3478680745746247e+35
832.850973811001,2.3267432175833282e+35
832.7157358292599,2.3062373596885946e+35
832.5805417601586,2.2970492324551713e+35
832.4453915823121,2.2900650674043893e+35
832.3102852743502,2.2894392062923352e+35
832.1752228149159,2.275984691858019e+35
832.040204182666,2.2671531795400412e+35
831.9052293562717,2.2646567611780548e+35
831.7702983144175,2.2570028867145028e+35
831.6354110358018,2.2481472449832238e+35
831.5005674991372,2.2302151051438848e+35
831.3657676831498,2.2239231693497875e+35
831.2310115665795,2.2092737972548022e+35
831.0962991281799,2.206175542506162e+35
830.9616303467187,2.212569540251732e+35
830.8270052009769,2.1957021771050214e+35
830.6924236697499,2.178547400808202e+35
830.5578857318461,2.1614616367322474e+35
830.4233913660879,2.158649533138472e+35
830.2889405513118,2.1403791548590257e+35
830.1545332663676,2.113179177672871e+35
830.0201694901185,2.0972112392055878e+35
829.8858492014423,2.0776292615472537e+35
829.7515723792296,2.0730893451545876e+35
829.617339002385,2.065529935535735e+35
829.483149049827,2.0566003036970343e+35
829.3490025004871,2.0601653809206693e+35
829.2148993333111,2.0550255786844404e+35
829.080839527258,2.051121967195869e+35
828.9468230613005,2.051905775559307e+35
828.812849914425,2.0465738045219697e+35
828.6789200656312,2.0441280825128334e+35
828.545033493933,2.0470079985500337e+35
828.411190178357,2.040301522597784e+35
828.2773900979437,2.0458381793978418e+35
828.1436332317476,2.0476112080301633e+35
828.0099195588363,2.043091623282929e+35
827.8762490582908,2.0259956774299542e+35
827.7426217092058,2.0267862163615547e+35
827.6090374906894,2.0334355551085596e+35
827.4754963818633,2.0261194482735517e+35
827.3419983618628,2.031925481580048e+35
827.2085434098364,2.01305829189887e+35
827.0751315049458,2.0146708356502447e+35
826.941762626367,2.0067891895514094e+35
826.8084367532886,2.011980911105901e+35
826.675153864913,2.0093188399849252e+35
826.5419139404559,2.0130854057536314e+35
826.4087169591464,1.9969409900378022e+35
826.2755629002272,1.998214583992394e+35
826.142451742954,1.991124161067541e+35
826.0093834665961,1.9999940790856623e+35
825.8763580504362,1.990234844297053e+35
825.7433754737702,2.0011194787540887e+35
825.6104357159074,1.987625784083843e+35
825.4775387561704,2.009091113539454e+35
825.344684573895,1.9999604634212907e+35
825.2118731484308,1.992873097705508e+35
825.07910445914,1.991875479401797e+35
824.9463784853983,1.989598087648196e+35
824.8136952065952,1.9853070694334947e+35
824.6810546021325,1.9812922067186962e+35
824.5484566514262,1.9845345230806692e+35
824.4159013339049,1.9701961993132032e+35
824.2833886290106,1.971735678227848e+35
824.1509185161987,1.9641269679575374e+35
824.0184909749374,1.960396883737257e+35
823.8861059847086,1.9415137257051144e+35
823.7537635250071,1.9369986944305437e+35
823.6214635753407,1.9309342835364757e+35
823.4892061152308,1.9234659578394963e+35
823.3569911242116,1.9189392594292428e+35
823.2248185818306,1.911945625820336e+35
823.0926884676483,1.900197586158938e+35
822.9606007612384,1.882278231760821e+35
822.828555442188,1.884344161913799e+35
822.6965524900967,1.881096537160514e+35
822.5645918845777,1.8879734791300736e+35
822.4326736052569,1.8704724560913502e+35
822.3007976317737,1.8660040488289496e+35
822.16896394378,1.8707563340363604e+35
822.0371725209413,1.857332469814474e+35
821.9054233429358,1.858860622158989e+35
821.773716389455,1.8531331353822295e+35
821.6420516402029,1.857459317152431e+35
821.510429074897,1.8497883985328935e+35
821.3788486732677,1.850808920550027e+35
821.2473104150583,1.8463093249531434e+35
821.1158142800251,1.8511401782519244e+35
820.9843602479373,1.8361833257332055e+35
820.8529482985771,1.830597024819995e+35
820.7215784117396,1.8360010644589756e+35
820.5902505672329,1.8365006993358545e+35
820.4589647448782,1.8404396959726452e+35
820.3277209245093,1.8428268030404125e+35
820.1965190859729,1.8372252170535558e+35
820.0653592091289,1.8231541521370033e+35
819.9342412738498,1.8242287867982493e+35
819.803165260021,1.8312021506516462e+35
819.6721311475409,1.8238446138544756e+35
819.5411389163207,1.8325609544231143e+35
819.4101885462844,1.8294114433215795e+35
819.2792800173687,1.8293679639663992e+35
819.1484133095233,1.8249195852406703e+35
819.0175884027109,1.8300378965138798e+35
818.8868052769064,1.8149882221709978e+35
818.7560639120983,1.8320531134101116e+35
818.6253642882871,1.8161627852949135e+35
818.4947063854864,1.829143120243863e+35
818.3640901837227,1.8194433737763143e+35
818.2335156630351,1.8206586595561276e+35
818.1029828034752,1.8304004259712958e+35
817.972491585108,1.8281287267441587e+35
817.8420419880104,1.8279629394430782e+35
817.7116339922725,1.8406274891695487e+35
817.5812675779972,1.8310378063934934e+35
817.4509427252997,1.8271095725557025e+35
817.320659414308,1.8210377037527356e+35
817.1904176251628,1.817715652765849e+35
817.0602173380178,1.8112292191854345e+35
816.9300585330387,1.8044709627530487e+35
816.7999411904043,1.8036964908371736e+35
816.6698652903058,1.8166055306241305e+35
816.539830812947,1.789884732577538e+35
816.4098377385448,1.7851802090883776e+35
816.2798860473279,1.790620881513886e+35
816.1499757195381,1.7907651014928718e+35
816.02010673543,1.7982907213024014e+35
815.8902790752699,1.7952615220666706e+35
815.7604927193375,1.7890738821895796e+35
815.6307476479249,1.805115685908209e+35
815.501043841336,1.7910271491332142e+35
815.3713812798884,1.7956378591478135e+35
815.2417599439113,1.787754984887634e+35
815.1121798137468,1.784287896046263e+35
814.9826408697494,1.77706221824634e+35
814.8531430922861,1.7586395894163834e+35
814.7236864617364,1.766867954744103e+35
814.5942709584923,1.7726873635027948e+35
814.4648965629581,1.772221607491966e+35
814.3355632555506,1.744410831594286e+35
814.2062710166992,1.7443723803517164e+35
814.0770198268458,1.741659278047314e+35
813.9478096664442,1.741230078302846e+35
813.818640515961,1.7287345604400698e+35
813.6895123558752,1.7187359522270786e+35
813.5604251666782,1.739361117147618e+35
813.4313789288735,1.737718646815094e+35
813.3023736229774,1.7213242103873283e+35
813.1734092295181,1.7211455989784885e+35
813.0444857290365,1.7011499718317688e+35
812.9156031020858,1.7195744186980136e+35
812.7867613292315,1.7056867415362952e+35
812.657960391051,1.7112340991291394e+35
812.5292002681346,1.6993982425917396e+35
812.4004809410847,1.7030092590343472e+35
812.2718023905159,1.6865083793068755e+35
812.1431645970551,1.6898350022296624e+35
812.0145675413416,1.681966467164576e+35
811.886011204027,1.6666004506298426e+35
811.7574955657747,1.665013836269975e+35
811.6290206072608,1.650054797982305e+35
811.5005863091735,1.6406671710241737e+35
811.3721926522134,1.6405324677050068e+35
811.2438396170928,1.624943832264323e+35
811.1155271845369,1.6166179561332534e+35
810.9872553352824,1.6054359491128257e+35
810.8590240500787,1.5979126520583238e+35
810.730833309687,1.5970895088892046e+35
810.602683094881,1.5929900590197634e+35
810.4745733864464,1.5859070398549817e+35
810.3465041651809,1.5949489112765633e+35
810.2184754118947,1.5838330744056715e+35
810.0904871074099,1.594791467564194e+35
809.9625392325605,1.5805415190634066e+35
809.8346317681929,1.5680558349117369e+35
809.7067646951656,1.5692320240473581e+35
809.5789379943491,1.5563068241098186e+35
809.451151646626,1.5505581046047329e+35
809.3234056328909,1.5375545482655056e+35
809.1956999340505,1.5354127987127352e+35
809.0680345310236,1.5196276954244704e+35
808.9404094047412,1.5159608628825317e+35
808.8128245361459,1.5080211288839418e+35
808.6852799061925,1.505209951249322e+35
808.557775495848,1.491541997851013e+35
808.4303112860914,1.4835173716562023e+35
808.3028872579132,1.4779891455663217e+35
808.1755033923166,1.469169233201611e+35
808.0481596703163,1.457470704349183e+35
807.920856072939,1.4494371603331964e+35
807.7935925812236,1.4400854790949472e+35
807.6663691762207,1.4419274017431384e+35
807.5391858389928,1.431262485780812e+35
807.4120425506146,1.4232821815570414e+35
807.2849392921726,1.4107845427046262e+35
807.157876044765,1.401175824219852e+35
807.0308527895021,1.3882295481089014e+35
806.9038695075062,1.3742019957436548e+35
806.7769261799111,1.3671040238216078e+35
806.6500227878631,1.3542431789685313e+35
806.5231593125196,1.3521521930027444e+35
806.3963357350503,1.3579256829872179e+35
806.2695520366369,1.3509605536564546e+35
806.1428081984723,1.3455436979674372e+35
806.0161042017619,1.3385119780162961e+35
805.8894400277226,1.3302157267045635e+35
805.762815657583,1.3038975941520307e+35
805.6362310725838,1.302951993406333e+35
805.5096862539772,1.2857079581760804e+35
805.3831811830272,1.2762057910981586e+35
805.25671584101,1.2682260883846313e+35
805.1302902092131,1.2488803898376815e+35
805.0039042689357,1.2512157279866351e+35
804.877558001489,1.2595842011705058e+35
804.7512513881958,1.2589084567419112e+35
804.6249844103909,1.2610195709939965e+35
804.4987570494203,1.2479106045691114e+35
804.3725692866421,1.2611873404923073e+35
804.246421103426,1.2526499567397202e+35
804.1203124811534,1.2495747633066265e+35
803.9942434012172,1.2475767108766633e+35
803.8682138450222,1.257831290896084e+35
803.7422237939847,1.2537286442599198e+35
803.6162732295329,1.2554393489573926e+35
803.4903621331061,1.2559247742401193e+35
803.364490486156,1.2595124507778126e+35
803.2386582701453,1.2535244247423645e+35
803.1128654665483,1.2585536754822504e+35
802.9871120568515,1.2549631242065699e+35
802.8613980225523,1.2593130935711773e+35
802.7357233451602,1.2634850177545968e+35
802.6100880061961,1.2709510176982129e+35
802.4844919871923,1.2637049553534368e+35
802.3589352696929,1.2570742400273196e+35
802.2334178352534,1.2571693076121288e+35
802.1079396654408,1.2604902200096923e+35
801.9825007418337,1.2648618514110257e+35
801.8571010460225,1.2529062561942372e+35
801.7317405596086,1.2470221615994544e+35
801.6064192642054,1.2487356176020316e+35
801.4811371414373,1.2587829613915652e+35
801.3558941729407,1.2410814900204188e+35
801.2306903403629,1.2447274539004848e+35
801.105525625363,1.2308380657141248e+35
800.9804000096119,1.2514670392734707e+35
800.8553134747912,1.2294163497693826e+35
800.7302660025945,1.2354828833566963e+35
800.6052575747266,1.2277770685545474e+35
800.4802881729038,1.2360940585066598e+35
800.3553577788538,1.2275417043998097e+35
800.2304663743158,1.2227607432887644e+35
800.1056139410402,1.217910028632371e+35
799.980800460789,1.2201514021713455e+35
799.8560259153353,1.2174719396514227e+35
799.7312902864637,1.211279090182746e+35
799.6065935559704,1.2122311815337214e+35
799.4819357056629,1.2018099988567198e+35
799.3573167173593,1.2137767685433025e+35
799.2327365728901,1.2085192940201163e+35
799.1081952540965,1.2088991393917917e+35
798.9836927428312,1.203530784228645e+35
798.8592290209582,1.2059281275699635e+35
798.7348040703525,1.2068666145709043e+35
798.6104178729012,1.198169550335498e+35
798.4860704105017,1.2026400872713615e+35
798.3617616650633,1.1977368270088155e+35
798.2374916185063,1.2053440589999452e+35
798.1132602527626,1.2022196123152506e+35
797.9890675497746,1.190844310734086e+35
797.8649134914968,1.1935809797379442e+35
797.7407980598944,1.1920280628881868e+35
797.616721236944,1.1991069600926771e+35
797.4926830046335,1.199258978507695e+35
797.3686833449617,1.1973436409830756e+35
797.2447222399389,1.1897648026292878e+35
797.1207996715863,1.1974132374176173e+35
796.9969156219365,1.1861936342320205e+35
796.8730700730334,1.1796173606033672e+35
796.7492630069318,1.1835180347408149e+35
796.6254944056975,1.1761667919963387e+35
796.5017642514078,1.1802164560027196e+35
796.3780725261511,1.1692768467116304e+35
796.2544192120267,1.1713330243041142e+35
796.1308042911451,1.1760643414435473e+35
796.007227745628,1.1696862232851476e+35
795.8836895576081,1.1609691491676434e+35
795.7601897092293,1.1670245487899727e+35
795.6367281826465,1.1602881610970096e+35
795.5133049600255,1.1574882919701289e+35
795.3899200235436,1.1548571318389577e+35
795.2665733553887,1.148047890840896e+35
795.1432649377603,1.1488518636051706e+35
795.0199947528681,1.1436690047580936e+35
794.8967627829336,1.1527929942067103e+35
794.773569010189,1.1312249129986706e+35
794.6504134168777,1.1427490873802729e+35
794.5272959852537,1.1253755133253511e+35
794.4042166975823,1.1331868446300775e+35
794.2811755361398,1.1224103952112907e+35
794.1581724832135,1.1206052082715538e+35
794.0352075211015,1.1233273611539942e+35
793.912280632113,1.1158309972820978e+35
793.7893917985681,1.1055671187746465e+35
793.6665410027978,1.1046916294033444e+35
793.543728227144,1.1077721915152132e+35
793.4209534539598,1.1072612097334204e+35
793.298216665609,1.1014954309934338e+35
793.1755178444663,1.095131682869579e+35
793.0528569729173,1.0904765119968415e+35
792.9302340333586,1.0929205550857884e+35
792.8076490081977,1.0863511343580947e+35
792.6851018798528,1.0841079912415857e+35
792.5625926307531,1.0860319897043654e+35
792.4401212433386,1.0801833926788501e+35
792.3176877000603,1.0792429793064518e+35
792.1952919833798,1.0837270752706289e+35
792.0729340757697,1.084835807828354e+35
791.9506139597136,1.0929334641063803e+35
791.8283316177053,1.0892317130990147e+35
791.7060870322503,1.086066351299195e+35
791.5838801858639,1.077212628063778e+35
791.4617110610733,1.0845888063899425e+35
791.3395796404153,1.0806838377917087e+35
791.2174859064387,1.0829226884233376e+35
791.095429841702,1.0689229476407066e+35
790.973411428775,1.0735781467175895e+35
790.8514306502381,1.0751900257606738e+35
790.7294874886828,1.0755139245669967e+35
790.6075819267108,1.0780842802656131e+35
790.4857139469348,1.0863180407197195e+35
790.3638835319782,1.0824705534726639e+35
790.2420906644751,1.08272985525544e+35
790.1203353270703,1.0757057992965967e+35
789.9986175024194,1.0769903715245828e+35
789.8769371731885,1.081480939894788e+35
789.7552943220543,1.0865889811166023e+35
789.6336889317046,1.0811718325685452e+35
789.5121209848375,1.0880899368104757e+35
789.3905904641617,1.0869394662296018e+35
789.2690973523969,1.0875618522725283e+35
789.147641632273,1.0859752901756092e+35
789.026223286531,1.0883997352124442e+35
788.9048422979221,1.084862741271989e+35
788.7834986492084,1.0768521894443763e+35
788.6621923231622,1.0730421400002335e+35
788.5409233025672,1.0735722116562465e+35
788.4196915702167,1.076949740915732e+35
788.2984971089153,1.0774428155093317e+35
788.1773399014779,1.068216947277482e+35
788.0562199307299,1.0672069256377923e+35
787.9351371795074,1.0628686072282288e+35
787.8140916306571,1.0409090532992144e+35
787.6930832670358,1.025753498066472e+35
787.5721120715116,1.0141170254437207e+35
787.4511780269623,1.0046693006463324e+35
787.330281116277,9.964993533769373e+34
787.2094213223544,1.0020796994158284e+35
787.0885986281047,9.97578768339328e+34
786.9678130164477,9.886168772321416e+34
786.8470644703143,9.912166982744059e+34
786.7263529726456,9.828177123769856e+34
786.6056785063931,9.864330059907285e+34
786.4850410545191,9.826154326146134e+34
786.3644405999962,9.739603299840264e+34
786.243877125807,9.614856010089728e+34
786.1233506149451,9.505743812437294e+34
786.0028610504143,9.419404152594359e+34
785.8824084152288,9.300307504691619e+34
785.7619926924135,9.303461066166278e+34
785.6416138650033,9.252493207649871e+34
785.5212719160436,9.265384530121525e+34
785.4009668285903,9.17642443883588e+34
785.2806985857095,9.186958296695171e+34
785.1604671704781,9.157718870291028e+34
785.0402725659827,9.141455556338362e+34
784.9201147553209,9.168181238046881e+34
784.7999937216001,9.095764937504375e+34
784.6799094479385,9.059960610332872e+34
784.5598619174643,9.05565400407838e+34
784.4398511133163,8.941721898513434e+34
784.3198770186434,8.97378846098202e+34
784.1999396166048,8.86007791188578e+34
784.08003889037,8.912323086991024e+34
783.960174823119,8.830484970349335e+34
783.840347398042,8.769646881595354e+34
783.7205565983394,8.733127722833501e+34
783.6008024072217,8.699105938591491e+34
783.4810848079101,8.629059081548822e+34
783.3614037836356,8.694198098001237e+34
783.2417593176399,8.634135914357073e+34
783.1221513931745,8.625949122654627e+34
783.0025799935012,8.542791176416877e+34
782.8830451018923,8.474067094644312e+34
782.7635467016303,8.44050462237524e+34
782.6440847760073,8.416555435756324e+34
782.5246593083265,8.366844165267035e+34
782.4052702819007,8.387342532189576e+34
782.2859176800529,8.289994778731836e+34
782.1666014861165,8.285045509716937e+34
782.047321683435,8.259758680715809e+34
781.928078255362,8.282344910966833e+34
781.8088711852614,8.309959475891142e+34
781.6897004565068,8.264885219253329e+34
781.5705660524825,8.242053215821375e+34
781.4514679565825,8.19948761796266e+34
781.3324061522113,8.101570002081715e+34
781.2133806227833,8.051725758434147e+34
781.0943913517231,8.084224944071967e+34
780.9754383224648,8.053384076837338e+34
780.8565215184536,7.987186918187752e+34
780.7376409231442,8.065492095921665e+34
780.6187965200014,8.013842059738873e+34
780.4999882925002,7.945038290652756e+34
780.3812162241255,7.937363592355353e+34
780.2624802983723,7.921094424705272e+34
780.1437804987461,7.947104307912174e+34
780.0251168087613,7.87182181530961e+34
779.9064892119435,7.883537445795158e+34
779.7878976918279,7.864779695656979e+34
779.6693422319595,7.8528718811178e+34
779.5508228158935,7.892075892745588e+34
779.4323394271953,7.797394661797297e+34
779.3138920494397,7.750351046338103e+34
779.1954806662122,7.753196292685831e+34
779.0771052611077,7.823757254752247e+34
778.9587658177315,7.779323145755808e+34
778.8404623196985,7.735757950198507e+34
778.7221947506338,7.688700604790249e+34
778.6039630941722,7.726885588950494e+34
778.4857673339587,7.612796428551386e+34
778.3676074536482,7.632029665978547e+34
778.2494834369055,7.580496813195364e+34
778.1313952674049,7.615514797935342e+34
778.0133429288312,7.594465130631414e+34
777.895326404879,7.581983117140137e+34
777.7773456792526,7.60427729915666e+34
777.6594007356658,7.602508625722421e+34
777.5414915578433,7.612724112546453e+34
777.4236181295188,7.624879162128317e+34
777.3057804344363,7.549548574839251e+34
777.1879784563494,7.555867433093572e+34
777.0702121790215,7.546780381650587e+34
776.9524815862262,7.506886756101541e+34
776.8347866617468,7.564887418877045e+34
776.7171273893762,7.593300705226867e+34
776.5995037529171,7.585951221540142e+34
776.4819157361825,7.511398632912402e+34
776.3643633229948,7.559602572802403e+34
776.2468464971862,7.573660047227292e+34
776.1293652425987,7.535434347005616e+34
776.0119195430842,7.542834997369522e+34
775.8945093825043,7.50100168838744e+34
775.7771347447306,7.505373377588114e+34
775.6597956136438,7.508908911252966e+34
775.5424919731353,7.56165787803907e+34
775.4252238071053,7.567716238070014e+34
775.3079910994643,7.537456840328661e+34
775.1907938341325,7.607971296014565e+34
775.0736319950396,7.526711451477116e+34
774.9565055661252,7.54533214595113e+34
774.8394145313384,7.48819278533459e+34
774.7223588746384,7.521270833193854e+34
774.6053385799936,7.452570736235377e+34
774.4883536313823,7.471820298246577e+34
774.3714040127926,7.480615744156843e+34
774.2544897082222,7.481074421213709e+34
774.1376107016783,7.432747744813844e+34
774.0207669771781,7.461971886028994e+34
773.9039585187478,7.482531230243721e+34
773.7871853104241,7.310587930180989e+34
773.6704473362528,7.293381190121217e+34
773.553744580289,7.307306692562823e+34
773.4370770265984,7.327312315114818e+34
773.3204446592557,7.286818073653419e+34
773.203847462345,7.381197681689799e+34
773.0872854199604,7.304469768307744e+34
772.9707585162055,7.326950763763565e+34
772.854266735193,7.339126559901379e+34
772.7378100610464,7.307635453055581e+34
772.6213884778973,7.372900797413561e+34
772.5050019698878,7.291311458203814e+34
772.3886505211692,7.377831576374913e+34
772.2723341159027,7.392565707249856e+34
772.1560527382585,7.371406336198583e+34
772.0398063724167,7.342972041219033e+34
771.9235950025667,7.281928175352742e+34
771.8074186129078,7.250075506884779e+34
771.6912771876483,7.102050533002956e+34
771.5751707110066,6.898373516273825e+34
771.4590991672098,6.6489915955163435e+34
771.3430625404955,6.432773245268829e+34
771.22706081511,6.2250579391072505e+34
771.1110939753091,6.000022400592524e+34
770.9951620053585,6.029313437232206e+34
770.879264889533,5.965859669314615e+34
770.7634026121173,5.974773365117583e+34
770.6475751574048,6.086099688146456e+34
770.5317825096992,6.028441471663072e+34
770.4160246533128,6.012696662394306e+34
770.3003015725682,5.965578453059042e+34
770.1846132517966,5.990678939097943e+34
770.068959675339,5.959655628406872e+34
769.953340827546,5.926513511886202e+34
769.8377566927771,5.928284152221011e+34
769.7222072554015,5.911595486987149e+34
769.606692499798,5.91224737320814e+34
769.4912124103544,5.838195266984976e+34
769.3757669714678,5.854378046505103e+34
769.260356167545,5.859720888568016e+34
769.1449799830019,5.843263319879742e+34
769.0296384022641,5.818164880708445e+34
768.9143314097661,5.822212770728243e+34
768.7990589899518,5.784832980877589e+34
768.6838211272749,5.768174551718062e+34
768.5686178061977,5.746554986172122e+34
768.4534490111926,5.709760761290622e+34
768.3383147267405,5.749742783672838e+34
768.2232149373323,5.7209464651766185e+34
768.1081496274677,5.6804580273947205e+34
767.9931187816558,5.675575103567936e+34
767.8781223844153,5.70718683998703e+34
767.7631604202736,5.663362032123248e+34
767.648232873768,5.629033000063231e+34
767.5333397294445,5.566417555329169e+34
767.4184809718588,5.585590373930178e+34
767.3036565855755,5.565581728796527e+34
767.1888665551686,5.592275580056384e+34
767.0741108652213,5.567177570928837e+34
766.959389500326,5.534695633080028e+34
766.8447024450844,5.557840370714752e+34
766.7300496841073,5.489989903011989e+34
766.6154312020147,5.45795140751136e+34
766.500846983436,5.504800110695087e+34
766.3862970130094,5.499385407192377e+34
766.2717812753828,5.5496529182626955e+34
766.1572997552128,5.529901849440507e+34
766.0428524371654,5.539763330799775e+34
765.9284393059157,5.585594167112966e+34
765.814060346148,5.5641518728346595e+34
765.6997155425557,5.5731975096551115e+34
765.5854048798413,5.539596931019849e+34
765.4711283427168,5.518111206624909e+34
765.3568859159027,5.540571388055436e+34
765.242677584129,5.561269236111796e+34
765.1285033321348,5.622583957609184e+34
765.0143631446681,5.61706798750867e+34
764.9002570064864,5.569012765767599e+34
764.786184902356,5.601176191990818e+34
764.6721468170522,5.645047498937539e+34
764.5581427353596,5.61553784555906e+34
764.444172642072,5.626541055033322e+34
764.3302365219918,5.652195862015245e+34
764.2163343599307,5.6363879834149785e+34
764.1024661407095,5.646876447825188e+34
763.9886318491582,5.709258129296861e+34
763.8748314701154,5.695056344288122e+34
763.7610649884291,5.662854600705994e+34
763.6473323889562,5.741031263042375e+34
763.5336336565626,5.717868744095092e+34
763.4199687761234,5.707963222405781e+34
763.3063377325223,5.7316864226793735e+34
763.1927405106524,5.738100446922351e+34
763.0791770954155,5.748562254161174e+34
762.9656474717226,5.709389554045418e+34
762.8521516244938,5.7703520244722545e+34
762.7386895386576,5.763627980097311e+34
762.625261199152,5.792271428694407e+34
762.5118665909239,5.77022071803421e+34
762.3985056989288,5.856658905461998e+34
762.2851785081317,5.790757849148482e+34
762.171885003506,5.8427180779138565e+34
762.0586251700344,5.781923257490089e+34
761.9453989927083,5.837402686270925e+34
761.832206456528,5.809531754898042e+34
761.719047546503,5.828089073344735e+34
761.6059222476515,5.748418141712119e+34
761.4928305450004,5.843449253729699e+34
761.3797724235861,5.795294803223847e+34
761.2667478684531,5.815404772521738e+34
761.1537568646554,5.742050066166206e+34
761.0407993972558,5.74595148634656e+34
760.9278754513253,5.697783925581269e+34
760.8149850119448,5.707157859111716e+34
760.7021280642033,5.718671992934347e+34
760.5893045931988,5.687196654039917e+34
760.4765145840383,5.688350508319221e+34
760.3637580218377,5.7294667401874855e+34
760.2510348917212,5.767145028936508e+34
760.1383451788225,5.685897194532478e+34
760.0256888682839,5.725790582205702e+34
759.9130659452559,5.6339892165224995e+34
759.8004763948987,5.654983135556845e+34
759.6879202023808,5.6672859019846555e+34
759.5753973528798,5.649625696687415e+34
759.4629078315816,5.693921249779523e+34
759.3504516236811,5.671847154678816e+34
759.2380287143823,5.659705515744692e+34
759.1256390888974,5.629743705009093e+34
759.0132827324479,5.631633843914241e+34
758.9009596302635,5.645514696398794e+34
758.7886697675831,5.64775781913727e+34
758.6764131296541,5.642059287683385e+34
758.5641897017325,5.654272642894486e+34
758.4519994690837,5.613348115700483e+34
758.3398424169808,5.663929305121839e+34
758.2277185307064,5.651790585778581e+34
758.1156277955514,5.654003572364359e+34
758.0035701968156,5.678363480654582e+34
757.8915457198075,5.617808411095654e+34
757.7795543498441,5.640229316708691e+34
757.6675960722513,5.648139207953034e+34
757.5556708723633,5.658207083973366e+34
757.4437787355234,5.674017430218255e+34
757.3319196470833,5.6263723502765675e+34
757.2200935924036,5.652508778656851e+34
757.1083005568532,5.627125764660243e+34
756.9965405258098,5.67736974040751e+34
756.8848134846598,5.544372652291289e+34
756.7731194187983,5.572009732427865e+34
756.6614583136287,5.637734693496772e+34
756.5498301545631,5.583558639891171e+34
756.4382349270226,5.557312359972405e+34
756.3266726164366,5.554577097026237e+34
756.2151432082427,5.5411457224320015e+34
756.1036466878879,5.510874305265725e+34
755.9921830408275,5.495019880097979e+34
755.8807522525248,5.532920581782977e+34
755.7693543084522,5.565079549830497e+34
755.6579891940908,5.576646308363228e+34
755.5466568949299,5.564623293314508e+34
755.4353573964677,5.564119388434006e+34
755.3240906842103,5.512214163335771e+34
755.2128567436732,5.555690653459668e+34
755.1016555603799,5.598241925597491e+34
754.9904871198623,5.546153952401117e+34
754.8793514076614,5.530452587536421e+34
754.7682484093259,5.516232530106669e+34
754.657178110414,5.505899548536632e+34
754.5461404964914,5.509884768693344e+34
754.435135553133,5.474371554479266e+34
754.3241632659219,5.500799882649012e+34
754.2132236204498,5.515659568752798e+34
754.1023166023166,5.489490903525799e+34
753.9914421971312,5.486366102009383e+34
753.8806003905102,5.440778566849608e+34
753.7697911680793,5.462525180843106e+34
753.6590145154727,5.424631810641747e+34
753.5482704183323,5.411069599187144e+34
753.4375588623093,5.41779853553388e+34
753.3268798330629,5.403900756145496e+34
753.2162333162605,5.4027596229939265e+34
753.1056192975784,5.361051161499938e+34
752.9950377627013,5.383649401258527e+34
752.8844886973216,5.423368992378569e+34
752.7739720871413,5.382276926507384e+34
752.6634879178694,5.4085347085466265e+34
752.5530361752245,5.411679430689302e+34
752.4426168449329,5.429819696902381e+34
752.3322299127295,5.410976429786912e+34
752.2218753643574,5.377687737436434e+34
752.1115531855685,5.39152705753576e+34
752.0012633621225,5.368314894103018e+34
751.8910058797877,5.368578944257186e+34
751.7807807243408,5.353897422692538e+34
751.6705878815668,5.3253517003371315e+34
751.560427337259,5.357627819640709e+34
751.450299077219,5.2705561997562145e+34
751.3402030872569,5.252742641695339e+34
751.2301393531909,5.09713968858237e+34
751.1201078608476,5.003693271730137e+34
751.0101085960617,4.94463534071658e+34
750.9001415446767,4.918510248072285e+34
750.7902066925438,4.921693721221855e+34
750.6803040255231,4.874485808169444e+34
750.5704335294824,4.831130469511393e+34
750.4605951902981,4.746040602988816e+34
750.3507889938547,4.629628820873096e+34
750.2410149260451,4.683192888112896e+34
750.1312729727704,4.650487894573845e+34
750.0215631199397,4.624506960327853e+34
749.911885353471,4.608196017044595e+34
749.80223965929,4.6190919364748795e+34
749.6926260233305,4.635567907664881e+34
749.583044431535,4.586233698577989e+34
749.4734948698539,4.604416757335173e+34
749.3639773242461,4.571263890070518e+34
749.2544917806782,4.550677014743082e+34
749.1450382251256,4.558392205364224e+34
749.0356166435714,4.553979056998605e+34
748.9262270220073,4.471321349789229e+34
748.8168693464327,4.510449056529255e+34
748.7075436028556,4.489196356928067e+34
748.5982497772922,4.510111310956851e+34
748.4889878557663,4.47664869833111e+34
748.3797578243104,4.472298103871097e+34
748.2705596689651,4.524603143912015e+34
748.161393375779,4.496797289885273e+34
748.052258930809,4.46995471129184e+34
747.9431563201197,4.43820724759843e+34
747.8340855297845,4.4498959472393815e+34
747.7250465458842,4.425655012993604e+34
747.6160393545083,4.42197994709263e+34
747.5070639417544,4.417491551952682e+34
747.3981202937274,4.388420755695821e+34
747.2892083965415,4.381029948351487e+34
747.1803282363182,4.425946114310964e+34
747.0714797991872,4.400762731690431e+34
746.9626630712864,4.386716326952884e+34
746.8538780387618,4.385464254718777e+34
746.7451246877673,4.388824920063276e+34
746.6364030044649,4.318703752504528e+34
746.527712975025,4.336865615061553e+34
746.4190545856255,4.3725502825347895e+34
746.3104278224529,4.362258790096406e+34
746.201832671701,4.291932761532314e+34
746.0932691195726,4.244475793373183e+34
745.984737152278,4.241074124526488e+34
745.8762367560352,4.239033190268457e+34
745.7677679170707,4.213733048133112e+34
745.659330621619,4.2048118466265e+34
745.5509248559223,4.1967033009878e+34
745.4425506062312,4.219512833410042e+34
745.3342078588039,4.178602691008981e+34
745.2258965999068,4.164399382773075e+34
745.1176168158144,4.198160000058757e+34
745.0093684928089,4.179876137122554e+34
744.9011516171804,4.1945556608709945e+34
744.7929661752275,4.1298157008670816e+34
744.6848121532562,4.1578819325575045e+34
744.5766895375807,4.1482155835707655e+34
744.4685983145231,4.15581288521932e+34
744.3605384704136,4.124694973242564e+34
744.25250999159,4.1221693172436123e+34
744.1445128643984,4.1269147436495304e+34
744.0365470751923,4.1378236816466825e+34
743.928612610334,4.1121249558922933e+34
743.8207094561927,4.063355909019366e+34
743.7128375991462,4.0784839916968714e+34
743.60499702558,4.0776235804431986e+34
743.4971877218876,4.104214227801357e+34
743.3894096744699,4.0995147160699508e+34
743.2816628697362,4.0689400484719086e+34
743.1739472941036,4.0598491220119178e+34
743.0662629339971,4.048662925700138e+34
742.9586097758495,4.073668435225748e+34
742.8509878061011,4.051133670954606e+34
742.7433970112006,4.050069499663117e+34
742.6358373776044,4.015319962549037e+34
742.5283088917765,3.9769868273372964e+34
742.4208115401891,4.011752864843629e+34
742.313345309322,3.9769456936102834e+34
742.2059101856629,3.998378660777357e+34
742.0985061557071,3.9891020567115307e+34
741.9911332059581,3.952028001081745e+34
741.8837913229272,3.9606509240409264e+34
741.776480493133,3.948317475907823e+34
741.6692007031024,3.9265862856639937e+34
741.5619519393699,3.918943850740243e+34
741.4547341884779,3.9587002845420014e+34
741.3475474369762,3.8994573337796303e+34
741.240391671423,3.9110500172086165e+34
741.1332668783838,3.8633128886911125e+34
741.026173044432,3.86194192647733e+34
740.9191101561487,3.859302857675873e+34
740.812078200123,3.840922592362774e+34
740.7050771629514,3.7920884939530694e+34
740.5981070312386,3.8414339305499655e+34
740.4911677915961,3.826640415555205e+34
740.3842594306445,3.8420762444888013e+34
740.2773819350111,3.8239478956205654e+34
740.1705352913311,3.8481115353888133e+34
740.0637194862478,3.811466411854726e+34
739.9569345064117,3.8055476722681005e+34
739.8501803384814,3.83183609958736e+34
739.7434569691231,3.7858747428499046e+34
739.6367643850106,3.777132300610666e+34
739.5301025728252,3.795689688769206e+34
739.4234715192564,3.809586911922404e+34
739.3168712110011,3.808738832862283e+34
739.2103016347636,3.7917082525354896e+34
739.1037627772563,3.8173785517388973e+34
738.997254625199,3.773650126188066e+34
738.8907771653195,3.766608518502565e+34
738.7843303843526,3.741274527362518e+34
738.6779142690414,3.7331746767035057e+34
738.5715288061361,3.6888020180478256e+34
738.4651739823951,3.6921614188821974e+34
738.3588497845839,3.6759677760216863e+34
738.2525561994759,3.645576417868965e+34
738.146293213852,3.6208337138579314e+34
738.0400608145011,3.612981642223587e+34
737.9338589882188,3.5878662951993145e+34
737.8276877218095,3.5488364093985418e+34
737.7215470020841,3.535514381315232e+34
737.6154368158617,3.5172548505987495e+34
737.509357149969,3.4907739615074146e+34
737.4033079912397,3.473351530994087e+34
737.2972893265159,3.450172347373469e+34
737.1913011426466,3.4625071954919044e+34
737.0853434264886,3.454291620024765e+34
736.9794161649065,3.441903877399368e+34
736.873519344772,3.445185122925978e+34
736.7676529529648,3.4316685551692353e+34
736.6618169763717,3.444661505143307e+34
736.5560114018871,3.381951966452053e+34
736.4502362164133,3.381774383185365e+34
736.3444914068599,3.375093697502422e+34
736.2387769601437,3.377121008820578e+34
736.1330928631896,3.3936410793518584e+34
736.0274391029297,3.3760442019368414e+34
735.9218156663036,3.3506417377191568e+34
735.8162225402584,3.3653130084890345e+34
735.7106597117487,3.3481824373980945e+34
735.6051271677363,3.3289391606425266e+34
735.4996248951913,3.3183343930008027e+34
735.3941528810905,3.2957634055635177e+34
735.2887111124184,3.299234938040831e+34
735.1832995761669,3.2987737229998505e+34
735.0779182593355,3.3001238324872054e+34
734.9725671489313,3.2883321050002694e+34
734.8672462319682,3.2726830054709283e+34
734.7619554954684,3.281897382923568e+34
734.656694926461,3.253839983664531e+34
734.5514645119824,3.2533109751936063e+34
734.446264239077,3.2712911014594547e+34
734.3410940947961,3.251609677811173e+34
734.2359540661987,3.255292844978566e+34
734.1308441403511,3.2506441340121156e+34
734.0257643043271,3.216651634933846e+34
733.9207145452077,3.2407843486910754e+34
733.8156948500815,3.223779970349976e+34
733.7107052060444,3.227163255929404e+34
733.6057456001996,3.2192472177807067e+34
733.5008160196578,3.1927663363896976e+34
733.3959164515372,3.206468776087459e+34
733.2910468829631,3.207818615058554e+34
733.1862073010683,3.2190122353890855e+34
733.0813976929929,3.1870454035980697e+34
732.9766180458844,3.1845677247874258e+34
732.8718683468976,3.170356329047622e+34
732.7671485831947,3.1750169094287788e+34
732.6624587419453,3.1485867730898003e+34
732.5577988103262,3.1393059429747596e+34
732.4531687755214,3.121361071290412e+34
732.3485686247227,3.1218884967190195e+34
732.2439983451286,3.0815929154453234e+34
732.1394579239454,3.0775022723413766e+34
732.0349473483865,3.063000033464816e+34
731.9304666056726,3.0492152837167167e+34
731.8260156830316,3.0645117350905948e+34
731.721594567699,3.0272177667442884e+34
731.6172032469171,3.022837045401796e+34
731.5128417079362,2.9974528804987667e+34
731.4085099380131,3.0092996597144565e+34
731.3042079244125,2.995164944902359e+34
731.1999356544057,2.9857628528105807e+34
731.0956931152718,2.970725072566913e+34
730.9914802942972,2.9786720552958706e+34
730.887297178775,2.976733361575942e+34
730.7831437560061,2.9527889567154634e+34
730.6790200132984,2.936456483105476e+34
730.5749259379669,2.882881654901924e+34
730.470861517334,2.8083069642379687e+34
730.3668267387296,2.7442533133472475e+34
730.2628215894902,2.6864590206885983e+34
730.1588460569598,2.6787906455497797e+34
730.0549001284897,2.682178281956569e+34
729.9509837914384,2.6782088682652314e+34
729.8470970331716,2.669968565665212e+34
729.743239841062,2.663472820056208e+34
729.6394122024897,2.6613785686611403e+34
729.5356141048416,2.6424780858496257e+34
729.4318455355124,2.648358376326399e+34
729.3281064819035,2.642193723095711e+34
729.2243969314237,2.6127370297738894e+34
729.1207168714889,2.598711499815516e+34
729.0170662895218,2.61869253369257e+34
728.913445172953,2.6168920531604684e+34
728.8098535092195,2.61112283995448e+34
728.7062912857659,2.599814804881335e+34
728.6027584900437,2.596299238796416e+34
728.4992551095118,2.5945132263298024e+34
728.3957811316358,2.597731816900644e+34
728.2923365438887,2.5854008464838045e+34
728.1889213337508,2.5858418381326276e+34
728.0855354887092,2.5632001036552586e+34
727.9821789962582,2.56410743134923e+34
727.878851843899,2.5685384465101618e+34
727.7755540191406,2.55934257019335e+34
727.672285509498,2.547706693950682e+34
727.5690463024941,2.5595394243088795e+34
727.4658363856588,2.545798959198044e+34
727.3626557465287,2.535422371243516e+34
727.2595043726478,2.538144037365864e+34
727.156382251567,2.5283465276195527e+34
727.0532893708445,2.508227648646699e+34
726.9502257180451,2.5127640633535176e+34
726.8471912807411,2.505551114378913e+34
726.7441860465116,2.489856318483966e+34
726.6412100029429,2.45970236062706e+34
726.5382631376282,2.464526640540634e+34
726.4353454381677,2.4357141566358078e+34
726.3324568921687,2.422379772143851e+34
726.2295974872457,2.3904997688414447e+34
726.1267672110197,2.390990162884157e+34
726.0239660511195,2.3831449127702915e+34
725.9211939951799,2.369368487142082e+34
725.8184510308438,2.3689460788417187e+34
725.71573714576,2.364905967897333e+34
725.6130523275853,2.361545124419399e+34
725.5103965639828,2.356324022430539e+34
725.4077698426229,2.339248039772093e+34
725.3051721511827,2.34927108220824e+34
725.2026034773465,2.333624233399923e+34
725.1000638088057,2.3305567172583864e+34
724.9975531332582,2.319474737614287e+34
724.8950714384093,2.310911326962105e+34
724.792618711971,2.3137649123892383e+34
724.6901949416625,2.3093037290644326e+34
724.5878001152096,2.3165568400448273e+34
724.485434220345,2.293971838576341e+34
724.3830972448089,2.2849811628754706e+34
724.280789176348,2.2723673801214817e+34
724.1785100027157,2.2857431125974225e+34
724.076259711673,2.2737683529503775e+34
723.974038290987,2.2620168827507673e+34
723.8718457284323,2.2526720476325616e+34
723.7696820117902,2.2719485071775515e+34
723.667547128849,2.2426245329757837e+34
723.5654410674039,2.237308919653808e+34
723.4633638152565,2.25548804290296e+34
723.3613153602159,2.230649844418111e+34
723.2592956900979,2.2453993955579713e+34
723.1573047927251,2.2259147546297947e+34
723.0553426559269,2.200604712137979e+34
722.9534092675399,2.205789114110768e+34
722.8515046154068,2.1942225003815144e+34
722.7496286873783,2.1522905241008947e+34
722.6477814713109,2.1339940556526587e+34
722.5459629550686,2.111365383356319e+34
722.4441731265217,2.084033914009731e+34
722.3424119735479,2.0883088892179615e+34
722.2406794840313,2.0636476178263035e+34
722.1389756458632,2.0647938884602748e+34
722.0373004469412,2.0449913784949998e+34
721.9356538751701,2.0417673921579862e+34
721.8340359184616,2.0320069642419436e+34
721.7324465647341,2.0237296554490725e+34
721.6308858019124,2.0084163917172831e+34
721.5293536179287,1.9962281836137215e+34
721.4278500007214,1.992132335431949e+34
721.3263749382364,1.983516030403138e+34
721.224928418426,1.98390449388759e+34
721.1235104292489,1.9872000610321348e+34
721.022120958671,1.9791600018658432e+34
720.9207599946652,1.9596465450401885e+34
720.8194275252107,1.9619674477054341e+34
720.7181235382935,1.951126394771869e+34
720.6168480219069,1.9541699935493371e+34
720.51560096405,1.94050343729386e+34
720.4143823527294,1.9510734610331185e+34
720.3131921759581,1.9351173590322592e+34
720.2120304217563,1.9428578882641794e+34
720.1108970781501,1.9502171713301912e+34
720.009792133173,1.9396395814095031e+34
719.9087155748653,1.9348340140836556e+34
719.8076673912732,1.9414246384493913e+34
719.7066475704503,1.918684410543033e+34
719.605656100457,1.9126672145051067e+34
719.5046929693599,1.924530511792045e+34
719.4037581652327,1.912847245167158e+34
719.3028516761555,1.915296149492772e+34
719.2019734902152,1.9011350420195976e+34
719.1011235955057,1.8872079442970127e+34
719.0003019801268,1.8887118207330095e+34
718.8995086321859,1.8811249182003214e+34
718.7987435397963,1.8588428717580537e+34
718.6980066910785,1.8517389274706095e+34
718.5972980741592,1.8547046789004082e+34
718.4966176771723,1.8477538388105526e+34
718.3959654882578,1.825386920758607e+34
718.2953414955628,1.8421785567413793e+34
718.1947456872406,1.826490645427147e+34
718.0941780514515,1.804227864570937e+34
717.9936385763623,1.8096516214488174e+34
717.8931272501463,1.7934433616513386e+34
717.7926440609837,1.792296971447403e+34
717.6921889970611,1.8080974045357052e+34
717.5917620465718,1.7738169801243508e+34
717.4913631977155,1.7860336381797061e+34
717.390992438699,1.76300333224176e+34
717.2906497577351,1.7978477357837093e+34
717.1903351430436,1.762287352990838e+34
717.0900485828507,1.7833447344070152e+34
716.9897900653895,1.763838574070743e+34
716.8895595788991,1.7741494275309857e+34
716.7893571116257,1.7646477467498059e+34
716.6891826518216,1.7672601659917216e+34
716.5890361877464,1.7718334747927444e+34
716.4889177076653,1.7787594355056366e+34
716.388827199851,1.7654385357260445e+34
716.288764652582,1.7488626297341594e+34
716.188730054144,1.7507763825587077e+34
716.0887233928285,1.7355598976752442e+34
715.988744656934,1.746518991081972e+34
715.8887938347657,1.7417880905682724e+34
715.788870914635,1.7413433639744593e+34
715.6889758848599,1.72932611264648e+34
715.5891087337651,1.7225011195402644e+34
715.4892694496815,1.730507394884001e+34
715.3894580209466,1.7191849113637764e+34
715.2896744359047,1.7288904501113145e+34
715.1899186829063,1.703230257767689e+34
715.0901907503084,1.7274064082229493e+34
714.9904906264748,1.6982360047100892e+34
714.8908182997752,1.712927560033863e+34
714.7911737585864,1.6896921789539693e+34
714.6915569912916,1.7041411768945865e+34
714.5919679862799,1.69014335681858e+34
714.4924067319475,1.6778298494731257e+34
714.3928732166969,1.6892884687320643e+34
714.2933674289367,1.6853555648039482e+34
714.1938893570828,1.6836948969918137e+34
714.0944389895564,1.6778186251594316e+34
713.9950163147862,1.6693128123205076e+34
713.8956213212067,1.6727051457446474e+34
713.7962539972591,1.664198932489306e+34
713.6969143313909,1.662655570595533e+34
713.5976023120562,1.640057688455297e+34
713.4983179277154,1.6366740490275148e+34
713.3990611668356,1.6429313830455618e+34
713.2998320178896,1.621239112138395e+34
713.2006304693573,1.6063436671370492e+34
713.1014565097249,1.610222559861206e+34
713.0023101274849,1.5963261940055374e+34
712.903191311136,1.6092544738111287e+34
712.8041000491836,1.6013470988361404e+34
712.7050363301393,1.6119679633244736e+34
712.6060001425212,1.6175640385933715e+34
712.5069914748539,1.6065228397296478e+34
712.408010315668,1.6207388921818707e+34
712.3090566535008,1.618811108620986e+34
712.2101304768959,1.6136474766351955e+34
712.1112317744032,1.6124526470239986e+34
712.0123605345789,1.6081553248199142e+34
711.9135167459857,1.6044692142630056e+34
711.8147003971926,1.6171350473401109e+34
711.7159114767749,1.612536777300057e+34
711.6171499733143,1.6123444664216667e+34
711.518415875399,1.6184541278461545e+34
711.419709171623,1.613757792611775e+34
711.321029850587,1.6195093213522533e+34
711.2223779008982,1.6298396378562442e+34
711.12375331117,1.6157916330364613e+34
711.0251560700218,1.6082594185006894e+34
710.9265861660796,1.604414201642094e+34
710.8280435879757,1.5942707260673582e+34
710.7295283243485,1.5924727332106418e+34
710.6310403638431,1.5719340921972155e+34
710.5325796951105,1.570261736677113e+34
710.4341463068082,1.568295123985557e+34
710.3357401875996,1.5490340320532455e+34
710.2373613261552,1.5580095500395873e+34
710.1390097111511,1.5353189459431542e+34
710.0406853312696,1.5331545742828955e+34
709.9423881751997,1.5297168179693528e+34
709.8441182316365,1.5212828691440137e+34
709.7458754892812,1.5131360146353465e+34
709.6476599368414,1.499784319517224e+34
709.549471563031,1.4886754740387298e+34
709.4513103565703,1.4796303951704864e+34
709.3531763061852,1.4829779846472256e+34
709.2550694006086,1.4732216816957097e+34
709.156989628579,1.4620565063914743e+34
709.0589369788416,1.4693848295169336e+34
708.9609114401478,1.4609170526228339e+34
708.8629130012548,1.4554045342360155e+34
708.7649416509262,1.4440295925099023e+34
708.6669973779321,1.4424075263029223e+34
708.5690801710485,1.4470004159663288e+34
708.4711900190579,1.4421305496836142e+34
708.3733269107486,1.430109256353673e+34
708.2754908349152,1.4373188225578846e+34
708.1776817803586,1.4373990990089055e+34
708.0798997358862,1.432195193417941e+34
707.982144690311,1.4265515776752536e+34
707.8844166324523,1.430813158329459e+34
707.7867155511359,1.4292365825144333e+34
707.6890414351934,1.4319965242621547e+34
707.5913942734628,1.4283039460937124e+34
707.4937740547883,1.4140448430945725e+34
707.3961807680201,1.3812839373465418e+34
707.2986144020144,1.3869225356324586e+34
707.2010749456339,1.3904453736896216e+34
707.1035623877473,1.3808376716011547e+34
707.0060767172295,1.3744472992194527e+34
706.9086179229611,1.366754183673284e+34
706.8111859938296,1.3763966119487066e+34
706.7137809187279,1.3685654024235527e+34
706.6164026865556,1.3680128461481017e+34
706.519051286218,1.3759992521901303e+34
706.4217267066267,1.3748470303381387e+34
706.3244289366993,1.3639351503691356e+34
706.2271579653597,1.362277002009741e+34
706.1299137815377,1.3776469933031542e+34
706.0326963741691,1.370002451304753e+34
705.9355057321964,1.3619835396186826e+34
705.8383418445674,1.3473404333334685e+34
705.7412047002364,1.331806299703776e+34
705.644094288164,1.3282540606358567e+34
705.5470105973161,1.3044708567521758e+34
705.4499536166657,1.2940224554415533e+34
705.3529233351908,1.2817864542808788e+34
705.2559197418764,1.2838508003523546e+34
705.158942825713,1.2778601157723677e+34
705.0619925756972,1.2651770892211957e+34
704.965068980832,1.2574320860807802e+34
704.8681720301261,1.2573939526502375e+34
704.7713017125943,1.2534169071988995e+34
704.6744580172575,1.238562752570571e+34
704.5776409331427,1.2234003172576602e+34
704.4808504492827,1.228856144864706e+34
704.3840865547166,1.2225860359665326e+34
704.2873492384894,1.225287484120573e+34
704.190638489652,1.2318230266414463e+34
704.0939542972615,1.226509542145291e+34
703.9972966503809,1.2230912138842706e+34
703.9006655380792,1.221214451326372e+34
703.8040609494317,1.2182883244821676e+34
703.7074828735192,1.2208396409456865e+34
703.6109312994287,1.2250613602930338e+34
703.5144062162533,1.2086209145023263e+34
703.417907613092,1.2016345999532863e+34
703.3214354790498,1.1945749759594003e+34
703.2249898032377,1.1962447325497701e+34
703.1285705747724,1.1878080713889258e+34
703.0321777827772,1.1937841451521264e+34
702.9358114163805,1.1893914805724754e+34
702.8394714647175,1.1838183741825352e+34
702.7431579169287,1.1673838239826923e+34
702.646870762161,1.1748521503008088e+34
702.5506099895672,1.1715040845041678e+34
702.4543755883055,1.177133262827255e+34
702.3581675475409,1.181461846692356e+34
702.2619858564436,1.1786503223687637e+34
702.1658305041902,1.1796598613087084e+34
702.069701479963,1.1837574441353284e+34
701.9735987729503,1.1878173736888934e+34
701.8775223723461,1.1824502791060662e+34
701.7814722673508,1.1826213539541893e+34
701.6854484471701,1.167613171268407e+34
701.5894509010163,1.1678534994211432e+34
701.4934796181069,1.166443400061114e+34
701.397534587666,1.1611958055186762e+34
701.3016157989227,1.163856295257519e+34
701.2057232411131,1.1613596464841298e+34
701.1098569034782,1.1579238857564967e+34
701.0140167752654,1.144712528323389e+34
700.9182028457278,1.1333805703451789e+34
700.8224151041247,1.1189703010966468e+34
700.7266535397207,1.1144832150257101e+34
700.6309181417867,1.1132158100146587e+34
700.5352088995993,1.1058065741240535e+34
700.439525802441,1.1097284027443838e+34
700.3438688396002,1.1081662692682462e+34
700.2482380003711,1.0998282352203776e+34
700.1526332740538,1.102445388457462e+34
700.057054649954,1.0959837882364942e+34
699.9615021173836,1.1045679424624468e+34
699.86597566566,1.0989482972084668e+34
699.7704752841069,1.0924273032775143e+34
699.6750009620532,1.093664423890545e+34
699.579552688834,1.093450874079817e+34
699.4841304537904,1.0861626586087723e+34
699.3887342462689,1.0847672472310717e+34
699.2933640556219,1.0751899731935178e+34
699.1980198712077,1.0732551517186682e+34
699.1027016823907,1.0712506784004004e+34
699.0074094785406,1.0706718371864787e+34
698.912143249033,1.0684772449237436e+34
698.8169029832494,1.0705166680182436e+34
698.7216886705772,1.0700913960737775e+34
698.6265003004095,1.0734847652865112e+34
698.5313378621449,1.0681059178259517e+34
698.4362013451881,1.0682244315978903e+34
698.3410907389497,1.0654383428745321e+34
698.2460060328455,1.0692524348201937e+34
698.1509472162976,1.0630910366926694e+34
698.0559142787338,1.063114250372627e+34
697.9609072095872,1.0586522294222617e+34
697.8659259982973,1.0491474791563427e+34
697.7709706343087,1.052145042746069e+34
697.6760411070724,1.053978182313977e+34
697.5811374060446,1.0468347915483062e+34
697.4862595206876,1.0345824166663619e+34
697.391407440469,1.0340102245610784e+34
697.2965811548627,1.0333501423431194e+34
697.2017806533478,1.0266015145987045e+34
697.1070059254097,1.031827699358143e+34
697.0122569605387,1.0195207419008541e+34
696.9175337482316,1.0155701044824329e+34
696.8228362779906,1.0022857871411766e+34
696.7281645393234,9.93760411029645e+33
696.6335185217437,9.922377556024912e+33
696.5388982147708,9.747824669347401e+33
696.4443036079298,9.753278353194475e+33
696.3497346907511,9.739752625977898e+33
696.2551914527713,9.664936113522748e+33
696.1606738835324,9.689269652697434e+33
696.066181972582,9.647629207280687e+33
695.9717157094735,9.653939142456954e+33
695.8772750837663,9.475573090132464e+33
695.7828600850247,9.45116989258548e+33
695.6884707028192,9.556439811061249e+33
695.5941069267261,9.479816972643772e+33
695.4997687463269,9.416597364991836e+33
695.405456151209,9.360337877217461e+33
695.3111691309654,9.301975951102136e+33
695.2169076751946,9.300222173441022e+33
695.1226717735012,9.348658397684674e+33
695.0284614154949,9.268320511302714e+33
694.9342765907915,9.257578229248158e+33
694.8401172890118,9.25779572628246e+33
694.7459834997829,9.141188577606761e+33
694.6518752127372,9.121679112094637e+33
694.5577924175127,9.145124118769389e+33
694.4637351037529,9.129398829229708e+33
694.3697032611072,9.079520387227133e+33
694.2756968792307,9.060858096042606e+33
694.1817159477838,8.938392412552983e+33
694.0877604564321,8.975079569420713e+33
693.9938303948478,8.966309804945763e+33
693.899925752708,8.894085537117601e+33
693.8060465196954,8.963813046524315e+33
693.7121926854987,8.878710074747652e+33
693.6183642398116,8.800299609813773e+33
693.524561172334,8.748038472309141e+33
693.4307834727707,8.832126571663962e+33
693.3370311308328,8.877737330973208e+33
693.2433041362361,8.780739173253142e+33
693.1496024787031,8.818543709475657e+33
693.0559261479605,8.721357770948593e+33
692.9622751337417,8.773583881573458e+33
692.8686494257852,8.687412246693882e+33
692.7750490138347,8.667988398301154e+33
692.6814738876402,8.635674804811005e+33
692.5879240369565,8.54545106311965e+33
692.4943994515445,8.550890615370147e+33
692.4009001211701,8.580311332385429e+33
692.3074260356053,8.450131856694509e+33
692.2139771846273,8.453373535697571e+33
692.1205535580187,8.45003276734177e+33
692.0271551455679,8.405013977374383e+33
691.9337819370686,8.392775422322427e+33
691.8404339223201,8.408561826962348e+33
691.7471110911274,8.415510224345439e+33
691.6538134333003,8.459995234311742e+33
691.5605409386552,8.384184349800507e+33
691.4672935970129,8.419054556549176e+33
691.3740713982003,8.344881950324539e+33
691.2808743320498,8.423625579215819e+33
691.1877023883992,8.297661615717674e+33
691.0945555570913,8.289527825206328e+33
691.0014338279752,8.27601220581665e+33
690.908337190905,8.253602492224441e+33
690.81526563574,8.396094631512282e+33
690.7222191523458,8.268483088891704e+33
690.6291977305924,8.347905318841865e+33
690.5362013603564,8.3329412295144e+33
690.4432300315187,8.191990551542338e+33
690.3502837339666,8.207636871567139e+33
690.2573624575923,8.232323043939892e+33
690.1644661922937,8.116377002470806e+33
690.0715949279737,8.2012778268735e+33
689.9787486545414,8.197999422981298e+33
689.8859273619107,8.113764559750001e+33
689.7931310400012,8.117481311534222e+33
689.7003596787376,8.13611786065051e+33
689.6076132680505,8.106061777977598e+33
689.5148917978756,8.134540648102234e+33
689.4221952581541,8.050898103681562e+33
689.3295236388327,8.085650087307168e+33
689.2368769298632,8.10076722114438e+33
689.1442551212033,8.070958886479654e+33
689.0516582028155,8.001030659286645e+33
688.9590861646682,7.985275654674185e+33
688.8665389967348,7.995441979240889e+33
688.7740166889945,7.896149987291322e+33
688.6815192314315,7.768309401422766e+33
688.5890466140355,7.772975207181215e+33
688.4965988268019,7.829601662037751e+33
688.4041758597308,7.783881321173006e+33
688.3117777028283,7.641354408398155e+33
688.2194043461055,7.684629262799449e+33
688.1270557795792,7.664892277678923e+33
688.0347319932711,7.609966994810541e+33
687.9424329772086,7.643657228395746e+33
687.8501587214241,7.572431142557024e+33
687.757909215956,7.460820615561165e+33
687.6656844508474,7.491023226506913e+33
687.573484416147,7.423601542256861e+33
687.4813091019088,7.477429017927175e+33
687.3891584981923,7.544937728430208e+33
687.2970325950618,7.530920659771053e+33
687.2049313825877,7.550100936532644e+33
687.1128548508451,7.455843598099188e+33
687.0208029899146,7.439224206714237e+33
686.9287757898823,7.370225366645977e+33
686.8367732408394,7.323638932185714e+33
686.7447953328824,7.240790912939598e+33
686.6528420561133,7.249287378907956e+33
686.5609134006392,7.252527358506323e+33
686.4690093565727,7.241497464129252e+33
686.3771299140313,7.272020631313039e+33
686.2852750631383,7.174091882970873e+33
686.1934447940218,7.15955391310377e+33
686.1016390968158,7.099851679282029e+33
686.009857961659,7.095644071443116e+33
685.9181013786954,7.065812786062911e+33
685.8263693380746,7.061842591933909e+33
685.7346618299515,6.995201700055654e+33
685.6429788444858,6.979645136083279e+33
685.5513203718431,6.964081393959064e+33
685.4596864021935,6.878607356504488e+33
685.368076925713,6.887557006244217e+33
685.2764919325825,6.888062955506397e+33
685.1849314129884,6.815724736186376e+33
685.0933953571222,6.831801971793581e+33
685.0018837551803,6.82249265101697e+33
684.9103965973652,6.765346205244191e+33
684.8189338738838,6.669214830979981e+33
684.7274955749486,6.690183008048362e+33
684.6360816907774,6.767269290063265e+33
684.5446922115927,6.718397513107412e+33
684.4533271276232,6.745653056989314e+33
684.3619864291018,6.683680672130031e+33
684.2706701062673,6.704770223937891e+33
684.1793781493632,6.66991197537817e+33
684.0881105486386,6.71477647638831e+33
683.9968672943479,6.706006512966321e+33
683.9056483767499,6.640650153128974e+33
683.8144537861097,6.646810531032949e+33
683.7232835126969,6.67503106077127e+33
683.6321375467861,6.595793078914871e+33
683.5410158786578,6.607522592264299e+33
683.4499184985972,6.562277359573217e+33
683.3588453968948,6.557505641223378e+33
683.2677965638463,6.543996409421943e+33
683.1767719897524,6.549030839699818e+33
683.0857716649192,6.470080190019476e+33
682.9947955796578,6.519798988684061e+33
682.9038437242843,6.469084045537314e+33
682.8129160891208,6.491634222531407e+33
682.7220126644934,6.562147719737593e+33
682.631133440734,6.511012993372467e+33
682.5402784081797,6.511427853797612e+33
682.4494475571722,6.495817597254934e+33
682.3586408780591,6.492388404844898e+33
682.2678583611927,6.423711087525026e+33
682.1770999969302,6.380250316577028e+33
682.0863657756346,6.381409104913739e+33
681.9956556876732,6.307341542700004e+33
681.9049697234193,6.331447215796527e+33
681.8143078732508,6.270100546317366e+33
681.7236701275505,6.213168502497929e+33
681.6330564767069,6.213524133085088e+33
681.5424669111133,6.112926083429469e+33
681.4519014211679,6.11496404812428e+33
681.3613599972746,6.190443799974196e+33
681.2708426298417,6.059262085148382e+33
681.1803493092831,6.020873214404719e+33
681.0898800260177,6.065685308894123e+33
680.9994347704692,6.046939675152243e+33
680.9090135330666,6.010924518378094e+33
680.8186163042443,6.00112172359129e+33
680.7282430744411,5.992934284890589e+33
680.6378938341013,5.989946156880272e+33
680.5475685736743,5.968919193088603e+33
680.4572672836146,5.990251453214456e+33
680.3669899543814,6.017774098249955e+33
680.2767365764394,6.00984004291783e+33
680.1865071402578,6.009671576676908e+33
680.0963016363116,6.032693041003077e+33
680.0061200550805,6.024566312539999e+33
679.915962387049,6.023028748576028e+33
679.8258286227068,6.051446510154972e+33
679.735718752549,6.021138211577886e+33
679.6456327670752,6.043483222540409e+33
679.5555706567906,6.067663166646534e+33
679.4655324122047,6.017472923575753e+33
679.3755180238326,6.084052958690742e+33
679.2855274821942,6.087175564688119e+33
679.1955607778148,6.104945579880529e+33
679.105617901224,6.050540190457755e+33
679.0156988429574,6.056638259017879e+33
678.9258035935543,6.07412922865552e+33
678.8359321435603,6.011604586762227e+33
678.7460844835251,6.002560614628381e+33
678.6562606040042,6.040620608445409e+33
678.5664604955571,6.031527966973333e+33
678.4766841487492,5.94062663875269e+33
678.3869315541506,6.017104038963621e+33
678.297202702336,5.918649468209251e+33
678.2074975838858,5.933425583017174e+33
678.1178161893847,5.924434517779654e+33
678.0281585094228,5.851959670232971e+33
677.9385245345952,5.837646430810194e+33
677.8489142555015,5.758107137386403e+33
677.759327662747,5.844701731332607e+33
677.6697647469412,5.771582063070513e+33
677.5802254986991,5.801975649435108e+33
677.4907099086404,5.770924481649064e+33
677.4012179673899,5.732766853250364e+33
677.3117496655774,5.769500507227771e+33
677.2223049938374,5.744575170371317e+33
677.1328839428094,5.674363913631774e+33
677.0434865031381,5.737336241739846e+33
676.954112665473,5.703371493870058e+33
676.8647624204684,5.717320508147794e+33
676.7754357587837,5.706989074903956e+33
676.6861326710831,5.643343628094693e+33
676.596853148036,5.642880121594293e+33
676.5075971803163,5.62861523517016e+33
676.4183647586033,5.637566804505297e+33
676.3291558735806,5.625279028684403e+33
676.2399705159373,5.590988577196884e+33
676.1508086763672,5.598488280035044e+33
676.0616703455689,5.552559291927295e+33
675.9725555142461,5.51230924413908e+33
675.8834641731073,5.464167494372053e+33
675.7943963128658,5.5134578405522e+33
675.70535192424,5.474028269216417e+33
675.6163309979529,5.454810420682679e+33
675.5273335247327,5.471229064837908e+33
675.4383594953125,5.46002896296125e+33
675.3494089004299,5.38751064780975e+33
675.2604817308277,5.343207803464384e+33
675.1715779772536,5.289634922876532e+33
675.0826976304597,5.316371398827385e+33
674.9938406812038,5.247846813758527e+33
674.9050071202478,5.253653730209007e+33
674.816196938359,5.115775673139812e+33
674.727410126309,5.1031164584789064e+33
674.6386466748747,5.08188402822997e+33
674.5499065748379,5.0228212515705246e+33
674.4611898169849,4.9559221827713337e+33
674.3724963921071,4.9645927738995914e+33
674.2838262910008,4.9092453624205704e+33
674.1951795044665,4.8227868173761606e+33
674.1065560233105,4.7571694791223103e+33
674.0179558383436,4.6702869870664496e+33
673.9293789403808,4.5937380740940945e+33
673.8408253202429,4.53188375145888e+33
673.7522949687548,4.56079337725764e+33
673.6637878767466,4.517395221837724e+33
673.5753040350528,4.5185812481714175e+33
673.4868434345135,4.46404268236794e+33
673.3984060659728,4.4671474574902076e+33
673.3099919202801,4.454869992174817e+33
673.2216009882893,4.427456234664079e+33
673.1332332608594,4.377711815155187e+33
673.0448887288537,4.3703628227903197e+33
672.9565673831412,4.3885885209198576e+33
672.8682692145946,4.364177902446851e+33
672.7799942140921,4.395034719404459e+33
672.6917423725165,4.3732927815897364e+33
672.6035136807554,4.398079291942432e+33
672.5153081297012,4.397312229271239e+33
672.4271257102512,4.4107867781807906e+33
672.3389664133069,4.389968316454522e+33
672.2508302297754,4.3886133451257754e+33
672.1627171505678,4.390645307840719e+33
672.0746271666005,4.4091121490886206e+33
671.9865602687946,4.4276232070356956e+33
671.8985164480757,4.3819237278850745e+33
671.8104956953742,4.433257988206589e+33
671.7224980016256,4.415971634262585e+33
671.6345233577697,4.3975483771897614e+33
671.5465717547513,4.4353220035458216e+33
671.4586431835197,4.4539067043207006e+33
671.3707376350294,4.438868838382262e+33
671.2828551002393,4.3790107360439486e+33
671.1949955701131,4.343195468837659e+33
671.107159035619,4.331681457701237e+33
671.0193454877304,4.30572755741197e+33
670.9315549174252,4.306755843346358e+33
670.8437873156856,4.249122409759825e+33
670.7560426734995,4.2708853077373746e+33
670.6683209818585,4.2379527907611377e+33
670.5806222317594,4.251359018571034e+33
670.4929464142037,4.2244155916302723e+33
670.4052935201977,4.213193552343277e+33
670.317663540752,4.196920190096072e+33
670.2300564668823,4.1454319072009634e+33
670.1424722896088,4.185381525688969e+33
670.0549109999564,4.135971140707203e+33
669.9673725889548,4.097094273722958e+33
669.8798570476386,4.067148781076873e+33
669.7923643670462,3.978345260606182e+33
669.7048945382218,3.9194132749952394e+33
669.6174475522134,3.884075140592692e+33
669.5300234000742,3.8394985226396897e+33
669.4426220728622,3.803877021577434e+33
669.3552435616392,3.7147881866067406e+33
669.2678878574727,3.685525472696443e+33
669.1805549514343,3.6550744813446347e+33
669.0932448346002,3.614774366337944e+33
669.0059574980515,3.6088693537214926e+33
668.918692932874,3.566296376348101e+33
668.8314511301579,3.60941732942744e+33
668.7442320809982,3.601232142764451e+33
668.6570357764948,3.576108155390713e+33
668.5698622077515,3.576356740926036e+33
668.4827113658773,3.544425141149832e+33
668.395583241986,3.5297852795506827e+33
668.3084778271955,3.570114606558355e+33
668.2213951126287,3.496820625848861e+33
668.1343350894131,3.493205082430248e+33
668.0472977486806,3.4493173403087984e+33
667.960283081568,3.467907084225719e+33
667.8732910792165,3.467309934396998e+33
667.786321732772,3.4657355698878375e+33
667.699375033385,3.464408589562966e+33
667.6124509722107,3.4504658826212186e+33
667.5255495404086,3.4914390470277244e+33
667.4386707291434,3.4816611551409176e+33
667.3518145295837,3.469417507955661e+33
667.2649809329032,3.4873393519242646e+33
667.17816993028,3.4775334619077894e+33
667.0913815128965,3.4901206174104126e+33
667.0046156719404,3.464671937686037e+33
666.9178723986035,3.444435140243539e+33
666.8311516840821,3.453314697159164e+33
666.7444535195773,3.428531670603069e+33
666.6577778962948,3.423422820698258e+33
666.5711248054446,3.433368800170741e+33
666.4844942382416,3.436013527885029e+33
666.3978861859051,3.4363601859459145e+33
666.3113006396588,3.398258475949906e+33
666.2247375907315,3.3853845635051606e+33
666.138197030356,3.407082341061622e+33
666.0516789497698,3.396523196099817e+33
665.9651833402149,3.393306709191538e+33
665.8787101929383,3.3797592719983755e+33
665.7922594991911,3.378909060788711e+33
665.7058312502289,3.377607933492219e+33
665.619425437312,3.381862155588511e+33
665.5330420517053,3.38227177320883e+33
665.4466810846782,3.374693938062426e+33
665.3603425275044,3.3674030253473274e+33
665.2740263714625,3.31455637370113e+33
665.1877326078352,3.2688047087302513e+33
665.1014612279104,3.212295151202129e+33
665.0152122229797,3.1654272969774904e+33
664.9289855843396,3.091668847037048e+33
664.8427813032913,3.0595552116125337e+33
664.7565993711403,3.054646370406875e+33
664.6704397791965,3.042731189459255e+33
664.5843025187745,3.0345898652331964e+33
664.4981875811933,3.003337763348819e+33
664.4120949577766,3.0015605143532357e+33
664.3260246398523,2.97467336592489e+33
664.2399766187528,2.966638230847571e+33
664.1539508858153,2.977555487966477e+33
664.0679474323813,2.932576356974741e+33
663.9819662497966,2.9535140806867524e+33
663.8960073294119,2.94904232641285e+33
663.810070662582,2.932222104148087e+33
663.7241562406664,2.917935660249732e+33
663.6382640550289,2.9047783876989097e+33
663.552394097038,2.9096563437656754e+33
663.4665463580662,2.874992296532553e+33
663.3807208294912,2.8871469457133774e+33
663.2949175026947,2.892609514657465e+33
663.2091363690625,2.8914959184054475e+33
663.123377419986,2.88154563557721e+33
663.0376406468595,2.9086702762718434e+33
662.9519260410831,2.910758276595853e+33
662.8662335940608,2.8945776558039505e+33
662.7805632972008,2.910181155216095e+33
662.6949151419162,2.893844277432338e+33
662.6092891196242,2.8952472305740763e+33
662.5236852217466,2.918921517180063e+33
662.4381034397098,2.898524552393255e+33
662.3525437649444,2.8949733754253083e+33
662.2670061888851,2.9002421310024746e+33
662.1814907029718,2.923280007967793e+33
662.0959972986484,2.901854918188119e+33
662.0105259673629,2.9013907489900135e+33
661.9250767005682,2.885188950386513e+33
661.8396494897216,2.8799335704524437e+33
661.7542443262846,2.8620443347114576e+33
661.6688612017231,2.9072560461179305e+33
661.5835001075073,2.813086946803505e+33
661.4981610351124,2.720902749148583e+33
661.4128439760173,2.643529362775957e+33
661.3275489217054,2.5546289378938807e+33
661.2422758636651,2.5006340854540461e+33
661.1570247933885,2.4711142178147846e+33
661.0717957023724,2.4675461368185903e+33
660.9865885821176,2.449443754132665e+33
660.9014034241301,2.4476404128328395e+33
660.8162402199196,2.4336033121843394e+33
660.7310989610004,2.4234802302355938e+33
660.6459796388909,2.430062176690985e+33
660.5608822451144,2.4081637851236454e+33
660.475806771198,2.386804372137258e+33
660.3907532086737,2.3894113635846806e+33
660.3057215490772,2.3509691756063624e+33
660.2207117839494,2.3285978090048958e+33
660.1357239048348,2.3308330923221923e+33
660.0507579032828,2.2907997590165934e+33
659.9658137708466,2.281549171787623e+33
659.8808914990844,2.2411912875619193e+33
659.7959910795582,2.2426989582594628e+33
659.7111125038347,2.2029352900277738e+33
659.6262557634844,2.1929922150487545e+33
659.541420850083,2.165236339865071e+33
659.4566077552097,2.1353574453495302e+33
659.3718164704487,2.0981924477843987e+33
659.2870469873878,2.0903306498143367e+33
659.20229929762,2.0518000856102398e+33
659.1175733927419,2.0360406902398877e+33
659.0328692643545,1.9977898711636716e+33
658.9481869040637,1.9851666649580032e+33
658.8635263034791,1.966385288218637e+33
658.7788874542149,1.9310373678870184e+33
658.6942703478893,1.9419539139686633e+33
658.6096749761255,1.9398596337616797e+33
658.52510133055,1.9277064424303292e+33
658.4405494027944,1.923324936161377e+33
658.3560191844944,1.903903528911216e+33
658.2715106672898,1.89209131613452e+33
658.1870238428249,1.8752743520804857e+33
658.1025587027482,1.8782753187937685e+33
658.0181152387125,1.85873735448935e+33
657.9336934423749,1.8423825031238208e+33
657.8492933053966,1.8282041065091967e+33
657.7649148194436,1.810699475150197e+33
657.6805579761854,1.808836737897879e+33
657.5962227672965,1.7906919400955769e+33
657.511909184455,1.7731706757755597e+33
657.4276172193441,1.7634553635317535e+33
657.3433468636506,1.7459955757355224e+33
657.2590981090656,1.7379021446538638e+33
657.1748709472847,1.7268071397525283e+33
657.0906653700079,1.714074336581026e+33
657.0064813689387,1.6977445658021086e+33
656.9223189357858,1.683288739073454e+33
656.8381780622617,1.6613261642630125e+33
656.754058740083,1.641263698552961e+33
656.6699609609708,1.616815436265129e+33
656.5858847166504,1.609730471347666e+33
656.5018299988512,1.5853391935343306e+33
656.4177967993069,1.5570936401898826e+33
656.3337851097555,1.5526922432942283e+33
656.2497949219392,1.5285077244958127e+33
656.1658262276043,1.4786588816870654e+33
656.0818790185016,1.4505824479296922e+33
655.9979532863858,1.4185310905625805e+33
655.914049023016,1.38745153586125e+33
655.8301662201557,1.3366704131731144e+33
655.746304869572,1.2881835802213864e+33
655.6624649630371,1.2263614917560742e+33
655.5786464923265,1.1673966029300817e+33
655.4948494492205,1.15632977650985e+33
655.4110738255034,1.1530781348987702e+33
655.3273196129637,1.151058358513509e+33
655.2435868033942,1.1425971365170936e+33
655.1598753885917,1.1332163417319095e+33
655.0761853603575,1.1266803467398835e+33
654.9925167104966,1.1134561840064703e+33
654.9088694308188,1.1081987607213032e+33
654.8252435131375,1.0966135446686665e+33
654.7416389492706,1.0944083408097168e+33
654.6580557310403,1.0753019165829693e+33
654.5744938502726,1.0655668945021762e+33
654.4909532987981,1.0647300264894682e+33
654.4074340684512,1.0485322001143943e+33
654.3239361510704,1.0451364432292481e+33
654.2404595384988,1.0304429808018612e+33
654.1570042225834,1.0178910238823326e+33
654.0735701951755,1.0083131623226755e+33
653.9901574481304,1.003498444176251e+33
653.9067659733075,9.932996942597282e+32
653.8233957625706,9.730242404913092e+32
653.7400468077874,9.612677752968382e+32
653.6567191008298,9.547782339844453e+32
653.5734126335741,9.507226112142038e+32
653.4901273979003,9.366546794225589e+32
653.406863385693,9.197333702127238e+32
653.3236205888406,8.999869877887475e+32
653.2403989992357,8.741494447678141e+32
653.1571986087752,8.415172199279794e+32
653.07401940936,8.177399388073232e+32
652.9908613928949,7.967653342194827e+32
652.9077245512891,7.738988883871264e+32
652.8246088764563,7.618533217407078e+32
652.7415143603133,7.538555570315147e+32
652.6584409947819,7.447200283363648e+32
652.5753887717879,7.337670013212716e+32
652.4923576832606,7.285410312645862e+32
652.4093477211342,7.157804059094026e+32
652.3263588773464,7.009005666465404e+32
652.2433911438393,6.923286551691558e+32
652.160444512559,6.808380945556588e+32
652.0775189754557,6.684231529985345e+32
651.994614524484,6.600599264442764e+32
651.9117311516021,6.507169319372013e+32
651.8288688487725,6.439807606298348e+32
651.7460276079618,6.087218489742497e+32
651.6632074211406,5.955429905485147e+32
651.5804082802838,5.914250137071239e+32
651.4976301773703,5.903073006819644e+32
651.4148731043828,5.915881527639986e+32
651.3321370533083,5.868874108344567e+32
651.2494220161379,5.908865294010382e+32
651.1667279848668,5.885220225626098e+32
651.0840549514943,5.8614941098104936e+32
651.0014029080234,5.877785465724987e+32
650.9187718464613,5.867750149927907e+32
650.8361617588197,5.850137228642873e+32
650.7535726371137,5.83488892985863e+32
650.6710044733632,5.738290122579497e+32
650.5884572595913,5.615485091691326e+32
650.5059309878258,5.504367808007576e+32
650.4234256500982,5.3745634881338635e+32
650.3409412384443,5.241163792677542e+32
650.2584777449036,5.118878393213465e+32
650.1760351615201,4.938106854004693e+32
650.0936134803412,4.813835731879369e+32
650.011212693419,4.72306496484861e+32
649.9288327928092,4.696131323075115e+32
649.8464737705717,4.630699180983005e+32
649.7641356187704,4.595163189751916e+32
649.6818183294732,4.5786916690550825e+32
649.5995218947519,4.6126520534297224e+32
649.5172463066825,4.6007527322031655e+32
649.4349915573451,4.61677339627259e+32
649.3527576388235,4.589593598299304e+32
649.2705445432057,4.603023377061218e+32
649.1883522625836,4.602510933962242e+32
649.1061807890535,4.604701835018106e+32
649.0240301147151,4.614116374889879e+32
648.9419002316722,4.632449840602665e+32
648.8597911320333,4.633479029150556e+32
648.7777028079099,4.621879361940239e+32
648.6956352514183,4.552038560498047e+32
648.6135884546782,4.5024033166513e+32
648.5315624098137,4.497208818965032e+32
648.4495571089525,4.449851637279747e+32
648.3675725442268,4.4193746079388134e+32
648.2856087077723,4.394843368872818e+32
648.2036655917288,4.369065354969288e+32
648.1217431882404,4.337490623141702e+32
648.0398414894547,4.333522895869386e+32
647.9579604875236,4.284003723633317e+32
647.8761001746026,4.285358097012639e+32
647.7942605428516,4.240457372109809e+32
647.7124415844341,4.227838798695023e+32
647.630643291518,4.2089314394384966e+32
647.5488656562746,4.188438300701563e+32
647.4671086708796,4.158673433604683e+32
647.3853723275123,4.133501845304075e+32
647.3036566183563,4.116459430173487e+32
647.2219615355989,4.1068466680629174e+32
647.1402870714313,4.070228957088962e+32
647.0586332180491,4.0875922071720716e+32
646.9769999676512,4.087429943075901e+32
646.8953873124408,4.088528793759785e+32
646.8137952446249,4.080472337158185e+32
646.7322237564148,4.091262333605971e+32
646.6506728400251,4.099562762902391e+32
646.5691424876748,4.080799171989883e+32
646.4876326915867,4.09110565065815e+32
646.4061434439873,4.105275755849178e+32
646.3246747371074,4.117573979541351e+32
646.2432265631816,4.0990593102821696e+32
646.1617989144482,4.113422029123927e+32
646.0803917831496,4.1208053615887256e+32
645.9990051615321,4.124230200470884e+32
645.9176390418457,4.147777723350423e+32
645.8362934163448,4.128610538427779e+32
645.7549682772872,4.163695034368461e+32
645.6736636169347,4.1777150304911044e+32
645.5923794275533,4.166082097274647e+32
645.5111157014123,4.191570863908003e+32
645.4298724307857,4.189427470539539e+32
645.3486496079507,4.187574152175895e+32
645.2674472251887,4.180840834620868e+32
645.1862652747848,4.208993218750262e+32
645.1051037490283,4.226581667290106e+32
645.0239626402122,4.230774674138796e+32
644.942841940633,4.223128789233855e+32
644.8617416425918,4.247535276308194e+32
644.7806617383932,4.245013934815398e+32
644.6996022203455,4.2631351839405676e+32
644.6185630807611,4.2901968045817355e+32
644.5375443119561,4.3155082917681734e+32
644.4565459062509,4.3085260263938515e+32
644.3755678559693,4.324774527008481e+32
644.2946101534387,4.32021115816223e+32
644.2136727909913,4.361451551639424e+32
644.1327557609624,4.336562296052776e+32
644.0518590556911,4.257140418063864e+32
643.9709826675211,4.226244266273249e+32
643.8901265887989,4.17868431614323e+32
643.8092908118757,4.142616942821493e+32
643.7284753291062,4.096578514304909e+32
643.6476801328489,4.044338907591927e+32
643.5669052154662,3.986332111692264e+32
643.4861505693244,3.938671603458228e+32
643.4054161867934,3.904050174764571e+32
643.3247020602473,3.852292940476194e+32
643.2440081820638,3.8219389230804014e+32
643.1633345446244,3.791922571388064e+32
643.0826811403142,3.774590615662473e+32
643.0020479615227,3.748560777667771e+32
642.9214350006429,3.734244588583602e+32
642.8408422500715,3.7269564195399486e+32
642.7602697022093,3.7577729762585724e+32
642.6797173494604,3.766721217695403e+32
642.5991851842332,3.772200071179623e+32
642.51867319894,3.794547927345748e+32
642.4381813859961,3.800374290015213e+32
642.3577097378217,3.8032522452475985e+32
642.27725824684,3.8245684271754685e+32
642.1968269054784,3.835231221566902e+32
642.1164157061676,3.8365878459877445e+32
642.0360246413427,3.852862968912296e+32
641.9556537034422,3.857152188224043e+32
641.8753028849086,3.8770922801333445e+32
641.794972178188,3.8942245419922965e+32
641.7146615757304,3.885472631202919e+32
641.6343710699895,3.896266679906226e+32
641.5541006534229,3.898941915847469e+32
641.4738503184917,3.924469259142699e+32
641.3936200576613,3.956959813878456e+32
641.3134098634002,3.9637473498715896e+32
641.2332197281812,3.983827342300601e+32
641.1530496444807,3.9656939121798315e+32
641.0728996047785,3.9995978128939834e+32
640.9927696015588,4.0071133557498585e+32
640.9126596273094,4.0265385953379434e+32
640.8325696745211,4.038555998177105e+32
640.7524997356896,4.060632771756057e+32
640.6724498033136,4.0614372724288675e+32
640.5924198698957,4.115236558222863e+32
640.5124099279424,4.121707617939217e+32
640.4324199699637,4.0980810534072666e+32
640.3524499884737,4.063724476860185e+32
640.2724999759898,3.973507834743485e+32
640.1925699250334,3.918332441173058e+32
640.1126598281297,3.8610476013832926e+32
640.0327696778076,3.818333572007321e+32
639.9528994665993,3.8129489033873155e+32
639.8730491870413,3.78334551743229e+32
639.7932188316737,3.765660122087899e+32
639.71340839304,3.734258651430552e+32
639.6336178636876,3.728760007905937e+32
639.553847236168,3.708694591410249e+32
639.4740965030359,3.685707617911433e+32
639.3943656568498,3.644214833086192e+32
639.3146546901721,3.642141661688718e+32
639.2349635955688,3.6484201351107796e+32
639.1552923656096,3.581843826716322e+32
639.075640992868,3.578329647896182e+32
638.9960094699209,3.571871283108033e+32
638.9163977893493,3.5305633292119775e+32
638.8368059437377,3.545925011311841e+32
638.7572339256742,3.5235298694897286e+32
638.6776817277508,3.483986716442146e+32
638.5981493425631,3.452163757204923e+32
638.5186367627106,3.477146174624134e+32
638.4391439807957,3.432683956323015e+32
638.3596709894256,3.448325554402254e+32
638.2802177812104,3.4509614757098816e+32
638.2007843487639,3.437103235058738e+32
638.1213706847042,3.449175316890306e+32
638.0419767816525,3.4114480220965215e+32
637.9626026322336,3.428987136401136e+32
637.8832482290766,3.4192540053547726e+32
637.8039135648137,3.449015560252117e+32
637.7245986320806,3.428208622063192e+32
637.6453034235177,3.4166961013563196e+32
637.5660279317677,3.461452746025599e+32
637.4867721494779,3.435881849981637e+32
637.407536069299,3.436049612327536e+32
637.3283196838851,3.423960645429074e+32
637.2491229858945,3.435586480337457e+32
637.1699459679885,3.4337144825724916e+32
637.0907886228327,3.436957502611227e+32
637.0116509430958,3.434246045393161e+32
636.9325329214503,3.4634252429761286e+32
636.8534345505726,3.471560134985723e+32
636.7743558231423,3.462047032099446e+32
636.6952967318431,3.465503409123092e+32
636.6162572693619,3.491061459039989e+32
636.5372374283896,3.4801498130967444e+32
636.4582372016205,3.446687993370233e+32
636.3792565817525,3.484018897033085e+32
636.3002955614872,3.4587473166455794e+32
636.2213541335302,3.508440409870741e+32
636.1424322905899,3.4478037709025524e+32
636.063530025379,3.4999878130733694e+32
635.9846473306135,3.473954905603624e+32
635.905784199013,3.512576707884815e+32
635.8269406233012,3.471335509490172e+32
635.7481165962047,3.493217071609679e+32
635.669312110454,3.501378525753573e+32
635.5905271587833,3.497734843512643e+32
635.5117617339304,3.531537881414764e+32
635.4330158286365,3.512347294881572e+32
635.3542894356466,3.556549478899534e+32
635.2755825477093,3.533163675598585e+32
635.1968951575765,3.58312723257163e+32
635.1182272580041,3.563469729686242e+32
635.0395788417513,3.573911304755774e+32
634.960949901581,3.580472430207628e+32
634.8823404302598,3.5910095512304714e+32
634.8037504205575,3.596330955781541e+32
634.7251798652478,3.623784801032186e+32
634.646628757108,3.582330334328469e+32
634.5680970889189,3.643478785272323e+32
634.4895848534646,3.625120124524067e+32
634.4110920435334,3.637487195656542e+32
634.3326186519163,3.663806925378453e+32
634.2541646714088,3.6798481597474466e+32
634.1757300948093,3.672751959778959e+32
634.0973149149199,3.67834540926369e+32
634.0189191245466,3.7246563882352945e+32
633.9405427164986,3.718492538234254e+32
633.8621856835887,3.754674823040892e+32
633.7838480186333,3.759368700371414e+32
633.7055297144524,3.724185803588421e+32
633.6272307638694,3.753752792153835e+32
633.5489511597114,3.725513107471682e+32
633.4706908948091,3.741761801589004e+32
633.3924499619965,3.714499167133225e+32
633.3142283541114,3.698821299983211e+32
633.2360260639948,3.7108498548127285e+32
633.1578430844917,3.705223981034982e+32
633.0796794084504,3.708812623560017e+32
633.0015350287224,3.687990174059635e+32
632.9234099381634,3.683362988908274e+32
632.845304129632,3.703573310858047e+32
632.7672175959908,3.6876868007262505e+32
632.6891503301056,3.698098090220257e+32
632.6111023248458,3.7102123526067156e+32
632.5330735730844,3.68807614090094e+32
632.455064067698,3.7314193002464474e+32
632.3770738015664,3.686779505476843e+32
632.2991027675732,3.694005336880844e+32
632.2211509586053,3.707752729243308e+32
632.1432183675535,3.6787364374102004e+32
632.0653049873113,3.6943693931434735e+32
631.9874108107766,3.65293398927474e+32
631.9095358308505,3.65993121788533e+32
631.8316800404373,3.673435060055952e+32
631.753843432445,3.6383112222004205e+32
631.6760259997853,3.647608895252734e+32
631.5982277353729,3.66099324942047e+32
631.5204486321268,3.6422555701752084e+32
631.4426886829684,3.670037353345481e+32
631.3649478808236,3.677144311900651e+32
631.2872262186211,3.6308776997339946e+32
631.2095236892934,3.667111365996214e+32
631.1318402857764,3.657963162722363e+32
631.0541760010096,3.685038043796493e+32
630.9765308279359,3.6783239078919716e+32
630.8989047595013,3.696290255682711e+32
630.8212977886559,3.696677628362591e+32
630.743709908353,3.69825503103843e+32
630.6661411115491,3.721470696959552e+32
630.5885913912045,3.73849061335757e+32
630.511060740283,3.7057675009278395e+32
630.4335491517517,3.7426940561056914e+32
630.3560566185811,3.745183664882546e+32
630.2785831337452,3.750232922209486e+32
630.2011286902215,3.761863405100976e+32
630.1236932809911,3.7580273204848606e+32
630.0462768990382,3.777850500993653e+32
629.9688795373509,3.803553713692755e+32
629.8915011889202,3.8023489038207796e+32
629.814141846741,3.798412276929681e+32
629.7368015038115,3.798881658118808e+32
629.6594801531331,3.810879636044826e+32
629.5821777877112,3.812197810029953e+32
629.5048944005539,3.790879507374719e+32
629.4276299846734,3.8161473595000106e+32
629.3503845330849,3.801735411552443e+32
629.2731580388073,3.8014063023121066e+32
629.1959504948626,3.797433431817314e+32
629.1187618942765,3.8254654676216605e+32
629.0415922300783,3.823056549795235e+32
628.9644414953,3.8294487982813095e+32
628.8873096829778,3.832223169950679e+32
628.8101967861511,3.8491623575690484e+32
628.7331027978623,3.863327695027737e+32
628.6560277111577,3.8415592174620116e+32
628.5789715190868,3.8368408290047916e+32
628.5019342147025,3.868360596817042e+32
628.4249157910613,3.8568102640091566e+32
628.3479162412228,3.833703345410687e+32
628.2709355582501,3.850063922499061e+32
628.1939737352101,3.8919390800715486e+32
628.1170307651721,3.876936536378916e+32
628.0401066412101,3.906805246256394e+32
627.9632013564005,3.902914695400443e+32
627.8863149038235,3.934352122714591e+32
627.8094472765627,3.928092832981107e+32
627.7325984677047,3.947261244041635e+32
627.6557684703401,3.9535398615426094e+32
627.5789572775625,3.938065725534947e+32
627.5021648824688,3.968472923875361e+32
627.4253912781596,4.0014374048695665e+32
627.3486364577386,4.05077929019654e+32
627.2719004143131,4.056857127552555e+32
627.1951831409934,4.055199521047554e+32
627.1184846308938,4.098561003140685e+32
627.0418048771312,4.072818047805787e+32
626.9651438728264,4.089393559841822e+32
626.8885016111035,4.098013931483519e+32
626.8118780850897,4.146441063504571e+32
626.7352732879159,4.14977013689189e+32
626.6586872127162,4.181911774478777e+32
626.5821198526279,4.187484468737895e+32
626.5055712007919,4.212505887961492e+32
626.4290412503524,4.218353677364766e+32
626.3525299944569,4.264884048376618e+32
626.276037426256,4.256268126056897e+32
626.1995635389042,4.308732576038307e+32
626.123108325559,4.2988085301999096e+32
626.0466717793811,4.319364423124955e+32
625.9702538935351,4.359116237740115e+32
625.893854661188,4.335263591162177e+32
625.8174740755112,4.3362475257076255e+32
625.7411121296786,4.348805251828385e+32
625.664768816868,4.3869655694296714e+32
625.58844413026,4.433832781017363e+32
625.5121380630392,4.4462319879128194e+32
625.4358506083928,4.430041076016648e+32
625.3595817595117,4.459065760807636e+32
625.2833315095903,4.4830911957809225e+32
625.2070998518259,4.4988087994176336e+32
625.1308867794195,4.486113262834172e+32
625.054692285575,4.517114504256056e+32
624.9785163635,4.559029152390477e+32
624.9023590064053,4.559693578971202e+32
624.8262202075048,4.5647156665636195e+32
624.750099960016,4.5769149721958226e+32
624.6739982571595,4.633846734707144e+32
624.5979150921595,4.619503865221652e+32
624.5218504582429,4.6323135913721714e+32
624.4458043486405,4.6686936116171805e+32
624.3697767565864,4.693203676301217e+32
624.2937676753173,4.6699710553853326e+32
624.2177770980741,4.700276384860029e+32
624.1418050181002,4.729860785476387e+32
624.0658514286428,4.7548006825965696e+32
623.9899163229522,4.758267234793489e+32
623.9139996942821,4.7960798413725076e+32
623.8381015358893,4.797937085664585e+32
623.7622218410341,4.796537865112136e+32
623.68636060298,4.8147661494286696e+32
623.6105178149934,4.8094325086608896e+32
623.5346934703447,4.817009008128488e+32
623.4588875623069,4.849924465979398e+32
623.3831000841567,4.8536298357438035e+32
623.307331029174,4.844973144376829e+32
623.2315803906415,4.881861836282749e+32
623.155848161846,4.8815981065577536e+32
623.080134336077,4.929383673894018e+32
623.0044389066271,4.923736556791806e+32
622.9287618667929,4.924516862852845e+32
622.8531032098736,4.938564736157822e+32
622.7774629291715,4.929398655183467e+32
622.701841017993,4.971352127143357e+32
622.626237469647,4.974180732665913e+32
622.5506522774459,4.963766547500099e+32
622.4750854347054,5.009641604875828e+32
622.3995369347444,5.00747292414188e+32
622.3240067708853,5.079891069665004e+32
622.2484949364529,5.048535762786566e+32
622.1730014247762,5.0640891383190334e+32
622.097526229187,5.098494511328821e+32
622.0220693430203,5.0991906768889624e+32
621.9466307596145,5.1406878047616586e+32
621.8712104723112,5.141174377265551e+32
621.795808474455,5.1337969231235e+32
621.7204247593943,5.132446253396708e+32
621.6450593204798,5.152804438676754e+32
621.5697121510664,5.137969089798757e+32
621.4943832445114,5.170198716506916e+32
621.419072594176,5.125252367250561e+32
621.3437801934243,5.147299755790249e+32
621.2685060356235,5.147758460771366e+32
621.1932501141442,5.185137720430139e+32
621.1180124223603,5.168489845464077e+32
621.0427929536486,5.154584302638648e+32
620.9675917013891,5.127434399786734e+32
620.8924086589655,5.1360354487094494e+32
620.8172438197644,5.114190648516377e+32
620.7420971771753,5.106981494286384e+32
620.6669687245915,5.0747380768660895e+32
620.591858455409,5.085782696447087e+32
620.5167663630272,5.0679926037109164e+32
620.4416924408487,5.0070524478535106e+32
620.3666366822792,5.041455386219672e+32
620.2915990807279,5.008112105155569e+32
620.2165796296067,5.034419434921019e+32
620.141578322331,4.963253118266377e+32
620.0665951523193,4.9721960773829946e+32
619.9916301129934,4.999722932095799e+32
619.9166831977783,4.9445050839114725e+32
619.8417544001018,4.929214409508316e+32
619.766843713395,4.9156161114469844e+32
619.6919511310927,4.895406135623797e+32
619.6170766466324,4.899393786371741e+32
619.5422202534547,4.859083813058498e+32
619.4673819450037,4.8180166389635074e+32
619.3925617147263,4.8047790079815266e+32
619.317759556073,4.784174407253723e+32
619.242975462497,4.830817495887698e+32
619.1682094274552,4.823846165951201e+32
619.0934614444069,4.8502588453907216e+32
619.0187315068154,4.805083129798005e+32
618.9440196081466,4.8245257700255585e+32
618.8693257418696,4.841718770764058e+32
618.794649901457,4.831992215112562e+32
618.7199920803841,4.8627753116818945e+32
618.6453522721298,4.861277881678874e+32
618.5707304701757,4.8584130748270716e+32
618.4961266680068,4.8538409341980975e+32
618.4215408591112,4.891245752844067e+32
618.3469730369802,4.869896402804381e+32
618.2724231951083,4.88815365197493e+32
618.1978913269927,4.879314867238675e+32
618.1233774261343,4.918394301484795e+32
618.0488814860366,4.9127011558400806e+32
617.974403500207,4.938311031930758e+32
617.8999434621552,4.955792949596278e+32
617.8255013653944,4.9333452187753265e+32
617.7510772034408,4.94240681272814e+32
617.6766709698142,4.971779030861288e+32
617.6022826580368,5.00164771460333e+32
617.5279122616342,5.036580991521993e+32
617.4535597741354,5.033934032510655e+32
617.3792251890724,5.0393662366938836e+32
617.3049084999799,5.065775694358286e+32
617.2306097003963,5.03824456698896e+32
617.1563287838627,5.093294735141616e+32
617.0820657439233,5.127203120021997e+32
617.0078205741257,5.1335644473133926e+32
616.9335932680207,5.1635824540662265e+32
616.8593838191615,5.1930917678094256e+32
616.7851922211051,5.188016687280019e+32
616.7110184674115,5.22231900949993e+32
616.6368625516434,5.228800803549793e+32
616.5627244673669,5.263922905298275e+32
616.4886042081512,5.262913354865e+32
616.4145017675686,5.309393683858652e+32
616.3404171391943,5.287774905181228e+32
616.2663503166069,5.313587313449695e+32
616.1923012933876,5.34329549330254e+32
616.1182700631214,5.3327071192976485e+32
616.0442566193956,5.3746149367273964e+32
615.9702609558011,5.355869388770858e+32
615.8962830659317,5.418422865703867e+32
615.8223229433844,5.420981524642379e+32
615.7483805817591,5.422699723079568e+32
615.6744559746588,5.453937218869111e+32
615.6005491156899,5.437529197720993e+32
615.5266599984612,5.4440120944512794e+32
615.4527886165853,5.5262355588336976e+32
615.3789349636772,5.4967010506279356e+32
615.3050990333558,5.530241392071286e+32
615.231280819242,5.529848023257562e+32
615.1574803149607,5.55085937055517e+32
615.0836975141393,5.5530157274189074e+32
615.0099324104085,5.6222236776488264e+32
614.9361849974018,5.609434629254927e+32
614.8624552687564,5.615612050147244e+32
614.7887432181118,5.623639634672269e+32
614.7150488391106,5.640316113814042e+32
614.6413721253991,5.676200184035511e+32
614.567713070626,5.706193457377263e+32
614.4940716684436,5.681351084098011e+32
614.4204479125066,5.7662470424040546e+32
614.346841796473,5.732072017419719e+32
614.2732533140043,5.748468742797444e+32
614.1996824587642,5.778219947779304e+32
614.1261292244201,5.807626201514784e+32
614.0525936046423,5.804638085965182e+32
613.9790755931037,5.8560485330854145e+32
613.905575183481,5.8452495031515074e+32
613.8320923694532,5.8900709589814844e+32
613.7586271447028,5.8866979363708446e+32
613.685179502915,5.913566607059366e+32
613.6117494377783,5.926386987720815e+32
613.5383369429838,5.926199023325111e+32
613.4649420122264,5.9604307934717204e+32
613.391564639203,5.973157863371154e+32
613.3182048176145,6.0022007184127215e+32
613.244862541164,6.00570054255781e+32
613.1715378035583,6.010090506134657e+32
613.0982305985066,6.0505237901201706e+32
613.0249409197213,6.049624562724589e+32
612.9516687609182,6.087327756489751e+32
612.8784141158156,6.085804489937555e+32
612.8051769781351,6.0963851992512424e+32
612.7319573416012,6.1323142266538306e+32
612.6587551999412,6.139655523649688e+32
612.5855705468858,6.152337299996662e+32
612.5124033761683,6.1702937643466444e+32
612.4392536815254,6.2180454995651765e+32
612.3661214566966,6.2099451083745914e+32
612.293006695424,6.21233096828587e+32
612.2199093914534,6.240945959972974e+32
612.1468295385331,6.2783924125057636e+32
612.0737671304146,6.2672920573351984e+32
612.0007221608522,6.285696263051809e+32
611.9276946236033,6.342890932476011e+32
611.8546845124283,6.344572813068568e+32
611.7816918210905,6.3745828006413355e+32
611.7087165433563,6.354077102874744e+32
611.635758672995,6.420654608335713e+32
611.5628182037789,6.4222382749868064e+32
611.4898951294831,6.4371368396777866e+32
611.4169894438857,6.450654894769226e+32
611.3441011407681,6.450859287759152e+32
611.2712302139144,6.503808073874203e+32
611.1983766571116,6.4896241579921205e+32
611.1255404641498,6.506173406375563e+32
611.0527216288222,6.55356290434672e+32
610.9799201449244,6.571449519675318e+32
610.9071360062557,6.551140704390957e+32
610.8343692066178,6.578808321766821e+32
610.7616197398156,6.610304501456748e+32
610.6888875996568,6.620773906360846e+32
610.6161727799523,6.648773952555684e+32
610.5434752745156,6.654320858169398e+32
610.4707950771635,6.67786609889305e+32
610.3981321817156,6.681464528435076e+32
610.3254865819943,6.726481943844531e+32
610.2528582718248,6.758658698121458e+32
610.1802472450362,6.76745924138499e+32
610.1076534954593,6.780826101644768e+32
610.0350770169285,6.793340884966492e+32
609.962517803281,6.810084427943123e+32
609.8899758483569,6.844257893839279e+32
609.8174511459995,6.866406848479911e+32
609.7449436900545,6.86602432672671e+32
609.672453474371,6.895210292478047e+32
609.5999804928007,6.916577092479567e+32
609.5275247391984,6.929169813293607e+32
609.4550862074219,6.940673831402505e+32
609.382664891332,6.96056314987461e+32
609.3102607847916,6.99230572470224e+32
609.2378738816677,7.004424061145057e+32
609.1655041758296,7.015443564720432e+32
609.0931516611492,7.052694828365306e+32
609.0208163315023,7.0520815338788e+32
608.9484981807664,7.079182137514505e+32
608.8761972028228,7.094287556934256e+32
608.8039133915553,7.128149375923346e+32
608.7316467408508,7.114654299803093e+32
608.659397244599,7.151519781620363e+32
608.5871648966923,7.183733886460251e+32
608.5149496910265,7.188889496025649e+32
608.4427516215,7.213645815132602e+32
608.3705706820139,7.233404065359908e+32
608.2984068664724,7.241295822491301e+32
608.2262601687828,7.272334044056718e+32
608.154130582855,7.279768953963556e+32
608.0820181026016,7.279489076065212e+32
608.0099227219388,7.317876430108451e+32
607.9378444347849,7.318396292590962e+32
607.8657832350617,7.36162709377147e+32
607.7937391166934,7.398268770601706e+32
607.7217120736073,7.388179650353262e+32
607.6497020997335,7.40464723036432e+32
607.5777091890052,7.425631441659866e+32
607.5057333353583,7.463546488916666e+32
607.4337745327316,7.481328701884243e+32
607.3618327750665,7.530110799619028e+32
607.2899080563079,7.572814036841592e+32
607.2180003704029,7.582567802272591e+32
607.146109711302,7.659425346938129e+32
607.0742360729581,7.680669993548858e+32
607.0023794493275,7.572351269644384e+32
606.9305398343687,7.433007086018572e+32
606.8587172220435,7.32357787610343e+32
606.7869116063166,7.215600746511913e+32
606.7151229811554,7.13470127856217e+32
606.6433513405301,7.026319475108662e+32
606.5715966784139,6.92017982479682e+32
606.4998589887828,6.817628355015773e+32
606.4281382656155,6.704062674586867e+32
606.3564345028939,6.618088827513416e+32
606.2847476946022,6.497186857939535e+32
606.2130778347281,6.4007355885812945e+32
606.1414249172617,6.283360453826789e+32
606.069788936196,6.175748301938867e+32
605.998169885527,6.0624920172069354e+32
605.9265677592533,5.9831395517488864e+32
605.8549825513766,5.88020586682755e+32
605.7834142559011,5.75515709820592e+32
605.7118628668343,5.661043163488295e+32
605.640328378186,5.5645819844987286e+32
605.5688107839693,5.439306621449175e+32
605.4973100781999,5.362287629429534e+32
605.4258262548964,5.287901779375313e+32
605.35435930808,5.2192009835988406e+32
605.282909231775,5.132398079353591e+32
605.2114760200083,5.0538192157832085e+32
605.1400596668099,4.9740339641455324e+32
605.0686601662125,4.914274958568751e+32
604.9972775122512,4.833550718326429e+32
604.9259116989647,4.736555033832023e+32
604.8545627203939,4.672174304738398e+32
604.7832305705828,4.597427008657252e+32
604.711915243578,4.512462755668949e+32
604.640616733429,4.443905003969122e+32
604.5693350341885,4.346342704427358e+32
604.4980701399111,4.291855025649717e+32
604.4268220446551,4.192614559676341e+32
604.355590742481,4.099632298041556e+32
604.2843762274526,4.042216501566535e+32
604.2131784936361,3.9579407043718116e+32
604.1419975351006,3.872668717039251e+32
604.0708333459181,3.8531130243010694e+32
603.9996859201633,3.80536671148524e+32
603.9285552519136,3.77182694488486e+32
603.8574413352496,3.7297733270795535e+32
603.786344164254,3.703994255077898e+32
603.715263733013,3.668811043070386e+32
603.644200035615,3.624476556349315e+32
603.5731530661516,3.588834721271699e+32
603.502122818717,3.561245943313508e+32
603.4311092874082,3.543112211000885e+32
603.360112466325,3.4918625055245506e+32
603.2891323495699,3.462126263091537e+32
603.2181689312482,3.4263041140883336e+32
603.1472222054682,3.39746136748372e+32
603.0762921663405,3.344117834572614e+32
603.005378807979,3.334274689192659e+32
602.9344821244999,3.2840155233045884e+32
602.8636021100226,3.252606121725784e+32
602.792738758669,3.2190487135297528e+32
602.7218920645635,3.1897172842261277e+32
602.651062021834,3.114830687558275e+32
602.5802486246106,3.05523468508127e+32
602.5094518670262,3.0011860587438436e+32
602.4386717432166,2.9378957629174587e+32
602.3679082473202,2.8709931458549462e+32
602.2971613734784,2.819048736710376e+32
602.2264311158352,2.7535103776607647e+32
602.1557174685373,2.6992956293902383e+32
602.0850204257342,2.6386030256772117e+32
602.0143399815784,2.562743510772606e+32
601.9436761302245,2.5098908737638967e+32
601.8730288658305,2.4489811306735086e+32
601.8023981825568,2.392550260739183e+32
601.7317840745667,2.3312890815340106e+32
601.661186536026,2.254373513415571e+32
601.5906055611036,2.1981357801826385e+32
601.5200411439707,2.1406988974297972e+32
601.4494932788019,2.0638971548107004e+32
601.3789619597737,2.0102290837882783e+32
601.308447181066,1.9440041991872407e+32
601.237948936861,1.9486525102957234e+32
601.1674672213438,1.9359360828331383e+32
601.0970020287024,1.930669395187597e+32
601.026553353127,1.9239135475985204e+32
600.9561211888114,1.9125024471869045e+32
600.8857055299511,1.9110180382487872e+32
600.8153063707451,1.891631104146319e+32
600.7449237053947,1.9047687614752123e+32
600.6745575281041,1.88984010280054e+32
600.6042078330801,1.889310422460357e+32
600.5338746145324,1.8731106621532463e+32
600.463557866673,1.8757106457498367e+32
600.3932575837173,1.861129262145822e+32
600.3229737598829,1.860922555464767e+32
600.25270638939,1.8493867492064944e+32
600.1824554664618,1.8533823577818014e+32
600.1122209853243,1.833442407719726e+32
600.0420029402057,1.83608735750702e+32
599.9718013253378,1.825552387075612e+32
599.9016161349539,1.8248043386889927e+32
599.8314473632909,1.8173431682482658e+32
599.7612950045882,1.8219699774376684e+32
599.6911590530877,1.820749395694086e+32
599.6210395030341,1.8206824438000076e+32
599.5509363486749,1.822733116876574e+32
599.48084958426,1.830977394399133e+32
599.4107792040425,1.8262241011954406e+32
599.3407252022776,1.832227840585788e+32
599.2706875732234,1.8361508374489386e+32
599.2006663111409,1.8259753949793247e+32
599.1306614102937,1.8331260548651342e+32
599.0606728649477,1.836119380711679e+32
598.990700669372,1.8330122014403175e+32
598.9207448178382,1.847997651390507e+32
598.8508053046204,1.8400746647635368e+32
598.7808821239955,1.8453407246395095e+32
598.7109752702431,1.8442869895102524e+32
598.6410847376455,1.850636466079511e+32
598.5712105204875,1.852654906275643e+32
598.501352613057,1.854390596769156e+32
598.4315110096438,1.848429337673295e+32
598.361685704541,1.8576269125742786e+32
598.2918766920442,1.8535142487680676e+32
598.2220839664517,1.855826204850288e+32
598.1523075220643,1.869803924626385e+32
598.0825473531856,1.858429730480348e+32
598.0128034541219,1.8605192731438985e+32
597.943075819182,1.870749240682565e+32
597.8733644426775,1.8654549806583678e+32
597.8036693189223,1.8567625452841914e+32
597.7339904422334,1.8656160022113275e+32
597.6643278069305,1.8622262424476568e+32
597.5946814073355,1.860726372892154e+32
597.5250512377733,1.854604132445359e+32
597.4554372925709,1.8529479865207586e+32
597.385839566059,1.859359350580361e+32
597.3162580525698,1.8520351017773565e+32
597.2466927464388,1.8530742440029305e+32
597.1771436420042,1.8500532744010622e+32
597.1076107336064,1.8472409904406126e+32
597.0380940155886,1.8561673121262944e+32
596.9685934822969,1.850646199403171e+32
596.8991091280797,1.8411667998557487e+32
596.829640947288,1.8311226292868202e+32
596.7601889342759,1.8216115431300477e+32
596.6907530833995,1.81013289234061e+32
596.621333389018,1.7964470603803905e+32
596.551929845493,1.7855468093358256e+32
596.482542447189,1.7747072899469638e+32
596.4131711884726,1.761632985071461e+32
596.3438160637133,1.7454106169411028e+32
596.2744770672837,1.7382055691633275e+32
596.205154193558,1.731262392535742e+32
596.1358474369139,1.723577744611527e+32
596.0665567917314,1.7109116614957256e+32
595.9972822523929,1.7034298127672763e+32
595.9280238132839,1.6975384770429664e+32
595.8587814687919,1.6932125606773515e+32
595.7895552133076,1.6855829964749817e+32
595.7203450412238,1.667643894052118e+32
595.6511509469365,1.6581716887563448e+32
595.5819729248435,1.6534520575944604e+32
595.512810969346,1.637889439317109e+32
595.4436650748473,1.628823656943122e+32
595.3745352357535,1.6149328853482164e+32
595.3054214464731,1.6016334473969918e+32
595.2363237014176,1.596431826139636e+32
595.1672419950006,1.57841425788396e+32
595.0981763216387,1.5665459672434242e+32
595.0291266757508,1.5591395193851766e+32
594.9600930517586,1.544414569271465e+32
594.8910754440861,1.5319384997497626e+32
594.8220738471605,1.5249309676103786e+32
594.7530882554107,1.5132464676602568e+32
594.684118663269,1.513946599960094e+32
594.6151650651698,1.510764212032656e+32
594.5462274555503,1.5055696785916213e+32
594.47730582885,1.5052962721872696e+32
594.4084001795113,1.495122920135834e+32
594.3395105019791,1.4928292886824968e+32
594.2706367907008,1.5023381383085587e+32
594.2017790401264,1.4940213392619737e+32
594.1329372447085,1.4799280003853168e+32
594.0641113989021,1.4657883348681948e+32
593.9953014971652,1.4619942762369503e+32
593.9265075339578,1.4481932570184146e+32
593.8577295037428,1.4359235922374391e+32
593.7889674009857,1.4229072857012537e+32
593.7202212201545,1.4181498711100048e+32
593.6514909557195,1.4113299052375394e+32
593.5827766021541,1.3893880691955377e+32
593.5140781539338,1.386994502512765e+32
593.4453956055369,1.372465833420491e+32
593.376728951444,1.3563773290050391e+32
593.3080781861386,1.352230150309155e+32
593.2394433041064,1.3397732393367641e+32
593.170824299836,1.3327160375938473e+32
593.1022211678182,1.3314879847072714e+32
593.0336339025469,1.3292747648343647e+32
592.9650624985176,1.3172362362571765e+32
592.8965069502293,1.3092635972979198e+32
592.8279672521832,1.3092096583172682e+32
592.7594433988827,1.301313412883934e+32
592.6909353848342,1.2966858780813677e+32
592.6224432045466,1.2959610768648924e+32
592.5539668525311,1.2903795360715838e+32
592.4855063233016,1.2857954527040026e+32
592.4170616113744,1.2868854096969803e+32
592.3486327112686,1.2818443459985669e+32
592.2802196175054,1.2737689835325236e+32
592.2118223246091,1.2649354787096155e+32
592.143440827106,1.2681616077566023e+32
592.0750751195251,1.262055072656121e+32
592.0067251963982,1.2594939848236074e+32
591.9383910522594,1.2552062727240895e+32
591.870072681645,1.2467078402560367e+32
591.8017700790942,1.2392790254236529e+32
591.7334832391491,1.2305767268446682e+32
591.6652121563535,1.229844409396763e+32
591.5969568252541,1.2122574833195273e+32
591.5287172404002,1.2048890753225598e+32
591.4604933963436,1.1959695999738571e+32
591.3922852876384,1.1921777154613883e+32
591.3240929088415,1.1789581604398725e+32
591.255916254512,1.171005450496695e+32
591.1877553192118,1.1655666625306592e+32
591.1196100975052,1.1590784522306008e+32
591.0514805839589,1.1554164445831944e+32
590.9833667731422,1.1506793670145427e+32
590.9152686596269,1.1600357659483841e+32
590.8471862379873,1.154207374272125e+32
590.7791195028003,1.1532402009509084e+32
590.711068448645,1.1537388383167186e+32
590.6430330701035,1.1628997941726955e+32
590.5750133617596,1.1686031107999132e+32
590.5070093182006,1.1667294399147064e+32
590.4390209340155,1.1705071561544555e+32
590.3710482037961,1.169962171507909e+32
590.3030911221366,1.1750308853836302e+32
590.235149683634,1.1749781372785473e+32
590.1672238828872,1.1738750112612069e+32
590.0993137144982,1.1762855701261007e+32
590.031419173071,1.1787453623754144e+32
589.9635402532123,1.1792485848270475e+32
589.8956769495314,1.1751355514269093e+32
589.82782925664,1.1762774125299605e+32
589.759997169152,1.1760089713072992e+32
589.6921806816842,1.1803469772942403e+32
589.6243797888555,1.179948669207125e+32
589.5565944852876,1.1691283639713887e+32
589.4888247656046,1.1559360648133756e+32
589.4210706244327,1.1524800301199473e+32
589.3533320564012,1.1439749726481428e+32
589.2856090561412,1.1352773380413305e+32
589.217901618287,1.1275012142736752e+32
589.1502097374746,1.1156859532732833e+32
589.0825334083432,1.1054116506132134e+32
589.0148726255338,1.1015352815406161e+32
588.9472273836902,1.0927408519241216e+32
588.8795976774588,1.0916313702973349e+32
588.8119835014883,1.0793198808010212e+32
588.7443848504295,1.0723019171010554e+32
588.6768017189362,1.0691463628427356e+32
588.6092341016646,1.0617256596979317e+32
588.541681993273,1.0593769808471023e+32
588.4741453884224,1.0543171671493193e+32
588.4066242817761,1.0404457723933876e+32
588.3391186680002,1.037604853640744e+32
588.2716285417629,1.0401712233241266e+32
588.2041538977348,1.040722433109816e+32
588.1366947305893,1.0355658251660661e+32
588.0692510350019,1.0409202176605123e+32
588.0018228056507,1.0424289055791374e+32
587.9344100372163,1.0430332017462192e+32
587.8670127243814,1.0461146787265062e+32
587.7996308618318,1.0480503224143479e+32
587.7322644442551,1.0505918818520971e+32
587.6649134663414,1.0525431093053163e+32
587.5975779227838,1.0589385793937776e+32
587.5302578082772,1.0638426343679345e+32
587.462953117519,1.066592601786266e+32
587.3956638452095,1.0664538797433223e+32
587.328389986051,1.0674349002841698e+32
587.2611315347483,1.0722905277405645e+32
587.1938884860086,1.0755556923967353e+32
587.1266608345419,1.0821859180767098e+32
587.05944857506,1.0838301604532944e+32
586.9922517022775,1.0864555774778511e+32
586.9250702109116,1.0732986576907466e+32
586.8579040956813,1.0646792209436615e+32
586.7907533513087,1.0567616855410152e+32
586.7236179725179,1.042453174545287e+32
586.6564979540354,1.0254489277107363e+32
586.5893932905906,1.0162471695667088e+32
586.5223039769145,1.0065203724389712e+32
586.4552300077412,9.947855526204653e+31
586.388171377807,9.839447313468386e+31
586.3211280818504,9.737920142586589e+31
586.2541001146127,9.616991995125528e+31
586.1870874708372,9.51481073826279e+31
586.1200901452698,9.402738042767208e+31
586.053108132659,9.305647151167582e+31
585.9861414277552,9.185469401495982e+31
585.9191900253118,9.014868608167713e+31
585.852253920084,8.953683340294754e+31
585.7853331068297,8.869994671940993e+31
585.7184275803094,8.749781344632924e+31
585.6515373352855,8.70983134543177e+31
585.5846623665233,8.645832094569658e+31
585.5178026687902,8.551387964216626e+31
585.4509582368559,8.486419900565369e+31
585.3841290654927,8.454386528578945e+31
585.3173151494755,8.293538413483115e+31
585.2505164835808,8.219983393798363e+31
585.1837330625883,8.147194553097368e+31
585.1169648812797,8.085801311975483e+31
585.0502119344393,7.992739842927757e+31
584.9834742168533,7.919669581292448e+31
584.916751723311,7.828074354348729e+31
584.8500444486034,7.754381933377096e+31
584.7833523875242,7.679062522450297e+31
584.7166755348695,7.604169521762477e+31
584.6500138854378,7.509449570847941e+31
584.5833674340298,7.442959664826945e+31
584.5167361754485,7.3778530881230075e+31
584.4501201044997,7.324601793904956e+31
584.3835192159911,7.249157572274112e+31
584.316933504733,7.18487797827837e+31
584.250362965538,7.107690579049403e+31
584.1838075932211,7.001155410628651e+31
584.1172673825997,6.920597420016478e+31
584.0507423284935,6.802802526923168e+31
583.9842324257245,6.755572202578272e+31
583.9177376691172,6.669328138965292e+31
583.8512580534983,6.68532120952066e+31
583.784793573697,6.696109544550972e+31
583.7183442245448,6.755165665902336e+31
583.6519100008755,6.772759800909445e+31
583.5854908975253,6.809329339233299e+31
583.5190869093328,6.860496931681906e+31
583.4526980311389,6.9099154355077725e+31
583.3863242577868,6.945906031781213e+31
583.3199655841221,6.961836241772638e+31
583.2536220049926,6.9944396771313835e+31
583.1872935152488,7.114318619136217e+31
583.1209801097434,7.164462657824548e+31
583.054681783331,7.208160607937435e+31
582.9883985308692,7.214268990117871e+31
582.9221303472176,7.223219729420388e+31
582.855877227238,7.229828861863455e+31
582.7896391657949,7.211630190073261e+31
582.723416157755,7.224603548521451e+31
582.657208197987,7.181965486573605e+31
582.5910152813624,7.158746725002249e+31
582.5248374027548,7.275502511282546e+31
582.4586745570401,7.268489444226898e+31
582.3925267390969,7.295804565060404e+31
582.3263939438056,7.280482961788983e+31
582.2602761660489,7.290008820366621e+31
582.1941734007127,7.302352910007727e+31
582.1280856426839,7.331696556824557e+31
582.0620128868529,7.435715438556231e+31
581.9959551281119,7.508810623176383e+31
581.9299123613552,7.505032039464455e+31
581.8638845814799,7.538399845544812e+31
581.7978717833851,7.5782380404566e+31
581.7318739619722,7.574356024845884e+31
581.6658911121452,7.590485405301601e+31
581.5999232288101,7.699253399262459e+31
581.5339703068754,7.730818920105514e+31
581.468032341252,7.728262568652604e+31
581.4021093268526,7.779556112704283e+31
581.3362012585928,7.829366258376212e+31
581.2703081313904,7.926378594812913e+31
581.204429940165,7.915107314131296e+31
581.1385666798392,7.929897900283147e+31
581.0727183453373,7.9610911766746785e+31
581.0068849315865,8.002554944889221e+31
580.9410664335156,8.095664610594021e+31
580.8752628460564,8.162415868450107e+31
580.8094741641426,8.172613539734063e+31
580.7437003827101,8.194396243152466e+31
580.6779414966974,8.23508798342775e+31
580.6121975010451,8.358958226576431e+31
580.5464683906962,8.387468945625367e+31
580.4807541605958,8.411820706886487e+31
580.4150548056915,8.38529727002988e+31
580.3493703209332,8.512987678346065e+31
580.2837007012728,8.547801592311321e+31
580.2180459416649,8.580730001619259e+31
580.1524060370659,8.594119794304008e+31
580.086780982435,8.702820568081057e+31
580.0211707727332,8.721097935264887e+31
579.9555754029242,8.740301270404475e+31
579.8899948679735,8.912310084345953e+31
579.8244291628495,8.910316694084663e+31
579.7588782825223,8.940826148991744e+31
579.6933422219646,9.018552781806343e+31
579.6278209761512,9.215448744503861e+31
579.5623145400593,9.240054146020601e+31
579.4968229086684,9.290833821706362e+31
579.43134607696,9.50089615342034e+31
579.3658840399183,9.585778894409091e+31
579.3004367925294,9.580815879682346e+31
579.2350043297816,9.744954850065361e+31
579.169586646666,9.781413662499895e+31
579.1041837381754,9.856816013400656e+31
579.0387955993051,1.005208814396985e+32
578.9734222250528,1.0062091636616748e+32
578.908063610418,1.0129906195149481e+32
578.842719750403,1.0305016593841772e+32
578.7773906400121,1.0362136272745544e+32
578.7120762742517,1.0356227711784756e+32
578.6467766481306,1.0563296285090063e+32
578.5814917566602,1.0602280206161593e+32
578.5162215948535,1.0632169076061753e+32
578.4509661577263,1.076475469377989e+32
578.3857254402961,1.0836373856169306e+32
578.3204994375833,1.1000511005553452e+32
578.2552881446101,1.1061983184370751e+32
578.190091556401,1.1098488959804765e+32
578.1249096679828,1.1247492902918756e+32
578.0597424743847,1.1247405170977196e+32
577.9945899706379,1.14186839313518e+32
577.9294521517759,1.148465523331993e+32
577.8643290128343,1.1479113879991338e+32
577.7992205488515,1.1747902035481361e+32
577.7341267548675,1.1764333755815918e+32
577.6690476259247,1.1920044694120498e+32
577.6039831570679,1.195359439445656e+32
577.538933343344,1.212048794593606e+32
577.4738981798023,1.216039920722721e+32
577.408877661494,1.230283869087154e+32
577.343871783473,1.2351975919807806e+32
577.2788805407948,1.2446516998648404e+32
577.2139039285178,1.2589205590055167e+32
577.1489419417022,1.260443834721242e+32
577.0839945754104,1.2770869576014125e+32
577.0190618247074,1.283858973948251e+32
576.9541436846599,1.2977582169295808e+32
576.8892401503374,1.2989355111050583e+32
576.824351216811,1.3139926412961374e+32
576.7594768791545,1.3144563943760867e+32
576.6946171324437,1.3317573418318811e+32
576.6297719717567,1.3395289547660897e+32
576.5649413921738,1.3574928255504938e+32
576.5001253887773,1.3775646294004375e+32
576.435323956652,1.3780159543811836e+32
576.370537090885,1.3924481769632838e+32
576.3057647865651,1.397296274717961e+32
576.2410070387839,1.4076115645357845e+32
576.1762638426347,1.413273246591143e+32
576.1115351932134,1.4286847018806304e+32
576.0468210856178,1.4313190320644667e+32
575.9821215149482,1.4505133303364666e+32
575.9174364763068,1.4807329460423699e+32
575.8527659647981,1.4808435432148317e+32
575.788109975529,1.514490373109895e+32
575.7234685036084,1.5099464857274681e+32
575.6588415441473,1.5437010567038156e+32
575.5942290922592,1.5719420919029315e+32
575.5296311430594,1.575849595232257e+32
575.4650476916659,1.6045946894785702e+32
575.4004787331983,1.6326761323122355e+32
575.3359242627789,1.6342064387899356e+32
575.271384275532,1.6589791574909734e+32
575.206858766584,1.6877747199100585e+32
575.1423477310634,1.673758183999218e+32
575.0778511641013,1.7027799703012295e+32
575.0133690608307,1.7314404528550108e+32
574.9489014163865,1.732555798545208e+32
574.8844482259066,1.7581410654719863e+32
574.8200094845301,1.786944834610596e+32
574.755585187399,1.7912062906775366e+32
574.6911753296572,1.818567172021395e+32
574.6267799064508,1.8442823937761734e+32
574.562398912928,1.8652205170220422e+32
574.4980323442393,1.8493179278322064e+32
574.4336801955372,1.8748298101476738e+32
574.3693424619768,1.887637125656998e+32
574.3050191387148,1.9095817886226842e+32
574.2407102209104,1.9096349695915667e+32
574.176415703725,1.9307208333349787e+32
574.1121355823219,1.9537453773493248e+32
574.047869851867,1.9711930368701658e+32
573.9836185075278,1.982404185880435e+32
573.9193815444744,1.9832866348549613e+32
573.855158957879,2.0078003364908376e+32
573.7909507429158,2.034005025786307e+32
573.7267568947614,2.050731643294121e+32
573.6625774085941,2.057908595513247e+32
573.5984122795949,2.0781656493376624e+32
573.5342615029465,2.1009535952100665e+32
573.4701250738343,2.098115743309268e+32
573.4060029874453,2.1226917731927258e+32
573.3418952389688,2.1391374572924456e+32
573.2778018235967,2.1545792943731467e+32
573.2137227365223,2.1761259370975807e+32
573.1496579729417,2.1903108574608055e+32
573.0856075280525,2.215717980147329e+32
573.0215713970553,2.2222742365370386e+32
572.9575495751519,2.2472042367193004e+32
572.8935420575472,2.267612115878902e+32
572.8295488394474,2.2826687398764992e+32
572.7655699160613,2.287282793026903e+32
572.7016052825996,2.3045022514860583e+32
572.6376549342755,2.3282750888125066e+32
572.573718866304,2.3446150491861694e+32
572.5097970739024,2.3539059604442283e+32
572.44588955229,2.3755040046661898e+32
572.3819962966885,2.3974180262807946e+32
572.3181173023213,2.4232220018624825e+32
572.2542525644144,2.4389610840042924e+32
572.1904020781956,2.486534436430609e+32
572.1265658388949,2.5111227386144112e+32
572.0627438417446,2.5394336248859736e+32
571.9989360819789,2.5708421463031313e+32
571.9351425548343,2.5983962218136917e+32
571.8713632555493,2.632844441490279e+32
571.8075981793646,2.7226330244337986e+32
571.743847321523,2.752184245704983e+32
571.6801106772695,2.7744688983651388e+32
571.6163882418509,2.8046139333635503e+32
571.5526800105166,2.830153954751576e+32
571.4889859785177,2.857317950157202e+32
571.4253061411077,2.930832155305115e+32
571.3616404935422,2.9539408354657716e+32
571.2979890310786,2.9802893902257158e+32
571.2343517489768,3.0069637664520322e+32
571.1707286424985,3.0794109944083816e+32
571.1071197069078,3.1116345146495482e+32
571.0435249374707,3.1240038473866117e+32
570.9799443294554,3.1997258020665535e+32
570.9163778781322,3.2275409545523827e+32
570.8528255787735,3.247064678926048e+32
570.7892874266536,3.30751690817591e+32
570.7257634170493,3.3268119964906094e+32
570.6622535452393,3.348317917433466e+32
570.5987578065043,3.415153681653594e+32
570.5352761961273,3.444665038842744e+32
570.4718087093931,3.457512377335205e+32
570.4083553415891,3.518819727840808e+32
570.3449160880042,3.5281746161490826e+32
570.28149094393,3.6023541487431714e+32
570.2180799046596,3.620123896648493e+32
570.1546829654885,3.672697987747228e+32
570.0913001217145,3.687405533554284e+32
570.027931368637,3.753239610495134e+32
569.964576701558,3.756914789830335e+32
569.9012361157811,3.826627529553619e+32
569.8379096066124,3.8701150260602294e+32
569.7745971693598,3.904828168412536e+32
569.7112987993335,3.9611391759517745e+32
569.6480144918454,4.006063632310186e+32
569.5847442422101,4.0344335186871674e+32
569.5214880457439,4.084357372563552e+32
569.4582458977652,4.139296690204523e+32
569.3950177935943,4.138011440939585e+32
569.331803728554,4.2053869912155535e+32
569.2686036979688,4.2579761183824046e+32
569.2054176971657,4.301888258736627e+32
569.1422457214732,4.352240483265027e+32
569.0790877662223,4.3537996773565064e+32
569.015943826746,4.406445742575334e+32
568.9528138983793,4.453193883495452e+32
568.8896979764594,4.506272006461938e+32
568.8265960563252,4.5474862582459104e+32
568.7635081333182,4.589397367188223e+32
568.7004342027815,4.62213447874723e+32
568.6373742600606,4.6982566079085636e+32
568.5743283005029,4.7682103396214104e+32
568.5112963194579,4.8547258070258694e+32
568.448278312277,4.965231800971348e+32
568.3852742743142,4.991137270991102e+32
568.3222842009246,5.181154220329714e+32
568.2593080874665,5.26204226221764e+32
568.1963459292994,5.350914115843697e+32
568.1333977217851,5.409426029258335e+32
568.0704634602876,5.546787452557736e+32
568.007543140173,5.62017926488237e+32
567.9446367568089,5.676336473532597e+32
567.8817443055658,5.79973131222872e+32
567.8188657818156,5.862925018435839e+32
567.7560011809325,5.987522618134977e+32
567.6931504982927,6.024324441120293e+32
567.6303137292743,6.155283011921261e+32
567.567490869258,6.191233898354077e+32
567.5046819136257,6.313013815100257e+32
567.4418868577621,6.419110412241366e+32
567.3791056970537,6.539642816307971e+32
567.3163384268886,6.555265460665486e+32
567.2535850426575,6.66283872762001e+32
567.190845539753,6.764429254363663e+32
567.1281199135697,6.840508588734882e+32
567.0654081595042,6.949041293828358e+32
567.0027102729551,7.025621531252728e+32
566.9400262493232,7.097896391590574e+32
566.8773560840112,7.256119442991364e+32
566.8146997724239,7.307250813102766e+32
566.7520573099681,7.380455281117419e+32
566.6894286920525,7.497106161764956e+32
566.6268139140881,7.560916615972057e+32
566.5642129714877,7.680069663173158e+32
566.5016258596662,7.782839031683237e+32
566.4390525740406,7.879823924621833e+32
566.37649311003,7.974165430623474e+32
566.3139474630551,8.065349144606347e+32
566.2514156285391,8.149771606874715e+32
566.1888976019069,8.243377916244131e+32
566.1263933785857,8.317095914280542e+32
566.0639029540044,8.399885418762025e+32
566.0014263235944,8.53897160130624e+32
565.9389634827884,8.654671532458499e+32
565.8765144270217,8.735790613710249e+32
565.8140791517316,8.820444998087151e+32
565.7516576523569,8.906626646552801e+32
565.689249924339,8.996087971808384e+32
565.6268559631211,9.12255312776473e+32
565.5644757641483,9.224069835897606e+32
565.5021093228678,9.307334896661891e+32
565.4397566347287,9.393319529042854e+32
565.3774176951824,9.518220274989308e+32
565.315092499682,9.587883748313318e+32
565.2527810436827,9.723012797501783e+32
565.1904833226419,9.826703837382606e+32
565.1281993320184,9.931506685239266e+32
565.0659290672739,1.0106233118820645e+33
565.0036725238714,1.0260672131121535e+33
564.9414296972761,1.0448731580361948e+33
564.8792005829554,1.032261408921507e+33
564.8169851763782,9.984033648815923e+32
564.754783473016,9.78983233754169e+32
564.6925954683419,9.598233204723215e+32
564.6304211578312,9.411701382809851e+32
564.5682605369609,9.225645443883067e+32
564.5061136012102,9.00480038704165e+32
564.4439803460606,8.825097761166202e+32
564.3818607669949,8.63948398708932e+32
564.3197548594984,8.440548737498171e+32
564.2576626190584,8.240444541211713e+32
564.1955840411638,8.007917987690471e+32
564.1335191213057,7.754024267663392e+32
564.0714678549772,7.502451193683835e+32
564.0094302376735,7.253696589476173e+32
563.9474062648917,6.995969487813673e+32
563.8853959321307,6.724466821681564e+32
563.8233992348917,6.4405862239566956e+32
563.7614161686774,6.16448249212966e+32
563.699446728993,5.87423944162516e+32
563.6374909113455,5.5788445865535795e+32
563.5755487112436,5.3109430269907316e+32
563.5136201241984,5.106389826343594e+32
563.4517051457227,4.98781194294055e+32
563.3898037713313,4.864979436980587e+32
563.3279159965412,4.753373164194191e+32
563.2660418168709,4.6345664300780396e+32
563.2041812278414,4.508273981846819e+32
563.1423342249753,4.394732373254223e+32
563.0805008037975,4.2741542676823424e+32
563.0186809598342,4.156721071674758e+32
562.9568746886144,4.031948046841871e+32
562.8950819856688,3.9153728323510595e+32
562.8333028465295,3.7934154232211e+32
562.7715372667312,3.6698986649945134e+32
562.7097852418104,3.549813857035002e+32
562.6480467673056,3.432135801431975e+32
562.5863218387572,3.311080730924884e+32
562.5246104517073,3.184944384790863e+32
562.4629126017003,3.069454993064856e+32
562.4012282842826,2.9439139303507272e+32
562.3395574950022,2.820517190077622e+32
562.2779002294094,2.6995709654354327e+32
562.2162564830562,2.619396735057203e+32
562.1546262514967,2.5620825396083893e+32
562.093009530287,2.5026962037351276e+32
562.0314063149849,2.4444041106162536e+32
561.9698166011503,2.3833482268146007e+32
561.9082403843453,2.3258489320142832e+32
561.8466776601333,2.263159686096354e+32
561.7851284240804,2.2060984210408426e+32
561.723592671754,2.1449701585272855e+32
561.6620703987239,2.0850695918846827e+32
561.6005616005616,2.0241880458480454e+32
561.5390662728406,1.9657451632787388e+32
561.4775844111364,1.902308261013178e+32
561.4161160110262,1.8427040730608886e+32
561.3546610680895,1.7798387897136085e+32
561.2932195779075,1.721106187744137e+32
561.2317915360634,1.659283104940288e+32
561.1703769381422,1.5965231222790257e+32
561.108975779731,1.5370221914586035e+32
561.0475880564189,1.4751807634343657e+32
560.9862137637967,1.4101271047488457e+32
560.9248528974573,1.3606385901616624e+32
560.8635054529954,1.326303604806942e+32
560.8021714260077,1.2932703499612334e+32
560.740850812093,1.260228786018687e+32
560.6795436068514,1.2310662771183449e+32
560.618249805886,1.2023163922471057e+32
560.5569694048006,1.1699719981174301e+32
560.4957023992018,1.140207263345865e+32
560.4344487846979,1.1083263713464573e+32
560.3732085568989,1.07722643926417e+32
560.3119817114169,1.0477363572377722e+32
560.250768243866,1.0167105505636141e+32
560.1895681498619,9.857268649945476e+31
560.1283814250226,9.54952259517035e+31
560.0672080649679,9.240909858321968e+31
560.0060480653191,8.930534083954982e+31
559.9449014217001,8.612557288548195e+31
559.8837681297363,8.31535016891338e+31
559.822648185055,7.991221740382569e+31
559.7615415832855,7.689614434571656e+31
559.7004483200591,7.3679993864555515e+31
559.6393683910088,7.1381563442839885e+31
559.5783017917697,6.9800679909746025e+31
559.5172485179787,6.864858294189231e+31
559.4562085652746,6.718368305893272e+31
559.395181929298,6.582208828622312e+31
559.3341686056918,6.440832709436738e+31
559.2731685901003,6.308684233874344e+31
559.21218187817,6.168692508199778e+31
559.1512084655493,6.038679658775649e+31
559.0902483478883,5.901923565818745e+31
559.0293015208392,5.7587762750737435e+31
558.968367980056,5.630081633782168e+31
558.9074477211947,5.490559963453136e+31
558.8465407399128,5.348211860779713e+31
558.7856470318703,5.212013211532071e+31
558.7247665927288,5.085362140178299e+31
558.6638994181516,4.93632604820826e+31
558.6030455038041,4.795841918516882e+31
558.5422048453536,4.653264136777484e+31
558.4813774384693,4.520339717303035e+31
558.4205632788222,4.380556295864172e+31
558.3597623620851,4.2384566600630425e+31
558.298974683933,4.137761816220148e+31
558.2382002400424,4.068213193275014e+31
558.177439026092,3.9970879993195933e+31
558.1166910377622,3.9245086803536924e+31
558.0559562707352,3.852355856201536e+31
557.9952347206955,3.7804186044785377e+31
557.934526383329,3.7007949919206605e+31
557.8738312543235,3.628617557730479e+31
557.8131493293691,3.5627547791917703e+31
557.7524806041574,3.490071994659875e+31
557.6918250743822,3.4078244695711758e+31
557.6311827357385,3.3453560948251275e+31
557.5705535839242,3.2644009584502766e+31
557.5099376146379,3.190632040557552e+31
557.4493348235812,3.1325017290381118e+31
557.3887452064567,3.0540163872781535e+31
557.3281687589695,2.972692781422662e+31
557.267605476826,2.9069258885635714e+31
557.207055355735,2.828611536153865e+31
557.1465183914066,2.75885140326394e+31
557.0859945795532,2.6849736140253214e+31
557.0254839158891,2.632533686783198e+31
556.9649863961303,2.6160596680199813e+31
556.9045020159944,2.5938712658726963e+31
556.8440307712011,2.561340629027484e+31
556.7835726574723,2.549934384688206e+31
556.7231276705312,2.520069592352955e+31
556.6626958061032,2.504259660651284e+31
556.6022770599155,2.4789702390779945e+31
556.5418714276968,2.446564661118622e+31
556.4814789051784,2.4304816263999755e+31
556.4210994880926,2.406751911574504e+31
556.3607331721742,2.386217655915788e+31
556.3003799531596,2.3629751021233173e+31
556.2400398267869,2.348388373284489e+31
556.1797127887963,2.3151443575576765e+31
556.1193988349298,2.290413384285311e+31
556.0590979609312,2.2741562676961745e+31
555.9988101625462,2.243717989170683e+31
555.9385354355222,2.231856043911584e+31
555.8782737756086,2.198032154274042e+31
555.8180251785566,2.187034032867971e+31
555.757789640119,2.159184194132048e+31
555.6975671560509,2.155187914010666e+31
555.6373577221091,2.14144612122152e+31
555.5771613340519,2.1378381886881477e+31
555.5169779876397,2.1296445362025484e+31
555.456807678635,2.130132511253174e+31
555.3966504028014,2.120299601789597e+31
555.3365061559051,2.1160568541786706e+31
555.2763749337139,2.110322630101287e+31
555.2162567319971,2.1046538025444637e+31
555.1561515465263,2.095902195081018e+31
555.0960593730746,2.089037919127999e+31
555.035980207417,2.0762514796640795e+31
554.9759140453305,2.0817132950038463e+31
554.9158608825936,2.0813962613370983e+31
554.8558207149872,2.069746869422899e+31
554.7957935382934,2.0665505200878985e+31
554.7357793482964,2.056092159482427e+31
554.6757781407822,2.0480713025332916e+31
554.6157899115389,2.0430415565749582e+31
554.5558146563556,2.048357109231962e+31
554.4958523710243,2.0336782659511565e+31
554.435903051338,2.0290599988183274e+31
554.3759666930919,2.0295086000744044e+31
554.316043292083,2.0274353389303403e+31
554.2561328441099,2.0299374554258815e+31
554.1962353449733,2.0372558957708957e+31
554.1363507904755,2.029320804879941e+31
554.0764791764208,2.03864836866728e+31
554.016620498615,2.0359550675324987e+31
553.9567747528661,2.0402290442619306e+31
553.8969419349836,2.038760236931782e+31
553.837122040779,2.0453861494273586e+31
553.7773150660656,2.0425086398494613e+31
553.7175210066584,2.04090427525579e+31
553.6577398583744,2.047782152479572e+31
553.5979716170319,2.0383472543053893e+31
553.5382162784518,2.044897383590673e+31
553.4784738384562,2.0483936966213216e+31
553.4187442928692,2.0555314315862536e+31
553.3590276375166,2.0496341796109966e+31
553.2993238682262,2.0471202459497975e+31
553.2396329808274,2.053663928729271e+31
553.1799549711517,2.063341443633586e+31
553.1202898350318,2.050883679796335e+31
553.0606375683029,2.0591259634372345e+31
553.0009981668017,2.0735538079396553e+31
552.9413716263665,2.0820645064954285e+31
552.8817579428376,2.078685715901105e+31
552.822157112057,2.0916798929754254e+31
552.7625691298688,2.0914383981369995e+31
552.7029939921184,2.1080639510878524e+31
552.6434316946535,2.1125379387143543e+31
552.583882233323,2.128326913664577e+31
552.5243456039782,2.1199630691248975e+31
552.4648218024716,2.1351188884257695e+31
552.4053108246583,2.1398764154838076e+31
552.3458126663942,2.157049881129732e+31
552.2863273235376,2.156665728798269e+31
552.2268547919485,2.1714860836955195e+31
552.1673950674887,2.1734778219906063e+31
552.1079481460215,2.1857450239032425e+31
552.0485140234124,2.1795449016839366e+31
551.9890926955283,2.1949445690709356e+31
551.9296841582383,2.1936153263429754e+31
551.8702884074128,2.200217269030071e+31
551.8109054389241,2.2122526155411147e+31
551.7515352486469,2.2180541766415794e+31
551.6921778324567,2.232736595642868e+31
551.6328331862312,2.23589578996281e+31
551.5735013058503,2.25216354533597e+31
551.5141821871949,2.264168791205919e+31
551.4548758261484,2.2751801579701186e+31
551.3955822185952,2.287439241638218e+31
551.3363013604223,2.2906290259163724e+31
551.2770332475179,2.3015468629724125e+31
551.2177778757721,2.3085451856487426e+31
551.1585352410767,2.324343108489302e+31
551.0993053393256,2.331088312673258e+31
551.0400881664141,2.3536533693567894e+31
550.9808837182394,2.363172576998385e+31
550.9216919907004,2.3734482932701586e+31
550.862512979698,2.3827088886648927e+31
550.8033466811344,2.3851817606067563e+31
550.7441930909141,2.400543600610422e+31
550.685052204943,2.415621180447305e+31
550.6259240191287,2.4225640038887486e+31
550.566808529381,2.434155597105619e+31
550.5077057316109,2.439071298055187e+31
550.4486156217317,2.450414848402829e+31
550.389538195658,2.452836551817265e+31
550.3304734493063,2.4739814591385355e+31
550.2714213785949,2.460105329862637e+31
550.2123819794441,2.459853563355133e+31
550.1533552477753,2.4675743649163276e+31
550.0943411795123,2.48208663947184e+31
550.0353397705803,2.478647170781233e+31
549.9763510169063,2.4768795532736772e+31
549.917374914419,2.484159138401648e+31
549.8584114590493,2.4917928638971375e+31
549.7994606467291,2.490525696355932e+31
549.7405224733926,2.5076832138580666e+31
549.6815969349755,2.5002878499822836e+31
549.6226840274152,2.4936334612979304e+31
549.5637837466511,2.514979304835828e+31
549.5048960886242,2.5103325689482253e+31
549.4460210492771,2.536759042549747e+31
549.3871586245543,2.5297886188128063e+31
549.3283088104021,2.542978545298937e+31
549.2694716027684,2.5419833478428457e+31
549.2106469976027,2.5506433193513546e+31
549.1518349908566,2.550770306683433e+31
549.0930355784833,2.5748616191096015e+31
549.0342487564374,2.5679679239683716e+31
548.9754745206758,2.582542494972275e+31
548.9167128671567,2.601214836841337e+31
548.8579637918401,2.5917753039771207e+31
548.799227290688,2.6097011427812253e+31
548.7405033596638,2.6201865257222095e+31
548.6817919947326,2.6185115454848434e+31
548.6230931918617,2.6376852082032388e+31
548.5644069470196,2.643553951610549e+31
548.5057332561769,2.6446122723106135e+31
548.4470721153054,2.6574443424764066e+31
548.3884235203794,2.666802231688502e+31
548.3297874673743,2.6731736230363347e+31
548.2711639522674,2.687214475606629e+31
548.2125529710379,2.6925598004723384e+31
548.1539545196664,2.7131980390371196e+31
548.0953685941354,2.7145735028326616e+31
548.0367951904291,2.721030734467779e+31
547.9782343045334,2.7412582533248518e+31
547.919685932436,2.755179887943563e+31
547.8611500701262,2.7678389209940105e+31
547.8026267135951,2.78599967102708e+31
547.7441158588354,2.8012656846306485e+31
547.6856175018415,2.8004702260925947e+31
547.62713163861,2.8147990335121324e+31
547.5686582651382,2.8265925082722444e+31
547.5101973774262,2.8398846385667467e+31
547.451748971475,2.854400921134182e+31
547.3933130432879,2.86605044869165e+31
547.3348895888694,2.879808313619261e+31
547.276478604226,2.895929561627097e+31
547.2180800853661,2.8985474400974287e+31
547.1596940282991,2.9091917526548956e+31
547.1013204290368,2.932623461991926e+31
547.0429592835925,2.9372756462643882e+31
546.984610587981,2.949298219981201e+31
546.9262743382192,2.97272806631665e+31
546.8679505303252,2.9829728511496178e+31
546.8096391603191,2.989883781218437e+31
546.7513402242226,3.012460873346372e+31
546.6930537180594,3.0275579783544976e+31
546.6347796378544,3.0354554917344618e+31
546.5765179796346,3.039631045439567e+31
546.5182687394282,3.0550728478438015e+31
546.4600319132659,3.0631671313313603e+31
546.4018074971792,3.081036008564389e+31
546.3435954872019,3.0931940622170064e+31
546.2853958793693,3.1070640433097563e+31
546.2272086697183,3.11019981788179e+31
546.1690338542876,3.135533081301118e+31
546.1108714291175,3.1406231759496107e+31
546.0527213902502,3.1604850831505707e+31
545.9945837337294,3.165098390553748e+31
545.9364584556004,3.1764537472352723e+31
545.8783455519103,3.1909965489219287e+31
545.820245018708,3.2104031866394274e+31
545.7621568520439,3.217475972358464e+31
545.7040810479701,3.228263238817628e+31
545.6460176025405,3.2403353656750098e+31
545.5879665118106,3.2626971859549753e+31
545.5299277718376,3.267521421604691e+31
545.4719013786802,3.292411170678184e+31
545.4138873283991,3.301994746641028e+31
545.3558856170565,3.304828200972506e+31
545.2978962407163,3.3275298482946553e+31
545.2399191954439,3.344402056477347e+31
545.1819544773068,3.346331093056851e+31
545.1240020823736,3.3443731053566597e+31
545.0660620067151,3.3479195605674533e+31
545.0081342464036,3.360045319774905e+31
544.9502187975128,3.362817535461189e+31
544.8923156561185,3.3558023668154167e+31
544.8344248182977,3.3513364309558186e+31
544.7765462801295,3.3634639297016507e+31
544.7186800376945,3.3556084261645113e+31
544.660826087075,3.361539266958385e+31
544.6029844243546,3.3711947853256577e+31
544.5451550456193,3.372138182564239e+31
544.487337946956,3.3406444201024125e+31
544.4295331244539,3.313541517037615e+31
544.3717405742033,3.2774693441358676e+31
544.3139602922967,3.2394785519420657e+31
544.2561922748276,3.197525804934917e+31
544.1984365178919,3.168571039419804e+31
544.1406930175866,3.131464406325919e+31
544.0829617700107,3.099399392809342e+31
544.0252427712646,3.062477241092739e+31
543.9675360174505,3.0323036513253305e+31
543.9098415046722,3.0027987243995966e+31
543.8521592290351,2.9675181432070194e+31
543.7944891866466,2.9284074600521714e+31
543.7368313736151,2.9057830982777287e+31
543.6791857860513,2.8679341415384813e+31
543.6215524200672,2.8369405785104516e+31
543.5639312717766,2.7999303499381276e+31
543.5063223372946,2.76403759057419e+31
543.4487256127385,2.734513501614561e+31
543.3911410942268,2.7031943169529255e+31
543.3335687778798,2.671046711162528e+31
543.2760086598196,2.6551112468558e+31
543.2184607361696,2.633009388889964e+31
543.1609250030554,2.6148272381306174e+31
543.1034014566034,2.599273993371151e+31
543.0458900929423,2.580256521458295e+31
542.9883909082024,2.554357352900625e+31
542.9309038985153,2.5436119312735775e+31
542.8734290600146,2.5217018247893286e+31
542.8159663888354,2.5011502719128234e+31
542.7585158811141,2.4915149047512445e+31
542.7010775329894,2.4702537027564763e+31
542.6436513406012,2.449906283507913e+31
542.5862373000908,2.4352432216467034e+31
542.528835407602,2.413079338475096e+31
542.4714456592791,2.403706099219713e+31
542.4140680512689,2.382034492939205e+31
542.3567025797197,2.369060357378416e+31
542.2993492407809,2.348156542827743e+31
542.2420080306041,2.340622584725836e+31
542.1846789453424,2.3253240039766523e+31
542.1273619811502,2.3101555877661236e+31
542.070057134184,2.290071079998183e+31
542.0127644006016,2.274970275087662e+31
541.9554837765626,2.2756032034929837e+31
541.8982152582281,2.2733616491910378e+31
541.8409588417608,2.2579959280448395e+31
541.7837145233251,2.244039389131738e+31
541.7264822990871,2.232944797376822e+31
541.6692621652145,2.234896868038579e+31
541.6120541178765,2.2160978701836316e+31
541.5548581532438,2.215232103133338e+31
541.497674267489,2.1968319255254093e+31
541.4405024567862,2.1914687372055193e+31
541.3833427173113,2.1754611716869657e+31
541.3261950452413,2.16845694918412e+31
541.2690594367555,2.1576070872015205e+31
541.2119358880341,2.155321040606638e+31
541.1548243952595,2.1528549458703782e+31
541.0977249546154,2.138513620909674e+31
541.0406375622873,2.126523171391257e+31
540.9835622144622,2.1187398541681423e+31
540.9264989073284,2.120091763470403e+31
540.8694476370766,2.1080563319231045e+31
540.8124083998983,2.1020967639162106e+31
540.7553811919871,2.1010609158238755e+31
540.698366009538,2.094375822340726e+31
540.6413628487475,2.0843495482754754e+31
540.584371705814,2.0948676549386615e+31
540.5273925769374,2.0888025596869075e+31
540.4704254583189,2.0815830056807566e+31
540.4134703461618,2.087496967997126e+31
540.3565272366708,2.080074152211357e+31
540.2995961260519,2.0843272352783185e+31
540.2426770105131,2.079061978442605e+31
540.1857698862639,2.066936112271622e+31
540.1288747495153,2.072274558226981e+31
540.0719915964798,2.0698695299568026e+31
540.0151204233719,2.0780458643693378e+31
539.9582612264072,2.07237491495458e+31
539.9014140018032,2.0672682972901485e+31
539.8445787457791,2.0767149227170464e+31
539.7877554545553,2.073705148695577e+31
539.730944124354,2.0821193479532915e+31
539.6741447513991,2.066727080525991e+31
539.617357331916,2.0748932776813804e+31
539.5605818621315,2.0734805266836653e+31
539.5038183382743,2.059733288301e+31
539.4470667565745,2.0795566520669874e+31
539.3903271132639,2.065918637694068e+31
539.3335994045757,2.090414896841344e+31
539.2768836267448,2.0782194197747695e+31
539.220179776008,2.1000594601597306e+31
539.1634878486029,2.0835204570028608e+31
539.1068078407694,2.1056498102626547e+31
539.0501397487487,2.103979803665567e+31
538.9934835687836,2.122596514765321e+31
538.9368392971186,2.1035688643818876e+31
538.8802069299995,2.11834982653213e+31
538.8235864636738,2.1196165015008128e+31
538.766977894391,2.132459406149552e+31
538.7103812184013,2.127540185068254e+31
538.6537964319573,2.1469104455033905e+31
538.5972235313127,2.134640063133879e+31
538.540662512723,2.158877254385664e+31
538.4841133724452,2.146267815581156e+31
538.4275761067379,2.163211374504107e+31
538.3710507118611,2.1639692682398388e+31
538.3145371840767,2.173572690187826e+31
538.2580355196478,2.1658743704183336e+31
538.2015457148393,2.1880875793286667e+31
538.1450677659177,2.2014994057107978e+31
538.0886016691509,2.191628055592842e+31
538.0321474208084,2.209559531531654e+31
537.9757050171614,2.210047686405185e+31
537.9192744544825,2.2207669450528982e+31
537.8628557290461,2.2209384036390015e+31
537.806448837128,2.2404776636536203e+31
537.7500537750054,2.2363389618828078e+31
537.6936705389572,2.2453516709287883e+31
537.6372991252641,2.259527238955415e+31
537.5809395302081,2.2623034521609315e+31
537.5245917500725,2.2716588735621606e+31
537.468255781143,2.290585657535466e+31
537.4119316197058,2.2908394522826305e+31
537.3556192620495,2.297848012118588e+31
537.2993187044639,2.3071538897361213e+31
537.2430299432402,2.3132716641329973e+31
537.1867529746717,2.3189188134756596e+31
537.1304877950524,2.3369103295165334e+31
537.0742344006788,2.3373633030515106e+31
537.0179927878484,2.335721002374004e+31
536.9617629528601,2.3585012882867533e+31
536.9055448920149,2.3645461830943546e+31
536.8493386016148,2.3758089265878475e+31
536.7931440779638,2.37970290800479e+31
536.7369613173672,2.383081657278598e+31
536.6807903161318,2.4076128432141857e+31
536.6246310705661,2.412563307567649e+31
536.5684835769802,2.407106384542284e+31
536.5123478316854,2.4167518447089053e+31
536.4562238309948,2.4421561487979e+31
536.4001115712232,2.4440518128318766e+31
536.3440110486866,2.440812743172343e+31
536.2879222597028,2.4495212624504613e+31
536.2318452005909,2.4725767560843887e+31
536.1757798676718,2.4833942662428917e+31
536.1197262572678,2.4931789027828754e+31
536.0636843657027,2.5086158044289004e+31
536.0076541893018,2.4995017901031767e+31
535.9516357243922,2.5109563767681913e+31
535.8956289673023,2.52625942504093e+31
535.8396339143621,2.5324181733453694e+31
535.7836505619031,2.554025106497769e+31
535.7276789062583,2.562876341346145e+31
535.6717189437626,2.584680782243475e+31
535.6157706707515,2.5977617174446733e+31
535.5598340835634,2.6125666091050692e+31
535.503909178537,2.595209244581633e+31
535.4479959520131,2.613718900791824e+31
535.392094400334,2.6326562518785196e+31
535.3362045198436,2.6390707808343066e+31
535.2803263068869,2.661963093727652e+31
535.2244597578109,2.6610068322861904e+31
535.1686048689639,2.671630976612058e+31
535.1127616366958,2.684176849834588e+31
535.056930057358,2.689835198579349e+31
535.0011101273035,2.7031404824574495e+31
534.9453018428866,2.717581187058332e+31
534.8895052004632,2.718849735871327e+31
534.8337201963909,2.7205519917026717e+31
534.7779468270287,2.7464064321474746e+31
534.7221850887371,2.7590675177027615e+31
534.6664349778782,2.7655675463302244e+31
534.6106964908154,2.788417373763997e+31
534.5549696239138,2.7917390846455955e+31
534.4992543735401,2.805174354857117e+31
534.4435507360623,2.8290937195235505e+31
534.3878587078501,2.8286595410996066e+31
534.3321782852746,2.826350099595755e+31
534.2765094647084,2.852395135359438e+31
534.2208522425256,2.872594548955208e+31
534.1652066151019,2.877169422540363e+31
534.1095725788146,2.8762353816056747e+31
534.0539501300422,2.8975938630035804e+31
533.9983392651649,2.9230678830239554e+31
533.9427399805645,2.93339338877646e+31
533.8871522726241,2.9393955455184045e+31
533.8315761377285,2.942123663322854e+31
533.7760115722639,2.9620850013513287e+31
533.720458572618,2.96084045011511e+31
533.66491713518,2.9784933005059085e+31
533.6093872563406,3.012452671483802e+31
533.553868932492,3.0121957494200135e+31
533.4983621600281,3.017075049131499e+31
533.442866935344,3.041014340242962e+31
533.3873832548365,3.044179703160699e+31
533.3319111149036,3.0677559676337363e+31
533.2764505119454,3.0767208357484256e+31
533.2210014423628,3.0854081887668557e+31
533.1655639025587,3.091195925120814e+31
533.1101378889372,3.1061661241339303e+31
533.054723397904,3.123497305425573e+31
532.9993204258665,3.134057132239496e+31
532.9439289692332,3.1518424360265394e+31
532.8885490244143,3.172510056952849e+31
532.8331805878215,3.17040330377397e+31
532.7778236558681,3.1910644157952017e+31
532.7224782249688,3.1930132404291017e+31
532.6671442915393,3.213916890429436e+31
532.6118218519978,3.221009421972134e+31
532.5565109027631,3.236507407231039e+31
532.501211440256,3.2554538567877234e+31
532.4459234608985,3.2500803191482827e+31
532.3906469611142,3.2745561188661174e+31
532.3353819373282,3.300932316944134e+31
532.2801283859669,3.3079020313539475e+31
532.2248863034587,3.3174081248855817e+31
532.1696556862328,3.3320550565296946e+31
532.1144365307204,3.341980405357121e+31
532.0592288333537,3.3542039736421058e+31
532.004032590567,3.3646912216187473e+31
531.9488477987957,3.383738947021584e+31
531.8936744544766,3.393820367977978e+31
531.8385125540481,3.3954267640507253e+31
531.7833620939501,3.4095422930826134e+31
531.7282230706242,3.4356665811327865e+31
531.6730954805129,3.438625358493556e+31
531.6179793200606,3.454294778790189e+31
531.5628745857132,3.467348770160052e+31
531.5077812739179,3.4712645504215176e+31
531.4526993811234,3.486351938725889e+31
531.3976289037798,3.5161731701431598e+31
531.342569838339,3.5262223949826332e+31
531.2875221812541,3.5300111514749513e+31
531.2324859289795,3.5474106615959237e+31
531.1774610779715,3.5636469436692364e+31
531.1224476246877,3.5831376122967966e+31
531.0674455655868,3.589059517761054e+31
531.0124548971296,3.6240882225506477e+31
530.957475615778,3.638471475807865e+31
530.9025077179951,3.6432127921859763e+31
530.8475512002464,3.6624113894832423e+31
530.7926060589976,3.680217323003081e+31
530.7376722907169,3.701069633119473e+31
530.6827498918734,3.7189397648349297e+31
530.6278388589378,3.730629111139089e+31
530.5729391883825,3.7477005695663023e+31
530.5180508766811,3.783659136151303e+31
530.4631739203085,3.8071676238760864e+31
530.4083083157415,3.8287773999069333e+31
530.3534540594579,3.8471448139206035e+31
530.2986111479373,3.8615589453788257e+31
530.2437795776608,3.8713356240148878e+31
530.1889593451106,3.912276470800423e+31
530.1341504467706,3.9167778782265465e+31
530.079352879126,3.9494571221508374e+31
530.0245666386637,3.9603672682959456e+31
529.9697917218718,3.9891549003147423e+31
529.9150281252402,4.0128055429422254e+31
529.8602758452596,4.03341205963012e+31
529.8055348784228,4.052673778683637e+31
529.7508052212239,4.073641239810824e+31
529.6960868701583,4.076984005080624e+31
529.6413798217227,4.110795912754578e+31
529.5866840724157,4.128979024336658e+31
529.5319996187369,4.152240588067689e+31
529.4773264571877,4.180115959743842e+31
529.4226645842708,4.191507612461869e+31
529.3680139964903,4.216560255381077e+31
529.3133746903517,4.245761240220435e+31
529.258746662362,4.259528796280377e+31
529.2041299090298,4.2796971684004865e+31
529.1495244268649,4.307915267811929e+31
529.0949302123787,4.323595063908924e+31
529.040347262084,4.347142214839905e+31
528.9857755724948,4.36532908219324e+31
528.931215140127,4.390961567095157e+31
528.8766659614978,4.404992416048216e+31
528.8221280331254,4.433189036361827e+31
528.76760135153,4.445822784209308e+31
528.7130859132329,4.43398303455614e+31
528.6585817147569,4.408839533632646e+31
528.6040887526265,4.344526584358831e+31
528.5496070233671,4.266150790901977e+31
528.4951365235062,4.178750118788259e+31
528.440677249572,4.081679604479635e+31
528.3862291980946,3.9704641983461512e+31
528.3317923656056,3.9014965574921295e+31
528.2773667486376,3.8491701674940724e+31
528.2229523437252,3.808532484051256e+31
528.168549147404,3.7633781244885037e+31
528.1141571562109,3.70190387802111e+31
528.0597763666847,3.639279827486716e+31
528.0054067753654,3.5784332101762088e+31
527.9510483787943,3.5082650544591365e+31
527.8967011735143,3.4574770839953505e+31
527.8423651560698,3.391298248638638e+31
527.7880403230063,3.3290001256053205e+31
527.733726670871,3.2616572263829674e+31
527.6794241962123,3.197130912575931e+31
527.6251328955804,3.1379078862516995e+31
527.5708527655264,3.076394026374964e+31
527.5165838026032,3.013662486469361e+31
527.4623260033652,2.9606209677580686e+31
527.4080793643678,2.891817072478591e+31
527.3538438821681,2.835819788624695e+31
527.2996195533244,2.7701988151185325e+31
527.2454063743969,2.701444158536485e+31
527.1912043419467,2.6484827100333344e+31
527.1370134525365,2.5922038195424132e+31
527.0828337027306,2.5436142130517575e+31
527.0286650890941,2.501265177896906e+31
526.9745076081945,2.460842835207245e+31
526.9203612565997,2.424440845283484e+31
526.8662260308796,2.38089901830856e+31
526.8121019276055,2.3446781353409737e+31
526.7579889433498,2.311096942653889e+31
526.7038870746866,2.2690059045245175e+31
526.6497963181913,2.231166078663645e+31
526.5957166704407,2.1891386847288402e+31
526.5416481280128,2.159498383092159e+31
526.4875906874875,2.114675335207787e+31
526.4335443454456,2.074382970850897e+31
526.3795090984698,2.0432479567753895e+31
526.3254849431437,1.9978930545836776e+31
526.2714718760525,1.962151771257535e+31
526.217469893783,1.923310158322264e+31
526.163478992923,1.881956134161292e+31
526.1094991700622,1.8446199371749352e+31
526.0555304217913,1.8108816697716014e+31
526.0015727447026,1.7703678319551804e+31
525.9476261353894,1.733771348388279e+31
525.8936905904471,1.6993077937379183e+31
525.8397661064721,1.6666491636203933e+31
525.7858526800619,1.6345753486641795e+31
525.7319503078161,1.6050229861297057e+31
525.678058986335,1.5726089492890367e+31
525.6241787122208,1.554241666398878e+31
525.5703094820767,1.522937042469149e+31
525.5164512925077,1.502136869571173e+31
525.4626041401199,1.4789336079973446e+31
525.4087680215208,1.453712082332126e+31
525.3549429333193,1.4306579057315547e+31
525.3011288721259,1.4032951772766506e+31
525.2473258345523,1.384868181550727e+31
525.1935338172117,1.3552739601195107e+31
525.1397528167183,1.3342764286581915e+31
525.0859828296884,1.3120984942822212e+31
525.032223852739,1.2919469223668083e+31
524.9784758824887,1.2674081423854204e+31
524.9247389155579,1.2462829746371339e+31
524.8710129485679,1.2211771712792263e+31
524.8172979781414,1.2020189956147268e+31
524.7635940009026,1.177644207095807e+31
524.7099010134772,1.1572720509636432e+31
524.656219012492,1.1366551221759975e+31
524.6025479945756,1.1157220579907664e+31
524.5488879563575,1.1101401430177185e+31
524.4952388944689,1.0924074190882753e+31
524.4416008055423,1.0833154115992307e+31
524.3879736862115,1.0680720918161935e+31
524.3343575331118,1.0560030685237005e+31
524.2807523428796,1.0511331426496153e+31
524.2271581121531,1.0359575021876853e+31
524.1735748375718,1.0206406096998558e+31
524.120002515776,1.01934396682292e+31
524.0664411434082,1.0009012491019209e+31
524.0128907171116,9.958983161388983e+30
523.9593512335313,9.823062294362393e+30
523.9058226893134,9.733933698855063e+30
523.8523050811054,9.609967452335552e+30
523.7987984055565,9.566301774527133e+30
523.7453026593167,9.44335447459505e+30
523.6918178390381,9.348986662284158e+30
523.6383439413735,9.264927354568781e+30
523.5848809629773,9.177072240382494e+30
523.5314289005055,9.050443510226881e+30
523.4779877506151,8.995618774280017e+30
523.4245575099648,8.854235883334949e+30
523.3711381752141,8.802964117897872e+30
523.3177297430249,8.682187710341906e+30
523.2643322100593,8.732066666662891e+30
523.2109455729814,8.624046806800365e+30
523.1575698284566,8.594300631305148e+30
523.1042049731517,8.49064532020986e+30
523.0508510037346,8.491211823007018e+30
522.9975079168748,8.376456790149024e+30
522.944175709243,8.40117857844082e+30
522.8908543775116,8.281651343467726e+30
522.8375439183537,8.273059282578084e+30
522.7842443284444,8.196342939899442e+30
522.73095560446,8.187693325653458e+30
522.6776777430778,8.122040728919293e+30
522.6244107409769,8.113624848873724e+30
522.5711545948375,8.077747066997724e+30
522.5179093013413,7.992246171322677e+30
522.4646748571712,7.965168002629915e+30
522.4114512590116,7.899236801898934e+30
522.3582385035481,7.918292129505241e+30
522.3050365874678,7.834344808234855e+30
522.251845507459,7.85454106841473e+30
522.1986652602116,7.766127349166515e+30
522.1454958424165,7.754409842128112e+30
522.0923372507661,7.700265985512128e+30
522.0391894819544,7.654128059813985e+30
521.9860525326764,7.601005687597148e+30
521.9329263996284,7.608039826520178e+30
521.8798110795084,7.565501738611697e+30
521.8267065690155,7.577072622807252e+30
521.7736128648502,7.562516174117308e+30
521.7205299637143,7.565329398245861e+30
521.667457862311,7.522893435405197e+30
521.6143965573449,7.519325272949217e+30
521.5613460455219,7.496023856411704e+30
521.5083063235489,7.521645734891132e+30
521.4552773881348,7.489720315084549e+30
521.4022592359893,7.486556061553048e+30
521.3492518638236,7.473335564975609e+30
521.2962552683503,7.535197502907743e+30
521.2432694462833,7.460304254067727e+30
521.1902943943378,7.47511286340169e+30
521.1373301092304,7.473388668239866e+30
521.084376587679,7.490204247626068e+30
521.0314338264027,7.482062242763505e+30
520.9785018221223,7.451072125899019e+30
520.9255805715595,7.478966843337355e+30
520.8726700714377,7.495780684196729e+30
520.8197703184813,7.42269994066763e+30
520.7668813094162,7.503113346775116e+30
520.7140030409698,7.438899113770761e+30
520.6611355098704,7.480486790610439e+30
520.6082787128481,7.441639603861877e+30
520.555432646634,7.458888895981257e+30
520.5025973079605,7.452978375683243e+30
520.4497726935618,7.463710724560535e+30
520.3969588001727,7.475884516678853e+30
520.3441556245301,7.495675780559737e+30
520.2913631633714,7.459840828907153e+30
520.2385814134362,7.467023164488575e+30
520.1858103714646,7.480119512875267e+30
520.1330500341987,7.502291552595826e+30
520.0803003983815,7.496156848352817e+30
520.0275614607574,7.501461656063854e+30
519.9748332180723,7.549924672030246e+30
519.9221156670731,7.533941709812778e+30
519.8694088045083,7.565699508832586e+30
519.8167126271277,7.6117648393397e+30
519.7640271316822,7.600744531139599e+30
519.7113523149243,7.611822464243897e+30
519.6586881736076,7.561864361545496e+30
519.6060347044871,7.576765419769358e+30
519.553391904319,7.594696165648395e+30
519.5007597698611,7.604261886146599e+30
519.4481382978723,7.581676491743108e+30
519.3955274851128,7.654765117196025e+30
519.3429273283441,7.632201888241109e+30
519.2903378243293,7.529933362106472e+30
519.2377589698323,7.463311263029346e+30
519.1851907616187,7.337782992531897e+30
519.1326331964553,7.272690279300913e+30
519.0800862711103,7.180059987098846e+30
519.0275499823531,7.099196747241358e+30
518.9750243269543,6.97991823216091e+30
518.922509301686,6.847544137121713e+30
518.8700049033216,6.77840472091869e+30
518.8175111286356,6.663667577663311e+30
518.7650279744041,6.621025016763309e+30
518.7125554374044,6.563110241818155e+30
518.6600935144148,6.488524541512249e+30
518.6076422022155,6.407822414621717e+30
518.5552014975874,6.338009849377497e+30
518.5027713973132,6.345705495290192e+30
518.4503518981763,6.238247743051895e+30
518.3979429969621,6.178333218873632e+30
518.345544690457,6.145359448542872e+30
518.2931569754484,6.126579653556768e+30
518.2407798487255,6.07186995128962e+30
518.1884133070785,5.978575189302903e+30
518.1360573472988,5.925203952495446e+30
518.0837119661795,5.860853966285327e+30
518.0313771605146,5.791477519473937e+30
517.9790529270996,5.770433350203642e+30
517.9267392627313,5.660791774980339e+30
517.8744361642076,5.599135230519022e+30
517.8221436283279,5.584077184159015e+30
517.7698616518929,5.482162412246077e+30
517.7175902317045,5.428343912652111e+30
517.6653293645658,5.389125133643275e+30
517.6130790472813,5.357484611670116e+30
517.560839276657,5.322682335241119e+30
517.5086100494997,5.292754336132076e+30
517.4563913626179,5.251153238581135e+30
517.4041832128213,5.217953146116524e+30
517.3519855969207,5.19639636827343e+30
517.2997985117285,5.160441469160559e+30
517.247621954058,5.162588355054213e+30
517.1954559207243,5.102446261978717e+30
517.1433004085432,5.09524626293909e+30
517.0911554143322,5.085831728157651e+30
517.0390209349099,5.0406225261605444e+30
516.9868969670964,5.011168160367012e+30
516.9347835077127,5.0270725785715856e+30
516.8826805535813,5.001295345478563e+30
516.8305881015261,4.955150018606883e+30
516.7785061483722,4.967949679982231e+30
516.7264346909459,4.9737459646880876e+30
516.6743737260747,5.0126587108644205e+30
516.6223232505877,4.951429385337406e+30
516.5702832613148,4.912545338023064e+30
516.5182537550877,4.894876101410704e+30
516.466234728739,4.9135187388592416e+30
516.4142261791028,4.848553919053703e+30
516.3622281030142,4.8570123917522827e+30
516.31024049731,4.884430723625427e+30
516.2582633588279,4.893657068427269e+30
516.2062966844069,4.8390643035375553e+30
516.1543404708875,4.8685823131921866e+30
516.1023947151115,4.8722328858769606e+30
516.0504594139214,4.855331365369135e+30
515.9985345641619,4.879301678419082e+30
515.946620162678,4.827631317032212e+30
515.8947162063166,4.8261749347009817e+30
515.8428226919258,4.8838745094167946e+30
515.7909396163548,4.8663850460981867e+30
515.739066976454,4.817096635336265e+30
515.6872047690753,4.8515187884787074e+30
515.6353529910717,4.834170220009528e+30
515.5835116392977,4.857910547642381e+30
515.5316807106088,4.8488323111242035e+30
515.4798602018619,4.8212471544943457e+30
515.428050109915,4.832212277070536e+30
515.3762504316276,4.827358815132241e+30
515.3244611638603,4.871713251887313e+30
515.272682303475,4.8391584121652455e+30
515.2209138473348,4.790979330810454e+30
515.1691557923044,4.800704886773583e+30
515.1174081352492,4.855753910901564e+30
515.0656708730363,4.853589291514643e+30
515.0139440025339,4.8220702306442766e+30
514.9622275206113,4.8022326144734297e+30
514.9105214241396,4.840461360538566e+30
514.8588257099904,4.8187607618882817e+30
514.807140375037,4.871851656480039e+30
514.755465416154,4.8756558275518005e+30
514.7038008302172,4.890373154160952e+30
514.6521466141036,4.86099669943424e+30
514.6005027646912,4.8695866960849726e+30
514.5488692788598,4.872769064904579e+30
514.49724615349,4.893255055927928e+30
514.4456333854638,4.9093521880482706e+30
514.3940309716646,4.9118151730167886e+30
514.3424389089768,4.902326345288905e+30
514.2908571942862,4.926339665922561e+30
514.2392858244798,4.911282107848444e+30
514.1877247964459,4.9208000004636813e+30
514.136174107074,4.9729050073114575e+30
514.0846337532548,4.9835362667671517e+30
514.0331037318803,4.922977940353862e+30
513.9815840398438,4.9373388128915813e+30
513.9300746740398,4.9283557615776614e+30
513.878575631364,4.989818802083179e+30
513.8270869087135,4.9701138552449284e+30
513.7756085029863,4.9815940857265715e+30
513.7241404110821,4.994528963503121e+30
513.6726826299014,5.039977378520321e+30
513.6212351563463,4.992787414926e+30
513.5697979873199,4.9990882461810595e+30
513.5183711197268,5.004398953194983e+30
513.4669545504726,4.941917921539717e+30
513.4155482764639,4.8988227201902094e+30
513.3641522946094,4.829560369642618e+30
513.3127666018182,4.7643295060929365e+30
513.2613911950008,4.6990387230288247e+30
513.2100260710694,4.631774058469524e+30
513.1586712269367,4.561293367001781e+30
513.1073266595173,4.4916697422795934e+30
513.0559923657269,4.4105165808809683e+30
513.0046683424819,4.3534798258009497e+30
512.9533545867007,4.269753708893691e+30
512.9020510953023,4.2394886305054706e+30
512.8507578652075,4.1689776708758734e+30
512.7994748933377,4.0962962664902857e+30
512.7482021766161,4.0237891831553235e+30
512.6969397119668,3.943663650571085e+30
512.6456874963154,3.9040259532465486e+30
512.5944455265883,3.822879422811803e+30
512.5432137997135,3.754302546761945e+30
512.4919923126201,3.682314088293238e+30
512.4407810622384,3.6415480271287484e+30
512.3895800455002,3.598846380779635e+30
512.338389259338,3.566492426338114e+30
512.2872087006859,3.565260290812203e+30
512.2360383664793,3.5345544499461107e+30
512.1848782536543,3.5042788937306153e+30
512.1337283591491,3.4634672180490373e+30
512.0825886799023,3.4388232530161753e+30
512.031459212854,3.3959740095939506e+30
511.98033995494575,3.375426171323736e+30
511.9292309031199,3.3585465022371213e+30
511.8781320543205,3.3264564229615535e+30
511.8270434054924,3.316009678949602e+30
511.77596495358193,3.2713741165647647e+30
511.7248966955365,3.2373317736697556e+30
511.67383862830474,3.195839393165285e+30
511.6227907488367,3.1749769962060427e+30
511.57175305408333,3.17525967162433e+30
511.5207255409971,3.127498351486768e+30
511.4697082065315,3.1027064400065804e+30
511.4187010476412,3.059872715341629e+30
511.3677040612823,3.026174070826848e+30
511.3167172444119,2.998483715390778e+30
511.26574059398854,2.9504670469774813e+30
511.21477410697173,2.9494896574662763e+30
511.16381778032223,2.952994983145246e+30
511.1128716110022,2.977594866844436e+30
511.0619355959749,2.9756145151598197e+30
511.0110097322047,2.9926057177894346e+30
510.9600940166573,2.977585159063675e+30
510.9091884462996,2.978526107235706e+30
510.85829301809974,2.980399666005543e+30
510.80740772902686,2.978192334072347e+30
510.7565325760516,2.9728690755598784e+30
510.7056675561457,2.969070574739741e+30
510.65481266628194,2.9737465271153284e+30
510.6039679034346,2.9761852488489496e+30
510.55313326457883,2.9639348742890497e+30
510.5023087466913,3.011896532180473e+30
510.45149434674966,3.014353722300399e+30
510.400690061733,3.013766708176427e+30
510.34989588862123,2.9915256425109006e+30
510.2991118243959,2.995681441184371e+30
510.2483378660394,2.994080534700877e+30
510.19757401053556,2.9850670936035524e+30
510.14682025486934,3.002724730854621e+30
510.0960765960269,2.9846830205697957e+30
510.0453430309954,2.984049889013911e+30
509.99461955676367,2.982482359471693e+30
509.9439061703212,3.0182736870943325e+30
509.8932028686591,3.0254868680628867e+30
509.84250964876946,3.0236326533233994e+30
509.79182650764557,3.0311562879077e+30
509.74115344228204,3.0382352913309615e+30
509.6904904496744,3.0265502753923897e+30
509.6398375268198,3.02535884935873e+30
509.58919467071615,3.019854878317522e+30
509.538561878363,3.0189576400071263e+30
509.48793914676054,3.026533356702359e+30
509.4373264729106,3.0313016801853724e+30
509.38672385381614,3.0626973948171266e+30
509.3361312864812,3.0619161668846924e+30
509.28554876791094,3.064928275225653e+30
509.23497629511184,3.075566535469047e+30
509.1844138650916,3.0651926060627553e+30
509.1338614748589,3.0699860710971905e+30
509.083319121424,3.068107690649651e+30
509.0327868017979,3.076200849141773e+30
508.9822645129931,3.10947400184027e+30
508.931752252023,3.1132621390351133e+30
508.8812500159025,3.1079504770777063e+30
508.83075780164756,3.0921789561860014e+30
508.78027560627527,3.1043717339109537e+30
508.7298034268039,3.0999324253040943e+30
508.67934126025307,3.111432790000219e+30
508.6288891036433,3.132243324167253e+30
508.57844695399655,3.136909982209834e+30
508.5280148083358,3.1221325230790726e+30
508.4775926636853,3.1186226370994954e+30
508.4271805170704,3.121260885793285e+30
508.3767783655178,3.119917197615859e+30
508.3263862060552,3.153891104957904e+30
508.2760040357115,3.1422502229134193e+30
508.22563185151677,3.146070153888494e+30
508.17526965050246,3.137332798927831e+30
508.1249174297009,3.14356349819911e+30
508.0745751861458,3.178645278968291e+30
508.02424291687197,3.1627570434062736e+30
507.97392061891543,3.1544907665954383e+30
507.9236082893133,3.158105033037329e+30
507.8733059251039,3.137862689634348e+30
507.82301352332684,3.1507239375503163e+30
507.77273108102276,3.156714139231022e+30
507.7224585952335,3.156606335046556e+30
507.6721960630021,3.163649523337191e+30
507.6219434813728,3.181724545577093e+30
507.57170084739096,3.182549876654117e+30
507.52146815810306,3.179996439955273e+30
507.4712454105569,3.177870689576963e+30
507.4210326018013,3.2066735092341176e+30
507.3708297288864,3.201775877809841e+30
507.3206367888633,3.188072908668065e+30
507.27045377878443,3.180784041344515e+30
507.2202806957033,3.2094858229672573e+30
507.1701175366747,3.2085609692748085e+30
507.1199642987545,3.2182146372275864e+30
507.0698209789997,3.1882902867197103e+30
507.0196875744685,3.235322820090866e+30
506.96956408222036,3.249944043131185e+30
506.91945049931564,3.2150215132639175e+30
506.8693468228162,3.242205172082388e+30
506.8192530497849,3.242560906384623e+30
506.7691691772856,3.248950670826495e+30
506.71909520238364,3.265545711645431e+30
506.6690311221452,3.2708549186467606e+30
506.61897693363795,3.2430989680700006e+30
506.5689326339305,3.2533559070066647e+30
506.5188982200926,3.2806814931377297e+30
506.4688736891952,3.2664118573096845e+30
506.4188590383106,3.266437663876662e+30
506.36885426451187,3.293551986070341e+30
506.31885936487356,3.283225801617097e+30
506.26887433647136,3.275174951121613e+30
506.21889917638185,3.3024331597157e+30
506.168933881683,3.296690373291299e+30
506.11897844945383,3.328664885847761e+30
506.0690328767747,3.300796296150712e+30
506.01909716072686,3.307094485002393e+30
505.9691712983928,3.339056923006375e+30
505.91925528685624,3.349466201192108e+30
505.8693491232019,3.339340011832713e+30
505.81945280451595,3.3368755175860626e+30
505.76956632788534,3.34134735318636e+30
505.7196896903984,3.371184957452062e+30
505.66982288914454,3.355882471923677e+30
505.61996592121426,3.372985550816315e+30
505.5701187836994,3.366928347861897e+30
505.52028147369276,3.3747780778795254e+30
505.4704539882882,3.4002167817321093e+30
505.4206363245811,3.403800963102159e+30
505.37082847966764,3.412146039465244e+30
505.32103045064525,3.41021785755018e+30
505.2712422346126,3.4049464782939086e+30
505.2214638286693,3.4173878261263214e+30
505.1716952299163,3.384830821033606e+30
505.1219364354555,3.418107982921698e+30
505.0721874423902,3.4081199696262995e+30
505.0224482478246,3.4104925266161146e+30
504.9727188488642,3.4123942580071726e+30
504.9229992426155,3.436681974236146e+30
504.87328942618626,3.4472412766796903e+30
504.82358939668535,3.442729226523305e+30
504.7738991512227,3.443497985206473e+30
504.7242186869094,3.458827765374408e+30
504.67454800085795,3.4382224682196576e+30
504.6248870901815,3.4577154224768804e+30
504.5752359519947,3.4623153712093613e+30
504.5255945834132,3.447599978052967e+30
504.47596298155383,3.470758374489358e+30
504.4263411435345,3.4873712633267555e+30
504.37672906647435,3.468290520740471e+30
504.3271267474935,3.4886438341915133e+30
504.2775341837133,3.500947726511717e+30
504.2279513722563,3.4945483231202204e+30
504.17837831024616,3.513725181438079e+30
504.1288149948075,3.520847746738135e+30
504.07926142306616,3.522360789003222e+30
504.0297175921492,3.5279411130751404e+30
503.98018349918476,3.5396345635966905e+30
503.93065914130216,3.5366746798426244e+30
503.88114451563166,3.549637161820999e+30
503.8316396193048,3.547050490126044e+30
503.7821444494543,3.544571805391246e+30
503.7326590032138,3.565878082546199e+30
503.6831832777183,3.5665672706296743e+30
503.6337172701038,3.566257970109077e+30
503.58426097750737,3.5728875142341105e+30
503.5348143970674,3.595527787070849e+30
503.48537752592324,3.570733601906132e+30
503.4359503612153,3.5162415161815743e+30
503.3865329000853,3.5037620445845586e+30
503.33712513967606,3.4512101862068917e+30
503.28772707713136,3.455066714326378e+30
503.23833870959623,3.431000859829019e+30
503.1889600342168,3.404538800679823e+30
503.1395910481404,3.375060701535693e+30
503.0902317485153,3.383358821305039e+30
503.04088213249094,3.325059355486762e+30
502.99154219721794,3.321265403497008e+30
502.9422119398481,3.319891846902179e+30
502.8928913575342,3.293702644421861e+30
502.8435804474302,3.2657433570762545e+30
502.79427920669116,3.239438117554767e+30
502.7449876324733,3.23123125149049e+30
502.69570572193385,3.214429510904504e+30
502.6464334722313,3.2036969790683204e+30
502.59717088052514,3.1503234649347155e+30
502.54791794397596,3.13045917122676e+30
502.4986746597456,3.12230720654117e+30
502.4494410249969,3.096944708427353e+30
502.40021703689376,3.0977009269995e+30
502.35100269260136,3.0460295595175116e+30
502.3017979892859,3.042227726608342e+30
502.2526029241146,3.010895488192053e+30
502.20341749425603,3.0143175674106935e+30
502.1542416968796,2.99846332809735e+30
502.105075529156,3.003607997338836e+30
502.0559189882569,2.985692065507766e+30
502.0067720713553,2.9761873529345224e+30
501.95763477562497,2.963955303728286e+30
501.90850709824105,2.946420938274925e+30
501.85938903637975,2.9623968179838625e+30
501.8102805872184,2.944850748319682e+30
501.7611817479352,2.938771379054562e+30
501.71209251570986,2.944759070407742e+30
501.66301288772274,2.931134136963977e+30
501.6139428611558,2.9118465934851444e+30
501.5648824331916,2.9264212147883686e+30
501.5158316010141,2.908785719710508e+30
501.4667903618083,2.8874527382415227e+30
501.4177587127603,2.899203475266434e+30
501.36873665105736,2.879266967394069e+30
501.3197241738878,2.8604960477211263e+30
501.2707212784408,2.875109592198025e+30
501.2217279619071,2.857082612388058e+30
501.17274422147824,2.848197766677103e+30
501.12377005434683,2.853580781180873e+30
501.07480545770676,2.83946717403492e+30
501.0258504287529,2.85512011551605e+30
500.9769049646811,2.8355347521871144e+30
500.92796906268865,2.857999377695941e+30
500.87904271997354,2.843193802524244e+30
500.83012593373513,2.8380227740680655e+30
500.7812187011738,2.830396427700879e+30
500.73232101949094,2.8395854622086985e+30
500.6834328858892,2.8513018084497476e+30
500.63455429757215,2.841322765890897e+30
500.5856852517445,2.8374270921832623e+30
500.53682574561213,2.826203865384241e+30
500.487975776382,2.851423484386808e+30
500.43913534126193,2.848832707581458e+30
500.3903044374612,2.8342053013086505e+30
500.3414830621899,2.8241928878308524e+30
500.2926712126594,2.83728015554744e+30
500.24386888608194,2.8222996057835547e+30
500.195076079671,2.839361657426757e+30
500.14629279064127,2.851947174242259e+30
500.09751901620814,2.834919922696024e+30
500.04875475358847,2.8264839884606296e+30
