wavelength,luminosity
20000.0,1.9002918749670611e+37
19922.303018228908,1.92687161486962e+37
19845.207382417146,1.9550378674394143e+37
19768.706138183254,1.9840847591782202e+37
19692.792437967706,2.013996319443866e+37
19617.4595389897,2.0425331563737623e+37
19542.700801250732,2.0692787714075622e+37
19468.50968558357,2.0947425673519725e+37
19394.87975174554,2.1238583441682758e+37
19321.804656554923,2.154787400442073e+37
19249.278152069295,2.1854597304802743e+37
19177.294083804773,2.21646392530858e+37
19105.846388995033,2.247287047501144e+37
19034.92909488912,2.2782405798262705e+37
18964.536317087048,2.308269689672228e+37
18894.66225791214,2.3335586893695695e+37
18825.301204819276,2.3564953989731646e+37
18756.447528838038,2.3815327037069865e+37
18688.095683049898,2.40628756432217e+37
18620.240201098593,2.423047516173051e+37
18552.875695732837,2.430346791473872e+37
18485.996857380534,2.44231571679001e+37
18419.59845275373,2.456027246678675e+37
18353.675323483527,2.4725361043311597e+37
18288.2223847842,2.488099843766269e+37
18223.234624145785,2.4935874658202402e+37
18158.70710005448,2.5094922073489343e+37
18094.63494074007,2.5444873657511823e+37
18031.013342949875,2.6156549699508395e+37
17967.83757074836,2.65627920833344e+37
17905.102954341986,2.6736059882544964e+37
17842.80488892854,2.6906695236128502e+37
17780.938833570413,2.7064209119643204e+37
17719.500310091258,2.757856560488907e+37
17658.48490199541,2.798822113528114e+37
17597.88825340959,2.818835514666844e+37
17537.7060680463,2.817843535291712e+37
17477.934108188412,2.8206474814008797e+37
17418.56819369448,2.8673140775863684e+37
17359.604201024216,2.9260346641377797e+37
17301.038062283737,2.9637252477593385e+37
17242.865764290025,3.018684885216766e+37
17185.083347654236,3.090346468960847e+37
17127.68690588336,3.1495318552648496e+37
17070.67258449983,3.2459214695912855e+37
17014.036580178647,3.3481150149978806e+37
16957.775139901645,3.413990707571519e+37
16901.884560128452,3.463464996222866e+37
16846.361185983827,3.5080378119780524e+37
16791.20141046092,3.5528942114118616e+37
16736.401673640165,3.5931194029563515e+37
16681.95846192343,3.632106133589413e+37
16627.868307283006,3.671969073114894e+37
16574.127786525234,3.711511187359802e+37
16520.733520568312,3.750915696300179e+37
16467.682173734047,3.790517471961265e+37
16414.970453053185,3.829139930074675e+37
16362.595107584062,3.8707282200302975e+37
16310.55292774425,3.9139410572457776e+37
16258.840744654906,3.9715317695900593e+37
16207.455429497568,4.0256638430547995e+37
16156.393892883107,4.0742624106827756e+37
16105.653084232566,4.1203510630150585e+37
16055.229991169623,4.167708418813972e+37
16005.121638924456,4.223567645267657e+37
15955.325089748701,4.28083623159219e+37
15905.837442341339,4.337743256160712e+37
15856.655831285181,4.391675876966451e+37
15807.777426493836,4.441080732062884e+37
15759.19943266882,4.489546220903581e+37
15710.919088766692,4.534306833292079e+37
15662.933667475918,4.5798978388290495e+37
15615.240474703309,4.628474304304053e+37
15567.836849069823,4.6754748993056285e+37
15520.72016141549,4.720587584476077e+37
15473.887814313346,4.764494472717948e+37
15427.337241592102,4.810764602607163e+37
15381.065907867414,4.858734412106744e+37
15335.07130808158,4.9101781790958675e+37
15289.350967051449,4.961731498149813e+37
15243.90243902439,5.013414123226418e+37
15198.723307242191,5.065353662092067e+37
15153.811183512653,5.117888340848679e+37
15109.163707788774,5.164417468378579e+37
15064.778547755348,5.212581036527213e+37
15020.65339842283,5.263322029775684e+37
14976.78598172832,5.3158010643335615e+37
14933.174046143507,5.369466779999827e+37
14889.815366289458,5.423121796498061e+37
14846.707742558088,5.477380751094983e+37
14803.849000740192,5.5306941590110055e+37
14761.2369916599,5.585021465092267e+37
14718.869590815424,5.641777055706411e+37
14676.744698025977,5.696018934535153e+37
14634.860237084737,5.75318764336855e+37
14593.21415541773,5.812540757889175e+37
14551.804423748546,5.86983242450041e+37
14510.629035768701,5.921124463736117e+37
14469.686007813632,5.970924206014956e+37
14428.973378544119,6.021625822763165e+37
14388.489208633096,6.0797584849366245e+37
14348.23158045771,6.140687855773015e+37
14308.198597796538,6.199133676745183e+37
14268.388385531856,6.253862025716757e+37
14228.79908935686,6.305811382987135e+37
14189.428875487763,6.358741664023803e+37
14150.275930380643,6.417943543441358e+37
14111.338460452975,6.484706748735608e+37
14072.61469180974,6.54957004392016e+37
14034.10286997404,6.612062457856273e+37
13995.801259622114,6.675709194692513e+37
13957.708144322703,6.739061824026686e+37
13919.821826280626,6.807206575969197e+37
13882.140626084543,6.874289123800822e+37
13844.662882458813,6.942921101956953e+37
13807.386952019331,7.013190762048826e+37
13770.311209033325,7.08300421224452e+37
13733.434045183,7.145347882228031e+37
13696.75386933297,7.198466040859066e+37
13660.269107301414,7.252321612544052e+37
13623.978201634878,7.307753523476335e+37
13587.879611386645,7.365987690049727e+37
13551.971811898633,7.425951615367966e+37
13516.253294586742,7.487012831443888e+37
13480.722566729579,7.552128925872149e+37
13445.378151260506,7.62492232490755e+37
13410.218586562962,7.6915934351768e+37
13375.242426268976,7.755666578471777e+37
13340.448239060834,7.847247486640436e+37
13305.834608475818,7.940051181604001e+37
13271.400132714003,8.024994866451675e+37
13237.143424449005,8.103947523957096e+37
13203.06311064167,8.181300055788728e+37
13169.157832356621,8.251363883135785e+37
13135.426244581637,8.318866609453682e+37
13101.867016049788,8.386846801468621e+37
13068.478829064297,8.456594184445403e+37
13035.260379326079,8.526567324048178e+37
13002.210375763882,8.588840513475642e+37
12969.327540367032,8.655739179703236e+37
12936.610608020701,8.727977340597616e+37
12904.058326343637,8.79961169875879e+37
12871.669455528383,8.868162854529306e+37
12839.442768183862,8.935444258953899e+37
12807.37704918033,9.00506736718798e+37
12775.471095496649,9.073190570769763e+37
12743.723716069837,9.143276663366564e+37
12712.133731646858,9.21810879357727e+37
12680.6999746386,9.294362314167517e+37
12649.42128897603,9.371799692741171e+37
12618.296529968455,9.453101575333677e+37
12587.324564163888,9.544349620195883e+37
12556.504269211451,9.631555827213922e+37
12525.83453372581,9.71594680120644e+37
12495.314257153568,9.797703784361998e+37
12464.942349641633,9.87755849172916e+37
12434.717731907487,9.960303514076763e+37
12404.639335111333,1.0043327194830849e+38
12374.706100730109,1.0124970001764708e+38
12344.916980433307,1.020848127226944e+38
12315.270935960592,1.0292999514150604e+38
12285.766939001167,1.0371154900135247e+38
12256.403971074888,1.0445738987748898e+38
12227.181023415053,1.0522480049057566e+38
12198.09709685289,1.060473948858336e+38
12169.15120170368,1.068524790691749e+38
12140.342357654488,1.0765527677038385e+38
12111.669593653487,1.0843757508954532e+38
12083.13194780087,1.0923119358789273e+38
12054.728467241277,1.100380810390701e+38
12026.458208057727,1.1091998874640905e+38
11998.320235167079,1.118310472896929e+38
11970.313622216903,1.1273370416166504e+38
11942.437451483847,1.1364979367548479e+38
11914.690813773383,1.1474558395178112e+38
11887.072808320952,1.1578526893131011e+38
11859.582542694498,1.1676748188706707e+38
11832.21913269834,1.1777055108541825e+38
11804.981702278363,1.187427387520763e+38
11777.869383428537,1.1970996506328679e+38
11750.881316098707,1.2069005291927124e+38
11724.016648103641,1.2165167352192851e+38
11697.274535033339,1.2256559134803634e+38
11670.654140164557,1.2343599675646454e+38
11644.154634373546,1.2432188294999527e+38
11617.775196049957,1.2522902543950344e+38
11591.51501101194,1.261167635157251e+38
11565.373272422368,1.270076877412887e+38
11539.34918070621,1.279220230582874e+38
11513.441943469,1.2881489764279901e+38
11487.650775416429,1.297031818017154e+38
11461.974898274973,1.306457696893803e+38
11436.413540713633,1.3163367438323535e+38
11410.965938266676,1.3259306265679308e+38
11385.63133325743,1.3353433568570898e+38
11360.40897472309,1.344239229678349e+38
11335.298118340514,1.3532786012695561e+38
11310.298026352993,1.3626372683892017e+38
11285.407967498026,1.3715973996590605e+38
11260.627216935984,1.380259777022754e+38
11235.955056179775,1.3903696809962772e+38
11211.390773025394,1.4005990517743481e+38
11186.933661483388,1.411265615499856e+38
11162.583021711223,1.4222654704203556e+38
11138.338159946536,1.4324995756652582e+38
11114.198388441235,1.4391142146986011e+38
11090.163025396474,1.4455611692998184e+38
11066.231394898468,1.4530121617270455e+38
11042.402826855125,1.4599902781373434e+38
11018.676656933503,1.4672361777911503e+38
10995.052226498075,1.4750047758943618e+38
10971.528882549783,1.482909812090778e+38
10948.105977665866,1.492824998548955e+38
10924.78286994046,1.5027671311801223e+38
10901.558922925979,1.5120887897282244e+38
10878.433505575198,1.5215689785202009e+38
10855.405992184109,1.5308302909458695e+38
10832.475762335482,1.540009544784564e+38
10809.642200843153,1.5528320062553991e+38
10786.904697696997,1.572494963507698e+38
10764.262648008611,1.5894249737631415e+38
10741.715451957678,1.6043193106344867e+38
10719.262514738984,1.6180694481035902e+38
10696.903246510135,1.6309302046396041e+38
10674.63706233988,1.6427808519850524e+38
10652.463382157124,1.6544015235051929e+38
10630.381630700542,1.6655566343716483e+38
10608.391237468839,1.6771834214140894e+38
10586.491636671606,1.689016252797078e+38
10564.682267180815,1.700223152441435e+38
10542.96257248287,1.7109774045456856e+38
10521.33200063128,1.7211883943638386e+38
10499.790004199916,1.7307949098505244e+38
10478.33604023681,1.7405203431279226e+38
10456.96957021855,1.7514565189115288e+38
10435.690060005218,1.762353482812782e+38
10414.496979795875,1.7730337438579577e+38
10393.389804084602,1.783917073224387e+38
10372.36801161705,1.7949794690357394e+38
10351.431085347549,1.805674666501346e+38
10330.578512396694,1.8164836000916507e+38
10309.809784009485,1.8272786453443023e+38
10289.124395513942,1.83838281992662e+38
10268.52184628023,1.8492949604326365e+38
10248.001639680264,1.8601104817265103e+38
10227.563283047815,1.87135189627801e+38
10207.206287639074,1.8838821399363037e+38
10186.930168593695,1.89644354177029e+38
10166.7344448963,1.908366389411384e+38
10146.618639338441,1.9202084547360653e+38
10126.582278481013,1.93239012262895e+38
10106.62489261711,1.9446059128167817e+38
10086.746015735325,1.95596407929356e+38
10066.945185483466,1.9671284261667754e+38
10047.221943132723,1.9786216166506224e+38
10027.57583354224,1.9900000363600677e+38
10008.006405124099,2.0013186050424455e+38
9988.513209808722,2.0127849425487507e+38
9969.095803010667,2.0237473432855086e+38
9949.753743594847,2.0347003887022707e+38
9930.486593843098,2.045795415783542e+38
9911.293919421181,2.0567283515574715e+38
9892.175289346129,2.0671044789801132e+38
9873.130275953992,2.0769975213758747e+38
9854.158454867955,2.0870117493157404e+38
9835.259404966806,2.0974049815862465e+38
9816.432708353785,2.108011175753433e+38
9797.677950325773,2.1188053746654203e+38
9778.99471934285,2.129378540970237e+38
9760.382606998195,2.1328685000842964e+38
9741.84120798831,2.1346682013980125e+38
9723.370120083622,2.135871479527241e+38
9704.968944099379,2.140027986772006e+38
9686.637283866905,2.144249553971143e+38
9668.374746205162,2.1475927023123525e+38
9650.180940892642,2.1544833327718705e+38
9632.055480639568,2.1608968734410065e+38
9613.997981060424,2.1706139298985405e+38
9596.008060646773,2.1814624445925465e+38
9578.085340740385,2.1944136311430693e+38
9560.229445506693,2.20596869617629e+38
9542.44000190849,2.2189589406958477e+38
9524.71663967997,2.2320114026348596e+38
9507.05899130104,2.2458518648764067e+38
9489.466691971911,2.2608394077407272e+38
9471.939379587971,2.320729232010134e+38
9454.476694714947,2.3711873807168476e+38
9437.078280564338,2.408362712664365e+38
9419.743782969103,2.4359955942824883e+38
9402.472850359645,2.4584958174340203e+38
9385.265133740028,2.4787462749204044e+38
9368.120286664482,2.49806177455561e+38
9351.037965214138,2.516364650368745e+38
9334.017827974052,2.534249728772566e+38
9317.059536010434,2.551561761904044e+38
9300.162752848175,2.5675826188324336e+38
9283.32714444857,2.582531669595207e+38
9266.552379187324,2.596675185775386e+38
9249.838127832763,2.610375880484902e+38
9233.184063524306,2.6241334596169156e+38
9216.589861751152,2.6381060318251863e+38
9200.055200331202,2.651983868310906e+38
9183.57975939021,2.665930762876412e+38
9167.163221341156,2.6802397651318525e+38
9150.805270863837,2.6944687108447354e+38
9134.505594884677,2.7057657679050994e+38
9118.263882556761,2.7105033756666756e+38
9102.079825240067,2.71017107112749e+38
9085.953116481918,2.7061896946886965e+38
9069.883451997643,2.7026961005983387e+38
9053.870529651425,2.6989134269021315e+38
9037.91404943739,2.698608130491587e+38
9022.013713460845,2.6988853479727765e+38
9006.169225919755,2.702103177579142e+38
8990.380293086399,2.70794038022843e+38
8974.646623289209,2.713633327338594e+38
8958.967926894822,2.7210786482515472e+38
8943.343916290301,2.7279508101397807e+38
8927.774305865549,2.7372921454622194e+38
8912.2588119959,2.747250018220733e+38
8896.79715302491,2.7578211181801594e+38
8881.389049247302,2.7689175788758892e+38
8866.0342228921,2.793052516668586e+38
8850.732398105944,2.8255771744955632e+38
8835.483300936561,2.8736643784720127e+38
8820.286659316427,2.9299782251884743e+38
8805.142203046578,2.973673838515869e+38
8790.0496637806,3.008420914137077e+38
8775.008775008775,3.037197875900743e+38
8760.019272042398,3.061682168557095e+38
8745.080891998252,3.084109304559263e+38
8730.19337378323,3.1055553421944536e+38
8715.356458079135,3.126499002778937e+38
8700.56988732762,3.1471385301138558e+38
8685.833405715279,3.1674914553260617e+38
8671.146759158899,3.187029654761108e+38
8656.509695290859,3.205701501489108e+38
8641.92196344467,3.225008192141889e+38
8627.383314640669,3.2441260867935802e+38
8612.893501571853,3.262484922118198e+38
8598.452278589853,3.2809942570857983e+38
8584.05940169106,3.2997199923650884e+38
8569.714628502872,3.3183112569965677e+38
8555.417718270095,3.3366548107705245e+38
8541.168431841475,3.352934181707045e+38
8526.966531656362,3.366861281351107e+38
8512.811781731505,3.379911221385803e+38
8498.703947647984,3.392711307818753e+38
8484.642796538266,3.405219454918918e+38
8470.628097073397,3.417700489928645e+38
8456.659619450318,3.430218326006799e+38
8442.73713537929,3.442090596481792e+38
8428.860418071477,3.453099803225579e+38
8415.029242226616,3.459222867689597e+38
8401.243384020836,3.464452192713302e+38
8387.502621094569,3.4690647014676425e+38
8373.806732540612,3.472088524705657e+38
8360.15549889228,3.47455655196241e+38
8346.548702111677,3.476712925686577e+38
8332.986125578102,3.478832339280138e+38
8319.46755407654,3.475202943331885e+38
8305.992773786287,3.469037608813874e+38
8292.561572269675,3.466477006008065e+38
8279.1737384609,3.4694487977679664e+38
8265.829062654984,3.472747739561818e+38
8252.527336496802,3.475772320794113e+38
8239.268352970255,3.480423247537149e+38
8226.051906387529,3.485845635150483e+38
8212.87779237845,3.490564365092023e+38
8199.745807879955,3.495864261542037e+38
8186.655751125665,3.5008262529886504e+38
8173.607421635538,3.520151937301383e+38
8160.600620205647,3.54523359774718e+38
8147.635148898032,3.572669470791555e+38
8134.710811030667,3.599857990558738e+38
8121.827411167513,3.627573562197067e+38
8108.98475510866,3.656495220708994e+38
8096.182649880581,3.6840847439599244e+38
8083.420903726457,3.7182713766249115e+38
8070.6993260966065,3.7551254418612085e+38
8058.017727639,3.791360463596278e+38
8045.37592018987,3.827304502127009e+38
8032.773716764399,3.862819731276908e+38
8020.2109315475,3.8973759101710586e+38
8007.68737988469,3.931108281670731e+38
7995.202878273038,3.965502244608131e+38
7982.7572443522,3.999843998877169e+38
7970.350296895549,4.033140921530673e+38
7957.98185580137,4.0697610390735086e+38
7945.651742084146,4.108985907798663e+38
7933.359777865927,4.146474765530672e+38
7921.105786367778,4.1837870454195324e+38
7908.889591901298,4.2234381406578084e+38
7896.711019860229,4.262188624903263e+38
7884.569896712135,4.3005831316341955e+38
7872.46604999016,4.3378413406529414e+38
7860.399308284863,4.373515163349714e+38
7848.369501236119,4.40709071244824e+38
7836.376459525117,4.4396723395363626e+38
7824.420014866399,4.468228636796539e+38
7812.500000000001,4.4932795494252955e+38
7800.6162486836465,4.5178792239847284e+38
7788.768595685023,4.539750542242744e+38
7776.956876774119,4.559392859650683e+38
7765.18092871564,4.5782163174598836e+38
7753.440589261486,4.597644187064786e+38
7741.7356971433,4.616951563060975e+38
7730.066092065088,4.6357143135875836e+38
7718.4316146958945,4.654088395114414e+38
7706.832106662557,4.672408498889155e+38
7695.267410542517,4.69057865927964e+38
7683.737369856699,4.7083196539918466e+38
7672.241829062453,4.724657049562514e+38
7660.780633546559,4.711877865679044e+38
7649.353629618298,4.684540653535349e+38
7637.960664502579,4.650293180240948e+38
7626.60158633313,4.60973734895946e+38
7615.276244145758,4.5707582690378316e+38
7603.984487871646,4.526069862152818e+38
7592.72616833074,4.472756163475823e+38
7581.501137225171,4.423875897757325e+38
7570.309247132746,4.371546567852637e+38
7559.150351500492,4.3158367568228395e+38
7548.024304638262,4.267348840563828e+38
7536.930961712392,4.214444612206022e+38
7525.8701787394175,4.164126917358571e+38
7514.841812579846,4.116968518309222e+38
7503.845720931979,4.06924674634942e+38
7492.881762325792,4.028120857223501e+38
7481.949796116869,3.985316738945543e+38
7471.0496824803895,3.948884705241549e+38
7460.181282405163,3.914299041587227e+38
7449.344457687725,3.8855131326681885e+38
7438.539070926471,3.943706581467585e+38
7427.764985515859,4.0263994179521495e+38
7417.022065640646,4.121659725184639e+38
7406.310176270184,4.217926007487111e+38
7395.629183152757,4.318102633176754e+38
7384.9789528099855,4.409761848056122e+38
7374.35935253125,4.499680996781147e+38
7363.770250368189,4.586383355195943e+38
7353.211515129234,4.661067671348024e+38
7342.683016374184,4.7311700991811766e+38
7332.184624408843,4.796521713690951e+38
7321.71621027969,4.856199773851306e+38
7311.277645768599,4.91333205267786e+38
7300.868803387603,4.962712422848449e+38
7290.489556373712,5.007767487635064e+38
7280.1397786837515,5.048056463314605e+38
7269.819344989278,5.085077140650645e+38
7259.528130671507,5.1209149849189924e+38
7249.266011816305,5.15137499463852e+38
7239.032865209209,5.1776858967309595e+38
7228.828568330503,5.2018200571285084e+38
7218.652999350322,5.222703115163378e+38
7208.506037123808,5.242819775567462e+38
7198.387561186295,5.263836659260226e+38
7188.2974517485545,5.2852948394015876e+38
7178.2355896920535,5.3059214820414386e+38
7168.201856564282,5.324129200805838e+38
7158.196134574087,5.340705637984816e+38
7148.218306587084,5.355062979999548e+38
7138.268256121066,5.349065277977612e+38
7128.345867341483,5.2927432115940935e+38
7118.451025056948,5.215205214159054e+38
7108.583614714769,5.133274766354589e+38
7098.743522396537,5.040557233103852e+38
7088.930634813739,4.944383096629184e+38
7079.144839303413,4.8453723702736285e+38
7069.386023823831,4.7415566109111525e+38
7059.65407695023,4.6277199595332304e+38
7049.948887870563,4.5287177879690945e+38
7040.270346381302,4.4295784737571624e+38
7030.618342883256,4.337341532074334e+38
7020.9927683774495,4.261088568186654e+38
7011.393514461,4.1771124241536495e+38
7001.820473323064,4.117325159226104e+38
6992.273537740797,4.0608901916625696e+38
6982.752601075345,4.010561723901952e+38
6973.257557267878,3.974107297139791e+38
6963.788300835656,3.947650567929269e+38
6954.344726868112,3.920673170020086e+38
6944.926731022989,3.9054317717266505e+38
6935.53420952249,3.904446600503255e+38
6926.167059149468,4.07121572349571e+38
6916.825177243645,4.30599092662796e+38
6907.508461697866,4.591066454550189e+38
6898.216810954369,4.8850516198119355e+38
6888.950124001103,5.1638323120110644e+38
6879.708300368065,5.409221333838389e+38
6870.491240123669,5.617363278882367e+38
6861.298843871145,5.770399963050384e+38
6852.131012744964,5.899459293859113e+38
6842.987648407296,5.992812596227437e+38
6833.868653044489,6.074072953668901e+38
6824.7739293635905,6.139848271486567e+38
6815.703380588878,6.200744028155375e+38
6806.65691045843,6.2651606307118726e+38
6797.634423220719,6.322629720661395e+38
6788.635823631242,6.378068637204298e+38
6779.661016949153,6.43085446530204e+38
6770.709908933953,6.4826035028666345e+38
6761.782405842181,6.5353227949492335e+38
6752.878414424149,6.588880493529591e+38
6743.997841920692,6.644906654786482e+38
6735.140596059943,6.704531850734546e+38
6726.306585054148,6.765912120941277e+38
6717.49571759648,6.828530306657051e+38
6708.70790285791,6.894094087308266e+38
6699.943050484071,6.961321406139389e+38
6691.201070592172,7.027727242718386e+38
6682.481873767918,7.090770045423588e+38
6673.785371062468,7.153661530136468e+38
6665.111473989403,7.218869137057658e+38
6656.460094521734,7.284641781098105e+38
6647.831145088916,7.34733021923911e+38
6639.224538573895,7.40965261642957e+38
6630.640188310182,7.467089324139261e+38
6622.078008078935,7.520494797894762e+38
6613.537912106081,7.57072470569533e+38
6605.019815059446,7.618794672256563e+38
6596.523632045913,7.661635535769561e+38
6588.049278608604,7.699694730730522e+38
6579.596670724085,7.732317132292111e+38
6571.16572479958,7.764482948820468e+38
6562.756357670222,7.796233579800068e+38
6554.368486596317,7.828126509061433e+38
6546.00202926063,7.859960255612147e+38
6537.656903765691,7.89128260791673e+38
6529.333028631126,7.922735716004684e+38
6521.030322791002,7.95482003043173e+38
6512.748705591196,7.986850036979251e+38
6504.488096786783,8.020325619027105e+38
6496.248416539449,8.058044574863983e+38
6488.02958541491,8.042625916352773e+38
6479.831524380366,7.99901719438543e+38
6471.654154801968,7.912465549621388e+38
6463.497398442298,7.805884795235301e+38
6455.361177457879,7.696445255524327e+38
6447.2454143967,7.569416557947919e+38
6439.15003219575,7.429880677559734e+38
6431.074954178592,7.2915182055942e+38
6423.020104052926,7.132610029887024e+38
6414.985405908202,6.967594824476063e+38
6406.970784213225,6.788835732979869e+38
6398.976163813791,6.6063074754932e+38
6391.001469930338,6.418938371907987e+38
6383.046628155619,6.229237586527548e+38
6375.111564452378,6.036752973062723e+38
6367.196205151063,5.8538887761942635e+38
6359.3004769475365,5.6775750283415675e+38
6351.4243069008235,5.5015445879301975e+38
6343.567622430856,5.3557994475627066e+38
6335.730351316249,5.2122312491140704e+38
6327.9124216920845,5.079006798052757e+38
6320.113762047717,4.9658915406241105e+38
6312.334301224594,4.860108967036679e+38
6304.573968414085,4.806568438438499e+38
6296.832693155343,4.863746900427906e+38
6289.110405333166,4.963485248118478e+38
6281.407035175879,5.126675249087443e+38
6273.722513253239,5.3272194884749686e+38
6266.056770474341,5.570974976488782e+38
6258.409738085553,5.845484110106482e+38
6250.781347668459,6.132223686394467e+38
6243.171531137818,6.4213669376145835e+38
6235.58022073954,6.693752100255572e+38
6228.007349048672,6.929673323655045e+38
6220.452848967405,7.1335255131053e+38
6212.916653723091,7.292334893758055e+38
6205.398696866274,7.424253670516852e+38
6197.898912268741,7.517634819887967e+38
6190.41723412158,7.597070349640475e+38
6182.9535969332555,7.665776825564375e+38
6175.507935527697,7.726167880961198e+38
6168.080185042407,7.766310603443404e+38
6160.670280926565,7.800538022721902e+38
6153.278158939175,7.824333131725623e+38
6145.903755147195,7.844682729235578e+38
6138.547005923698,7.859917794099513e+38
6131.207847946046,7.874508347859893e+38
6123.886218194066,7.888203023245387e+38
6116.582053948255,7.901470436813115e+38
6109.295292787977,7.914080161585555e+38
6102.0258725897,7.93045335422094e+38
6094.773731525217,7.95178367150433e+38
6087.538808059901,7.972764774129827e+38
6080.321040950963,7.994621173776158e+38
6073.120369245718,8.029137770923635e+38
6065.936732279883,8.061949699789335e+38
6058.770069675857,8.092742670440864e+38
6051.620321341039,8.123269568337176e+38
6044.4874274661515,8.155355593078406e+38
6037.371328523562,8.194387540425027e+38
6030.271965265634,8.237583503860676e+38
6023.189278723084,8.280397219369353e+38
6016.123210203345,8.32656443405568e+38
6009.073701288947,8.37048387713856e+38
6002.040693835905,8.412183660284848e+38
5995.024129972123,8.452845323869833e+38
5988.023952095809,8.492539690611167e+38
5981.040102873891,8.531278207667421e+38
5974.072525240456,8.567821207608149e+38
5967.121162395203,8.603954202274094e+38
5960.185957801884,8.639279679958927e+38
5953.266855186784,8.673730839957476e+38
5946.363798537194,8.706086439495806e+38
5939.476732099903,8.73746162719154e+38
5932.6056003796875,8.768245434033512e+38
5925.7503481378335,8.797430700274493e+38
5918.910920390648,8.825513939049487e+38
5912.087262407993,8.853013090549454e+38
5905.279319711823,8.879619295186957e+38
5898.487038074734,8.907080039191365e+38
5891.71036351853,8.937799320446451e+38
5884.949242312785,8.975375213644617e+38
5878.2036209734315,9.012312125997113e+38
5871.473446261339,9.045769252129767e+38
5864.758665180928,9.077321503292341e+38
5858.059224978765,9.10633060935746e+38
5851.375073142189,9.134362513179632e+38
5844.706157397937,9.160735964641188e+38
5838.052425710783,9.18676453551507e+38
5831.4138262821825,9.21378971348661e+38
5824.790307548929,9.240468676999626e+38
5818.181818181818,9.266762530854364e+38
5811.5883070843265,9.288074841958432e+38
5805.0097233912875,9.294554918404874e+38
5798.4460164675875,9.299630722284613e+38
5791.897135906866,9.303807336506271e+38
5785.363031530229,9.30776359580065e+38
5778.843653384958,9.310205994729137e+38
5772.338951743246,9.32248259620037e+38
5765.8488771009315,9.336989254874118e+38
5759.373380176236,9.350301930819906e+38
5752.912411908529,9.361802420336451e+38
5746.465923457074,9.381833703306699e+38
5740.033866199811,9.402682803575365e+38
5733.616191732126,9.424772769065816e+38
5727.212851865639,9.44630748870362e+38
5720.823798627002,9.471397415280454e+38
5714.448984256694,9.499928451225736e+38
5708.088361207831,9.52712906522493e+38
5701.7418821449955,9.556142600339274e+38
5695.409499943046,9.587179337023475e+38
5689.091167685962,9.617222411792727e+38
5682.786838665682,9.648188892026722e+38
5676.49646638095,9.679778053751904e+38
5670.220004536176,9.708410771750992e+38
5663.9574070403,9.737445485732466e+38
5657.708628005658,9.767298254904802e+38
5651.473621746871,9.795787675722394e+38
5645.252342779723,9.823042027989592e+38
5639.044745820058,9.898366740153767e+38
5632.850785782685,9.995813038114825e+38
5626.6704177802785,1.0078633747791576e+39
5620.503597122302,1.0151447557491918e+39
5614.350279313927,1.0213406606801396e+39
5608.21042005496,1.0265340938929258e+39
5602.083975238789,1.0312366685787959e+39
5595.970900951316,1.0353495436467984e+39
5589.871153469913,1.0388958200924818e+39
5583.784689262382,1.0409120644602408e+39
5577.711464985917,1.0420056776384388e+39
5571.651437486071,1.0428186692731513e+39
5565.604563795742,1.0424677452156229e+39
5559.570801134153,1.0404928398659405e+39
5553.55010690584,1.0374078329519928e+39
5547.5424386996565,1.034170970443345e+39
5541.5477542877725,1.0304068347620074e+39
5535.566011624688,1.0258473580333573e+39
5529.59716884625,1.0204830512114117e+39
5523.641184268669,1.0141491120809115e+39
5517.698016387563,1.0074277225183384e+39
5511.767623876978,1.0004553182830913e+39
5505.849965588438,9.930314797978922e+38
5499.945000549994,9.855345502080578e+38
5494.052687965278,9.778024508594014e+38
5488.172987212558,9.69851597217448e+38
5482.3058578438095,9.614765021312682e+38
5476.45125958379,9.531182157113545e+38
5470.6091523291125,9.447083582633976e+38
5464.77949614733,9.357438753023922e+38
5458.962251276033,9.272439188690055e+38
5453.157378121933,9.178804410579992e+38
5447.364837259976,9.089016774094222e+38
5441.584589432443,9.00353539593132e+38
5435.816595548066,8.918810947135359e+38
5430.060816681147,8.828421385530686e+38
5424.317214070679,8.775464589563788e+38
5418.58574911948,8.760518898118289e+38
5412.866383393327,8.752022749018008e+38
5407.159078620093,8.760567415763031e+38
5401.463796688903,8.795869902184901e+38
5395.780499649274,8.853084010053696e+38
5390.109149710282,8.912594451823054e+38
5384.449709239716,8.968032851261664e+38
5378.802140763251,9.030316706456071e+38
5373.166406963624,9.088144146627665e+38
5367.542470679799,9.197672816414683e+38
5361.930294906166,9.331192396060049e+38
5356.329842791719,9.462065169533342e+38
5350.7410776392535,9.57364247498018e+38
5345.163962904562,9.677597878355284e+38
5339.598462195643,9.775210444782234e+38
5334.044539271903,9.86524166968329e+38
5328.502158043375,9.939473070936949e+38
5322.971282569931,1.0019746617314414e+39
5317.451877060513,1.0090046193510969e+39
5311.943905872355,1.0155455147945894e+39
5306.447333510215,1.0202998286270095e+39
5300.96212462562,1.0261731176592149e+39
5295.488244016098,1.0328884945911272e+39
5290.025656624434,1.0384232389192846e+39
5284.574327537917,1.0437674946928005e+39
5279.134221987594,1.0487797458890469e+39
5273.705305347537,1.0541612982876355e+39
5268.287543134104,1.0579506926796495e+39
5262.88090100521,1.061030049359688e+39
5257.4853447596015,1.0636910005445421e+39
5252.100840336135,1.065571373764027e+39
5246.7273538130585,1.0665045300956398e+39
5241.3648514073075,1.067677103539664e+39
5236.0132994737805,1.0688769481705015e+39
5230.672664504656,1.0699361550185094e+39
5225.342913128675,1.0705412405734666e+39
5220.024012110455,1.075785766559318e+39
5214.715928349803,1.0813633899653787e+39
5209.418628881018,1.0871150051887108e+39
5204.132080872213,1.092889363251414e+39
5198.856251624643,1.1017127167377944e+39
5193.591108572022,1.1113939292925478e+39
5188.336619279859,1.1209231258768404e+39
5183.092751444787,1.1301053661933031e+39
5177.859472893906,1.1392842386622051e+39
5172.63675158412,1.1476269416450603e+39
5167.4245556014885,1.155862527516436e+39
5162.222853160571,1.1632593378322061e+39
5157.031612603785,1.1703459189133551e+39
5151.850802400763,1.1766979150217722e+39
5146.68039114771,1.1828799332366013e+39
5141.520347566776,1.1881017219495712e+39
5136.370640505418,1.1915283451559375e+39
5131.231238935783,1.1945477965094456e+39
5126.102111954071,1.1960711916173913e+39
5120.983228779926,1.1978328863763185e+39
5115.874558755819,1.2017535859826255e+39
5110.776071346433,1.2061584267379059e+39
5105.6877361380575,1.2100658711871859e+39
5100.609522837979,1.2139732416409377e+39
5095.541401273885,1.2180600607925467e+39
5090.483341393266,1.2225486556771676e+39
5085.435313262816,1.2271591123782927e+39
5080.397287067849,1.230928837277781e+39
5075.369233111709,1.2347134022641688e+39
5070.351121815186,1.2373628395029878e+39
5065.342923715936,1.2401936009758672e+39
5060.344609467906,1.2423737456227005e+39
5055.356149840757,1.2443553239896723e+39
5050.3775157192995,1.2460228743928844e+39
5045.408678102926,1.2476005014912723e+39
5040.449608105044,1.2492267366959124e+39
5035.500276952515,1.2503780041270847e+39
5030.560655985109,1.2512588703936875e+39
5025.63071665494,1.2517821036759503e+39
5020.71043052592,1.2521502361490866e+39
5015.799769273211,1.2525416352365155e+39
5010.898704682685,1.2527626709683561e+39
5006.00720865038,1.2533244253356098e+39
5001.125253181966,1.2538937514565059e+39
4996.252810392206,1.2544602837715578e+39
4991.38985250443,1.257584832160797e+39
4986.536351850005,1.2631330328194659e+39
4981.692280867811,1.2694971408622647e+39
4976.857612103718,1.2771423291232365e+39
4972.032318210068,1.2850841401020531e+39
4967.216371945162,1.2919578188779027e+39
4962.409746172742,1.2979917287251861e+39
4957.612413861484,1.3025601884258949e+39
4952.824348084495,1.3067004859476865e+39
4948.045522018802,1.3103063990108551e+39
4943.275908944857,1.3125151911089697e+39
4938.515482246036,1.3139457688629852e+39
4933.764215408146,1.3151937281585347e+39
4929.022082018928,1.3161207280090274e+39
4924.289055767573,1.317371859785189e+39
4919.565110444238,1.3176807023214466e+39
4914.850219939547,1.3181290441248117e+39
4910.1443582441325,1.3187306423215627e+39
4905.447499448137,1.320097451534413e+39
4900.7596177407495,1.321372149246758e+39
4896.080687409729,1.322998170049961e+39
4891.410682840932,1.3246762609145605e+39
4886.749578517849,1.3270241398867356e+39
4882.097349021139,1.3299012555521046e+39
4877.453969028168,1.3333413168068606e+39
4872.819413312543,1.33688389256874e+39
4868.193656743665,1.3409059433576403e+39
4863.576674286271,1.3450831709213616e+39
4858.968440999976,1.348977018976032e+39
4854.368932038836,1.3525049074753601e+39
4849.77812265089,1.3559983573168595e+39
4845.195988177722,1.35922230447805e+39
4840.622504054022,1.3624961369781095e+39
4836.057645807138,1.3668234377147195e+39
4831.50138905665,1.371239648754207e+39
4826.953709513926,1.3763397700449168e+39
4822.414582981699,1.3817152857662955e+39
4817.883985353633,1.3894386469395685e+39
4813.361892613897,1.39827376541994e+39
4808.84828083674,1.4075408485886087e+39
4804.3431261860715,1.4164138642227348e+39
4799.8464049150425,1.4269775544250884e+39
4795.358093365622,1.4384172201831436e+39
4790.878167968189,1.449660721571982e+39
4786.406605241115,1.4605681897785775e+39
4781.943381790359,1.4712600590940633e+39
4777.488474309055,1.482299234177187e+39
4773.041859577109,1.4923525418070355e+39
4768.60351446079,1.5019814781837726e+39
4764.173415912339,1.5108661274820105e+39
4759.751540969562,1.5188994742286444e+39
4755.337866755433,1.5262249646894657e+39
4750.932370477706,1.532680730159288e+39
4746.535029428517,1.5375380837332426e+39
4742.145820983995,1.5416261861559765e+39
4737.764722603875,1.545111390160702e+39
4733.391711831113,1.5485089101779902e+39
4729.026766291498,1.5518829774643812e+39
4724.669863693275,1.5551138125200727e+39
4720.320981826764,1.5581656554401078e+39
4715.980098563984,1.5627550870034275e+39
4711.647191858274,1.5688527531303445e+39
4707.322239743921,1.5754168748067796e+39
4703.005220335795,1.5818579954049035e+39
4698.696111828967,1.588287384440315e+39
4694.394892498357,1.594429199277323e+39
4690.101540698356,1.6005232877456128e+39
4685.8160348624715,1.6063316925784122e+39
4681.538353502961,1.6080529952949595e+39
4677.268475210477,1.6048503858282238e+39
4673.006378653707,1.5983402884377234e+39
4668.752042579019,1.587724494000537e+39
4664.505445810108,1.5751223304545278e+39
4660.266567247647,1.560670979955727e+39
4656.035385868933,1.5454764758550313e+39
4651.811880727543,1.528652210897967e+39
4647.59603095299,1.509808768885867e+39
4643.387815750371,1.4912201835734488e+39
4639.187214400037,1.4709580616809597e+39
4634.994206257242,1.4497862128490792e+39
4630.808770751812,1.4269938266618747e+39
4626.630887387804,1.4052543310157492e+39
4622.4605357431765,1.381986781035441e+39
4618.2976954694495,1.3593794525907138e+39
4614.142346291383,1.3370125127459998e+39
4609.994468006638,1.3177183543250247e+39
4605.8540404854575,1.2969855510071788e+39
4601.721043670333,1.2779544971854584e+39
4597.595457575688,1.2598489676229581e+39
4593.477262287552,1.2423158955675007e+39
4589.366437963239,1.2257124550384387e+39
4585.262964831033,1.210922235989268e+39
4581.166823189867,1.1953741751559534e+39
4577.077993409008,1.1816318499224153e+39
4572.996455927747,1.1682710951821862e+39
4568.922191255083,1.1548762054730341e+39
4564.855179969416,1.1425496266017435e+39
4560.795402718234,1.1311207447044873e+39
4556.742840217812,1.1196347250943983e+39
4552.6974732529025,1.1098460438634107e+39
4548.659282676431,1.1000639140455818e+39
4544.628249409198,1.1049015853104973e+39
4540.604354439576,1.113689726925849e+39
4536.58757882321,1.1257500474473265e+39
4532.57790368272,1.1476680837252107e+39
4528.575310207409,1.1716072376448265e+39
4524.579779652965,1.2002847303477526e+39
4520.591293341169,1.2338888240443849e+39
4516.609832659606,1.26868041201973e+39
4512.635379061372,1.3044096923581504e+39
4508.667914064789,1.3404715429623702e+39
4504.70741925312,1.375199562611429e+39
4500.753876274276,1.4049019164789565e+39
4496.807266840543,1.4345722435385014e+39
4492.867572728294,1.458598143783168e+39
4488.934775777708,1.4797003665412944e+39
4485.008857892494,1.49873385047118e+39
4481.089801039612,1.5130163202421726e+39
4477.177587248998,1.5267665568175168e+39
4473.272198613286,1.5380547765789745e+39
4469.373617287537,1.5469071584682624e+39
4465.481825488971,1.555406571999471e+39
4461.596805496687,1.5616767354518623e+39
4457.718539651407,1.5677519787894352e+39
4453.8470103551945,1.573273274344276e+39
4449.982200071199,1.5781495932494563e+39
4446.124091323389,1.5829212800004644e+39
4442.272666696282,1.5872710949999087e+39
4438.427908834691,1.5909825892752505e+39
4434.589800443458,1.59453834105674e+39
4430.7583242872015,1.5973160443682444e+39
4426.933463190048,1.5997881599372736e+39
4423.115200035385,1.6019692826322647e+39
4419.3035177656,1.603783889808906e+39
4415.4983993818305,1.605560219147303e+39
4411.699827943707,1.607204672817476e+39
4407.907786569105,1.6086581197166732e+39
4404.122258433894,1.6099886850151255e+39
4400.343226771688,1.6110300358336763e+39
4396.570674873598,1.6121197409266284e+39
4392.804586087987,1.613223508750431e+39
4389.044943820225,1.6141920458667497e+39
4385.29173153244,1.6151389372574202e+39
4381.544932743285,1.6160266684378085e+39
4377.804531027689,1.6170180816190537e+39
4374.0705100166215,1.618078021854492e+39
4370.342853396849,1.619207266313623e+39
4366.621544910702,1.620324546401216e+39
4362.906568355839,1.6214939191532774e+39
4359.197907585004,1.623086518533295e+39
4355.495546505804,1.625017707316317e+39
4351.799469080464,1.6268859623148282e+39
4348.109659325608,1.6285289224856284e+39
4344.426101312017,1.6301943240813832e+39
4340.748779164406,1.631754837029505e+39
4337.077677061196,1.633202497253769e+39
4333.412779234286,1.6351064797564744e+39
4329.754069968826,1.6376511714659054e+39
4326.101533602993,1.6402368148749277e+39
4322.455154527772,1.642780144336496e+39
4318.814917186724,1.6451869647007467e+39
4315.180806075775,1.6475185406872395e+39
4311.552805742988,1.6496384294889688e+39
4307.930900788351,1.651926832702501e+39
4304.315075863553,1.6540828289404862e+39
4300.70531567177,1.6559863200593865e+39
4297.101604967449,1.657866153430937e+39
4293.503928556094,1.6596434521415424e+39
4289.912271294052,1.6614162246547355e+39
4286.326618088298,1.663082721808754e+39
4282.746953896229,1.6643211986756746e+39
4279.173263725448,1.665678105115684e+39
4275.605532633559,1.6671763109940706e+39
4272.043745727956,1.6683521571261028e+39
4268.487888165618,1.6692135750031668e+39
4264.9379451528985,1.6698075417935146e+39
4261.393901945326,1.6702423393872507e+39
4257.855743847398,1.6705327790173836e+39
4254.323456212376,1.6707123691254795e+39
4250.797024442083,1.670765544270614e+39
4247.276433986705,1.6707435417076078e+39
4243.761670344594,1.670866680450333e+39
4240.252719062056,1.671069523140231e+39
4236.749565733169,1.6710107129246978e+39
4233.2521959995765,1.6707463162928217e+39
4229.760595550291,1.6706245815923414e+39
4226.274750121505,1.670785404979531e+39
4222.794645496389,1.6706531192262466e+39
4219.320267504905,1.6704347923798304e+39
4215.851602023608,1.669981524539728e+39
4212.388634975463,1.6696950518578247e+39
4208.931352329643,1.6638263266706286e+39
4205.479740101352,1.6527535340503932e+39
4202.033784351626,1.6424130283383233e+39
4198.593471187152,1.631596724165004e+39
4195.158786760079,1.6208222625963992e+39
4191.72971726783,1.6095267447516682e+39
4188.306248952924,1.5964153516203205e+39
4184.888368102781,1.5842262029705757e+39
4181.4760610495505,1.573902467724867e+39
4178.069314169922,1.5639820847382565e+39
4174.668113884946,1.5524313049549102e+39
4171.272446659853,1.5417740566866312e+39
4167.882299003876,1.5307032819014083e+39
4164.497657470068,1.521322787948313e+39
4161.118508655127,1.512994073502869e+39
4157.744839199218,1.5064987642715165e+39
4154.3766357858,1.5001861722061337e+39
4151.013885141446,1.4921357594566973e+39
4147.65657403567,1.485594586644027e+39
4144.304689280756,1.4845212638319836e+39
4140.958217731583,1.4822359255722425e+39
4137.6171462854545,1.47919256334624e+39
4134.281461881925,1.4770352701836366e+39
4130.951151502633,1.476987674123191e+39
4127.626202171131,1.477509770704788e+39
4124.306600952715,1.4778620460827724e+39
4120.992334954257,1.4782871955256587e+39
4117.683391324041,1.4794466049177544e+39
4114.379757251594,1.4805378670068773e+39
4111.081419967522,1.4835895155849787e+39
4107.788366743345,1.486750166464844e+39
4104.500584891333,1.4903659886161332e+39
4101.218061764344,1.4940214064258315e+39
4097.94078475566,1.4977514016765247e+39
4094.6687412988285,1.5023470458454656e+39
4091.4019188675,1.508251475416352e+39
4088.1403049752666,1.515895347763464e+39
4084.883887175507,1.564067268741321e+39
4081.6326530612246,1.6135691643022807e+39
4078.3865902648913,1.662882875964389e+39
4075.1456864582906,1.7058010083262023e+39
4071.9099293523623,1.7497986562569317e+39
4068.6793066970463,1.7888527992841455e+39
4065.453806281126,1.8183325848572437e+39
4062.2334159320794,1.8487856370981953e+39
4059.0181235159216,1.8738261944390284e+39
4055.8079169370535,1.8929872059309886e+39
4052.602784138113,1.9122434912980775e+39
4049.4027130998174,1.927739491124449e+39
4046.207691840822,1.940212448928067e+39
4043.017708417563,1.9533644923659512e+39
4039.8327509241117,1.9636645603000145e+39
4036.6528074920275,1.9730331489170956e+39
4033.4778662902086,1.9824191016512073e+39
4030.307915524746,1.9903280289000853e+39
4027.1429434387774,1.9980092357013354e+39
4023.982938312341,2.0055102614233968e+39
4020.8278884622346,2.0126190447101016e+39
4017.6777822418644,2.019446995046595e+39
4014.5326080411087,2.0259724879825204e+39
4011.3923542861726,2.032526490091713e+39
4008.257009439445,2.0387484095923657e+39
4005.1265619993587,2.0451888145153177e+39
4002.00100050025,2.050948352971047e+39
3998.880313512216,2.056855074139658e+39
3995.76448964098,2.062730626476723e+39
3992.653517527749,2.068528721460762e+39
3989.5473858490755,2.0742745389823393e+39
3986.446083316723,2.0813416536624824e+39
3983.3495986775274,2.0891887035883205e+39
3980.257920713262,2.09727899615956e+39
3977.171038240499,2.1043635521904752e+39
3974.0889401104796,2.1124516298785975e+39
3971.0116152089745,2.1197467500757862e+39
3967.939052456154,2.1272080154856484e+39
3964.871240806455,2.1347901075829818e+39
3961.8081692484448,2.1420467384886218e+39
3958.7498268046947,2.1485788900417363e+39
3955.6962025316457,2.1548618198361315e+39
3952.6472855194766,2.161530440384213e+39
3949.603064891978,2.167162365724986e+39
3946.5635298064212,2.173325608720901e+39
3943.528669453427,2.1782068199716782e+39
3940.4984730568417,2.183651279353179e+39
3937.4729298736074,2.187806457559937e+39
3934.4520291936337,2.191535166275883e+39
3931.4357603396757,2.194883746744161e+39
3928.4241126672036,2.1980405309325556e+39
3925.4170755642785,2.2010362955052953e+39
3922.4146384514306,2.2037427681094362e+39
3919.4167907815317,2.206202635852235e+39
3916.4235220396736,2.2086397692498233e+39
3913.434821743044,2.2074849046432625e+39
3910.4506794408057,2.203689817412339e+39
3907.4710847139727,2.199544441997277e+39
3904.496027175292,2.193959262004084e+39
3901.5254964691194,2.188344456610744e+39
3898.5594822713006,2.1817598431344833e+39
3895.5979742890536,2.1749852235514715e+39
3892.6409622608458,2.1676525639355594e+39
3889.68843595628,2.161191765509756e+39
3886.7403851759723,2.153949694903095e+39
3883.796799751437,2.1460225643638963e+39
3880.857669544969,2.1365106849821853e+39
3877.922984449529,2.1223274277622285e+39
3874.992734388623,2.107840794312599e+39
3872.066909316193,2.0911127654518936e+39
3869.145499216498,2.0736986667742014e+39
3866.2284941040016,2.0532278076556604e+39
3863.315884023257,2.0316265107534095e+39
3860.4076590487957,2.0089001380836766e+39
3857.503809285012,1.9860520344956595e+39
3854.6043248660526,1.9624638356881026e+39
3851.7091959557056,1.9381344924755417e+39
3848.8184127472864,1.9129683275433166e+39
3845.931965463531,1.8866229906024554e+39
3843.049844356481,1.8609836028036635e+39
3840.172039707379,1.8329910574197458e+39
3837.298541826554,1.806494990966691e+39
3834.429341053318,1.777671328944313e+39
3831.5644277558526,1.7489426761630842e+39
3828.7037923311063,1.7196904581236033e+39
3825.847425204683,1.6910763504368037e+39
3822.995316830737,1.6624438567657045e+39
3820.1474576918667,1.6332400604019583e+39
3817.3038382990094,1.604319276327786e+39
3814.4644491913336,1.5746306319096463e+39
3811.629280936136,1.544819587499129e+39
3808.7983241287375,1.5150170282262553e+39
3805.9715693923768,1.485169099456903e+39
3803.1490073781088,1.4564466424051573e+39
3800.3306287647024,1.433323697435439e+39
3797.516424258535,1.4156721579205037e+39
3794.706384593492,1.3988183555687325e+39
3791.900500530866,1.3827062513953775e+39
3789.098762859254,1.367116716544403e+39
3786.3011623944567,1.3511736221738765e+39
3783.50768997938,1.3360172486386737e+39
3780.718336483932,1.3221335990398164e+39
3777.9330928049267,1.3079339876543734e+39
3775.1519498659823,1.2952208788059558e+39
3772.3748986174246,1.2820265967434728e+39
3769.6019300361877,1.2703184907312668e+39
3766.8330351257177,1.2698551840038047e+39
3764.0682049158727,1.2742689204598847e+39
3761.307430462829,1.2795302147653184e+39
3758.5507028489815,1.2892030022884936e+39
3755.798013182851,1.3028392005679145e+39
3753.0493525989864,1.3228275674394991e+39
3750.304712257871,1.3453372631614287e+39
3747.564083345825,1.369030029357233e+39
3744.827457074915,1.391805766847083e+39
3742.0948246828575,1.4147433371824124e+39
3739.366177432925,1.4377833987154833e+39
3736.641506613855,1.4593025563163814e+39
3733.920803539757,1.4802704326636475e+39
3731.2040595500166,1.5004091304254572e+39
3728.491266009209,1.5186263952178053e+39
3725.7824143070043,1.5370058304820365e+39
3723.077495858076,1.5541383421938485e+39
3720.3765021020126,1.5704590203537492e+39
3717.679424503225,1.586586665588702e+39
3714.986254550858,1.6015700981255565e+39
3712.2969837587007,1.616396374396083e+39
3709.611603665096,1.6306410941300077e+39
3706.9301058328547,1.6437096591572704e+39
3704.2524818491625,1.6563368167238592e+39
3701.5787233254982,1.6688717462000318e+39
3698.90882189754,1.6807010832188452e+39
3696.2427692250826,1.691600114310132e+39
3693.5805569919476,1.703137455865041e+39
3690.9221769059,1.7151871361356917e+39
3688.2676206985575,1.7266522229333943e+39
3685.6168801253107,1.738710794485173e+39
3682.969946965233,1.7516281122998645e+39
3680.3268130209963,1.7636365380295128e+39
3677.687470118789,1.7770657952443108e+39
3675.05191010823,1.7929012905195912e+39
3672.420124862284,1.8071921157030618e+39
3669.792106277179,1.82170059851291e+39
3667.1678462723235,1.8368315259912437e+39
3664.5473367902227,1.8517503309780003e+39
3661.9305697963964,1.86598015314922e+39
3659.317537279297,1.8805031496336107e+39
3656.7082312502284,1.894813585467924e+39
3654.102643743263,1.9092246071614883e+39
3651.500766815161,1.923740799096512e+39
3648.9025925452916,1.939596080972217e+39
3646.3081130355513,1.9560336322393328e+39
3643.7173204102824,1.9766803134942766e+39
3641.130206816196,1.9981780083139273e+39
3638.5467644222895,2.0183317055581982e+39
3635.9669854197723,2.032201514043813e+39
3633.390862021982,2.045802341232152e+39
3630.8183864643092,2.0591800377470987e+39
3628.249551004118,2.0721108291155776e+39
3625.68434792067,2.0849168694942974e+39
3623.122769515045,2.098161476892345e+39
3620.564808110065,2.1120396285646996e+39
3618.010456050218,2.1261454228323865e+39
3615.45970570158,2.1406944505992707e+39
3612.9125494517407,2.1548136482086807e+39
3610.3689797097263,2.169862696463525e+39
3607.8289889059256,2.18499843180981e+39
3605.292569492014,2.1928236092006562e+39
3602.7597139408786,2.194489600791694e+39
3600.230414746544,2.1971705381046962e+39
3597.7046644240972,2.2000519197179212e+39
3595.182455509617,2.2029490937978367e+39
3592.6637805600963,2.2058821987000626e+39
3590.1486321533707,2.208690508069007e+39
3587.6370028880474,2.2116264870137966e+39
3585.1288853834294,2.2142748913774873e+39
3582.6242722794445,2.2167101680622994e+39
3580.1231562365742,2.219241260062889e+39
3577.6255299357813,2.2218886300595753e+39
3575.1313860784385,2.2246315721612572e+39
3572.640717386256,2.2271656939977665e+39
3570.1535166012136,2.229407554890617e+39
3567.6697764854885,2.23168990061055e+39
3565.189489821384,2.2338106960109757e+39
3562.7126494112613,2.236057759893096e+39
3560.2392480774706,2.238424874044367e+39
3557.769278662279,2.2406716741231718e+39
3555.302734027802,2.242884784936977e+39
3552.8396070559393,2.244968021427227e+39
3550.3798906482994,2.2474346143811552e+39
3547.9235777261356,2.250016536233492e+39
3545.4706612302784,2.252619747469092e+39
3543.0211341210647,2.2555697217301486e+39
3540.5749893782745,2.2581299279878753e+39
3538.1322200010613,2.26057311813902e+39
3535.6928190078843,2.2630402476153145e+39
3533.2567794364454,2.2653927133411964e+39
3530.8240943436194,2.268012572117077e+39
3528.394756805391,2.2708953464836906e+39
3525.968759916787,2.2737662350578266e+39
3523.546096791811,2.2766038180911158e+39
3521.1267605633802,2.2797253308164648e+39
3518.710744383258,2.282514671751629e+39
3516.298041421991,2.285006829527748e+39
3513.888644868844,2.2875543087079532e+39
3511.4825479317365,2.289872961324867e+39
3509.0797438371783,2.2919293561520992e+39
3506.6802258302064,2.294064013893223e+39
3504.2839871743204,2.296238518638264e+39
3501.8910211514217,2.298375806903617e+39
3499.5013210617485,2.3003477823260947e+39
3497.1148802238154,2.302242758579889e+39
3494.731691974349,2.3057395520135317e+39
3492.3517496682266,2.3097141691873693e+39
3489.9750466784158,2.3137592084987557e+39
3487.601576395912,2.317759449562639e+39
3485.231332229677,2.3218799781825615e+39
3482.8643076065755,2.3265867251459753e+39
3480.5004959713206,2.331533361428182e+39
3478.1398907864072,2.33643003101704e+39
3475.782485532055,2.3414193033000698e+39
3473.4282737061476,2.3460672422215983e+39
3471.0772488241723,2.3504655793706478e+39
3468.729404419161,2.3548900789388565e+39
3466.384734041631,2.35982289962247e+39
3464.0432312595262,2.364359874324972e+39
3461.7048896581564,2.3685493346410873e+39
3459.369702840142,2.3729216181085415e+39
3457.0376644253533,2.3772967051561556e+39
3454.708768050853,2.3806889756213938e+39
3452.3830073708373,2.3836655322392436e+39
3450.060376056581,2.386560716186771e+39
3447.7408677963763,2.388860860898898e+39
3445.4244762954795,2.3903047653909783e+39
3443.111195276051,2.3913449856007188e+39
3440.8010184771015,2.392058570465968e+39
3438.4939396544314,2.3926028057820983e+39
3436.1899525805784,2.3928597045748448e+39
3433.8890510447604,2.3931350605864307e+39
3431.591228852819,2.3933680020670767e+39
3429.2964798271632,2.393402216801856e+39
3427.004797806717,2.3934800327722237e+39
3424.7161766468603,2.3938019213014464e+39
3422.4306102193777,2.3940956796489136e+39
3420.148092412401,2.3940867660920808e+39
3417.8686171303575,2.3939565351882e+39
3415.5921782939117,2.394068945476457e+39
3413.318769839915,2.3939896530892744e+39
3411.0483857213517,2.3938326984329234e+39
3408.781019907281,2.393901054657351e+39
3406.51666638279,2.3934383463519728e+39
3404.255319148936,2.392838933861648e+39
3401.9969722226947,2.3919475990381195e+39
3399.7416196369077,2.3911526771123214e+39
3397.4892554402295,2.3897199915883606e+39
3395.2398736970767,2.3883055559537422e+39
3392.9934684875734,2.386952089289843e+39
3390.7500339075,2.385367873638753e+39
3388.5095640682443,2.3835921487443465e+39
3386.272053096746,2.3817205955063053e+39
3384.0374951354456,2.3797481168069848e+39
3381.8058843422386,2.3772635862830655e+39
3379.577214890417,2.375115924438528e+39
3377.3514809686244,2.3720206389905687e+39
3375.1286767808024,2.3687735196611897e+39
3372.9087965461413,2.3652929171274956e+39
3370.6918344990304,2.3612963205522273e+39
3368.4777848890085,2.3570625491446754e+39
3366.266641980711,2.352755820026461e+39
3364.0584000538247,2.3489750726393978e+39
3361.853053403035,2.344705247828866e+39
3359.650596337981,2.3404094440113906e+39
3357.4510231831996,2.3361246980055513e+39
3355.2543282780834,2.3323430028282327e+39
3353.0605059768304,2.3294763123397818e+39
3350.8695506483928,2.327083668619937e+39
3348.6814566764333,2.3241921074536557e+39
3346.4962184592728,2.321346622088342e+39
3344.313830409845,2.318392543774226e+39
3342.1342869556497,2.3152715212352073e+39
3339.957582538702,2.3117396313715242e+39
3337.783711615487,2.3080078481456088e+39
3335.6126686569155,2.3037216476663913e+39
3333.444448148271,2.299343575959019e+39
3331.2790445891696,2.2944917968403716e+39
3329.116452493508,2.2896243200723987e+39
3326.9566663894198,2.2841964475813505e+39
3324.7996808192306,2.2789154309277412e+39
3322.645490339408,2.2734322301832107e+39
3320.4940895205204,2.2675365837247842e+39
3318.3454729471887,2.2602616716224198e+39
3316.1996352180404,2.252608753999321e+39
3314.056570945666,2.244462038272835e+39
3311.916274756574,2.2360004795852427e+39
3309.778741291145,2.2272942367029507e+39
3307.643965203585,2.218417637958295e+39
3305.511941161887,2.209249766703391e+39
3303.38266384778,2.1987983977056786e+39
3301.256127956687,2.1882957803047424e+39
3299.132328197684,2.177756134022715e+39
3297.0112592934506,2.167169843748471e+39
3294.89291598023,2.15624659236034e+39
3292.777293007787,2.1451828762007707e+39
3290.664385139359,2.133819124730984e+39
3288.554187151619,2.1225368953427708e+39
3286.4466938346254,2.11118051201321e+39
3284.341899991789,2.0999455404562284e+39
3282.23980043982,2.0884310864573882e+39
3280.140390008692,2.076792448422278e+39
3278.0436635415986,2.065039681521459e+39
3275.9496158949073,2.0535440743076656e+39
3273.8582419381237,2.0421984484149e+39
3271.769536553845,2.0306947959599672e+39
3269.683494637719,2.0190814920621257e+39
3267.6001110984034,2.0071379227910487e+39
3265.519380857525,1.9952277774253905e+39
3263.441298849637,1.984259808340671e+39
3261.365860022177,1.9736060021245514e+39
3259.29305933543,1.9632790087000756e+39
3257.222891762483,1.9531746481710114e+39
3255.1553522891877,1.943373743624429e+39
3253.090435914118,1.9343282592400013e+39
3251.0281376485314,1.9254566514371292e+39
3248.9684525163257,1.9169399932627092e+39
3246.9113755540043,1.9086470154830837e+39
3244.85690181063,1.901523116350795e+39
3242.8050263477908,1.895245924833648e+39
3240.755744239557,1.889273623060577e+39
3238.709050572442,1.8838153396890403e+39
3236.6649404453647,1.8791407604775762e+39
3234.6234089696104,1.875000769247854e+39
3232.5844512687895,1.8708290681814176e+39
3230.5480624787992,1.8675440200685183e+39
3228.5142377477882,1.864936447303406e+39
3226.482972236114,1.8626628329952364e+39
3224.4542611163056,1.8616216987387797e+39
3222.428099573028,1.8609886245373187e+39
3220.4044828030396,1.8598197771347543e+39
3218.383406015158,1.8601913655647132e+39
3216.3648644302207,1.861638205226852e+39
3214.3488532810466,1.8633344502732258e+39
3212.3353678123995,1.865237258934349e+39
3210.3244032809516,1.8674377293105705e+39
3208.315954955244,1.868782089390991e+39
3206.3100181156515,1.8717334230804226e+39
3204.306588054345,1.874930420167057e+39
3202.305660075254,1.878355312418244e+39
3200.307229494031,1.8829841668782647e+39
3198.311291638015,1.8881784486102188e+39
3196.317841846193,1.8935521682332117e+39
3194.3268754691667,1.899379640795781e+39
3192.3383878691143,1.9054842795249854e+39
3190.3523744197546,1.9117676416114953e+39
3188.368830506313,1.918002973494873e+39
3186.387751525483,1.9242280157055786e+39
3184.409132885393,1.9305194336698154e+39
3182.4329700055687,1.9370367918654325e+39
3180.4592583169006,1.943010211320378e+39
3178.4879932616054,1.9492845819325017e+39
3176.5191702931925,1.955036521656991e+39
3174.55278487643,1.9606342959077388e+39
3172.5888324873094,1.9666461708509006e+39
3170.627308613009,1.973168567109387e+39
3168.6682087518616,1.979989917996184e+39
3166.7115284133192,1.9866506985201558e+39
3164.7572631179187,1.993624030015718e+39
3162.8054083972484,2.00073895928944e+39
3160.855959793912,2.007999472490583e+39
3158.9089128614974,2.014380625497817e+39
3156.964263164541,2.0205696326630983e+39
3155.022006278494,2.0269407604072155e+39
3153.082137789689,2.0336670174035225e+39
3151.144653295309,2.04025854711124e+39
3149.2095484033507,2.0472034712935052e+39
3147.2768187325914,2.0547501139912825e+39
3145.346459912559,2.0624987437148752e+39
3143.4184675834967,2.0706834013695597e+39
3141.4928373963307,2.0793593750143115e+39
3139.5695650126368,2.088985220499383e+39
3137.6486461046093,2.0984209765209138e+39
3135.7300763550274,2.1063975403639878e+39
3133.8138514572233,2.1141573619683073e+39
3131.89996711505,2.1223090084503182e+39
3129.9884190428493,2.1302280638326324e+39
3128.0792029654185,2.1386545201602055e+39
3126.1723146179816,2.146880048307128e+39
3124.267749746153,2.1551203731015235e+39
3122.3655041059105,2.161721935347323e+39
3120.4655734635603,2.1690784794999092e+39
3118.567953595709,2.1762306950790113e+39
3116.672640289227,2.1836798678255652e+39
3114.779629341224,2.1919305044486823e+39
3112.8889165590126,2.2004909270404465e+39
3111.0004977600797,2.209506901438587e+39
3109.114368772055,2.218595165502972e+39
3107.2305254326816,2.2279520146046093e+39
3105.348963589783,2.2363058728948998e+39
3103.4696791012348,2.2446110469917288e+39
3101.592667834933,2.253673641299637e+39
3099.7179256687637,2.2626767601669744e+39
3097.8454484905747,2.2727165212170654e+39
3095.9752321981423,2.2839318572267147e+39
3094.1072726991442,2.296087217117055e+39
3092.241565911129,2.3082199618849776e+39
3090.3781077614844,2.3197917390908027e+39
3088.5168941874113,2.330810985621632e+39
3086.65792113589,2.3411209852619065e+39
3084.8011845636547,2.350933304023865e+39
3082.946680437162,2.360965803237459e+39
3081.094404732561,2.370947789388345e+39
3079.2443534356667,2.3791797715972567e+39
3077.3965225419292,2.3861836952882337e+39
3075.550908056405,2.393338086710424e+39
3073.7075059937297,2.3999030883276057e+39
3071.8663123780852,2.4068060437190752e+39
3070.027323243177,2.4119447315430195e+39
3068.1905346322,2.4152668905635415e+39
3066.3559425978165,2.4192362607350505e+39
3064.5235432021204,2.4228915506194086e+39
3062.693332516615,2.4254031825287364e+39
3060.8653066221823,2.4283072551224827e+39
3059.039461609055,2.4307382164904102e+39
3057.2157935767896,2.432816181457762e+39
3055.3942986342386,2.4353325276714854e+39
3053.574972899522,2.4369849869712038e+39
3051.7578125,2.4388588818090057e+39
3049.9428135722455,2.4402982209857888e+39
3048.129972262017,2.4415619810785878e+39
3046.319284724232,2.4436423765918995e+39
3044.510747122937,2.4458809486432842e+39
3042.7043556312847,2.4478137755451726e+39
3040.9001064315034,2.4493893266961438e+39
3039.097995714872,2.450944452548112e+39
3037.2980196816907,2.452209172162095e+39
3035.5001745412596,2.4534986081157526e+39
3033.7044565118467,2.4549253459260042e+39
3031.910861820662,2.4573965069959225e+39
3030.119386703836,2.460043213712706e+39
3028.3300274063868,2.463058298034722e+39
3026.5427801821975,2.4656596209882888e+39
3024.757641293991,2.4679449061489737e+39
3022.974607013301,2.4702939081488026e+39
3021.1936736204475,2.4719792305739826e+39
3019.414837404511,2.4737100088548958e+39
3017.6380946633067,2.4750495127432328e+39
3015.8634417033595,2.475942801963384e+39
3014.090874839876,2.4778049383982996e+39
3012.3203903967224,2.479472331028251e+39
3010.5519847063956,2.480696825808813e+39
3008.785654110001,2.4819553419509306e+39
3007.021394957225,2.483380942860885e+39
3005.2592036063106,2.4838534880764992e+39
3003.499076424034,2.4843490874866742e+39
3001.7410097856755,2.4853956116304195e+39
2999.9850000749993,2.4866509349126385e+39
2998.2310436842263,2.4884033578278852e+39
2996.4791370140083,2.4889815494114136e+39
2994.7292764734066,2.4919564264221834e+39
2992.9814584798646,2.4928182290922463e+39
2991.2356794591847,2.4939617713021614e+39
2989.491935845503,2.4981708462589932e+39
2987.7502240812664,2.5008616871673012e+39
2986.010540617208,2.5044946716036828e+39
2984.272881912322,2.5081335628185546e+39
2982.5372444338395,2.5117494766893147e+39
2980.8036246572074,2.5154408547135336e+39
2979.0720190660604,2.5191654213364433e+39
2977.3424241522016,2.5232624927027742e+39
2975.6148364155742,2.5273046941324697e+39
2973.8892523642417,2.5317312435159497e+39
2972.165668514363,2.536431745697601e+39
2970.4440813901674,2.5409816956887e+39
2968.724487523935,2.544473877292097e+39
2967.0068834559697,2.5478423855418874e+39
2965.2912657345764,2.5503553590526426e+39
2963.5776309160415,2.5521111869923048e+39
2961.865975564606,2.554129348451873e+39
2960.1562962524417,2.5561625175164467e+39
2958.448589559635,2.55789377579739e+39
2956.7428520741546,2.56101613717567e+39
2955.039080391838,2.5647082853640776e+39
2953.3372711163615,2.568322702876074e+39
2951.6374208592215,2.5706492811582648e+39
2949.9395262397115,2.5734659540794458e+39
2948.2435838849005,2.5761007568337258e+39
2946.5495904296067,2.5792352996727987e+39
2944.857542516381,2.5810282191972903e+39
2943.167436795479,2.5794754359573048e+39
2941.479269924845,2.577020301658294e+39
2939.7930385700847,2.57045713665956e+39
2938.1087394044453,2.564357380550077e+39
2936.4263691087945,2.5556210010530437e+39
2934.745924371597,2.545249341105002e+39
2933.0674018888953,2.5335250950164276e+39
2931.390798364284,2.5222878668479442e+39
2929.7161105088912,2.5091801108715508e+39
2928.043335041358,2.4940100120233526e+39
2926.3724686878145,2.4807520255523246e+39
2924.7035081818576,2.4647122036081885e+39
2923.0364502645343,2.4478846361446632e+39
2921.3712916843165,2.4320560429294083e+39
2919.7080291970797,2.4157037532577728e+39
2918.046659566086,2.398084478015173e+39
2916.3871795619584,2.3811436642911142e+39
2914.7295859626624,2.360280222966827e+39
2913.073875553484,2.340616397385709e+39
2911.420045127011,2.321173408528959e+39
2909.7680914831085,2.300392300572139e+39
2908.1180114289036,2.2800613463481437e+39
2906.4698017787596,2.259778903783844e+39
2904.8234593542575,2.2379173506500984e+39
2903.178980984177,2.2151400411718922e+39
2901.5363635044755,2.1923510341011277e+39
2899.8956037582648,2.1708841537432414e+39
2898.256698595794,2.1473126320944524e+39
2896.6196448744313,2.1231302619525667e+39
2894.9844394586376,2.0994053124048316e+39
2893.351079219952,2.074130926997658e+39
2891.7195610369704,2.0484872723398374e+39
2890.0898817953234,2.0223168786207537e+39
2888.4620383876604,1.996781455549298e+39
2886.8360277136258,1.9697171739166194e+39
2885.211846679842,1.942513816153616e+39
2883.58949219989,1.9142670642117943e+39
2881.9689611942877,1.8872337866168815e+39
2880.3502505904717,1.8592888414539645e+39
2878.733357322778,1.8308226615542688e+39
2877.118278332422,1.8031945041874537e+39
2875.5050105674804,1.7753183114592643e+39
2873.893550982871,1.7468551212429705e+39
2872.283896540334,1.7177078073467896e+39
2870.676044208411,1.688150161865022e+39
2869.0699909624295,1.6569672716836432e+39
2867.4657337844815,1.6267992804418296e+39
2865.8632696634045,1.6013930585164916e+39
2864.262595594764,1.5783633101925096e+39
2862.6637085808343,1.555501634787933e+39
2861.066605630579,1.5335262470844596e+39
2859.471283759633,1.5096816502597017e+39
2857.8777399902833,1.4965389143110783e+39
2856.285971351452,1.484418275306112e+39
2854.6959748786758,1.4726805161160818e+39
2853.107747614089,1.461442121607546e+39
2851.5212866064044,1.457283285853858e+39
2849.9365889108967,1.4542966194809465e+39
2848.353651589381,1.4510462250662087e+39
2846.7724717101987,1.449666529762796e+39
2845.193046348195,1.4523943331752987e+39
2843.6153725847043,1.4568456956163387e+39
2842.039447507532,1.4623006641924315e+39
2840.465268210933,1.4683845926688677e+39
2838.8928317956,1.4791109318902556e+39
2837.3221353686395,1.4906328559485894e+39
2835.7531760435572,1.5039104631998442e+39
2834.185950940241,1.517935707942801e+39
2832.6204571849416,1.5359675717011712e+39
2831.0566919102557,1.554776860423728e+39
2829.4946522551077,1.5746931403838278e+39
2827.934335364733,1.594529630938564e+39
2826.3757383906614,1.617361651013073e+39
2824.8188584906993,1.641992157390848e+39
2823.2636928289103,1.6664189745169175e+39
2821.7102385756007,1.6919499212436714e+39
2820.1584929073015,1.718481777006039e+39
2818.6084530067506,1.7458327773721837e+39
2817.060116062877,1.7737991092950348e+39
2815.5134792707818,1.801609175167107e+39
2813.9685398317247,1.831217738883706e+39
2812.4252949531033,1.858773077360067e+39
2810.8837418484372,1.887055151321764e+39
2809.343877737355,1.9151775273657442e+39
2807.8056998455704,1.9443871036357125e+39
2806.269205404875,1.970295592112916e+39
2804.734391653111,1.9959365449993334e+39
2803.2012558341626,2.0227502805661388e+39
2801.6697951979377,2.0494526955882226e+39
2800.14000700035,2.0719601876725354e+39
2798.611888503302,2.093430333768467e+39
2797.0854369746726,2.1130565626760682e+39
2795.560649688295,2.1327506679126754e+39
2794.0375239239465,2.1468814208918105e+39
2792.516056967328,2.1583519081322625e+39
2790.996246110049,2.1703593842801147e+39
2789.4780886496137,2.1814641659200197e+39
2787.9615818894013,2.1906649984419205e+39
2786.446723138654,2.195795440106179e+39
2784.933509712456,2.1991212613789364e+39
2783.4219389317227,2.2035671056656214e+39
2781.912008123183,2.2069233760252498e+39
2780.4037146193627,2.2043289036495014e+39
2778.8970557585694,2.2021125985620802e+39
2777.392028884877,2.1985419119927396e+39
2775.8886313481107,2.195872657958621e+39
2774.3868605038288,2.1892412410374486e+39
2772.8867137133116,2.1799524033986727e+39
2771.3881883435415,2.1719384897393012e+39
2769.891281767191,2.1631117336615735e+39
2768.3959913626045,2.152349101838975e+39
2766.902314513786,2.140112909219722e+39
2765.410248610381,2.1263772483826287e+39
2763.919791047664,2.1141352631449596e+39
2762.4309392265195,2.100280641608819e+39
2760.943690553431,2.083827442456714e+39
2759.458042440465,2.0663815577070133e+39
2757.9739923052525,2.049581526709986e+39
2756.4915375709797,2.0318248667693415e+39
2755.010675666368,2.0127505955100447e+39
2753.531404025663,1.9916670443197265e+39
2752.0537200886165,1.9709474792132598e+39
2750.5776213004733,1.9496865020140485e+39
2749.1031051119576,1.927683569869747e+39
2747.6301689792554,1.903469475920973e+39
2746.1588103640033,1.879684268540615e+39
2744.689026733271,1.8561730136954793e+39
2743.2208155595486,1.833165549825904e+39
2741.7541743207303,1.8092472024814696e+39
2740.289100500103,1.7850550439144772e+39
2738.825591586328,1.7611898542752496e+39
2737.36364507343,1.7358932057858644e+39
2735.9032584607808,1.709710459157865e+39
2734.4444292530866,1.6805449960429466e+39
2732.987154960372,1.6518660413721675e+39
2731.5314330979663,1.6225718395007342e+39
2730.077261186492,1.5935499628220823e+39
2728.624636751845,1.5650692243048894e+39
2727.173557325188,1.5367096001521332e+39
2725.7240204429304,1.5071335224227955e+39
2724.276023646716,1.478695934647278e+39
2722.8295644834116,1.449423838600356e+39
2721.3846405050895,1.4203603011598203e+39
2719.941249269016,1.3914256175962728e+39
2718.499388337638,1.3627318633057236e+39
2717.0590552785666,1.3368561125270263e+39
2715.6202476645667,1.3111616509308348e+39
2714.182963073541,1.2851524750553262e+39
2712.7471990885174,1.2593578979140524e+39
2711.3129532976345,1.2390664157108883e+39
2709.8802232941307,1.219866078125471e+39
2708.449006676327,1.2008640640002849e+39
2707.0193010476164,1.1810693698187615e+39
2705.5911040164506,1.1640165930345157e+39
2704.1644131963226,1.150302964825384e+39
2702.7392262057597,1.1363885634725142e+39
2701.3155406683054,1.1224025478321602e+39
2699.893354212509,1.10918704904693e+39
2698.4726644719094,1.0989223343781679e+39
2697.0534690850245,1.0882415318145574e+39
2695.635765695339,1.077693246630734e+39
2694.2195519512884,1.0668403458294836e+39
2692.804825506247,1.0578887378602504e+39
2691.391584018517,1.0491655372290853e+39
2689.9798251513116,1.0410584394103867e+39
2688.569546572746,1.032719040212265e+39
2687.160745955823,1.0248516519749086e+39
2685.7534209784203,1.0164879113149701e+39
2684.347569323276,1.0084056994759048e+39
2682.94318867798,1.0006535552702936e+39
2681.5402767349565,9.925520631667575e+38
2680.138831191456,9.838744507827096e+38
2678.738849749538,9.749794699087147e+38
2677.3403301160624,9.668836081450979e+38
2675.943270002676,9.58923974358079e+38
2674.5476671257975,9.5070698111758e+38
2673.153519206608,9.416033404137719e+38
2671.7608239710385,9.334577955655503e+38
2670.3695791497544,9.256380772236793e+38
2668.979782478148,9.173437321137843e+38
2667.5914316963217,9.087659662579811e+38
2666.204524549078,9.007811518260908e+38
2664.8190587859085,8.933072402430415e+38
2663.4350321609777,8.857087862085959e+38
2662.052442433116,8.777757236197208e+38
2660.6712873658025,8.69787807785218e+38
2659.2915647271566,8.63075836847204e+38
2657.9132722899253,8.565937690114628e+38
2656.536407831469,8.498120572708015e+38
2655.1609691337535,8.426818894682957e+38
2653.7869539833346,8.36265741635856e+38
2652.4143601713463,8.305659377982375e+38
2651.0431854934914,8.24931915799476e+38
2649.67342775003,8.191017994404787e+38
2648.3050847457625,8.136215478766057e+38
2646.938154290025,8.087633358579272e+38
2645.572634196672,8.039704176654947e+38
2644.2085222840674,7.99216050303683e+38
2642.8458163750724,7.949007190670138e+38
2641.4845142970353,7.910443618369688e+38
2640.1246138817755,7.871914700478835e+38
2638.766112965577,7.836008522560227e+38
2637.409009389176,7.805826280226317e+38
2636.053300997746,7.770948162172223e+38
2634.698985640891,7.741300666883776e+38
2633.346061172629,7.721286932593433e+38
2631.9945254513873,7.701698203969631e+38
2630.644376339985,7.684927652568007e+38
2629.295611705624,7.673510195133441e+38
2627.9482294198806,7.656179225668133e+38
2626.6022273586887,7.645673286571913e+38
2625.2576034023336,7.626060004169398e+38
2623.9143554354387,7.606079030962848e+38
2622.5724813469533,7.591772835255994e+38
2621.2319790301444,7.580908306500038e+38
2619.8928463825832,7.563574132630173e+38
2618.5550813061354,7.549399503383432e+38
2617.21868170695,7.531727087441289e+38
2615.8836454954485,7.51692046369984e+38
2614.5499705863126,7.499743649805868e+38
2613.217654898476,7.484331805692302e+38
2611.8866963551122,7.466025234748681e+38
2610.5570928836214,7.458470113662149e+38
2609.2288424156245,7.447416871974128e+38
2607.9019428869474,7.440582723575643e+38
2606.5763922376154,7.432501579971187e+38
2605.2521884118387,7.427891259921517e+38
2603.9293293580013,7.426322998880561e+38
2602.6078130286546,7.433567890248427e+38
2601.2876373805034,7.432046248383375e+38
2599.9688003743954,7.440543911015359e+38
2598.651299975313,7.436524485943674e+38
2597.33513415236,7.437112693358936e+38
2596.020300878753,7.43489538188081e+38
2594.7067981318114,7.43817355208064e+38
2593.3946238929448,7.446985486593026e+38
2592.083776147645,7.460147834560311e+38
2590.7742528854747,7.471808218249473e+38
2589.4660521000574,7.492506842914254e+38
2588.1591717890647,7.512719364524459e+38
2586.8536099542125,7.53885719540843e+38
2585.5493646012433,7.564326701182907e+38
2584.2464337399215,7.59773179758322e+38
2582.9448153840194,7.63894312805767e+38
2581.64450755131,7.677277691966338e+38
2580.3455082635564,7.722463760137275e+38
2579.0478155465003,7.774997036061585e+38
2577.7514274298533,7.834967452783394e+38
2576.4563419472856,7.88984222181628e+38
2575.1625571364193,7.949862192397782e+38
2573.870071038814,8.02012066749218e+38
2572.57888169996,8.094571741921225e+38
2571.288987169268,8.172583582938697e+38
2570.0003855000577,8.251474012326028e+38
2568.7130747495507,8.308807097341977e+38
2567.4270529788573,8.362303567550991e+38
2566.14231825297,8.416531976431803e+38
2564.858868640753,8.473997249372159e+38
2563.5767022149307,8.534244512844077e+38
2562.2958170520783,8.505764570893411e+38
2561.016211232617,8.434449211361611e+38
2559.7378828407973,8.361609641639163e+38
2558.4608299646934,8.289480940867986e+38
2557.1850506961937,8.217805235747296e+38
2555.9105431309904,8.146675065115973e+38
2554.63730536857,8.074739314110758e+38
2553.365335512205,8.006436112830606e+38
2552.0946316689424,7.93491886098927e+38
2550.8251919495956,7.876095137968064e+38
2549.557014468736,7.817946386472779e+38
2548.2900973446817,7.760541984338017e+38
2547.0244386994896,7.704836167242118e+38
2545.760036658945,7.651648545939451e+38
2544.496889352553,7.605984616607386e+38
2543.23499491353,7.561097524933843e+38
2541.974351478794,7.51639599226943e+38
2540.714957188953,7.474321361869702e+38
2539.456810188301,7.438339437574194e+38
2538.1999086248034,7.407750019739953e+38
2536.944250650092,7.375208899777636e+38
2535.689834419454,7.33530309455734e+38
2534.4366580918227,7.29029241085225e+38
2533.1847198297696,7.251872367587035e+38
2531.9340177994964,7.206455886073377e+38
2530.684550170821,7.163756205647536e+38
2529.436315117176,7.123853889249725e+38
2528.1893108155937,7.085844270020856e+38
2526.943535446701,7.04839116926253e+38
2525.698987194706,7.001902903584674e+38
2524.4556642473967,6.947775483333925e+38
2523.213564796124,6.900865562169507e+38
2521.9726870357995,6.852810200378379e+38
2520.7330291648814,6.808315803227759e+38
2519.494589385369,6.743622552156724e+38
2518.2573659027953,6.6776192094369884e+38
2517.0213569262137,6.595896999206929e+38
2515.786560668193,6.519699855006689e+38
2514.552975344808,6.441188714906116e+38
2513.320599175631,6.356250984359477e+38
2512.0894303837213,6.275110906942884e+38
2510.859467195621,6.181143209775217e+38
2509.630707841341,6.088852774836613e+38
2508.4031505543576,5.996405379674913e+38
2507.176793571599,5.903509186944151e+38
2505.951635133442,5.814277952417372e+38
2504.7276734837005,5.725999182103619e+38
2503.5049068696176,5.646801711943093e+38
2502.283333541857,5.5669117759453935e+38
2501.0629517544953,5.4879455956717216e+38
2499.8437597650145,5.409719546931531e+38
2498.6257558342913,5.337265618958137e+38
2497.40893822659,5.2695587708259135e+38
2496.1933052095555,5.20227640955237e+38
2494.9788550542034,5.138431009608728e+38
2493.7655860349128,5.073125347004975e+38
2492.553496429417,5.015210725909025e+38
2491.3425845187976,4.958052444426762e+38
2490.1328485874724,4.89814627269039e+38
2488.9242869231916,4.843613899100385e+38
2487.7168978170284,4.7832241635970394e+38
2486.5106795633687,4.729316587621975e+38
2485.305630459906,4.673067277883192e+38
2484.101748807631,4.6184696708373116e+38
2482.899032910827,4.566443117097288e+38
2481.6974810770566,4.519474666439213e+38
2480.49709161716,4.473149038560176e+38
2479.2978628452424,4.431035981833729e+38
2478.0997930786675,4.392255556276551e+38
2476.90288063805,4.352938037910343e+38
2475.707123847249,4.318022957072048e+38
2474.5125210333563,4.283408936850239e+38
2473.3190705266934,4.2543167170950744e+38
2472.126770660799,4.2215793429347014e+38
2470.935619772427,4.194696458612209e+38
2469.7456162015314,4.151885222238816e+38
2468.5567582912654,4.104955333895597e+38
2467.369044387969,4.0603798281746335e+38
2466.1824728411657,4.019569868029252e+38
2464.9970420035497,3.974560478042104e+38
2463.8127502309826,3.935504918626484e+38
2462.629595882483,3.895053725929304e+38
2461.447577320222,3.858527643980171e+38
2460.266692909511,3.824486540991784e+38
2459.0869410188,3.7956061749417706e+38
2457.9083200196633,3.765873145566959e+38
2456.730828286799,3.736766446337037e+38
2455.554464198016,3.712531635262407e+38
2454.37922613423,3.685096882786063e+38
2453.2051124794543,3.653173882772156e+38
2452.0321216207935,3.630554086783187e+38
2450.860251948434,3.6048665049699225e+38
2449.6895018556397,3.5832266789576795e+38
2448.519869738743,3.5631702357879636e+38
2447.351353997137,3.544547774245292e+38
2446.183953033268,3.532433999272944e+38
2445.0176652526316,3.520079104780431e+38
2443.8524890637605,3.510661954523505e+38
2442.68842287822,3.500193652851703e+38
2441.5254651106015,3.469701784539182e+38
2440.3636141785123,3.421085603465696e+38
2439.2028685025734,3.3734343235249914e+38
2438.043226506406,3.329372006559147e+38
2436.8846866166296,3.2860410775291497e+38
2435.7272472628515,3.2439453494241054e+38
2434.5709068776628,3.2050863238983677e+38
2433.4156638966288,3.1682926017373545e+38
2432.2615167582817,3.1298388709081775e+38
2431.108463904117,3.0921263512995932e+38
2429.9565037785824,3.055102208793824e+38
2428.805634829073,3.021316888203483e+38
2427.6558555059237,2.987744678791792e+38
2426.5071642624025,2.957504472641599e+38
2425.359559554704,2.925452664660623e+38
2424.2130398419413,2.8988660677151107e+38
2423.06760358614,2.8734412212565377e+38
2421.9232492522315,2.84937242571187e+38
2420.7799753080444,2.8275994060639e+38
2419.6377802243005,2.8074449650297828e+38
2418.4966624746057,2.7912351291346054e+38
2417.356620535444,2.774951151619686e+38
2416.217652886172,2.7601827223971803e+38
2415.0797580090084,2.748242909178905e+38
2413.942934389031,2.73561824711829e+38
2412.8071805141694,2.7234943601875764e+38
2411.672494875196,2.70645406981035e+38
2410.538875965722,2.6895441501567237e+38
2409.4063222821896,2.6766067455374624e+38
2408.274832323865,2.6599938080387762e+38
2407.1444045928315,2.6481124097540535e+38
2406.015037593985,2.6351521995596944e+38
2404.8867298350247,2.625875831666218e+38
2403.7594798264486,2.6178232603998385e+38
2402.6332860815455,2.6091246832583016e+38
2401.508147116389,2.6047338672343877e+38
2400.384061449832,2.5987173269041214e+38
2399.2610276034984,2.5944989554097625e+38
2398.1390441017775,2.591162869045103e+38
2397.018109471817,2.5886600707195575e+38
2395.8982222435193,2.5800396814413554e+38
2394.7793809495297,2.5704628172986684e+38
2393.6615841252365,2.560192337893331e+38
2392.544830308758,2.5549481587477795e+38
2391.4291180409414,2.5466046803505494e+38
2390.3144458653537,2.5386865059329353e+38
2389.2008123282762,2.5304572027354396e+38
2388.088215978698,2.5253207076320326e+38
2386.9766553683107,2.523436160914834e+38
2385.8661290514992,2.5234725806672374e+38
2384.7566355853382,2.5208928253729326e+38
2383.648173529587,2.5213545751246467e+38
2382.5407414466786,2.5185056708970332e+38
2381.434337901718,2.515567608152403e+38
2380.328961462474,2.513349656889585e+38
2379.224610699373,2.511518370367526e+38
2378.1212841854936,2.5105842813116448e+38
2377.0189804965594,2.5102744201016272e+38
2375.917698210934,2.5151216180413076e+38
2374.8174359096147,2.520062847815305e+38
2373.718192176225,2.525090588627445e+38
2372.6199655970104,2.5283669255929396e+38
2371.522754760832,2.5357086099831803e+38
2370.426558259159,2.5452052779897245e+38
2369.3313746860636,2.5544620138842316e+38
2368.2372026382163,2.564232663377589e+38
2367.1440407148775,2.5746368382337553e+38
2366.051887517893,2.5853073217424965e+38
2364.9607416516887,2.585885984220427e+38
2363.8706017232616,2.5841480165604574e+38
2362.781466342178,2.5856889253664678e+38
2361.6933341205645,2.5855413633666437e+38
2360.606203673103,2.587938495445193e+38
2359.5200736170264,2.5910007468740204e+38
2358.4349425721093,2.5940632139217325e+38
2357.3508091606654,2.5964883220868313e+38
2356.26767200754,2.602174860724114e+38
2355.1855297401053,2.6091881214098657e+38
2354.104380988253,2.6181914092672328e+38
2353.02422438439,2.6274239427010168e+38
2351.9450585634318,2.6359369402482016e+38
2350.8668821627975,2.6468765492330837e+38
2349.789693822403,2.6540574594261245e+38
2348.713492184656,2.6625452855722643e+38
2347.63827589445,2.670500527593713e+38
2346.56404359916,2.678481144319268e+38
2345.490793948634,2.6767026055243147e+38
2344.4185255951893,2.677515449392586e+38
2343.3472371936073,2.676894966624904e+38
2342.2769274011266,2.6758011586879908e+38
2341.2075948774377,2.676269600245743e+38
2340.139238284678,2.678455450520808e+38
2339.0718562874254,2.6843151776762208e+38
2338.0054475526927,2.690206492802889e+38
2336.940010749924,2.6973830138463812e+38
2335.8755445509864,2.704501000396445e+38
2334.8120476301656,2.7137274342892283e+38
2333.7495186641618,2.725372923524131e+38
2332.6879563320813,2.7349211202965604e+38
2331.627359315434,2.7449096456057893e+38
2330.567726298126,2.755313090041551e+38
2329.509055966455,2.7568911725541614e+38
2328.451347009104,2.7640620280238485e+38
2327.394598117138,2.7704155614520527e+38
2326.3388079839947,2.7780276033351787e+38
2325.283975305484,2.7841394865218687e+38
2324.2300987797794,2.792926607486299e+38
2323.1771771074123,2.805368451471124e+38
2322.1252089912687,2.818152233416702e+38
2321.0741931365837,2.8304461014555553e+38
2320.0241282509337,2.8445330228777176e+38
2318.9750130442344,2.857687945699559e+38
2317.9268462287328,2.8676184765775016e+38
2316.879626519004,2.8743041490712867e+38
2315.8333526319448,2.8829630962106345e+38
2314.7880232867674,2.88758614548589e+38
2313.743637204998,2.88377251706004e+38
2312.7001931104664,2.8818179652799585e+38
2311.657689729305,2.8824431928737224e+38
2310.616125789942,2.883929434880202e+38
2309.5755000230956,2.883579121590794e+38
2308.5358111617707,2.8808370974835083e+38
2307.497057941251,2.8825245211316775e+38
2306.459239099097,2.885683254688038e+38
2305.4223533751383,2.8877466291145565e+38
2304.3863995114702,2.8910049668621364e+38
2303.351376252447,2.8941002405174754e+38
2302.31728234468,2.8986174959107838e+38
2301.284116537028,2.8881624031016136e+38
2300.251877580595,2.875336248052301e+38
2299.2205642287263,2.862653772764245e+38
2298.190175237001,2.8496551628303517e+38
2297.160709363227,2.822801811280609e+38
2296.1321653674386,2.7965279595744357e+38
2295.1045420118885,2.773200079927356e+38
2294.0778380610454,2.7490302736440843e+38
2293.052052281587,2.7279607794292565e+38
2292.0271834423957,2.7060402649243724e+38
2291.0032303145545,2.6857886117138117e+38
2289.9801916713423,2.6667336658313607e+38
2288.9580662882254,2.6463327763782712e+38
2287.936852942859,2.6304179066457985e+38
2286.9165504150756,2.6134953494026134e+38
2285.8971574868847,2.5990176063630354e+38
2284.878672942467,2.583916365670063e+38
2283.8610955681675,2.5712297312710162e+38
2282.844424152494,2.55932515854679e+38
2281.8286574861095,2.5496277536521994e+38
2280.8137943618285,2.5401051479244633e+38
2279.7998335746124,2.5305748101911613e+38
2278.786773921564,2.5138839601901217e+38
2277.774614201925,2.4879120328203053e+38
2276.7633532170667,2.4632524352705998e+38
2275.7529897704903,2.43847921687123e+38
2274.7435226678194,2.4168384335712305e+38
2273.734950716795,2.394911749702435e+38
2272.7272727272725,2.3721534428548977e+38
2271.7204875112166,2.3549472960234956e+38
2270.7145938826948,2.3371527958727646e+38
2269.709590657875,2.3209589272854742e+38
2268.7054766550204,2.3045787119686264e+38
2267.7022506944836,2.2887631985843868e+38
2266.6999115987037,2.2709371182164014e+38
2265.6984581921993,2.255210727677155e+38
2264.697889301567,2.2390041307269606e+38
2263.6982037554753,2.2252583352605974e+38
2262.699400384659,2.2114586583094903e+38
2261.701478021916,2.1973074397462335e+38
2260.7044355021026,2.1869581090121095e+38
2259.7082716621285,2.1760764350332315e+38
2258.712985340953,2.1613386874882545e+38
2257.718575379579,2.1463923197283153e+38
2256.7250406210505,2.1330337744301545e+38
2255.7323799104474,2.120238150532615e+38
2254.7405920948795,2.110437365882475e+38
2253.749676023484,2.1000186822662467e+38
2252.759630547421,2.0910592935369462e+38
2251.7704545198662,2.0815066845158923e+38
2250.7821467960116,2.0750192677740388e+38
2249.7947062330563,2.0701493262078504e+38
2248.8081316902044,2.0649345352241502e+38
2247.8224220286597,2.060631568123628e+38
2246.8375761116226,2.0570399097454536e+38
2245.853592804285,2.05227767167522e+38
2244.870470973825,2.0468096294231433e+38
2243.8882094894034,2.0415427121923273e+38
2242.90680722216,2.034653365976761e+38
2241.9262630452085,2.0289545506892485e+38
2240.9465758336323,2.0214235386293933e+38
2239.9677444644794,2.0154174718391508e+38
2238.9897678167613,2.0088419990189403e+38
2238.012644771443,2.00428080056991e+38
2237.0363742114446,1.9974962109252454e+38
2236.060955021634,1.992869260970817e+38
2235.0863860888226,1.989429268621266e+38
2234.1126663017617,1.9802574771295478e+38
2233.139794551139,1.9701865539686892e+38
2232.1677697295727,1.9608134472067423e+38
2231.1965907316094,1.9534952561222932e+38
2230.2262564537173,1.9475798326504702e+38
2229.256765794284,1.939569464294905e+38
2228.2881176536125,1.93218939249945e+38
2227.3203109339156,1.9253087102954228e+38
2226.353344539312,1.919680885050901e+38
2225.3872173758236,1.914627091278354e+38
2224.42192835137,1.9093076095240995e+38
2223.457476375764,1.9049663799910113e+38
2222.4938603607106,1.9011846534900002e+38
2221.5310792197984,1.8980633610911612e+38
2220.5691318684976,1.8965362016820286e+38
2219.608017224158,1.8948232175781e+38
2218.6477342060016,1.892735892763994e+38
2217.6882817351193,1.8912377732062852e+38
2216.729658734469,1.8891946074985272e+38
2215.7718641288693,1.888202468555976e+38
2214.814896844996,1.8860493385581767e+38
2213.858755811379,1.8835063128560967e+38
2212.9034399583975,1.8823888849853605e+38
2211.9489482182753,1.8820416616115973e+38
2210.9952795250783,1.8812204317433755e+38
2210.04243281471,1.8805894714540164e+38
2209.0904070249076,1.880158994616461e+38
2208.1392010952372,1.8792141828285222e+38
2207.188813967091,1.8785417882760795e+38
2206.2392445836826,1.8764372337303485e+38
2205.2904918900444,1.8748026139398627e+38
2204.342554833021,1.8729444663138516e+38
2203.395432361269,1.86871324918531e+38
2202.4491234252487,1.8673895732183306e+38
2201.5036269772254,1.8660668943762077e+38
2200.558941971261,1.8652660817527883e+38
2199.6150673632114,1.864594474291503e+38
2198.672002110725,1.8640012090889107e+38
2197.729745173236,1.863149513909201e+38
2196.7882955119617,1.8616616991939367e+38
2195.847652089898,1.8609276111718924e+38
2194.9078138718173,1.860512418011938e+38
2193.968779824263,1.8604094531068048e+38
2193.0305489155467,1.861960874243698e+38
2192.0931201157423,1.86191289281391e+38
2191.1564923966866,1.8626601193706584e+38
2190.2206647319717,1.8627464920786867e+38
2189.2856360969417,1.8635190490528868e+38
2188.3514054686902,1.863678802580511e+38
2187.4179718260566,1.8629898178083776e+38
2186.4853341496214,1.8618318323453556e+38
2185.553491421703,1.8628504968967405e+38
2184.622442626353,1.8605755283543285e+38
2183.6921867493556,1.8602721521991566e+38
2182.7627227782204,1.859255441886633e+38
2181.8340497021795,1.8592378543251424e+38
2180.906166512186,1.8567341145524406e+38
2179.979072200907,1.852763262162695e+38
2179.052765762723,1.8481768189685473e+38
2178.1272461937224,1.8432856209403264e+38
2177.2025124916995,1.83646926752913e+38
2176.278563656148,1.830946104810916e+38
2175.3553986882607,1.8258714480343718e+38
2174.433016590924,1.8195790808197327e+38
2173.5114163687144,1.814183235544435e+38
2172.590597027896,1.8083730515287565e+38
2171.670557576416,1.8076661623985444e+38
2170.7512970239,1.8057166087921263e+38
2169.832814381652,1.8057883802633734e+38
2168.915108662647,1.80582285776797e+38
2167.99817888153,1.8052464075938087e+38
2167.0820240546104,1.803756975691765e+38
2166.166643199861,1.8007247505620015e+38
2165.252035336913,1.797651763902789e+38
2164.338199487052,1.7932361722614242e+38
2163.4251346732144,1.7894329884383316e+38
2162.512839919987,1.786598492641163e+38
2161.601314253599,1.7853542518151994e+38
2160.690556701922,1.784784269933298e+38
2159.7805662944643,1.782869081274543e+38
2158.87134206237,1.7825623996694474e+38
2157.9628830384117,1.780312051987291e+38
2157.0551882569916,1.7769367902083783e+38
2156.1482567541343,1.7757709119909986e+38
2155.242087567486,1.77438072665973e+38
2154.336679736309,1.7734282989074784e+38
2153.4320323014804,1.7715397056924418e+38
2152.528144305487,1.7706955238718056e+38
2151.625014792422,1.7684131435711027e+38
2150.7226428079834,1.768056108343934e+38
2149.821027399469,1.7655323433361007e+38
2148.920167615773,1.7628640338810986e+38
2148.020062507384,1.759128326405014e+38
2147.1207111263793,1.7552844898981937e+38
2146.2221125264255,1.7520638719076678e+38
2145.32426576277,1.74969029309438e+38
2144.4271698922425,1.747132317954998e+38
2143.5308239732485,1.744924774448487e+38
2142.635227065768,1.7439876813989457e+38
2141.740378231351,1.7404971684341307e+38
2140.8462765331137,1.7385231762534326e+38
2139.9529210357373,1.736678242694984e+38
2139.0603108054634,1.735533746250558e+38
2138.16844491009,1.7329542387581945e+38
2137.2773224189705,1.732899321782297e+38
2136.386942403008,1.7334628475945482e+38
2135.4973039346537,1.7329404580048792e+38
2134.608406087903,1.7337320898082602e+38
2133.7202479382927,1.732972384627592e+38
2132.8328285628972,1.7327586938666923e+38
2131.9461470403257,1.7307690092431696e+38
2131.0602024507193,1.728793934880078e+38
2130.174993875747,1.7242042399425552e+38
2129.2905203986033,1.718511063841959e+38
2128.4067811040045,1.7155344048488864e+38
2127.5237750781866,1.7138378896534965e+38
2126.6415014089,1.712560600936065e+38
2125.7599591854087,1.7104864141278985e+38
2124.879147498486,1.7081865496613437e+38
2123.9990654404114,1.706259542947991e+38
2123.119712104967,1.7032749332790605e+38
2122.2410865874363,1.701727103165454e+38
2121.363187984599,1.700068091697414e+38
2120.4860153947284,1.698162044801606e+38
2119.6095679175896,1.6974768464509905e+38
2118.7338446544345,1.6972247158186371e+38
2117.858844708,1.696661304583838e+38
2116.984567182505,1.695130458060784e+38
2116.1110111836465,1.6954794468495841e+38
2115.238175818597,1.6932974015014569e+38
2114.3660601960014,1.6925855656543015e+38
2113.494663425975,1.6921212713404551e+38
2112.6239846200974,1.6897942198382184e+38
2111.7540228914136,1.691447352072768e+38
2110.884777354428,1.6897247189437361e+38
2110.016247125103,1.691060522292812e+38
2109.1484313208543,1.6891623139514905e+38
2108.2813290605495,1.6899182056683862e+38
2107.4149394645056,1.6896076735767926e+38
2106.5492616544834,1.6888457430208519e+38
2105.6842947536875,1.6889200312094208e+38
2104.820037886761,1.688519473021889e+38
2103.956490179783,1.6876015569986689e+38
2103.0936507602682,1.6872539027288608e+38
2102.2315187571608,1.6872202276490685e+38
2101.370093300832,1.6866750640372752e+38
2100.5093735230794,1.6877222588932468e+38
2099.649358557121,1.6880863150856083e+38
2098.7900475375945,1.6899057979017548e+38
2097.931439600554,1.6915787346336871e+38
2097.0735338834656,1.6923650889362069e+38
2096.216329525207,1.6953888080679115e+38
2095.3598256660625,1.6946687694763468e+38
2094.5040214477212,1.6926047167063164e+38
2093.6489160132737,1.6943260652239225e+38
2092.7945085072097,1.6958952582701486e+38
2091.9407980754145,1.6973154921567248e+38
2091.087783865167,1.6994617119632183e+38
2090.235465025135,1.7005672140761643e+38
2089.383840705376,1.703263184457249e+38
2088.5329100573304,1.703681264851986e+38
2087.6826722338205,1.702962763710332e+38
2086.833126389048,1.7036488699877627e+38
2085.9842716785915,1.704293922439827e+38
2085.1361072594013,1.707135027416765e+38
2084.2886322897994,1.7119138117260197e+38
2083.441845929475,1.7147201574389938e+38
2082.595747339484,1.7178689248621916e+38
2081.7503356822417,1.7215865832338647e+38
2080.9056101215247,1.723729303567072e+38
2080.061569822467,1.7272448659344437e+38
2079.2182139515544,1.7332262714672877e+38
2078.3755416766253,1.7368355524246854e+38
2077.5335521668676,1.741250708308919e+38
2076.6922445928126,1.746760583385703e+38
2075.8516181263362,1.7504570678357977e+38
2075.0116719406547,1.7483918851815604e+38
2074.1724052103214,1.749098533886457e+38
2073.333817111224,1.750104970008495e+38
2072.495906820584,1.7525428386402082e+38
2071.6586735169512,1.752102717754501e+38
2070.822116380203,1.7555683978785423e+38
2069.98623459154,1.760754527636782e+38
2069.151027333485,1.764882328102052e+38
2068.3164937898796,1.7700226743782485e+38
2067.4826331458817,1.774520160790642e+38
2066.6494445879616,1.7818625455922384e+38
2065.8169273039025,1.777295315425438e+38
2064.9850804827934,1.7722989682262217e+38
2064.153903315031,1.767773147178983e+38
2063.3233949923138,1.7629474201617772e+38
2062.4935547076416,1.762860881584857e+38
2061.66438165531,1.762406713546901e+38
2060.8358750309126,1.761026794195588e+38
2060.0080340313325,1.7627465100979334e+38
2059.1808578547457,1.7644946948255513e+38
2058.354345700612,1.764627893241781e+38
2057.5284967696803,1.758596274036333e+38
2056.703310263978,1.752246904073296e+38
2055.8787853868134,1.7467333850538643e+38
2055.054921342773,1.7442240076145757e+38
2054.2317173377155,1.7428268632997916e+38
2053.409172578774,1.7413496184561166e+38
2052.5872862743486,1.7411657798340875e+38
2051.7660576341086,1.742745665696202e+38
2050.9454858689855,1.7399622296100068e+38
2050.125570191174,1.7439840677234218e+38
2049.306309814128,1.7472391070623937e+38
2048.4877039525572,1.7513800716519694e+38
2047.669751822426,1.7565236922414212e+38
2046.8524526409515,1.7612351110422682e+38
2046.0358056265984,1.7658476401546758e+38
2045.2198099990796,1.7743242508565532e+38
2044.4044649793514,1.7850765555523375e+38
2043.5897697896123,1.7951361264134235e+38
2042.7757236533002,1.804864784134766e+38
2041.962325795089,1.8145181873661517e+38
2041.1495754408882,1.8271673296492063e+38
2040.3374718178386,1.837793087432597e+38
2039.5260141543104,1.8477214067595666e+38
2038.7152016799012,1.8591378066567988e+38
2037.905033625433,1.868515851019329e+38
2037.0955092229499,1.8791807309880206e+38
2036.2866277057158,1.891119994239771e+38
2035.478388308212,1.8999809037785094e+38
2034.6707902661349,1.912036837074447e+38
2033.863832816393,1.923451817168843e+38
2033.0575151971047,1.9365940716971633e+38
2032.2518366475972,1.9459903088831872e+38
2031.446796408402,1.9566173022666023e+38
2030.6423937212537,1.968989922731984e+38
2029.8386278290875,1.9799168755852126e+38
2029.035497976037,1.9939621299898653e+38
2028.2330034074314,2.0057176298042118e+38
2027.4311433697933,2.0174824190835134e+38
2026.6299171108362,2.030799908206438e+38
2025.8293238794631,2.0453279104394716e+38
2025.0293629257624,2.0590807941727057e+38
2024.230033501007,2.073206104685266e+38
2023.4313348576516,2.088065724477886e+38
2022.6332662493298,2.09789237298297e+38
2021.835826930853,2.1091649796729448e+38
2021.0390161582068,2.1213882607922435e+38
2020.2428331885494,2.1340930722004844e+38
2019.4472772802083,2.145281301406525e+38
2018.6523476926802,2.1578425076720362e+38
2017.8580436866266,2.1686983033778924e+38
2017.064364523872,2.175231793002828e+38
2016.2713094674018,2.181768806990627e+38
2015.4788777813608,2.1922906729196636e+38
2014.6870687310493,2.202279752184033e+38
2013.895881582922,2.2134761692336242e+38
2013.1053156045857,2.221499854991883e+38
2012.3153700647965,2.2368513258115387e+38
2011.5260442334577,2.249846833034251e+38
2010.7373373816179,2.262152672961092e+38
2009.9492487814684,2.2727195781824883e+38
2009.161777706341,2.2870353247424604e+38
2008.3749234307058,2.3006008349227484e+38
2007.58868523017,2.314363107571273e+38
2006.8030623814732,2.331383186901311e+38
2006.0180541624875,2.3478983690809936e+38
2005.233659852214,2.363720473706979e+38
2004.449878730782,2.3812660816944545e+38
2003.6667100794452,2.3988701725355307e+38
2002.88415318058,2.4184265585065955e+38
2002.1022073176835,2.4332658596540636e+38
2001.3208717753716,2.4504905528962167e+38
2000.5401458393767,2.467510890065601e+38
1999.7600287965445,2.4850449080889636e+38
1998.9805199348332,2.5006441368371448e+38
1998.201618543311,2.5204011493984025e+38
1997.4233239121534,2.5403664814202502e+38
1996.6456353326412,2.5580885408644402e+38
1995.8685520971587,2.5786518673930354e+38
1995.0920734991919,2.599895968164853e+38
1994.3161988333252,2.6208077812951124e+38
1993.5409273952394,2.637556275649311e+38
1992.7662584817115,2.65902240998565e+38
1991.9921913906096,2.6801225321731462e+38
1991.2187254208939,2.7020748028023364e+38
1990.4458598726114,2.7227100034011274e+38
1989.6735940468966,2.7431341428379825e+38
1988.9019272459675,2.7670168793000694e+38
1988.1308587731244,2.787053953651791e+38
1987.3603879327477,2.809331080035033e+38
1986.5905140302955,2.83118614903613e+38
1985.8212363723017,2.852808685739328e+38
1985.0525542663743,2.8565156998142686e+38
1984.284467021192,2.8524269957968164e+38
1983.5169739465043,2.851478075600967e+38
1982.7500743531277,2.8492725481907103e+38
1981.9837675529436,2.848962790698111e+38
1981.2180528588976,2.8444753840992212e+38
1980.4529295849961,2.8365644447587106e+38
1979.6883970463048,2.8297534751020024e+38
1978.9244545589472,2.8184623588860816e+38
1978.1611014401012,2.8048496235990704e+38
1977.3983370079984,2.791509217705367e+38
1976.6361605819216,2.7772188985062255e+38
1975.874571482202,2.7636579601074936e+38
1975.1135690302192,2.751481033383926e+38
1974.353152548396,2.7377718896595533e+38
1973.5933213602004,2.7260417117105274e+38
1972.8340747901398,2.714289137423372e+38
1972.0754121637613,2.70108757793978e+38
1971.3173328076487,2.6885816657649074e+38
1970.5598360494216,2.6780438105203345e+38
1969.802921217732,2.667599618267799e+38
1969.0465876422636,2.6580662969961868e+38
1968.2908346537283,2.650310911515154e+38
1967.535661583866,2.6416089764843052e+38
1966.7810677654418,2.631843390663419e+38
1966.0270525322426,2.6248829297141614e+38
1965.2736152190787,2.617803740474616e+38
1964.5207551617782,2.612078126355316e+38
1963.768471697187,2.605254882299296e+38
1963.016764163166,2.6003980581552614e+38
1962.26563189859,2.5960091036702153e+38
1961.5150742433455,2.591552356940298e+38
1960.765090538328,2.5863240951025563e+38
1960.0156801254411,2.5790801636718368e+38
1959.2668423475934,2.5716822695241342e+38
1958.5185765486985,2.565923749437523e+38
1957.770882073671,2.5591039250543663e+38
1957.0237582684254,2.554505073870265e+38
1956.2772044798749,2.5469018452021308e+38
1955.531220055928,2.5412041368266692e+38
1954.7858043454887,2.5358066776531092e+38
1954.0409566984524,2.5304119763862692e+38
1953.2966764657049,2.5236376554417746e+38
1952.5529629991213,2.51773470117193e+38
1951.809815651563,2.511236361341047e+38
1951.0672337768758,2.4980838687959917e+38
1950.3252167298895,2.482310482849452e+38
1949.5837638664145,2.4687191429797453e+38
1948.84287454324,2.4525243799660367e+38
1948.1025481181327,2.4343323198403124e+38
1947.3627839498358,2.415206832718273e+38
1946.6235813980652,2.39600164520285e+38
1945.8849398235084,2.3772300252683072e+38
1945.1468585878233,2.360256405537694e+38
1944.4093370536364,2.344721048913452e+38
1943.67237458454,2.3286555007226727e+38
1942.9359705450906,2.3129529762807664e+38
1942.200124300808,2.297156831029441e+38
1941.464835218172,2.2812434222575416e+38
1940.7301026646223,2.267333337883922e+38
1939.9959260085554,2.2525636559055296e+38
1939.2623046193225,2.2382798831775484e+38
1938.5292378672302,2.2249191501477567e+38
1937.7967251235345,2.2097951185784792e+38
1937.0647657604432,2.1953200231014497e+38
1936.3333591511114,2.1799612088009e+38
1935.602504669641,2.1649371901890947e+38
1934.8722016910783,2.148449987747479e+38
1934.1424495914125,2.130519837943004e+38
1933.4132477475737,2.113359216723759e+38
1932.6845955374313,2.098908796229034e+38
1931.9564923397925,2.077663114899332e+38
1931.2289375343998,2.0617735668261146e+38
1930.5019305019305,2.0443735731281537e+38
1929.7754706239928,2.026246327872981e+38
1929.0495572831267,2.011385404353731e+38
1928.3241898627996,1.9940933089610463e+38
1927.5993677474073,1.9796528339244236e+38
1926.8750903222697,1.9646770773545118e+38
1926.1513569736308,1.9510830818287144e+38
1925.4281670886564,1.934875102537823e+38
1924.7055200554314,1.9219328752591125e+38
1923.9834152629605,1.911905079236772e+38
1923.2618521011634,1.899073473621507e+38
1922.5408299608764,1.8872260444558395e+38
1921.8203482338472,1.8734937261604557e+38
1921.100406312736,1.859545140217946e+38
1920.3810035911124,1.847276828586678e+38
1919.6621394634542,1.836853693804577e+38
1918.9438133251456,1.824047515438571e+38
1918.2260245724754,1.8128598120655974e+38
1917.5087726026345,1.8004106194243438e+38
1916.7920568137165,1.7876803963859167e+38
1916.0758766047136,1.7763946478751433e+38
1915.360231375516,1.7637879666034145e+38
1914.6451205269102,1.7540526812837767e+38
1913.9305434605776,1.7426233664254963e+38
1913.2164995790922,1.733545548934359e+38
1912.5029882859192,1.7245043483661947e+38
1911.790008985413,1.7131257853351817e+38
1911.0775610828164,1.7057279870287558e+38
1910.3656439842587,1.6982431285096148e+38
1909.6542570967526,1.6918043596184676e+38
1908.943399828195,1.6848163549436006e+38
1908.2330715873636,1.6764382875713015e+38
1907.5232717839158,1.6717595959008012e+38
1906.8139998283866,1.664714320590569e+38
1906.1052551321882,1.6587384130116747e+38
1905.3970371076073,1.6546147234492683e+38
1904.6893451678031,1.649447396813797e+38
1903.982178726807,1.6466705414057266e+38
1903.2755371995204,1.6398870767220083e+38
1902.5694200017124,1.6366606166188261e+38
1901.863826550019,1.637107955251899e+38
1901.1587562619416,1.6343145477918694e+38
1900.4542085558446,1.6333795068859494e+38
1899.7501828509548,1.6334518491002242e+38
1899.046678567359,1.6346532337273925e+38
1898.3436951260026,1.6324801545673827e+38
1897.6412319486876,1.6351526613300697e+38
1896.939288458073,1.637911412119077e+38
1896.2378640776699,1.6410379375267515e+38
1895.536958231843,1.6453516158182646e+38
1894.8365703458076,1.6497270578982436e+38
1894.1366998456278,1.6535244002775306e+38
1893.4373461582154,1.6582447531787722e+38
1892.738508711329,1.6608619830073697e+38
1892.0401869335703,1.6609817523781206e+38
1891.3423802543855,1.6617002700460925e+38
1890.6450881040612,1.663166187829974e+38
1889.9483099137237,1.6624822837869316e+38
1889.252045115339,1.6611279576639858e+38
1888.5562931417078,1.6632634901398596e+38
1887.8610534264678,1.6636922049058818e+38
1887.1663254040893,1.6603816299138081e+38
1886.4721085098756,1.6576354632477547e+38
1885.7784021799598,1.6513997691500644e+38
1885.0852058513044,1.6478669763073661e+38
1884.3925189616998,1.6454167287714899e+38
1883.7003409497615,1.642030678971389e+38
1883.0086712549312,1.6380166719512703e+38
1882.3175093174718,1.634348285698332e+38
1881.6268545784685,1.6300196509221625e+38
1880.9367064798269,1.626303478288899e+38
1880.2470644642706,1.6223840154042068e+38
1879.5579279753401,1.6210362115703718e+38
1878.8692964573918,1.6212174449362444e+38
1878.181169355596,1.6200891310172456e+38
1877.4935461159353,1.6197990762963713e+38
1876.806426185203,1.6184846606745515e+38
1876.1198090110033,1.6195404505045953e+38
1875.4336940417472,1.6198374254749226e+38
1874.7480807266522,1.62472878512153e+38
1874.062968515742,1.6278482194208736e+38
1873.378356859843,1.6328720233547813e+38
1872.6942452105843,1.6365559140036065e+38
1872.0106330203955,1.6397714866012273e+38
1871.3275197425053,1.6457540067409902e+38
1870.6449048309405,1.6556506548066126e+38
1869.962787740524,1.6619216500743961e+38
1869.2811679268736,1.6711027889040396e+38
1868.6000448464008,1.6777667238570546e+38
1867.9194179563092,1.6865169384871053e+38
1867.2392867145923,1.6949534070102041e+38
1866.5596505800333,1.7017016583336533e+38
1865.8805090122028,1.7087003244029135e+38
1865.2018614714577,1.714172171046517e+38
1864.5237074189397,1.723686827302473e+38
1863.8460463165743,1.729796884392036e+38
1863.168877627068,1.7387301667282985e+38
1862.492200813909,1.7489530391920126e+38
1861.816015341364,1.7598517301388223e+38
1861.1403206744772,1.7682996450890667e+38
1860.4651162790697,1.779290541516328e+38
1859.7904016217374,1.7903130975909117e+38
1859.1161761698486,1.8017662764357637e+38
1858.4424393915458,1.811590394293831e+38
1857.7691907557405,1.822664266233338e+38
1857.0964297321136,1.8332277459970332e+38
1856.424155791115,1.8436675505628546e+38
1855.7523684039602,1.8521063664519775e+38
1855.0810670426297,1.860402405646665e+38
1854.4102511798685,1.872093831535078e+38
1853.7399202891834,1.8737633219702418e+38
1853.0700738448425,1.8762171538845047e+38
1852.4007113218731,1.879781702593644e+38
1851.7318321960613,1.8840212632693958e+38
1851.0634359439498,1.888224106275529e+38
1850.3955220428365,1.8917778173747366e+38
1849.7280899707744,1.8965847791879235e+38
1849.061139206568,1.9011339931084452e+38
1848.3946692297739,1.9069904304512e+38
1847.7286795206992,1.9147035106594604e+38
1847.0631695603988,1.9239979427617885e+38
1846.398138830676,1.9317845566264138e+38
1845.7335868140792,1.9411818751892304e+38
1845.069512993902,1.950683868161282e+38
1844.4059168541812,1.9593831844887462e+38
1843.742797879696,1.9424223278054e+38
1843.080155555965,1.9225122452204867e+38
1842.417989369248,1.9042009325823502e+38
1841.756298806542,1.887788478374211e+38
1841.0950833555798,1.8708484308196448e+38
1840.434342504831,1.853535543707971e+38
1839.7740757434988,1.8370630573268832e+38
1839.1142825615184,1.8204230794713304e+38
1838.4549624495573,1.8048061701028576e+38
1837.796114899013,1.7904455493813605e+38
1837.1377394020117,1.7767042851972427e+38
1836.4798354514069,1.7609855494682717e+38
1835.8224025407783,1.7470005950249193e+38
1835.1654401644307,1.7324342496542547e+38
1834.508947817393,1.7183969502071803e+38
1833.8529249954154,1.7029035228859305e+38
1833.1973711949697,1.6883851267661486e+38
1832.5422859132475,1.6743417066705281e+38
1831.8876686481585,1.6607816215772724e+38
1831.2335188983297,1.6474818385213614e+38
1830.5798361631048,1.6339384666376842e+38
1829.9266199425404,1.6204265784657017e+38
1829.2738697374077,1.6086531111137605e+38
1828.62158504919,1.5966712843868355e+38
1827.9697653800806,1.584649646590035e+38
1827.318410232983,1.573387775868007e+38
1826.6675191115087,1.5631960897027205e+38
1826.0170915199765,1.5522080749259918e+38
1825.3671269634103,1.54159032887366e+38
1824.7176249475392,1.5328321814571605e+38
1824.0685849787951,1.5226013525360589e+38
1823.4200065643117,1.5157732130558052e+38
1822.7718892119244,1.5067661583991141e+38
1822.124232430167,1.4983950775599102e+38
1821.477035728272,1.4912382510066224e+38
1820.8302986161689,1.4827624707500901e+38
1820.184020604483,1.4761902107253226e+38
1819.5382012045343,1.4678791707258188e+38
1818.8928399283357,1.4625980611794495e+38
1818.2479362885922,1.4559812569705417e+38
1817.6034897987004,1.4497728526488523e+38
1816.9594999727456,1.4450941037662692e+38
1816.315966325502,1.43945186177975e+38
1815.6728883724309,1.434375434144393e+38
1815.0302656296794,1.430070033406532e+38
1814.3880976140795,1.4262529946029013e+38
1813.7463838431472,1.422927856497794e+38
1813.10512383508,1.4203549504394168e+38
1812.4643171087569,1.4171727621055205e+38
1811.823963183737,1.4151760172773916e+38
1811.184061580258,1.4125958457104436e+38
1810.5446118192351,1.4114417396648658e+38
1809.90561342226,1.4098497749920876e+38
1809.267065911599,1.4096212418262445e+38
1808.6289688101933,1.4089755570073481e+38
1807.991321641656,1.4089386776088308e+38
1807.3541239302722,1.4090511453056593e+38
1806.7173752009974,1.4098112448153777e+38
1806.081074979456,1.4125071029637297e+38
1805.4452227919403,1.4139368969212519e+38
1804.8098181654107,1.4161882534340313e+38
1804.1748606274919,1.4186040441874702e+38
1803.5403497064738,1.4225901902779709e+38
1802.906284931309,1.425961511818048e+38
1802.2726658316135,1.4293730664484085e+38
1801.6394919376633,1.433696621528813e+38
1801.0067627803942,1.4389835742987236e+38
1800.3744778914013,1.4440914542728878e+38
1799.742636802937,1.4494482539130272e+38
1799.1112390479102,1.4562956513528351e+38
1798.4802841598848,1.4622359314075336e+38
1797.8497716730787,1.471138280884963e+38
1797.2197011223636,1.4791991242165063e+38
1796.590072043262,1.4869782098460643e+38
1795.960883971947,1.495754515345718e+38
1795.3321364452422,1.5053063856114795e+38
1794.703829000619,1.5158100377529824e+38
1794.075961176196,1.5259658488931982e+38
1793.448532510738,1.5333347549067965e+38
1792.821542543655,1.5422660084135508e+38
1792.1949908150007,1.5504196994603378e+38
1791.5688768654709,1.5598260961141104e+38
1790.9432002364044,1.5707326698687133e+38
1790.3179604697793,1.5822203343672785e+38
1789.6931571082139,1.593407942613204e+38
1789.0687896949637,1.6044348690510169e+38
1788.4448577739226,1.6162508617803335e+38
1787.8213608896199,1.628024224130278e+38
1787.1982985872196,1.6396201811327227e+38
1786.5756704125204,1.6489669952580665e+38
1785.9534759119524,1.6597728027991943e+38
1785.3317146325787,1.6695437174877036e+38
1784.710386122092,1.6802415339307473e+38
1784.0894899288146,1.6908427941334594e+38
1783.469025601698,1.6998954838258017e+38
1782.8489926903192,1.7127318814298907e+38
1782.2293907448827,1.724204718177475e+38
1781.610219316218,1.7362889507733104e+38
1780.991477955778,1.7496023239880057e+38
1780.3731662156385,1.7616794624607298e+38
1779.755283648498,1.7737991575077144e+38
1779.1378298076752,1.783884887918958e+38
1778.5208042471074,1.790282113526661e+38
1777.9042065213525,1.7973454115241984e+38
1777.2880361855844,1.8036104111025677e+38
1776.6722927955939,1.8100235514908714e+38
1776.056975907787,1.8157565784895186e+38
1775.4420850791846,1.8225582203121176e+38
1774.8276198674203,1.8288921057286317e+38
1774.21357983074,1.8349028142869217e+38
1773.5999645280008,1.8406989539502204e+38
1772.9867735186695,1.8467598612803217e+38
1772.3740063628227,1.853296335018354e+38
1771.761662621144,1.860436781587757e+38
1771.149741854925,1.8665442690924664e+38
1770.5382436260625,1.872318331275885e+38
1769.9271674970573,1.8801856103216938e+38
1769.3165130310158,1.887226371943332e+38
1768.7062797916462,1.8963290708907798e+38
1768.0964673432584,1.90297466437848e+38
1767.487075250762,1.9095077112808085e+38
1766.8781030796686,1.913736778711762e+38
1766.2695503960858,1.9199080876833423e+38
1765.6614167667205,1.9260755056519783e+38
1765.053701758876,1.9307098311072744e+38
1764.4464049404498,1.9354987324568656e+38
1763.8395258799355,1.9393812809907787e+38
1763.2330641464187,1.9442928229373065e+38
1762.6270193095788,1.9486110969488635e+38
1762.021390939686,1.9524186961069762e+38
1761.4161786076004,1.956221211065211e+38
1760.8113818847723,1.96035015627065e+38
1760.2070003432402,1.9645054685154922e+38
1759.6030335556297,1.9689082052892536e+38
1758.999481095153,1.9730330920270737e+38
1758.3963425356076,1.976538733025337e+38
1757.7936174513748,1.979124663048806e+38
1757.1913054174208,1.9786825080130487e+38
1756.5894060092924,1.9792438923778632e+38
1755.9879188031184,1.9804542576398814e+38
1755.3868433756088,1.982039956615411e+38
1754.7861793040518,1.9828357264681892e+38
1754.1859261663142,1.9809582300911387e+38
1753.586083540841,1.9765779993870653e+38
1752.9866510066524,1.9729230289169214e+38
1752.3876281433452,1.968534190280924e+38
1751.7890145310898,1.9637485460978177e+38
1751.1908097506303,1.9596748869467654e+38
1750.5930133832833,1.956057526375102e+38
1749.9956250109374,1.95262604307845e+38
1749.3986442160508,1.9480183529280514e+38
1748.8020705816516,1.9419813501712028e+38
1748.2059036913367,1.9343120012243216e+38
1747.6101431292707,1.9293204223166695e+38
1747.0147884801845,1.9237017603665373e+38
1746.4198393293746,1.919790637605602e+38
1745.825295262703,1.9148237215574743e+38
1745.2311558665942,1.908577790818208e+38
1744.6374207280371,1.902423968744268e+38
1744.0440894345809,1.89569012748385e+38
1743.4511615743363,1.8892452290160515e+38
1742.8586367359742,1.8834637249048333e+38
1742.2665145087242,1.8779279876841064e+38
1741.674794482374,1.8731096978882237e+38
1741.0834762472687,1.8668596263009954e+38
1740.4925593943085,1.8604110037286202e+38
1739.90204351495,1.8540122679111266e+38
1739.3119282012035,1.848091459823126e+38
1738.7222130456328,1.843541999953544e+38
1738.1328976413536,1.837833225713412e+38
1737.5439815820337,1.832724631847358e+38
1736.955464461891,1.8183550651276726e+38
1736.3673458756932,1.8015685149058708e+38
1735.7796254187567,1.7850441040602486e+38
1735.1923026869451,1.768071093039604e+38
1734.6053772766695,1.752699349378757e+38
1734.0188487848864,1.736318753701477e+38
1733.4327168090967,1.7218676340065294e+38
1732.8469809473474,1.7070204833745273e+38
1732.2616407982262,1.691899023531519e+38
1731.676695960864,1.6772767467709109e+38
1731.0921460349334,1.6617821498218546e+38
1730.5079906206465,1.6478139529292542e+38
1729.9242293187558,1.6333944263901176e+38
1729.3408617305513,1.6190988079325717e+38
1728.7578874578617,1.605429852454663e+38
1728.1753061030508,1.5912047335908448e+38
1727.5931172690207,1.5773215637976961e+38
1727.011320559206,1.5616640819461064e+38
1726.429915577577,1.5487793732007914e+38
1725.848901928636,1.5357816410016217e+38
1725.2682792174182,1.5236000222608463e+38
1724.6880470494898,1.5110639640662383e+38
1724.1082050309476,1.498088771403547e+38
1723.528752768418,1.4851609112276104e+38
1722.9496898690556,1.4720662262643686e+38
1722.3710159405439,1.4599669823700892e+38
1721.7927305910914,1.4471109863956585e+38
1721.2148334294345,1.4346084904397078e+38
1720.6373240648336,1.4241605782609934e+38
1720.0602021070736,1.4129274413565481e+38
1719.483467166463,1.4007003183855952e+38
1718.9071188538326,1.3898572707989632e+38
1718.3311567805347,1.3793935334878601e+38
1717.755580558442,1.3680613081378153e+38
1717.1803897999484,1.3578541295350257e+38
1716.605584117965,1.3471089513199411e+38
1716.0311631259224,1.3370213256032023e+38
1715.4571264377676,1.3271130499597602e+38
1714.8834736679642,1.316521455546427e+38
1714.3102044314917,1.306900460936921e+38
1713.7373183438442,1.2963710825016145e+38
1713.164815021029,1.2875938577515001e+38
1712.5926940795669,1.278689689547472e+38
1712.0209551364908,1.2705275888689432e+38
1711.4495978093444,1.2605311884663703e+38
1710.8786217161821,1.2516044046411754e+38
1710.3080264755683,1.2444283616720952e+38
1709.7378117065748,1.2357531605818396e+38
1709.1679770287824,1.2271512095018494e+38
1708.598522062278,1.219828768627326e+38
1708.0294464276562,1.2119374940537482e+38
1707.4607497460152,1.2043405135208801e+38
1706.892431638958,1.1963108379224904e+38
1706.324491728592,1.1873997234486786e+38
1705.7569296375266,1.1794757077402737e+38
1705.1897449888734,1.1723841392990854e+38
1704.6229374062457,1.1636267575388744e+38
1704.0565065137557,1.1558082548956503e+38
1703.4904519360168,1.148264482682044e+38
1702.9247732981394,1.1398903266209074e+38
1702.3594702257328,1.1329289366147604e+38
1701.7945423449025,1.1248894954486288e+38
1701.229989282251,1.1178456323260428e+38
1700.6658106648752,1.1115681453604563e+38
1700.1020061203672,1.1053368794404083e+38
1699.5385752768123,1.0996678977329754e+38
1698.975517762789,1.0929059866836505e+38
1698.4128332073676,1.0841632685054002e+38
1697.85052124011,1.074133715736483e+38
1697.2885814910678,1.0646818703012887e+38
1696.7270135907831,1.0546132917220823e+38
1696.1658171702866,1.0462865443380834e+38
1695.6049918610959,1.0374937018819383e+38
1695.0445372952174,1.029285267632444e+38
1694.4844531051428,1.0204702956277153e+38
1693.9247389238494,1.011376973468345e+38
1693.3653943848,1.0039850385752691e+38
1692.8064191219412,9.972508574813135e+37
1692.247812769702,9.908212184833938e+37
1691.6895749629941,9.851202829864435e+37
1691.1317053372118,9.79995797456302e+37
1690.5742035282283,9.734030779610814e+37
1690.0170691723986,9.672792873860424e+37
1689.4603019065557,9.62139883832313e+37
1688.903901368012,9.575355677334246e+37
1688.3478671945568,9.53083773345652e+37
1687.792199024456,9.489932032527882e+37
1687.2368964964526,9.448025194722966e+37
1686.6819592497638,9.408145036124668e+37
1686.127386924082,9.357481798301684e+37
1685.573179159573,9.29915696022512e+37
1685.0193355968759,9.236156914782143e+37
1684.4658558771014,9.184093217071896e+37
1683.9127396418316,9.125270818611777e+37
1683.35998653312,9.06263545522176e+37
1682.8075961934892,9.012528625222226e+37
1682.2555682659308,8.95284787238788e+37
1681.7039023939055,8.900827583097566e+37
1681.1525982213404,8.845181954687658e+37
1680.6016553926304,8.807221406723957e+37
1680.0510735526361,8.76192144031815e+37
1679.5008523466827,8.718444556344589e+37
1678.9509914205605,8.669757495141239e+37
1678.4014904205233,8.618404646638722e+37
1677.8523489932886,8.580100606502392e+37
1677.3035667860345,8.532637153476289e+37
1676.7551434464024,8.501699755493105e+37
1676.2070786224929,8.488942302645148e+37
1675.6593719628675,8.473674465887746e+37
1675.112023116546,8.458675913468445e+37
1674.5650317330073,8.451265185324693e+37
1674.018397462188,8.44049168341838e+37
1673.4721199544815,8.425888849415529e+37
1672.926198860737,8.421227002023935e+37
1672.3806338322602,8.421916534636628e+37
1671.8354245208102,8.425209108634334e+37
1671.2905705786009,8.427644762426828e+37
1670.746071658299,8.419260494132505e+37
1670.2019274130241,8.418240928001324e+37
1669.6581374963478,8.422116652291427e+37
1669.1147015622912,8.434763947977491e+37
1668.5716192653279,8.44634897849933e+37
1668.0288902603793,8.458090881179643e+37
1667.4865142028164,8.472489665393553e+37
1666.944490748458,8.490505937304472e+37
1666.4028195535705,8.513080689531732e+37
1665.861500274867,8.528799212264897e+37
1665.3205325695062,8.538332412932833e+37
1664.7799160950922,8.527574447335811e+37
1664.2396505096733,8.537237964652733e+37
1663.699735471742,8.537429888854738e+37
1663.1601706402334,8.546513943019233e+37
1662.6209556745252,8.54384284802829e+37
1662.0820902344367,8.541435835285057e+37
1661.5435739802276,8.55479061617552e+37
1661.0054065725983,8.555455165630082e+37
1660.4675876726885,8.581080391986027e+37
1659.9301169420767,8.583253406903154e+37
1659.392994042779,8.606073600048282e+37
1658.8562186372496,8.61505104556198e+37
1658.3197903883784,8.63819572298424e+37
1657.783708959492,8.655204212224586e+37
1657.2479740143515,8.690801021295024e+37
1656.7125852171534,8.709488244403633e+37
1656.1775422325275,8.716085751820312e+37
1655.6428447255357,8.742614450490052e+37
1655.1084923616743,8.762902769423279e+37
1654.5744848068696,8.77027503679626e+37
1654.0408217274803,8.77677287989576e+37
1653.5075027902938,8.773046720127416e+37
1652.9745276625285,8.745164606884766e+37
1652.4418960118312,8.711093606982184e+37
1651.9096075062773,8.680344836716192e+37
1651.3776618143686,8.637055596086469e+37
1650.8460586050348,8.608894338025714e+37
1650.3147975476322,8.591651411975756e+37
1649.783878311941,8.578743720891558e+37
1649.2533005681678,8.563857078400753e+37
1648.7230639869422,8.553973753173862e+37
1648.1931682393176,8.53602729134666e+37
1647.6636129967703,8.52100433237979e+37
1647.1343979311991,8.513961857723456e+37
1646.605522714923,8.52691897985167e+37
1646.076987020683,8.522620209228158e+37
1645.5487905216387,8.52291851226564e+37
1645.0209328913709,8.53072078309821e+37
1644.4934138038775,8.532531825329974e+37
1643.9662329335754,8.547347617326987e+37
1643.4393899552983,8.546028947912313e+37
1642.912884544297,8.55886123978279e+37
1642.386716376238,8.59081838444219e+37
1641.8608851272031,8.611257251424333e+37
1641.3353904736894,8.632486977497229e+37
1640.8102320926073,8.66461619219093e+37
1640.285409661281,8.683646921828756e+37
1639.7609228574474,8.717945189021145e+37
1639.236771359255,8.72428407083525e+37
1638.7129548452644,8.71857389128583e+37
1638.1894729944465,8.713911480024017e+37
1637.6663254861821,8.691711029288414e+37
1637.1435120002618,8.685810595887616e+37
1636.621032216885,8.673788029327138e+37
1636.0988858166586,8.674509567257489e+37
1635.577072480598,8.660146083387486e+37
1635.0555918901243,8.651145155586112e+37
1634.5344437270653,8.649516530159235e+37
1634.0136276736548,8.639006296707703e+37
1633.4931434125303,8.62139256345379e+37
1632.972990626735,8.614994340791443e+37
1632.4531689997143,8.612878710646897e+37
1631.9336782153173,8.617450533397693e+37
1631.4145179577952,8.607569755204327e+37
1630.895687911801,8.60969275114419e+37
1630.3771877623888,8.621085637107086e+37
1629.8590171950127,8.614833038465742e+37
1629.3411758955265,8.616840670011465e+37
1628.823663550184,8.628597082503948e+37
1628.3064798456364,8.63738673108676e+37
1627.7896244689337,8.639160489943777e+37
1627.273097107522,8.65808893579397e+37
1626.7568974492451,8.668385779696354e+37
1626.2410251823421,8.683688483584998e+37
1625.7254799954478,8.691955871440295e+37
1625.2102615775916,8.67977167094446e+37
1624.6953696181965,8.669244070122081e+37
1624.1808038070797,8.669167063463034e+37
1623.666563834451,8.667900344435515e+37
1623.1526493909118,8.667756694015688e+37
1622.6390601674564,8.67680401130493e+37
1622.1257958554684,8.676569063229456e+37
1621.6128561467235,8.675643769260216e+37
1621.1002407333856,8.67413615221742e+37
1620.5879493080088,8.692679818778186e+37
1620.0759815635352,8.69449222343101e+37
1619.564337193295,8.702560870265083e+37
1619.0530158910053,8.728653510932657e+37
1618.5420173507703,8.734667224892733e+37
1618.0313412670803,8.75357393239946e+37
1617.5209873348103,8.776386853999624e+37
1617.0109552492218,8.803458953389156e+37
1616.5012447059582,8.81269610033307e+37
1615.9918554010487,8.84402621929396e+37
1615.482787030904,8.885474036537864e+37
1614.9740392923184,8.921522801267737e+37
1614.4656118824669,8.949982484872668e+37
1613.9575044989065,8.982679090452409e+37
1613.4497168395746,9.025490187981226e+37
1612.9422486027888,9.050572784255127e+37
1612.4350994872455,9.089814780566438e+37
1611.928269192021,9.13095610733199e+37
1611.4217574165687,9.183396495703613e+37
1610.91556386072,9.231980286560614e+37
1610.409688224684,9.273478674332648e+37
1609.904130209046,9.330222508097333e+37
1609.398889514766,9.385583191108612e+37
1608.893965843181,9.437299733079209e+37
1608.3893588960013,9.497696348894172e+37
1607.8850683753126,9.55407136518289e+37
1607.3810939835726,9.604418916583095e+37
1606.877435423613,9.675496007943568e+37
1606.3740923986377,9.721278080178664e+37
1605.8710646122222,9.783299431071098e+37
1605.3683517683132,9.847526228396272e+37
1604.865953571228,9.915000280033162e+37
1604.3638697256536,9.975614292760041e+37
1603.8620999366474,1.0039081217805625e+38
1603.3606439096343,1.0094226440001669e+38
1602.8595013504091,1.0169564033727607e+38
1602.3586719651325,1.0225668724174375e+38
1601.858155460334,1.028361146950167e+38
1601.3579515429083,1.035138666285552e+38
1600.858059920117,1.0402100379866974e+38
1600.358480299587,1.0469172929993467e+38
1599.8592123893097,1.0531432755346503e+38
1599.360255897641,1.060132539893727e+38
1598.8616105333,1.0679466055083553e+38
1598.3632760053704,1.0761783598823178e+38
1597.8652520232968,1.0841409391049322e+38
1597.3675382968868,1.0923218877339048e+38
1596.8701345363088,1.1006659536997025e+38
1596.3730404520927,1.1087678357718684e+38
1595.8762557551286,1.1085336911589188e+38
1595.3797801566661,1.1080264590641216e+38
1594.8836133683142,1.1066364685458654e+38
1594.3877551020407,1.106153470352e+38
1593.892205070171,1.105551970737174e+38
1593.3969629853887,1.1048126048274493e+38
1592.9020285607335,1.1059312142529336e+38
1592.407401509602,1.1061185569533521e+38
1591.9130815457474,1.1070129062650322e+38
1591.4190683832774,1.1084861455721794e+38
1590.9253617366542,1.109037210967987e+38
1590.4319613206944,1.110103266397451e+38
1589.9388668505696,1.1109074069808676e+38
1589.4460780418021,1.1126477668441638e+38
1588.9535946102692,1.1152860603370556e+38
1588.4614162721987,1.1185502977588194e+38
1587.96954274417,1.1209033131516031e+38
1587.4779737431143,1.1245944490626948e+38
1586.9867089863121,1.1279558666782125e+38
1586.4957481913948,1.1318127077310885e+38
1586.005091076342,1.135771120358054e+38
1585.5147373594834,1.1398829621463285e+38
1585.0246867594963,1.1449179077490753e+38
1584.5349389954047,1.1509165974355954e+38
1584.0454937865813,1.1559558143436247e+38
1583.556350852745,1.161558477963929e+38
1583.06750991396,1.1676022758649223e+38
1582.5789706906373,1.1741502714456252e+38
1582.090732903532,1.1807166285702885e+38
1581.6027962737437,1.1876346620066451e+38
1581.1151605227167,1.1954961473785479e+38
1580.6278253722378,1.2036819682172129e+38
1580.1407905444376,1.2118492926357689e+38
1579.6540557617882,1.220524507681721e+38
1579.167620747104,1.2282142126891966e+38
1578.6814852235414,1.235861923553746e+38
1578.1956489145957,1.244713162645922e+38
1577.7101115441048,1.2538760801062052e+38
1577.2248728362447,1.2645603702721603e+38
1576.7399325155307,1.2737139624603611e+38
1576.255290306818,1.2845286422716709e+38
1575.7709459352989,1.294547782395758e+38
1575.2868991265032,1.305973354061061e+38
1574.803149606299,1.3163642473618309e+38
1574.3196971008902,1.3281481408681153e+38
1573.8365413368167,1.340464886453177e+38
1573.3536820409543,1.3530082626527149e+38
1572.871118940514,1.3649574907425402e+38
1572.3888517630407,1.3775221248922364e+38
1571.9068802364147,1.3916006979079236e+38
1571.4252040888482,1.4041019834037175e+38
1570.9438230488877,1.417917542949226e+38
1570.4627368454114,1.4326783931945912e+38
1569.9819452076301,1.4471056344606008e+38
1569.5014478650855,1.461976200160758e+38
1569.0212445476511,1.4776209677336689e+38
1568.54133498553,1.4933488574439612e+38
1568.0617189092563,1.5088461727727654e+38
1567.582396049692,1.5251419523118577e+38
1567.1033661380304,1.5410779705876184e+38
1566.624628905791,1.5523843063209112e+38
1566.1461840848224,1.5626306716200672e+38
1565.6680314073005,1.5732508953257468e+38
1565.1901706057283,1.5847207364167959e+38
1564.7126014129356,1.595666486943909e+38
1564.2353235620765,1.6061432109370457e+38
1563.7583367866328,1.6183029234298294e+38
1563.2816408204103,1.6293064713301194e+38
1562.8052353975386,1.6403864623442921e+38
1562.3291202524724,1.6515482490712942e+38
1561.8532951199893,1.663511589552263e+38
1561.3777597351902,1.6748541986045477e+38
1560.9025138334985,1.678724748554782e+38
1560.4275571506594,1.6814049267630014e+38
1559.9528894227394,1.6840329582396471e+38
1559.4785103861268,1.6866536295910967e+38
1559.0044197775298,1.6888412965861128e+38
1558.5306173339775,1.6916590337770817e+38
1558.0571027928174,1.6942559848841483e+38
1557.5838758917166,1.697336736513408e+38
1557.1109363686614,1.7004052424094539e+38
1556.6382839619557,1.7039698978128548e+38
1556.165918410221,1.7071092541480833e+38
1555.6938394523959,1.7108314552796837e+38
1555.2220468277358,1.7145472011153013e+38
1554.7505402758127,1.7175612623031313e+38
1554.2793195365139,1.7207788582833823e+38
1553.808384350042,1.723495241430212e+38
1553.3377344569142,1.7267101859862403e+38
1552.8673695979624,1.7298869990991274e+38
1552.3972895143324,1.7328201791196237e+38
1551.9274939474826,1.7367625980863937e+38
1551.457982639185,1.740692753477008e+38
1550.9887553315236,1.743495577453212e+38
1550.5198117668947,1.7458410463802108e+38
1550.0511516880056,1.7489170611431327e+38
1549.5827748378747,1.7513871763695217e+38
1549.1146809598313,1.754212623189026e+38
1548.6468697975145,1.75691355160814e+38
1548.1793410948724,1.7596998591798536e+38
1547.7120945961633,1.762175030540472e+38
1547.2451300459531,1.7643299951663955e+38
1546.7784471891168,1.765959493845518e+38
1546.3120457708364,1.7677500557555893e+38
1545.8459255366017,1.7688741961000364e+38
1545.380086232209,1.770364499604918e+38
1544.9145276037602,1.772577385561343e+38
1544.4492493976647,1.775219467620254e+38
1543.9842513606359,1.7772501536439132e+38
1543.5195332396931,1.7792581013724875e+38
1543.055094782159,1.7795643837206243e+38
1542.5909357356616,1.778719487714434e+38
1542.127055848131,1.7778830560268237e+38
1541.6634548678023,1.7764317962212907e+38
1541.2001325432113,1.776630509372864e+38
1540.7370886231975,1.7762929844700148e+38
1540.2743228569009,1.775465974693926e+38
1539.8118349937638,1.774208021613267e+38
1539.3496247835292,1.7739589925539416e+38
1538.8876919762397,1.7725271555770708e+38
1538.4260363222388,1.771687339296292e+38
1537.964657572169,1.770373364436183e+38
1537.5035554769722,1.7698088325203802e+38
1537.0427297878882,1.769161869871643e+38
1536.5821802564558,1.7687082296615747e+38
1536.1219066345107,1.768222049405099e+38
1535.6619086741864,1.7678940996093925e+38
1535.2021861279131,1.767141695977736e+38
1534.7427387484174,1.767239876154837e+38
1534.2835662887214,1.7665710912795122e+38
1533.8246685021436,1.765438468652626e+38
1533.3660451422963,1.763733895105312e+38
1532.9076959630877,1.7618438285318795e+38
1532.449620718719,1.760188413184605e+38
1531.991819163686,1.7583189333589492e+38
1531.5342910527768,1.7569256411616294e+38
1531.0770361410737,1.754247917257281e+38
1530.62005418395,1.7512370212989058e+38
1530.1633449370722,1.747877180742582e+38
1529.7069081563973,1.7438016486700606e+38
1529.2507435981743,1.7411072981352478e+38
1528.794851018942,1.7376092365441776e+38
1528.33923017553,1.734218941427721e+38
1527.8838808250573,1.7304205248520545e+38
1527.428802724933,1.7274851057795678e+38
1526.9739956328547,1.7258875574805563e+38
1526.5194593068074,1.7223456470019692e+38
1526.0651935050666,1.7179131083782563e+38
1525.6111979861935,1.7144744507268316e+38
1525.1574725090368,1.710918554232679e+38
1524.7040168327323,1.706243099725413e+38
1524.250830716703,1.7033195059764873e+38
1523.797913920656,1.6991949082547352e+38
1523.3452662045854,1.695443538726058e+38
1522.8928873287698,1.6923020660729716e+38
1522.4407770537728,1.686643313121413e+38
1521.9889351404415,1.6781824771361699e+38
1521.5373613499082,1.6708294298813927e+38
1521.086055443587,1.6642035912733845e+38
1520.6350171831757,1.6558783581327607e+38
1520.1842463306555,1.648667674357147e+38
1519.7337426482882,1.6417101819619941e+38
1519.2835058986184,1.6324416799710763e+38
1518.8335358444717,1.6227113051823886e+38
1518.3838322489541,1.6068808580548038e+38
1517.9343948754536,1.590975096532577e+38
1517.4852234876364,1.5745933334792144e+38
1517.0363178494492,1.5575233925257548e+38
1516.5876777251185,1.5416260197577851e+38
1516.1393028791488,1.5255363199153643e+38
1515.6911930763226,1.5096940527251068e+38
1515.243348081702,1.4942360429879134e+38
1514.7957676606252,1.4795754132459263e+38
1514.3484515787084,1.463246991885055e+38
1513.901399601844,1.4478321906810497e+38
1513.4546114962013,1.4333096196453384e+38
1513.0080870282252,1.4191136927847592e+38
1512.5618259646365,1.4039981435310397e+38
1512.1158280724305,1.388724511875632e+38
1511.6700931188777,1.3733612691309784e+38
1511.2246208715233,1.358049985373774e+38
1510.7794110981856,1.3429700860637787e+38
1510.3344635669569,1.3287069062548776e+38
1509.8897780462028,1.3139262214612287e+38
1509.4453543045609,1.3003620485047335e+38
1509.0011921109417,1.2872821042107897e+38
1508.557291234528,1.2750974727991604e+38
1508.113651444773,1.262297574584352e+38
1507.670272511402,1.2498419708619922e+38
1507.2271542044102,1.2384849200622251e+38
1506.784296294064,1.226996633541649e+38
1506.3416985508995,1.2165891634270131e+38
1505.8993607457214,1.2066316504143995e+38
1505.457282649605,1.1968648593127816e+38
1505.015464033893,1.1843010589734288e+38
1504.5739046701976,1.1723602046567133e+38
1504.132604330398,1.1606523430487359e+38
1503.6915627866413,1.1481691404753266e+38
1503.250779811342,1.1373815689488457e+38
1502.8102551771813,1.1272844118975298e+38
1502.3699886571067,1.1140779960660087e+38
1501.9299800243314,1.0979858300066503e+38
1501.4902290523346,1.0816638426656677e+38
1501.0507355148607,1.0664782123673366e+38
1500.6114991859185,1.050621587717648e+38
1500.1725198397817,1.0350240129940488e+38
1499.7337972509881,1.0206504270741449e+38
1499.2953311943388,1.0061433777719747e+38
1498.8571214448982,9.92713716416777e+37
1498.4191677779943,9.785314090328257e+37
1497.9814699692165,9.651649760584017e+37
1497.5440277944174,9.516157998885902e+37
1497.1068410297103,9.377901693182558e+37
1496.6699094514704,9.251421101832117e+37
1496.2332328363345,9.133009276910491e+37
1495.7968109611993,9.008840892877532e+37
1495.3606436032212,8.883490973842568e+37
1494.9247305398176,8.758344476943465e+37
1494.4890715486642,8.627260103705738e+37
1494.0536664076974,8.497961347975057e+37
1493.6185148951108,8.372019224764521e+37
1493.1836167893566,8.251281061417589e+37
1492.7489718691456,8.129760767265688e+37
1492.3145799134459,8.015708213778705e+37
1491.8804407014823,7.900702241363414e+37
1491.446554012737,7.787086963886078e+37
1491.0129196269488,7.67374773024787e+37
1490.5795373241117,7.561283308017454e+37
1490.1464068844766,7.448056802420026e+37
1489.7135280885486,7.338561816505507e+37
1489.2809007170888,7.2364581913427675e+37
1488.8485245511122,7.138125320029424e+37
1488.4163993718885,7.045566950073535e+37
1487.9845249609405,6.954619840834756e+37
1487.5529011000453,6.856759167378191e+37
1487.1215275712332,6.760225486567098e+37
1486.6904041567864,6.669265826621254e+37
1486.2595306392402,6.588852812959746e+37
1485.828906801382,6.505256760250233e+37
1485.39853242625,6.431217316672106e+37
1484.968407297135,6.35130668551149e+37
1484.5385311975774,6.276886035039879e+37
1484.108903911369,6.203426948365507e+37
1483.6795252225518,6.127676004434881e+37
1483.2503949154177,6.054100009140268e+37
1482.8215127745075,5.990551633372372e+37
1482.3928785846113,5.927504620578149e+37
1481.9644921307686,5.86822198241063e+37
1481.5363531982666,5.803748011011026e+37
1481.108461572641,5.75116742295559e+37
1480.680817039675,5.693793127199681e+37
1480.253419385399,5.64068304288884e+37
1479.8262683960904,5.584441645984538e+37
1479.3993638582735,5.5368809415544e+37
1478.972705558719,5.489743550097307e+37
1478.5462932844428,5.453815030651795e+37
1478.120126822707,5.411477176817538e+37
1477.6942059610187,5.365126489703501e+37
1477.2685304871295,5.323860587287997e+37
1476.843100189036,5.272129193990765e+37
1476.417914854979,5.233372888037218e+37
1475.9929742734425,5.189818844289729e+37
1475.5682782331546,5.155793402329215e+37
1475.143826523086,5.123067401672126e+37
1474.7196189324504,5.093726293389894e+37
1474.295655250704,5.06020438232378e+37
1473.8719352675446,5.02069079045863e+37
1473.4484587729123,4.986632983809543e+37
1473.0252255569876,4.957984149991915e+37
1472.6022354101933,4.927493119789296e+37
1472.1794881231922,4.901430046825963e+37
1471.7569834868866,4.868966254308631e+37
1471.3347212924205,4.836209943664386e+37
1470.912701331176,4.804876901389842e+37
1470.4909233947753,4.771537581626596e+37
1470.0693872750794,4.7400745751517255e+37
1469.6480927641876,4.706399399982639e+37
1469.227039654438,4.680461186986285e+37
1468.8062277384058,4.658256429610016e+37
1468.3856568089045,4.637861266643769e+37
1467.9653266589842,4.615589029670833e+37
1467.5452370819332,4.591365895512163e+37
1467.1253878712746,4.572534423444597e+37
1466.7057788207687,4.551981020455038e+37
1466.2864097244114,4.531697424026418e+37
1465.8672803764348,4.52034751685752e+37
1465.448390571305,4.508117036430971e+37
1465.0297401037244,4.493545341584602e+37
1464.611328768628,4.474941972727749e+37
1464.1931563611874,4.454613147379793e+37
1463.7752226768057,4.441378342489662e+37
1463.3575275111216,4.422489073368263e+37
1462.9400706600054,4.403706568077274e+37
1462.5228519195612,4.381222395028944e+37
1462.1058710861255,4.358065906390954e+37
1461.6891279562665,4.338142125614373e+37
1461.2726223267846,4.317686325211924e+37
1460.8563539947118,4.297699235737332e+37
1460.4403227573114,4.274043562803617e+37
1460.0245284120774,4.250121135940214e+37
1459.6089707567344,4.2283342299469373e+37
1459.193649589237,4.203587951663091e+37
1458.7785647077703,4.1885275504911943e+37
1458.3637159107482,4.1729279944317337e+37
1457.9491029968146,4.1564600859948297e+37
1457.5347257648416,4.139290785758793e+37
1457.12058401393,4.1215143177298324e+37
1456.7066775434098,4.103721428078805e+37
1456.293006152838,4.079097589902771e+37
1455.8795696419993,4.0605817818523565e+37
1455.466367810906,4.0545394370421197e+37
1455.0534004597969,4.040406712244849e+37
1454.6406673891383,4.027787811336052e+37
1454.2281683996218,4.0156074070258767e+37
1453.8159032921662,4.009866864728542e+37
1453.4038718679146,4.000509293899569e+37
1452.9920739282368,3.991640441419101e+37
1452.5805092747266,3.9774754574991637e+37
1452.1691777092033,3.972088723768217e+37
1451.7580790337097,3.9684008275411364e+37
1451.3472130505143,3.9671724246354336e+37
1450.9365795621075,3.9692531847187096e+37
1450.5261783712042,3.964828361428006e+37
1450.1160092807427,3.9679694697050126e+37
1449.706072093883,3.9668194294751107e+37
1449.296366614009,3.964758380157903e+37
1448.8868926447258,3.969990325990622e+37
1448.4776499898608,3.976203386899791e+37
1448.0686384534629,3.9899549704376804e+37
1447.659857839802,3.995554205197201e+37
1447.2513079533696,4.0056591890656805e+37
1446.8429885988774,4.012749884078497e+37
1446.4348995812572,4.020636833821937e+37
1446.0270407056612,4.0291997933933835e+37
1445.6194117774614,4.0392343260466346e+37
1445.212012602249,4.0487589730681005e+37
1444.8048429858336,4.0613161561091554e+37
1444.3979027342452,4.064011795462971e+37
1443.991191653731,4.0741668953187196e+37
1443.5847095507565,4.084606706309601e+37
1443.1784562320054,4.0924896337177714e+37
1442.7724315043788,4.0882665332793186e+37
1442.366635174995,4.0878443096313365e+37
1441.9610670511897,4.086685037078203e+37
1441.5557269405142,4.0851432412920787e+37
1441.150614650737,4.0586263737647017e+37
1440.7457299898429,4.031801593981555e+37
1440.341072766031,4.0104842909447404e+37
1439.9366427877173,3.984315621913948e+37
1439.5324398635323,3.9639337089422194e+37
1439.1284638023212,3.9462025414857235e+37
1438.7247144131443,3.924590456529793e+37
1438.3211915052752,3.9061877065545937e+37
1437.917894888202,3.8928561273021256e+37
1437.5148243716264,3.8791119888834e+37
1437.1119797654633,3.861239218766127e+37
1436.709360879841,3.8449336051285746e+37
1436.3069675250995,3.8226804987548843e+37
1435.9047995117924,3.7995838882083218e+37
1435.5028566506846,3.777379822745013e+37
1435.1011387527535,3.7589243671070777e+37
1434.6996456291874,3.742296298664733e+37
1434.2983770913863,3.7230161760929384e+37
1433.8973329509608,3.714349723055944e+37
1433.4965130197322,3.699950953527744e+37
1433.0959171097322,3.686277405874994e+37
1432.6955450332027,3.6804273989314105e+37
1432.2953966025955,3.66674133468549e+37
1431.895471630571,3.662035356983757e+37
1431.49576993,3.6512872297102526e+37
1431.096291313961,3.645519494723907e+37
1430.6970355957424,3.635759527144768e+37
1430.2980025888394,3.6261591136059392e+37
1429.8991921069564,3.620997720933554e+37
1429.5006039640052,3.607607392413541e+37
1429.1022379741046,3.6018365854751954e+37
1428.7040939515814,3.5945892355818924e+37
1428.3061717109679,3.590271489115272e+37
1427.9084710670047,3.581232061852258e+37
1427.5109918346373,3.573427295011443e+37
1427.1137338290175,3.5657715544189474e+37
1426.7166968655033,3.5531919109339133e+37
1426.319880759658,3.5445477881614193e+37
1425.9232853272495,3.5359032018421515e+37
1425.5269103842509,3.525373737180401e+37
1425.13075574684,3.5219730167956594e+37
1424.7348212313984,3.518728652880276e+37
1424.3391066545125,3.51582839860668e+37
1423.9436118329716,3.5061176479402503e+37
1423.5483365837688,3.4992041716271176e+37
1423.1532807241006,3.483928679189047e+37
1422.7584440713656,3.4701138725755225e+37
1422.3638264431659,3.4457460834387794e+37
1421.9694276573055,3.437343733335147e+37
1421.5752475317902,3.4265826084786878e+37
1421.1812858848275,3.4222576699828947e+37
1420.787542534827,3.4121921414809023e+37
1420.3940173003994,3.4065150544444336e+37
1420.0007100003552,3.4029526520315933e+37
1419.6076204537069,3.3925402360072087e+37
1419.2147484796662,3.389122490651228e+37
1418.8220938976463,3.37944706506126e+37
1418.4296565272589,3.3636777813203415e+37
1418.0374361883153,3.346398614655746e+37
1417.6454327008273,3.331253758835395e+37
1417.253645885004,3.317301895736908e+37
1416.8620755612546,3.3004499354260883e+37
1416.4707215501855,3.2882040160908303e+37
1416.0795836726024,3.2728601383273217e+37
1415.6886617495081,3.2563603580448066e+37
1415.2979556021032,3.246478406284163e+37
1414.9074650517855,3.2402542268269188e+37
1414.5171899201505,3.2294211331493696e+37
1414.1271300289895,3.2219959707697464e+37
1413.7372852002914,3.215966126477014e+37
1413.34765525624,3.2079131783344864e+37
1412.9582400192162,3.2011672548585136e+37
1412.5690393117964,3.1944633354717505e+37
1412.180052956752,3.188088882857765e+37
1411.79128077705,3.186511061161904e+37
1411.4027225958519,3.187897973468555e+37
1411.0143782365144,3.1917095492397095e+37
1410.6262475225878,3.1905602601342187e+37
1410.238330277817,3.190798527691908e+37
1409.8506263261409,3.193249192791377e+37
1409.4631354916912,3.1957119472418007e+37
1409.0758575987938,3.1954626068803824e+37
1408.6887924719672,3.2000155466253387e+37
1408.3019399359223,3.204052786200215e+37
1407.915299815563,3.2107956117741758e+37
1407.5288719359858,3.214212404294117e+37
1407.1426561224778,3.220008685473188e+37
1406.7566522005193,3.2282164150922406e+37
1406.3708599957808,3.2307245019342074e+37
1405.9852793341256,3.237105671199823e+37
1405.5999100416057,3.240436585285398e+37
1405.214751944466,3.2436659265850955e+37
1404.8298048691402,3.245435556908518e+37
1404.4450686422526,3.24660126290902e+37
1404.060543090618,3.2470018635677556e+37
1403.6762280412402,3.250150464226282e+37
1403.292123321312,3.24931124046449e+37
1402.908228758216,3.250495768761714e+37
1402.5245441795232,3.253612930368732e+37
1402.1410694129938,3.263208078575991e+37
1401.7578042865753,3.2690080527863747e+37
1401.3747486284044,3.272790453453391e+37
1400.9919022668048,3.27943578481848e+37
1400.6092650302883,3.2875755210960355e+37
1400.226836747553,3.293143532384471e+37
1399.8446172474858,3.2987991225594495e+37
1399.4626063591584,3.3098463714649534e+37
1399.08080391183,3.282628284386593e+37
1398.6992097349464,3.251839603623463e+37
1398.3178236581393,3.223547627297883e+37
1397.9366455112256,3.1928201738828602e+37
1397.5556751242077,3.1698013813107844e+37
1397.1749123272743,3.141245575763965e+37
1396.794356950798,3.114048147887513e+37
1396.4140088253366,3.090851969111659e+37
1396.0338677816324,3.0664968859584613e+37
1395.653933650612,3.0437263999404662e+37
1395.274206263386,3.019836250055563e+37
1394.8946854512485,2.9977611931311984e+37
1394.5153710456773,2.979187714740027e+37
1394.1362628783338,2.9603647187923015e+37
1393.7573607810616,2.9432738732227875e+37
1393.378664585888,2.9255718974801976e+37
1393.0001741250219,2.909295345186822e+37
1392.621889230855,2.8964895039179374e+37
1392.2438097359611,2.88204711419845e+37
1391.8659354730953,2.865895859143478e+37
1391.4882662751947,2.8527045916588813e+37
1391.1108019753774,2.8415220511691265e+37
1390.7335424069427,2.8297540403775248e+37
1390.3564874033702,2.8198329509194663e+37
1389.979636798321,2.8084756279198137e+37
1389.6029904256354,2.801796423994115e+37
1389.2265481193347,2.793163639831323e+37
1388.8503097136193,2.786967188091984e+37
1388.4742750428693,2.7789971190344142e+37
1388.0984439416445,2.7721531995557227e+37
1387.7228162446831,2.7678736916366815e+37
1387.3473917869035,2.7668291165877726e+37
1386.972170403401,2.764662112234332e+37
1386.5971519294499,2.762458911428404e+37
1386.2223362005034,2.7630084887270946e+37
1385.847723052191,2.764205726366915e+37
1385.4733123203214,2.763854176021421e+37
1385.09910384088,2.7644627816106045e+37
1384.7250974500287,2.7645017950349956e+37
1384.3512929841077,2.7601042191176166e+37
1383.977690279633,2.757937281777128e+37
1383.6042891732966,2.7570564843424415e+37
1383.2310895019677,2.754424914491636e+37
1382.8580911026909,2.74930374406552e+37
1382.4852938126871,2.740033884856075e+37
1382.1126974693516,2.736052198320523e+37
1381.740301910256,2.7315632041376905e+37
1381.3681069731463,2.7260618851844425e+37
1380.9961124959434,2.726101170653144e+37
1380.624318316743,2.721407678035215e+37
1380.2527242738147,2.7182273096669184e+37
1379.8813302056024,2.717163171805289e+37
1379.510135950724,2.717427100252734e+37
1379.1391413479707,2.7178338667717183e+37
1378.7683462363073,2.716767063911906e+37
1378.3977504548714,2.719337949752061e+37
1378.027353842974,2.7177411986881123e+37
1377.6571562400982,2.722715983910907e+37
1377.2871574859,2.722512345014012e+37
1376.9173574202077,2.724385646843528e+37
1376.547755883021,2.725212369602392e+37
1376.178352714512,2.7278222443345353e+37
1375.8091477550233,2.728143952928649e+37
1375.4401408450706,2.7286777432877457e+37
1375.0713318253386,2.72667069419825e+37
1374.7027205366842,2.7261199560843316e+37
1374.334306820134,2.7229967202957745e+37
1373.966090516886,2.7198183068443713e+37
1373.5980714683078,2.712831735457165e+37
1373.2302495159363,2.7024017252494198e+37
1372.8626245014793,2.6912821864983975e+37
1372.495196266813,2.683312401218352e+37
1372.1279646539836,2.6721371034992562e+37
1371.760929505206,2.6651981828884406e+37
1371.3940906628634,2.6486129733796676e+37
1371.0274479695083,2.6349208390633343e+37
1370.6610012678616,2.6224278016356643e+37
1370.2947504008114,2.611198805411132e+37
1369.9286952114144,2.6011931955085455e+37
1369.5628355428948,2.5919943308157596e+37
1369.1971712386442,2.5795980533412504e+37
1368.8317021422215,2.5706655689775157e+37
1368.466428097353,2.5643015126938505e+37
1368.10134894793,2.555700310800088e+37
1367.7364645380128,2.54344872370776e+37
1367.3717747118264,2.530471213733449e+37
1367.0072793137624,2.515261093256044e+37
1366.6429781883783,2.5046956789761325e+37
1366.2788711803967,2.492264940733057e+37
1365.9149581347065,2.480641299070172e+37
1365.5512388963616,2.4686030318750014e+37
1365.1877133105804,2.46097645932143e+37
1364.8243812227463,2.449328932293862e+37
1364.4612424784073,2.437468858319054e+37
1364.0982969232762,2.42888627453108e+37
1363.7355444032294,2.4210940402710084e+37
1363.372984764307,2.4151166668247206e+37
1363.010617852713,2.411517458853594e+37
1362.6484435148154,2.4025401254764217e+37
1362.2864615971448,2.3988369188027693e+37
1361.9246719463947,2.391702092283188e+37
1361.5630744094221,2.3884901690388945e+37
1361.201668833246,2.3846384712927395e+37
1360.8404550650482,2.379825005780055e+37
1360.4794329521724,2.3785512225300885e+37
1360.1186023421242,2.3792378403543566e+37
1359.7579630825712,2.3793704085641057e+37
1359.3975150213428,2.379841759854701e+37
1359.0372580064284,2.3818755949695645e+37
1358.67719188598,2.382120396120638e+37
1358.3173165083094,2.3855416661092754e+37
1357.9576317218903,2.388967113561721e+37
1357.5981373753555,2.3909904812352197e+37
1357.2388333174988,2.389811128696172e+37
1356.8797193972741,2.390432504562275e+37
1356.5207954637945,2.390059761687264e+37
1356.1620613663335,2.391154206095332e+37
1355.803516954323,2.3942836543602317e+37
1355.4451620773552,2.3955904256667364e+37
1355.0869965851807,2.400130664704302e+37
1354.7290203277091,2.3995814637640205e+37
1354.371233155008,2.4042811715543803e+37
1354.0136349173038,2.402947266731777e+37
1353.656225464981,2.4077548361004587e+37
1353.299004648582,2.409952806434139e+37
1352.941972318807,2.4119160704012135e+37
1352.585128326514,2.415169215991958e+37
1352.2284725227173,2.4206546775585516e+37
1351.8720047585894,2.425834092911737e+37
1351.5157248854591,2.4316966553897166e+37
1351.1596327548118,2.4358424509783585e+37
1350.80372821829,2.4414649806551265e+37
1350.4480111276916,2.4466773307716975e+37
1350.0924813349714,2.449881473203751e+37
1349.7371386922398,2.4504231272398926e+37
1349.3819830517623,2.453417302161296e+37
1349.0270142659608,2.4524174089212544e+37
1348.6722321874115,2.4549407266278526e+37
1348.3176366688465,2.45505203086175e+37
1347.963227563152,2.46079132028885e+37
1347.6090047233697,2.4614942890192293e+37
1347.2549680026946,2.4670802320630244e+37
1346.9011172544767,2.470641931387906e+37
1346.54745233222,2.4781467037565816e+37
1346.1939730895824,2.4791183821965303e+37
1345.840679380375,2.485187039077745e+37
1345.4875710585625,2.4902048771159855e+37
1345.1346479782626,2.492448972827973e+37
1344.7819099937467,2.5000366617123164e+37
1344.4293569594386,2.507172390895078e+37
1344.0769887299145,2.5103922598051275e+37
1343.724805159903,2.509072549371294e+37
1343.3728061042862,2.5021413782382406e+37
1343.020991418096,2.494762933642066e+37
1342.6693609565177,2.4892517513474994e+37
1342.317914574888,2.4858093020097385e+37
1341.9666521286947,2.4799726283202924e+37
1341.615573473577,2.4752268995099854e+37
1341.264678465325,2.469018860610488e+37
1340.9139669598799,2.461143934205021e+37
1340.5634388133333,2.463444864485061e+37
1340.2130938819273,2.461750432461556e+37
1339.8629320220543,2.463139215247297e+37
1339.5129530902564,2.4619403401158814e+37
1339.163156943226,2.464666518427633e+37
1338.8135434378055,2.463758652783604e+37
1338.4641124309853,2.463296090398101e+37
1338.114863779907,2.464934478251387e+37
1337.7657973418593,2.465391529937685e+37
1337.4169129742816,2.4667024579554083e+37
1337.0682105347605,2.4722885712179767e+37
1336.7196898810319,2.4748596985139865e+37
1336.37135087098,2.480146405174943e+37
1336.023193362637,2.4836362127089444e+37
1335.6752172141823,2.4862305210749994e+37
1335.327422283944,2.4916107707723484e+37
1334.9798084303975,2.494836680725775e+37
1334.6323755121653,2.500160421179982e+37
1334.285123388017,2.504763146144379e+37
1333.9380519168692,2.511206684765994e+37
1333.5911609577852,2.5183840688208503e+37
1333.2444503699753,2.5170167026056593e+37
1332.8979200127958,2.513971525309843e+37
1332.5515697457492,2.511468152503648e+37
1332.2053994284838,2.510890663662614e+37
1331.8594089207943,2.5104068031141106e+37
1331.5135980826205,2.513151908236314e+37
1331.1679667740477,2.5089249386822418e+37
1330.8225148553063,2.510751496265505e+37
1330.4772421867724,2.509890590657573e+37
1330.1321486289664,2.50866386562232e+37
1329.7872340425533,2.513581643699689e+37
1329.442498288343,2.517672581610774e+37
1329.097941227289,2.5226043304477894e+37
1328.75356272049,2.5242268979501515e+37
1328.4093626291879,2.5249994543804726e+37
1328.0653408147682,2.526976333149037e+37
1327.72149713876,2.531550452888353e+37
1327.3778314628369,2.5346175768262283e+37
1327.0343436488138,2.5269615854627506e+37
1326.6910335586497,2.52275194106885e+37
1326.3479010544468,2.514624930877759e+37
1326.0049459984486,2.5076567333074354e+37
1325.6621682530424,2.4983983386817647e+37
1325.319567680757,2.490062612286174e+37
1324.9771441442635,2.483312144180985e+37
1324.634897506375,2.4739059867619483e+37
1324.2928276300456,2.4610626797632694e+37
1323.9509343783718,2.4530882787263306e+37
1323.6092176145914,2.440806265764066e+37
1323.267677202083,2.428162364342917e+37
1322.9263130043657,2.4168352736395204e+37
1322.5851248851004,2.40156124193978e+37
1322.244112708088,2.385409405006652e+37
1321.9032763372704,2.3748185212673084e+37
1321.562615636729,2.361627635696606e+37
1321.2221304706854,2.3517459332367625e+37
1320.8818207035017,2.34317996957293e+37
1320.5416861996794,2.336429319778715e+37
1320.2017268238587,2.330069396767621e+37
1319.8619424408207,2.321905030139357e+37
1319.5223329154846,2.314185269436436e+37
1319.1828981129088,2.3055720969677e+37
1318.843637898291,2.301259199285699e+37
1318.5045521369664,2.292308797490041e+37
1318.1656406944098,2.2820480815329456e+37
1317.8269034362338,2.2715949255414277e+37
1317.4883402281891,2.2665708022988804e+37
1317.1499509361643,2.2598368079263485e+37
1316.8117354261863,2.2522629413020067e+37
1316.4736935644185,2.246622661146827e+37
1316.1358252171626,2.2399309608007246e+37
1315.798130250857,2.2333912312566395e+37
1315.4606085320775,2.2270097634256164e+37
1315.1232599275368,2.222319118597644e+37
1314.7860843040837,2.220708636280885e+37
1314.4490815287043,2.214240600897788e+37
1314.1122514685205,2.214338413909218e+37
1313.7755939907904,2.2135027130949908e+37
1313.4391089629087,2.2111334652609465e+37
1313.1027962524047,2.210949987139719e+37
1312.7666557269445,2.2096986352901705e+37
1312.4306872543293,2.2115658948443644e+37
1312.0948907024958,2.208639976049599e+37
1311.7592659395148,2.2126850255261467e+37
1311.4238128335935,2.2107534680578e+37
1311.088531253073,2.215301438306669e+37
1310.753421066429,2.215487824264072e+37
1310.4184821422723,2.2224680116847035e+37
1310.083714349347,2.2236341697042416e+37
1309.749117556532,2.221204777866543e+37
1309.4146916328402,2.2267102206737453e+37
1309.0804364474175,2.2278527495121404e+37
1308.7463518695442,2.234684721905306e+37
1308.4124377686335,2.2407170304881646e+37
1308.078694014232,2.2458541821002867e+37
1307.7451204760193,2.2542423453098003e+37
1307.411717023808,2.2592116690968977e+37
1307.0784835275435,2.2628947975830714e+37
1306.7454198573034,2.268947744720279e+37
1306.4125258832983,2.2737726373460517e+37
1306.0798014758702,2.2838564057050014e+37
1305.7472465054939,2.291091923212033e+37
1305.4148608427759,2.298150703639289e+37
1305.082644358454,2.304845583562294e+37
1304.750596923398,2.311897481525478e+37
1304.4187184086093,2.3167948658222305e+37
1304.0870086852194,2.325928772188886e+37
1303.7554676244924,2.33335635942733e+37
1303.424095097822,2.3388395697332533e+37
1303.0928909767333,2.347645103889528e+37
1302.761855132882,2.3525029337613916e+37
1302.430987438053,2.35405325504405e+37
1302.1002877641636,2.358278643499225e+37
1301.7697559832593,2.360072976882814e+37
1301.4393919675163,2.3562168602029064e+37
1301.1091955892398,2.3542581318324627e+37
1300.7791667208658,2.3556624442776475e+37
1300.4493052349585,2.3559266853978423e+37
1300.1196110042124,2.354957052829044e+37
1299.7900839014499,2.353919127491752e+37
1299.460723799623,2.3561650984038707e+37
1299.1315305718126,2.3547894394530647e+37
1298.802504091228,2.3572430120819065e+37
1298.4736442312062,2.358344800179944e+37
1298.1449508652138,2.368208114255608e+37
1297.816423866844,2.3686437597624545e+37
1297.4880631098194,2.3696680018289907e+37
1297.1598684679893,2.3779951318074075e+37
1296.831839815331,2.3814633099295282e+37
1296.5039770259498,2.385474583603426e+37
1296.1762799740766,2.3914194101002194e+37
1295.848748534071,2.3959726246444552e+37
1295.5213825804196,2.4039172661560937e+37
1295.1941819877345,2.409960860147711e+37
1294.8671466307558,2.418606374145984e+37
1294.540276384349,2.423101409398184e+37
1294.2135711235069,2.4323442192799426e+37
1293.8870307233476,2.436750424427115e+37
1293.5606550591158,2.442711696268833e+37
1293.2344440061818,2.441906809957557e+37
1292.9083974400414,2.430671249017566e+37
1292.5825152363166,2.419792528888452e+37
1292.2567972707536,2.408911672115385e+37
1291.9312434192252,2.4023795442587294e+37
1291.6058535577283,2.3927562097828684e+37
1291.280627562385,2.3828481164079537e+37
1290.9555653094421,2.368168607600461e+37
1290.630666675271,2.3559448449814366e+37
1290.3059315363673,2.3440722598672975e+37
1289.9813597693512,2.332931118105839e+37
1289.6569512509673,2.320321703651322e+37
1289.332705858083,2.30824359074881e+37
1289.008623467691,2.3012766851269616e+37
1288.6847039569066,2.2896076636296307e+37
1288.3609472029684,2.2853576048425795e+37
1288.0373530832394,2.277933231624968e+37
1287.713921475205,2.270841681851396e+37
1287.3906522564741,2.2649716065633293e+37
1287.0675453047775,2.2564741330965227e+37
1286.7446004979702,2.252016977293188e+37
1286.4218177140285,2.24565514424004e+37
1286.0991968310516,2.239073084396876e+37
1285.7767377272612,2.232516403486352e+37
1285.4544402810004,2.2294875530987875e+37
1285.132304370735,2.223699913479093e+37
1284.8103298750523,2.2228222087232146e+37
1284.4885166726608,2.2183237218116753e+37
1284.1668646423918,2.2159775337065303e+37
1283.8453736631961,2.2195633774645286e+37
1283.524043614147,2.2181719475585184e+37
1283.2028743744386,2.215880599677756e+37
1282.8818658233856,2.2140349069559966e+37
1282.5610178404236,2.2221561129556135e+37
1282.2403303051092,2.2191416029227287e+37
1281.9198030971181,2.2220299927033877e+37
1281.5994360962482,2.2190345204304583e+37
1281.2792291824157,2.214653497961737e+37
1280.959182235658,2.219476824218161e+37
1280.639295136132,2.2164873443488475e+37
1280.3195677641138,2.2180556001517255e+37
1280.0,2.22267061747811e+37
1279.6805917243055,2.224415973637581e+37
1279.3613428176654,2.2309878695222686e+37
1279.042253160833,2.231713062418527e+37
1278.7233226346816,2.236718657063494e+37
1278.404551120202,2.245399152860959e+37
1278.0859384985044,2.2535358598693766e+37
1277.7674846508182,2.2505390790833863e+37
1277.4491894584892,2.259508088032511e+37
1277.1310528029833,2.267352788654566e+37
1276.8130745658837,2.2642486960865814e+37
1276.495254628891,2.2589649602989453e+37
1276.1775928738243,2.2528866627279165e+37
1275.8600891826204,2.249113882315538e+37
1275.5427434373328,2.2423399543183864e+37
1275.2255555201327,2.239124439567635e+37
1274.908525313309,2.235332703132054e+37
1274.5916526992667,2.241235975528046e+37
1274.274937560528,2.240796722030522e+37
1273.9583797797327,2.2388415987468386e+37
1273.6419792396357,2.2375425035595847e+37
1273.3257358231097,2.2408714521120374e+37
1273.0096494131426,2.240081465463962e+37
1272.6937198928392,2.24388533976901e+37
1272.37794714542,2.2413046844559338e+37
1272.0623310542219,2.2425861300719623e+37
1271.746871502696,2.2500878235696406e+37
1271.4315683744112,2.251739495940062e+37
1271.11642155305,2.2589970286169257e+37
1270.8014309224113,2.2657269074138785e+37
1270.4865963664083,2.272284490584938e+37
1270.17191776907,2.280029900735129e+37
1269.8573950145399,2.286192955639944e+37
1269.543027987076,2.292819954519344e+37
1269.2288165710515,2.2981134977572543e+37
1268.9147606509532,2.3038448797737185e+37
1268.600860111383,2.3133198808941395e+37
1268.2871148370566,2.329217285022143e+37
1267.973524712804,2.3361916151846042e+37
1267.6600896235684,2.347853766500452e+37
1267.346809454407,2.3557812256812986e+37
1267.0336840904915,2.368202254037353e+37
1266.720713417106,2.3789702090770293e+37
1266.4078973196476,2.3901025991610233e+37
1266.0952356836283,2.4025009698010493e+37
1265.782728394671,2.4016368859941824e+37
1265.4703753385133,2.401689217173961e+37
1265.1581764010045,2.40542599010762e+37
1264.846131468107,2.4033455835058227e+37
1264.5342404258952,2.4101197206902774e+37
1264.2225031605562,2.4147927455943097e+37
1263.9109195583897,2.4162444969610484e+37
1263.5994895058063,2.41974085753891e+37
1263.2882128893298,2.4293755820848043e+37
1262.9770895955949,2.4332563206267736e+37
1262.6661195113484,2.437894976205912e+37
1262.3553025234485,2.444421024761449e+37
1262.0446385188645,2.452531624013009e+37
1261.7341273846775,2.461790077537118e+37
1261.4237690080795,2.4708388081707136e+37
1261.113563276373,2.476688225784724e+37
1260.803510076972,2.486337982335128e+37
1260.4936092974008,2.4976789682810614e+37
1260.1838608252945,2.5087581548401157e+37
1259.8742645483983,2.5194800976067937e+37
1259.5648203545675,2.5283589753446007e+37
1259.2555281317686,2.5326416478106257e+37
1258.9463877680769,2.5413725785983086e+37
1258.6373991516782,2.5521264943052825e+37
1258.3285621708683,2.5686840614693076e+37
1258.019876714052,2.5807386694411707e+37
1257.711342669744,2.59271485835921e+37
1257.4029599265675,2.605248669733207e+37
1257.0947283732567,2.6187273805366897e+37
1256.7866478986525,2.6332061338123004e+37
1256.4787183917074,2.6437108596627326e+37
1256.17093974148,2.6561239546077373e+37
1255.8633118371397,2.6678757909658783e+37
1255.5558345679633,2.6296285301102647e+37
1255.2485078233362,2.5897938544736737e+37
1254.9413314927526,2.55140731914423e+37
1254.6343054658144,2.511118131107735e+37
1254.3274296322313,2.472642097716205e+37
1254.0207038818212,2.432653191864279e+37
1253.7141281045094,2.397778047767413e+37
1253.4077021903302,2.3593518336432347e+37
1253.1014260294228,2.3281644231521877e+37
1252.7952995120363,2.2967080833529565e+37
1252.4893225285255,2.265374221862305e+37
1252.1834949693528,2.231688040970566e+37
1251.8778167250878,2.2018097718564095e+37
1251.572287686406,2.170127475458711e+37
1251.2669077440908,2.1368092307453007e+37
1250.9616767890316,2.106466772506292e+37
1250.656594712224,2.0789819802713277e+37
1250.35166140477,2.0477695639160892e+37
1250.0468767578784,2.0225409161255952e+37
1249.7422406628632,1.9911327470266847e+37
1249.437753011145,1.9643617802300905e+37
1249.1334136942498,1.9366920540660126e+37
1248.829222603809,1.9087752812413961e+37
1248.5251796315601,1.8791527913271352e+37
1248.221284669346,1.8503199486615918e+37
1247.9175376091148,1.823559552956324e+37
1247.6139383429193,1.7971645235207641e+37
1247.3104867629174,1.773628550680509e+37
1247.0071827613729,1.751621805308777e+37
1246.7040262306527,1.7299785395065584e+37
1246.40101706323,1.706926248699812e+37
1246.0981551516813,1.6842840242462014e+37
1245.7954403886881,1.6634306656320655e+37
1245.4928726670362,1.6408722998707365e+37
1245.190451879615,1.6192236289329767e+37
1244.8881779194185,1.6007573525450486e+37
1244.586050679544,1.578859663443008e+37
1244.284070053193,1.5621070046075387e+37
1243.9822359336708,1.545966731415971e+37
1243.6805482143855,1.5284285187726018e+37
1243.3790067888494,1.5097450350597837e+37
1243.0776115506771,1.4932658482177643e+37
1242.7763623935873,1.4780884136793475e+37
1242.475259211401,1.460393156612099e+37
1242.1743018980424,1.4436684693561853e+37
1241.8734903475383,1.4291267291915692e+37
1241.5728244540182,1.4140639261114452e+37
1241.2723041117144,1.3991743845141654e+37
1240.9719292149614,1.3864084892741605e+37
1240.671699658195,1.3733442729740883e+37
1240.3716153359546,1.358610164112098e+37
1240.071676142881,1.343259311296019e+37
1239.771881973717,1.3300535397313797e+37
1239.4722327233062,1.3161468797726904e+37
1239.1727282865959,1.303192537348151e+37
1238.8733685586328,1.2884177746099342e+37
1238.5741534345661,1.2790977176576904e+37
1238.2750828096462,1.2686160966924887e+37
1237.9761565792244,1.259755062221922e+37
1237.677374638753,1.2488382534709616e+37
1237.3787368837855,1.239622566311143e+37
1237.0802432099758,1.2296598190249836e+37
1236.781893513079,1.219872178627494e+37
1236.48368768895,1.210604400777387e+37
1236.1856256335452,1.201354929309796e+37
1235.88770724292,1.193255504879616e+37
1235.5899324132308,1.1839841783607513e+37
1235.292301040734,1.1761442662779866e+37
1234.9948130217854,1.1677771680871423e+37
1234.6974682528414,1.159582005648035e+37
1234.4002666304575,1.1525257504384003e+37
1234.1032080512896,1.1439172096666399e+37
1233.8062924120914,1.1355219708544477e+37
1233.5095196097175,1.1259341607866238e+37
1233.2128895411213,1.1145877345301695e+37
1232.9164021033555,1.104913637307426e+37
1232.6200571935706,1.0979500769981325e+37
1232.3238547090175,1.0908651342251919e+37
1232.027794547045,1.0843907955179517e+37
1231.7318766051005,1.0785069527158427e+37
1231.4361007807306,1.0723383409641347e+37
1231.1404669715791,1.0659596137521516e+37
1230.8449750753894,1.0593231913052357e+37
1230.5496249900016,1.0527804908897753e+37
1230.2544166133557,1.0461706635707648e+37
1229.9593498434876,1.0410528624208489e+37
1229.6644245785326,1.0344315031072463e+37
1229.3696407167226,1.0282046377652179e+37
1229.0749981563874,1.0214497646215446e+37
1228.7804967959548,1.0150350734755821e+37
1228.4861365339493,1.0095691395340373e+37
1228.1919172689923,1.0023342116161756e+37
1227.8978388998037,9.967599810283778e+36
1227.6039013251984,9.908986334122992e+36
1227.31010444409,9.83402519253803e+36
1227.0164481554875,9.800612492461474e+36
1226.7229323584975,9.78977035792926e+36
1226.4295569523224,9.769165057692805e+36
1226.136321836262,9.758861272905335e+36
1225.8432269097107,9.747019276518013e+36
1225.5502720721604,9.722796195639563e+36
1225.257457223199,9.722021387987831e+36
1224.96478226251,9.709583018247273e+36
1224.6722470898726,9.693561865466283e+36
1224.3798516051618,9.673734640616602e+36
1224.087595708349,9.667345271083244e+36
1223.7954792994994,9.663663214313305e+36
1223.5035022787752,9.64813924136406e+36
1223.2116645464332,9.628601220790823e+36
1222.9199660028248,9.541698157644649e+36
1222.6284065483978,9.472047591642852e+36
1222.3369860836935,9.40713018377077e+36
1222.0457045093485,9.341027407428593e+36
1221.754561726095,9.274399126549144e+36
1221.463557634758,9.232590924483884e+36
1221.1726921362585,9.175855256960479e+36
1220.8819651316112,9.125586168103914e+36
1220.591376521925,9.07830982140159e+36
1220.3009262084029,9.025183520740382e+36
1220.0106140923428,8.98172391046832e+36
1219.7204400751348,8.940050670062021e+36
1219.4304040582645,8.895889148132824e+36
1219.14050594331,8.864894469775865e+36
1218.8507456319437,8.824634407745702e+36
1218.561123025931,8.79250768232979e+36
1218.2716380271308,8.775344284387768e+36
1217.9822905374956,8.73498204102143e+36
1217.6930804590704,8.706345871710116e+36
1217.4040076939934,8.677590517860968e+36
1217.115072144496,8.649040233835418e+36
1216.826273712902,8.620204542698641e+36
1216.5376123016283,8.556677789880184e+36
1216.2490878131841,8.489107194578867e+36
1215.960700150171,8.43319950518327e+36
1215.6724492152835,8.372589682670061e+36
1215.3843349113074,8.329660929678437e+36
1215.0963571411212,8.290539237354375e+36
1214.8085158076958,8.245524486748083e+36
1214.5208108140935,8.190046441477021e+36
1214.2332420634682,8.149683995671137e+36
1213.9458094590657,8.112448551458062e+36
1213.6585129042242,8.061866102041311e+36
1213.3713523023723,8.025988090493404e+36
1213.0843275570303,7.974308995976828e+36
1212.7974385718096,7.947919209593107e+36
1212.5106852504139,7.925002995165375e+36
1212.2240674966363,7.890456811772126e+36
1211.9375852143614,7.866046427564836e+36
1211.6512383075656,7.831068929945855e+36
1211.3650266803147,7.803722775367275e+36
1211.078950236766,7.783230767445976e+36
1210.7930088811668,7.750545231217765e+36
1210.507202517855,7.719108033184976e+36
1210.221531051259,7.687238087460532e+36
1209.935994385897,7.677441843995232e+36
1209.6505924263774,7.656319873687225e+36
1209.3653250773993,7.635506731090522e+36
1209.0801922437506,7.625172037171644e+36
1208.7951938303092,7.605451561473264e+36
1208.5103297420435,7.581821662686543e+36
1208.2255998840103,7.574688964939425e+36
1207.941004161357,7.565076381187446e+36
1207.656542479319,7.549160910921231e+36
1207.3722147432222,7.535259421403903e+36
1207.088020858481,7.503795995569921e+36
1206.803960730599,7.481360873719447e+36
1206.520034265169,7.436339843690338e+36
1206.2362413678718,7.398303279882121e+36
1205.9525819444777,7.35251607849825e+36
1205.6690559008457,7.306865498115605e+36
1205.3856631429228,7.274642447499279e+36
1205.1024035767439,7.245179554480046e+36
1204.8192771084337,7.210701592028972e+36
1204.536283644204,7.172283786758666e+36
1204.2534230903552,7.142792158150308e+36
1203.970695353275,7.121888976842576e+36
1203.68810033944,7.094431418772493e+36
1203.4056379554138,7.077451649180527e+36
1203.1233081078478,7.045356591170223e+36
1202.8411107034815,7.026541433263593e+36
1202.5590456491414,7.018708837654615e+36
1202.2771128517413,7.015440184156101e+36
1201.9953122182824,7.026886581788281e+36
1201.7136436558533,7.025898403688915e+36
1201.4321070716294,7.03312870981311e+36
1201.1507023728732,7.037361176420114e+36
1200.869429466934,7.040334357469508e+36
1200.588288261248,7.053728502070973e+36
1200.3072786633377,7.05118500562176e+36
1200.0264005808128,7.05687152258288e+36
1199.7456539213688,7.04649379907322e+36
1199.4650385927876,7.041245869096372e+36
1199.184554502938,7.03577551283763e+36
1198.9042015597743,7.027886401710001e+36
1198.6239796713373,7.026920467086943e+36
1198.3438887457532,7.023242851133615e+36
1198.0639286912349,7.010885339158388e+36
1197.7840994160802,7.012733131781767e+36
1197.5044008286732,7.016152580096476e+36
1197.2248328374828,7.000986811781462e+36
1196.945395351064,7.006560110904199e+36
1196.6660882780575,7.005625223390216e+36
1196.386911527188,7.003463501868977e+36
1196.1078650072664,6.995019065320626e+36
1195.8289486271883,6.995799570194193e+36
1195.5501622959346,7.012004180146781e+36
1195.2715059225702,7.012771751508086e+36
1194.9929794162458,7.009426421275349e+36
1194.7145826861963,7.012155065767189e+36
1194.4363156417407,7.013803879783551e+36
1194.1581781922835,7.006077843753375e+36
1193.8801702473124,7.001330811663771e+36
1193.6022917164003,7.00759850460829e+36
1193.3245425092036,7.016109588371421e+36
1193.0469225354634,7.013256310409978e+36
1192.7694317050043,7.019124427835435e+36
1192.4920699277352,7.036621462351474e+36
1192.2148371136477,7.041110258096897e+36
1191.937733172819,7.033452174693176e+36
1191.6607580154082,7.046534662613394e+36
1191.3839115516585,7.056029984596654e+36
1191.1071936918963,7.057241212123038e+36
1190.8306043465318,7.054518229552813e+36
1190.5541434260576,7.056029250576644e+36
1190.2778108410503,7.052798438415488e+36
1190.001606502169,7.058647441131266e+36
1189.7255303201553,7.064166359538905e+36
1189.4495822058343,7.071197544651859e+36
1189.1737620701138,7.069837779402364e+36
1188.8980698239836,7.079985379316058e+36
1188.622505378517,7.087927815577577e+36
1188.3470686448684,7.090940718808425e+36
1188.071759534276,7.087455231769209e+36
1187.7965779580588,7.089470281340391e+36
1187.5215238276194,7.089982523142021e+36
1187.2465970544413,7.097813254373146e+36
1186.9717975500903,7.096579219311153e+36
1186.6971252262142,7.093191158227591e+36
1186.4225799945425,7.083172731612763e+36
1186.1481617668862,7.07138227201967e+36
1185.8738704551383,7.064666610648931e+36
1185.599705971273,7.056645529625137e+36
1185.3256682273454,7.05987533244383e+36
1185.0517571354928,7.067307167596841e+36
1184.7779726079332,7.055657187480371e+36
1184.5043145569657,7.068907441616365e+36
1184.2307828949706,7.063855732005342e+36
1183.9573775344088,7.074837475258015e+36
1183.6840983878221,7.064400200107774e+36
1183.4109453678338,7.062428639183688e+36
1183.1379183871463,7.068291908340768e+36
1182.8650173585443,7.059849242289234e+36
1182.5922421948912,7.061545034810995e+36
1182.3195928091322,7.05142960755432e+36
1182.047069114292,7.054329172959418e+36
1181.774671023476,7.045483368810836e+36
1181.502398449869,7.045616692817527e+36
1181.230251306736,7.039912656747285e+36
1180.9582295074224,7.039828339520224e+36
1180.686332965353,7.045268429992125e+36
1180.4145615940317,7.03576027862129e+36
1180.1429153070437,7.041762453925977e+36
1179.8713940180521,7.037175548117458e+36
1179.5999976408,7.04135950603597e+36
1179.3287260891102,7.037131801533555e+36
1179.0575792768839,7.036383270784434e+36
1178.7865571181026,7.014850811592257e+36
1178.515659526826,6.987595609354637e+36
1178.244886417193,6.983767317787336e+36
1177.9742377034215,6.952384350601531e+36
1177.7037132998082,6.951117490226569e+36
1177.4333131207281,6.927640931511106e+36
1177.1630370806356,6.916585168919039e+36
1176.892885094063,6.911330594196104e+36
1176.6228570756216,6.890339950577374e+36
1176.35295294,6.876275993353838e+36
1176.0831726019665,6.866013161425354e+36
1175.8135159763663,6.853533671511583e+36
1175.543982978123,6.85803107604778e+36
1175.2745735222393,6.829899618928103e+36
1175.0052875237939,6.806741643584706e+36
1174.7361248979448,6.769569637422045e+36
1174.4670855599272,6.739655316030842e+36
1174.198169425054,6.707959966498199e+36
1173.9293764087154,6.680536466721841e+36
1173.6607064263792,6.648010525000383e+36
1173.3921593935909,6.620517340903972e+36
1173.123735225973,6.60086289253003e+36
1172.855433839225,6.579726120473863e+36
1172.5872551491238,6.558230603678407e+36
1172.3191990715231,6.54483276963362e+36
1172.051265522354,6.535020485637173e+36
1171.7834544176237,6.521954963540538e+36
1171.5157656734166,6.509508335884354e+36
1171.2481992058938,6.507666205640108e+36
1170.9807549312927,6.503447155442589e+36
1170.7134327659276,6.48484622464891e+36
1170.4462326261887,6.47500347888268e+36
1170.179154428543,6.466014854446421e+36
1169.9121980895334,6.441934615485415e+36
1169.645363525779,6.433087253027813e+36
1169.378650653975,6.411450295899325e+36
1169.1120593908925,6.390281631125005e+36
1168.845589653379,6.37017623905187e+36
1168.5792413583565,6.359071333709601e+36
1168.3130144228242,6.351243777465101e+36
1168.046908763856,6.340366340840632e+36
1167.7809242986016,6.337896532648298e+36
1167.5150609442862,6.332616144038904e+36
1167.2493186182103,6.333327537903121e+36
1166.9836972377495,6.324276073513583e+36
1166.718196720355,6.322711321574342e+36
1166.452816983553,6.316426231798303e+36
1166.1875579449443,6.321370377190463e+36
1165.922419522205,6.313649233527556e+36
1165.657401633086,6.308183776149245e+36
1165.392504195413,6.297508667773319e+36
1165.1277271270862,6.296505324764605e+36
1164.8630703460808,6.292030899130999e+36
1164.598533770446,6.264278992777655e+36
1164.3341173183057,6.267970077246959e+36
1164.069820907858,6.252245019817783e+36
1163.8056444573756,6.236146593648424e+36
1163.541587885205,6.23424814054782e+36
1163.2776511097668,6.219230681493106e+36
1163.0138340495562,6.210312389397352e+36
1162.750136623141,6.203030271271745e+36
1162.4865587491645,6.192159549594098e+36
1162.2231003463426,6.204805534199415e+36
1161.959761333465,6.199826833411781e+36
1161.6965416293956,6.202058198193887e+36
1161.4334411530713,6.198541216677466e+36
1161.1704598235021,6.205288328291594e+36
1160.9075975597723,6.205039925151333e+36
1160.6448542810385,6.20757184967811e+36
1160.3822299065312,6.206405380592445e+36
1160.1197243555534,6.208154380996956e+36
1159.8573375474816,6.194263069164491e+36
1159.595069401765,6.203077852205351e+36
1159.3329198379254,6.218279386308406e+36
1159.0708887755575,6.203517962578566e+36
1158.8089761343292,6.212528548921671e+36
1158.5471818339802,6.208377722282324e+36
1158.2855057943232,6.199396651229547e+36
1158.0239479352433,6.201473019489757e+36
1157.7625081766978,6.1989191355825e+36
1157.501186438716,6.204697309809639e+36
1157.2399826414003,6.204438302291782e+36
1156.9788967049242,6.209520802415391e+36
1156.7179285495336,6.214671663682272e+36
1156.4570780955464,6.218537111969667e+36
1156.1963452633527,6.227883856686202e+36
1155.9357299734136,6.221712122746553e+36
1155.6752321462623,6.221401909992247e+36
1155.4148517025037,6.237840822456498e+36
1155.1545885628145,6.23937668067095e+36
1154.894442647942,6.245503600882082e+36
1154.6344138787058,6.256778027259928e+36
1154.374502175996,6.273532243811347e+36
1154.1147074607745,6.293485378842464e+36
1153.8550296540743,6.307454508943433e+36
1153.5954686769992,6.306516070986875e+36
1153.3360244507237,6.326141847368888e+36
1153.076696896494,6.327388189810784e+36
1152.8174859356268,6.332494192003983e+36
1152.558391489509,6.347198605580102e+36
1152.2994134795986,6.360629694011044e+36
1152.0405518274242,6.376794773307884e+36
1151.7818064545854,6.377984563635444e+36
1151.5231772827508,6.404431501891357e+36
1151.2646642336606,6.433753257748875e+36
1151.0062672291251,6.442624168547192e+36
1150.7479861910242,6.468862109543823e+36
1150.4898210413085,6.476740388832077e+36
1150.231771701998,6.498148601843702e+36
1149.9738380951833,6.527840257094341e+36
1149.7160201430247,6.535345513068424e+36
1149.4583177677519,6.56417727106995e+36
1149.2007308916648,6.561809565027005e+36
1148.9432594371326,6.575097923242195e+36
1148.6859033265944,6.579228999783202e+36
1148.4286624825584,6.585141829100894e+36
1148.171536827602,6.613889683910376e+36
1147.9145262843729,6.603746120563734e+36
1147.657630775587,6.629047890731555e+36
1147.4008502240301,6.631192308943484e+36
1147.1441845525565,6.640941518785336e+36
1146.88763368409,6.659194993795659e+36
1146.6311975416227,6.666420720238719e+36
1146.3748760482165,6.671161828163493e+36
1146.1186691270013,6.652858366020474e+36
1145.8625767011763,6.599133080638714e+36
1145.6065986940084,6.566982402774766e+36
1145.3507350288342,6.52364762857552e+36
1145.0949856290579,6.488525653588472e+36
1144.8393504181524,6.443591444789113e+36
1144.5838293196593,6.404106134970282e+36
1144.3284222571879,6.379236921885349e+36
1144.0731291544155,6.341904250458473e+36
1143.8179499350883,6.310730703942754e+36
1143.5628845230199,6.290746039532e+36
1143.307932842092,6.257794129389741e+36
1143.0530948162543,6.240296942821561e+36
1142.7983703695238,6.212342765148537e+36
1142.543759425986,6.188718128429852e+36
1142.2892619097934,6.175209651523037e+36
1142.0348777451663,6.140669345424936e+36
1141.7806068563925,6.11159351105685e+36
1141.5264491678272,6.087783639831629e+36
1141.272404603893,6.06017598807364e+36
1141.0184730890794,6.035560548849992e+36
1140.7646545479436,6.003277893753236e+36
1140.5109489051094,5.98528438888803e+36
1140.2573560852684,5.96699719881902e+36
1140.0038760131783,5.952162159940138e+36
1139.7505086136646,5.925187280511833e+36
1139.4972538116183,5.911526141978518e+36
1139.2441115319984,5.887892221633221e+36
1138.9910816998304,5.869435568594695e+36
1138.7381642402054,5.845147759184087e+36
1138.4853590782823,5.813035993452141e+36
1138.2326661392856,5.794433192864616e+36
1137.9800853485062,5.768917255108096e+36
1137.7276166313022,5.749574273832973e+36
1137.475259913097,5.727771441013821e+36
1137.2230151193799,5.701072686347511e+36
1136.9708821757074,5.677902576937914e+36
1136.7188610077012,5.655047948917557e+36
1136.4669515410492,5.629965737428778e+36
1136.215153701505,5.612737239038058e+36
1135.963467414888,5.589757710039353e+36
1135.7118926070834,5.594077254967241e+36
1135.4604292040422,5.581999843770315e+36
1135.2090771317808,5.584543003398794e+36
1134.9578363163807,5.575638992376597e+36
1134.70670668399,5.570918536798769e+36
1134.4556881608205,5.565139228653552e+36
1134.2047806731505,5.564271950866109e+36
1133.9539841473234,5.55466036083683e+36
1133.7032985097471,5.558238188571286e+36
1133.452723686895,5.559116409791408e+36
1133.2022596053057,5.559905644719534e+36
1132.951906191582,5.569951382446373e+36
1132.7016633723927,5.581525877631156e+36
1132.45153107447,5.598683044903772e+36
1132.2015092246118,5.614389082612446e+36
1131.95159774968,5.626934072779197e+36
1131.7017965766022,5.651241336711492e+36
1131.4521056323686,5.664521777310161e+36
1131.2025248440355,5.678559080641284e+36
1130.9530541387228,5.693110503709055e+36
1130.7036934436146,5.715267617309756e+36
1130.4544426859597,5.705495341286137e+36
1130.2053017930707,5.680674444724587e+36
1129.9562706923243,5.657231769192303e+36
1129.707349311161,5.618074039097944e+36
1129.4585375770855,5.5853101804405e+36
1129.2098354176665,5.562630778198127e+36
1128.9612427605362,5.533088535894412e+36
1128.7127595333902,5.515660072243557e+36
1128.4643856639884,5.478633936470122e+36
1128.2161210801542,5.457042065801616e+36
1127.9679657097738,5.43139149866904e+36
1127.719919480798,5.404165300747076e+36
1127.4719823212392,5.383261161240346e+36
1127.2241541591752,5.356196185833176e+36
1126.9764349227457,5.332625713246034e+36
1126.728824540154,5.300728631875909e+36
1126.4813229396657,5.2733354388381353e+36
1126.2339300496105,5.233943762610658e+36
1125.9866457983808,5.183253801466128e+36
1125.7394701144315,5.141807068096234e+36
1125.4924029262802,5.100577468295761e+36
1125.245444162508,5.058768579863382e+36
1124.9985937517579,5.022044099932201e+36
1124.7518516227358,4.984284515717638e+36
1124.5052177042103,4.935930849881552e+36
1124.2586919250118,4.888421947509432e+36
1124.0122742140345,4.837101986011641e+36
1123.7659645002332,4.78255222524407e+36
1123.519762712626,4.7410185324004975e+36
1123.2736687802933,4.6870551957101236e+36
1123.0276826323768,4.640053737199007e+36
1122.781804198081,4.595621243074409e+36
1122.5360334066722,4.5560181180018244e+36
1122.2903701874786,4.512673304686588e+36
1122.0448144698898,4.4653253019392347e+36
1121.7993661833582,4.42615085387359e+36
1121.5540252573967,4.381979650564149e+36
1121.3087916215807,4.326155064669409e+36
1121.063665205547,4.299634837280774e+36
1120.8186459389938,4.2562662038726837e+36
1120.573733751681,4.2197793623759905e+36
1120.3289285734293,4.189014506205522e+36
1120.0842303341212,4.1616486415554847e+36
1119.8396389637005,4.12085527261999e+36
1119.5951543921717,4.0843245484403677e+36
1119.3507765496013,4.051525168362222e+36
1119.1065053661157,4.0152770824527605e+36
1118.8623407719033,3.970885243954631e+36
1118.6182826972124,3.948491741020852e+36
1118.3743310723532,3.908036173828081e+36
1118.130485827696,3.889410505906677e+36
1117.8867468936721,3.852549657747901e+36
1117.6431142007734,3.8362921164208907e+36
1117.399587679552,3.810999844694634e+36
1117.1561672606213,3.784625885927029e+36
1116.9128528746544,3.7651702068583696e+36
1116.6696444523852,3.738221209346252e+36
1116.4265419246078,3.7114122813651906e+36
1116.1835452221762,3.6902378622271936e+36
1115.9406542760057,3.670121762121295e+36
1115.6978690170702,3.6489833222134945e+36
1115.4551893764046,3.623708618321753e+36
1115.2126152851042,3.6066291667976175e+36
1114.9701466743227,3.58425838186758e+36
1114.7277834752754,3.572785056703213e+36
1114.4855256192361,3.556622399558908e+36
1114.2433730375387,3.542570190643174e+36
1114.0013256615775,3.5205814129255983e+36
1113.7593834228053,3.5074178486262937e+36
1113.517546252735,3.491678140826727e+36
1113.275814082939,3.4769626806774716e+36
1113.034186845049,3.4583458153965143e+36
1112.7926644707557,3.446814811582106e+36
1112.5512468918098,3.434510418659764e+36
1112.309934040021,3.426082363504163e+36
1112.0687258472574,3.425310920494904e+36
1111.827622245447,3.415890998160672e+36
1111.5866231665768,3.4061007436500294e+36
1111.3457285426923,3.393023001309138e+36
1111.1049383058983,3.387276728394208e+36
1110.8642523883582,3.3795583901852866e+36
1110.6236707222943,3.383590990934649e+36
1110.3831932399871,3.3822768914051337e+36
1110.1428198737767,3.3732392875386766e+36
1109.9025505560612,3.372514810675771e+36
1109.662385219297,3.36399033185406e+36
1109.4223237959995,3.366257462905567e+36
1109.182366218742,3.3624899640186814e+36
1108.9425124201562,3.35821306269719e+36
1108.7027623329323,3.3451986250954697e+36
1108.4631158898187,3.351899981686016e+36
1108.2235730236218,3.3493314166043277e+36
1107.984133667206,3.345603921987319e+36
1107.7447977534935,3.3550384821057044e+36
1107.5055652154651,3.3526107762495736e+36
1107.2664359861592,3.349198446179839e+36
1107.0274099986716,3.352745831765842e+36
1106.7884871861563,3.3487745278466523e+36
1106.5496674818248,3.346689460029724e+36
1106.3109508189466,3.352830806079685e+36
1106.0723371308484,3.3498413378817474e+36
1105.8338263509143,3.34564123184994e+36
1105.595418412586,3.3469839173927243e+36
1105.357113249363,3.336287388763926e+36
1105.1189107948016,3.323325028524843e+36
1104.8808109825154,3.309654629439365e+36
1104.6428137461753,3.304777975789543e+36
1104.4049190195092,3.3032265850481255e+36
1104.1671267363029,3.28717777457583e+36
1103.929436830398,3.275476838003941e+36
1103.6918492356933,3.2848358980569355e+36
1103.4543638861455,3.271571180391512e+36
1103.2169807157672,3.2760752876932377e+36
1102.9796996586279,3.2743013600237035e+36
1102.7425206488538,3.284021545077171e+36
1102.5054436206278,3.285472508715128e+36
1102.26846850819,3.2854648829832456e+36
1102.0315952458357,3.2942689634140935e+36
1101.794823767918,3.2931189313264685e+36
1101.5581540088456,3.294210675773104e+36
1101.3215859030838,3.3085597586419683e+36
1101.085119385154,3.3091630180453857e+36
1100.8487543896345,3.3227359513985394e+36
1100.6124908511588,3.326963957680136e+36
1100.376328704417,3.3242026477421476e+36
1100.1402678841553,3.3201419606519435e+36
1099.9043083251756,3.317065356995011e+36
1099.6684499623364,3.3124562281761807e+36
1099.432692730551,3.2992259819077737e+36
1099.1970365647894,3.3015429613364744e+36
1098.961481400077,3.290980528152279e+36
1098.7260271714947,3.2774232598557794e+36
1098.4906738141794,3.2750960345644984e+36
1098.2554212633231,3.259443097621519e+36
1098.020269454174,3.2513759089015595e+36
1097.7852183220352,3.2421315401705063e+36
1097.5502678022654,3.2362007565716644e+36
1097.3154178302782,3.237318366177015e+36
1097.080668341543,3.2447398891237445e+36
1096.8460192715845,3.248203155225801e+36
1096.611470555982,3.260552919909025e+36
1096.3770221303703,3.276707886499003e+36
1096.1426739304388,3.286492489216663e+36
1095.9084258919324,3.2946807434560896e+36
1095.6742779506508,3.296466634905186e+36
1095.4402300424483,3.314897828677163e+36
1095.2062821032341,3.319804143548993e+36
1094.9724340689722,3.324116475231452e+36
1094.7386858756813,3.3254415775124956e+36
1094.505037459435,3.3331697490367453e+36
1094.2714887563604,3.329212118549244e+36
1094.0380397026404,3.3237482774419437e+36
1093.8046902345118,3.324067778248611e+36
1093.5714402882654,3.3250438264681306e+36
1093.3382898002471,3.3289318356819065e+36
1093.1052387068567,3.334194803127043e+36
1092.8722869445476,3.34690411936575e+36
1092.6394344498287,3.356635646761512e+36
1092.406681159262,3.3687588896106133e+36
1092.1740270094635,3.3822463270430095e+36
1091.941471937104,3.390281210025775e+36
1091.7090158789076,3.401216340475033e+36
1091.4766587716522,3.408799258057126e+36
1091.2444005521697,3.420169095863123e+36
1091.0122411573457,3.428317561587136e+36
1090.78018052412,3.416503313021834e+36
1090.5482185894848,3.396687087193944e+36
1090.3163552904875,3.3783222424021695e+36
1090.0845905642277,3.3629650404232427e+36
1089.8529243478592,3.353247852588485e+36
1089.621356578589,3.338904239204788e+36
1089.3898871936772,3.3293822256046906e+36
1089.1585161304376,3.315231677246801e+36
1088.9272433262372,3.299709692381567e+36
1088.6960687184958,3.2911760360052226e+36
1088.464992244687,3.275699330544373e+36
1088.2340138423367,3.2651954464805283e+36
1088.0031334490243,3.243850462359755e+36
1087.7723510023823,3.2291788687892275e+36
1087.5416664400955,3.211591482650347e+36
1087.3110796999022,3.182094493737231e+36
1087.0805907195931,3.158681794341681e+36
1086.8501994370115,3.1438708898583216e+36
1086.6199057900542,3.117614385834778e+36
1086.3897097166696,3.096803845990047e+36
1086.1596111548592,3.07622398299991e+36
1085.929610042677,3.059385637520418e+36
1085.6997063182296,3.042123568444168e+36
1085.469899919675,3.026892139950638e+36
1085.2401907852256,3.015276170632601e+36
1085.0105788531437,2.994642423521723e+36
1084.7810640617458,2.986902971650419e+36
1084.551646349399,2.9776629295567677e+36
1084.322325654524,2.959698553441642e+36
1084.0931019155926,2.946523311152177e+36
1083.8639750711286,2.939476447025524e+36
1083.6349450597083,2.920818836582304e+36
1083.4060118199595,2.917394153217278e+36
1083.1771752905622,2.9032560075229423e+36
1082.9484354102478,2.889602043828597e+36
1082.7197921178,2.874274660659087e+36
1082.4912453520533,2.855798495082732e+36
1082.2627950518945,2.8402027019335093e+36
1082.034441156262,2.833108786891355e+36
1081.8061836041454,2.809841883373604e+36
1081.5780223345862,2.79527383401999e+36
1081.3499572866767,2.7787701007299906e+36
1081.1219883995611,2.758675661453063e+36
1080.8941156124347,2.733621702118652e+36
1080.6663388645438,2.721257259223904e+36
1080.4386580951866,2.706857476564901e+36
1080.2110732437118,2.689752323656305e+36
1079.9835842495193,2.6685481354195846e+36
1079.7561910520606,2.6561695956747314e+36
1079.528893590837,2.633797530357688e+36
1079.3016918054018,2.614638707398667e+36
1079.074585635359,2.5996777962632046e+36
1078.8475750203631,2.5782890533075982e+36
1078.6206599001198,2.5549566555413705e+36
1078.3938402143847,2.5383412178165842e+36
1078.167115902965,2.5206503072439729e+36
1077.940486905718,2.5067761000548914e+36
1077.7139531625517,2.498853100237556e+36
1077.4875146134243,2.4923971696026548e+36
1077.2611711983452,2.4788373958177843e+36
1077.0349228573737,2.4747298155557845e+36
1076.808769530619,2.463999292901196e+36
1076.5827111582414,2.4546763785068348e+36
1076.3567476804512,2.445266553878258e+36
1076.1308790375085,2.4399641640033714e+36
1075.905105169724,2.4320017130215197e+36
1075.6794260174584,2.42372698754873e+36
1075.4538415211218,2.419821709022177e+36
1075.2283516211755,2.4162490590488103e+36
1075.0029562581299,2.416450730463178e+36
1074.7776553725448,2.4127215997134906e+36
1074.552448905031,2.413315653085831e+36
1074.3273367962486,2.419683857553143e+36
1074.1023189869068,2.420088405373045e+36
1073.877395417765,2.418552651746653e+36
1073.6525660296327,2.4166589480221996e+36
1073.427830763368,2.4281525263400598e+36
1073.2031895598793,2.428869425631167e+36
1072.9786423601238,2.4437983744373647e+36
1072.7541891051085,2.4472362122416467e+36
1072.5298297358895,2.4466791200974954e+36
1072.3055641935725,2.4482264086298194e+36
1072.0813924193124,2.44917549957283e+36
1071.857314354313,2.451165296709278e+36
1071.6333299398277,2.4488569242590467e+36
1071.4094391171586,2.4524134522587492e+36
1071.185641827657,2.4566497409601582e+36
1070.961938012723,2.4495760850171053e+36
1070.7383276138062,2.4544493932223715e+36
1070.5148105724043,2.4654445184783118e+36
1070.2913868300645,2.458348389427303e+36
1070.0680563283825,2.4611018303932636e+36
1069.8448190090028,2.455251786313151e+36
1069.6216748136185,2.4462347523948702e+36
1069.3986236839712,2.4363916056181493e+36
1069.1756655618517,2.426962534418203e+36
1068.952800389099,2.4186994671189548e+36
1068.7300281075998,2.4058930845875483e+36
1068.5073486592903,2.398877314401675e+36
1068.284761986155,2.384944525693679e+36
1068.062268030226,2.3761569614164627e+36
1067.8398667335846,2.3590433523025867e+36
1067.6175580383594,2.3550363949610082e+36
1067.395341886728,2.3453646057598108e+36
1067.1732182209155,2.3296711066636663e+36
1066.9511869831954,2.322003480041323e+36
1066.7292481158895,2.3040899485318883e+36
1066.5074015613668,2.292087264922408e+36
1066.285647262045,2.2738104430565075e+36
1066.0639851603894,2.265208406064189e+36
1065.8424151989127,2.2570096694861536e+36
1065.6209373201766,2.2425400933774688e+36
1065.3995514667888,2.2369409516319477e+36
1065.1782575814061,2.229135389458603e+36
1064.9570556067326,2.2196410650767485e+36
1064.7359454855196,2.21286536908601e+36
1064.514927160566,2.2031395081134487e+36
1064.2940005747187,2.199948326488565e+36
1064.0731656708715,2.19241357774967e+36
1063.8524223919658,2.18862912167991e+36
1063.6317706809903,2.1815236181265725e+36
1063.4112104809808,2.1830397656917957e+36
1063.190741735021,2.1755217690425206e+36
1062.970364386241,2.1799052826532736e+36
1062.7500783778182,2.1816194338036156e+36
1062.5298836529778,2.1814150641966524e+36
1062.309780154991,2.1808452350781732e+36
1062.0897678271767,2.1913559387273715e+36
1061.8698466129006,2.190744015307209e+36
1061.6500164555753,2.1919655552175197e+36
1061.4302772986598,2.197254871952255e+36
1061.210629085661,2.201470789361761e+36
1060.9910717601313,2.1975318305969808e+36
1060.7716052656704,2.1976755197410354e+36
1060.5522295459245,2.1952478355738543e+36
1060.332944544587,2.1926730614714808e+36
1060.113750205397,2.194635156969257e+36
1059.8946464721407,2.1927069124490964e+36
1059.6756332886503,2.1877678787007206e+36
1059.4567105988049,2.1910467023036323e+36
1059.2378783465297,2.1872284636347343e+36
1059.0191364757961,2.1889942358954743e+36
1058.8004849306221,2.185633881828455e+36
1058.5819236550717,2.1880034501415616e+36
1058.363452593255,2.1971588846443083e+36
1058.1450716893287,2.1967408810587273e+36
1057.9267808874947,2.2132223548889195e+36
1057.708580132002,2.2231548544915133e+36
1057.490469367145,2.2317664445442882e+36
1057.2724485372635,2.2410960242904026e+36
1057.0545175867444,2.2516431679545363e+36
1056.8366764600198,2.258279672023434e+36
1056.6189251015674,2.2725382894069866e+36
1056.401263455911,2.280733216651438e+36
1056.18369146762,2.291782232777355e+36
1055.9662090813094,2.288488148148193e+36
1055.7488162416398,2.2656788189580256e+36
1055.5315128933173,2.252336525474136e+36
1055.314298981094,2.2327712280140377e+36
1055.097174449767,2.2146137725964758e+36
1054.8801392441783,2.197840374502611e+36
1054.6631933092167,2.1755672098300384e+36
1054.446336589815,2.1566238668926267e+36
1054.2295690309522,2.14149424534903e+36
1054.0128905776517,2.1261583232829218e+36
1053.7963011749828,2.1072315795748832e+36
1053.5798007680596,2.0882159328218897e+36
1053.3633893020415,2.0732597841169882e+36
1053.1470667221324,2.0504477042438412e+36
1052.930832973582,2.0325003297659435e+36
1052.7146880016842,2.0192141467281935e+36
1052.4986317517787,2.0071505055039913e+36
1052.282664169249,1.9840198858233573e+36
1052.0667851995245,1.970167197009548e+36
1051.8509947880782,1.9578932021428307e+36
1051.635292880429,1.9448429814783064e+36
1051.4196794221398,1.931915310195562e+36
1051.204154358818,1.9198322767839992e+36
1050.9887176361162,1.9059771307119484e+36
1050.773369199731,1.893977361743363e+36
1050.5581089954037,1.884978644130321e+36
1050.3429369689204,1.8705365973627897e+36
1050.1278530661107,1.864849281854739e+36
1049.9128572328495,1.8528135757494004e+36
1049.6979494150557,1.8407344062243368e+36
1049.4831295586923,1.8321158029343362e+36
1049.2683976097665,1.817637993374829e+36
1049.05375351433,1.8061303711096718e+36
1048.8391972184784,1.797491896955424e+36
1048.6247286683515,1.7853341321707388e+36
1048.4103478101329,1.7762079684728892e+36
1048.1960545900504,1.7631038978507126e+36
1047.9818489543761,1.7500846606202658e+36
1047.7677308494253,1.7340217533196804e+36
1047.5537002215576,1.725349358397414e+36
1047.3397570171765,1.710769183251818e+36
1047.1259011827287,1.7015555917591894e+36
1046.9121326647055,1.7001074695821795e+36
1046.6984514096412,1.6981387348199925e+36
1046.4848573641139,1.6947876620931658e+36
1046.2713504747455,1.6933755335571165e+36
1046.0579306882014,1.6882085235464383e+36
1045.8445979511903,1.6934030106067858e+36
1045.6313522104647,1.6917094308935426e+36
1045.41819341282,1.6889966472382642e+36
1045.2051215050953,1.6848411569355986e+36
1044.9921364341733,1.6822728234338347e+36
1044.7792381469794,1.6791581249464966e+36
1044.566426590483,1.6770642332070183e+36
1044.3537017116957,1.6777063790424644e+36
1044.141063457673,1.6774435423323067e+36
1043.9285117755137,1.6784268241919157e+36
1043.7160466123587,1.6811837783717584e+36
1043.5036679153927,1.682431332586083e+36
1043.2913756318433,1.6803363887528992e+36
1043.0791697089808,1.6825213822230515e+36
1042.8670500941187,1.6817486123958703e+36
1042.655016734613,1.6842986321734033e+36
1042.4430695778626,1.6831592607014014e+36
1042.2312085713095,1.67856774373269e+36
1042.0194336624377,1.6785080518252601e+36
1041.8077447987748,1.6751137255793788e+36
1041.5961419278901,1.6670855318511088e+36
1041.3846249973965,1.6654868584660602e+36
1041.1731939549484,1.6608978029859556e+36
1040.9618487482433,1.658710233142877e+36
1040.750589325021,1.655979508942575e+36
1040.5394156330642,1.6497042005166287e+36
1040.328327620197,1.6462089008898597e+36
1040.1173252342865,1.638997521508775e+36
1039.9064084232418,1.6382099831476637e+36
1039.695577135015,1.6316300967857392e+36
1039.484831317599,1.6292402479050767e+36
1039.27417091903,1.624105181071587e+36
1039.0635958873863,1.6182914285064787e+36
1038.8531061707874,1.6078079795616954e+36
1038.6427017173958,1.5979467580328745e+36
1038.4323824754151,1.590527649868343e+36
1038.2221483930916,1.5820146868831103e+36
1038.0119994187132,1.571318682197337e+36
1037.8019355006097,1.5617411256678726e+36
1037.5919565871525,1.553710510973549e+36
1037.3820626267552,1.539306739194173e+36
1037.1722535678725,1.5286201590278915e+36
1036.9625293590016,1.5185543221696937e+36
1036.7528899486806,1.5081385140261576e+36
1036.54333528549,1.503657963321372e+36
1036.3338653180508,1.5017254323780716e+36
1036.1244799950266,1.4988647053455318e+36
1035.9151792651217,1.4962837219460456e+36
1035.7059630770825,1.4907502706341477e+36
1035.496831379696,1.4884116343632182e+36
1035.2877841217912,1.4846570831263016e+36
1035.0788212522384,1.4823687271582638e+36
1034.8699427199488,1.4751918439955137e+36
1034.6611484738748,1.4673697648064505e+36
1034.4524384630106,1.4662817323165035e+36
1034.2438126363909,1.4646187213256003e+36
1034.0352709430917,1.461954939226294e+36
1033.8268133322306,1.4592463933378885e+36
1033.618439752965,1.4592422913791483e+36
1033.4101501544949,1.4524551263140933e+36
1033.2019444860593,1.450486352385685e+36
1032.9938226969402,1.4494340240724534e+36
1032.785784736459,1.4449860127332707e+36
1032.577830553978,1.4394261051219625e+36
1032.3699600989012,1.4261986790492766e+36
1032.162173320672,1.4192611633511334e+36
1031.9544701687762,1.4119343544847372e+36
1031.7468505927386,1.402371065683152e+36
1031.5393145421253,1.3922996828161555e+36
1031.3318619665436,1.3815789003976014e+36
1031.12449281564,1.3725060694789993e+36
1030.9172070391028,1.36192332850367e+36
1030.7100045866596,1.352369093310473e+36
1030.502885408079,1.348522490773498e+36
1030.2958494531704,1.3469020094578852e+36
1030.0888966717828,1.344772774275299e+36
1029.8820270138056,1.342185222625192e+36
1029.6752404291685,1.3390968467029102e+36
1029.468536867842,1.338587722551513e+36
1029.2619162798358,1.3357788002225193e+36
1029.0553786152002,1.3355420795693617e+36
1028.8489238240256,1.333002667664707e+36
1028.6425518564427,1.3310821400099208e+36
1028.4362626626214,1.3258291949877179e+36
1028.2300561927725,1.3240807584596115e+36
1028.0239323971462,1.3213529887832903e+36
1027.8178912260325,1.3217997062201032e+36
1027.6119326297617,1.3161087550914085e+36
1027.4060565587033,1.3143449099679066e+36
1027.2002629632673,1.3089200378942799e+36
1026.9945517939027,1.3071739709943278e+36
1026.7889230010987,1.3040050265266678e+36
1026.5833765353836,1.2999976049747368e+36
1026.3779123473262,1.2977529746873054e+36
1026.1725303875342,1.2952125471440978e+36
1025.9672306066543,1.2930237766359528e+36
1025.762012955374,1.2886707755753152e+36
1025.5568773844197,1.2853029637632204e+36
1025.3518238445565,1.2841426137308062e+36
1025.14685228659,1.2808109579428238e+36
1024.9419626613642,1.2798584683241196e+36
1024.737154919763,1.2828912371227945e+36
1024.5324290127091,1.2835003391754362e+36
1024.327784891165,1.2816752549445065e+36
1024.123222506132,1.2865922779072548e+36
1023.9187418086501,1.2891133239784031e+36
1023.714342749799,1.2868155340763106e+36
1023.5100252806976,1.2874332574702183e+36
1023.3057893525032,1.2885798976556172e+36
1023.1016349164125,1.2875507634178045e+36
1022.8975619236611,1.2896324692517172e+36
1022.6935703255233,1.2925522225587724e+36
1022.4896600733125,1.2912361595030709e+36
1022.2858311183808,1.2908241060529976e+36
1022.0820834121188,1.2909379771075465e+36
1021.8784169059566,1.2948120236708646e+36
1021.6748315513622,1.2953838091530806e+36
1021.4713272998426,1.2964488861814688e+36
1021.2679041029438,1.2951933695094164e+36
1021.0645619122497,1.2989839506870951e+36
1020.8613006793832,1.298102406254541e+36
1020.6581203560055,1.3019529614625004e+36
1020.4550208938166,1.3015923856519147e+36
1020.2520022445544,1.3014231004593819e+36
1020.0490643599957,1.2978291036674175e+36
1019.8462071919555,1.2936212061198288e+36
1019.6434306922869,1.2969761312268478e+36
1019.4407348128817,1.2969696112712642e+36
1019.2381195056695,1.2972442265742933e+36
1019.0355847226184,1.2987477230628797e+36
1018.8331304157348,1.2967410011857868e+36
1018.6307565370629,1.298749360722834e+36
1018.428463038685,1.296085207091788e+36
1018.2262498727217,1.2950519634771963e+36
1018.0241169913315,1.296313525175539e+36
1017.8220643467109,1.2967983377982996e+36
1017.6200918910943,1.297606600639822e+36
1017.4181995767541,1.2972411767911374e+36
1017.2163873560003,1.3023689556818036e+36
1017.0146551811811,1.3080759144431578e+36
1016.8130030046824,1.3129061873745754e+36
1016.6114307789276,1.3208422796362003e+36
1016.4099384563782,1.3217266344361847e+36
1016.2085259895331,1.3294715939494862e+36
1016.0071933309288,1.335183662489821e+36
1015.8059404331397,1.3407934391203254e+36
1015.6047672487775,1.330704849266683e+36
1015.4036737304915,1.3197455395674792e+36
1015.2026598309687,1.3095319965520405e+36
1015.0017255029334,1.3057681723144462e+36
1014.800870699147,1.303046403463718e+36
1014.600095372409,1.3006956823186107e+36
1014.3993994755555,1.2970821778624832e+36
1014.1987829614604,1.293974000282508e+36
1013.9982457830347,1.2881030214395774e+36
1013.7977878932268,1.285622149346315e+36
1013.5974092450219,1.2781758470631967e+36
1013.3971097914429,1.2786775824254152e+36
1013.1968894855493,1.2745752201495433e+36
1012.9967482804379,1.265486504842289e+36
1012.796686129243,1.2645252587903764e+36
1012.596702985135,1.2635886273902236e+36
1012.3967988013222,1.2683759589278102e+36
1012.1969735310491,1.2677514475848903e+36
1011.9972271275976,1.2692123733037758e+36
1011.7975595442864,1.2714820798730184e+36
1011.5979707344708,1.273360369463382e+36
1011.3984606515429,1.2773810157347902e+36
1011.1990292489319,1.2768952888261379e+36
1010.9996764801034,1.2783992983819853e+36
1010.80040229856,1.2796906023292383e+36
1010.6012066578406,1.2806082063767832e+36
1010.4020895115211,1.2850541144707346e+36
1010.2030508132135,1.2867301035915092e+36
1010.0040905165666,1.284717378596066e+36
1009.8052085752659,1.2784515626397335e+36
1009.6064049430329,1.2762990892214934e+36
1009.4076795736262,1.2658405883488081e+36
1009.2090324208401,1.2607869087806284e+36
1009.0104634385059,1.2560247888806928e+36
1008.8119725804906,1.2481091137375298e+36
1008.613559800698,1.2449204401393026e+36
1008.4152250530678,1.2413728742275731e+36
1008.2169682915763,1.2359786548675483e+36
1008.0187894702357,1.2303650115957082e+36
1007.8206885430943,1.2258278412185739e+36
1007.622665464237,1.2239089764682998e+36
1007.4247201877839,1.2197134560267236e+36
1007.2268526678921,1.2187055607720778e+36
1007.0290628587541,1.2133699812790204e+36
1006.8313507145986,1.2075956457677936e+36
1006.6337161896901,1.2044112211884014e+36
1006.4361592383291,1.2015600153927605e+36
1006.238679814852,1.2028046628495432e+36
1006.0412778736311,1.2015157664204731e+36
1005.8439533690743,1.2006281490162287e+36
1005.6467062556253,1.2021964733125896e+36
1005.4495364877637,1.2000402597947398e+36
1005.2524440200045,1.1978505310287658e+36
1005.0554288068987,1.1989418064062018e+36
1004.8584908030327,1.1974710105136335e+36
1004.6616299630284,1.1995449574057382e+36
1004.4648462415436,1.1971680757604266e+36
1004.2681395932715,1.1959461493933467e+36
1004.0715099729402,1.1974277138403779e+36
1003.8749573353143,1.1989384044852339e+36
1003.6784816351931,1.1989753286338497e+36
1003.4820828274111,1.2036298839763532e+36
1003.2857608668388,1.2016728958766808e+36
1003.0895157083818,1.2012552019961139e+36
1002.8933473069806,1.2041154073423032e+36
1002.6972556176113,1.2052231859672747e+36
1002.5012405952851,1.2073059365581357e+36
1002.3053021950486,1.20966034575002e+36
1002.1094403719829,1.2121713783077777e+36
1001.913655081205,1.2107248136175369e+36
1001.7179462778665,1.2108024678628851e+36
1001.5223139171541,1.2104539872666864e+36
1001.3267579542894,1.2081538300498092e+36
1001.1312783445293,1.2091498363329715e+36
1000.9358750431653,1.2102506357567737e+36
1000.740548005524,1.2127378841144255e+36
1000.545297186967,1.2129975001075518e+36
1000.35012254289,1.2150912088538488e+36
1000.1550240287244,1.2124157369109543e+36
999.960001599936,1.2184735478633814e+36
999.7650552120251,1.2166763848737771e+36
999.5701848205272,1.215141301415783e+36
999.3753903810119,1.213733852500934e+36
999.1806718490838,1.2160812943223075e+36
998.9860291803819,1.2150932731431418e+36
998.7914623305801,1.2153752579911919e+36
998.596971255386,1.2150390507479198e+36
998.4025559105431,1.2134666505995729e+36
998.208216251828,1.213669174185247e+36
998.0139522350522,1.2149390222426387e+36
997.8197638160618,1.2152357344969485e+36
997.6256509507373,1.2140238342257842e+36
997.4316135949929,1.2140209547281384e+36
997.2376517047777,1.2144276401030085e+36
997.0437652360749,1.2107619330707517e+36
996.8499541449021,1.2129383826950649e+36
996.6562183873106,1.2093864607114328e+36
996.4625579193861,1.2067986130823335e+36
996.2689726972488,1.2010399092409822e+36
996.0754626770524,1.2029550811220447e+36
995.882027814985,1.2001191095001809e+36
995.6886680672686,1.1941540961277092e+36
995.4953833901595,1.1980224296540635e+36
995.3021737399474,1.1928235536912067e+36
995.1090390729564,1.188403685394924e+36
994.9159793455443,1.1847276527012064e+36
994.7229945141027,1.1819950270927392e+36
994.5300845350572,1.1762874837840428e+36
994.337249364867,1.1693584940160743e+36
994.1444889600255,1.1619217372163797e+36
993.9518032770592,1.163541959264277e+36
993.7591922725285,1.1619641216159209e+36
993.5666559030278,1.1635522696998143e+36
993.374194125185,1.1598445240340058e+36
993.1818068956612,1.149303983413316e+36
992.9894941711517,1.1479624526181943e+36
992.7972559083846,1.1513426047058974e+36
992.6050920641223,1.1429164020752079e+36
992.41300259516,1.1387114795865239e+36
992.2209874583267,1.1308378624925362e+36
992.0290466104848,1.1277075582228826e+36
991.8371800085298,1.1286310604255225e+36
991.6453876093909,1.125167109472611e+36
991.4536693700303,1.1223580975653187e+36
991.2620252474437,1.1164713474767403e+36
991.07045519866,1.1147092689482494e+36
990.8789591807412,1.1147645692931237e+36
990.6875371507826,1.116869134469169e+36
990.4961890659125,1.112692710919358e+36
990.3049148832926,1.1164575911796095e+36
990.1137145601172,1.1139145915072171e+36
989.9225880536143,1.110680541837379e+36
989.7315353210441,1.1099783680516507e+36
989.5405563197007,1.1116319920646491e+36
989.3496510069106,1.116276539131563e+36
989.1588193400332,1.1147318717776827e+36
988.968061276461,1.1156013035671666e+36
988.7773767736194,1.1170704879693369e+36
988.5867657889663,1.1180522798288471e+36
988.3962282799929,1.1173122446335681e+36
988.2057642042226,1.1164749006716187e+36
988.015373519212,1.1206096091014571e+36
987.82505618255,1.1174002232098485e+36
987.6348121518588,1.1199259027142978e+36
987.4446413847922,1.120286933899382e+36
987.2545438390381,1.115157653747374e+36
987.0645194723153,1.110429762170659e+36
986.8745682423763,1.1019968253840025e+36
986.6846901070058,1.098884086692257e+36
986.4948850240211,1.0890995180631098e+36
986.3051529512715,1.083287898174091e+36
986.1154938466393,1.0774692760203427e+36
985.9259076680387,1.0743790032117358e+36
985.7363943734167,1.06888527368946e+36
985.5469539207521,1.063296987508412e+36
985.3575862680567,1.0578554569500186e+36
985.1682913733738,1.0510438502875292e+36
984.9790691947795,1.0463031853607515e+36
984.789919690382,1.0446094138600391e+36
984.6008428183214,1.037842530135053e+36
984.4118385367702,1.0374150383684272e+36
984.2229068039329,1.0285597133677787e+36
984.0340475780462,1.0287890881512869e+36
983.8452608173786,1.0159530449315077e+36
983.6565464802309,1.0172681314178371e+36
983.4679045249358,1.0132220585935858e+36
983.2793349098578,1.0074576012206194e+36
983.0908375933936,1.0067994125132143e+36
982.9024125339715,1.0022666673008075e+36
982.714059690052,9.969501871474798e+35
982.525779020127,9.930380356489688e+35
982.3375704827207,9.90322696076518e+35
982.1494340363886,9.856897903264504e+35
981.9613696397184,9.787847931974222e+35
981.7733772513291,9.747157285901228e+35
981.5854568298716,9.711959982545425e+35
981.3976083340285,9.675891492804054e+35
981.2098317225139,9.662966130137643e+35
981.0221269540733,9.634414296769062e+35
980.8344939874845,9.660854255621848e+35
980.646932781556,9.663470829723593e+35
980.459443295128,9.5919344113122e+35
980.2720254870726,9.573332003064678e+35
980.0846793162929,9.587105810467961e+35
979.8974047417234,9.564232732243411e+35
979.7102017223305,9.588162635681981e+35
979.5230702171112,9.577605358301178e+35
979.3360101850944,9.556465433656566e+35
979.1490215853402,9.54529853205765e+35
978.9621043769396,9.551238656737203e+35
978.7752585190151,9.56398923722767e+35
978.5884839707205,9.551282956802629e+35
978.4017806912408,9.544651738328584e+35
978.2151486397919,9.535989646249245e+35
978.0285877756206,9.53037195937185e+35
977.8420980580056,9.516826987759272e+35
977.6556794462558,9.497531973549078e+35
977.4693318997116,9.522115864894794e+35
977.2830553777443,9.460708694773565e+35
977.0968498397561,9.466134979679638e+35
976.9107152451802,9.44979748394227e+35
976.7246515534806,9.435832759223018e+35
976.5386587241522,9.414987433712978e+35
976.352736716721,9.413020686674615e+35
976.1668854907434,9.4110416804485e+35
975.9811050058071,9.400451909751252e+35
975.7953952215299,9.393826662725348e+35
975.6097560975609,9.371740389875933e+35
975.4241875935797,9.400217090250127e+35
975.2386896692965,9.32782715598273e+35
975.0532622844522,9.310515866572937e+35
974.8679053988184,9.277335424404578e+35
974.6826189721971,9.250915665733607e+35
974.4974029644211,9.2235201094357e+35
974.3122573353534,9.19371023442626e+35
974.1271820448878,9.168358011761944e+35
973.9421770529483,9.2094064065561e+35
973.7572423194897,9.172199663750723e+35
973.5723778044969,9.188164117041713e+35
973.3875834679853,9.173624721798825e+35
973.2028592700005,9.18934982113466e+35
973.0182051706188,9.192803960018077e+35
972.8336211299463,9.1795467319684e+35
972.6491071081196,9.177014026447059e+35
972.4646630653058,9.156885435365058e+35
972.2802889617018,9.156637636282e+35
972.095984757535,9.155498068122328e+35
971.9117504130625,9.11232819821002e+35
971.727585888572,9.142936728900959e+35
971.543491144381,9.094111025061081e+35
971.3594661408373,9.059912094365568e+35
971.1755108383187,9.041232474346906e+35
970.9916251972326,8.996436854702906e+35
970.807809178017,8.979289937160887e+35
970.6240627411394,8.981245357827942e+35
970.4403858470973,8.917691091776969e+35
970.2567784564184,8.877571093718004e+35
970.07324052966,8.814920414433763e+35
969.8897720274091,8.858937755945414e+35
969.7063729102827,8.824027169613627e+35
969.5230431389277,8.77476399477221e+35
969.3397826740207,8.782675284270576e+35
969.1565914762677,8.751088273416918e+35
968.9734695064049,8.701251714169636e+35
968.7904167251977,8.694215164715831e+35
968.6074330934415,8.67652981527892e+35
968.4245185719611,8.663023585251438e+35
968.2416731216111,8.634751423036243e+35
968.0588967032754,8.613901410422794e+35
967.8761892778675,8.552987121922128e+35
967.6935508063306,8.563360807729558e+35
967.5109812496372,8.528923198552844e+35
967.328480568789,8.536458843938708e+35
967.1460487248179,8.49105049099107e+35
966.9636856787843,8.511092969629477e+35
966.7813913917785,8.462008584341802e+35
966.5991658249199,8.450267131335953e+35
966.4170089393573,8.444419187869322e+35
966.2349206962689,8.39715123879251e+35
966.0529010568617,8.426365750525702e+35
965.8709499823728,8.403958981853313e+35
965.6890674340676,8.377144637451296e+35
965.507253373241,8.343536916621439e+35
965.3255077612171,8.349470283474885e+35
965.1438305593491,8.313215631552465e+35
964.9622217290192,8.298213028015968e+35
964.780681231639,8.310298867313501e+35
964.5992090286486,8.272477110350316e+35
964.4178050815174,8.260609314735243e+35
964.2364693517437,8.225418287337399e+35
964.0552018008551,8.242618079200445e+35
963.8740023904074,8.243126454631958e+35
963.6928710819861,8.208636706368648e+35
963.5118078372051,8.17314528191415e+35
963.3308126177069,8.148192558972333e+35
963.1498853851637,8.133754736188449e+35
962.9690261012755,8.106695717547761e+35
962.7882347277715,8.136577386964873e+35
962.6075112264101,8.116675056560603e+35
962.4268555589774,8.111328445295595e+35
962.2462676872891,8.116222642796726e+35
962.0657475731891,8.098964674285874e+35
961.8852951785499,8.097638653784655e+35
961.7049104652727,8.108484109056337e+35
961.5245933952875,8.109936208107156e+35
961.3443439305526,8.063537917365035e+35
961.1641620330544,8.014404805976515e+35
960.9840476648088,8.037109117172569e+35
960.8040007878592,7.982820224460172e+35
960.6240213642783,7.95939493622571e+35
960.4441093561663,7.950099067782991e+35
960.2642647256524,7.885254513163392e+35
960.0844874348943,7.880848306316826e+35
959.9047774460773,7.865987843744757e+35
959.7251347214158,7.843589964208578e+35
959.5455592231519,7.807669732935788e+35
959.3660509135563,7.787151659114806e+35
959.1866097549278,7.734446708242885e+35
959.0072357095934,7.698784473747546e+35
958.8279287399083,7.685822542664664e+35
958.6486888082559,7.643509456894581e+35
958.4695158770475,7.597389537885827e+35
958.2904099087228,7.611462502558968e+35
958.1113708657494,7.574239047605748e+35
957.9323987106229,7.544569284060515e+35
957.7534934058672,7.531252327577482e+35
957.5746549140338,7.505702324011611e+35
957.3958831977021,7.489236728919928e+35
957.2171782194803,7.47543332154349e+35
957.0385399420035,7.445838457847178e+35
956.859968327935,7.412248883508603e+35
956.6814633399663,7.409591757183417e+35
956.5030249408163,7.371756746537016e+35
956.3246530932321,7.319516369678511e+35
956.1463477599881,7.28816278195013e+35
955.968108903887,7.265654455056979e+35
955.7899364877587,7.25236830118966e+35
955.6118304744613,7.243942896225395e+35
955.4337908268801,7.183013301762185e+35
955.2558175079286,7.157281979148918e+35
955.0779104805475,7.125954774858172e+35
954.900069707705,7.117354394887197e+35
954.7222951523976,7.067515295747632e+35
954.5445867776484,7.031864573587283e+35
954.3669445465086,7.023990874451073e+35
954.189368422057,7.001768450674066e+35
954.0118583673994,6.977434599999827e+35
953.8344143456695,6.973155597391562e+35
953.6570363200282,6.926253237714513e+35
953.4797242536637,6.89408466130205e+35
953.3024781097919,6.873648515067542e+35
953.1252978516555,6.871412705063261e+35
952.9481834425252,6.843508152958084e+35
952.7711348456986,6.83934466361107e+35
952.5941520245007,6.814204515578732e+35
952.4172349422835,6.780051840251949e+35
952.2403835624265,6.77679221905645e+35
952.0635978483363,6.742087788752413e+35
951.8868777634465,6.712095871720146e+35
951.7102232712183,6.70781573777258e+35
951.5336343351396,6.687979211241736e+35
951.3571109187257,6.661054083127028e+35
951.1806529855182,6.6390793414697656e+35
951.0042604990871,6.638320913758332e+35
950.8279334230281,6.64837492090166e+35
950.6516717209646,6.627002942263976e+35
950.4754753565471,6.6085660990597734e+35
950.2993442934525,6.5759717967025705e+35
950.1232784953847,6.5752829282533234e+35
949.947277926075,6.5593839824452914e+35
949.7713425492813,6.560929794424607e+35
949.595472328788,6.540829561444476e+35
949.4196672284066,6.512841201067928e+35
949.2439272119756,6.492335367922892e+35
949.06825224336,6.411779723881887e+35
948.8926422864517,6.302906259244366e+35
948.7170973051691,6.213081650789311e+35
948.5416172634574,6.11134469051078e+35
948.3662021252886,6.039670488277556e+35
948.1908518546613,5.9500680402878104e+35
948.0155664156006,5.876169147884002e+35
947.8403457721581,5.81424016674631e+35
947.6651898884124,5.752482364796679e+35
947.4900987284683,5.735415955851556e+35
947.3150722564571,5.706287034310127e+35
947.1401104365369,5.664169461415304e+35
946.9652132328919,5.650232150205891e+35
946.7903806097329,5.6521425783243036e+35
946.6156125312974,5.635112192894386e+35
946.4409089618489,5.630619275468469e+35
946.2662698656775,5.6247442123699455e+35
946.0916952070994,5.6141179813614725e+35
945.9171849504576,5.622210126461156e+35
945.7427390601208,5.624814906107884e+35
945.5683575004845,5.634377364326834e+35
945.3940402359704,5.643439762048819e+35
945.2197872310259,5.6261521628445406e+35
945.0455984501252,5.6311967169179825e+35
944.8714738577685,5.625460557824829e+35
944.697413418482,5.605310129232388e+35
944.5234170968183,5.592480459057871e+35
944.349484857356,5.575034619243062e+35
944.1756166646996,5.5568669548418906e+35
944.00181248348,5.579672227301075e+35
943.8280722783537,5.562687680182745e+35
943.6543960140037,5.547699368305188e+35
943.4807836551389,5.5356348366588145e+35
943.3072351664937,5.551563379262548e+35
943.1337505128289,5.5491350974389274e+35
942.9603296589312,5.5436789147382554e+35
942.786972569613,5.53429343096588e+35
942.6136792097126,5.525919155359754e+35
942.4404495440943,5.544221610539065e+35
942.2672835376482,5.554720091024572e+35
942.09418115529,5.558026598929275e+35
941.9211423619614,5.56483411196975e+35
941.7481671226298,5.57874547995179e+35
941.5752554022879,5.594856094558512e+35
941.4024071659551,5.6002649477085144e+35
941.2296223786755,5.618380145955779e+35
941.0569010055192,5.613889672888777e+35
940.8842430115823,5.623868511580356e+35
940.7116483619858,5.647546992509296e+35
940.5391170218769,5.67556577213068e+35
940.3666489564281,5.691143514459761e+35
940.1942441308374,5.6938119102444996e+35
940.0219025103285,5.697670688987481e+35
939.8496240601503,5.6595134183771404e+35
939.6774087455776,5.660325339152972e+35
939.5052565319103,5.644349878640252e+35
939.3331673844738,5.6184555797673614e+35
939.1611412686188,5.6144590581435456e+35
938.9891781497217,5.5916796885704135e+35
938.8172779931842,5.58516813499724e+35
938.6454407644328,5.560524136216023e+35
938.47366642892,5.5291463696472275e+35
938.3019549521231,5.520320759676828e+35
938.130306299545,5.458200488785086e+35
937.9587204367136,5.386995410351904e+35
937.7871973291819,5.3175406023857654e+35
937.6157369425289,5.240548521644094e+35
937.4443392423574,5.1823133075036104e+35
937.2730041942966,5.095433916657653e+35
937.1017317640002,5.0331139916318124e+35
936.9305219171473,4.963425336816996e+35
936.7593746194415,4.890115924294476e+35
936.5882898366121,4.820859307590497e+35
936.4172675344133,4.7591583736235514e+35
936.246307678624,4.663995031709544e+35
936.0754102350485,4.6156227907411684e+35
935.9045751695157,4.5850120028252284e+35
935.7338024478795,4.5726755721191145e+35
935.5630920360192,4.547636449332584e+35
935.3924438998381,4.52363749785684e+35
935.2218580052653,4.470943948716627e+35
935.051334318254,4.4268246671570285e+35
934.8808728047828,4.383878133866969e+35
934.7104734308548,4.3465435020327484e+35
934.5401361624978,4.3076161775406e+35
934.3698609657646,4.280536295784436e+35
934.1996478067327,4.2561581381285906e+35
934.0294966515042,4.243746399135441e+35
933.859407466206,4.2094847568330255e+35
933.6893802169893,4.194056170713909e+35
933.5194148700307,4.186234082653154e+35
933.3495113915308,4.154197922158131e+35
933.1796697477148,4.143310067109191e+35
933.009889904833,4.1089873017566945e+35
932.8401718291597,4.078992282930819e+35
932.6705154869938,4.061454660333538e+35
932.5009208446593,4.033298330920478e+35
932.331387868504,3.9951583424676276e+35
932.1619165249003,3.943253507114806e+35
931.9925067802454,3.893743311100898e+35
931.8231586009607,3.831002450140561e+35
931.6538719534918,3.783808471433006e+35
931.484646804309,3.703350784084216e+35
931.3154831199068,3.6482337266558945e+35
931.1463808668042,3.57770998194694e+35
930.9773400115441,3.542505327058814e+35
930.8083605206941,3.491994087421571e+35
930.6394423608461,3.476435390946576e+35
930.470585498616,3.430036533047006e+35
930.3017899006437,3.4033914881794396e+35
930.1330555335941,3.374916201107423e+35
929.9643823641554,3.3388860369243415e+35
929.7957703590406,3.31223308896872e+35
929.6272194849865,3.2729072332049866e+35
929.458729708754,3.241261585722669e+35
929.2903009971285,3.228479530853187e+35
929.1219333169188,3.195350574863269e+35
928.9536266349584,3.1840568496615776e+35
928.7853809181042,3.1692535635804476e+35
928.6171961332379,3.1466714189039952e+35
928.4490722472646,3.1339959574122228e+35
928.2810092271133,3.1116249998843786e+35
928.1130070397371,3.0895352203053098e+35
927.9450656521133,3.096102917908956e+35
927.7771850312429,3.1040204075135204e+35
927.6093651441504,3.119485694921497e+35
927.4416059578849,3.1294899704349188e+35
927.2739074395186,3.143758969402934e+35
927.1062695561478,3.166476028066035e+35
926.9386922748929,3.166490288185352e+35
926.7711755628976,3.1808005379995476e+35
926.6037193873296,3.200079727110933e+35
926.4363237153802,3.20876176465938e+35
926.2689885142645,3.2165348904126568e+35
926.1017137512212,3.23848082590497e+35
925.9344993935129,3.2472648131806773e+35
925.7673454084253,3.259327393556001e+35
925.6002517632685,3.2728169591673274e+35
925.4332184253753,3.2482081813776622e+35
925.266245362103,3.2419769793670266e+35
925.0993325408315,3.2169452346212614e+35
924.9324799289652,3.2046920295058607e+35
924.7656874939312,3.171578796834512e+35
924.5989552031805,3.150207943998468e+35
924.4322830241878,3.118722139653348e+35
924.2656709244505,3.0993742088690946e+35
924.0991188714902,3.0665395216383085e+35
923.9326268328513,3.0475471782345187e+35
923.7661947761022,3.0130489157343944e+35
923.599822668834,2.9876011926188596e+35
923.4335104786617,2.9618329406196096e+35
923.2672581732234,2.9325937459950205e+35
923.1010657201804,2.910972090086441e+35
922.9349330872172,2.8904467230519683e+35
922.7688602420423,2.876923079731481e+35
922.6028471523863,2.8529636483969142e+35
922.4368937860039,2.8318316453650698e+35
922.2710001106725,2.8174800945337886e+35
922.105166094193,2.8220627977735927e+35
921.9393917043893,2.7899044402881077e+35
921.7736769091085,2.7681482942394745e+35
921.6080216762207,2.759268560253208e+35
921.442425973619,2.7251761721048566e+35
921.2768897692201,2.7138846118803103e+35
921.1114130309631,2.6897869843991732e+35
920.9459957268106,2.675345860739592e+35
920.7806378247478,2.6577105856076327e+35
920.6153392927832,2.6259566332883163e+35
920.4501000989484,2.6254529431237983e+35
920.2849202112974,2.607553453426981e+35
920.1197995979076,2.568837715792186e+35
919.9547382268793,2.5478588006338132e+35
919.7897360663352,2.541105282522977e+35
919.6247930844215,2.5094569228707156e+35
919.459909249307,2.5005992777305408e+35
919.295084529183,2.491925718183842e+35
919.1303188922641,2.5092197531608117e+35
918.9656123067874,2.5001832758748953e+35
918.800964741013,2.510638753802075e+35
918.6363761632233,2.5063697542797304e+35
918.471846541724,2.5001389658274485e+35
918.3073758448428,2.502441743612131e+35
918.1429640409308,2.497589838970657e+35
917.9786110983613,2.497687110932608e+35
917.8143169855307,2.502042725082532e+35
917.6500816708572,2.507258799318306e+35
917.4859051227825,2.5090057115786455e+35
917.3217873097705,2.517350973827172e+35
917.1577282003071,2.5246194785225607e+35
916.9937277629022,2.5303411986452624e+35
916.8297859660864,2.521875693500177e+35
916.6659027784143,2.5083862750162073e+35
916.5020781684623,2.495049256296875e+35
916.3383121048291,2.4836615876416574e+35
916.1746045561363,2.481418752529516e+35
916.0109554910276,2.4852225647835985e+35
915.8473648781694,2.4684856264424466e+35
915.6838326862501,2.486864578690591e+35
915.5203588839806,2.4842009975923795e+35
915.3569434400944,2.482203765670768e+35
915.193586323347,2.4866813773537177e+35
915.0302875025162,2.4838118350892877e+35
914.8670469464024,2.504223114429539e+35
914.7038646238279,2.501939191797159e+35
914.5407405036375,2.5030872824283654e+35
914.3776745546979,2.5049456495231288e+35
914.2146667458985,2.513024033768366e+35
914.0517170461504,2.506998058333597e+35
913.8888254243872,2.508295519998961e+35
913.7259918495641,2.5116119591912517e+35
913.5632162906593,2.5245603204933797e+35
913.4004987166724,2.5316861430649316e+35
913.2378390966251,2.5287293329701253e+35
913.0752373995616,2.5175192437248853e+35
912.912693594548,2.5523991897178096e+35
912.7502076506721,2.5518150887661572e+35
912.5877795370442,2.5420562722309787e+35
912.4254092227959,2.5513358921992338e+35
912.2630966770816,2.558658067784023e+35
912.1008418690769,2.5427035716804347e+35
911.93864476798,2.5458721835050935e+35
911.7765053430103,2.551306544632425e+35
911.6144235634096,2.5587367125516956e+35
911.4523993984413,2.5765713279259518e+35
911.2904328173911,2.5679960723826933e+35
911.1285237895657,2.5803989587549833e+35
910.9666722842945,2.592692621295302e+35
910.8048782709279,2.5875922430070263e+35
910.6431417188389,2.6228337168582693e+35
910.4814625974215,2.6277535488041383e+35
910.3198408760918,2.6216783021715695e+35
910.1582765242875,2.6348930305254955e+35
909.9967695114682,2.630632633938309e+35
909.835319807115,2.648437826803847e+35
909.6739273807303,2.650241524707039e+35
909.512592201839,2.6670101201071916e+35
909.3513142399868,2.6726688229780328e+35
909.1900934647415,2.6646451461729016e+35
909.0289298456922,2.67440275701303e+35
908.8678233524498,2.661368373562094e+35
908.7067739546465,2.6697616065481194e+35
908.5457816219359,2.6667129136841864e+35
908.3848463239937,2.702014153012601e+35
908.2239680305163,2.7058814167284514e+35
908.0631467112223,2.7171860385740553e+35
907.9023823358511,2.7192704548601238e+35
907.7416748741642,2.7268287835771856e+35
907.5810242959441,2.731563397905501e+35
907.4204305709943,2.7393010766418963e+35
907.2598936691404,2.7487097351287697e+35
907.0994135602291,2.7573294406102543e+35
906.9389902141282,2.7658324202681122e+35
906.7786236007272,2.7664726057534517e+35
906.6183136899365,2.790136676438688e+35
906.458060451688,2.8081407960741805e+35
906.2978638559348,2.815226573647981e+35
906.1377238726513,2.8082442375610863e+35
905.9776404718331,2.7868212195350643e+35
905.8176136234969,2.7689172842656198e+35
905.6576432976806,2.7386516052347297e+35
905.4977294644434,2.7329000843021474e+35
905.3378720938655,2.7129323221776037e+35
905.1780711560482,2.7049134348146247e+35
905.018326621114,2.6949968838115693e+35
904.8586384592066,2.6816344342039848e+35
904.6990066404906,2.6676668408038167e+35
904.5394311351517,2.6628003166095796e+35
904.3799119133965,2.65267583901786e+35
904.2204489454529,2.6428099878644896e+35
904.0610422015694,2.6314081936899928e+35
903.9016916520159,2.6217863955488057e+35
903.7423972670829,2.62070257668117e+35
903.5831590170822,2.6012287878190654e+35
903.4239768723462,2.5949561944321116e+35
903.2648508032281,2.586769674242863e+35
903.1057807801027,2.580853082601846e+35
902.9467667733649,2.5671535765428767e+35
902.7878087534306,2.5692681398957125e+35
902.6289066907367,2.5608901960149828e+35
902.470060555741,2.5477490046427848e+35
902.3112703189219,2.5498177579702825e+35
902.1525359507785,2.541299489555004e+35
901.993857421831,2.536126326909939e+35
901.8352347026198,2.53452663574434e+35
901.6766677637066,2.5146064577121764e+35
901.5181565756735,2.5036597667089666e+35
901.3597011091231,2.5019711154011534e+35
901.2013013346791,2.479862208616592e+35
901.0429572229856,2.4619943571157576e+35
900.8846687447073,2.4554432267337397e+35
900.7264358705295,2.4399598127245e+35
900.5682585711584,2.409676536934345e+35
900.4101368173203,2.400703772406869e+35
900.2520705797624,2.3835652917156666e+35
900.0940598292522,2.3680710216015496e+35
899.9361045365779,2.365676379676699e+35
899.7782046725481,2.3479642482525583e+35
899.6203602079921,2.313448129577158e+35
899.4625711137594,2.3078095096832293e+35
899.3048373607202,2.3002816109402395e+35
899.1471589197645,2.2979565241327404e+35
898.9895357618037,2.292850715372928e+35
898.8319678577687,2.271331337136735e+35
898.6744551786115,2.2667458678538357e+35
898.5169976953039,2.2563872330642223e+35
898.3595953788382,2.2710905063550903e+35
898.2022482002271,2.2419322078803583e+35
898.0449561305038,2.248339466550279e+35
897.8877191407215,2.2510242404451787e+35
897.7305372019534,2.2476037787469598e+35
897.5734102852937,2.2458237125492062e+35
897.4163383618562,2.251855294232194e+35
897.2593214027752,2.2425879436800117e+35
897.1023593792052,2.256754436902492e+35
896.9454522623207,2.2481725710442575e+35
896.7886000233166,2.24507997329898e+35
896.6318026334076,2.2656147739295158e+35
896.475060063829,2.2629923122434608e+35
896.3183722858358,2.2773719008817686e+35
896.1617392707035,2.2902888786205344e+35
896.0051609897273,2.2885831203982517e+35
895.8486374142225,2.2944297570458154e+35
895.6921685155245,2.3121294986530303e+35
895.535754264989,2.3246978753835056e+35
895.3793946339913,2.323911200202961e+35
895.2230895939267,2.328251208284905e+35
895.066839116211,2.3354660435277044e+35
894.9106431722792,2.3364478486136755e+35
894.7545017335868,2.3289721358005873e+35
894.598414771609,2.3491106485235534e+35
894.4423822578409,2.348782430203145e+35
894.2864041637974,2.3510226186853974e+35
894.1304804610136,2.3556296654236293e+35
893.9746111210442,2.376153949302659e+35
893.8187961154634,2.357522027628815e+35
893.6630354158661,2.3742084858849536e+35
893.507328993866,2.3737668064537418e+35
893.3516768210974,2.396852065190313e+35
893.1960788692138,2.3808445198977084e+35
893.0405351098885,2.398095970080445e+35
892.8850455148151,2.384870625115941e+35
892.7296100557063,2.417292562844071e+35
892.5742287042946,2.403954764734851e+35
892.4189014323323,2.423231363955322e+35
892.2636282115914,2.418438414456909e+35
892.1084090138634,2.4304285927675265e+35
891.9532438109594,2.439889547585857e+35
891.7981325747103,2.4496299849274637e+35
891.6430752769666,2.461124865289047e+35
891.4880718895981,2.469567674729621e+35
891.3331223844943,2.4717841563454085e+35
891.1782267335644,2.4926013087037765e+35
891.023384908737,2.4927263307923596e+35
890.8685968819599,2.4963207898024963e+35
890.7138626252009,2.5080202488392165e+35
890.5591821104471,2.4994236025477997e+35
890.404555309705,2.5184110543279973e+35
890.2499821950004,2.502402315934407e+35
890.0954627383787,2.504237793203795e+35
889.9409969119047,2.51246129435388e+35
889.7865846876626,2.5016102961627278e+35
889.632226037756,2.503775217590406e+35
889.4779209343076,2.506334726229445e+35
889.3236693494597,2.4851516418225503e+35
889.169471255374,2.4905117846323893e+35
889.015326624231,2.4898428359617124e+35
888.8612354282311,2.4745872910178362e+35
888.7071976395937,2.4661600412866662e+35
888.5532132305573,2.4779626168039536e+35
888.3992821733799,2.4544184846418003e+35
888.2454044403387,2.483039408182451e+35
888.09158000373,2.4641511512185177e+35
887.9378088358691,2.451846266280809e+35
887.7840909090908,2.4505464500108192e+35
887.630426195749,2.462057959083681e+35
887.4768146682168,2.461825959817423e+35
887.3232562988859,2.4496131429847617e+35
887.1697510601679,2.4568848056022064e+35
887.0162989244927,2.4511728892996067e+35
886.8628998643098,2.441807495022572e+35
886.7095538520879,2.4466044659666196e+35
886.5562608603142,2.4382092291046768e+35
886.4030208614951,2.436230566655189e+35
886.2498338281562,2.4301601450887937e+35
886.0966997328419,2.420326977595903e+35
885.9436185481155,2.4124132424091357e+35
885.7905902465598,2.401085455387869e+35
885.6376148007757,2.3939050037544622e+35
885.4846921833838,2.3875786819803692e+35
885.331822367023,2.3671763835327976e+35
885.1790053243517,2.3495556953004923e+35
885.0262410280465,2.3311687389565898e+35
884.8735294508033,2.307898810398127e+35
884.7208705653366,2.289389112840327e+35
884.56826434438,2.269410896785227e+35
884.4157107606859,2.2506968943764472e+35
884.2632097870252,2.2308801176636136e+35
884.1107613961877,2.2067884226929378e+35
883.958365560982,2.208913877999646e+35
883.8060222542356,2.18529073023581e+35
883.6537314487944,2.1850755302688637e+35
883.5014931175233,2.167573716222725e+35
883.3493072333057,2.151374778687433e+35
883.1971737690438,2.1387202887843643e+35
883.0450926976586,2.13937794520153e+35
882.8930639920893,2.1216494117424474e+35
882.741087625294,2.111455473154185e+35
882.5891635702496,2.107345479999058e+35
882.4372917999515,2.0825781830178575e+35
882.2854722874132,2.06632432014683e+35
882.1337050056677,2.055116715958511e+35
881.9819899277657,2.053394324792515e+35
881.8303270267767,2.042009436875523e+35
881.678716275789,2.0248916216994973e+35
881.5271576479092,2.0156637981125316e+35
881.3756511162622,2.0167432083263495e+35
881.2241966539916,1.9862370793996634e+35
881.0727942342596,1.9841321572278937e+35
880.9214438302464,1.9824125775040752e+35
880.770145415151,1.975461229809101e+35
880.6188989621905,1.9506770976717675e+35
880.4677044446009,1.947245854493216e+35
880.316561835636,1.942186762201199e+35
880.1654711085683,1.9290368733497015e+35
880.0144322366887,1.9167043692712484e+35
879.863445193306,1.905602227600099e+35
879.7125099517477,1.890410592619646e+35
879.5616264853596,1.8799789549975617e+35
879.4107947675058,1.8641960995203553e+35
879.2600147715682,1.8523532071848957e+35
879.1092864709476,1.8464118005909083e+35
878.9586098390625,1.8357250284780984e+35
878.8079848493503,1.8226833242656994e+35
878.6574114752657,1.8181812805518347e+35
878.5068896902823,1.803843553239087e+35
878.3564194678917,1.8018831207909528e+35
878.2060007816033,1.7921358454964376e+35
878.0556336049452,1.7715806262457044e+35
877.9053179114632,1.771398264771327e+35
877.7550536747215,1.7485201309582952e+35
877.6048408683022,1.744919302890849e+35
877.4546794658055,1.7299295535720085e+35
877.30456944085,1.728677264573516e+35
877.1545107670717,1.711618193055928e+35
877.004503418125,1.7014599609471434e+35
876.8545473676826,1.686873265257367e+35
876.7046425894348,1.7011264271505252e+35
876.5547890570899,1.687710727255947e+35
876.4049867443745,1.678618413823023e+35
876.2552356250328,1.6682797032173535e+35
876.105535672827,1.660109927030544e+35
875.9558868615377,1.656532560623215e+35
875.8062891649624,1.647894195397629e+35
875.6567425569177,1.6364252178172273e+35
875.5072470112372,1.64239812547404e+35
875.3578025017725,1.6317028342203569e+35
875.2084090023936,1.6185211919636958e+35
875.0590664869878,1.614848241468964e+35
874.9097749294604,1.6207521904037036e+35
874.7605343037343,1.6184966011120979e+35
874.6113445837506,1.6145374930329284e+35
874.4622057434677,1.6075986652143574e+35
874.3131177568622,1.590167861869949e+35
874.1640805979282,1.5881182624215999e+35
874.0150942406775,1.581641381240637e+35
873.8661586591397,1.5749851445134092e+35
873.7172738273621,1.5686147748873056e+35
873.5684397194098,1.569114729189858e+35
873.4196563093651,1.5663951249536263e+35
873.2709235713287,1.5517167913638257e+35
873.1222414794183,1.553109033805158e+35
872.9736100077694,1.5408536969657269e+35
872.8250291305353,1.531598142635723e+35
872.6764988218868,1.5308329891774354e+35
872.528019056012,1.5274090772881437e+35
872.3795898071168,1.5176939303893725e+35
872.2312110494249,1.5183221361457294e+35
872.0828827571772,1.5154844997011489e+35
871.9346049046321,1.5022064592866668e+35
871.7863774660657,1.4973943081404906e+35
871.6382004157713,1.5068468366002941e+35
871.4900737280602,1.5156368962291525e+35
871.3419973772606,1.5147469264555228e+35
871.1939713377183,1.510278716898401e+35
871.0459955837968,1.5163813994599576e+35
870.8980700898766,1.5270576466613464e+35
870.750194830356,1.5338977327366565e+35
870.6023697796505,1.5251396908962095e+35
870.4545949121929,1.5384628926211532e+35
870.3068702024334,1.5371620777669886e+35
870.1591956248395,1.5479845424697034e+35
870.0115711538963,1.5436266200600176e+35
869.8639967641059,1.5634165292682254e+35
869.7164724299878,1.5623108349709362e+35
869.5689981260788,1.5551250785195919e+35
869.4215738269329,1.5631646351709425e+35
869.2741995071215,1.5537007802820638e+35
869.126875141233,1.5412929668854156e+35
868.9796007038734,1.5513740339469121e+35
868.8323761696655,1.5416292448964214e+35
868.6852015132496,1.5394811773697508e+35
868.5380767092829,1.5422338841888601e+35
868.3910017324399,1.5330669867789149e+35
868.2439765574126,1.5426178575169202e+35
868.0970011589094,1.5378199390981746e+35
867.9500755116565,1.534986028890241e+35
867.8031995903968,1.537703989691805e+35
867.6563733698905,1.5346900839523068e+35
867.5095968249148,1.5281611147495995e+35
867.362869930264,1.5285437166476787e+35
867.2161926607494,1.5260223268043163e+35
867.0695649911992,1.524083748470348e+35
866.922986896459,1.5163183627718793e+35
866.7764583513912,1.5187429688357634e+35
866.629979330875,1.5080507373210345e+35
866.4835498098068,1.5113068311879132e+35
866.3371697631001,1.5071113860563503e+35
866.190839165685,1.5149432445836101e+35
866.0445579925087,1.5047449168584109e+35
865.8983262185353,1.5019039718974149e+35
865.7521438187462,1.5012529743589986e+35
865.6060107681388,1.501465646657734e+35
865.4599270417282,1.4838270908824864e+35
865.3138926145459,1.4859052149677623e+35
865.1679074616407,1.4950160426659502e+35
865.0219715580776,1.501669454368302e+35
864.876084878939,1.4915187494618891e+35
864.7302473993237,1.4997357029170848e+35
864.5844590943478,1.5127284666251278e+35
864.4387199391434,1.5017723726227356e+35
864.2930299088603,1.4937522679862059e+35
864.1473889786643,1.4941762229194747e+35
864.001797123738,1.4940517747826034e+35
863.8562543192812,1.49136874495676e+35
863.7107605405103,1.4851501223215607e+35
863.5653157626576,1.4779163074547184e+35
863.4199199609734,1.4742913270951245e+35
863.2745731107235,1.480643238674823e+35
863.1292751871911,1.4603776719600628e+35
862.9840261656756,1.463244147874017e+35
862.8388260214933,1.446372318213941e+35
862.6936747299768,1.4402905618374605e+35
862.5485722664757,1.4364115131662299e+35
862.4035186063559,1.4278513365974777e+35
862.258513725,1.4114339127347699e+35
862.1135575978067,1.3821667489760883e+35
861.9686502001922,1.3597641543419015e+35
861.8237915075883,1.3322940837962707e+35
861.6789814954438,1.3018083878843881e+35
861.5342201392239,1.2759166387282829e+35
861.3895074144101,1.263071243449807e+35
861.2448432965007,1.2356547315868548e+35
861.1002277610103,1.2423909724509903e+35
860.9556607834696,1.2435147397571042e+35
860.8111423394264,1.2421833939251207e+35
860.6666724044444,1.2291973339817907e+35
860.522250954104,1.2328519986672385e+35
860.3778779640018,1.22677348539018e+35
860.2335534097507,1.2300205079667346e+35
860.0892772669803,1.2231449372648535e+35
859.9450495113363,1.2159017805418673e+35
859.8008701184805,1.2162344634149945e+35
859.6567390640917,1.2269741562327459e+35
859.5126563238643,1.2204494523213063e+35
859.3686218735095,1.2196643851922703e+35
859.2246356887545,1.2210856965205082e+35
859.0806977453427,1.2327701850579025e+35
858.9368080190341,1.2332096990141134e+35
858.7929664856044,1.2353814854380157e+35
858.6491731208463,1.2309450052227666e+35
858.5054279005678,1.22814681468062e+35
858.361730800594,1.2264383991969414e+35
858.2180817967653,1.2265754647015173e+35
858.074480864939,1.2263900063952943e+35
857.9309279809883,1.2193735267801784e+35
857.7874231208021,1.221233418818736e+35
857.6439662602863,1.2138632005067463e+35
857.5005573753623,1.2132833245692852e+35
857.3571964419676,1.2167237351289618e+35
857.213883436056,1.2065060073757087e+35
857.0706183335975,1.200228247726865e+35
856.9274011105779,1.2057756939448046e+35
856.7842317429989,1.1971005850795098e+35
856.6411102068787,1.1962958943702576e+35
856.4980364782513,1.1925148895869514e+35
856.3550105331666,1.1915564905668044e+35
856.2120323476905,1.181132059607355e+35
856.0691018979052,1.1815983959257323e+35
855.9262191599084,1.1871802065492646e+35
855.7833841098142,1.1769770958452083e+35
855.6405967237521,1.1692512443791752e+35
855.4978569778682,1.1714518047166066e+35
855.3551648483242,1.166596689550035e+35
855.2125203112973,1.1558501158553223e+35
855.0699233429813,1.1487326158491695e+35
854.9273739195854,1.149489595736756e+35
854.784872017335,1.1558161914832258e+35
854.6424176124709,1.1573829370403173e+35
854.50001068125,1.1528042341561032e+35
854.3576511999453,1.1467002330573595e+35
854.2153391448451,1.149780438103786e+35
854.0730744922536,1.158311191339341e+35
853.930857218491,1.1493890370238357e+35
853.7886872998932,1.1542167157169062e+35
853.6465647128119,1.1579656121791735e+35
853.5044894336144,1.1569744605299767e+35
853.3624614386837,1.157789709001749e+35
853.2204807044188,1.1590000230678958e+35
853.078547207234,1.1515900236091993e+35
852.9366609235598,1.151602968321406e+35
852.7948218298419,1.151190962656752e+35
852.6530299025417,1.1545676926228025e+35
852.5112851181367,1.1480091987388854e+35
852.3695874531197,1.1445137868994085e+35
852.227936883999,1.1469390005957896e+35
852.0863333872987,1.1436599928715063e+35
851.9447769395588,1.1513471992294723e+35
851.8032675173341,1.149917488706525e+35
851.6618050971958,1.1455554863422981e+35
851.5203896557302,1.1476125652251564e+35
851.3790211695393,1.1463751449822882e+35
851.2376996152406,1.14512071752133e+35
851.096424969467,1.1441710157256288e+35
850.9551972088669,1.1493766661942872e+35
850.8140163101046,1.1517928417887643e+35
850.6728822498596,1.1581302772426232e+35
850.5317950048268,1.1548545374141276e+35
850.3907545517164,1.1537584493658044e+35
850.2497608672547,1.1532512096718838e+35
850.1088139281827,1.1541605291194878e+35
849.9679137112573,1.1494652257377726e+35
849.8270601932506,1.152985464960608e+35
849.6862533509501,1.1549759131963833e+35
849.5454931611587,1.1468761691070032e+35
849.4047796006948,1.1540884457123083e+35
849.2641126463918,1.1463906343584345e+35
849.123492275099,1.1516478082318967e+35
848.9829184636804,1.1548037818068644e+35
848.842391189016,1.1522493900990045e+35
848.7019104280004,1.1579421807716467e+35
848.5614761575439,1.1624595723671036e+35
848.4210883545721,1.157724692640893e+35
848.2807469960258,1.1548358290893794e+35
848.1404520588609,1.1580305013129592e+35
848.0002035200488,1.1500123373834508e+35
847.8600013565759,1.1590156108270558e+35
847.7198455454442,1.1601003089161548e+35
847.5797360636701,1.161074966007172e+35
847.4396728882862,1.156915332298468e+35
847.2996559963397,1.1540177425909302e+35
847.1596853648929,1.1554824231073099e+35
847.0197609710234,1.1572343522503873e+35
846.8798827918242,1.1626412047666242e+35
846.740050804403,1.1566768932912904e+35
846.600264985883,1.1616676904776767e+35
846.460525313402,1.1556306742420831e+35
846.3208317641134,1.165230204454884e+35
846.1811843151855,1.161730955498421e+35
846.0415829438017,1.1622598303297449e+35
845.9020276271601,1.1521150737738817e+35
845.7625183424746,1.1594705010838847e+35
845.6230550669733,1.1635513148291286e+35
845.4836377778998,1.162158307269301e+35
845.3442664525128,1.1634102066603395e+35
845.2049410680854,1.1708150484827574e+35
845.0656616019065,1.1670664654300831e+35
844.9264280312792,1.1640721429512783e+35
844.787240333522,1.176646939496213e+35
844.6480984859683,1.1698589190303691e+35
844.5090024659662,1.1812066472604592e+35
844.3699522508791,1.1754580452161753e+35
844.230947818085,1.1790464396326195e+35
844.0919891449769,1.1789204125598868e+35
843.9530762089627,1.1786693865910794e+35
843.8142089874651,1.1719450535981364e+35
843.6753874579216,1.1819566419825857e+35
843.5366115977848,1.174572506308856e+35
843.3978813845218,1.1812581282048149e+35
843.259196795615,1.1886521772224235e+35
843.120557808561,1.1889779238137314e+35
842.9819644008717,1.1937726619413475e+35
842.8434165500732,1.2004852481642845e+35
842.7049142337073,1.19590069103416e+35
842.5664574293297,1.204304538109844e+35
842.4280461145113,1.1966499240078248e+35
842.2896802668373,1.2017305167126303e+35
842.1513598639083,1.1897603155435262e+35
842.013084883339,1.1894812241259138e+35
841.8748553027592,1.1706681430070013e+35
841.7366710998132,1.1624266706878426e+35
841.5985322521598,1.146464458491922e+35
841.4604387374727,1.1289493056504782e+35
841.3223905334404,1.1241429276385523e+35
841.1843876177658,1.1099627518912162e+35
841.0464299681663,1.1035359923531634e+35
840.9085175623743,1.097638004258056e+35
840.7706503781366,1.1057189114249083e+35
840.6328283932143,1.1028568033736067e+35
840.4950515853837,1.0969634733787222e+35
840.3573199324353,1.1032940351689907e+35
840.219633412174,1.0970763252401405e+35
840.0819920024194,1.1031030209852315e+35
839.9443956810059,1.107878715171737e+35
839.8068444257821,1.0972355841083298e+35
839.6693382146111,1.1094132870065788e+35
839.5318770253707,1.0998525401325462e+35
839.3944608359529,1.0962347477097806e+35
839.2570896242646,1.1052803135899033e+35
839.1197633682267,1.1032362059497429e+35
838.9824820457749,1.1125683962088542e+35
838.8452456348591,1.1054728226697277e+35
838.7080541134436,1.1045900278169938e+35
838.5709074595075,1.0967417419930882e+35
838.4338056510437,1.0959448746010585e+35
838.2967486660602,1.0941468520655006e+35
838.1597364825788,1.091359863686793e+35
838.0227690786359,1.0923768690429371e+35
837.8858464322819,1.087095140129516e+35
837.7489685215825,1.0874532659710058e+35
837.6121353246166,1.0882127407273498e+35
837.4753468194779,1.0849530918157054e+35
837.3386029842748,1.0819899297847508e+35
837.2019037971291,1.0839916602310736e+35
837.0652492361779,1.0768933261558446e+35
836.9286392795717,1.0723227774280887e+35
836.792073905476,1.076526095968384e+35
836.6555530920697,1.0659279538613162e+35
836.5190768175468,1.0563698130435138e+35
836.382645060115,1.0351539150161913e+35
836.2462577979963,1.015178547801926e+35
836.109915009427,9.914970807579904e+34
835.9736166726578,9.664923262796953e+34
835.837362765953,9.389335314695924e+34
835.7011532675915,9.241843745293722e+34
835.5649881558662,9.149343378427496e+34
835.4288674090844,9.062148217785443e+34
835.2927910055672,8.987438692348719e+34
835.1567589236498,8.846858037683584e+34
835.0207711416821,8.788806278423482e+34
834.8848276380273,8.714458161918707e+34
834.748928391063,8.646050627778049e+34
834.6130733791814,8.522363429277137e+34
834.4772625807877,8.548341024879058e+34
834.3414959743022,8.538166465731998e+34
834.2057735381587,8.530603109759458e+34
834.0700952508048,8.565416498363217e+34
833.9344610907028,8.476718478347222e+34
833.7988710363286,8.50136555521426e+34
833.663325066172,8.44842189389013e+34
833.527823158737,8.47299681655113e+34
833.3923652925415,8.495977473735842e+34
833.2569514461175,8.416033627958104e+34
833.1215815980105,8.402030699534104e+34
832.9862557267804,8.382061931365876e+34
832.850973811001,8.390001748754385e+34
832.7157358292599,8.412685011358005e+34
832.5805417601586,8.394537537337895e+34
832.4453915823121,8.292497409467937e+34
832.3102852743502,8.326496386708437e+34
832.1752228149159,8.291949831216504e+34
832.040204182666,8.3029258711246e+34
831.9052293562717,8.269006918906546e+34
831.7702983144175,8.070417278061321e+34
831.6354110358018,7.879238037098269e+34
831.5005674991372,7.681866130538622e+34
831.3657676831498,7.519733541295607e+34
831.2310115665795,7.343638272638584e+34
831.0962991281799,7.333082813941164e+34
830.9616303467187,7.304738835827937e+34
830.8270052009769,7.25676143089667e+34
830.6924236697499,7.237044086849662e+34
830.5578857318461,7.226972292101328e+34
830.4233913660879,7.1529034269774085e+34
830.2889405513118,7.150085411566666e+34
830.1545332663676,7.143073274700947e+34
830.0201694901185,7.137459407496029e+34
829.8858492014423,7.154013379677481e+34
829.7515723792296,7.131794450241764e+34
829.617339002385,7.086565080364409e+34
829.483149049827,7.099127106218623e+34
829.3490025004871,7.080907716859948e+34
829.2148993333111,7.048213897033438e+34
829.080839527258,7.02541514600205e+34
828.9468230613005,7.034850199943385e+34
828.812849914425,6.988898518846784e+34
828.6789200656312,6.9854593686034605e+34
828.545033493933,6.96502244177689e+34
828.411190178357,6.939962265701046e+34
828.2773900979437,6.934082059151688e+34
828.1436332317476,6.876739471282118e+34
828.0099195588363,6.82608057954357e+34
827.8762490582908,6.86154284306869e+34
827.7426217092058,6.798924473449232e+34
827.6090374906894,6.782367167857412e+34
827.4754963818633,6.819644581317457e+34
827.3419983618628,6.803269187914448e+34
827.2085434098364,6.807611600728399e+34
827.0751315049458,6.840625235164448e+34
826.941762626367,6.8400725636050565e+34
826.8084367532886,6.836151170666187e+34
826.675153864913,6.8588031805952365e+34
826.5419139404559,6.896112112708954e+34
826.4087169591464,6.834109729684352e+34
826.2755629002272,6.821177441617774e+34
826.142451742954,6.803980242480965e+34
826.0093834665961,6.802087096507416e+34
825.8763580504362,6.768243090820371e+34
825.7433754737702,6.74994030028582e+34
825.6104357159074,6.748503169526008e+34
825.4775387561704,6.710821451147321e+34
825.344684573895,6.667528207954942e+34
825.2118731484308,6.668056313556917e+34
825.07910445914,6.623308036490045e+34
824.9463784853983,6.65373984700701e+34
824.8136952065952,6.702094078752679e+34
824.6810546021325,6.643924237365093e+34
824.5484566514262,6.658625915804834e+34
824.4159013339049,6.623051382504577e+34
824.2833886290106,6.600456461971857e+34
824.1509185161987,6.5698886104231785e+34
824.0184909749374,6.544770649437467e+34
823.8861059847086,6.542467735690003e+34
823.7537635250071,6.553934918800633e+34
823.6214635753407,6.489489746842641e+34
823.4892061152308,6.461232586199632e+34
823.3569911242116,6.420195478855766e+34
823.2248185818306,6.407542069329942e+34
823.0926884676483,6.376200117730358e+34
822.9606007612384,6.388726655854701e+34
822.828555442188,6.349064466321022e+34
822.6965524900967,6.279021117271617e+34
822.5645918845777,6.261483360409012e+34
822.4326736052569,6.231013898229968e+34
822.3007976317737,6.268090085490846e+34
822.16896394378,6.234841064824427e+34
822.0371725209413,6.204911412150232e+34
821.9054233429358,6.143900260499206e+34
821.773716389455,6.103394006435186e+34
821.6420516402029,6.125914852080271e+34
821.510429074897,6.120092336513514e+34
821.3788486732677,6.079160597639898e+34
821.2473104150583,6.034077622538214e+34
821.1158142800251,6.058339108626087e+34
820.9843602479373,6.021733083931517e+34
820.8529482985771,6.023646695381511e+34
820.7215784117396,5.997692079183356e+34
820.5902505672329,6.015733575824132e+34
820.4589647448782,5.990141317208592e+34
820.3277209245093,5.941785534816983e+34
820.1965190859729,5.947134698706254e+34
820.0653592091289,5.983168895589409e+34
819.9342412738498,5.982057968074872e+34
819.803165260021,5.930932400814361e+34
819.6721311475409,5.967782093837144e+34
819.5411389163207,5.959108041539583e+34
819.4101885462844,5.924873466621414e+34
819.2792800173687,5.95745004022797e+34
819.1484133095233,5.931952339406004e+34
819.0175884027109,5.9337757646297185e+34
818.8868052769064,5.923170179188955e+34
818.7560639120983,5.915945772503634e+34
818.6253642882871,5.89283505531916e+34
818.4947063854864,5.912010950802061e+34
818.3640901837227,5.923765157304198e+34
818.2335156630351,5.92117853651673e+34
818.1029828034752,5.939952242453916e+34
817.972491585108,5.916397171498755e+34
817.8420419880104,5.940200336494704e+34
817.7116339922725,5.946839325919126e+34
817.5812675779972,5.960596580006216e+34
817.4509427252997,5.9790883918605e+34
817.320659414308,5.928641989502452e+34
817.1904176251628,5.940352001550454e+34
817.0602173380178,5.95822024199239e+34
816.9300585330387,5.969256208082513e+34
816.7999411904043,5.9518021661728415e+34
816.6698652903058,5.98244470077347e+34
816.539830812947,5.947000051062994e+34
816.4098377385448,5.957921250969985e+34
816.2798860473279,5.971548732750876e+34
816.1499757195381,5.963052278727882e+34
816.02010673543,5.979801094636684e+34
815.8902790752699,5.96750047502806e+34
815.7604927193375,5.99506333896491e+34
815.6307476479249,6.017719343587402e+34
815.501043841336,6.0140361692772635e+34
815.3713812798884,6.016977363873336e+34
815.2417599439113,5.987148825216498e+34
815.1121798137468,5.986815632549151e+34
814.9826408697494,5.93246941981885e+34
814.8531430922861,5.9797343401851435e+34
814.7236864617364,5.931811359387107e+34
814.5942709584923,5.956940232921427e+34
814.4648965629581,5.878354410362423e+34
814.3355632555506,5.916996794035738e+34
814.2062710166992,5.848350582907012e+34
814.0770198268458,5.846735271893311e+34
813.9478096664442,5.8529940092987735e+34
813.818640515961,5.793738449875826e+34
813.6895123558752,5.816202361217463e+34
813.5604251666782,5.743309519620387e+34
813.4313789288735,5.73892408758258e+34
813.3023736229774,5.7230341598458895e+34
813.1734092295181,5.656447799384824e+34
813.0444857290365,5.6439309930354055e+34
812.9156031020858,5.5676105489028705e+34
812.7867613292315,5.493686889944352e+34
812.657960391051,5.417966120396351e+34
812.5292002681346,5.341496349503667e+34
812.4004809410847,5.298195414160811e+34
812.2718023905159,5.27942287351852e+34
812.1431645970551,5.255585770047036e+34
812.0145675413416,5.226490083315864e+34
811.886011204027,5.237061972383993e+34
811.7574955657747,5.21885318056832e+34
811.6290206072608,5.193518422086356e+34
811.5005863091735,5.180131766839345e+34
811.3721926522134,5.170641612399374e+34
811.2438396170928,5.163698478633684e+34
811.1155271845369,5.149131438753725e+34
810.9872553352824,5.144271154190836e+34
810.8590240500787,5.118324957288535e+34
810.730833309687,5.107663335921113e+34
810.602683094881,5.100689388626326e+34
810.4745733864464,5.139810588863048e+34
810.3465041651809,5.0824788573571295e+34
810.2184754118947,5.041891711048772e+34
810.0904871074099,5.044707701708778e+34
809.9625392325605,5.043248891813437e+34
809.8346317681929,5.0730683924272915e+34
809.7067646951656,5.054232579674612e+34
809.5789379943491,5.0441866234050535e+34
809.451151646626,5.000113880072544e+34
809.3234056328909,4.97604579353715e+34
809.1956999340505,4.979442545314946e+34
809.0680345310236,4.951782207610195e+34
808.9404094047412,5.006312668303461e+34
808.8128245361459,4.974550120899039e+34
808.6852799061925,4.983458280890708e+34
808.557775495848,4.9691110341219585e+34
808.4303112860914,4.954193171500003e+34
808.3028872579132,4.947951238237821e+34
808.1755033923166,4.934247606481174e+34
808.0481596703163,4.926779300510868e+34
807.920856072939,4.9285893129475985e+34
807.7935925812236,4.913709201189927e+34
807.6663691762207,4.9213382071557e+34
807.5391858389928,4.906100357448183e+34
807.4120425506146,4.912172874371777e+34
807.2849392921726,4.861844869028771e+34
807.157876044765,4.882378951538079e+34
807.0308527895021,4.872020180397864e+34
806.9038695075062,4.843026741308291e+34
806.7769261799111,4.8458633313807915e+34
806.6500227878631,4.820926125865869e+34
806.5231593125196,4.814326014402754e+34
806.3963357350503,4.7904472447927015e+34
806.2695520366369,4.813696575697795e+34
806.1428081984723,4.820264619829658e+34
806.0161042017619,4.765976341382991e+34
805.8894400277226,4.77395578151915e+34
805.762815657583,4.727353694643456e+34
805.6362310725838,4.735177093703086e+34
805.5096862539772,4.74504800212862e+34
805.3831811830272,4.7389241876686365e+34
805.25671584101,4.713298430031551e+34
805.1302902092131,4.672366954857669e+34
805.0039042689357,4.710372962034228e+34
804.877558001489,4.696277817502676e+34
804.7512513881958,4.704312773679743e+34
804.6249844103909,4.653371363931176e+34
804.4987570494203,4.6634430972306415e+34
804.3725692866421,4.667727575704749e+34
804.246421103426,4.64639425188598e+34
804.1203124811534,4.626998104186127e+34
803.9942434012172,4.644453428634828e+34
803.8682138450222,4.620731739717363e+34
803.7422237939847,4.623736487308447e+34
803.6162732295329,4.614320788809775e+34
803.4903621331061,4.6172612697165895e+34
803.364490486156,4.587052368304145e+34
803.2386582701453,4.610736173541171e+34
803.1128654665483,4.5835468552316465e+34
802.9871120568515,4.570685727898424e+34
802.8613980225523,4.552706394828656e+34
802.7357233451602,4.546011808730614e+34
802.6100880061961,4.51762409611183e+34
802.4844919871923,4.5460097751818275e+34
802.3589352696929,4.472275113065061e+34
802.2334178352534,4.487634533080903e+34
802.1079396654408,4.470304662575641e+34
801.9825007418337,4.460996268990544e+34
801.8571010460225,4.4391265241681995e+34
801.7317405596086,4.4782096388381745e+34
801.6064192642054,4.451299205119439e+34
801.4811371414373,4.435272959136407e+34
801.3558941729407,4.440536942330608e+34
801.2306903403629,4.427562238963049e+34
801.105525625363,4.393839534246647e+34
800.9804000096119,4.3861439076511e+34
800.8553134747912,4.372607996025174e+34
800.7302660025945,4.361938840545253e+34
800.6052575747266,4.35807548027589e+34
800.4802881729038,4.354124549775288e+34
800.3553577788538,4.28917280948976e+34
800.2304663743158,4.27578877394486e+34
800.1056139410402,4.246088734766076e+34
799.980800460789,4.24986064321575e+34
799.8560259153353,4.255598869249533e+34
799.7312902864637,4.249154592870621e+34
799.6065935559704,4.21865705985871e+34
799.4819357056629,4.203265067923568e+34
799.3573167173593,4.217926967274864e+34
799.2327365728901,4.185333747702267e+34
799.1081952540965,4.190401068637698e+34
798.9836927428312,4.175224242243072e+34
798.8592290209582,4.150197835622561e+34
798.7348040703525,4.138169788649723e+34
798.6104178729012,4.1538104853199373e+34
798.4860704105017,4.1422948375328043e+34
798.3617616650633,4.1187349091866765e+34
798.2374916185063,4.0875631760903717e+34
798.1132602527626,4.063408158253857e+34
797.9890675497746,4.102375090545985e+34
797.8649134914968,4.0919279274508037e+34
797.7407980598944,4.0530023519545074e+34
797.616721236944,4.0917775364550186e+34
797.4926830046335,4.079234787183375e+34
797.3686833449617,4.0564740747387083e+34
797.2447222399389,4.0479438599389864e+34
797.1207996715863,4.0483931522060133e+34
796.9969156219365,4.0104852359646256e+34
796.8730700730334,4.0032689390170136e+34
796.7492630069318,3.983247368233047e+34
796.6254944056975,3.9522236434517e+34
796.5017642514078,3.935541143912466e+34
796.3780725261511,3.9053085889279203e+34
796.2544192120267,3.9110020916373364e+34
796.1308042911451,3.887899470469047e+34
796.007227745628,3.8730093613317593e+34
795.8836895576081,3.832909222933188e+34
795.7601897092293,3.865309248147022e+34
795.6367281826465,3.8297157539516887e+34
795.5133049600255,3.813039389382312e+34
795.3899200235436,3.776560087734181e+34
795.2665733553887,3.7567327456588485e+34
795.1432649377603,3.764516791581082e+34
795.0199947528681,3.7406142466150005e+34
794.8967627829336,3.737263307501546e+34
794.773569010189,3.71635449494474e+34
794.6504134168777,3.6964553835715375e+34
794.5272959852537,3.671042944374568e+34
794.4042166975823,3.687115454914363e+34
794.2811755361398,3.684498162821167e+34
794.1581724832135,3.6329843148147064e+34
794.0352075211015,3.6412885573074975e+34
793.912280632113,3.6411388579373557e+34
793.7893917985681,3.6627228910007056e+34
793.6665410027978,3.613102572620735e+34
793.543728227144,3.650894856210133e+34
793.4209534539598,3.6278976506528144e+34
793.298216665609,3.6025599592565875e+34
793.1755178444663,3.621737389679105e+34
793.0528569729173,3.6326288623810353e+34
792.9302340333586,3.6069512960519933e+34
792.8076490081977,3.6273437156641004e+34
792.6851018798528,3.614260288793615e+34
792.5625926307531,3.6282958751143567e+34
792.4401212433386,3.6125159476459926e+34
792.3176877000603,3.6094813378790937e+34
792.1952919833798,3.6074463645421205e+34
792.0729340757697,3.636348836275455e+34
791.9506139597136,3.659037586409463e+34
791.8283316177053,3.6189000620963735e+34
791.7060870322503,3.6313288236563017e+34
791.5838801858639,3.6016938047628553e+34
791.4617110610733,3.6239879419362907e+34
791.3395796404153,3.600071871140511e+34
791.2174859064387,3.6068546896797344e+34
791.095429841702,3.5601799246381987e+34
790.973411428775,3.5802991767599857e+34
790.8514306502381,3.5633219705946082e+34
790.7294874886828,3.5627137672909095e+34
790.6075819267108,3.5089119711620746e+34
790.4857139469348,3.510560719934428e+34
790.3638835319782,3.4673013628859626e+34
790.2420906644751,3.5009068559948127e+34
790.1203353270703,3.475678255460574e+34
789.9986175024194,3.466070357332911e+34
789.8769371731885,3.431730081953991e+34
789.7552943220543,3.3589647928448535e+34
789.6336889317046,3.2005325039847907e+34
789.5121209848375,3.1213457537766884e+34
789.3905904641617,3.067334239625435e+34
789.2690973523969,3.06119717977372e+34
789.147641632273,3.049666752469728e+34
789.026223286531,3.0204183648834348e+34
788.9048422979221,3.028269276764374e+34
788.7834986492084,2.9930612871379375e+34
788.6621923231622,3.004575490699009e+34
788.5409233025672,2.9955149702374265e+34
788.4196915702167,3.016860017376812e+34
788.2984971089153,2.9907982594174642e+34
788.1773399014779,2.9956007651817926e+34
788.0562199307299,2.9684466797945563e+34
787.9351371795074,2.976366592778305e+34
787.8140916306571,2.927638540049585e+34
787.6930832670358,2.938975906697698e+34
787.5721120715116,2.9118187922232843e+34
787.4511780269623,2.9415792481421954e+34
787.330281116277,2.918511941572528e+34
787.2094213223544,2.9660860809914736e+34
787.0885986281047,2.971297893085944e+34
786.9678130164477,2.9419026949430873e+34
786.8470644703143,2.95897858188109e+34
786.7263529726456,2.929878910579789e+34
786.6056785063931,2.996388172013823e+34
786.4850410545191,2.9721336968720474e+34
786.3644405999962,2.9639423757572677e+34
786.243877125807,2.946693105035562e+34
786.1233506149451,2.9429504248191434e+34
786.0028610504143,2.9583490848253695e+34
785.8824084152288,2.9612960506351025e+34
785.7619926924135,2.899764271087613e+34
785.6416138650033,2.9025842687956744e+34
785.5212719160436,2.893258731087652e+34
785.4009668285903,2.8993865654827184e+34
785.2806985857095,2.8701121485740958e+34
785.1604671704781,2.8748516084274417e+34
785.0402725659827,2.8464907639738362e+34
784.9201147553209,2.863850450733389e+34
784.7999937216001,2.8304564655616174e+34
784.6799094479385,2.8384696909646505e+34
784.5598619174643,2.872333750142182e+34
784.4398511133163,2.8249985169240513e+34
784.3198770186434,2.855508661043906e+34
784.1999396166048,2.8182981548800953e+34
784.08003889037,2.8543059826756695e+34
783.960174823119,2.79154757191987e+34
783.840347398042,2.8369898969952297e+34
783.7205565983394,2.7780683770956013e+34
783.6008024072217,2.7974680610328374e+34
783.4810848079101,2.771935711614094e+34
783.3614037836356,2.8143145409478914e+34
783.2417593176399,2.757036968688223e+34
783.1221513931745,2.787142219138993e+34
783.0025799935012,2.777496182314115e+34
782.8830451018923,2.74262351707113e+34
782.7635467016303,2.7128318276833157e+34
782.6440847760073,2.6666768884796396e+34
782.5246593083265,2.683355955601556e+34
782.4052702819007,2.6155909927113086e+34
782.2859176800529,2.6064650995359048e+34
782.1666014861165,2.5912868938313377e+34
782.047321683435,2.6039765317693113e+34
781.928078255362,2.6017374131026676e+34
781.8088711852614,2.603524336235879e+34
781.6897004565068,2.5858268414189453e+34
781.5705660524825,2.64588532574961e+34
781.4514679565825,2.6201951908852237e+34
781.3324061522113,2.63656807878335e+34
781.2133806227833,2.589339873096428e+34
781.0943913517231,2.5917284153575186e+34
780.9754383224648,2.649322546781021e+34
780.8565215184536,2.5780733172544995e+34
780.7376409231442,2.611832946778391e+34
780.6187965200014,2.538552453822042e+34
780.4999882925002,2.495746552084289e+34
780.3812162241255,2.4864371397437034e+34
780.2624802983723,2.4426170730175083e+34
780.1437804987461,2.4609673555896007e+34
780.0251168087613,2.4218489068574506e+34
779.9064892119435,2.3436837737314763e+34
779.7878976918279,2.360948304566854e+34
779.6693422319595,2.262557012134814e+34
779.5508228158935,2.2758641503543265e+34
779.4323394271953,2.260225706320147e+34
779.3138920494397,2.2088968652030345e+34
779.1954806662122,2.2467143094586927e+34
779.0771052611077,2.247247463737687e+34
778.9587658177315,2.258449125277347e+34
778.8404623196985,2.2496580469431808e+34
778.7221947506338,2.2135158155038863e+34
778.6039630941722,2.2187996516898155e+34
778.4857673339587,2.22518458660623e+34
778.3676074536482,2.203623746851879e+34
778.2494834369055,2.186060775118054e+34
778.1313952674049,2.221678549832457e+34
778.0133429288312,2.230828100851084e+34
777.895326404879,2.2382721613170666e+34
777.7773456792526,2.2040350882675336e+34
777.6594007356658,2.2060350050319215e+34
777.5414915578433,2.2230644949917526e+34
777.4236181295188,2.2104737371756097e+34
777.3057804344363,2.1718683705014163e+34
777.1879784563494,2.2053199048687885e+34
777.0702121790215,2.1947211612738354e+34
776.9524815862262,2.1503885075412507e+34
776.8347866617468,2.191787520491548e+34
776.7171273893762,2.2237916701683376e+34
776.5995037529171,2.2398246932293885e+34
776.4819157361825,2.186182220952222e+34
776.3643633229948,2.233793113876937e+34
776.2468464971862,2.2037495179982916e+34
776.1293652425987,2.2281923893400485e+34
776.0119195430842,2.1940455735281147e+34
775.8945093825043,2.217731092407841e+34
775.7771347447306,2.2249467217285648e+34
775.6597956136438,2.2090975621856523e+34
775.5424919731353,2.264520268928936e+34
775.4252238071053,2.2440771416411607e+34
775.3079910994643,2.2291361115326797e+34
775.1907938341325,2.2498512434168143e+34
775.0736319950396,2.2569931428948814e+34
774.9565055661252,2.2591511543725206e+34
774.8394145313384,2.2421426825093676e+34
774.7223588746384,2.1997693350842247e+34
774.6053385799936,2.2604414361380925e+34
774.4883536313823,2.248907910062847e+34
774.3714040127926,2.208509725424385e+34
774.2544897082222,2.2155749989167532e+34
774.1376107016783,2.1981782019065534e+34
774.0207669771781,2.269938355763143e+34
773.9039585187478,2.2530122792115524e+34
773.7871853104241,2.174186725210932e+34
773.6704473362528,2.2152345867490503e+34
773.553744580289,2.202305473484728e+34
773.4370770265984,2.212600937495535e+34
773.3204446592557,2.2586211708369525e+34
773.203847462345,2.26570261860213e+34
773.0872854199604,2.227029260032207e+34
772.9707585162055,2.2096664177570788e+34
772.854266735193,2.254672902992976e+34
772.7378100610464,2.2225225416576512e+34
772.6213884778973,2.236273247848223e+34
772.5050019698878,2.2369900876823685e+34
772.3886505211692,2.243352574414479e+34
772.2723341159027,2.2507980785896355e+34
772.1560527382585,2.2708787007797226e+34
772.0398063724167,2.2648225555233416e+34
771.9235950025667,2.24806544284222e+34
771.8074186129078,2.2787726559017613e+34
771.6912771876483,2.2632517444610305e+34
771.5751707110066,2.252002352705466e+34
771.4590991672098,2.2627616475950693e+34
771.3430625404955,2.27333543835729e+34
771.22706081511,2.316313367494372e+34
771.1110939753091,2.304994456110907e+34
770.9951620053585,2.3357563211683876e+34
770.879264889533,2.3185719434295208e+34
770.7634026121173,2.28127456337081e+34
770.6475751574048,2.298138724967669e+34
770.5317825096992,2.2918991444241944e+34
770.4160246533128,2.2761680040499738e+34
770.3003015725682,2.2839304562754686e+34
770.1846132517966,2.2746713853375286e+34
770.068959675339,2.241327603462076e+34
769.953340827546,2.295271638867389e+34
769.8377566927771,2.29106425822653e+34
769.7222072554015,2.309314864515975e+34
769.606692499798,2.2932567315107977e+34
769.4912124103544,2.280011472758566e+34
769.3757669714678,2.292001440380331e+34
769.260356167545,2.2942196754900235e+34
769.1449799830019,2.3043218488708636e+34
769.0296384022641,2.2917822211299283e+34
768.9143314097661,2.27877075796279e+34
768.7990589899518,2.2756561086900007e+34
768.6838211272749,2.248428991155462e+34
768.5686178061977,2.2853501367327093e+34
768.4534490111926,2.2802701638058706e+34
768.3383147267405,2.2571892363575653e+34
768.2232149373323,2.260562761766326e+34
768.1081496274677,2.254767385218348e+34
767.9931187816558,2.264256758290386e+34
767.8781223844153,2.2846205078193273e+34
767.7631604202736,2.2616063132852556e+34
767.648232873768,2.250598757735798e+34
767.5333397294445,2.2455784099584032e+34
767.4184809718588,2.2427291239040126e+34
767.3036565855755,2.2766286336071873e+34
767.1888665551686,2.3191013749129835e+34
767.0741108652213,2.311862598456857e+34
766.959389500326,2.3154683283330167e+34
766.8447024450844,2.3455287007093825e+34
766.7300496841073,2.302788975747922e+34
766.6154312020147,2.2749159551650245e+34
766.500846983436,2.323190092846322e+34
766.3862970130094,2.3379951568689174e+34
766.2717812753828,2.359057696782105e+34
766.1572997552128,2.375893368200248e+34
766.0428524371654,2.3799916622982586e+34
765.9284393059157,2.3689735209661855e+34
765.814060346148,2.3485357657494897e+34
765.6997155425557,2.3639647048192938e+34
765.5854048798413,2.366845483870995e+34
765.4711283427168,2.340354986775298e+34
765.3568859159027,2.358060713623768e+34
765.242677584129,2.340451036483989e+34
765.1285033321348,2.40728228706325e+34
765.0143631446681,2.4368460173742425e+34
764.9002570064864,2.42777027462237e+34
764.786184902356,2.407244205825444e+34
764.6721468170522,2.3957561540944337e+34
764.5581427353596,2.4248596603719065e+34
764.444172642072,2.4444659689606404e+34
764.3302365219918,2.464449362899866e+34
764.2163343599307,2.464371793542967e+34
764.1024661407095,2.4890890374010976e+34
763.9886318491582,2.4409147083040423e+34
763.8748314701154,2.500725605973269e+34
763.7610649884291,2.4739776393521525e+34
763.6473323889562,2.491475563379544e+34
763.5336336565626,2.497334358618993e+34
763.4199687761234,2.530541025120478e+34
763.3063377325223,2.490629272202324e+34
763.1927405106524,2.499914079970928e+34
763.0791770954155,2.5253661312166635e+34
762.9656474717226,2.517030034470987e+34
762.8521516244938,2.5450262313603814e+34
762.7386895386576,2.5344418482959525e+34
762.625261199152,2.5446072939425013e+34
762.5118665909239,2.557042576058202e+34
762.3985056989288,2.5807972135560673e+34
762.2851785081317,2.5875825082766475e+34
762.171885003506,2.5474399875264773e+34
762.0586251700344,2.57539954636917e+34
761.9453989927083,2.586195491861126e+34
761.832206456528,2.577167658230484e+34
761.719047546503,2.5417266004739026e+34
761.6059222476515,2.5597023895055185e+34
761.4928305450004,2.5501346206665475e+34
761.3797724235861,2.545333735678798e+34
761.2667478684531,2.546626104828451e+34
761.1537568646554,2.55157988179851e+34
761.0407993972558,2.505045342004816e+34
760.9278754513253,2.489172661082282e+34
760.8149850119448,2.4985968342687125e+34
760.7021280642033,2.544514966373673e+34
760.5893045931988,2.533524122551065e+34
760.4765145840383,2.5063962037079635e+34
760.3637580218377,2.5138513454127594e+34
760.2510348917212,2.563789478703436e+34
760.1383451788225,2.496634489656021e+34
760.0256888682839,2.527103960237435e+34
759.9130659452559,2.5017349255239936e+34
759.8004763948987,2.518869662932402e+34
759.6879202023808,2.531575823282038e+34
759.5753973528798,2.5005955376992915e+34
759.4629078315816,2.5075045959092087e+34
759.3504516236811,2.509530825280701e+34
759.2380287143823,2.5128940572241847e+34
759.1256390888974,2.49255075480232e+34
759.0132827324479,2.524192510658091e+34
758.9009596302635,2.4708892322877535e+34
758.7886697675831,2.5046443662461184e+34
758.6764131296541,2.4847925325281194e+34
758.5641897017325,2.498011541436273e+34
758.4519994690837,2.5048104494836134e+34
758.3398424169808,2.4846432397879237e+34
758.2277185307064,2.5112737780085543e+34
758.1156277955514,2.4773095010095546e+34
758.0035701968156,2.5320346499898208e+34
757.8915457198075,2.5159310739588136e+34
757.7795543498441,2.4975586021302084e+34
757.6675960722513,2.494139889601843e+34
757.5556708723633,2.515636982355091e+34
757.4437787355234,2.5050748113824117e+34
757.3319196470833,2.47593581100077e+34
757.2200935924036,2.500486728872267e+34
757.1083005568532,2.4869007629423036e+34
756.9965405258098,2.535303180096177e+34
756.8848134846598,2.4660000297242474e+34
756.7731194187983,2.5177651563964464e+34
756.6614583136287,2.498558866727731e+34
756.5498301545631,2.5364310148452617e+34
756.4382349270226,2.4670072726474616e+34
756.3266726164366,2.538818287437864e+34
756.2151432082427,2.5145190731061456e+34
756.1036466878879,2.4993346500391174e+34
755.9921830408275,2.5054756406385565e+34
755.8807522525248,2.4957729385460295e+34
755.7693543084522,2.517914661690493e+34
755.6579891940908,2.502751960872685e+34
755.5466568949299,2.5052973115644105e+34
755.4353573964677,2.535217339892547e+34
755.3240906842103,2.5316736362546696e+34
755.2128567436732,2.517144111675346e+34
755.1016555603799,2.521748180011673e+34
754.9904871198623,2.521946094436538e+34
754.8793514076614,2.5005018251960293e+34
754.7682484093259,2.5183069901266424e+34
754.657178110414,2.5276342740534367e+34
754.5461404964914,2.4789758732467557e+34
754.435135553133,2.5098211476403657e+34
754.3241632659219,2.5074611699202093e+34
754.2132236204498,2.5132988074221814e+34
754.1023166023166,2.5105239812561443e+34
753.9914421971312,2.5105613917081683e+34
753.8806003905102,2.498517057773872e+34
753.7697911680793,2.5360591301942734e+34
753.6590145154727,2.5025471527220227e+34
753.5482704183323,2.4942776290122136e+34
753.4375588623093,2.5206640708753555e+34
753.3268798330629,2.513295367314932e+34
753.2162333162605,2.507732203101735e+34
753.1056192975784,2.501796978096854e+34
752.9950377627013,2.514189163023367e+34
752.8844886973216,2.5589461816519247e+34
752.7739720871413,2.5069228906869777e+34
752.6634879178694,2.5296598032762417e+34
752.5530361752245,2.5099077464874887e+34
752.4426168449329,2.5587095279899907e+34
752.3322299127295,2.5256507689932347e+34
752.2218753643574,2.5303845716687704e+34
752.1115531855685,2.53317988601903e+34
752.0012633621225,2.5352256690576245e+34
751.8910058797877,2.567025597348741e+34
751.7807807243408,2.580852224364731e+34
751.6705878815668,2.5161509715228024e+34
751.560427337259,2.5571306689036897e+34
751.450299077219,2.517966611536266e+34
751.3402030872569,2.5229870139055875e+34
751.2301393531909,2.4942076784457144e+34
751.1201078608476,2.4512421149487594e+34
751.0101085960617,2.4740443258276765e+34
750.9001415446767,2.4550068120198304e+34
750.7902066925438,2.4787341497750335e+34
750.6803040255231,2.469103155184362e+34
750.5704335294824,2.4707822221279213e+34
750.4605951902981,2.459724366761686e+34
750.3507889938547,2.4509142096388895e+34
750.2410149260451,2.4620384362495064e+34
750.1312729727704,2.465334696592331e+34
750.0215631199397,2.4435652392745296e+34
749.911885353471,2.439101081957969e+34
749.80223965929,2.442189901678771e+34
749.6926260233305,2.4420816567079918e+34
749.583044431535,2.4303185604234807e+34
749.4734948698539,2.4668249043106903e+34
749.3639773242461,2.481905373163574e+34
749.2544917806782,2.471644833426831e+34
749.1450382251256,2.457563740037848e+34
749.0356166435714,2.4841241058108927e+34
748.9262270220073,2.45041261373624e+34
748.8168693464327,2.476076797109852e+34
748.7075436028556,2.478670127373053e+34
748.5982497772922,2.473776077338588e+34
748.4889878557663,2.4444016796235685e+34
748.3797578243104,2.4477975075030227e+34
748.2705596689651,2.4895962092984573e+34
748.161393375779,2.4724000603624476e+34
748.052258930809,2.480033327817141e+34
747.9431563201197,2.4784756485790176e+34
747.8340855297845,2.4542071307554193e+34
747.7250465458842,2.489646907993294e+34
747.6160393545083,2.4754528785840038e+34
747.5070639417544,2.483768805730055e+34
747.3981202937274,2.450863678587413e+34
747.2892083965415,2.4590191852268225e+34
747.1803282363182,2.4495197090717683e+34
747.0714797991872,2.4742197954835054e+34
746.9626630712864,2.4461781019274145e+34
746.8538780387618,2.4506717504312443e+34
746.7451246877673,2.473114393326698e+34
746.6364030044649,2.4381552386496804e+34
746.527712975025,2.44181119940915e+34
746.4190545856255,2.4705295914425662e+34
746.3104278224529,2.4359888250115027e+34
746.201832671701,2.4486266355454944e+34
746.0932691195726,2.408146984827644e+34
745.984737152278,2.398529010289048e+34
745.8762367560352,2.3916976603314757e+34
745.7677679170707,2.3708896513544925e+34
745.659330621619,2.4017711534254305e+34
745.5509248559223,2.367844956575856e+34
745.4425506062312,2.3960497896433846e+34
745.3342078588039,2.3689547251071643e+34
745.2258965999068,2.390213568506369e+34
745.1176168158144,2.383460880812215e+34
745.0093684928089,2.4128656068150807e+34
744.9011516171804,2.379014979423976e+34
744.7929661752275,2.3805607525781065e+34
744.6848121532562,2.387861018111598e+34
744.5766895375807,2.3861647676724894e+34
744.4685983145231,2.366954886406037e+34
744.3605384704136,2.394149933970443e+34
744.25250999159,2.374822649442474e+34
744.1445128643984,2.3719852663376768e+34
744.0365470751923,2.394943696967049e+34
743.928612610334,2.366607948288119e+34
743.8207094561927,2.3585881586787957e+34
743.7128375991462,2.356429734423685e+34
743.60499702558,2.387307918514683e+34
743.4971877218876,2.3900801013605925e+34
743.3894096744699,2.3908087812615245e+34
743.2816628697362,2.3727504965975184e+34
743.1739472941036,2.363602561216988e+34
743.0662629339971,2.3730073166587937e+34
742.9586097758495,2.379817969993209e+34
742.8509878061011,2.3685380062194838e+34
742.7433970112006,2.363770240038614e+34
742.6358373776044,2.355278429649602e+34
742.5283088917765,2.357933177980008e+34
742.4208115401891,2.355046818178668e+34
742.313345309322,2.3617875778912046e+34
742.2059101856629,2.3677551755042365e+34
742.0985061557071,2.3569493352431715e+34
741.9911332059581,2.3523400085650654e+34
741.8837913229272,2.3594133286383606e+34
741.776480493133,2.3488583336270533e+34
741.6692007031024,2.323163509131338e+34
741.5619519393699,2.302370234682549e+34
741.4547341884779,2.280858406697313e+34
741.3475474369762,2.2084973550935436e+34
741.240391671423,2.152220941414685e+34
741.1332668783838,2.1252419517773205e+34
741.026173044432,2.140669713024204e+34
740.9191101561487,2.1341521490040975e+34
740.812078200123,2.13703842051367e+34
740.7050771629514,2.1371237729934094e+34
740.5981070312386,2.1196745056994007e+34
740.4911677915961,2.131527778978882e+34
740.3842594306445,2.1450605031152696e+34
740.2773819350111,2.137387446238399e+34
740.1705352913311,2.1653028149912537e+34
740.0637194862478,2.134618057182293e+34
739.9569345064117,2.1105090559843045e+34
739.8501803384814,2.1477861053612465e+34
739.7434569691231,2.1517980464527976e+34
739.6367643850106,2.113717604609312e+34
739.5301025728252,2.1450474046201154e+34
739.4234715192564,2.140393984417804e+34
739.3168712110011,2.164811641811235e+34
739.2103016347636,2.149624652354841e+34
739.1037627772563,2.1635216381123904e+34
738.997254625199,2.1544911204556686e+34
738.8907771653195,2.154882779430351e+34
738.7843303843526,2.136654581226163e+34
738.6779142690414,2.1359173023210095e+34
738.5715288061361,2.1497191692888075e+34
738.4651739823951,2.133160209234878e+34
738.3588497845839,2.1540309814307487e+34
738.2525561994759,2.1480721871346463e+34
738.146293213852,2.1363245470073943e+34
738.0400608145011,2.130409104969512e+34
737.9338589882188,2.1448194595579183e+34
737.8276877218095,2.1468015087362335e+34
737.7215470020841,2.123505090540052e+34
737.6154368158617,2.1358444200978667e+34
737.509357149969,2.1189542666808994e+34
737.4033079912397,2.141582668059431e+34
737.2972893265159,2.119292009656178e+34
737.1913011426466,2.1179845764743567e+34
737.0853434264886,2.127874325724456e+34
736.9794161649065,2.1173900394271713e+34
736.873519344772,2.113172219480194e+34
736.7676529529648,2.1027332925661573e+34
736.6618169763717,2.0684308725880245e+34
736.5560114018871,2.0662686322539392e+34
736.4502362164133,2.0487151689462848e+34
736.3444914068599,2.0444330489690106e+34
736.2387769601437,2.0474364841531278e+34
736.1330928631896,2.0404145152662655e+34
736.0274391029297,2.0418235723103083e+34
735.9218156663036,2.0476945207263653e+34
735.8162225402584,2.0440341307106445e+34
735.7106597117487,2.0041693994248698e+34
735.6051271677363,1.9416255376781799e+34
735.4996248951913,1.8874576468939962e+34
735.3941528810905,1.8286294262931446e+34
735.2887111124184,1.7462375931441527e+34
735.1832995761669,1.6757851589318737e+34
735.0779182593355,1.581881793365122e+34
734.9725671489313,1.5241609141890873e+34
734.8672462319682,1.4569417626597794e+34
734.7619554954684,1.3710909749169468e+34
734.656694926461,1.3561345698543718e+34
734.5514645119824,1.3641576983537335e+34
734.446264239077,1.3603776589912802e+34
734.3410940947961,1.341721093634418e+34
734.2359540661987,1.348468957149595e+34
734.1308441403511,1.3531708344668169e+34
734.0257643043271,1.3447403853998907e+34
733.9207145452077,1.3472738592837836e+34
733.8156948500815,1.3406252209214259e+34
733.7107052060444,1.3289963343908823e+34
733.6057456001996,1.3397104752501982e+34
733.5008160196578,1.324756502384226e+34
733.3959164515372,1.3216956693822992e+34
733.2910468829631,1.324976370668435e+34
733.1862073010683,1.329751043878477e+34
733.0813976929929,1.3196349806748258e+34
732.9766180458844,1.3166339224804088e+34
732.8718683468976,1.3194369538895447e+34
732.7671485831947,1.308551242714089e+34
732.6624587419453,1.309790603357086e+34
732.5577988103262,1.3117895379451056e+34
732.4531687755214,1.2963019886413008e+34
732.3485686247227,1.3045016992398168e+34
732.2439983451286,1.302755756488348e+34
732.1394579239454,1.294374574056413e+34
732.0349473483865,1.2962401705831647e+34
731.9304666056726,1.2900351378201684e+34
731.8260156830316,1.2829141439951132e+34
731.721594567699,1.2816607138103818e+34
731.6172032469171,1.2796576831416697e+34
731.5128417079362,1.2811949625039413e+34
731.4085099380131,1.2856811118291332e+34
731.3042079244125,1.2686310392103612e+34
731.1999356544057,1.2711384238976828e+34
731.0956931152718,1.26928846429614e+34
730.9914802942972,1.2732135238113235e+34
730.887297178775,1.2610147086665784e+34
730.7831437560061,1.2470814667537344e+34
730.6790200132984,1.2142381904281709e+34
730.5749259379669,1.1625606170659153e+34
730.470861517334,1.1080524173707451e+34
730.3668267387296,1.0633279810654184e+34
730.2628215894902,1.0054830095718313e+34
730.1588460569598,9.983197073430949e+33
730.0549001284897,1.0082732032621442e+34
729.9509837914384,1.0020736079877628e+34
729.8470970331716,9.996228906725265e+33
729.743239841062,1.0020883774756963e+34
729.6394122024897,9.955726910676594e+33
729.5356141048416,9.922647685457397e+33
729.4318455355124,9.910982463197819e+33
729.3281064819035,9.873412932809491e+33
729.2243969314237,9.915190400193131e+33
729.1207168714889,9.851060515745057e+33
729.0170662895218,9.879540301152003e+33
728.913445172953,9.837132075424054e+33
728.8098535092195,9.769640059478484e+33
728.7062912857659,9.738390394239358e+33
728.6027584900437,9.770890164459284e+33
728.4992551095118,9.666509236916846e+33
728.3957811316358,9.647011263099107e+33
728.2923365438887,9.635791710274436e+33
728.1889213337508,9.611174880102995e+33
728.0855354887092,9.634175640435696e+33
727.9821789962582,9.669018656813439e+33
727.878851843899,9.684859819048592e+33
727.7755540191406,9.673276604332342e+33
727.672285509498,9.62174069820277e+33
727.5690463024941,9.62312013886429e+33
727.4658363856588,9.615453559031063e+33
727.3626557465287,9.484022291247592e+33
727.2595043726478,9.473331244739815e+33
727.156382251567,9.509921464624984e+33
727.0532893708445,9.417240116943649e+33
726.9502257180451,9.400658603052192e+33
726.8471912807411,9.423329403927584e+33
726.7441860465116,9.408724994877895e+33
726.6412100029429,9.261687016731614e+33
726.5382631376282,9.281233219366006e+33
726.4353454381677,9.167008758275417e+33
726.3324568921687,9.206862998886912e+33
726.2295974872457,9.170094900131853e+33
726.1267672110197,9.103142115208687e+33
726.0239660511195,9.070309959010882e+33
725.9211939951799,9.052489688339326e+33
725.8184510308438,9.027388756348268e+33
725.71573714576,8.974229495479555e+33
725.6130523275853,9.053315423345988e+33
725.5103965639828,8.869635095737566e+33
725.4077698426229,8.91279048855423e+33
725.3051721511827,8.951799140838261e+33
725.2026034773465,8.889562985891424e+33
725.1000638088057,8.869741303316536e+33
724.9975531332582,8.856064862303566e+33
724.8950714384093,8.809463958832306e+33
724.792618711971,8.777015513950233e+33
724.6901949416625,8.717689611164069e+33
724.5878001152096,8.770599242298127e+33
724.485434220345,8.63888515728391e+33
724.3830972448089,8.71381524594008e+33
724.280789176348,8.594129093686759e+33
724.1785100027157,8.60940097002182e+33
724.076259711673,8.51120174369239e+33
723.974038290987,8.55097605152201e+33
723.8718457284323,8.545415667566533e+33
723.7696820117902,8.486389937988937e+33
723.667547128849,8.457126527161487e+33
723.5654410674039,8.512679516900476e+33
723.4633638152565,8.417885016996855e+33
723.3613153602159,8.456556843774037e+33
723.2592956900979,8.453197769231455e+33
723.1573047927251,8.46002040599786e+33
723.0553426559269,8.475773367718234e+33
722.9534092675399,8.456754728531815e+33
722.8515046154068,8.431296361607222e+33
722.7496286873783,8.443964673046138e+33
722.6477814713109,8.472114820051995e+33
722.5459629550686,8.486859787865393e+33
722.4441731265217,8.384746663398076e+33
722.3424119735479,8.410050890799145e+33
722.2406794840313,8.315114371355041e+33
722.1389756458632,8.406136413050383e+33
722.0373004469412,8.43347177118737e+33
721.9356538751701,8.346131553900927e+33
721.8340359184616,8.393750351082175e+33
721.7324465647341,8.261195094588761e+33
721.6308858019124,8.326619225846957e+33
721.5293536179287,8.386224391459117e+33
721.4278500007214,8.278941429205871e+33
721.3263749382364,8.351978361445302e+33
721.224928418426,8.237356092969031e+33
721.1235104292489,8.391963992251012e+33
721.022120958671,8.350131605253829e+33
720.9207599946652,8.336766623670083e+33
720.8194275252107,8.312109919970169e+33
720.7181235382935,8.214038666165213e+33
720.6168480219069,8.275273042012844e+33
720.51560096405,8.157402853595468e+33
720.4143823527294,8.228323867070087e+33
720.3131921759581,8.180544113277689e+33
720.2120304217563,8.205077726893543e+33
720.1108970781501,8.211828409152535e+33
720.009792133173,8.218069681097648e+33
719.9087155748653,8.193220634438528e+33
719.8076673912732,8.199481124570489e+33
719.7066475704503,8.248133740892393e+33
719.605656100457,8.154876561879238e+33
719.5046929693599,8.152780129080376e+33
719.4037581652327,8.135276227117907e+33
719.3028516761555,8.122575670252643e+33
719.2019734902152,8.168922776414046e+33
719.1011235955057,8.094275470394221e+33
719.0003019801268,8.068564978718734e+33
718.8995086321859,8.020369207446027e+33
718.7987435397963,8.091897668253888e+33
718.6980066910785,8.022891919523305e+33
718.5972980741592,7.983764872721002e+33
718.4966176771723,7.95593010417495e+33
718.3959654882578,7.997660932938298e+33
718.2953414955628,8.040759833739618e+33
718.1947456872406,7.912348318566399e+33
718.0941780514515,7.925109749648219e+33
717.9936385763623,7.955787903304977e+33
717.8931272501463,7.91382515448779e+33
717.7926440609837,7.969714732644565e+33
717.6921889970611,7.940110986843554e+33
717.5917620465718,7.846502373917614e+33
717.4913631977155,7.93681527916021e+33
717.390992438699,7.923330061380687e+33
717.2906497577351,7.880332983674224e+33
717.1903351430436,7.849021399646718e+33
717.0900485828507,7.964214308193804e+33
716.9897900653895,7.839717525732085e+33
716.8895595788991,7.850766003324712e+33
716.7893571116257,7.838319523758883e+33
716.6891826518216,7.76806983495726e+33
716.5890361877464,7.663920934374112e+33
716.4889177076653,7.658370450198855e+33
716.388827199851,7.570322964832269e+33
716.288764652582,7.472075340936248e+33
716.188730054144,7.335938531661453e+33
716.0887233928285,7.238238825679975e+33
715.988744656934,7.140014697882605e+33
715.8887938347657,7.086394179064203e+33
715.788870914635,7.152745939648685e+33
715.6889758848599,7.096223040063674e+33
715.5891087337651,7.116099736218689e+33
715.4892694496815,7.08142103183026e+33
715.3894580209466,7.053343520386409e+33
715.2896744359047,7.097098036794397e+33
715.1899186829063,7.090717869041611e+33
715.0901907503084,7.091524971554014e+33
714.9904906264748,6.989101407202728e+33
714.8908182997752,7.034299337319242e+33
714.7911737585864,6.972540562939354e+33
714.6915569912916,7.021870040486057e+33
714.5919679862799,6.961100938854848e+33
714.4924067319475,6.948387969840541e+33
714.3928732166969,6.884810280727438e+33
714.2933674289367,6.648498012904299e+33
714.1938893570828,6.399329104981168e+33
714.0944389895564,6.19875228200871e+33
713.9950163147862,5.900574941442124e+33
713.8956213212067,5.711082938961434e+33
713.7962539972591,5.568749549549722e+33
713.6969143313909,5.581210344604428e+33
713.5976023120562,5.539331136070416e+33
713.4983179277154,5.536255448681055e+33
713.3990611668356,5.511427257961708e+33
713.2998320178896,5.495443483900729e+33
713.2006304693573,5.478954512261677e+33
713.1014565097249,5.455295797073291e+33
713.0023101274849,5.425069572157075e+33
712.903191311136,5.448495606412409e+33
712.8041000491836,5.465540730741763e+33
712.7050363301393,5.45144744079501e+33
712.6060001425212,5.508108944757364e+33
712.5069914748539,5.504405597262098e+33
712.408010315668,5.583217227584811e+33
712.3090566535008,5.500775007205453e+33
712.2101304768959,5.518530375116457e+33
712.1112317744032,5.525989409602683e+33
712.0123605345789,5.521764040274649e+33
711.9135167459857,5.502214427629076e+33
711.8147003971926,5.567857473790528e+33
711.7159114767749,5.617811592400694e+33
711.6171499733143,5.520756522604504e+33
711.518415875399,5.544250696245782e+33
711.419709171623,5.622113970648858e+33
711.321029850587,5.625368057015437e+33
711.2223779008982,5.58389722484022e+33
711.12375331117,5.539483312351848e+33
711.0251560700218,5.567011157223137e+33
710.9265861660796,5.538134871237537e+33
710.8280435879757,5.517260063072032e+33
710.7295283243485,5.563551797476185e+33
710.6310403638431,5.501716881083944e+33
710.5325796951105,5.458708380702408e+33
710.4341463068082,5.516784936708998e+33
710.3357401875996,5.485838945645334e+33
710.2373613261552,5.505756365986369e+33
710.1390097111511,5.474269854286338e+33
710.0406853312696,5.506296893064383e+33
709.9423881751997,5.47120558042723e+33
709.8441182316365,5.482058140523112e+33
709.7458754892812,5.435591793575654e+33
709.6476599368414,5.447410435973552e+33
709.549471563031,5.407845044786733e+33
709.4513103565703,5.441423956106515e+33
709.3531763061852,5.398058894685892e+33
709.2550694006086,5.401621931475486e+33
709.156989628579,5.336131782095261e+33
709.0589369788416,5.408392518766113e+33
708.9609114401478,5.312560527550779e+33
708.8629130012548,5.32033953304922e+33
708.7649416509262,5.336184986163156e+33
708.6669973779321,5.269858815183789e+33
708.5690801710485,5.300058014762688e+33
708.4711900190579,5.287471110458379e+33
708.3733269107486,5.240281213255459e+33
708.2754908349152,5.266375621584634e+33
708.1776817803586,5.251732223085619e+33
708.0798997358862,5.192459747932138e+33
707.982144690311,5.1829857161510585e+33
707.8844166324523,5.205440637968474e+33
707.7867155511359,5.199108067346799e+33
707.6890414351934,5.150978563121581e+33
707.5913942734628,5.144599127144773e+33
707.4937740547883,5.0984368012567056e+33
707.3961807680201,5.090091191218878e+33
707.2986144020144,5.1066530848161815e+33
707.2010749456339,5.1325703285881307e+33
707.1035623877473,5.0845404050497154e+33
707.0060767172295,5.085838609854854e+33
706.9086179229611,5.0605066856710826e+33
706.8111859938296,5.0874879813761946e+33
706.7137809187279,5.1100147164588825e+33
706.6164026865556,5.1038463523688297e+33
706.519051286218,5.1270451758646374e+33
706.4217267066267,5.117292632880474e+33
706.3244289366993,5.059640687578212e+33
706.2271579653597,5.094481717712521e+33
706.1299137815377,5.1633672691277434e+33
706.0326963741691,5.190062053567764e+33
705.9355057321964,5.1855024424041e+33
705.8383418445674,5.1326201901476587e+33
705.7412047002364,5.1284096143423874e+33
705.644094288164,5.207839361544661e+33
705.5470105973161,5.17763012922931e+33
705.4499536166657,5.197110589440453e+33
705.3529233351908,5.1583838032377553e+33
705.2559197418764,5.260903935461105e+33
705.158942825713,5.263789924186029e+33
705.0619925756972,5.1810877414807364e+33
704.965068980832,5.150720674012141e+33
704.8681720301261,5.216286934250845e+33
704.7713017125943,5.203071731357548e+33
704.6744580172575,5.1674808716119317e+33
704.5776409331427,5.0361343217839173e+33
704.4808504492827,5.119948733178758e+33
704.3840865547166,5.127729091638117e+33
704.2873492384894,5.1161467418075504e+33
704.190638489652,5.1573872825842335e+33
704.0939542972615,5.149564999261456e+33
703.9972966503809,5.138560267634138e+33
703.9006655380792,5.1827577150534113e+33
703.8040609494317,5.155216664608221e+33
703.7074828735192,5.213740442036325e+33
703.6109312994287,5.1327902869991674e+33
703.5144062162533,5.1547147805931836e+33
703.417907613092,5.1625155341428404e+33
703.3214354790498,5.037143001432665e+33
703.2249898032377,5.0982540880643863e+33
703.1285705747724,5.0278941845656895e+33
703.0321777827772,5.069132858254811e+33
702.9358114163805,5.0388915164260494e+33
702.8394714647175,5.04032495088174e+33
702.7431579169287,5.0000547510678975e+33
702.646870762161,4.998503730380145e+33
702.5506099895672,4.997546911121057e+33
702.4543755883055,5.001719279743292e+33
702.3581675475409,4.9966790044080175e+33
702.2619858564436,5.0069473575191806e+33
702.1658305041902,4.9891267778747236e+33
702.069701479963,5.012697082337832e+33
701.9735987729503,5.0208131477972327e+33
701.8775223723461,4.9950538932382113e+33
701.7814722673508,4.989474632485503e+33
701.6854484471701,5.0339663834302265e+33
701.5894509010163,4.9632756683975607e+33
701.4934796181069,5.0525053572873717e+33
701.397534587666,4.991425364325449e+33
701.3016157989227,5.071973387214739e+33
701.2057232411131,5.006916188286045e+33
701.1098569034782,5.0429346903825335e+33
701.0140167752654,4.9699896816367057e+33
700.9182028457278,5.033957972888597e+33
700.8224151041247,4.940429831965932e+33
700.7266535397207,4.9976985555890016e+33
700.6309181417867,4.936084874396423e+33
700.5352088995993,4.93748265799206e+33
700.439525802441,4.8959324773176765e+33
700.3438688396002,4.918546914058967e+33
700.2482380003711,4.767907670918557e+33
700.1526332740538,4.684312306938719e+33
700.057054649954,4.483020262225258e+33
699.9615021173836,4.413378414769387e+33
699.86597566566,4.3506130167247517e+33
699.7704752841069,4.320001943003385e+33
699.6750009620532,4.325986934862288e+33
699.579552688834,4.317696138530947e+33
699.4841304537904,4.314316143070019e+33
699.3887342462689,4.287561310062854e+33
699.2933640556219,4.3136908159088106e+33
699.1980198712077,4.245486834052498e+33
699.1027016823907,4.295575489724606e+33
699.0074094785406,4.292782215036609e+33
698.912143249033,4.323194781549579e+33
698.8169029832494,4.28439449927164e+33
698.7216886705772,4.263096382675612e+33
698.6265003004095,4.3494689494379165e+33
698.5313378621449,4.297733906685047e+33
698.4362013451881,4.329094948622162e+33
698.3410907389497,4.2943605475438465e+33
698.2460060328455,4.363157157225375e+33
698.1509472162976,4.3138592314377706e+33
698.0559142787338,4.3695353151837597e+33
697.9609072095872,4.299136885933615e+33
697.8659259982973,4.247080950684054e+33
697.7709706343087,4.283623022704638e+33
697.6760411070724,4.3289731703755086e+33
697.5811374060446,4.3508165626197936e+33
697.4862595206876,4.242952194830456e+33
697.391407440469,4.2337066788932716e+33
697.2965811548627,4.2220564442830234e+33
697.2017806533478,4.2071184861757323e+33
697.1070059254097,4.31579055505796e+33
697.0122569605387,4.191779813659577e+33
696.9175337482316,4.239760780964804e+33
696.8228362779906,4.217933558772699e+33
696.7281645393234,4.189862901709084e+33
696.6335185217437,4.190122274034219e+33
696.5388982147708,4.1246020428120294e+33
696.4443036079298,4.14845464436552e+33
696.3497346907511,4.1953334018654463e+33
696.2551914527713,4.11667221593846e+33
696.1606738835324,4.146915222095156e+33
696.066181972582,4.1736078464178726e+33
695.9717157094735,4.152616987265676e+33
695.8772750837663,4.0388421835049026e+33
695.7828600850247,4.146073714766115e+33
695.6884707028192,4.121078548089261e+33
695.5941069267261,4.0392197284569e+33
695.4997687463269,4.103808629477282e+33
695.405456151209,4.0438740463871916e+33
695.3111691309654,3.9875800356636625e+33
695.2169076751946,4.008846442926546e+33
695.1226717735012,4.049209874264225e+33
695.0284614154949,3.9817508797890894e+33
694.9342765907915,4.03243007541775e+33
694.8401172890118,4.005610969718389e+33
694.7459834997829,3.921506953607605e+33
694.6518752127372,4.005157479507266e+33
694.5577924175127,3.9417635880195755e+33
694.4637351037529,3.959745269401188e+33
694.3697032611072,3.9618709492896275e+33
694.2756968792307,3.9123648316923383e+33
694.1817159477838,3.885269618403088e+33
694.0877604564321,3.9750248292828236e+33
693.9938303948478,3.9161950754169363e+33
693.899925752708,3.8635149368939653e+33
693.8060465196954,3.86600125546186e+33
693.7121926854987,3.938061260695608e+33
693.6183642398116,3.878574865549713e+33
693.524561172334,3.8202650039307395e+33
693.4307834727707,3.9091193425572295e+33
693.3370311308328,3.895238704234774e+33
693.2433041362361,3.870038098220106e+33
693.1496024787031,3.8438812833259396e+33
693.0559261479605,3.90153429491342e+33
692.9622751337417,3.856302049145245e+33
692.8686494257852,3.8226027738338945e+33
692.7750490138347,3.8305974112320203e+33
692.6814738876402,3.8557447319037786e+33
692.5879240369565,3.7821559544812283e+33
692.4943994515445,3.7997537484237236e+33
692.4009001211701,3.7920089663431653e+33
692.3074260356053,3.818551909564906e+33
692.2139771846273,3.7786603832264406e+33
692.1205535580187,3.7432447382234543e+33
692.0271551455679,3.734430014244581e+33
691.9337819370686,3.782697813873705e+33
691.8404339223201,3.8082283093954894e+33
691.7471110911274,3.711280322810399e+33
691.6538134333003,3.77125655590243e+33
691.5605409386552,3.726315910080279e+33
691.4672935970129,3.8056886715828304e+33
691.3740713982003,3.746990721081514e+33
691.2808743320498,3.7827170305371236e+33
691.1877023883992,3.7016371681865725e+33
691.0945555570913,3.663677512171331e+33
691.0014338279752,3.775071559665268e+33
690.908337190905,3.717445912629409e+33
690.81526563574,3.743311967040128e+33
690.7222191523458,3.686250080516603e+33
690.6291977305924,3.720331668156868e+33
690.5362013603564,3.754591759487535e+33
690.4432300315187,3.6982020082450196e+33
690.3502837339666,3.677297254196356e+33
690.2573624575923,3.659820737674091e+33
690.1644661922937,3.63831832805456e+33
690.0715949279737,3.66841995897019e+33
689.9787486545414,3.717296138078622e+33
689.8859273619107,3.671149050517869e+33
689.7931310400012,3.6290753574244486e+33
689.7003596787376,3.6451365951240936e+33
689.6076132680505,3.6346648738906796e+33
689.5148917978756,3.64286688719981e+33
689.4221952581541,3.619358439552785e+33
689.3295236388327,3.6892907325863217e+33
689.2368769298632,3.680431243088387e+33
689.1442551212033,3.666385317088243e+33
689.0516582028155,3.596469305014522e+33
688.9590861646682,3.609267178053403e+33
688.8665389967348,3.600301769393072e+33
688.7740166889945,3.5816604500748724e+33
688.6815192314315,3.5268380321903556e+33
688.5890466140355,3.495589763024807e+33
688.4965988268019,3.572167403140604e+33
688.4041758597308,3.5744125984054326e+33
688.3117777028283,3.522148165540983e+33
688.2194043461055,3.536301560876948e+33
688.1270557795792,3.5037331194640487e+33
688.0347319932711,3.4557380545723465e+33
687.9424329772086,3.4908091175271326e+33
687.8501587214241,3.4773198049840793e+33
687.757909215956,3.433181748388877e+33
687.6656844508474,3.446545826941847e+33
687.573484416147,3.416208147832811e+33
687.4813091019088,3.4020720131111755e+33
687.3891584981923,3.527417819471778e+33
687.2970325950618,3.5273469006688507e+33
687.2049313825877,3.497422854780926e+33
687.1128548508451,3.470255533490202e+33
687.0208029899146,3.473279347893746e+33
686.9287757898823,3.4478212146242915e+33
686.8367732408394,3.447790716447149e+33
686.7447953328824,3.4014093872099484e+33
686.6528420561133,3.3906755178501047e+33
686.5609134006392,3.395859051644843e+33
686.4690093565727,3.3793980239247077e+33
686.3771299140313,3.3806155128906945e+33
686.2852750631383,3.3813040609893373e+33
686.1934447940218,3.369987405223507e+33
686.1016390968158,3.3502364647836626e+33
686.009857961659,3.3484093686831286e+33
685.9181013786954,3.331797974029763e+33
685.8263693380746,3.324347895215714e+33
685.7346618299515,3.2874790829059047e+33
685.6429788444858,3.28372926200455e+33
685.5513203718431,3.32557138954498e+33
685.4596864021935,3.304799143591371e+33
685.368076925713,3.321531557107151e+33
685.2764919325825,3.3232652137395794e+33
685.1849314129884,3.322627890292674e+33
685.0933953571222,3.3338457592468556e+33
685.0018837551803,3.3434082143807843e+33
684.9103965973652,3.374726918810502e+33
684.8189338738838,3.3303842307035754e+33
684.7274955749486,3.333207119960918e+33
684.6360816907774,3.3789639817678065e+33
684.5446922115927,3.3518110472581275e+33
684.4533271276232,3.3920196063035425e+33
684.3619864291018,3.391613579744129e+33
684.2706701062673,3.324652090491999e+33
684.1793781493632,3.315789359482877e+33
684.0881105486386,3.341003769573289e+33
683.9968672943479,3.3428206218179287e+33
683.9056483767499,3.3294553421519746e+33
683.8144537861097,3.3291517637443385e+33
683.7232835126969,3.369722082804111e+33
683.6321375467861,3.365942155999146e+33
683.5410158786578,3.3749097073706144e+33
683.4499184985972,3.377630496552544e+33
683.3588453968948,3.346698718680973e+33
683.2677965638463,3.278125100510367e+33
683.1767719897524,3.3442667890327117e+33
683.0857716649192,3.3204284398775015e+33
682.9947955796578,3.316802945682343e+33
682.9038437242843,3.28942629604605e+33
682.8129160891208,3.3140121163128933e+33
682.7220126644934,3.391139308602683e+33
682.631133440734,3.3727711192191864e+33
682.5402784081797,3.329530241857564e+33
682.4494475571722,3.3022146118966675e+33
682.3586408780591,3.3477522828765863e+33
682.2678583611927,3.334875777048885e+33
682.1770999969302,3.340313693599121e+33
682.0863657756346,3.3682986835502724e+33
681.9956556876732,3.3258729081297466e+33
681.9049697234193,3.284304264146601e+33
681.8143078732508,3.299835472108466e+33
681.7236701275505,3.2992900038247255e+33
681.6330564767069,3.328048679140559e+33
681.5424669111133,3.3181204667571484e+33
681.4519014211679,3.303446564613975e+33
681.3613599972746,3.3428815528197067e+33
681.2708426298417,3.30477214892189e+33
681.1803493092831,3.312741580230049e+33
681.0898800260177,3.3533796535952896e+33
680.9994347704692,3.304104880732791e+33
680.9090135330666,3.285089897439233e+33
680.8186163042443,3.3245531190602104e+33
680.7282430744411,3.3370719772628617e+33
680.6378938341013,3.269376838077267e+33
680.5475685736743,3.3024970359519816e+33
680.4572672836146,3.3533662587997814e+33
680.3669899543814,3.363746235106441e+33
680.2767365764394,3.2914785293992257e+33
680.1865071402578,3.307624913144754e+33
680.0963016363116,3.35068346864978e+33
680.0061200550805,3.345545475178337e+33
679.915962387049,3.3287607357038717e+33
679.8258286227068,3.3479923616756476e+33
679.735718752549,3.347744351047125e+33
679.6456327670752,3.406628107764979e+33
679.5555706567906,3.3419355182113436e+33
679.4655324122047,3.3775495198563475e+33
679.3755180238326,3.406016274404881e+33
679.2855274821942,3.336639103927997e+33
679.1955607778148,3.42406352721454e+33
679.105617901224,3.430437216808661e+33
679.0156988429574,3.364359546530549e+33
678.9258035935543,3.4082906990400135e+33
678.8359321435603,3.4049822771195877e+33
678.7460844835251,3.375190491191494e+33
678.6562606040042,3.399333346971405e+33
678.5664604955571,3.423928253334754e+33
678.4766841487492,3.353916278438937e+33
678.3869315541506,3.380601587091976e+33
678.297202702336,3.4125771800359895e+33
678.2074975838858,3.3474414609468996e+33
678.1178161893847,3.409880666176265e+33
678.0281585094228,3.3842403035299946e+33
677.9385245345952,3.343209811241805e+33
677.8489142555015,3.357128975562692e+33
677.759327662747,3.337200978996971e+33
677.6697647469412,3.3754271252124393e+33
677.5802254986991,3.389889496296287e+33
677.4907099086404,3.346768359780511e+33
677.4012179673899,3.381162587614419e+33
677.3117496655774,3.323149461135459e+33
677.2223049938374,3.3601150635718426e+33
677.1328839428094,3.349072680574559e+33
677.0434865031381,3.3393900109452627e+33
676.954112665473,3.3935306299077616e+33
676.8647624204684,3.32856324633928e+33
676.7754357587837,3.3734344943163384e+33
676.6861326710831,3.3325067110539885e+33
676.596853148036,3.361595360050425e+33
676.5075971803163,3.3439936292464874e+33
676.4183647586033,3.3832553404926507e+33
676.3291558735806,3.3427051250375936e+33
676.2399705159373,3.3520728253698904e+33
676.1508086763672,3.339875291199312e+33
676.0616703455689,3.370560134951724e+33
675.9725555142461,3.306587054660993e+33
675.8834641731073,3.3454467417965384e+33
675.7943963128658,3.3074288443949224e+33
675.70535192424,3.3546842865555207e+33
675.6163309979529,3.345544770033842e+33
675.5273335247327,3.376707366698553e+33
675.4383594953125,3.344986656773888e+33
675.3494089004299,3.355774417325401e+33
675.2604817308277,3.3070150417124587e+33
675.1715779772536,3.321013921526185e+33
675.0826976304597,3.281266439518278e+33
674.9938406812038,3.239230013779821e+33
674.9050071202478,3.30778840549254e+33
674.816196938359,3.2182411986703467e+33
674.727410126309,3.253558922974089e+33
674.6386466748747,3.2005140516463485e+33
674.5499065748379,3.134806511728702e+33
674.4611898169849,3.169305555827128e+33
674.3724963921071,3.138034733572356e+33
674.2838262910008,3.173473920142169e+33
674.1951795044665,3.1113629856467006e+33
674.1065560233105,3.020860093011379e+33
674.0179558383436,3.0092705220223645e+33
673.9293789403808,2.96989448460825e+33
673.8408253202429,2.900721036485395e+33
673.7522949687548,2.942390145682358e+33
673.6637878767466,2.895116250178763e+33
673.5753040350528,2.8505541487049955e+33
673.4868434345135,2.876545532610208e+33
673.3984060659728,2.867809139261467e+33
673.3099919202801,2.8305529944491244e+33
673.2216009882893,2.84551573371564e+33
673.1332332608594,2.820991213519885e+33
673.0448887288537,2.814193502635066e+33
672.9565673831412,2.757074961015701e+33
672.8682692145946,2.7817422232375926e+33
672.7799942140921,2.795446893440566e+33
672.6917423725165,2.7892440199579865e+33
672.6035136807554,2.771946426207533e+33
672.5153081297012,2.779377993477559e+33
672.4271257102512,2.790706412800958e+33
672.3389664133069,2.783082617521568e+33
672.2508302297754,2.736334858580015e+33
672.1627171505678,2.7361688114155144e+33
672.0746271666005,2.786711444726165e+33
671.9865602687946,2.7914598084398364e+33
671.8985164480757,2.756277956670421e+33
671.8104956953742,2.7770661158022665e+33
671.7224980016256,2.7627070051319126e+33
671.6345233577697,2.728159059288841e+33
671.5465717547513,2.815238553372614e+33
671.4586431835197,2.814629730795159e+33
671.3707376350294,2.783620536237924e+33
671.2828551002393,2.774559274239027e+33
671.1949955701131,2.769687567991551e+33
671.107159035619,2.725021273114092e+33
671.0193454877304,2.739449619753246e+33
670.9315549174252,2.715164813755122e+33
670.8437873156856,2.7083779881782923e+33
670.7560426734995,2.7061818472403306e+33
670.6683209818585,2.718912747939812e+33
670.5806222317594,2.7556909052614715e+33
670.4929464142037,2.75319388162808e+33
670.4052935201977,2.7497313174451645e+33
670.317663540752,2.7286088145650537e+33
670.2300564668823,2.729765602326037e+33
670.1424722896088,2.724228794112612e+33
670.0549109999564,2.7132584279362167e+33
669.9673725889548,2.721749658542909e+33
669.8798570476386,2.6537863490567646e+33
669.7923643670462,2.647011431436928e+33
669.7048945382218,2.631549844626533e+33
669.6174475522134,2.6421187866785855e+33
669.5300234000742,2.6464130759935326e+33
669.4426220728622,2.643418833628297e+33
669.3552435616392,2.625054126317897e+33
669.2678878574727,2.63997605043282e+33
669.1805549514343,2.653658654893342e+33
669.0932448346002,2.6276304408367374e+33
669.0059574980515,2.577553809649242e+33
668.918692932874,2.5974051056521947e+33
668.8314511301579,2.598917014257076e+33
668.7442320809982,2.601102774283334e+33
668.6570357764948,2.614173241241239e+33
668.5698622077515,2.6196195207166266e+33
668.4827113658773,2.5957197114288164e+33
668.395583241986,2.5930146486932105e+33
668.3084778271955,2.6104423885771347e+33
668.2213951126287,2.5926180122307925e+33
668.1343350894131,2.5811589124117117e+33
668.0472977486806,2.572525403811662e+33
667.960283081568,2.5723729536515365e+33
667.8732910792165,2.550836985520267e+33
667.786321732772,2.5759097957785088e+33
667.699375033385,2.5914942546465116e+33
667.6124509722107,2.571724643044537e+33
667.5255495404086,2.6106273753639534e+33
667.4386707291434,2.6075250088276877e+33
667.3518145295837,2.5730561273945924e+33
667.2649809329032,2.605176123373223e+33
667.17816993028,2.5820946049931755e+33
667.0913815128965,2.621468865928437e+33
667.0046156719404,2.617414840106165e+33
666.9178723986035,2.5999425328145454e+33
666.8311516840821,2.601864958786216e+33
666.7444535195773,2.583641314567524e+33
666.6577778962948,2.6283549477676286e+33
666.5711248054446,2.6034591939809707e+33
666.4844942382416,2.610731556194225e+33
666.3978861859051,2.628989698567771e+33
666.3113006396588,2.593279834784031e+33
666.2247375907315,2.611169105548713e+33
666.138197030356,2.627883943526844e+33
666.0516789497698,2.656840451990567e+33
665.9651833402149,2.6136102805802146e+33
665.8787101929383,2.604765794938847e+33
665.7922594991911,2.6204129264958204e+33
665.7058312502289,2.628883005450264e+33
665.619425437312,2.6193929700496636e+33
665.5330420517053,2.634184988500528e+33
665.4466810846782,2.664775918398642e+33
665.3603425275044,2.6348603351996875e+33
665.2740263714625,2.6191288040789397e+33
665.1877326078352,2.638447802777167e+33
665.1014612279104,2.631481037449916e+33
665.0152122229797,2.629747982780842e+33
664.9289855843396,2.601262666643543e+33
664.8427813032913,2.630597727727912e+33
664.7565993711403,2.656633648373299e+33
664.6704397791965,2.6425197022363095e+33
664.5843025187745,2.638366461129973e+33
664.4981875811933,2.616048409740063e+33
664.4120949577766,2.6107788248489914e+33
664.3260246398523,2.5843919925042048e+33
664.2399766187528,2.5882516459996253e+33
664.1539508858153,2.599373224482435e+33
664.0679474323813,2.607422580429822e+33
663.9819662497966,2.605726253431572e+33
663.8960073294119,2.624988331113688e+33
663.810070662582,2.586383811811944e+33
663.7241562406664,2.5748568002212855e+33
663.6382640550289,2.5813721288761884e+33
663.552394097038,2.576312129778065e+33
663.4665463580662,2.5767778868537757e+33
663.3807208294912,2.6257493066119696e+33
663.2949175026947,2.6038541390868345e+33
663.2091363690625,2.626297798292948e+33
663.123377419986,2.602841032530005e+33
663.0376406468595,2.6393957178188435e+33
662.9519260410831,2.621865701004413e+33
662.8662335940608,2.636427225288341e+33
662.7805632972008,2.6503946970312116e+33
662.6949151419162,2.628414178154168e+33
662.6092891196242,2.623756075315932e+33
662.5236852217466,2.6541528171599584e+33
662.4381034397098,2.632296809697591e+33
662.3525437649444,2.648528613980892e+33
662.2670061888851,2.64458197223221e+33
662.1814907029718,2.6516181223320775e+33
662.0959972986484,2.655539221125792e+33
662.0105259673629,2.665448875239308e+33
661.9250767005682,2.657045649889584e+33
661.8396494897216,2.628944394251416e+33
661.7542443262846,2.647027174462477e+33
661.6688612017231,2.67791976110997e+33
661.5835001075073,2.6382868210087615e+33
661.4981610351124,2.642032648645522e+33
661.4128439760173,2.6338377531539046e+33
661.3275489217054,2.6480175058134045e+33
661.2422758636651,2.654707005944025e+33
661.1570247933885,2.622944941410851e+33
661.0717957023724,2.627602285430574e+33
660.9865885821176,2.6262422716096316e+33
660.9014034241301,2.641957221778731e+33
660.8162402199196,2.622430284465455e+33
660.7310989610004,2.6099754837558986e+33
660.6459796388909,2.6336055167054406e+33
660.5608822451144,2.601467246491916e+33
660.475806771198,2.6081846044130087e+33
660.3907532086737,2.601907954779558e+33
660.3057215490772,2.573296210282405e+33
660.2207117839494,2.5490825940398593e+33
660.1357239048348,2.5109744372065607e+33
660.0507579032828,2.458637216561877e+33
659.9658137708466,2.426765386928979e+33
659.8808914990844,2.3598967131035617e+33
659.7959910795582,2.285888020263798e+33
659.7111125038347,2.1761947352372922e+33
659.6262557634844,2.1016333181515032e+33
659.541420850083,2.019475722099701e+33
659.4566077552097,1.9178449738659805e+33
659.3718164704487,1.8109771173681175e+33
659.2870469873878,1.733120488781762e+33
659.20229929762,1.632324173571477e+33
659.1175733927419,1.5571180555469422e+33
659.0328692643545,1.436441427663399e+33
658.9481869040637,1.3726478129780148e+33
658.8635263034791,1.2752989664001922e+33
658.7788874542149,1.1626381973979432e+33
658.6942703478893,1.1292381279808121e+33
658.6096749761255,1.1342342120661793e+33
658.52510133055,1.1276894756842416e+33
658.4405494027944,1.1245564111258893e+33
658.3560191844944,1.1237128596565865e+33
658.2715106672898,1.1134122554187893e+33
658.1870238428249,1.1065796356800315e+33
658.1025587027482,1.1244090671997881e+33
658.0181152387125,1.101346449549393e+33
657.9336934423749,1.09894575424261e+33
657.8492933053966,1.0926986641643376e+33
657.7649148194436,1.0864126989562958e+33
657.6805579761854,1.088947708050025e+33
657.5962227672965,1.0776325257797319e+33
657.511909184455,1.0703748836238546e+33
657.4276172193441,1.059072375183386e+33
657.3433468636506,1.055187811991951e+33
657.2590981090656,1.0499996204103952e+33
657.1748709472847,1.0438772357465456e+33
657.0906653700079,1.0343946396690612e+33
657.0064813689387,1.036755675387022e+33
656.9223189357858,1.030857513514901e+33
656.8381780622617,1.0193961469367923e+33
656.754058740083,9.942771745264073e+32
656.6699609609708,9.858939319179464e+32
656.5858847166504,9.873707605636169e+32
656.5018299988512,9.775415193666223e+32
656.4177967993069,9.510477642012565e+32
656.3337851097555,9.529777056103862e+32
656.2497949219392,9.389993060618905e+32
656.1658262276043,9.141303441239364e+32
656.0818790185016,8.986957497938195e+32
655.9979532863858,8.756440964162816e+32
655.914049023016,8.604393855971529e+32
655.8301662201557,8.279573035731046e+32
655.746304869572,8.124142871737174e+32
655.6624649630371,7.667886360274296e+32
655.5786464923265,7.455290642812379e+32
655.4948494492205,7.300744095658754e+32
655.4110738255034,7.279007530141959e+32
655.3273196129637,7.230551685615767e+32
655.2435868033942,7.160374466237661e+32
655.1598753885917,7.086074812827227e+32
655.0761853603575,7.011349937189752e+32
654.9925167104966,6.914886198327983e+32
654.9088694308188,6.834057748952626e+32
654.8252435131375,6.732051376123583e+32
654.7416389492706,6.748115216217922e+32
654.6580557310403,6.494457179474925e+32
654.5744938502726,6.38067883250191e+32
654.4909532987981,6.354238485406352e+32
654.4074340684512,6.121714138438396e+32
654.3239361510704,6.08053371496637e+32
654.2404595384988,5.933627687242562e+32
654.1570042225834,5.754139794416465e+32
654.0735701951755,5.637459782949825e+32
653.9901574481304,5.5901388369445606e+32
653.9067659733075,5.501674683874837e+32
653.8233957625706,5.3043228567458654e+32
653.7400468077874,5.293860005806522e+32
653.6567191008298,5.317786827213488e+32
653.5734126335741,5.3062745577380335e+32
653.4901273979003,5.2639296175847284e+32
653.406863385693,5.216214001157106e+32
653.3236205888406,5.246032926258745e+32
653.2403989992357,5.184314317830086e+32
653.1571986087752,5.070759946050096e+32
653.07401940936,4.9981287538064784e+32
652.9908613928949,4.994691303194455e+32
652.9077245512891,4.891176094921339e+32
652.8246088764563,4.835084379355722e+32
652.7415143603133,4.71253345261649e+32
652.6584409947819,4.678351079820171e+32
652.5753887717879,4.546994299440183e+32
652.4923576832606,4.507627499139506e+32
652.4093477211342,4.391192777613392e+32
652.3263588773464,4.215225194311542e+32
652.2433911438393,4.109851149575217e+32
652.160444512559,3.988797869819826e+32
652.0775189754557,3.838999770214693e+32
651.994614524484,3.6524777834570284e+32
651.9117311516021,3.523098856050127e+32
651.8288688487725,3.326084777850517e+32
651.7460276079618,2.7227432746056616e+32
651.6632074211406,2.5096375498321952e+32
651.5804082802838,2.4995459037318143e+32
651.4976301773703,2.494083182670654e+32
651.4148731043828,2.50582470851026e+32
651.3321370533083,2.4977941474039375e+32
651.2494220161379,2.507012457166643e+32
651.1667279848668,2.4823400127243307e+32
651.0840549514943,2.4784421910024933e+32
651.0014029080234,2.48747926106097e+32
650.9187718464613,2.482562494244583e+32
650.8361617588197,2.4781134806005248e+32
650.7535726371137,2.4726311980675357e+32
650.6710044733632,2.4309162244666964e+32
650.5884572595913,2.3730489280239043e+32
650.5059309878258,2.341850193570587e+32
650.4234256500982,2.284240991937061e+32
650.3409412384443,2.2340052767111256e+32
650.2584777449036,2.1776607478951865e+32
650.1760351615201,2.1068135269850125e+32
650.0936134803412,2.0605764219448416e+32
650.011212693419,2.004403090726108e+32
649.9288327928092,1.9491182139823355e+32
649.8464737705717,1.8668736609969956e+32
649.7641356187704,1.7769815436811056e+32
649.6818183294732,1.743366600219159e+32
649.5995218947519,1.7560238897124805e+32
649.5172463066825,1.7543994178942203e+32
649.4349915573451,1.7593233121903376e+32
649.3527576388235,1.7563505143580146e+32
649.2705445432057,1.7494844478931638e+32
649.1883522625836,1.7476190436685018e+32
649.1061807890535,1.7525968171696052e+32
649.0240301147151,1.7614807005174805e+32
648.9419002316722,1.7674659570659996e+32
648.8597911320333,1.7653390110425016e+32
648.7777028079099,1.758873365774635e+32
648.6956352514183,1.7340271298164615e+32
648.6135884546782,1.7174358082427505e+32
648.5315624098137,1.7120129417123602e+32
648.4495571089525,1.694342204335636e+32
648.3675725442268,1.676847645522181e+32
648.2856087077723,1.6763968262148806e+32
648.2036655917288,1.664855007733084e+32
648.1217431882404,1.6523800299099052e+32
648.0398414894547,1.646543716040448e+32
647.9579604875236,1.622698020832399e+32
647.8761001746026,1.6222973420755536e+32
647.7942605428516,1.6122600816351361e+32
647.7124415844341,1.6088363526297594e+32
647.630643291518,1.5945652250374398e+32
647.5488656562746,1.5861039027036177e+32
647.4671086708796,1.5730238127460423e+32
647.3853723275123,1.563576454220547e+32
647.3036566183563,1.5568360664464114e+32
647.2219615355989,1.5649019832940761e+32
647.1402870714313,1.5444888683437452e+32
647.0586332180491,1.546063786875916e+32
646.9769999676512,1.5427248541271642e+32
646.8953873124408,1.5468954982169069e+32
646.8137952446249,1.540415416774967e+32
646.7322237564148,1.5481545274579887e+32
646.6506728400251,1.5574582654924292e+32
646.5691424876748,1.5576747325497352e+32
646.4876326915867,1.5550328564624214e+32
646.4061434439873,1.5629604508218789e+32
646.3246747371074,1.5686665653997745e+32
646.2432265631816,1.5699892549395785e+32
646.1617989144482,1.5733979627703352e+32
646.0803917831496,1.5760609997796545e+32
645.9990051615321,1.578794901959287e+32
645.9176390418457,1.5926467996604176e+32
645.8362934163448,1.595270852571609e+32
645.7549682772872,1.6027183581470014e+32
645.6736636169347,1.6039130172846288e+32
645.5923794275533,1.6040259144590854e+32
645.5111157014123,1.6216018983021678e+32
645.4298724307857,1.621360159255039e+32
645.3486496079507,1.6234487004163852e+32
645.2674472251887,1.618296959635685e+32
645.1862652747848,1.624980748047735e+32
645.1051037490283,1.6379745665721127e+32
645.0239626402122,1.641320316561876e+32
644.942841940633,1.640275540025039e+32
644.8617416425918,1.6509359037103743e+32
644.7806617383932,1.6455827479483045e+32
644.6996022203455,1.6591597550091325e+32
644.6185630807611,1.6685592404427225e+32
644.5375443119561,1.677939327636394e+32
644.4565459062509,1.6783761028406864e+32
644.3755678559693,1.684015730730481e+32
644.2946101534387,1.68037596619388e+32
644.2136727909913,1.698773536954227e+32
644.1327557609624,1.6900513464981308e+32
644.0518590556911,1.6575454656769552e+32
643.9709826675211,1.6444213293050035e+32
643.8901265887989,1.6219202942523573e+32
643.8092908118757,1.6065696629425335e+32
643.7284753291062,1.5877119901828071e+32
643.6476801328489,1.5661380427701295e+32
643.5669052154662,1.5423245209402263e+32
643.4861505693244,1.5177612989000338e+32
643.4054161867934,1.5014171763506414e+32
643.3247020602473,1.4791858488113373e+32
643.2440081820638,1.4704748736751008e+32
643.1633345446244,1.4588988651635042e+32
643.0826811403142,1.4584957258800337e+32
643.0020479615227,1.450187008055473e+32
642.9214350006429,1.4456559947068155e+32
642.8408422500715,1.4405254992198527e+32
642.7602697022093,1.4465439272797672e+32
642.6797173494604,1.4572678171505983e+32
642.5991851842332,1.4606826342265918e+32
642.51867319894,1.469085342911172e+32
642.4381813859961,1.4727694757229783e+32
642.3577097378217,1.475335932840842e+32
642.27725824684,1.4849840520525718e+32
642.1968269054784,1.4978460283307037e+32
642.1164157061676,1.4977136350064085e+32
642.0360246413427,1.506066000755714e+32
641.9556537034422,1.5079456004363081e+32
641.8753028849086,1.5150032323027707e+32
641.794972178188,1.5144462223096923e+32
641.7146615757304,1.5100965624790816e+32
641.6343710699895,1.51391369471239e+32
641.5541006534229,1.5118777474581431e+32
641.4738503184917,1.5193773390568896e+32
641.3936200576613,1.5363301884185534e+32
641.3134098634002,1.5350661845872315e+32
641.2332197281812,1.5426906228996224e+32
641.1530496444807,1.5453844547451529e+32
641.0728996047785,1.5580113565060768e+32
640.9927696015588,1.565132025803842e+32
640.9126596273094,1.5642639549476547e+32
640.8325696745211,1.5661407591206954e+32
640.7524997356896,1.5782401867466822e+32
640.6724498033136,1.579680899315226e+32
640.5924198698957,1.5859239227726053e+32
640.5124099279424,1.5931877599115405e+32
640.4324199699637,1.5843970946807913e+32
640.3524499884737,1.5573659111135632e+32
640.2724999759898,1.5131101273158346e+32
640.1925699250334,1.4939821239304249e+32
640.1126598281297,1.4651282906713874e+32
640.0327696778076,1.4465690399779874e+32
639.9528994665993,1.4360972776788432e+32
639.8730491870413,1.4152703127370148e+32
639.7932188316737,1.4001369403141186e+32
639.71340839304,1.3758223105590551e+32
639.6336178636876,1.37010895831406e+32
639.553847236168,1.3602433725637019e+32
639.4740965030359,1.3430649903662051e+32
639.3943656568498,1.3296408146403097e+32
639.3146546901721,1.3125046187751447e+32
639.2349635955688,1.3014976436772488e+32
639.1552923656096,1.2783935158618093e+32
639.075640992868,1.2652937655029137e+32
638.9960094699209,1.258328714257726e+32
638.9163977893493,1.2336044141614621e+32
638.8368059437377,1.2248559252588632e+32
638.7572339256742,1.2145840066100743e+32
638.6776817277508,1.1953787505023154e+32
638.5981493425631,1.1832055822753606e+32
638.5186367627106,1.1839857352945723e+32
638.4391439807957,1.1693081939779452e+32
638.3596709894256,1.1639950941403457e+32
638.2802177812104,1.1490703917706485e+32
638.2007843487639,1.1515933769529778e+32
638.1213706847042,1.1433126758907342e+32
638.0419767816525,1.1296908032741843e+32
637.9626026322336,1.1273826452304026e+32
637.8832482290766,1.117958810909145e+32
637.8039135648137,1.1267495729877304e+32
637.7245986320806,1.1190007860037128e+32
637.6453034235177,1.1036110175317311e+32
637.5660279317677,1.1067353125296041e+32
637.4867721494779,1.1010796889805227e+32
637.407536069299,1.0941673493511802e+32
637.3283196838851,1.0872111688910166e+32
637.2491229858945,1.0846810443337377e+32
637.1699459679885,1.0792773901438341e+32
637.0907886228327,1.0741932817619555e+32
637.0116509430958,1.0744219463899175e+32
636.9325329214503,1.0756359533046713e+32
636.8534345505726,1.0778259758061435e+32
636.7743558231423,1.0738185166476958e+32
636.6952967318431,1.0726107041713988e+32
636.6162572693619,1.0673387134527508e+32
636.5372374283896,1.0735646424459782e+32
636.4582372016205,1.0482518798094365e+32
636.3792565817525,1.0637272154185332e+32
636.3002955614872,1.0468780267339959e+32
636.2213541335302,1.0522522709351099e+32
636.1424322905899,1.0284054434145295e+32
636.063530025379,1.0431135252942336e+32
635.9846473306135,1.0325390333652285e+32
635.905784199013,1.045547282554723e+32
635.8269406233012,1.026909946364543e+32
635.7481165962047,1.0339584212836002e+32
635.669312110454,1.032144589536639e+32
635.5905271587833,1.0262090016693018e+32
635.5117617339304,1.0320245720505794e+32
635.4330158286365,1.0243055798529744e+32
635.3542894356466,1.0337762816641992e+32
635.2755825477093,1.0247194024298914e+32
635.1968951575765,1.0380285465690107e+32
635.1182272580041,1.0291292141326669e+32
635.0395788417513,1.0217825350494716e+32
634.960949901581,1.0335763210018503e+32
634.8823404302598,1.0192489459717474e+32
634.8037504205575,1.027686036382096e+32
634.7251798652478,1.0227092849450328e+32
634.646628757108,1.0127662753791409e+32
634.5680970889189,1.0304016161697799e+32
634.4895848534646,1.0216791123839203e+32
634.4110920435334,1.024830449535623e+32
634.3326186519163,1.0342140196406186e+32
634.2541646714088,1.0293178922785687e+32
634.1757300948093,1.029189022527914e+32
634.0973149149199,1.029685704443008e+32
634.0189191245466,1.0341439504821404e+32
633.9405427164986,1.0312496441060813e+32
633.8621856835887,1.0425255174263494e+32
633.7838480186333,1.041410698988749e+32
633.7055297144524,1.0337511493749345e+32
633.6272307638694,1.0384532290569704e+32
633.5489511597114,1.0341633729954896e+32
633.4706908948091,1.0251086503614665e+32
633.3924499619965,1.021503326647236e+32
633.3142283541114,1.020128427020931e+32
633.2360260639948,1.0135265104582294e+32
633.1578430844917,1.0159886164508527e+32
633.0796794084504,1.0040138009126876e+32
633.0015350287224,1.0057777302233733e+32
632.9234099381634,1.0107666182815514e+32
632.845304129632,1.0019243830921703e+32
632.7672175959908,1.002045886234762e+32
632.6891503301056,1.0023755175218858e+32
632.6111023248458,1.0058645616884351e+32
632.5330735730844,1.0008668665335976e+32
632.455064067698,1.0057239120490563e+32
632.3770738015664,9.972480347578537e+31
632.2991027675732,9.94818293862861e+31
632.2211509586053,9.99898730318705e+31
632.1432183675535,1.0024319894019774e+32
632.0653049873113,1.000259408648447e+32
631.9874108107766,1.0003532734496657e+32
631.9095358308505,9.98596176538244e+31
631.8316800404373,9.916787764816693e+31
631.753843432445,9.957492489815029e+31
631.6760259997853,9.970288467208838e+31
631.5982277353729,9.955561245768237e+31
631.5204486321268,9.974266884123891e+31
631.4426886829684,1.0037777453015676e+32
631.3649478808236,1.0057005700928524e+32
631.2872262186211,9.985758980343583e+31
631.2095236892934,1.0058306817639779e+32
631.1318402857764,1.0072977843251413e+32
631.0541760010096,1.0116394868154263e+32
630.9765308279359,1.011198045221599e+32
630.8989047595013,1.0197814798577882e+32
630.8212977886559,1.0200121523934547e+32
630.743709908353,1.0193459277276871e+32
630.6661411115491,1.0398268927338538e+32
630.5885913912045,1.0375494067551469e+32
630.511060740283,1.0345820294429706e+32
630.4335491517517,1.0389832671162298e+32
630.3560566185811,1.0412777343510338e+32
630.2785831337452,1.0491084499659268e+32
630.2011286902215,1.0468098837229516e+32
630.1236932809911,1.04810013716218e+32
630.0462768990382,1.0499429912595496e+32
629.9688795373509,1.0596885352429546e+32
629.8915011889202,1.0662319965030461e+32
629.814141846741,1.0602730545150074e+32
629.7368015038115,1.0706559126476725e+32
629.6594801531331,1.0714787875959979e+32
629.5821777877112,1.0667101884362794e+32
629.5048944005539,1.066601964246213e+32
629.4276299846734,1.0648849207070986e+32
629.3503845330849,1.0695085024738463e+32
629.2731580388073,1.0736905925376436e+32
629.1959504948626,1.071807564923909e+32
629.1187618942765,1.0762927274207822e+32
629.0415922300783,1.0840873958201548e+32
628.9644414953,1.0862181342938972e+32
628.8873096829778,1.09155665446479e+32
628.8101967861511,1.0873534642730579e+32
628.7331027978623,1.0929693699546651e+32
628.6560277111577,1.0967011388819768e+32
628.5789715190868,1.1008872981686693e+32
628.5019342147025,1.0984671250110042e+32
628.4249157910613,1.096522582083383e+32
628.3479162412228,1.1065168973459191e+32
628.2709355582501,1.1116090359395666e+32
628.1939737352101,1.1189801139852422e+32
628.1170307651721,1.1101313373047114e+32
628.0401066412101,1.1229786250996848e+32
627.9632013564005,1.1320323349706538e+32
627.8863149038235,1.133588448561067e+32
627.8094472765627,1.1342535822460133e+32
627.7325984677047,1.1453637425165122e+32
627.6557684703401,1.1503166581513676e+32
627.5789572775625,1.1400462340976251e+32
627.5021648824688,1.1523611226618666e+32
627.4253912781596,1.1587533466328387e+32
627.3486364577386,1.173133220869562e+32
627.2719004143131,1.178418932041537e+32
627.1951831409934,1.1861672606312888e+32
627.1184846308938,1.1873632596633794e+32
627.0418048771312,1.1855435206827702e+32
626.9651438728264,1.197851178694205e+32
626.8885016111035,1.1964909278699796e+32
626.8118780850897,1.2096819662275723e+32
626.7352732879159,1.2140052030727865e+32
626.6586872127162,1.2139622394485097e+32
626.5821198526279,1.2215977450703242e+32
626.5055712007919,1.2331020231881954e+32
626.4290412503524,1.2375537106840002e+32
626.3525299944569,1.2514991551929167e+32
626.276037426256,1.2453689195680194e+32
626.1995635389042,1.257580193041945e+32
626.123108325559,1.2505207888556278e+32
626.0466717793811,1.2617347703765468e+32
625.9702538935351,1.2730277252413432e+32
625.893854661188,1.2785601893517852e+32
625.8174740755112,1.2766202013940759e+32
625.7411121296786,1.2816245713132476e+32
625.664768816868,1.2872703884227156e+32
625.58844413026,1.2994192493344683e+32
625.5121380630392,1.302434984807879e+32
625.4358506083928,1.3027827489240305e+32
625.3595817595117,1.3079897360324229e+32
625.2833315095903,1.3161088105619913e+32
625.2070998518259,1.3218995247202943e+32
625.1308867794195,1.3189197339002468e+32
625.054692285575,1.3289635014155031e+32
624.9785163635,1.3395129809100267e+32
624.9023590064053,1.3404361285633096e+32
624.8262202075048,1.3397496873422527e+32
624.750099960016,1.346263195067824e+32
624.6739982571595,1.362237084283392e+32
624.5979150921595,1.3574481170753933e+32
624.5218504582429,1.3617239235458336e+32
624.4458043486405,1.3738032246368104e+32
624.3697767565864,1.3831652023341687e+32
624.2937676753173,1.3752544247438172e+32
624.2177770980741,1.3883018514536377e+32
624.1418050181002,1.393621237057946e+32
624.0658514286428,1.3924997719775311e+32
623.9899163229522,1.3953697887485481e+32
623.9139996942821,1.4127964318924259e+32
623.8381015358893,1.415640726737408e+32
623.7622218410341,1.4122026685193249e+32
623.68636060298,1.4201838025528098e+32
623.6105178149934,1.4189099079684301e+32
623.5346934703447,1.4256525314825217e+32
623.4588875623069,1.435081427063839e+32
623.3831000841567,1.4378136828781214e+32
623.307331029174,1.4321740951882154e+32
623.2315803906415,1.4454977666682519e+32
623.155848161846,1.451884195371931e+32
623.080134336077,1.4632693356802815e+32
623.0044389066271,1.4663286938235497e+32
622.9287618667929,1.4655176403193122e+32
622.8531032098736,1.4725017708650721e+32
622.7774629291715,1.4694887322401122e+32
622.701841017993,1.4783331491877028e+32
622.626237469647,1.4851670539615944e+32
622.5506522774459,1.4822617013441739e+32
622.4750854347054,1.499485447337046e+32
622.3995369347444,1.493119930198666e+32
622.3240067708853,1.5096715303691513e+32
622.2484949364529,1.5042577859125024e+32
622.1730014247762,1.5091200678768621e+32
622.097526229187,1.5222015134609963e+32
622.0220693430203,1.5240804336122182e+32
621.9466307596145,1.5305691629194417e+32
621.8712104723112,1.531117122919685e+32
621.795808474455,1.5260437954596949e+32
621.7204247593943,1.5196275653314748e+32
621.6450593204798,1.523243904438999e+32
621.5697121510664,1.5101383993371174e+32
621.4943832445114,1.5147000601359638e+32
621.419072594176,1.5033462630173332e+32
621.3437801934243,1.5009223387521127e+32
621.2685060356235,1.5006435218768364e+32
621.1932501141442,1.5104751464600837e+32
621.1180124223603,1.503178682910159e+32
621.0427929536486,1.4985155952252168e+32
620.9675917013891,1.490021882161239e+32
620.8924086589655,1.4855665458860426e+32
620.8172438197644,1.470788246853922e+32
620.7420971771753,1.4699629036323641e+32
620.6669687245915,1.4567225396033289e+32
620.591858455409,1.4568610235849998e+32
620.5167663630272,1.4551704370320797e+32
620.4416924408487,1.4385339015855165e+32
620.3666366822792,1.4415091810259025e+32
620.2915990807279,1.4303021895726081e+32
620.2165796296067,1.4375257545352033e+32
620.141578322331,1.4147538230786118e+32
620.0665951523193,1.4177925009989009e+32
619.9916301129934,1.4204886826097307e+32
619.9166831977783,1.409684473824809e+32
619.8417544001018,1.4091897645690263e+32
619.766843713395,1.4012382792498513e+32
619.6919511310927,1.3941751645351043e+32
619.6170766466324,1.3940935034811001e+32
619.5422202534547,1.39102836656377e+32
619.4673819450037,1.3929155090136286e+32
619.3925617147263,1.4027715976071842e+32
619.317759556073,1.3998678746508007e+32
619.242975462497,1.4107322809681856e+32
619.1682094274552,1.410246254719311e+32
619.0934614444069,1.42067539048545e+32
619.0187315068154,1.4155578588765658e+32
618.9440196081466,1.4165445027091167e+32
618.8693257418696,1.4227846195440015e+32
618.794649901457,1.4239553620390404e+32
618.7199920803841,1.4311719033998855e+32
618.6453522721298,1.4377533065003252e+32
618.5707304701757,1.4415888858986024e+32
618.4961266680068,1.4412810304735778e+32
618.4215408591112,1.4449457943113322e+32
618.3469730369802,1.4507950881678478e+32
618.2724231951083,1.4573217082266898e+32
618.1978913269927,1.4501416415174114e+32
618.1233774261343,1.4625219901950491e+32
618.0488814860366,1.468792075866975e+32
617.974403500207,1.4723036233499003e+32
617.8999434621552,1.4787104425192143e+32
617.8255013653944,1.4760656630042975e+32
617.7510772034408,1.4791649609215636e+32
617.6766709698142,1.4932799659050773e+32
617.6022826580368,1.5001609083620467e+32
617.5279122616342,1.5063268617019192e+32
617.4535597741354,1.514654226608827e+32
617.3792251890724,1.5158751418810231e+32
617.3049084999799,1.5194367628757677e+32
617.2306097003963,1.5172212558809633e+32
617.1563287838627,1.5386724305143681e+32
617.0820657439233,1.5450072456768324e+32
617.0078205741257,1.5523935594143205e+32
616.9335932680207,1.5606059189373615e+32
616.8593838191615,1.5662977749320462e+32
616.7851922211051,1.5719435831093836e+32
616.7110184674115,1.5688414538939011e+32
616.6368625516434,1.5666098279953994e+32
616.5627244673669,1.5747438042105441e+32
616.4886042081512,1.5667121936210217e+32
616.4145017675686,1.5689366790046734e+32
616.3404171391943,1.561840654160546e+32
616.2663503166069,1.570169939738749e+32
616.1923012933876,1.5692665687244077e+32
616.1182700631214,1.5751839725676833e+32
616.0442566193956,1.5814227094136461e+32
615.9702609558011,1.5847959576404624e+32
615.8962830659317,1.5956929980896965e+32
615.8223229433844,1.5989677123444158e+32
615.7483805817591,1.6031513828348813e+32
615.6744559746588,1.6118610161008235e+32
615.6005491156899,1.6066436774228348e+32
615.5266599984612,1.6104451255002117e+32
615.4527886165853,1.6326963502916848e+32
615.3789349636772,1.6296945455756758e+32
615.3050990333558,1.6356788465763022e+32
615.231280819242,1.639768699554686e+32
615.1574803149607,1.6424261245027375e+32
615.0836975141393,1.647504524760818e+32
615.0099324104085,1.6694461380033366e+32
614.9361849974018,1.6664928676554298e+32
614.8624552687564,1.6677569304825608e+32
614.7887432181118,1.675763350108781e+32
614.7150488391106,1.6759033542119437e+32
614.6413721253991,1.6927602917454814e+32
614.567713070626,1.6987444290176493e+32
614.4940716684436,1.6967011983400594e+32
614.4204479125066,1.7193991345320776e+32
614.346841796473,1.7151949676826135e+32
614.2732533140043,1.712670255566361e+32
614.1996824587642,1.726687772380972e+32
614.1261292244201,1.73463725201498e+32
614.0525936046423,1.7335352018669837e+32
613.9790755931037,1.747708713931285e+32
613.905575183481,1.752216751887587e+32
613.8320923694532,1.7604776753807893e+32
613.7586271447028,1.762622749629838e+32
613.685179502915,1.7683934473738906e+32
613.6117494377783,1.7745744279187483e+32
613.5383369429838,1.7760376204787643e+32
613.4649420122264,1.788414958719957e+32
613.391564639203,1.796609453103416e+32
613.3182048176145,1.799637665524632e+32
613.244862541164,1.8013916725820417e+32
613.1715378035583,1.8138125581957674e+32
613.0982305985066,1.81863069536584e+32
613.0249409197213,1.8164301582978856e+32
612.9516687609182,1.833041768634194e+32
612.8784141158156,1.8304144249351558e+32
612.8051769781351,1.837867719687057e+32
612.7319573416012,1.8526387748851668e+32
612.6587551999412,1.8463647104851065e+32
612.5855705468858,1.85182446411371e+32
612.5124033761683,1.867148669081015e+32
612.4392536815254,1.877384020258832e+32
612.3661214566966,1.8761742592618964e+32
612.293006695424,1.877204255863086e+32
612.2199093914534,1.8840000024787584e+32
612.1468295385331,1.900073331515847e+32
612.0737671304146,1.9008102503622858e+32
612.0007221608522,1.9080280782629226e+32
611.9276946236033,1.9234183692372383e+32
611.8546845124283,1.922408598424656e+32
611.7816918210905,1.935836744239984e+32
611.7087165433563,1.9286855649015677e+32
611.635758672995,1.9436454591498428e+32
611.5628182037789,1.950582563330912e+32
611.4898951294831,1.954234633052476e+32
611.4169894438857,1.962508076911529e+32
611.3441011407681,1.9599010401260058e+32
611.2712302139144,1.9738181995452084e+32
611.1983766571116,1.969886917009241e+32
611.1255404641498,1.9784925585698616e+32
611.0527216288222,1.994419681546075e+32
610.9799201449244,2.001721515902996e+32
610.9071360062557,1.9977013011089314e+32
610.8343692066178,2.0062378274115613e+32
610.7616197398156,2.0198578526017805e+32
610.6888875996568,2.0180786007416886e+32
610.6161727799523,2.0282497567523568e+32
610.5434752745156,2.0301722117490208e+32
610.4707950771635,2.039407484046984e+32
610.3981321817156,2.0402155251344475e+32
610.3254865819943,2.054993856624268e+32
610.2528582718248,2.0666119021660928e+32
610.1802472450362,2.0703598987675472e+32
610.1076534954593,2.077892729349444e+32
610.0350770169285,2.0802644096896844e+32
609.962517803281,2.088238756837544e+32
609.8899758483569,2.0950597976291348e+32
609.8174511459995,2.1053160983203183e+32
609.7449436900545,2.1055037157586897e+32
609.672453474371,2.1167139514597543e+32
609.5999804928007,2.1219538381354695e+32
609.5275247391984,2.1247954752119392e+32
609.4550862074219,2.13112203566351e+32
609.382664891332,2.138112909192844e+32
609.3102607847916,2.1441364316902514e+32
609.2378738816677,2.1504373550072628e+32
609.1655041758296,2.1583595632864063e+32
609.0931516611492,2.168548979842126e+32
609.0208163315023,2.172964311974831e+32
608.9484981807664,2.1775392809447525e+32
608.8761972028228,2.1838575544426947e+32
608.8039133915553,2.192367483775001e+32
608.7316467408508,2.194601775273773e+32
608.659397244599,2.2079676628904163e+32
608.5871648966923,2.2139968942660657e+32
608.5149496910265,2.2164064171200797e+32
608.4427516215,2.2215476056471398e+32
608.3705706820139,2.231501099204657e+32
608.2984068664724,2.235153633709319e+32
608.2262601687828,2.2428892708569e+32
608.154130582855,2.2519629104420344e+32
608.0820181026016,2.2491388275254023e+32
608.0099227219388,2.2590399174196107e+32
607.9378444347849,2.266072529824533e+32
607.8657832350617,2.2794155928306693e+32
607.7937391166934,2.287344517886405e+32
607.7217120736073,2.292358257944033e+32
607.6497020997335,2.2918162252505353e+32
607.5777091890052,2.3034120214212712e+32
607.5057333353583,2.316872580079859e+32
607.4337745327316,2.3246338331352285e+32
607.3618327750665,2.3533135528690115e+32
607.2899080563079,2.36602781190337e+32
607.2180003704029,2.3744643860417332e+32
607.146109711302,2.404701740813214e+32
607.0742360729581,2.417006058466088e+32
607.0023794493275,2.3684399321665812e+32
606.9305398343687,2.2970436289773866e+32
606.8587172220435,2.261281994497899e+32
606.7869116063166,2.217795251376939e+32
606.7151229811554,2.193390705182167e+32
606.6433513405301,2.157139546678707e+32
606.5715966784139,2.1156826887194445e+32
606.4998589887828,2.0766516792849902e+32
606.4281382656155,2.0370230357417766e+32
606.3564345028939,2.002516406107793e+32
606.2847476946022,1.9623589565449607e+32
606.2130778347281,1.924984077521077e+32
606.1414249172617,1.885509493936076e+32
606.069788936196,1.8497089623296563e+32
605.998169885527,1.8080064415427282e+32
605.9265677592533,1.7747476999599667e+32
605.8549825513766,1.7370394656137793e+32
605.7834142559011,1.6941334632280162e+32
605.7118628668343,1.659029204812117e+32
605.640328378186,1.6210061064940848e+32
605.5688107839693,1.5787374826020846e+32
605.4973100781999,1.5543494747738239e+32
605.4258262548964,1.531708872744141e+32
605.35435930808,1.5115601115328056e+32
605.282909231775,1.4895122705842851e+32
605.2114760200083,1.4657888785949127e+32
605.1400596668099,1.4422761440715982e+32
605.0686601662125,1.4247214381854813e+32
604.9972775122512,1.4004473161621865e+32
604.9259116989647,1.3749980146445718e+32
604.8545627203939,1.3526077604885359e+32
604.7832305705828,1.3298884778036002e+32
604.711915243578,1.30757506453263e+32
604.640616733429,1.2877089588283225e+32
604.5693350341885,1.2595558199351627e+32
604.4980701399111,1.2419990892488496e+32
604.4268220446551,1.2157527198745563e+32
604.355590742481,1.1906801229603732e+32
604.2843762274526,1.1719487216760313e+32
604.2131784936361,1.1458614223037958e+32
604.1419975351006,1.1220119809808566e+32
604.0708333459181,1.1120976604007889e+32
603.9996859201633,1.0939655864406372e+32
603.9285552519136,1.0787364371346266e+32
603.8574413352496,1.0603942878325434e+32
603.786344164254,1.0510401527134914e+32
603.715263733013,1.0358451637811839e+32
603.644200035615,1.0204888093261207e+32
603.5731530661516,1.0040135370594076e+32
603.502122818717,9.919412693015855e+31
603.4311092874082,9.810077284757222e+31
603.360112466325,9.616013409099729e+31
603.2891323495699,9.475183230166197e+31
603.2181689312482,9.340693282648082e+31
603.1472222054682,9.226084842753159e+31
603.0762921663405,9.014744942437552e+31
603.005378807979,8.942628726415329e+31
602.9344821244999,8.75208632392615e+31
602.8636021100226,8.612266783900395e+31
602.792738758669,8.446465567387429e+31
602.7218920645635,8.345991397312568e+31
602.651062021834,8.231565213770525e+31
602.5802486246106,8.171104415896562e+31
602.5094518670262,8.122435917409564e+31
602.4386717432166,8.041162333573304e+31
602.3679082473202,7.975392364267105e+31
602.2971613734784,7.941327618220967e+31
602.2264311158352,7.860324356207395e+31
602.1557174685373,7.835650692659901e+31
602.0850204257342,7.769812382407268e+31
602.0143399815784,7.640302461347981e+31
601.9436761302245,7.617566480173747e+31
601.8730288658305,7.5493243961441665e+31
601.8023981825568,7.502813789388423e+31
601.7317840745667,7.444993452841854e+31
601.661186536026,7.326742991020025e+31
601.5906055611036,7.305123118726238e+31
601.5200411439707,7.252509752624585e+31
601.4494932788019,7.140808976162486e+31
601.3789619597737,7.123292843538052e+31
601.308447181066,7.019838430002802e+31
601.237948936861,7.044463398766244e+31
601.1674672213438,6.993548983516878e+31
601.0970020287024,6.9719303074228905e+31
601.026553353127,6.94576289142443e+31
600.9561211888114,6.896110079669602e+31
600.8857055299511,6.8983824844734485e+31
600.8153063707451,6.816705735762646e+31
600.7449237053947,6.879169699764778e+31
600.6745575281041,6.819567817270756e+31
600.6042078330801,6.8168796527943e+31
600.5338746145324,6.749177131299897e+31
600.463557866673,6.773923950308873e+31
600.3932575837173,6.706987511122209e+31
600.3229737598829,6.718047275557194e+31
600.25270638939,6.666552556919672e+31
600.1824554664618,6.6920837218436015e+31
600.1122209853243,6.607452671803887e+31
600.0420029402057,6.619729885241351e+31
599.9718013253378,6.580861778995673e+31
599.9016161349539,6.573896587574353e+31
599.8314473632909,6.541462805232222e+31
599.7612950045882,6.571350534308491e+31
599.6911590530877,6.559144198408107e+31
599.6210395030341,6.561815598558193e+31
599.5509363486749,6.558268865510214e+31
599.48084958426,6.592940833453784e+31
599.4107792040425,6.568061275404978e+31
599.3407252022776,6.596225521512353e+31
599.2706875732234,6.612286287931882e+31
599.2006663111409,6.569524221548594e+31
599.1306614102937,6.600508867541553e+31
599.0606728649477,6.607927105595977e+31
598.990700669372,6.6022191950839235e+31
598.9207448178382,6.65979994518357e+31
598.8508053046204,6.628674719251285e+31
598.7808821239955,6.645133426106262e+31
598.7109752702431,6.63562627135265e+31
598.6410847376455,6.666404873996409e+31
598.5712105204875,6.67718132038465e+31
598.501352613057,6.673109147937852e+31
598.4315110096438,6.6537762124874815e+31
598.361685704541,6.698610766361724e+31
598.2918766920442,6.677642325657103e+31
598.2220839664517,6.6872977789615315e+31
598.1523075220643,6.7382251448837e+31
598.0825473531856,6.690541702377206e+31
598.0128034541219,6.697122832798455e+31
597.943075819182,6.7532999521334295e+31
597.8733644426775,6.750504089767252e+31
597.8036693189223,6.733209110165468e+31
597.7339904422334,6.783120197062812e+31
597.6643278069305,6.785996232194927e+31
597.5946814073355,6.809414082331458e+31
597.5250512377733,6.788237000882552e+31
597.4554372925709,6.809024702499555e+31
597.385839566059,6.849892639418949e+31
597.3162580525698,6.84748368474287e+31
597.2466927464388,6.868804781108077e+31
597.1771436420042,6.876203473882093e+31
597.1076107336064,6.883217835396684e+31
597.0380940155886,6.9407753276722605e+31
596.9685934822969,6.940614375286545e+31
596.8991091280797,6.908705218917536e+31
596.829640947288,6.873598823254476e+31
596.7601889342759,6.831653510408452e+31
596.6907530833995,6.784380728480323e+31
596.621333389018,6.73843674257513e+31
596.551929845493,6.690745143220365e+31
596.482542447189,6.639415157092895e+31
596.4131711884726,6.583625290975219e+31
596.3438160637133,6.516753339660127e+31
596.2744770672837,6.486090840376659e+31
596.205154193558,6.453387524514531e+31
596.1358474369139,6.432926278535045e+31
596.0665567917314,6.382505177409414e+31
595.9972822523929,6.346594050922252e+31
595.9280238132839,6.342247410044239e+31
595.8587814687919,6.320616434762638e+31
595.7895552133076,6.284284397532248e+31
595.7203450412238,6.238123797400331e+31
595.6511509469365,6.199571976728512e+31
595.5819729248435,6.191133412634259e+31
595.512810969346,6.1494242452348585e+31
595.4436650748473,6.1249254118787315e+31
595.3745352357535,6.069704597782954e+31
595.3054214464731,6.033026308915906e+31
595.2363237014176,6.027550715615567e+31
595.1672419950006,5.960709185441071e+31
595.0981763216387,5.926918699844912e+31
595.0291266757508,5.91757050483529e+31
594.9600930517586,5.868387794339952e+31
594.8910754440861,5.83109681799414e+31
594.8220738471605,5.811322563140877e+31
594.7530882554107,5.780060607598483e+31
594.684118663269,5.792891400869081e+31
594.6151650651698,5.776920499616382e+31
594.5462274555503,5.757542357861378e+31
594.47730582885,5.7440575316946795e+31
594.4084001795113,5.705021027111354e+31
594.3395105019791,5.694311526591579e+31
594.2706367907008,5.729109080053722e+31
594.2017790401264,5.695627783358048e+31
594.1329372447085,5.642582566449083e+31
594.0641113989021,5.589370447270702e+31
593.9953014971652,5.570542510006586e+31
593.9265075339578,5.5186119106791985e+31
593.8577295037428,5.46868526217704e+31
593.7889674009857,5.415870416541759e+31
593.7202212201545,5.40339482671923e+31
593.6514909557195,5.3673480857413215e+31
593.5827766021541,5.297083021850942e+31
593.5140781539338,5.278885432252757e+31
593.4453956055369,5.21297577928955e+31
593.376728951444,5.152706007149077e+31
593.3080781861386,5.129720866045837e+31
593.2394433041064,5.078804551554422e+31
593.170824299836,5.065087130285749e+31
593.1022211678182,5.053137899221433e+31
593.0336339025469,5.035980108096132e+31
592.9650624985176,4.995136444862855e+31
592.8965069502293,4.966569404878573e+31
592.8279672521832,4.947269839771866e+31
592.7594433988827,4.9325641940800925e+31
592.6909353848342,4.901714862762172e+31
592.6224432045466,4.899016041400493e+31
592.5539668525311,4.861102417983684e+31
592.4855063233016,4.861885329043019e+31
592.4170616113744,4.858005392758845e+31
592.3486327112686,4.828104854266289e+31
592.2802196175054,4.813399736301537e+31
592.2118223246091,4.75977890037452e+31
592.143440827106,4.782036770982013e+31
592.0750751195251,4.752954486232747e+31
592.0067251963982,4.754027958500063e+31
591.9383910522594,4.72279216866316e+31
591.870072681645,4.6891823441390565e+31
591.8017700790942,4.667642419447538e+31
591.7334832391491,4.635313374310225e+31
591.6652121563535,4.622710825546221e+31
591.5969568252541,4.549488454111688e+31
591.5287172404002,4.525138772295555e+31
591.4604933963436,4.493483846579748e+31
591.3922852876384,4.473588354594504e+31
591.3240929088415,4.434965752605891e+31
591.255916254512,4.403482970328246e+31
591.1877553192118,4.374769382525468e+31
591.1196100975052,4.347088362459211e+31
591.0514805839589,4.336486150247472e+31
590.9833667731422,4.314238345023245e+31
590.9152686596269,4.34463055605431e+31
590.8471862379873,4.315866128310398e+31
590.7791195028003,4.313513108042579e+31
590.711068448645,4.309701018656805e+31
590.6430330701035,4.325406602345819e+31
590.5750133617596,4.348535930799698e+31
590.5070093182006,4.353545791573183e+31
590.4390209340155,4.3519758477419235e+31
590.3710482037961,4.352786300528399e+31
590.3030911221366,4.348012344928589e+31
590.235149683634,4.3554973926434625e+31
590.1672238828872,4.343375665942124e+31
590.0993137144982,4.35894878719266e+31
590.031419173071,4.351001455667433e+31
589.9635402532123,4.35571899454019e+31
589.8956769495314,4.3468528936585605e+31
589.82782925664,4.340065257685801e+31
589.759997169152,4.328909783801213e+31
589.6921806816842,4.340489022308373e+31
589.6243797888555,4.335142916965969e+31
589.5565944852876,4.30318554002527e+31
589.4888247656046,4.247932535029632e+31
589.4210706244327,4.234836452014676e+31
589.3533320564012,4.201924790684811e+31
589.2856090561412,4.151509242574238e+31
589.217901618287,4.116987594341997e+31
589.1502097374746,4.086783790933178e+31
589.0825334083432,4.046556464199214e+31
589.0148726255338,4.0198930757366576e+31
588.9472273836902,3.990189507644501e+31
588.8795976774588,3.9860449900886566e+31
588.8119835014883,3.9459428403674454e+31
588.7443848504295,3.9247520290345096e+31
588.6768017189362,3.901201449219681e+31
588.6092341016646,3.8748091345608324e+31
588.541681993273,3.8522847926211707e+31
588.4741453884224,3.8392240766866086e+31
588.4066242817761,3.8037397927696343e+31
588.3391186680002,3.7790197018765597e+31
588.2716285417629,3.7933431732214245e+31
588.2041538977348,3.790163292035973e+31
588.1366947305893,3.765077358733391e+31
588.0692510350019,3.790934630472086e+31
588.0018228056507,3.7824167208035986e+31
587.9344100372163,3.8042750138869234e+31
587.8670127243814,3.7956613260748e+31
587.7996308618318,3.7973337514786475e+31
587.7322644442551,3.8142560661257354e+31
587.6649134663414,3.8164616371474837e+31
587.5975779227838,3.8398505424981484e+31
587.5302578082772,3.8498874143326667e+31
587.462953117519,3.8544713934763044e+31
587.3956638452095,3.8499485228122224e+31
587.328389986051,3.85730635172029e+31
587.2611315347483,3.872411808616473e+31
587.1938884860086,3.8749580723202716e+31
587.1266608345419,3.901226950261083e+31
587.05944857506,3.90490258211197e+31
586.9922517022775,3.901586197558874e+31
586.9250702109116,3.8288788501916547e+31
586.8579040956813,3.7746837904527052e+31
586.7907533513087,3.7060691768125245e+31
586.7236179725179,3.627693895371809e+31
586.6564979540354,3.5497959729033933e+31
586.5893932905906,3.4787069372594034e+31
586.5223039769145,3.4177179124341676e+31
586.4552300077412,3.353950659421831e+31
586.388171377807,3.2866939892698764e+31
586.3211280818504,3.2178449613979526e+31
586.2541001146127,3.1471269272535556e+31
586.1870874708372,3.086777575049455e+31
586.1200901452698,3.008084247468207e+31
586.053108132659,2.939393001596405e+31
585.9861414277552,2.8637751269137423e+31
585.9191900253118,2.7567547596300644e+31
585.852253920084,2.7058133534937833e+31
585.7853331068297,2.643028449480426e+31
585.7184275803094,2.5909350477476353e+31
585.6515373352855,2.564374177280944e+31
585.5846623665233,2.522381057603641e+31
585.5178026687902,2.4861878138957704e+31
585.4509582368559,2.4565642768576557e+31
585.3841290654927,2.420324538373306e+31
585.3173151494755,2.372593172056857e+31
585.2505164835808,2.3397642131244997e+31
585.1837330625883,2.296756391126369e+31
585.1169648812797,2.2559403897097986e+31
585.0502119344393,2.2236484130596896e+31
584.9834742168533,2.1945742159255703e+31
584.916751723311,2.1483578536806786e+31
584.8500444486034,2.106095460060744e+31
584.7833523875242,2.0806533928757997e+31
584.7166755348695,2.043575233317325e+31
584.6500138854378,2.0019451804405287e+31
584.5833674340298,1.963295151164699e+31
584.5167361754485,1.9475760532280013e+31
584.4501201044997,1.9165115335730556e+31
584.3835192159911,1.8850335989423263e+31
584.316933504733,1.8504321127841463e+31
584.250362965538,1.8146460495783428e+31
584.1838075932211,1.7766958141448231e+31
584.1172673825997,1.7407450348027543e+31
584.0507423284935,1.6904740514899713e+31
583.9842324257245,1.661932675292069e+31
583.9177376691172,1.6231090735940671e+31
583.8512580534983,1.6318064610430017e+31
583.784793573697,1.636575814564423e+31
583.7183442245448,1.6479241395578087e+31
583.6519100008755,1.651940880503409e+31
583.5854908975253,1.6628441848979222e+31
583.5190869093328,1.6772113750847227e+31
583.4526980311389,1.6838632431108453e+31
583.3863242577868,1.6967281287437008e+31
583.3199655841221,1.7011488169784091e+31
583.2536220049926,1.7086752161457676e+31
583.1872935152488,1.7416578304929724e+31
583.1209801097434,1.748383922680991e+31
583.054681783331,1.7599895246229246e+31
582.9883985308692,1.7667826641170844e+31
582.9221303472176,1.765959126482597e+31
582.855877227238,1.7573923458540844e+31
582.7896391657949,1.7484008715864762e+31
582.723416157755,1.7470137604744456e+31
582.657208197987,1.7388609203696263e+31
582.5910152813624,1.730031543634167e+31
582.5248374027548,1.7434685851668286e+31
582.4586745570401,1.7372526284824108e+31
582.3925267390969,1.7424884082638757e+31
582.3263939438056,1.7418638957343988e+31
582.2602761660489,1.742808076266984e+31
582.1941734007127,1.7505264970827885e+31
582.1280856426839,1.752332049692745e+31
582.0620128868529,1.778586533619414e+31
581.9959551281119,1.790619008762306e+31
581.9299123613552,1.79053247087163e+31
581.8638845814799,1.7990398352972177e+31
581.7978717833851,1.8002354473141777e+31
581.7318739619722,1.8037657813483818e+31
581.6658911121452,1.807558336448438e+31
581.5999232288101,1.841295725270861e+31
581.5339703068754,1.848807490628938e+31
581.468032341252,1.8435025654406043e+31
581.4021093268526,1.853028750688087e+31
581.3362012585928,1.85686096990728e+31
581.2703081313904,1.8844462333201093e+31
581.204429940165,1.8854855808277019e+31
581.1385666798392,1.8895100114750239e+31
581.0727183453373,1.8953123287742886e+31
581.0068849315865,1.9051349658606143e+31
580.9410664335156,1.9278897477201793e+31
580.8752628460564,1.9411481298773232e+31
580.8094741641426,1.9422017518893095e+31
580.7437003827101,1.9492269051990585e+31
580.6779414966974,1.9587845147275031e+31
580.6121975010451,1.983869296573783e+31
580.5464683906962,1.9930890598276134e+31
580.4807541605958,1.9973985492518107e+31
580.4150548056915,1.995225233680866e+31
580.3493703209332,2.029530051706571e+31
580.2837007012728,2.031302531300037e+31
580.2180459416649,2.038724315219048e+31
580.1524060370659,2.0406278735376714e+31
580.086780982435,2.0707662040261457e+31
580.0211707727332,2.076873040891162e+31
579.9555754029242,2.0786234153509426e+31
579.8899948679735,2.1228948712464437e+31
579.8244291628495,2.124193522858097e+31
579.7588782825223,2.1314830368579034e+31
579.6933422219646,2.1564573116417617e+31
579.6278209761512,2.2110764994871527e+31
579.5623145400593,2.2179093571079494e+31
579.4968229086684,2.2246412696169477e+31
579.43134607696,2.2877529113301115e+31
579.3658840399183,2.3113804890268443e+31
579.3004367925294,2.3086365975858867e+31
579.2350043297816,2.355015554794955e+31
579.169586646666,2.365496433311909e+31
579.1041837381754,2.3899533599302306e+31
579.0387955993051,2.4444329211213303e+31
578.9734222250528,2.4466507199558994e+31
578.908063610418,2.4605794332640855e+31
578.842719750403,2.5092964550533244e+31
578.7773906400121,2.52963419987299e+31
578.7120762742517,2.5276802144083126e+31
578.6467766481306,2.587531980948047e+31
578.5814917566602,2.5958645427781327e+31
578.5162215948535,2.6035448127221747e+31
578.4509661577263,2.64188383917847e+31
578.3857254402961,2.667203695010857e+31
578.3204994375833,2.7138060041666443e+31
578.2552881446101,2.729198766926153e+31
578.190091556401,2.7345864836392025e+31
578.1249096679828,2.776899687305901e+31
578.0597424743847,2.7761500966740725e+31
577.9945899706379,2.8262991097164376e+31
577.9294521517759,2.8471715294750225e+31
577.8643290128343,2.846103461652339e+31
577.7992205488515,2.9209130859228344e+31
577.7341267548675,2.9193731898656916e+31
577.6690476259247,2.96113351716881e+31
577.6039831570679,2.9698741871157427e+31
577.538933343344,3.0180192826661538e+31
577.4738981798023,3.0289403288750096e+31
577.408877661494,3.074319125476489e+31
577.343871783473,3.0919992407758533e+31
577.2788805407948,3.112174322474371e+31
577.2139039285178,3.154253257954693e+31
577.1489419417022,3.157690403088072e+31
577.0839945754104,3.206955044302026e+31
577.0190618247074,3.2183302236198813e+31
576.9541436846599,3.264267571419852e+31
576.8892401503374,3.2674379619255345e+31
576.824351216811,3.3109431620349046e+31
576.7594768791545,3.3120369924671017e+31
576.6946171324437,3.3622101183631536e+31
576.6297719717567,3.384096452731673e+31
576.5649413921738,3.429882872822188e+31
576.5001253887773,3.4860950527983537e+31
576.435323956652,3.4907613512009437e+31
576.370537090885,3.532258580594877e+31
576.3057647865651,3.5399304060039925e+31
576.2410070387839,3.576473264475197e+31
576.1762638426347,3.5923590916815527e+31
576.1115351932134,3.632042177313748e+31
576.0468210856178,3.638369081848054e+31
575.9821215149482,4.011146779511589e+31
575.9174364763068,4.411908702563881e+31
575.8527659647981,4.411201522480109e+31
575.788109975529,4.808627126901637e+31
575.7234685036084,4.80374183234759e+31
575.6588415441473,5.209128063057508e+31
575.5942290922592,5.594369973489259e+31
575.5296311430594,5.600437016276847e+31
575.4650476916659,5.989107273898981e+31
575.4004787331983,6.373230620179328e+31
575.3359242627789,6.369954444972655e+31
575.271384275532,6.748987095589852e+31
575.206858766584,7.133156935736534e+31
575.1423477310634,6.77433578074192e+31
575.0778511641013,7.1574432819223145e+31
575.0133690608307,7.538927077422185e+31
574.9489014163865,7.532830220482113e+31
574.8844482259066,7.90858170036793e+31
574.8200094845301,8.286865505036874e+31
574.755585187399,8.290080155000698e+31
574.6911753296572,8.659825698405375e+31
574.6267799064508,9.023737380974156e+31
574.562398912928,9.375617685399584e+31
574.4980323442393,9.015236710775724e+31
574.4336801955372,9.372009193911607e+31
574.3693424619768,9.692145822238532e+31
574.3050191387148,1.0045876885676907e+32
574.2407102209104,1.0029774087989517e+32
574.176415703725,1.0374751294212847e+32
574.1121355823219,1.072088142034011e+32
574.047869851867,1.1106644134754664e+32
573.9836185075278,1.1062849011747583e+32
573.9193815444744,1.1102219759251913e+32
573.855158957879,1.1507728314871953e+32
573.7909507429158,1.1908256735560214e+32
573.7267568947614,1.2225625616238024e+32
573.6625774085941,1.2583636487453273e+32
573.5984122795949,1.260309185756251e+32
573.5342615029465,1.2998062093877927e+32
573.4701250738343,1.2972329260056271e+32
573.4060029874453,1.336280551350274e+32
573.3418952389688,1.3732397779325376e+32
573.2778018235967,1.374451679035299e+32
573.2137227365223,1.411571012521243e+32
573.1496579729417,1.4425472854283758e+32
573.0856075280525,1.480813173457941e+32
573.0215713970553,1.4797644291676981e+32
572.9575495751519,1.5177059541741963e+32
572.8935420575472,1.5575502988352586e+32
572.8295488394474,1.5946426578347281e+32
572.7655699160613,1.5922770230095243e+32
572.7016052825996,1.625655222556328e+32
572.6376549342755,1.6624843190402035e+32
572.573718866304,1.699450872429539e+32
572.5097970739024,1.6983846033940335e+32
572.44588955229,1.7364685216888615e+32
572.3819962966885,1.774844912650345e+32
572.3181173023213,1.789071708400991e+32
572.2542525644144,1.789400838529765e+32
572.1904020781956,1.810091449228409e+32
572.1265658388949,1.8237341183076202e+32
572.0627438417446,1.8262931466735023e+32
571.9989360819789,1.841906795645439e+32
571.9351425548343,1.8813529760525398e+32
571.8713632555493,1.864140233184315e+32
571.8075981793646,1.8965618190392466e+32
571.743847321523,1.9373871567118577e+32
571.6801106772695,1.9141728558455703e+32
571.6163882418509,1.9550968122371752e+32
571.5526800105166,1.968039150110031e+32
571.4889859785177,1.972461484619116e+32
571.4253061411077,2.001339036078716e+32
571.3616404935422,2.003723811244955e+32
571.2979890310786,2.0183754423066703e+32
571.2343517489768,2.0561988287520813e+32
571.1707286424985,2.054489200575893e+32
571.1071197069078,2.094893605028083e+32
571.0435249374707,2.0709832415484593e+32
570.9799443294554,2.1257432245794864e+32
570.9163778781322,2.138536126309745e+32
570.8528255787735,2.140941053519163e+32
570.7892874266536,2.1932990094910793e+32
570.7257634170493,2.169876779943924e+32
570.6622535452393,2.206164801356902e+32
570.5987578065043,2.2001529585626486e+32
570.5352761961273,2.2390318096778755e+32
570.4718087093931,2.2179480489145713e+32
570.4083553415891,2.2657869511539318e+32
570.3449160880042,2.264706882902479e+32
570.28149094393,2.2991147287014028e+32
570.2180799046596,2.2993666466124063e+32
570.1546829654885,2.344491723206002e+32
570.0913001217145,2.3201255479416438e+32
570.027931368637,2.3709974597572686e+32
569.964576701558,2.3669305164011773e+32
569.9012361157811,2.3896444559544585e+32
569.8379096066124,2.3999260844593074e+32
569.7745971693598,2.438020707034606e+32
569.7112987993335,2.4236544385218455e+32
569.6480144918454,2.467256955388871e+32
569.5847442422101,2.4701569016368877e+32
569.5214880457439,2.4539069554073917e+32
569.4582458977652,2.4992551532587037e+32
569.3950177935943,2.4939523114057182e+32
569.331803728554,2.544272142441902e+32
569.2686036979688,2.5545016643973906e+32
569.2054176971657,2.5383939650935764e+32
569.1422457214732,2.5812037825873832e+32
569.0790877662223,2.5771631202438583e+32
569.015943826746,2.58947837111294e+32
568.9528138983793,2.6319041372420037e+32
568.8896979764594,2.6151810388290402e+32
568.8265960563252,2.621965623152497e+32
568.7635081333182,2.6616936920863284e+32
568.7004342027815,2.6666220353432377e+32
568.6373742600606,2.6861887894117634e+32
568.5743283005029,2.7351263556969288e+32
568.5112963194579,2.7591675307034378e+32
568.448278312277,2.7912876833419818e+32
568.3852742743142,2.793429871548778e+32
568.3222842009246,2.8569297676645143e+32
568.2593080874665,2.878870176352331e+32
568.1963459292994,2.9031155889691182e+32
568.1333977217851,2.9173537215082234e+32
568.0704634602876,2.9882634678331552e+32
568.007543140173,3.0077660317647235e+32
567.9446367568089,3.0211676668217604e+32
567.8817443055658,3.0578915811909996e+32
567.8188657818156,3.0994864089683474e+32
567.7560011809325,3.165308399832988e+32
567.6931504982927,3.172175169455908e+32
567.6303137292743,3.2105373843238394e+32
567.567490869258,3.2169282810780244e+32
567.5046819136257,3.252384570137472e+32
567.4418868577621,3.2827952397297766e+32
567.3791056970537,3.3179218469357e+32
567.3163384268886,3.3171795006603786e+32
567.2535850426575,3.372213525106937e+32
567.190845539753,3.401151158938348e+32
567.1281199135697,3.420664142447459e+32
567.0654081595042,3.451934033210858e+32
567.0027102729551,3.523673256867385e+32
566.9400262493232,3.5417227875775785e+32
566.8773560840112,3.590356283715706e+32
566.8146997724239,3.573043649981358e+32
566.7520573099681,3.616085143362763e+32
566.6894286920525,3.6500602264690286e+32
566.6268139140881,3.6884694823440754e+32
566.5642129714877,3.722637040895298e+32
566.5016258596662,3.7509240576619154e+32
566.4390525740406,3.8007922001558176e+32
566.37649311003,3.825931099772224e+32
566.3139474630551,3.8729041247810345e+32
566.2514156285391,3.8948838975614455e+32
566.1888976019069,3.942285908172005e+32
566.1263933785857,3.9342739875484244e+32
566.0639029540044,3.977837151760874e+32
566.0014263235944,4.01778185947662e+32
565.9389634827884,4.0723582866848146e+32
565.8765144270217,4.088083490529245e+32
565.8140791517316,4.109984893261403e+32
565.7516576523569,4.152985446834208e+32
565.689249924339,4.198079223770763e+32
565.6268559631211,4.2085787582555595e+32
565.5644757641483,4.25640453958147e+32
565.5021093228678,4.297079211648096e+32
565.4397566347287,4.315318790673477e+32
565.3774176951824,4.370419607578698e+32
565.315092499682,4.3822543759099626e+32
565.2527810436827,4.421087815572858e+32
565.1904833226419,4.467894013582753e+32
565.1281993320184,4.490795926939038e+32
565.0659290672739,4.5385026699090764e+32
565.0036725238714,4.564452213194975e+32
564.9414296972761,4.638631235822276e+32
564.8792005829554,4.5959543807788366e+32
564.8169851763782,4.509703086125585e+32
564.754783473016,4.4519402850740386e+32
564.6925954683419,4.371947237582907e+32
564.6304211578312,4.333316107054815e+32
564.5682605369609,4.2550980788333534e+32
564.5061136012102,4.164019286233915e+32
564.4439803460606,4.104812421895966e+32
564.3818607669949,4.0480831103101036e+32
564.3197548594984,3.980713213579428e+32
564.2576626190584,3.913447098040719e+32
564.1955840411638,3.818836460452274e+32
564.1335191213057,3.7337755850022035e+32
564.0714678549772,3.670298957889263e+32
564.0094302376735,3.586405222542062e+32
563.9474062648917,3.498782128401719e+32
563.8853959321307,3.405744811276593e+32
563.8233992348917,3.309316450830365e+32
563.7614161686774,3.2150291858955707e+32
563.699446728993,3.0962421475524907e+32
563.6374909113455,3.008063063927354e+32
563.5755487112436,2.915088173222762e+32
563.5136201241984,2.8583427825130147e+32
563.4517051457227,2.817581979707815e+32
563.3898037713313,2.7682985685788178e+32
563.3279159965412,2.7398158543311357e+32
563.2660418168709,2.708688867730945e+32
563.2041812278414,2.666654979918066e+32
563.1423342249753,2.6346959329631126e+32
563.0805008037975,2.5923195499232386e+32
563.0186809598342,2.5397186125275935e+32
562.9568746886144,2.5204238574949324e+32
562.8950819856688,2.4753874974406462e+32
562.8333028465295,2.436105496970418e+32
562.7715372667312,2.39385029679597e+32
562.7097852418104,2.351290273416654e+32
562.6480467673056,2.3142546906598912e+32
562.5863218387572,2.273700223885161e+32
562.5246104517073,2.2405309715870243e+32
562.4629126017003,2.2054038451121653e+32
562.4012282842826,2.1716213300392934e+32
562.3395574950022,2.1232632016563163e+32
562.2779002294094,2.0934538240304957e+32
562.2162564830562,2.0560459793148994e+32
562.1546262514967,1.973451761194885e+32
562.093009530287,1.8922851292035053e+32
562.0314063149849,1.8131476595669175e+32
561.9698166011503,1.7348913098582126e+32
561.9082403843453,1.6592945407676874e+32
561.8466776601333,1.5724643143691755e+32
561.7851284240804,1.5006448586783946e+32
561.723592671754,1.4187302532446986e+32
561.6620703987239,1.3394142225644532e+32
561.6005616005616,1.2519719894078914e+32
561.5390662728406,1.1783277335542738e+32
561.4775844111364,1.0967386699371014e+32
561.4161160110262,1.0109295266129087e+32
561.3546610680895,9.284612853230682e+31
561.2932195779075,8.516236647049365e+31
561.2317915360634,7.640768758091572e+31
561.1703769381422,6.8363711453929295e+31
561.108975779731,6.002734403004098e+31
561.0475880564189,5.2151070990050875e+31
560.9862137637967,4.375885325316399e+31
560.9248528974573,3.587133510896974e+31
560.8635054529954,3.4636606837897962e+31
560.8021714260077,3.387730485697001e+31
560.740850812093,3.30610994032911e+31
560.6795436068514,3.232265386971348e+31
560.618249805886,3.1614279075185903e+31
560.5569694048006,3.0814124983413403e+31
560.4957023992018,3.0054408842112654e+31
560.4344487846979,2.9263854984357616e+31
560.3732085568989,2.846839850160526e+31
560.3119817114169,2.7750044537664667e+31
560.250768243866,2.696602741979962e+31
560.1895681498619,2.6187286152849143e+31
560.1283814250226,2.541382444081911e+31
560.0672080649679,2.463067781797903e+31
560.0060480653191,2.38769520334084e+31
559.9449014217001,2.30812827979151e+31
559.8837681297363,2.2316959125900466e+31
559.822648185055,2.150190064353358e+31
559.7615415832855,2.0751527596610604e+31
559.7004483200591,1.9950079061298895e+31
559.6393683910088,1.93384641072803e+31
559.5783017917697,1.8946662368049348e+31
559.5172485179787,1.8669161332330516e+31
559.4562085652746,1.8311295504009084e+31
559.395181929298,1.798104290014257e+31
559.3341686056918,1.7640131531420383e+31
559.2731685901003,1.7323022697382613e+31
559.21218187817,1.698145510380036e+31
559.1512084655493,1.6672535909183924e+31
559.0902483478883,1.6335390720922e+31
559.0293015208392,1.5985304004519283e+31
558.968367980056,1.5675684842230385e+31
558.9074477211947,1.5334803892513714e+31
558.8465407399128,1.498126444253921e+31
558.7856470318703,1.466725903905226e+31
558.7247665927288,1.435612113084264e+31
558.6638994181516,1.3986229150170083e+31
558.6030455038041,1.3639406526945554e+31
558.5422048453536,1.3313615565709497e+31
558.4813774384693,1.297353158158554e+31
558.4205632788222,1.2629474843871864e+31
558.3597623620851,1.2292839188788598e+31
558.298974683933,1.2034304737993792e+31
558.2382002400424,1.1837300020249728e+31
558.177439026092,1.1664486788418743e+31
558.1166910377622,1.1467545540338115e+31
558.0559562707352,1.1256897197631356e+31
557.9952347206955,1.1081777397823943e+31
557.934526383329,1.085756552748429e+31
557.8738312543235,1.0674244334836702e+31
557.8131493293691,1.0486351465073092e+31
557.7524806041574,1.028729054006194e+31
557.6918250743822,1.0074117851937597e+31
557.6311827357385,9.896185794419408e+30
557.5705535839242,9.670776375601216e+30
557.5099376146379,9.482779228836911e+30
557.4493348235812,9.317527915513068e+30
557.3887452064567,9.113529539219339e+30
557.3281687589695,8.888122243607976e+30
557.267605476826,8.696589559602731e+30
557.207055355735,8.492997389852946e+30
557.1465183914066,8.29284745178332e+30
557.0859945795532,8.107503939170163e+30
557.0254839158891,7.968685777779388e+30
556.9649863961303,7.924657433955397e+30
556.9045020159944,7.900978344752005e+30
556.8440307712011,7.816764298275493e+30
556.7835726574723,7.804665603892406e+30
556.7231276705312,7.733138962275148e+30
556.6626958061032,7.704843651278046e+30
556.6022770599155,7.648521611583466e+30
556.5418714276968,7.583624845954674e+30
556.4814789051784,7.538418870575063e+30
556.4210994880926,7.505193654989273e+30
556.3607331721742,7.446178876382158e+30
556.3003799531596,7.410740899855412e+30
556.2400398267869,7.376061944469211e+30
556.1797127887963,7.306928886467127e+30
556.1193988349298,7.252189256756956e+30
556.0590979609312,7.226332781831092e+30
555.9988101625462,7.148700507250756e+30
555.9385354355222,7.13994604012254e+30
555.8782737756086,7.05399578267316e+30
555.8180251785566,7.04333343611598e+30
555.757789640119,6.981487439129274e+30
555.6975671560509,6.982911844276626e+30
555.6373577221091,6.950560118259371e+30
555.5771613340519,6.951365348769407e+30
555.5169779876397,6.953646024353448e+30
555.456807678635,6.949540852127773e+30
555.3966504028014,6.942832978889405e+30
555.3365061559051,6.925418641211996e+30
555.2763749337139,6.932567519839673e+30
555.2162567319971,6.938928369255895e+30
555.1561515465263,6.920994407077037e+30
555.0960593730746,6.91042283189528e+30
555.035980207417,6.880490219305079e+30
554.9759140453305,6.92351451619407e+30
554.9158608825936,6.937527735805901e+30
554.8558207149872,6.907130655958564e+30
554.7957935382934,6.92421856871883e+30
554.7357793482964,6.92816916686114e+30
554.6757781407822,6.885874936918433e+30
554.6157899115389,6.905952198509361e+30
554.5558146563556,6.94591513104951e+30
554.4958523710243,6.884666217750518e+30
554.435903051338,6.906219332187487e+30
554.3759666930919,6.933833169013884e+30
554.316043292083,6.919069330061351e+30
554.2561328441099,6.949983334234548e+30
554.1962353449733,6.980081628445898e+30
554.1363507904755,6.964223783964952e+30
554.0764791764208,7.017954841067541e+30
554.016620498615,7.019630496746458e+30
553.9567747528661,7.063015216320251e+30
553.8969419349836,7.053849343023291e+30
553.837122040779,7.08464274135582e+30
553.7773150660656,7.104998093408595e+30
553.7175210066584,7.113034434319299e+30
553.6577398583744,7.124966209956209e+30
553.5979716170319,7.132290154237672e+30
553.5382162784518,7.161480990581055e+30
553.4784738384562,7.196745474310117e+30
553.4187442928692,7.22712823349544e+30
553.3590276375166,7.24803421964469e+30
553.2993238682262,7.214541430460625e+30
553.2396329808274,7.261103870443979e+30
553.1799549711517,7.297963708175277e+30
553.1202898350318,7.292695052232944e+30
553.0606375683029,7.31985224027589e+30
553.0009981668017,7.3812565398968e+30
552.9413716263665,7.418174418666303e+30
552.8817579428376,7.397651097789583e+30
552.822157112057,7.44923045460774e+30
552.7625691298688,7.453876886376467e+30
552.7029939921184,7.505274662213664e+30
552.6434316946535,7.533788429162208e+30
552.583882233323,7.58795210169954e+30
552.5243456039782,7.586478532540878e+30
552.4648218024716,7.633893722147818e+30
552.4053108246583,7.661702269358733e+30
552.3458126663942,7.720015791809489e+30
552.2863273235376,7.730041755341542e+30
552.2268547919485,7.780204076649586e+30
552.1673950674887,7.798740315737952e+30
552.1079481460215,7.83804460485313e+30
552.0485140234124,7.832735451218348e+30
551.9890926955283,7.895353076658654e+30
551.9296841582383,7.889421666584217e+30
551.8702884074128,7.925723587031589e+30
551.8109054389241,7.959113338542172e+30
551.7515352486469,7.981688506954617e+30
551.6921778324567,8.037103809349149e+30
551.6328331862312,8.049733058559603e+30
551.5735013058503,8.125554087592409e+30
551.5141821871949,8.174969094186106e+30
551.4548758261484,8.210137482647807e+30
551.3955822185952,8.249322622816558e+30
551.3363013604223,8.271006815777018e+30
551.2770332475179,8.303466530649328e+30
551.2177778757721,8.352688137081786e+30
551.1585352410767,8.408751914314551e+30
551.0993053393256,8.435616493619139e+30
551.0400881664141,8.491251015025044e+30
550.9808837182394,8.522151995023564e+30
550.9216919907004,8.590631679297351e+30
550.862512979698,8.61827779458897e+30
550.8033466811344,8.625715430099644e+30
550.7441930909141,8.696210230002828e+30
550.685052204943,8.756464595636784e+30
550.6259240191287,8.773982007181265e+30
550.566808529381,8.802461995683082e+30
550.5077057316109,8.839419686045115e+30
550.4486156217317,8.867806826504545e+30
550.389538195658,8.903988440019942e+30
550.3304734493063,8.95081027613759e+30
550.2714213785949,8.899626479204076e+30
550.2123819794441,8.915194254044523e+30
550.1533552477753,8.931730884964105e+30
550.0943411795123,8.983279373269771e+30
550.0353397705803,8.956771441119713e+30
549.9763510169063,8.980208499202241e+30
549.917374914419,8.98370669190731e+30
549.8584114590493,9.022321252401785e+30
549.7994606467291,9.006669877736905e+30
549.7405224733926,9.065668889619896e+30
549.6815969349755,9.03521905569412e+30
549.6226840274152,9.026581727467946e+30
549.5637837466511,9.096754199186837e+30
549.5048960886242,9.073295473168289e+30
549.4460210492771,9.165674216006336e+30
549.3871586245543,9.157946196730154e+30
549.3283088104021,9.180069546190333e+30
549.2694716027684,9.188653571741442e+30
549.2106469976027,9.220077019377624e+30
549.1518349908566,9.232423901480799e+30
549.0930355784833,9.289957504445415e+30
549.0342487564374,9.281882036909557e+30
548.9754745206758,9.332776191411504e+30
548.9167128671567,9.390622885474088e+30
548.8579637918401,9.363306342550323e+30
548.799227290688,9.421341493907949e+30
548.7405033596638,9.457034249670271e+30
548.6817919947326,9.46443881941107e+30
548.6230931918617,9.523191423855738e+30
548.5644069470196,9.541393014951039e+30
548.5057332561769,9.549895101930167e+30
548.4470721153054,9.583690104877756e+30
548.3884235203794,9.614871366210956e+30
548.3297874673743,9.633543487866121e+30
548.2711639522674,9.678482471126936e+30
548.2125529710379,9.715276649285952e+30
548.1539545196664,9.785879966461315e+30
548.0953685941354,9.795467888049391e+30
548.0367951904291,9.815410293345497e+30
547.9782343045334,9.905085321635427e+30
547.919685932436,9.947189595072476e+30
547.8611500701262,1.0005726165693581e+31
547.8026267135951,1.0056490224525262e+31
547.7441158588354,1.0118771508807257e+31
547.6856175018415,1.0115490913552541e+31
547.62713163861,1.0183980881637145e+31
547.5686582651382,1.0210700851939699e+31
547.5101973774262,1.0272465278662108e+31
547.451748971475,1.0319317999718763e+31
547.3933130432879,1.0378540746904554e+31
547.3348895888694,1.042864655983512e+31
547.276478604226,1.0457628010090764e+31
547.2180800853661,1.0481205008126479e+31
547.1596940282991,1.0520359035847818e+31
547.1013204290368,1.0602429641560385e+31
547.0429592835925,1.0639659996662515e+31
546.984610587981,1.0674730764917248e+31
546.9262743382192,1.075319153241498e+31
546.8679505303252,1.0810269316851994e+31
546.8096391603191,1.0826396244042834e+31
546.7513402242226,1.0909707600815327e+31
546.6930537180594,1.0953887013054335e+31
546.6347796378544,1.099577402299728e+31
546.5765179796346,1.1028705882424964e+31
546.5182687394282,1.1085071387957383e+31
546.4600319132659,1.1118982019431866e+31
546.4018074971792,1.1173500648293275e+31
546.3435954872019,1.1221017681292813e+31
546.2853958793693,1.1281130094484602e+31
546.2272086697183,1.1292446549432806e+31
546.1690338542876,1.1388741281124838e+31
546.1108714291175,1.1416495893961949e+31
546.0527213902502,1.1482774827161554e+31
545.9945837337294,1.1496409996164943e+31
545.9364584556004,1.1557266865065101e+31
545.8783455519103,1.161346594278236e+31
545.820245018708,1.1685646359806516e+31
545.7621568520439,1.1710239882563311e+31
545.7040810479701,1.1758535278877354e+31
545.6460176025405,1.180465544923995e+31
545.5879665118106,1.1894319016200432e+31
545.5299277718376,1.1909551186177685e+31
545.4719013786802,1.2009194982737291e+31
545.4138873283991,1.2050179028202467e+31
545.3558856170565,1.2065454274897446e+31
545.2978962407163,1.215337923622039e+31
545.2399191954439,1.221881419948237e+31
545.1819544773068,1.2209292257539e+31
545.1240020823736,1.2132244115749563e+31
545.0660620067151,1.2064610351633466e+31
545.0081342464036,1.2032214192909034e+31
544.9502187975128,1.1969096572258407e+31
544.8923156561185,1.1872234980178223e+31
544.8344248182977,1.1782635622892354e+31
544.7765462801295,1.1746543188218777e+31
544.7186800376945,1.1639124980781226e+31
544.660826087075,1.1590100244267854e+31
544.6029844243546,1.1546417022573869e+31
544.5451550456193,1.1486417966675748e+31
544.487337946956,1.1351806407427909e+31
544.4295331244539,1.1234260659261374e+31
544.3717405742033,1.1090832747067134e+31
544.3139602922967,1.0944686421748488e+31
544.2561922748276,1.078019057928391e+31
544.1984365178919,1.0663628677287704e+31
544.1406930175866,1.0522251346283412e+31
544.0829617700107,1.0385995052839719e+31
544.0252427712646,1.0243112904121772e+31
543.9675360174505,1.0118507053755796e+31
543.9098415046722,9.999857453243206e+30
543.8521592290351,9.861934729341505e+30
543.7944891866466,9.710927708094503e+30
543.7368313736151,9.61259083296108e+30
543.6791857860513,9.467948069997993e+30
543.6215524200672,9.345228031914122e+30
543.5639312717766,9.200397870575274e+30
543.5063223372946,9.058675682652061e+30
543.4487256127385,8.939876126525947e+30
543.3911410942268,8.814295957432163e+30
543.3335687778798,8.688546628988022e+30
543.2760086598196,8.638415515295893e+30
543.2184607361696,8.566237049627793e+30
543.1609250030554,8.507311703391192e+30
543.1034014566034,8.454586581485955e+30
543.0458900929423,8.395799411441438e+30
542.9883909082024,8.311624061088303e+30
542.9309038985153,8.281620047466994e+30
542.8734290600146,8.212592138528598e+30
542.8159663888354,8.14183874909163e+30
542.7585158811141,8.110004728793982e+30
542.7010775329894,8.041448214949409e+30
542.6436513406012,7.977453012932203e+30
542.5862373000908,7.931198294796399e+30
542.528835407602,7.858085140264354e+30
542.4714456592791,7.828793033474554e+30
542.4140680512689,7.762351404696502e+30
542.3567025797197,7.722598473288428e+30
542.2993492407809,7.654524403784416e+30
542.2420080306041,7.632060103311106e+30
542.1846789453424,7.579059420922817e+30
542.1273619811502,7.533037652768455e+30
542.070057134184,7.471797642284764e+30
542.0127644006016,7.426857630920527e+30
541.9554837765626,7.432812872822952e+30
541.8982152582281,7.431110095557464e+30
541.8409588417608,7.384770279137167e+30
541.7837145233251,7.343969006412901e+30
541.7264822990871,7.311160678440739e+30
541.6692621652145,7.320301214920476e+30
541.6120541178765,7.261676511026484e+30
541.5548581532438,7.266310241987589e+30
541.497674267489,7.211509073566964e+30
541.4405024567862,7.197629483118423e+30
541.3833427173113,7.149348529730035e+30
541.3261950452413,7.130247675423721e+30
541.2690594367555,7.100820751327424e+30
541.2119358880341,7.098616322698206e+30
541.1548243952595,7.094529179127968e+30
541.0977249546154,7.056591080166629e+30
541.0406375622873,7.022228009469674e+30
540.9835622144622,7.001390932512984e+30
540.9264989073284,7.011120066659849e+30
540.8694476370766,6.975803695333844e+30
540.8124083998983,6.96360564684365e+30
540.7553811919871,6.965808233250135e+30
540.698366009538,6.945018785088021e+30
540.6413628487475,6.912889856850303e+30
540.584371705814,6.951247324534947e+30
540.5273925769374,6.930958542374617e+30
540.4704254583189,6.910677359204025e+30
540.4134703461618,6.933982305258885e+30
540.3565272366708,6.911114994203491e+30
540.2995961260519,6.928976591767056e+30
540.2426770105131,6.91472539306302e+30
540.1857698862639,6.879142760017248e+30
540.1288747495153,6.90157562013051e+30
540.0719915964798,6.893037438293701e+30
540.0151204233719,6.928261466564538e+30
539.9582612264072,6.91393200841062e+30
539.9014140018032,6.897642852766729e+30
539.8445787457791,6.936055097079364e+30
539.7877554545553,6.926682471675917e+30
539.730944124354,6.955528928138152e+30
539.6741447513991,6.909262975142774e+30
539.617357331916,6.939091315086784e+30
539.5605818621315,6.938998911570417e+30
539.5038183382743,6.89849907979486e+30
539.4470667565745,6.96715511807616e+30
539.3903271132639,6.921550097542548e+30
539.3335994045757,7.00569918485848e+30
539.2768836267448,6.960335512702359e+30
539.220179776008,7.034855272196881e+30
539.1634878486029,6.982400661292613e+30
539.1068078407694,7.058612476500699e+30
539.0501397487487,7.050395743432962e+30
538.9934835687836,7.114733901656487e+30
538.9368392971186,7.055844789437131e+30
538.8802069299995,7.103279934649845e+30
538.8235864636738,7.105450391684859e+30
538.766977894391,7.149660569848245e+30
538.7103812184013,7.137962100033026e+30
538.6537964319573,7.204648612753651e+30
538.5972235313127,7.162433315490742e+30
538.540662512723,7.241268055065337e+30
538.4841133724452,7.206173985455414e+30
538.4275761067379,7.262781210516407e+30
538.3710507118611,7.267611863335741e+30
538.3145371840767,7.297650618235746e+30
538.2580355196478,7.27373124040734e+30
538.2015457148393,7.346855594429231e+30
538.1450677659177,7.39249164782163e+30
538.0886016691509,7.369558345399006e+30
538.0321474208084,7.426682855571276e+30
537.9757050171614,7.421796963685607e+30
537.9192744544825,7.461093520276492e+30
537.8628557290461,7.461314807820246e+30
537.806448837128,7.534819540198355e+30
537.7500537750054,7.517441620522602e+30
537.6936705389572,7.552275410881413e+30
537.6372991252641,7.596573328229045e+30
537.5809395302081,7.61050841448542e+30
537.5245917500725,7.64165742406212e+30
537.468255781143,7.703786293570584e+30
537.4119316197058,7.707789286072412e+30
537.3556192620495,7.723130527037073e+30
537.2993187044639,7.761491982653707e+30
537.2430299432402,7.785587492468698e+30
537.1867529746717,7.808111159925917e+30
537.1304877950524,7.858733630232402e+30
537.0742344006788,7.863215853226169e+30
537.0179927878484,7.866724670351726e+30
536.9617629528601,7.937481190852126e+30
536.9055448920149,7.957147221687898e+30
536.8493386016148,8.001464440144249e+30
536.7931440779638,8.006428144347892e+30
536.7369613173672,8.024143599221592e+30
536.6807903161318,8.106100716775886e+30
536.6246310705661,8.124022897746747e+30
536.5684835769802,8.1085958298335e+30
536.5123478316854,8.147742737845737e+30
536.4562238309948,8.221832035127091e+30
536.4001115712232,8.236439477683422e+30
536.3440110486866,8.217963999898507e+30
536.2879222597028,8.253045782016793e+30
536.2318452005909,8.334380667697474e+30
536.1757798676718,8.370873746690801e+30
536.1197262572678,8.402967132781727e+30
536.0636843657027,8.455990225800549e+30
536.0076541893018,8.422535349949834e+30
535.9516357243922,8.468331892053124e+30
535.8956289673023,8.509322633579341e+30
535.8396339143621,8.540584111066291e+30
535.7836505619031,8.601576238122185e+30
535.7276789062583,8.636077802820327e+30
535.6717189437626,8.715119755327984e+30
535.6157706707515,8.74697674776013e+30
535.5598340835634,8.800870363487254e+30
535.503909178537,8.742919740083925e+30
535.4479959520131,8.80760936347024e+30
535.392094400334,8.867991179240736e+30
535.3362045198436,8.894931416283802e+30
535.2803263068869,8.963016648752931e+30
535.2244597578109,8.967448796377087e+30
535.1686048689639,9.005749415804698e+30
535.1127616366958,9.043735645010746e+30
535.056930057358,9.058542385847648e+30
535.0011101273035,9.113606501881726e+30
534.9453018428866,9.157550503193257e+30
534.8895052004632,9.161479480856823e+30
534.8337201963909,9.168285297201588e+30
534.7779468270287,9.255884481274062e+30
534.7221850887371,9.301356674224609e+30
534.6664349778782,9.315450864093344e+30
534.6106964908154,9.389719881835426e+30
534.5549696239138,9.405309220786603e+30
534.4992543735401,9.454472975627622e+30
534.4435507360623,9.533883087910432e+30
534.3878587078501,9.527707407222405e+30
534.3321782852746,9.524692416092946e+30
534.2765094647084,9.611256460463862e+30
534.2208522425256,9.679893656449921e+30
534.1652066151019,9.693307389753216e+30
534.1095725788146,9.688561737365887e+30
534.0539501300422,9.761124706864469e+30
533.9983392651649,9.85042463348768e+30
533.9427399805645,9.874777692051442e+30
533.8871522726241,9.901272000271948e+30
533.8315761377285,9.905345115245163e+30
533.7760115722639,9.974273500482972e+30
533.720458572618,9.976990800752635e+30
533.66491713518,1.0033623675883985e+31
533.6093872563406,1.013800953160204e+31
533.553868932492,1.0141362564106037e+31
533.4983621600281,1.0159748704602157e+31
533.442866935344,1.0233825287033355e+31
533.3873832548365,1.0246915402094047e+31
533.3319111149036,1.0331351622864491e+31
533.2764505119454,1.0360074235865133e+31
533.2210014423628,1.038540662070951e+31
533.1655639025587,1.0399082546753915e+31
533.1101378889372,1.0457054866788147e+31
533.054723397904,1.0516834292036502e+31
532.9993204258665,1.0549356436137124e+31
532.9439289692332,1.060031648802917e+31
532.8885490244143,1.066623129755976e+31
532.8331805878215,1.0664184676639898e+31
532.7778236558681,1.0736541539017395e+31
532.7224782249688,1.074070727321799e+31
532.6671442915393,1.0806959856833304e+31
532.6118218519978,1.0834949603085907e+31
532.5565109027631,1.0884510716193042e+31
532.501211440256,1.0948286263396166e+31
532.4459234608985,1.0931869765765748e+31
532.3906469611142,1.1002812540099549e+31
532.3353819373282,1.1090104390090462e+31
532.2801283859669,1.1117094740021873e+31
532.2248863034587,1.1154959405257024e+31
532.1696556862328,1.119740207797752e+31
532.1144365307204,1.1231799486074802e+31
532.0592288333537,1.1273154795986776e+31
532.004032590567,1.1309115334393176e+31
531.9488477987957,1.1363521256035285e+31
531.8936744544766,1.1400428441968204e+31
531.8385125540481,1.1411867036972295e+31
531.7833620939501,1.1454922438229587e+31
531.7282230706242,1.153504779533911e+31
531.6730954805129,1.1549704887419448e+31
531.6179793200606,1.1600053173303494e+31
531.5628745857132,1.1642848303393325e+31
531.5077812739179,1.1661063341643442e+31
531.4526993811234,1.1709048471710596e+31
531.3976289037798,1.1815337389155122e+31
531.342569838339,1.1849819564923014e+31
531.2875221812541,1.1861288675815557e+31
531.2324859289795,1.191634102417869e+31
531.1774610779715,1.1969225926807885e+31
531.1224476246877,1.203635855365085e+31
531.0674455655868,1.2056975034409907e+31
531.0124548971296,1.2180363851051119e+31
530.957475615778,1.222512070019711e+31
530.9025077179951,1.2251029346501684e+31
530.8475512002464,1.231429357278545e+31
530.7926060589976,1.2375074415558589e+31
530.7376722907169,1.2442301941186437e+31
530.6827498918734,1.2507417552522594e+31
530.6278388589378,1.2542301459218083e+31
530.5729391883825,1.2607940238752075e+31
530.5180508766811,1.2738422471998157e+31
530.4631739203085,1.2813225865710062e+31
530.4083083157415,1.2878846024488416e+31
530.3534540594579,1.294379802035973e+31
530.2986111479373,1.2999211656403273e+31
530.2437795776608,1.3026326068281504e+31
530.1889593451106,1.3176605394454805e+31
530.1341504467706,1.3186813818588863e+31
530.079352879126,1.329976100196143e+31
530.0245666386637,1.3342284587859424e+31
529.9697917218718,1.3440716117282673e+31
529.9150281252402,1.352098199384947e+31
529.8602758452596,1.3589683780343343e+31
529.8055348784228,1.366198325054382e+31
529.7508052212239,1.3735522342998327e+31
529.6960868701583,1.374497058985644e+31
529.6413798217227,1.3865064267817589e+31
529.5866840724157,1.392469621090698e+31
529.5319996187369,1.4007297379514363e+31
529.4773264571877,1.4103438157431469e+31
529.4226645842708,1.414407723621562e+31
529.3680139964903,1.42283395271795e+31
529.3133746903517,1.4332638333530088e+31
529.258746662362,1.4378132645686916e+31
529.2041299090298,1.4447492966171831e+31
529.1495244268649,1.4547026370271548e+31
529.0949302123787,1.4602614279336536e+31
529.040347262084,1.468656132807787e+31
528.9857755724948,1.4749597219424383e+31
528.931215140127,1.4832616548811636e+31
528.8766659614978,1.488325078051646e+31
528.8221280331254,1.498037973197862e+31
528.76760135153,1.5028152105354246e+31
528.7130859132329,1.4975032998616234e+31
528.6585817147569,1.487868691042161e+31
528.6040887526265,1.4645640493668256e+31
528.5496070233671,1.436825543025363e+31
528.4951365235062,1.406612277348476e+31
528.440677249572,1.3727193515009168e+31
528.3862291980946,1.3342543324369455e+31
528.3317923656056,1.3105351557680814e+31
528.2773667486376,1.2930009850738152e+31
528.2229523437252,1.2795318196495575e+31
528.168549147404,1.2642736878390112e+31
528.1141571562109,1.2444589240449265e+31
528.0597763666847,1.223999700137784e+31
528.0054067753654,1.2049795701514414e+31
527.9510483787943,1.1821871528135287e+31
527.8967011735143,1.1662376418625776e+31
527.8423651560698,1.1449755293201646e+31
527.7880403230063,1.1249612039801954e+31
527.733726670871,1.1035249913262278e+31
527.6794241962123,1.0825026116727308e+31
527.6251328955804,1.0637256845292142e+31
527.5708527655264,1.0425664526243008e+31
527.5165838026032,1.0219249637061638e+31
527.4623260033652,1.0043372911594136e+31
527.4080793643678,9.806329553839188e+30
527.3538438821681,9.621949343896711e+30
527.2996195533244,9.404780139982084e+30
527.2454063743969,9.170806836716896e+30
527.1912043419467,8.986802461754953e+30
527.1370134525365,8.795033047876551e+30
527.0828337027306,8.622307863212376e+30
527.0286650890941,8.467588571937595e+30
526.9745076081945,8.313553767236835e+30
526.9203612565997,8.179029375369443e+30
526.8662260308796,8.017669480897631e+30
526.8121019276055,7.884156434897811e+30
526.7579889433498,7.753513604852594e+30
526.7038870746866,7.597500411545172e+30
526.6497963181913,7.452106647775505e+30
526.5957166704407,7.296902134006502e+30
526.5416481280128,7.182439404937986e+30
526.4875906874875,7.016950153014459e+30
526.4335443454456,6.861742823451463e+30
526.3795090984698,6.754855565335724e+30
526.3254849431437,6.599111871090464e+30
526.2714718760525,6.481745122696736e+30
526.217469893783,6.356573247406138e+30
526.163478992923,6.211973403407276e+30
526.1094991700622,6.088548603141157e+30
526.0555304217913,5.975310389538864e+30
526.0015727447026,5.839417711225103e+30
525.9476261353894,5.719788204159239e+30
525.8936905904471,5.601281096619661e+30
525.8397661064721,5.493127020763298e+30
525.7858526800619,5.383051663746128e+30
525.7319503078161,5.283414912016702e+30
525.678058986335,5.173529374860445e+30
525.6241787122208,5.115493669588021e+30
525.5703094820767,5.011808540366211e+30
525.5164512925077,4.944190467497494e+30
525.4626041401199,4.8630558057397654e+30
525.4087680215208,4.7856100647242186e+30
525.3549429333193,4.7096830425451905e+30
525.3011288721259,4.619492807537664e+30
525.2473258345523,4.561801006196033e+30
525.1935338172117,4.463536167972799e+30
525.1397528167183,4.396745458413676e+30
525.0859828296884,4.324109384960563e+30
525.032223852739,4.2613666517315404e+30
524.9784758824887,4.1849438810661844e+30
524.9247389155579,4.115246538678129e+30
524.8710129485679,4.0332748031941193e+30
524.8172979781414,3.971553675990013e+30
524.7635940009026,3.893630470140633e+30
524.7099010134772,3.832110576157841e+30
524.656219012492,3.76346648462259e+30
524.6025479945756,3.691776368274571e+30
524.5488879563575,3.6732124918419643e+30
524.4952388944689,3.609916039682395e+30
524.4416008055423,3.5789054795024585e+30
524.3879736862115,3.521746473648852e+30
524.3343575331118,3.481299168007863e+30
524.2807523428796,3.46656099068631e+30
524.2271581121531,3.4109730935230584e+30
524.1735748375718,3.356811859413157e+30
524.120002515776,3.3536012560864014e+30
524.0664411434082,3.288082472215721e+30
524.0128907171116,3.271882465174323e+30
523.9593512335313,3.219849459647877e+30
523.9058226893134,3.1862732005695865e+30
523.8523050811054,3.142483484128978e+30
523.7987984055565,3.1256360333863267e+30
523.7453026593167,3.08341166604595e+30
523.6918178390381,3.0461545985438854e+30
523.6383439413735,3.015123466221029e+30
523.5848809629773,2.9826228948646403e+30
523.5314289005055,2.937967687952413e+30
523.4779877506151,2.9174618389080143e+30
523.4245575099648,2.8663160983499896e+30
523.3711381752141,2.847059825353465e+30
523.3177297430249,2.805484014787591e+30
523.2643322100593,2.821058543075688e+30
523.2109455729814,2.781923677627063e+30
523.1575698284566,2.77333660110545e+30
523.1042049731517,2.733975056619628e+30
523.0508510037346,2.737671031536712e+30
522.9975079168748,2.697217678335282e+30
522.944175709243,2.7060162091382303e+30
522.8908543775116,2.661903150432248e+30
522.8375439183537,2.659045116127086e+30
522.7842443284444,2.629615627547591e+30
522.73095560446,2.62609119078669e+30
522.6776777430778,2.6049117679568226e+30
522.6244107409769,2.6005317926495826e+30
522.5711545948375,2.589697315914427e+30
522.5179093013413,2.553829045009332e+30
522.4646748571712,2.544949891714679e+30
522.4114512590116,2.523682669719803e+30
522.3582385035481,2.526479903896119e+30
522.3050365874678,2.4967314542646865e+30
522.251845507459,2.5053383086183373e+30
522.1986652602116,2.4744470865530585e+30
522.1454958424165,2.4666272833194065e+30
522.0923372507661,2.4517996620085282e+30
522.0391894819544,2.4356710615042497e+30
521.9860525326764,2.4182558397104243e+30
521.9329263996284,2.423661073375069e+30
521.8798110795084,2.4075299213003168e+30
521.8267065690155,2.411890288410617e+30
521.7736128648502,2.406540102101578e+30
521.7205299637143,2.4056597590047596e+30
521.667457862311,2.3920358116117614e+30
521.6143965573449,2.388137589417161e+30
521.5613460455219,2.380609996178057e+30
521.5083063235489,2.3898006054294081e+30
521.4552773881348,2.380445973768906e+30
521.4022592359893,2.3769605719516063e+30
521.3492518638236,2.3730993492669025e+30
521.2962552683503,2.3929228768896203e+30
521.2432694462833,2.365985221872394e+30
521.1902943943378,2.3713039858448756e+30
521.1373301092304,2.3729828195325464e+30
521.084376587679,2.376538682919333e+30
521.0314338264027,2.3730817502070427e+30
520.9785018221223,2.3625847442807325e+30
520.9255805715595,2.373100361006942e+30
520.8726700714377,2.3798939153041442e+30
520.8197703184813,2.349756181016338e+30
520.7668813094162,2.379235227607222e+30
520.7140030409698,2.3558267375192985e+30
520.6611355098704,2.3712696602681474e+30
520.6082787128481,2.3562348949974113e+30
520.555432646634,2.3623176989419372e+30
520.5025973079605,2.3593239811635653e+30
520.4497726935618,2.3637449689584675e+30
520.3969588001727,2.3687713934161185e+30
520.3441556245301,2.3760989713428172e+30
520.2913631633714,2.3616284427861828e+30
520.2385814134362,2.3620222010534244e+30
520.1858103714646,2.3676968559652258e+30
520.1330500341987,2.3760090019518566e+30
520.0803003983815,2.3726774731234352e+30
520.0275614607574,2.374428983099534e+30
519.9748332180723,2.3920339169732984e+30
519.9221156670731,2.3854518191352297e+30
519.8694088045083,2.3957129508694175e+30
519.8167126271277,2.411033555087113e+30
519.7640271316822,2.4062695659101687e+30
519.7113523149243,2.4114411931572905e+30
519.6586881736076,2.3912460387425013e+30
519.6060347044871,2.3943762595056504e+30
519.553391904319,2.4028552945442307e+30
519.5007597698611,2.4055424852784956e+30
519.4481382978723,2.3976553100960096e+30
519.3955274851128,2.4214754893011343e+30
519.3429273283441,2.4162615595613428e+30
519.2903378243293,2.3815277765694756e+30
519.2377589698323,2.358643346273073e+30
519.1851907616187,2.3154094264332918e+30
519.1326331964553,2.2917041817048896e+30
519.0800862711103,2.26219316388865e+30
519.0275499823531,2.2354278503385726e+30
518.9750243269543,2.1938608745891898e+30
518.922509301686,2.1497883805555443e+30
518.8700049033216,2.128583951894363e+30
518.8175111286356,2.0917541894040015e+30
518.7650279744041,2.0846260562982807e+30
518.7125554374044,2.0712335208974188e+30
518.6600935144148,2.051785203030515e+30
518.6076422022155,2.0293946955199376e+30
518.5552014975874,2.0096273136503297e+30
518.5027713973132,2.02059781548726e+30
518.4503518981763,1.989267505402517e+30
518.3979429969621,1.9742385966606953e+30
518.345544690457,1.9703841316519723e+30
518.2931569754484,1.9710857985163118e+30
518.2407798487255,1.958491050631206e+30
518.1884133070785,1.931573142730902e+30
518.1360573472988,1.9215349936806474e+30
518.0837119661795,1.9051465459270516e+30
518.0313771605146,1.8876196188435337e+30
517.9790529270996,1.8890699596027023e+30
517.9267392627313,1.8583345378974138e+30
517.8744361642076,1.8429272051123736e+30
517.8221436283279,1.8459363958174172e+30
517.7698616518929,1.817065843361304e+30
517.7175902317045,1.8071953457713122e+30
517.6653293645658,1.7972614579822848e+30
517.6130790472813,1.787972227682957e+30
517.560839276657,1.7770557676518736e+30
517.5086100494997,1.7723010446442218e+30
517.4563913626179,1.7618805308594415e+30
517.4041832128213,1.755692045981243e+30
517.3519855969207,1.7513204964781483e+30
517.2997985117285,1.7427195816932902e+30
517.247621954058,1.746645441716445e+30
517.1954559207243,1.7304588873063463e+30
517.1433004085432,1.731982188275136e+30
517.0911554143322,1.730713925495319e+30
517.0390209349099,1.720100866632731e+30
516.9868969670964,1.713140139955399e+30
516.9347835077127,1.7187803135115685e+30
516.8826805535813,1.7089826289324864e+30
516.8305881015261,1.694546785390201e+30
516.7785061483722,1.6976694720790309e+30
516.7264346909459,1.700594798243348e+30
516.6743737260747,1.7141901696935137e+30
516.6223232505877,1.6927618891975554e+30
516.5702832613148,1.6785941054981546e+30
516.5182537550877,1.6718270166773862e+30
516.466234728739,1.6787229394415048e+30
516.4142261791028,1.655686760871279e+30
516.3622281030142,1.6596678155077375e+30
516.31024049731,1.6691533138377284e+30
516.2582633588279,1.6747394054257582e+30
516.2062966844069,1.6560507864426416e+30
516.1543404708875,1.6667932960904032e+30
516.1023947151115,1.6673848975553999e+30
516.0504594139214,1.6617337741930535e+30
515.9985345641619,1.6713559070914163e+30
515.946620162678,1.6548265219978233e+30
515.8947162063166,1.6539478772798553e+30
515.8428226919258,1.6747513994302926e+30
515.7909396163548,1.6696825170888772e+30
515.739066976454,1.6534247217832512e+30
515.6872047690753,1.6665822406445832e+30
515.6353529910717,1.660896012536835e+30
515.5835116392977,1.669591001519838e+30
515.5316807106088,1.6674725970641698e+30
515.4798602018619,1.6579235406291547e+30
515.428050109915,1.6626423827626036e+30
515.3762504316276,1.661431867070685e+30
515.3244611638603,1.677590849149805e+30
515.272682303475,1.6656644708194917e+30
515.2209138473348,1.6494913782239306e+30
515.1691557923044,1.6534681691502284e+30
515.1174081352492,1.6732501121746645e+30
515.0656708730363,1.673331740819046e+30
515.0139440025339,1.6633869789399736e+30
514.9622275206113,1.6566487755894116e+30
514.9105214241396,1.6702170004639712e+30
514.8588257099904,1.662978650721017e+30
514.807140375037,1.681442812042165e+30
514.755465416154,1.6820953249325225e+30
514.7038008302172,1.6878453398070407e+30
514.6521466141036,1.6775352091906002e+30
514.6005027646912,1.6811760735133252e+30
514.5488692788598,1.6820444474703626e+30
514.49724615349,1.6888960797619906e+30
514.4456333854638,1.6951432840688248e+30
514.3940309716646,1.6957996669230578e+30
514.3424389089768,1.6926850077883606e+30
514.2908571942862,1.701062258017085e+30
514.2392858244798,1.695849500961012e+30
514.1877247964459,1.6989024054408378e+30
514.136174107074,1.7171577590715326e+30
514.0846337532548,1.720853622048439e+30
514.0331037318803,1.700313115297745e+30
513.9815840398438,1.7053263859880103e+30
513.9300746740398,1.7022369862798537e+30
513.878575631364,1.7239108414922014e+30
513.8270869087135,1.7167339166034756e+30
513.7756085029863,1.7211672426311226e+30
513.7241404110821,1.724013330436936e+30
513.6726826299014,1.7405129772133683e+30
513.6212351563463,1.724465816255185e+30
513.5697979873199,1.7263376710246902e+30
513.5183711197268,1.72825423097691e+30
513.4669545504726,1.70314160170244e+30
513.4155482764639,1.6848068963765316e+30
513.3641522946094,1.656276626199189e+30
513.3127666018182,1.6305725094154515e+30
513.2613911950008,1.6035565089256463e+30
513.2100260710694,1.5762298107488592e+30
513.1586712269367,1.547912204706318e+30
513.1073266595173,1.520412370132224e+30
513.0559923657269,1.4889805525237367e+30
513.0046683424819,1.4657702903744118e+30
512.9533545867007,1.433068844842546e+30
512.9020510953023,1.4182691928111704e+30
512.8507578652075,1.390250877520406e+30
512.7994748933377,1.3617346692268465e+30
512.7482021766161,1.3325439407543392e+30
512.6969397119668,1.3016379342215626e+30
512.6456874963154,1.283258839499531e+30
512.5944455265883,1.2512148111154406e+30
512.5432137997135,1.2243181240425174e+30
512.4919923126201,1.1959660850400809e+30
512.4407810622384,1.1801970812383932e+30
512.3895800455002,1.1652866425422115e+30
512.338389259338,1.1538629503534707e+30
512.2872087006859,1.1530773609007762e+30
512.2360383664793,1.1420551298906439e+30
512.1848782536543,1.1306758303361731e+30
512.1337283591491,1.116667398167492e+30
512.0825886799023,1.1077446899200672e+30
512.031459212854,1.0923717313174749e+30
511.98033995494575,1.0848651537379268e+30
511.9292309031199,1.0784855882734907e+30
511.8781320543205,1.0670996722991005e+30
511.8270434054924,1.0621998842620321e+30
511.77596495358193,1.0469902508917193e+30
511.7248966955365,1.0341489425860691e+30
511.67383862830474,1.0200390035344252e+30
511.6227907488367,1.01258002529649e+30
511.57175305408333,1.0120627122121535e+30
511.5207255409971,9.951829129779911e+29
511.4697082065315,9.859213292122154e+29
511.4187010476412,9.712303500788957e+29
511.3677040612823,9.585689698491077e+29
511.3167172444119,9.49296280525924e+29
511.26574059398854,9.32097616939949e+29
511.21477410697173,9.327679308060746e+29
511.16381778032223,9.341407122767377e+29
511.1128716110022,9.427043023299444e+29
511.0619355959749,9.42423071247459e+29
511.0110097322047,9.481818806244774e+29
510.9600940166573,9.432127669594659e+29
510.9091884462996,9.442609071140606e+29
510.85829301809974,9.450027530336637e+29
510.80740772902686,9.443534485391376e+29
510.7565325760516,9.429262973886115e+29
510.7056675561457,9.417146464533318e+29
510.65481266628194,9.439660382103709e+29
510.6039679034346,9.449002082739366e+29
510.55313326457883,9.414207671935551e+29
510.5023087466913,9.573779916333163e+29
510.45149434674966,9.586814057305545e+29
510.400690061733,9.585598381431791e+29
510.34989588862123,9.510472637104031e+29
510.2991118243959,9.533360350035658e+29
510.2483378660394,9.528860943383804e+29
510.19757401053556,9.507858674701135e+29
510.14682025486934,9.567326391934542e+29
510.0960765960269,9.508752941788848e+29
510.0453430309954,9.511475922641098e+29
509.99461955676367,9.509328532331797e+29
509.9439061703212,9.63152772968845e+29
509.8932028686591,9.657097093234437e+29
509.84250964876946,9.653401150490784e+29
509.79182650764557,9.67489024894638e+29
509.74115344228204,9.703977786159592e+29
509.6904904496744,9.661121599799404e+29
509.6398375268198,9.656958922227142e+29
509.58919467071615,9.64442927064854e+29
509.538561878363,9.64555285768261e+29
509.48793914676054,9.66430461279934e+29
509.4373264729106,9.684125648236542e+29
509.38672385381614,9.792730609140182e+29
509.3361312864812,9.786010439757123e+29
509.28554876791094,9.799208355815256e+29
509.23497629511184,9.828910970803635e+29
509.1844138650916,9.806774204728937e+29
509.1338614748589,9.821794935120664e+29
509.083319121424,9.811552379596241e+29
509.0327868017979,9.837336177324932e+29
508.9822645129931,9.949005607819383e+29
508.931752252023,9.960149748139258e+29
508.8812500159025,9.94218739239776e+29
508.83075780164756,9.894629621970334e+29
508.78027560627527,9.933260448123436e+29
508.7298034268039,9.912363578643954e+29
508.67934126025307,9.954485112360372e+29
508.6288891036433,1.0028610365335195e+30
508.57844695399655,1.0036936788389384e+30
508.5280148083358,9.994429493160232e+29
508.4775926636853,9.979623027073043e+29
508.4271805170704,9.981617486656932e+29
508.3767783655178,9.978323041240676e+29
508.3263862060552,1.0098567093145656e+30
508.2760040357115,1.0062645507917433e+30
508.22563185151677,1.0075084394434338e+30
508.17526965050246,1.0044441003808919e+30
508.1249174297009,1.0061654910236155e+30
508.0745751861458,1.0180560507572868e+30
508.02424291687197,1.0131975137584959e+30
507.97392061891543,1.0104180054924496e+30
507.9236082893133,1.011469305706227e+30
507.8733059251039,1.0045687054976453e+30
507.82301352332684,1.0090887605492166e+30
507.77273108102276,1.0107000542487856e+30
507.7224585952335,1.0105890491742106e+30
507.6721960630021,1.0130070493119864e+30
507.6219434813728,1.0194450660289838e+30
507.57170084739096,1.0192462749507901e+30
507.52146815810306,1.0182576976859875e+30
507.4712454105569,1.0170583183425146e+30
507.4210326018013,1.027123419949345e+30
507.3708297288864,1.0255397802390922e+30
507.3206367888633,1.0201358616144368e+30
507.27045377878443,1.0174792617757378e+30
507.2202806957033,1.0277744693805898e+30
507.1701175366747,1.0267541013504515e+30
507.1199642987545,1.0302500378390816e+30
507.0698209789997,1.0201092740199215e+30
507.0196875744685,1.035952640795678e+30
506.96956408222036,1.0404989961082587e+30
506.91945049931564,1.0284908634199536e+30
506.8693468228162,1.0378995196030403e+30
506.8192530497849,1.0375677752650101e+30
506.7691691772856,1.0398434768354658e+30
506.71909520238364,1.0456149497461421e+30
506.6690311221452,1.0467392994041177e+30
506.61897693363795,1.0374942972459009e+30
506.5689326339305,1.0407520826966028e+30
506.5188982200926,1.0499444224738357e+30
506.4688736891952,1.0445666320710931e+30
506.4188590383106,1.0451279251099844e+30
506.36885426451187,1.054205626889701e+30
506.31885936487356,1.049932316382328e+30
506.26887433647136,1.0474841620285614e+30
506.21889917638185,1.0564250810138698e+30
506.168933881683,1.0547296539849905e+30
506.11897844945383,1.0651962903700051e+30
506.0690328767747,1.0557274095030978e+30
506.01909716072686,1.0574184374906233e+30
505.9691712983928,1.0681990586773612e+30
505.91925528685624,1.0708349794251313e+30
505.8693491232019,1.0679252350988368e+30
505.81945280451595,1.0663390832231086e+30
505.76956632788534,1.0684494365127454e+30
505.7196896903984,1.0775889627184377e+30
505.66982288914454,1.0728437130050673e+30
505.61996592121426,1.0783482424793345e+30
505.5701187836994,1.0759650902009803e+30
505.52028147369276,1.077855089479286e+30
505.4704539882882,1.0869153261567175e+30
505.4206363245811,1.0877985504738203e+30
505.37082847966764,1.089829720991337e+30
505.32103045064525,1.0892375392690076e+30
505.2712422346126,1.0867310536417211e+30
505.2214638286693,1.0916125885432169e+30
505.1716952299163,1.0797365814781422e+30
505.1219364354555,1.0904396994609855e+30
505.0721874423902,1.087273767388001e+30
505.0224482478246,1.0876989213023894e+30
504.9727188488642,1.0881282339722649e+30
504.9229992426155,1.0960559533762435e+30
504.87328942618626,1.0992211040224093e+30
504.82358939668535,1.0973345828363182e+30
504.7738991512227,1.0977478251707958e+30
504.7242186869094,1.1028712378850658e+30
504.67454800085795,1.0954644134317998e+30
504.6248870901815,1.1020131999840689e+30
504.5752359519947,1.1031317333930954e+30
504.5255945834132,1.098570156250125e+30
504.47596298155383,1.1058279076683618e+30
504.4263411435345,1.1110769264598116e+30
504.37672906647435,1.1038590903116019e+30
504.3271267474935,1.1108295687153469e+30
504.2775341837133,1.1147387926715278e+30
504.2279513722563,1.1122039234944665e+30
504.17837831024616,1.1189429835065482e+30
504.1288149948075,1.1206203536946223e+30
504.07926142306616,1.1212629858828925e+30
504.0297175921492,1.1225039066845788e+30
503.98018349918476,1.1268094952848132e+30
503.93065914130216,1.1255069127280893e+30
503.88114451563166,1.1292487114899033e+30
503.8316396193048,1.1281102656077636e+30
503.7821444494543,1.1271233377213506e+30
503.7326590032138,1.1346207490500944e+30
503.6831832777183,1.1347043600630216e+30
503.6337172701038,1.1345062958302165e+30
503.58426097750737,1.136088304704321e+30
503.5348143970674,1.1434557583573194e+30
503.48537752592324,1.1353284564033069e+30
503.4359503612153,1.1175680744999037e+30
503.3865329000853,1.1138115381163588e+30
503.33712513967606,1.0957151216981384e+30
503.28772707713136,1.0962209377837826e+30
503.23833870959623,1.0876530255460027e+30
503.1889600342168,1.0785993958598351e+30
503.1395910481404,1.0683052884147816e+30
503.0902317485153,1.0706504554438919e+30
503.04088213249094,1.0509035789969959e+30
502.99154219721794,1.0495829602102476e+30
502.9422119398481,1.0486469368411976e+30
502.8928913575342,1.0394917424559351e+30
502.8435804474302,1.0297944632752586e+30
502.79427920669116,1.0204173028722174e+30
502.7449876324733,1.0178361151452903e+30
502.69570572193385,1.0113418741156718e+30
502.6464334722313,1.0082140953597293e+30
502.59717088052514,9.897622173331661e+29
502.54791794397596,9.824058731217535e+29
502.4986746597456,9.796452947671334e+29
502.4494410249969,9.702580853617229e+29
502.40021703689376,9.702342856125468e+29
502.35100269260136,9.524351090255896e+29
502.3017979892859,9.507307210712573e+29
502.2526029241146,9.398458267819965e+29
502.20341749425603,9.406544744448519e+29
502.1542416968796,9.35005955273668e+29
502.105075529156,9.371922906068993e+29
502.0559189882569,9.313090904847446e+29
502.0067720713553,9.2766827189835e+29
501.95763477562497,9.236711379613585e+29
501.90850709824105,9.178973168874635e+29
501.85938903637975,9.23025506942498e+29
501.8102805872184,9.170864068721864e+29
501.7611817479352,9.147388068569525e+29
501.71209251570986,9.167184073735065e+29
501.66301288772274,9.120230233532311e+29
501.6139428611558,9.056305926672148e+29
501.5648824331916,9.10424604182375e+29
501.5158316010141,9.046128303849275e+29
501.4667903618083,8.973833462627146e+29
501.4177587127603,9.013675901888175e+29
501.36873665105736,8.949060933767224e+29
501.3197241738878,8.888115166493219e+29
501.2707212784408,8.935575108497434e+29
501.2217279619071,8.874777594352573e+29
501.17274422147824,8.839122057606388e+29
501.12377005434683,8.858651482839928e+29
501.07480545770676,8.806629976741227e+29
501.0258504287529,8.857756231105718e+29
500.9769049646811,8.798873843515264e+29
500.92796906268865,8.871311530562176e+29
500.87904271997354,8.826947779733557e+29
500.83012593373513,8.811640657957397e+29
500.7812187011738,8.783974526577752e+29
500.73232101949094,8.820177082166338e+29
500.6834328858892,8.863051341996118e+29
500.63455429757215,8.829722500903216e+29
500.5856852517445,8.816376480030174e+29
500.53682574561213,8.781552223176552e+29
500.487975776382,8.873913202147838e+29
500.43913534126193,8.863798311643677e+29
500.3903044374612,8.818846381629492e+29
500.3414830621899,8.787182917633332e+29
500.2926712126594,8.832144859131848e+29
500.24386888608194,8.785832673310622e+29
500.195076079671,8.844248277900673e+29
500.14629279064127,8.888449029654034e+29
500.09751901620814,8.835265848989534e+29
500.04875475358847,8.807431491105816e+29
