wavelength,luminosity
20000.0,2.0476894013164186e+37
19922.303018228908,2.0813151023431964e+37
19845.207382417146,2.1131981013866704e+37
19768.706138183254,2.1444270627724816e+37
19692.792437967706,2.1755966585786414e+37
19617.4595389897,2.2060189053017044e+37
19542.700801250732,2.2372571579194465e+37
19468.50968558357,2.270102527830353e+37
19394.87975174554,2.299655073431381e+37
19321.804656554923,2.3302706067966787e+37
19249.278152069295,2.358833759637093e+37
19177.294083804773,2.391133854898019e+37
19105.846388995033,2.4224583029067955e+37
19034.92909488912,2.4559412024327546e+37
18964.536317087048,2.484230969484663e+37
18894.66225791214,2.5132497686957394e+37
18825.301204819276,2.5410582263432107e+37
18756.447528838038,2.569496940150951e+37
18688.095683049898,2.5998396199869523e+37
18620.240201098593,2.6156698786525704e+37
18552.875695732837,2.6107111788004563e+37
18485.996857380534,2.6082890756733476e+37
18419.59845275373,2.608786812627147e+37
18353.675323483527,2.614739620079063e+37
18288.2223847842,2.62585467549228e+37
18223.234624145785,2.621240591763562e+37
18158.70710005448,2.623245358580205e+37
18094.63494074007,2.6567469517355395e+37
18031.013342949875,2.753687946663221e+37
17967.83757074836,2.806032464109077e+37
17905.102954341986,2.823311482039774e+37
17842.80488892854,2.8334497370071344e+37
17780.938833570413,2.8400100758818404e+37
17719.500310091258,2.9267655286274754e+37
17658.48490199541,2.997612410808541e+37
17597.88825340959,3.0268287237603815e+37
17537.7060680463,3.0154129763934236e+37
17477.934108188412,3.0081852413880216e+37
17418.56819369448,3.05443064314222e+37
17359.604201024216,3.1315888904943154e+37
17301.038062283737,3.175074542195729e+37
17242.865764290025,3.224088288249773e+37
17185.083347654236,3.288320757322709e+37
17127.68690588336,3.344066363339595e+37
17070.67258449983,3.4679323841828495e+37
17014.036580178647,3.6109624423342364e+37
16957.775139901645,3.6938374935853123e+37
16901.884560128452,3.7510358575309226e+37
16846.361185983827,3.7998849660623895e+37
16791.20141046092,3.8483772821906456e+37
16736.401673640165,3.8881979137308324e+37
16681.95846192343,3.920788920073553e+37
16627.868307283006,3.955291197993162e+37
16574.127786525234,3.992029209761955e+37
16520.733520568312,4.03358807377924e+37
16467.682173734047,4.0763073016602827e+37
16414.970453053185,4.119668355603465e+37
16362.595107584062,4.1624849661493636e+37
16310.55292774425,4.2044070023379247e+37
16258.840744654906,4.271236881682205e+37
16207.455429497568,4.3385517259652475e+37
16156.393892883107,4.399048421738478e+37
16105.653084232566,4.456202772257124e+37
16055.229991169623,4.507643351589149e+37
16005.121638924456,4.567517010461969e+37
15955.325089748701,4.628779290054873e+37
15905.837442341339,4.683367765712771e+37
15856.655831285181,4.738597410624091e+37
15807.777426493836,4.794584824860483e+37
15759.19943266882,4.848623779841699e+37
15710.919088766692,4.903405162125543e+37
15662.933667475918,4.95863237002057e+37
15615.240474703309,5.011695828349458e+37
15567.836849069823,5.062800908575125e+37
15520.72016141549,5.116964896345066e+37
15473.887814313346,5.168640268036298e+37
15427.337241592102,5.223046140586775e+37
15381.065907867414,5.277580713502291e+37
15335.07130808158,5.338997573760575e+37
15289.350967051449,5.394581032109225e+37
15243.90243902439,5.45068512391081e+37
15198.723307242191,5.507041052466951e+37
15153.811183512653,5.564359461338541e+37
15109.163707788774,5.624565050590461e+37
15064.778547755348,5.690306805507079e+37
15020.65339842283,5.757297843622886e+37
14976.78598172832,5.827698951391059e+37
14933.174046143507,5.895146277901712e+37
14889.815366289458,5.95750794552398e+37
14846.707742558088,6.019863979263657e+37
14803.849000740192,6.076601319244114e+37
14761.2369916599,6.134292662001652e+37
14718.869590815424,6.195227498911133e+37
14676.744698025977,6.25664676191352e+37
14634.860237084737,6.315986746370006e+37
14593.21415541773,6.3720222776854735e+37
14551.804423748546,6.429873675624844e+37
14510.629035768701,6.489162793622035e+37
14469.686007813632,6.55198936692981e+37
14428.973378544119,6.616257420954539e+37
14388.489208633096,6.680378547862639e+37
14348.23158045771,6.744566656493537e+37
14308.198597796538,6.808198500576069e+37
14268.388385531856,6.8714783764791505e+37
14228.79908935686,6.926727605558887e+37
14189.428875487763,6.985007666190666e+37
14150.275930380643,7.046434594661506e+37
14111.338460452975,7.109856199491807e+37
14072.61469180974,7.175512764138828e+37
14034.10286997404,7.240600993675748e+37
13995.801259622114,7.3069539769931815e+37
13957.708144322703,7.371483011868773e+37
13919.821826280626,7.434438176961537e+37
13882.140626084543,7.502352531387654e+37
13844.662882458813,7.569016296732739e+37
13807.386952019331,7.635703573152945e+37
13770.311209033325,7.705859160803414e+37
13733.434045183,7.765384345955119e+37
13696.75386933297,7.813022259010264e+37
13660.269107301414,7.859859691257265e+37
13623.978201634878,7.906543288715384e+37
13587.879611386645,7.960520397560475e+37
13551.971811898633,8.02649993602182e+37
13516.253294586742,8.096922121094193e+37
13480.722566729579,8.168700312392797e+37
13445.378151260506,8.237575062296426e+37
13410.218586562962,8.303560437562881e+37
13375.242426268976,8.3723753836695475e+37
13340.448239060834,8.487062690052246e+37
13305.834608475818,8.615536897036217e+37
13271.400132714003,8.721659529536152e+37
13237.143424449005,8.811927736472474e+37
13203.06311064167,8.895931318916468e+37
13169.157832356621,8.977941888642738e+37
13135.426244581637,9.061935165751157e+37
13101.867016049788,9.150492067700827e+37
13068.478829064297,9.236367359260065e+37
13035.260379326079,9.323087193924958e+37
13002.210375763882,9.41188376368338e+37
12969.327540367032,9.499450920695615e+37
12936.610608020701,9.585016353792303e+37
12904.058326343637,9.663020949542259e+37
12871.669455528383,9.739511064688484e+37
12839.442768183862,9.815853473677286e+37
12807.37704918033,9.8928226041107e+37
12775.471095496649,9.970652643249468e+37
12743.723716069837,1.0048740803404857e+38
12712.133731646858,1.0129420350928365e+38
12680.6999746386,1.0218816482000877e+38
12649.42128897603,1.0311364099100638e+38
12618.296529968455,1.039303148493172e+38
12587.324564163888,1.0487145704777794e+38
12556.504269211451,1.0582527773077327e+38
12525.83453372581,1.0675952953789531e+38
12495.314257153568,1.0773586789482361e+38
12464.942349641633,1.0870385849570327e+38
12434.717731907487,1.0968354582534057e+38
12404.639335111333,1.1058122390806597e+38
12374.706100730109,1.1141920020647833e+38
12344.916980433307,1.1226254895874263e+38
12315.270935960592,1.1310804258326114e+38
12285.766939001167,1.1396346324767166e+38
12256.403971074888,1.14721199399273e+38
12227.181023415053,1.1547394457953586e+38
12198.09709685289,1.1638303560361854e+38
12169.15120170368,1.1730671189083263e+38
12140.342357654488,1.181783851823248e+38
12111.669593653487,1.1905375037134718e+38
12083.13194780087,1.1991158910554982e+38
12054.728467241277,1.2079391066408581e+38
12026.458208057727,1.217034702473284e+38
11998.320235167079,1.2268670107376454e+38
11970.313622216903,1.2369756696787261e+38
11942.437451483847,1.2471438568737046e+38
11914.690813773383,1.2588751862990353e+38
11887.072808320952,1.270576932477206e+38
11859.582542694498,1.2816925574124703e+38
11832.21913269834,1.2919196259606844e+38
11804.981702278363,1.302226638858568e+38
11777.869383428537,1.3122668956702047e+38
11750.881316098707,1.3221715182260298e+38
11724.016648103641,1.3323831505778066e+38
11697.274535033339,1.342952972020993e+38
11670.654140164557,1.3535148890031993e+38
11644.154634373546,1.3644405709190526e+38
11617.775196049957,1.3756381332003875e+38
11591.51501101194,1.3868605575740508e+38
11565.373272422368,1.3971150527146123e+38
11539.34918070621,1.4074452515696807e+38
11513.441943469,1.4180361010579591e+38
11487.650775416429,1.4291490778348065e+38
11461.974898274973,1.4400034035213974e+38
11436.413540713633,1.4508221892600676e+38
11410.965938266676,1.4606020002126399e+38
11385.63133325743,1.4701326030977052e+38
11360.40897472309,1.4795807757544018e+38
11335.298118340514,1.4892835064487273e+38
11310.298026352993,1.4989704999126477e+38
11285.407967498026,1.5085903025963299e+38
11260.627216935984,1.5182371297191844e+38
11235.955056179775,1.5286561052507732e+38
11211.390773025394,1.5396630011474857e+38
11186.933661483388,1.5503698166429914e+38
11162.583021711223,1.5617771931856459e+38
11138.338159946536,1.5730235187485905e+38
11114.198388441235,1.581270918765715e+38
11090.163025396474,1.5910137301054938e+38
11066.231394898468,1.6027068700838293e+38
11042.402826855125,1.6126430723462776e+38
11018.676656933503,1.6210560868261437e+38
10995.052226498075,1.6289822509227184e+38
10971.528882549783,1.6372746711274365e+38
10948.105977665866,1.6492814090931406e+38
10924.78286994046,1.6611994023337212e+38
10901.558922925979,1.6719737367435975e+38
10878.433505575198,1.6824233355254588e+38
10855.405992184109,1.6924969082886129e+38
10832.475762335482,1.702271433530619e+38
10809.642200843153,1.7147972545778626e+38
10786.904697696997,1.733848964129444e+38
10764.262648008611,1.751316789207949e+38
10741.715451957678,1.7672229251707387e+38
10719.262514738984,1.781830031378235e+38
10696.903246510135,1.7953037006883607e+38
10674.63706233988,1.8082676904265167e+38
10652.463382157124,1.821375823009554e+38
10630.381630700542,1.8338148292814484e+38
10608.391237468839,1.8458936994086547e+38
10586.491636671606,1.858398456733721e+38
10564.682267180815,1.8711061924439283e+38
10542.96257248287,1.884189910010991e+38
10521.33200063128,1.8974213548697256e+38
10499.790004199916,1.910508855776837e+38
10478.33604023681,1.9234892836661915e+38
10456.96957021855,1.937354554627562e+38
10435.690060005218,1.9511509464736344e+38
10414.496979795875,1.9636715963050068e+38
10393.389804084602,1.976342988443879e+38
10372.36801161705,1.989427634330604e+38
10351.431085347549,2.0023957697387376e+38
10330.578512396694,2.01505247538253e+38
10309.809784009485,2.0277702220540807e+38
10289.124395513942,2.0407845173911778e+38
10268.52184628023,2.0536074043034228e+38
10248.001639680264,2.0666728909601065e+38
10227.563283047815,2.0794112727207323e+38
10207.206287639074,2.092409965344121e+38
10186.930168593695,2.1054950402287575e+38
10166.7344448963,2.118548399407362e+38
10146.618639338441,2.130743749296488e+38
10126.582278481013,2.1426544739505187e+38
10106.62489261711,2.154482788453e+38
10086.746015735325,2.1669958122848233e+38
10066.945185483466,2.1792378788171486e+38
10047.221943132723,2.192115123845802e+38
10027.57583354224,2.204776146184974e+38
10008.006405124099,2.2167783572034914e+38
9988.513209808722,2.2292891056064226e+38
9969.095803010667,2.2417209393459776e+38
9949.753743594847,2.25318260261666e+38
9930.486593843098,2.26415956203902e+38
9911.293919421181,2.2751168346527187e+38
9892.175289346129,2.28546803175551e+38
9873.130275953992,2.295624808679302e+38
9854.158454867955,2.3058906084335325e+38
9835.259404966806,2.3158407125664977e+38
9816.432708353785,2.3258043547953753e+38
9797.677950325773,2.33586766660421e+38
9778.99471934285,2.346510884739329e+38
9760.382606998195,2.3447858123357494e+38
9741.84120798831,2.339154949435802e+38
9723.370120083622,2.331692511184433e+38
9704.968944099379,2.328046459785874e+38
9686.637283866905,2.3252541212740143e+38
9668.374746205162,2.3218216471927002e+38
9650.180940892642,2.3248538299816493e+38
9632.055480639568,2.3266019875560106e+38
9613.997981060424,2.3337143829417346e+38
9596.008060646773,2.342392033326735e+38
9578.085340740385,2.3537398859470897e+38
9560.229445506693,2.3631633620394917e+38
9542.44000190849,2.3765583346204565e+38
9524.71663967997,2.3905711471109954e+38
9507.05899130104,2.4060070856370263e+38
9489.466691971911,2.422724590744532e+38
9471.939379587971,2.5137434849219732e+38
9454.476694714947,2.5910165613691888e+38
9437.078280564338,2.6468563939292448e+38
9419.743782969103,2.686381285828508e+38
9402.472850359645,2.71516977765633e+38
9385.265133740028,2.738276516200527e+38
9368.120286664482,2.7598351387244753e+38
9351.037965214138,2.780123014520203e+38
9334.017827974052,2.79922061500987e+38
9317.059536010434,2.8169381179067663e+38
9300.162752848175,2.83321999369992e+38
9283.32714444857,2.849227752911834e+38
9266.552379187324,2.8647742957087858e+38
9249.838127832763,2.8800265916124464e+38
9233.184063524306,2.895401576887458e+38
9216.589861751152,2.9108277689544653e+38
9200.055200331202,2.9260153022189934e+38
9183.57975939021,2.941818570534367e+38
9167.163221341156,2.958360931804792e+38
9150.805270863837,2.975469329725338e+38
9134.505594884677,2.9900257797900916e+38
9118.263882556761,2.9972615653860594e+38
9102.079825240067,2.996083205565198e+38
9085.953116481918,2.9887148929082947e+38
9069.883451997643,2.9813994407589112e+38
9053.870529651425,2.9743328418467684e+38
9037.91404943739,2.972615918035761e+38
9022.013713460845,2.970135901294294e+38
9006.169225919755,2.971123359890215e+38
8990.380293086399,2.9746121517409092e+38
8974.646623289209,2.978430949026165e+38
8958.967926894822,2.984836862884331e+38
8943.343916290301,2.990594340358112e+38
8927.774305865549,3.0002719322178463e+38
8912.2588119959,3.0110531938507757e+38
8896.79715302491,3.0217635445210705e+38
8881.389049247302,3.033395766717895e+38
8866.0342228921,3.0564470804579884e+38
8850.732398105944,3.0879966340642018e+38
8835.483300936561,3.1497889455863006e+38
8820.286659316427,3.2284438660584643e+38
8805.142203046578,3.2893984200323367e+38
8790.0496637806,3.3359959544104197e+38
8775.008775008775,3.3727561197843184e+38
8760.019272042398,3.4027323791705977e+38
8745.080891998252,3.428280322875613e+38
8730.19337378323,3.451461973783378e+38
8715.356458079135,3.473450799373807e+38
8700.56988732762,3.494874829321729e+38
8685.833405715279,3.515997877465101e+38
8671.146759158899,3.53701160027938e+38
8656.509695290859,3.5576794649724845e+38
8641.92196344467,3.578956262281091e+38
8627.383314640669,3.600336026426159e+38
8612.893501571853,3.621709914045698e+38
8598.452278589853,3.6432730274952536e+38
8584.05940169106,3.6647529658584386e+38
8569.714628502872,3.686006874067179e+38
8555.417718270095,3.706905280840584e+38
8541.168431841475,3.726616357073627e+38
8526.966531656362,3.744942382727901e+38
8512.811781731505,3.762889892457125e+38
8498.703947647984,3.781065197865751e+38
8484.642796538266,3.799022944299413e+38
8470.628097073397,3.816285462638788e+38
8456.659619450318,3.833034620134773e+38
8442.73713537929,3.849137372680566e+38
8428.860418071477,3.864800565818747e+38
8415.029242226616,3.877274914989704e+38
8401.243384020836,3.889127970278371e+38
8387.502621094569,3.900536960356133e+38
8373.806732540612,3.9105170331259524e+38
8360.15549889228,3.9199057957326335e+38
8346.548702111677,3.929235505874467e+38
8332.986125578102,3.938464822151216e+38
8319.46755407654,3.9427991065670566e+38
8305.992773786287,3.9449004445951305e+38
8292.561572269675,3.948300815976045e+38
8279.1737384609,3.9557623527639854e+38
8265.829062654984,3.9637958114351255e+38
8252.527336496802,3.9710103431664165e+38
8239.268352970255,3.979868157053541e+38
8226.051906387529,3.989969555942334e+38
8212.87779237845,4.000734637178405e+38
8199.745807879955,4.01270449018279e+38
8186.655751125665,4.024707592727312e+38
8173.607421635538,4.045394881674975e+38
8160.600620205647,4.068921659533215e+38
8147.635148898032,4.094789968232406e+38
8134.710811030667,4.121620402022274e+38
8121.827411167513,4.148916327453869e+38
8108.98475510866,4.176546256283226e+38
8096.182649880581,4.203217839532895e+38
8083.420903726457,4.2351926324059866e+38
8070.6993260966065,4.2692044053348615e+38
8058.017727639,4.303707821767151e+38
8045.37592018987,4.33695678025926e+38
8032.773716764399,4.370362561041332e+38
8020.2109315475,4.404281690112937e+38
8007.68737988469,4.438195231298539e+38
7995.202878273038,4.471973158323534e+38
7982.7572443522,4.506141939872055e+38
7970.350296895549,4.5413063152953734e+38
7957.98185580137,4.578397437917797e+38
7945.651742084146,4.616788096649683e+38
7933.359777865927,4.653887640507538e+38
7921.105786367778,4.691581365489483e+38
7908.889591901298,4.7317680173495125e+38
7896.711019860229,4.770984774330179e+38
7884.569896712135,4.809591998555152e+38
7872.46604999016,4.847498283902809e+38
7860.399308284863,4.884788408701275e+38
7848.369501236119,4.920372138077988e+38
7836.376459525117,4.954074015172671e+38
7824.420014866399,4.984664217757712e+38
7812.500000000001,5.0122925193722026e+38
7800.6162486836465,5.038720877183127e+38
7788.768595685023,5.061815500801581e+38
7776.956876774119,5.082875498804705e+38
7765.18092871564,5.102958713686749e+38
7753.440589261486,5.123774647094717e+38
7741.7356971433,5.144649422901308e+38
7730.066092065088,5.164505968758656e+38
7718.4316146958945,5.1840547623932415e+38
7706.832106662557,5.204566027797915e+38
7695.267410542517,5.225728497584915e+38
7683.737369856699,5.246879646642868e+38
7672.241829062453,5.267048360301652e+38
7660.780633546559,5.26020649066813e+38
7649.353629618298,5.239139140662486e+38
7637.960664502579,5.211516150510636e+38
7626.60158633313,5.179528379525565e+38
7615.276244145758,5.1494614652292425e+38
7603.984487871646,5.1147637618721484e+38
7592.72616833074,5.072890093713093e+38
7581.501137225171,5.035799044974331e+38
7570.309247132746,4.99564660402289e+38
7559.150351500492,4.951157697618113e+38
7548.024304638262,4.912213403894264e+38
7536.930961712392,4.8698227089727535e+38
7525.8701787394175,4.830694830100185e+38
7514.841812579846,4.794086537624917e+38
7503.845720931979,4.7567330430118764e+38
7492.881762325792,4.725719459956521e+38
7481.949796116869,4.694314754923156e+38
7471.0496824803895,4.66848784001668e+38
7460.181282405163,4.643859239007253e+38
7449.344457687725,4.624640599570554e+38
7438.539070926471,4.683576750533817e+38
7427.764985515859,4.766957908683535e+38
7417.022065640646,4.8638193233511304e+38
7406.310176270184,4.958334027964564e+38
7395.629183152757,5.055432758056573e+38
7384.9789528099855,5.146007648549603e+38
7374.35935253125,5.2345577959282205e+38
7363.770250368189,5.319642120306032e+38
7353.211515129234,5.3961911656401884e+38
7342.683016374184,5.469573159460891e+38
7332.184624408843,5.538908088382094e+38
7321.71621027969,5.603333824494614e+38
7311.277645768599,5.665187635137899e+38
7300.868803387603,5.720017682279443e+38
7290.489556373712,5.7711433105505204e+38
7280.1397786837515,5.81696291403749e+38
7269.819344989278,5.8573333831322885e+38
7259.528130671507,5.895254352852441e+38
7249.266011816305,5.928428838504353e+38
7239.032865209209,5.955955144485525e+38
7228.828568330503,5.9811556098302074e+38
7218.652999350322,6.004320289647588e+38
7208.506037123808,6.027694086884903e+38
7198.387561186295,6.051830148064656e+38
7188.2974517485545,6.076035526704769e+38
7178.2355896920535,6.098748933642007e+38
7168.201856564282,6.119046889873198e+38
7158.196134574087,6.138077431519874e+38
7148.218306587084,6.1554453845366764e+38
7138.268256121066,6.150453159728068e+38
7128.345867341483,6.085628002163257e+38
7118.451025056948,5.9958822792715665e+38
7108.583614714769,5.900686680565153e+38
7098.743522396537,5.7930447658676405e+38
7088.930634813739,5.679273165657394e+38
7079.144839303413,5.558264591072964e+38
7069.386023823831,5.431009486076686e+38
7059.65407695023,5.2882241275863124e+38
7049.948887870563,5.156289476274387e+38
7040.270346381302,5.020627214863308e+38
7030.618342883256,4.892324234835947e+38
7020.9927683774495,4.779680255639605e+38
7011.393514461,4.658650099557332e+38
7001.820473323064,4.5645032663803306e+38
6992.273537740797,4.472649399982019e+38
6982.752601075345,4.389105298489849e+38
6973.257557267878,4.3255012254344475e+38
6963.788300835656,4.274171396607062e+38
6954.344726868112,4.2263470258365345e+38
6944.926731022989,4.194761353581236e+38
6935.53420952249,4.179653864267613e+38
6926.167059149468,4.347647251175956e+38
6916.825177243645,4.58492148074293e+38
6907.508461697866,4.8948776917823605e+38
6898.216810954369,5.2272860069009624e+38
6888.950124001103,5.572767514161425e+38
6879.708300368065,5.8931221029211624e+38
6870.491240123669,6.1757492815932846e+38
6861.298843871145,6.397489213453136e+38
6852.131012744964,6.590998056457895e+38
6842.987648407296,6.733547362042384e+38
6833.868653044489,6.856074051932825e+38
6824.7739293635905,6.953097369356183e+38
6815.703380588878,7.044712211901391e+38
6806.65691045843,7.143770429498867e+38
6797.634423220719,7.228821339387403e+38
6788.635823631242,7.308331776073274e+38
6779.661016949153,7.381946622164558e+38
6770.709908933953,7.45480559653331e+38
6761.782405842181,7.52876887510429e+38
6752.878414424149,7.602041683583883e+38
6743.997841920692,7.676730028308536e+38
6735.140596059943,7.754034732955711e+38
6726.306585054148,7.832084652059665e+38
6717.49571759648,7.911992780080725e+38
6708.70790285791,7.996243152857533e+38
6699.943050484071,8.080657021824705e+38
6691.201070592172,8.162345154307628e+38
6682.481873767918,8.238379343139875e+38
6673.785371062468,8.315258757984459e+38
6665.111473989403,8.394820976897692e+38
6656.460094521734,8.47537673080428e+38
6647.831145088916,8.551079329803631e+38
6639.224538573895,8.627319419297354e+38
6630.640188310182,8.698693076642531e+38
6622.078008078935,8.765702676239396e+38
6613.537912106081,8.828951315244313e+38
6605.019815059446,8.889564492004075e+38
6596.523632045913,8.943582542211267e+38
6588.049278608604,8.992397778907435e+38
6579.596670724085,9.03477184093921e+38
6571.16572479958,9.077552621286318e+38
6562.756357670222,9.120498442826569e+38
6554.368486596317,9.162962819605125e+38
6546.00202926063,9.205786673380092e+38
6537.656903765691,9.249318917018103e+38
6529.333028631126,9.292708842312347e+38
6521.030322791002,9.336768341448093e+38
6512.748705591196,9.381378528728336e+38
6504.488096786783,9.427943831124964e+38
6496.248416539449,9.481348428932037e+38
6488.02958541491,9.481800712059622e+38
6479.831524380366,9.444004621549901e+38
6471.654154801968,9.353897734051136e+38
6463.497398442298,9.236581222034842e+38
6455.361177457879,9.113261200025726e+38
6447.2454143967,8.967318248390061e+38
6439.15003219575,8.804315829213838e+38
6431.074954178592,8.643655059106178e+38
6423.020104052926,8.457920954645591e+38
6414.985405908202,8.263824638753155e+38
6406.970784213225,8.049806599603085e+38
6398.976163813791,7.831882942598783e+38
6391.001469930338,7.602493383626256e+38
6383.046628155619,7.368231702747705e+38
6375.111564452378,7.12909815734008e+38
6367.196205151063,6.888957694019294e+38
6359.3004769475365,6.653169034522239e+38
6351.4243069008235,6.4153120903005505e+38
6343.567622430856,6.20469288774205e+38
6335.730351316249,5.99703625629528e+38
6327.9124216920845,5.804651217460013e+38
6320.113762047717,5.635580877128446e+38
6312.334301224594,5.474332517726694e+38
6304.573968414085,5.3702209208052956e+38
6296.832693155343,5.381340191252567e+38
6289.110405333166,5.4415321112131475e+38
6281.407035175879,5.5788749227579555e+38
6273.722513253239,5.768243606879735e+38
6266.056770474341,6.00844830487474e+38
6258.409738085553,6.297746970100124e+38
6250.781347668459,6.613379758666057e+38
6243.171531137818,6.95282946845326e+38
6235.58022073954,7.296350903471586e+38
6228.007349048672,7.613634686049837e+38
6220.452848967405,7.902715653274012e+38
6212.916653723091,8.13580116283547e+38
6205.398696866274,8.335023513710459e+38
6197.898912268741,8.484990263890222e+38
6190.41723412158,8.615293893911547e+38
6182.9535969332555,8.731566344861204e+38
6175.507935527697,8.835549530003387e+38
6168.080185042407,8.909346293757563e+38
6160.670280926565,8.974009252112641e+38
6153.278158939175,9.020464579238433e+38
6145.903755147195,9.062154308120643e+38
6138.547005923698,9.092648347038518e+38
6131.207847946046,9.121522081567116e+38
6123.886218194066,9.146551579952457e+38
6116.582053948255,9.170789036569584e+38
6109.295292787977,9.192361251093455e+38
6102.0258725897,9.216119477056957e+38
6094.773731525217,9.242071820680008e+38
6087.538808059901,9.268163875021461e+38
6080.321040950963,9.295006855060874e+38
6073.120369245718,9.330535434182335e+38
6065.936732279883,9.363785700503506e+38
6058.770069675857,9.395159131410559e+38
6051.620321341039,9.425872982339249e+38
6044.4874274661515,9.457546170844435e+38
6037.371328523562,9.493945045289026e+38
6030.271965265634,9.534827427839469e+38
6023.189278723084,9.575341272575786e+38
6016.123210203345,9.618884648133844e+38
6009.073701288947,9.660682251674404e+38
6002.040693835905,9.702458493331899e+38
5995.024129972123,9.745066263796357e+38
5988.023952095809,9.788657098484492e+38
5981.040102873891,9.83235457919822e+38
5974.072525240456,9.875098790179275e+38
5967.121162395203,9.91843478876327e+38
5960.185957801884,9.960789858430877e+38
5953.266855186784,1.0001644497607931e+39
5946.363798537194,1.0040170850815384e+39
5939.476732099903,1.0077699166033546e+39
5932.6056003796875,1.0114339916596404e+39
5925.7503481378335,1.0148478350876398e+39
5918.910920390648,1.018131931987427e+39
5912.087262407993,1.0214049096760693e+39
5905.279319711823,1.0245855902608046e+39
5898.487038074734,1.0279157226126995e+39
5891.71036351853,1.031697807328542e+39
5884.949242312785,1.0367931635515477e+39
5878.2036209734315,1.041716345303214e+39
5871.473446261339,1.045971476699091e+39
5864.758665180928,1.049923973487452e+39
5858.059224978765,1.0534270831587938e+39
5851.375073142189,1.0568347748885223e+39
5844.706157397937,1.0600314616826507e+39
5838.052425710783,1.0632190625556552e+39
5831.4138262821825,1.0665186967274198e+39
5824.790307548929,1.069856400584787e+39
5818.181818181818,1.0731520853585478e+39
5811.5883070843265,1.0756930724240255e+39
5805.0097233912875,1.0758590397393555e+39
5798.4460164675875,1.0757541347895261e+39
5791.897135906866,1.0754099951321635e+39
5785.363031530229,1.0748871042098542e+39
5778.843653384958,1.0739678761699568e+39
5772.338951743246,1.0744330186236988e+39
5765.8488771009315,1.0752654792000535e+39
5759.373380176236,1.0759225269022596e+39
5752.912411908529,1.0762637358208268e+39
5746.465923457074,1.0778790297001818e+39
5740.033866199811,1.079655142944255e+39
5733.616191732126,1.0815598179715154e+39
5727.212851865639,1.0834016480639222e+39
5720.823798627002,1.0857286739172604e+39
5714.448984256694,1.088477138319236e+39
5708.088361207831,1.090990253526282e+39
5701.7418821449955,1.0938200420327657e+39
5695.409499943046,1.0969865159120921e+39
5689.091167685962,1.100042875641909e+39
5682.786838665682,1.1033468047266191e+39
5676.49646638095,1.1068102713148826e+39
5670.220004536176,1.1100765632796081e+39
5663.9574070403,1.1134604623201815e+39
5657.708628005658,1.1168900574459378e+39
5651.473621746871,1.1201524126051995e+39
5645.252342779723,1.1234018596495331e+39
5639.044745820058,1.1341417705014382e+39
5632.850785782685,1.1482864425476107e+39
5626.6704177802785,1.160618670626558e+39
5620.503597122302,1.1716957220058548e+39
5614.350279313927,1.1810822664811067e+39
5608.21042005496,1.1889502992198543e+39
5602.083975238789,1.1958129067832617e+39
5595.970900951316,1.2015160787888498e+39
5589.871153469913,1.206660064977463e+39
5583.784689262382,1.2104394361592065e+39
5577.711464985917,1.2134019470830657e+39
5571.651437486071,1.2158179313206646e+39
5565.604563795742,1.2171606973646471e+39
5559.570801134153,1.2169935249818321e+39
5553.55010690584,1.2159531450846892e+39
5547.5424386996565,1.2147222591993953e+39
5541.5477542877725,1.2130683921664956e+39
5535.566011624688,1.2107638591062362e+39
5529.59716884625,1.2076697776859988e+39
5523.641184268669,1.2035846256069107e+39
5517.698016387563,1.1990746652820421e+39
5511.767623876978,1.194242686719457e+39
5505.849965588438,1.1889022109299194e+39
5499.945000549994,1.1835452600441386e+39
5494.052687965278,1.1779967253813946e+39
5488.172987212558,1.1722149843146738e+39
5482.3058578438095,1.1658831913761874e+39
5476.45125958379,1.1593708315442977e+39
5470.6091523291125,1.1526565914133162e+39
5464.77949614733,1.1452710368644009e+39
5458.962251276033,1.1381540710642181e+39
5453.157378121933,1.1302986857491663e+39
5447.364837259976,1.1228423886855096e+39
5441.584589432443,1.1158016003799414e+39
5435.816595548066,1.1087284425689377e+39
5430.060816681147,1.1010403712624814e+39
5424.317214070679,1.0960249594816452e+39
5418.58574911948,1.0939225389656163e+39
5412.866383393327,1.0924739413735144e+39
5407.159078620093,1.0927248004340013e+39
5401.463796688903,1.0952587926030231e+39
5395.780499649274,1.0998275395988534e+39
5390.109149710282,1.1047188751177096e+39
5384.449709239716,1.1096012781811657e+39
5378.802140763251,1.1149939221172806e+39
5373.166406963624,1.120120927758289e+39
5367.542470679799,1.1294588937482345e+39
5361.930294906166,1.1408783325230986e+39
5356.329842791719,1.1522096686476833e+39
5350.7410776392535,1.1621549490723628e+39
5345.163962904562,1.1714403233002547e+39
5339.598462195643,1.1805925295971059e+39
5334.044539271903,1.189153698466913e+39
5328.502158043375,1.1969197642948909e+39
5322.971282569931,1.2049812738985336e+39
5317.451877060513,1.2121692183891338e+39
5311.943905872355,1.2190141687083252e+39
5306.447333510215,1.2245125901464291e+39
5300.96212462562,1.2306451561240413e+39
5295.488244016098,1.2372856868259394e+39
5290.025656624434,1.2430222866445219e+39
5284.574327537917,1.2486154695936834e+39
5279.134221987594,1.2538624937337317e+39
5273.705305347537,1.2594725862853079e+39
5268.287543134104,1.2635887470850552e+39
5262.88090100521,1.2671845360236508e+39
5257.4853447596015,1.2702344975804074e+39
5252.100840336135,1.2725991862471818e+39
5246.7273538130585,1.274336914009041e+39
5241.3648514073075,1.2762603425312113e+39
5236.0132994737805,1.2782877704471505e+39
5230.672664504656,1.280148456537e+39
5225.342913128675,1.2817257452803591e+39
5220.024012110455,1.286922124160803e+39
5214.715928349803,1.2923159413072208e+39
5209.418628881018,1.2980721889230176e+39
5204.132080872213,1.3040454670945361e+39
5198.856251624643,1.3126802226076938e+39
5193.591108572022,1.321995157470446e+39
5188.336619279859,1.3314055082279407e+39
5183.092751444787,1.3406344240062776e+39
5177.859472893906,1.3497532185375955e+39
5172.63675158412,1.3580812209202624e+39
5167.4245556014885,1.3664794553617926e+39
5162.222853160571,1.3744008102391834e+39
5157.031612603785,1.3821623130863254e+39
5151.850802400763,1.38939958124251e+39
5146.68039114771,1.396460363458258e+39
5141.520347566776,1.4026985965937604e+39
5136.370640505418,1.4072732960672665e+39
5131.231238935783,1.411406467829364e+39
5126.102111954071,1.4141766691380348e+39
5120.983228779926,1.4171248713686564e+39
5115.874558755819,1.4219217569433726e+39
5110.776071346433,1.4273734891450384e+39
5105.6877361380575,1.4327602041676083e+39
5100.609522837979,1.4379544388616916e+39
5095.541401273885,1.4432406239602428e+39
5090.483341393266,1.4485942609452448e+39
5085.435313262816,1.453898682541249e+39
5080.397287067849,1.45840636179223e+39
5075.369233111709,1.4627101991178198e+39
5070.351121815186,1.4658554630084954e+39
5065.342923715936,1.468982723971113e+39
5060.344609467906,1.47138848135915e+39
5055.356149840757,1.4732987663265855e+39
5050.3775157192995,1.4746579672990472e+39
5045.408678102926,1.4758642395114977e+39
5040.449608105044,1.477102447064891e+39
5035.500276952515,1.4778349308083627e+39
5030.560655985109,1.4783833195318163e+39
5025.63071665494,1.47865311193878e+39
5020.71043052592,1.478893373090055e+39
5015.799769273211,1.4792769249306933e+39
5010.898704682685,1.4795517210076775e+39
5006.00720865038,1.480188395411209e+39
5001.125253181966,1.4807926594773448e+39
4996.252810392206,1.48153648294932e+39
4991.38985250443,1.4843058580715756e+39
4986.536351850005,1.4889860985771895e+39
4981.692280867811,1.494458827608392e+39
4976.857612103718,1.50121159369158e+39
4972.032318210068,1.5082653259381617e+39
4967.216371945162,1.514706316346647e+39
4962.409746172742,1.52057295474891e+39
4957.612413861484,1.5255128047033922e+39
4952.824348084495,1.5302892786646898e+39
4948.045522018802,1.5348076382700782e+39
4943.275908944857,1.5382634310507833e+39
4938.515482246036,1.5412926406657537e+39
4933.764215408146,1.544523297208023e+39
4929.022082018928,1.5476912703129775e+39
4924.289055767573,1.5516652463771022e+39
4919.565110444238,1.5550044530569117e+39
4914.850219939547,1.558683107982818e+39
4910.1443582441325,1.562660190467724e+39
4905.447499448137,1.5677567839195406e+39
4900.7596177407495,1.572909281021515e+39
4896.080687409729,1.5781712255451804e+39
4891.410682840932,1.5828505998915395e+39
4886.749578517849,1.587806198100182e+39
4882.097349021139,1.593100260535881e+39
4877.453969028168,1.5988499401576844e+39
4872.819413312543,1.604906107831879e+39
4868.193656743665,1.6114190153775633e+39
4863.576674286271,1.6180532215619296e+39
4858.968440999976,1.6246057232182783e+39
4854.368932038836,1.63119702869845e+39
4849.77812265089,1.637880518889805e+39
4845.195988177722,1.644421811122848e+39
4840.622504054022,1.6509441147365132e+39
4836.057645807138,1.658724263056361e+39
4831.50138905665,1.6665592890851555e+39
4826.953709513926,1.6749666921200298e+39
4822.414582981699,1.6834824024802586e+39
4817.883985353633,1.6938803209644922e+39
4813.361892613897,1.7054790779156162e+39
4808.84828083674,1.7176581210964444e+39
4804.3431261860715,1.7293696772847137e+39
4799.8464049150425,1.7424484258403787e+39
4795.358093365622,1.7560806049414328e+39
4790.878167968189,1.769317575456613e+39
4786.406605241115,1.7822515257541585e+39
4781.943381790359,1.7950048098979143e+39
4777.488474309055,1.8078611667066563e+39
4773.041859577109,1.8196790537227496e+39
4768.60351446079,1.8311118519776367e+39
4764.173415912339,1.8418766699111185e+39
4759.751540969562,1.851555629875971e+39
4755.337866755433,1.8608862426741427e+39
4750.932370477706,1.8692741920240744e+39
4746.535029428517,1.8761747620645453e+39
4742.145820983995,1.88250681993201e+39
4737.764722603875,1.8883242429641728e+39
4733.391711831113,1.8940787263118905e+39
4729.026766291498,1.8997757638329635e+39
4724.669863693275,1.9053176658085343e+39
4720.320981826764,1.9106057104002486e+39
4715.980098563984,1.917097605880139e+39
4711.647191858274,1.9247179364884984e+39
4707.322239743921,1.9326257072107724e+39
4703.005220335795,1.9404721048926498e+39
4698.696111828967,1.948317931679887e+39
4694.394892498357,1.956065623153478e+39
4690.101540698356,1.9638112831719816e+39
4685.8160348624715,1.9713849768152446e+39
4681.538353502961,1.9745724457229627e+39
4677.268475210477,1.9715134805361933e+39
4673.006378653707,1.964055285518751e+39
4668.752042579019,1.951745865789156e+39
4664.505445810108,1.937088631872029e+39
4660.266567247647,1.9196966745081322e+39
4656.035385868933,1.9014564989879093e+39
4651.811880727543,1.8811672524392006e+39
4647.59603095299,1.858043994105993e+39
4643.387815750371,1.8354316975719584e+39
4639.187214400037,1.8105454262639902e+39
4634.994206257242,1.7844680402107158e+39
4630.808770751812,1.7560835429813428e+39
4626.630887387804,1.7284559363592534e+39
4622.4605357431765,1.698744244097676e+39
4618.2976954694495,1.6697423415759067e+39
4614.142346291383,1.640580898237051e+39
4609.994468006638,1.6133281182578732e+39
4605.8540404854575,1.5839119997040324e+39
4601.721043670333,1.5563753912516473e+39
4597.595457575688,1.5300253915951225e+39
4593.477262287552,1.5038203935874545e+39
4589.366437963239,1.4787208098093723e+39
4585.262964831033,1.455310210809326e+39
4581.166823189867,1.430980940681609e+39
4577.077993409008,1.408843765670925e+39
4572.996455927747,1.3870516971055918e+39
4568.922191255083,1.3653846778703086e+39
4564.855179969416,1.3451282436052295e+39
4560.795402718234,1.3260847549015002e+39
4556.742840217812,1.3076259694722298e+39
4552.6974732529025,1.291248092957558e+39
4548.659282676431,1.2753565400520087e+39
4544.628249409198,1.2752961706966629e+39
4540.604354439576,1.2792585008512228e+39
4536.58757882321,1.2877236944293714e+39
4532.57790368272,1.3086683291078591e+39
4528.575310207409,1.3317694333034962e+39
4524.579779652965,1.3618845574028283e+39
4520.591293341169,1.3992629161816644e+39
4516.609832659606,1.4384367798071114e+39
4512.635379061372,1.4816804283355232e+39
4508.667914064789,1.5263517599318708e+39
4504.70741925312,1.5708065864446548e+39
4500.753876274276,1.6115652919850614e+39
4496.807266840543,1.652843878359982e+39
4492.867572728294,1.6878854612387514e+39
4488.934775777708,1.7193486049092488e+39
4485.008857892494,1.7481528890581113e+39
4481.089801039612,1.7700737656383987e+39
4477.177587248998,1.791414135458033e+39
4473.272198613286,1.808923515545428e+39
4469.373617287537,1.8228698318539e+39
4465.481825488971,1.8364025018060337e+39
4461.596805496687,1.8470012281337325e+39
4457.718539651407,1.856851386208781e+39
4453.8470103551945,1.8658392634072996e+39
4449.982200071199,1.8746504293994308e+39
4446.124091323389,1.8834411961343702e+39
4442.272666696282,1.8918863320768992e+39
4438.427908834691,1.8994463612037583e+39
4434.589800443458,1.906654814045512e+39
4430.7583242872015,1.911987125066158e+39
4426.933463190048,1.9168493654809332e+39
4423.115200035385,1.920973779938768e+39
4419.3035177656,1.9241851640092353e+39
4415.4983993818305,1.9272622208170613e+39
4411.699827943707,1.9299738700299162e+39
4407.907786569105,1.932448965256739e+39
4404.122258433894,1.9348452648398117e+39
4400.343226771688,1.9369309664920593e+39
4396.570674873598,1.9391523812987735e+39
4392.804586087987,1.9413675930759575e+39
4389.044943820225,1.943397043083062e+39
4385.29173153244,1.9454538665465417e+39
4381.544932743285,1.9475103068329766e+39
4377.804531027689,1.9497423188589317e+39
4374.0705100166215,1.9522347703364146e+39
4370.342853396849,1.9547807387093593e+39
4366.621544910702,1.9572453033578423e+39
4362.906568355839,1.9594834466983964e+39
4359.197907585004,1.9623252303851747e+39
4355.495546505804,1.9651982439316536e+39
4351.799469080464,1.9676648440262653e+39
4348.109659325608,1.9694573090559554e+39
4344.426101312017,1.9712382496892353e+39
4340.748779164406,1.9727504455598893e+39
4337.077677061196,1.9740469417995316e+39
4333.412779234286,1.9757487577696484e+39
4329.754069968826,1.9782105706553976e+39
4326.101533602993,1.9809084013753566e+39
4322.455154527772,1.983600500431097e+39
4318.814917186724,1.9860935972650802e+39
4315.180806075775,1.988407686474722e+39
4311.552805742988,1.990706536455922e+39
4307.930900788351,1.993098035489654e+39
4304.315075863553,1.9951777141428884e+39
4300.70531567177,1.9967360107353607e+39
4297.101604967449,1.9981949842984973e+39
4293.503928556094,1.9993988285109327e+39
4289.912271294052,2.0004283227996158e+39
4286.326618088298,2.0010968840382115e+39
4282.746953896229,2.0011289698566343e+39
4279.173263725448,2.0013024998293932e+39
4275.605532633559,2.0018244451433908e+39
4272.043745727956,2.0016521140047994e+39
4268.487888165618,2.0014712667543228e+39
4264.9379451528985,2.0010607218790517e+39
4261.393901945326,2.0005667827154056e+39
4257.855743847398,1.999857709297717e+39
4254.323456212376,1.9990581473374273e+39
4250.797024442083,1.998220850586039e+39
4247.276433986705,1.9973689392780197e+39
4243.761670344594,1.9967841984940413e+39
4240.252719062056,1.9962727431854205e+39
4236.749565733169,1.995444477603501e+39
4233.2521959995765,1.9945875416786632e+39
4229.760595550291,1.9943515811117897e+39
4226.274750121505,1.99493249636115e+39
4222.794645496389,1.9950261104000185e+39
4219.320267504905,1.994546169380851e+39
4215.851602023608,1.9935423563175235e+39
4212.388634975463,1.992534017781762e+39
4208.931352329643,1.9841798342276325e+39
4205.479740101352,1.968420429155757e+39
4202.033784351626,1.9528435450393943e+39
4198.593471187152,1.9367596299758354e+39
4195.158786760079,1.9208352653490773e+39
4191.72971726783,1.904099899160593e+39
4188.306248952924,1.8845423464693146e+39
4184.888368102781,1.865602498427544e+39
4181.4760610495505,1.8489164077256266e+39
4178.069314169922,1.8328310649901106e+39
4174.668113884946,1.814199596801237e+39
4171.272446659853,1.7966223309777214e+39
4167.882299003876,1.778661359924215e+39
4164.497657470068,1.762391102339447e+39
4161.118508655127,1.7480433334540833e+39
4157.744839199218,1.7361588770481387e+39
4154.3766357858,1.7246540105404666e+39
4151.013885141446,1.7103537645628187e+39
4147.65657403567,1.6988535851320007e+39
4144.304689280756,1.6943692011865332e+39
4140.958217731583,1.6873006750202455e+39
4137.6171462854545,1.6792035068675398e+39
4134.281461881925,1.67243913618493e+39
4130.951151502633,1.6683497127338874e+39
4127.626202171131,1.6655571098804735e+39
4124.306600952715,1.661981141226112e+39
4120.992334954257,1.658720333027123e+39
4117.683391324041,1.656439452231778e+39
4114.379757251594,1.6541868541313954e+39
4111.081419967522,1.6544966848671382e+39
4107.788366743345,1.6550021787334968e+39
4104.500584891333,1.6565750379022885e+39
4101.218061764344,1.659208136769077e+39
4097.94078475566,1.662303455052821e+39
4094.6687412988285,1.666121998785544e+39
4091.4019188675,1.672187839990517e+39
4088.1403049752666,1.6803383542846098e+39
4084.883887175507,1.741218196594593e+39
4081.6326530612246,1.8037131745843478e+39
4078.3865902648913,1.8674291533822927e+39
4075.1456864582906,1.9289996660059905e+39
4071.9099293523623,1.992337412444342e+39
4068.6793066970463,2.050224487599594e+39
4065.453806281126,2.0974544348684658e+39
4062.2334159320794,2.145717570650002e+39
4059.0181235159216,2.1852086299510564e+39
4055.8079169370535,2.2146145595559572e+39
4052.602784138113,2.2439109593653597e+39
4049.4027130998174,2.2673176412916894e+39
4046.207691840822,2.2860420851585983e+39
4043.017708417563,2.3050663583574968e+39
4039.8327509241117,2.3195029280321626e+39
4036.6528074920275,2.332132113635448e+39
4033.4778662902086,2.3447603426802796e+39
4030.307915524746,2.354804161541708e+39
4027.1429434387774,2.3642022669827106e+39
4023.982938312341,2.3733550432823856e+39
4020.8278884622346,2.3812708830959043e+39
4017.6777822418644,2.388709993032166e+39
4014.5326080411087,2.395976656087118e+39
4011.3923542861726,2.4028824497856712e+39
4008.257009439445,2.409664684056554e+39
4005.1265619993587,2.41674064483138e+39
4002.00100050025,2.4229707402807513e+39
3998.880313512216,2.429312566053712e+39
3995.76448964098,2.4358692234378837e+39
3992.653517527749,2.442234484256307e+39
3989.5473858490755,2.4487605343102374e+39
3986.446083316723,2.4562933064401648e+39
3983.3495986775274,2.4643134397584662e+39
3980.257920713262,2.472490542924429e+39
3977.171038240499,2.4799758377918044e+39
3974.0889401104796,2.488483387767403e+39
3971.0116152089745,2.4965040399800252e+39
3967.939052456154,2.5047386819696588e+39
3964.871240806455,2.5131843963462685e+39
3961.8081692484448,2.521264196537487e+39
3958.7498268046947,2.5289264341235284e+39
3955.6962025316457,2.536487791781809e+39
3952.6472855194766,2.544389333113863e+39
3949.603064891978,2.551158063398856e+39
3946.5635298064212,2.5585013438921287e+39
3943.528669453427,2.5648108154092354e+39
3940.4984730568417,2.5715870422215375e+39
3937.4729298736074,2.5771465030579805e+39
3934.4520291936337,2.5822852092684963e+39
3931.4357603396757,2.5869602208632408e+39
3928.4241126672036,2.5916115396589404e+39
3925.4170755642785,2.5959153265449922e+39
3922.4146384514306,2.5998564800630354e+39
3919.4167907815317,2.603408045972531e+39
3916.4235220396736,2.606768030779986e+39
3913.434821743044,2.607425677839528e+39
3910.4506794408057,2.60602894243334e+39
3907.4710847139727,2.6041866219032827e+39
3904.496027175292,2.6013323925798175e+39
3901.5254964691194,2.598717558954228e+39
3898.5594822713006,2.5956096188250436e+39
3895.5979742890536,2.592487903458502e+39
3892.6409622608458,2.588408132778559e+39
3889.68843595628,2.584383407156599e+39
3886.7403851759723,2.5794936985283156e+39
3883.796799751437,2.574023287300562e+39
3880.857669544969,2.5669296442449867e+39
3877.922984449529,2.5551434716802564e+39
3874.992734388623,2.5433693552424408e+39
3872.066909316193,2.529528149215659e+39
3869.145499216498,2.5148340007626726e+39
3866.2284941040016,2.4948282322600036e+39
3863.315884023257,2.472296032566788e+39
3860.4076590487957,2.4491497048102128e+39
3857.503809285012,2.4250882561760482e+39
3854.6043248660526,2.4002325939595278e+39
3851.7091959557056,2.3742233781203288e+39
3848.8184127472864,2.3476398464987912e+39
3845.931965463531,2.3200974308246703e+39
3843.049844356481,2.2929331796649158e+39
3840.172039707379,2.2641176901242824e+39
3837.298541826554,2.2363484409773677e+39
3834.429341053318,2.206780822667468e+39
3831.5644277558526,2.1766573521111267e+39
3828.7037923311063,2.146025540605114e+39
3825.847425204683,2.1169880919652373e+39
3822.995316830737,2.088206545951138e+39
3820.1474576918667,2.0581257478213528e+39
3817.3038382990094,2.0286351346806402e+39
3814.4644491913336,1.9988736128694205e+39
3811.629280936136,1.9692051638350296e+39
3808.7983241287375,1.9404307607005598e+39
3805.9715693923768,1.911989510109684e+39
3803.1490073781088,1.884262181538112e+39
3800.3306287647024,1.8604206953744228e+39
3797.516424258535,1.8406380084642276e+39
3794.706384593492,1.8221388557256886e+39
3791.900500530866,1.8050179060378952e+39
3789.098762859254,1.7882473758490594e+39
3786.3011623944567,1.7711149771550713e+39
3783.50768997938,1.7546923191940506e+39
3780.718336483932,1.7403550880710702e+39
3777.9330928049267,1.725095991103636e+39
3775.1519498659823,1.7122750483453078e+39
3772.3748986174246,1.6989011829394816e+39
3769.6019300361877,1.687358173629358e+39
3766.8330351257177,1.6861498788961013e+39
3764.0682049158727,1.6888392893958912e+39
3761.307430462829,1.6935907661541965e+39
3758.5507028489815,1.702957033156263e+39
3755.798013182851,1.718280642661542e+39
3753.0493525989864,1.7484695195763658e+39
3750.304712257871,1.782667909879589e+39
3747.564083345825,1.818469230251959e+39
3744.827457074915,1.8535622732084172e+39
3742.0948246828575,1.888761532621223e+39
3739.366177432925,1.9240627865026916e+39
3736.641506613855,1.9557706604121476e+39
3733.920803539757,1.9863214999674037e+39
3731.2040595500166,2.0163307974822777e+39
3728.491266009209,2.0420946888293833e+39
3725.7824143070043,2.0666557482996264e+39
3723.077495858076,2.0901826246916325e+39
3720.3765021020126,2.1120017222569318e+39
3717.679424503225,2.1329118352480513e+39
3714.986254550858,2.1530260312855242e+39
3712.2969837587007,2.172372672102039e+39
3709.611603665096,2.1905272547402822e+39
3706.9301058328547,2.2071746081411587e+39
3704.2524818491625,2.223518151793162e+39
3701.5787233254982,2.2394142393053223e+39
3698.90882189754,2.2546184347800017e+39
3696.2427692250826,2.2691331318042197e+39
3693.5805569919476,2.2840854752057475e+39
3690.9221769059,2.299018596448359e+39
3688.2676206985575,2.3122316464129794e+39
3685.6168801253107,2.3257409098984753e+39
3682.969946965233,2.339830628367632e+39
3680.3268130209963,2.352298838710434e+39
3677.687470118789,2.3654259393121045e+39
3675.05191010823,2.3814373325807493e+39
3672.420124862284,2.396445150630301e+39
3669.792106277179,2.411450080931186e+39
3667.1678462723235,2.4267194582170426e+39
3664.5473367902227,2.4411900979063827e+39
3661.9305697963964,2.4549876040287963e+39
3659.317537279297,2.468476732992162e+39
3656.7082312502284,2.4809921749071425e+39
3654.102643743263,2.4926859966831566e+39
3651.500766815161,2.5040108219614503e+39
3648.9025925452916,2.5155910717222396e+39
3646.3081130355513,2.5267491807897004e+39
3643.7173204102824,2.5398020185764774e+39
3641.130206816196,2.5533054820107687e+39
3638.5467644222895,2.565572073704435e+39
3635.9669854197723,2.5743548219561057e+39
3633.390862021982,2.5830745123869396e+39
3630.8183864643092,2.5918581636147478e+39
3628.249551004118,2.6003550100200078e+39
3625.68434792067,2.608860115647156e+39
3623.122769515045,2.6175915984073118e+39
3620.564808110065,2.6260201869896576e+39
3618.010456050218,2.635023974243085e+39
3615.45970570158,2.6441698608326106e+39
3612.9125494517407,2.652516719199524e+39
3610.3689797097263,2.6610015165007558e+39
3607.8289889059256,2.6692529778924382e+39
3605.292569492014,2.673803797087055e+39
3602.7597139408786,2.675292740223553e+39
3600.230414746544,2.676803521738562e+39
3597.7046644240972,2.6780535236242225e+39
3595.182455509617,2.6790873073256728e+39
3592.6637805600963,2.6799908748384272e+39
3590.1486321533707,2.6809003579748145e+39
3587.6370028880474,2.6821819562406464e+39
3585.1288853834294,2.6829767289086596e+39
3582.6242722794445,2.683534270434188e+39
3580.1231562365742,2.684224046115856e+39
3577.6255299357813,2.6852590688795858e+39
3575.1313860784385,2.6865522760108795e+39
3572.640717386256,2.6873207419784828e+39
3570.1535166012136,2.6882179046639624e+39
3567.6697764854885,2.6892606023898167e+39
3565.189489821384,2.6902824217108692e+39
3562.7126494112613,2.691227137758415e+39
3560.2392480774706,2.692838856906667e+39
3557.769278662279,2.6947546610959713e+39
3555.302734027802,2.696814986888165e+39
3552.8396070559393,2.6987870630899598e+39
3550.3798906482994,2.7014634195570093e+39
3547.9235777261356,2.7046527225416926e+39
3545.4706612302784,2.7078103570665982e+39
3543.0211341210647,2.7114733551321122e+39
3540.5749893782745,2.7146601232350083e+39
3538.1322200010613,2.717565167736834e+39
3535.6928190078843,2.7204568516255194e+39
3533.2567794364454,2.723126686352693e+39
3530.8240943436194,2.7262689518915396e+39
3528.394756805391,2.729380156920835e+39
3525.968759916787,2.732540238974345e+39
3523.546096791811,2.735784610297004e+39
3521.1267605633802,2.739485011862417e+39
3518.710744383258,2.743174335087275e+39
3516.298041421991,2.746653659820013e+39
3513.888644868844,2.7502079830938734e+39
3511.4825479317365,2.753861140948583e+39
3509.0797438371783,2.757412639087525e+39
3506.6802258302064,2.7614235541319607e+39
3504.2839871743204,2.7659011773338247e+39
3501.8910211514217,2.770498553367404e+39
3499.5013210617485,2.77499283580226e+39
3497.1148802238154,2.779527858655132e+39
3494.731691974349,2.787214964006809e+39
3492.3517496682266,2.795535280980834e+39
3489.9750466784158,2.803736544117581e+39
3487.601576395912,2.8116850254009464e+39
3485.231332229677,2.8195324251901736e+39
3482.8643076065755,2.828050926842521e+39
3480.5004959713206,2.8367797379553255e+39
3478.1398907864072,2.8454401566277243e+39
3475.782485532055,2.8543390226792375e+39
3473.4282737061476,2.8630789757422966e+39
3471.0772488241723,2.871221008993024e+39
3468.729404419161,2.8790732663188e+39
3466.384734041631,2.886904583192701e+39
3464.0432312595262,2.894545983144773e+39
3461.7048896581564,2.90162726364416e+39
3459.369702840142,2.908904544769084e+39
3457.0376644253533,2.9161653840779755e+39
3454.708768050853,2.9229332573303127e+39
3452.3830073708373,2.929333572270029e+39
3450.060376056581,2.935872851413318e+39
3447.7408677963763,2.942343140899276e+39
3445.4244762954795,2.9484264273502455e+39
3443.111195276051,2.954351058004026e+39
3440.8010184771015,2.960208768472123e+39
3438.4939396544314,2.965850977627232e+39
3436.1899525805784,2.971347476437949e+39
3433.8890510447604,2.9770762890128624e+39
3431.591228852819,2.9827151844032316e+39
3429.2964798271632,2.9882643202498623e+39
3427.004797806717,2.993702900337605e+39
3424.7161766468603,2.999082866825986e+39
3422.4306102193777,3.0042537660641465e+39
3420.148092412401,3.009477627031118e+39
3417.8686171303575,3.014584303004371e+39
3415.5921782939117,3.0197151196679825e+39
3413.318769839915,3.0246740006301853e+39
3411.0483857213517,3.029544113221266e+39
3408.781019907281,3.0344160799600704e+39
3406.51666638279,3.0391201044914064e+39
3404.255319148936,3.043801539002059e+39
3401.9969722226947,3.04837978551933e+39
3399.7416196369077,3.0530731341586444e+39
3397.4892554402295,3.0576295606564776e+39
3395.2398736970767,3.0620433542172387e+39
3392.9934684875734,3.0664212435694887e+39
3390.7500339075,3.070603423662424e+39
3388.5095640682443,3.0747494058640986e+39
3386.272053096746,3.0787772539859396e+39
3384.0374951354456,3.0826513596765346e+39
3381.8058843422386,3.086352232791166e+39
3379.577214890417,3.090184734019603e+39
3377.3514809686244,3.093595744957094e+39
3375.1286767808024,3.096932931873107e+39
3372.9087965461413,3.1001438526419713e+39
3370.6918344990304,3.103009110268302e+39
3368.4777848890085,3.1055735017291585e+39
3366.266641980711,3.1081281754504264e+39
3364.0584000538247,3.1106563266264055e+39
3361.853053403035,3.112983795336338e+39
3359.650596337981,3.1151245553863893e+39
3357.4510231831996,3.117068527953435e+39
3355.2543282780834,3.1192509059377076e+39
3353.0605059768304,3.1216093161669294e+39
3350.8695506483928,3.1242092635638737e+39
3348.6814566764333,3.126581793665551e+39
3346.4962184592728,3.1288275674897585e+39
3344.313830409845,3.130696633203633e+39
3342.1342869556497,3.1323155963604014e+39
3339.957582538702,3.13372377974631e+39
3337.783711615487,3.134853036485108e+39
3335.6126686569155,3.135610885610189e+39
3333.444448148271,3.1360998303758104e+39
3331.2790445891696,3.136253692364982e+39
3329.116452493508,3.1361931721735427e+39
3326.9566663894198,3.1357660438639235e+39
3324.7996808192306,3.1350939064957374e+39
3322.645490339408,3.134002453445404e+39
3320.4940895205204,3.132491715240317e+39
3318.3454729471887,3.130618453656757e+39
3316.1996352180404,3.128186638261933e+39
3314.056570945666,3.124836431343961e+39
3311.916274756574,3.121036731254568e+39
3309.778741291145,3.116844715674269e+39
3307.643965203585,3.1121210972755324e+39
3305.511941161887,3.107290477355221e+39
3303.38266384778,3.10174396910989e+39
3301.256127956687,3.0957085593650773e+39
3299.132328197684,3.0891590355848446e+39
3297.0112592934506,3.082393689843445e+39
3294.89291598023,3.075136008642765e+39
3292.777293007787,3.0674076379902303e+39
3290.664385139359,3.0591485570410083e+39
3288.554187151619,3.050859419840812e+39
3286.4466938346254,3.0422399112818696e+39
3284.341899991789,3.0333958283506646e+39
3282.23980043982,3.024325635473871e+39
3280.140390008692,3.015203850279302e+39
3278.0436635415986,3.006201103357008e+39
3275.9496158949073,2.9975905342412607e+39
3273.8582419381237,2.988907189984278e+39
3271.769536553845,2.979896848200395e+39
3269.683494637719,2.9706946635010446e+39
3267.6001110984034,2.9613961756038045e+39
3265.519380857525,2.9520908394599704e+39
3263.441298849637,2.943339477120364e+39
3261.365860022177,2.934500430652786e+39
3259.29305933543,2.925902544578687e+39
3257.222891762483,2.917184063835012e+39
3255.1553522891877,2.908443396999202e+39
3253.090435914118,2.900222314201894e+39
3251.0281376485314,2.89210329031855e+39
3248.9684525163257,2.8842853524135384e+39
3246.9113755540043,2.8764054454145435e+39
3244.85690181063,2.8686052446148175e+39
3242.8050263477908,2.8611306970252206e+39
3240.755744239557,2.853801805262099e+39
3238.709050572442,2.846715108806464e+39
3236.6649404453647,2.8399789817991745e+39
3234.6234089696104,2.8334892957793944e+39
3232.5844512687895,2.827149074486676e+39
3230.5480624787992,2.821344997321073e+39
3228.5142377477882,2.816134690928491e+39
3226.482972236114,2.811140545524471e+39
3224.4542611163056,2.8071942949062706e+39
3222.428099573028,2.803730623713583e+39
3220.4044828030396,2.8002936632566904e+39
3218.383406015158,2.799144587933377e+39
3216.3648644302207,2.798981638057601e+39
3214.3488532810466,2.7992919296855946e+39
3212.3353678123995,2.7997988255277896e+39
3210.3244032809516,2.800364149080734e+39
3208.315954955244,2.801552226607964e+39
3206.3100181156515,2.804054254054959e+39
3204.306588054345,2.806507679093503e+39
3202.305660075254,2.809289306997436e+39
3200.307229494031,2.812765974981034e+39
3198.311291638015,2.816880289655291e+39
3196.317841846193,2.821146071657477e+39
3194.3268754691667,2.825865686120105e+39
3192.3383878691143,2.8309339458703527e+39
3190.3523744197546,2.835722318029652e+39
3188.368830506313,2.84041554221341e+39
3186.387751525483,2.8451665788949495e+39
3184.409132885393,2.8504490661042256e+39
3182.4329700055687,2.855982788494012e+39
3180.4592583169006,2.8618458978081797e+39
3178.4879932616054,2.867863263874271e+39
3176.5191702931925,2.873631634012767e+39
3174.55278487643,2.8796639595296923e+39
3172.5888324873094,2.885601900987901e+39
3170.627308613009,2.891777139955073e+39
3168.6682087518616,2.897859317031559e+39
3166.7115284133192,2.903563966360345e+39
3164.7572631179187,2.909517646282745e+39
3162.8054083972484,2.915380724131002e+39
3160.855959793912,2.921089220306523e+39
3158.9089128614974,2.926599987761844e+39
3156.964263164541,2.932094552936298e+39
3155.022006278494,2.937569105433036e+39
3153.082137789689,2.94297784235443e+39
3151.144653295309,2.9479582033257333e+39
3149.2095484033507,2.9531303359126014e+39
3147.2768187325914,2.958920703877699e+39
3145.346459912559,2.9649086966965045e+39
3143.4184675834967,2.9709986085690824e+39
3141.4928373963307,2.977333998775757e+39
3139.5695650126368,2.983753589974332e+39
3137.6486461046093,2.990495397376982e+39
3135.7300763550274,2.996405739138195e+39
3133.8138514572233,3.0019572563047924e+39
3131.89996711505,3.0075231663299967e+39
3129.9884190428493,3.0129262286265595e+39
3128.0792029654185,3.018656844832061e+39
3126.1723146179816,3.024263780057535e+39
3124.267749746153,3.029379545355972e+39
3122.3655041059105,3.033514069697319e+39
3120.4655734635603,3.037726659516215e+39
3118.567953595709,3.0417128404713e+39
3116.672640289227,3.045799966133671e+39
3114.779629341224,3.0499808520792895e+39
3112.8889165590126,3.054227987977858e+39
3111.0004977600797,3.0588956796638617e+39
3109.114368772055,3.0640979401187664e+39
3107.2305254326816,3.0693722637045514e+39
3105.348963589783,3.0744552510445605e+39
3103.4696791012348,3.080317831290033e+39
3101.592667834933,3.0869395582724163e+39
3099.7179256687637,3.093690720526325e+39
3097.8454484905747,3.100910727265589e+39
3095.9752321981423,3.109408886055048e+39
3094.1072726991442,3.118533573181543e+39
3092.241565911129,3.127531218897674e+39
3090.3781077614844,3.1368844048752404e+39
3088.5168941874113,3.145875114936193e+39
3086.65792113589,3.1547455397968695e+39
3084.8011845636547,3.1631755241129194e+39
3082.946680437162,3.172030902769095e+39
3081.094404732561,3.180985015582977e+39
3079.2443534356667,3.189157907900214e+39
3077.3965225419292,3.197222470827419e+39
3075.550908056405,3.205855897618738e+39
3073.7075059937297,3.214273339019299e+39
3071.8663123780852,3.2232815620908534e+39
3070.027323243177,3.232178651618976e+39
3068.1905346322,3.2392344135373965e+39
3066.3559425978165,3.247691387353065e+39
3064.5235432021204,3.2559117945624887e+39
3062.693332516615,3.263032362255684e+39
3060.8653066221823,3.27099178712998e+39
3059.039461609055,3.278282692026936e+39
3057.2157935767896,3.285212623268522e+39
3055.3942986342386,3.2928166415495426e+39
3053.574972899522,3.299279515608808e+39
3051.7578125,3.306378932117327e+39
3049.9428135722455,3.3129497324932884e+39
3048.129972262017,3.3191123922478275e+39
3046.319284724232,3.3262619598265893e+39
3044.510747122937,3.33355189576902e+39
3042.7043556312847,3.340427790937189e+39
3040.9001064315034,3.34702212268651e+39
3039.097995714872,3.35395330755596e+39
3037.2980196816907,3.360794125701862e+39
3035.5001745412596,3.36731047763806e+39
3033.7044565118467,3.374612667220175e+39
3031.910861820662,3.383986880829375e+39
3030.119386703836,3.394429146627748e+39
3028.3300274063868,3.404900479750474e+39
3026.5427801821975,3.414636438958541e+39
3024.757641293991,3.423862480844347e+39
3022.974607013301,3.4330482053008326e+39
3021.1936736204475,3.441894518050824e+39
3019.414837404511,3.4503423812781515e+39
3017.6380946633067,3.4577017474651125e+39
3015.8634417033595,3.4640562399211565e+39
3014.090874839876,3.4709653891028306e+39
3012.3203903967224,3.4771115482673494e+39
3010.5519847063956,3.4823909328127295e+39
3008.785654110001,3.487672812469252e+39
3007.021394957225,3.493252388369295e+39
3005.2592036063106,3.497735346543081e+39
3003.499076424034,3.5017859857984533e+39
3001.7410097856755,3.506323843088522e+39
2999.9850000749993,3.5108444726925404e+39
2998.2310436842263,3.515266544901787e+39
2996.4791370140083,3.518084116609668e+39
2994.7292764734066,3.5237666166167813e+39
2992.9814584798646,3.526086753552905e+39
2991.2356794591847,3.528661021539929e+39
2989.491935845503,3.5356701321463565e+39
2987.7502240812664,3.5393812779654067e+39
2986.010540617208,3.543528772923476e+39
2984.272881912322,3.547664421267032e+39
2982.5372444338395,3.551636297762722e+39
2980.8036246572074,3.555984666105253e+39
2979.0720190660604,3.560448882758149e+39
2977.3424241522016,3.5650752940498945e+39
2975.6148364155742,3.569641065182071e+39
2973.8892523642417,3.574435166491663e+39
2972.165668514363,3.579406119438519e+39
2970.4440813901674,3.584169139034633e+39
2968.724487523935,3.588761165930562e+39
2967.0068834559697,3.593412711307265e+39
2965.2912657345764,3.5976956692523147e+39
2963.5776309160415,3.601895319359042e+39
2961.865975564606,3.606366576431852e+39
2960.1562962524417,3.6106120852035917e+39
2958.448589559635,3.614722827190952e+39
2956.7428520741546,3.619172110718614e+39
2955.039080391838,3.6243419822351755e+39
2953.3372711163615,3.629704378077012e+39
2951.6374208592215,3.631855841262054e+39
2949.9395262397115,3.634971603330534e+39
2948.2435838849005,3.637370509328958e+39
2946.5495904296067,3.6403592312621365e+39
2944.857542516381,3.640931248576439e+39
2943.167436795479,3.6356681955823704e+39
2941.479269924845,3.6292391529673096e+39
2939.7930385700847,3.617326143914748e+39
2938.1087394044453,3.606302192212984e+39
2936.4263691087945,3.5903508433620034e+39
2934.745924371597,3.572224929913694e+39
2933.0674018888953,3.5520870244808737e+39
2931.390798364284,3.532414552444487e+39
2929.7161105088912,3.5098963048260266e+39
2928.043335041358,3.484461016820266e+39
2926.3724686878145,3.4621878594530747e+39
2924.7035081818576,3.4355409624312154e+39
2923.0364502645343,3.408117268164744e+39
2921.3712916843165,3.3817097824992305e+39
2919.7080291970797,3.354418488606407e+39
2918.046659566086,3.324333826380313e+39
2916.3871795619584,3.2954988345371216e+39
2914.7295859626624,3.2622389487803857e+39
2913.073875553484,3.230160241659121e+39
2911.420045127011,3.1979132693681606e+39
2909.7680914831085,3.1635904232553675e+39
2908.1180114289036,3.1294928443373814e+39
2906.4698017787596,3.0956123000592943e+39
2904.8234593542575,3.0585169224146256e+39
2903.178980984177,3.02039874555956e+39
2901.5363635044755,2.982018351185174e+39
2899.8956037582648,2.945322685750003e+39
2898.256698595794,2.9053741969995196e+39
2896.6196448744313,2.86467966892741e+39
2894.9844394586376,2.8245989375565087e+39
2893.351079219952,2.7822972201104886e+39
2891.7195610369704,2.7397824533971995e+39
2890.0898817953234,2.6960556604362976e+39
2888.4620383876604,2.6529551650133763e+39
2886.8360277136258,2.6079448155275738e+39
2885.211846679842,2.5632818282645114e+39
2883.58949219989,2.517502141103227e+39
2881.9689611942877,2.472456342298744e+39
2880.3502505904717,2.4262440684494596e+39
2878.733357322778,2.37922720240327e+39
2877.118278332422,2.3333922729496998e+39
2875.5050105674804,2.286734774921354e+39
2873.893550982871,2.2406616269180014e+39
2872.283896540334,2.193230145916886e+39
2870.676044208411,2.1463457223773974e+39
2869.0699909624295,2.0974772317631286e+39
2867.4657337844815,2.05047397653877e+39
2865.8632696634045,2.0136466556603876e+39
2864.262595594764,1.9809639964500583e+39
2862.6637085808343,1.948781182269241e+39
2861.066605630579,1.917429720989024e+39
2859.471283759633,1.8835948238596134e+39
2857.8777399902833,1.8676200169289007e+39
2856.285971351452,1.853109993228415e+39
2854.6959748786758,1.8394350090195937e+39
2853.107747614089,1.825484155612393e+39
2851.5212866064044,1.8209755369539747e+39
2849.9365889108967,1.8184684334615535e+39
2848.353651589381,1.8153708011872677e+39
2846.7724717101987,1.8151513071552608e+39
2845.193046348195,1.8200471533531746e+39
2843.6153725847043,1.828116397963457e+39
2842.039447507532,1.837298821566637e+39
2840.465268210933,1.847155415654813e+39
2838.8928317956,1.8634333097375432e+39
2837.3221353686395,1.8810752399189218e+39
2835.7531760435572,1.9009753674297413e+39
2834.185950940241,1.9222169016600462e+39
2832.6204571849416,1.9496543659293143e+39
2831.0566919102557,1.978406523567183e+39
2829.4946522551077,2.009982183252481e+39
2827.934335364733,2.041539960729077e+39
2826.3757383906614,2.0779035683311157e+39
2824.8188584906993,2.1173880446180765e+39
2823.2636928289103,2.1565003831600125e+39
2821.7102385756007,2.1979697531597306e+39
2820.1584929073015,2.2413201930040907e+39
2818.6084530067506,2.2866504321268346e+39
2817.060116062877,2.332793180463854e+39
2815.5134792707818,2.379228253513396e+39
2813.9685398317247,2.4284189000647163e+39
2812.4252949531033,2.4754031756024234e+39
2810.8837418484372,2.523565775538791e+39
2809.343877737355,2.5720134444894553e+39
2807.8056998455704,2.6222953849346814e+39
2806.269205404875,2.6693669359912406e+39
2804.734391653111,2.7160948412168706e+39
2803.2012558341626,2.7650840990762474e+39
2801.6697951979377,2.814121705561073e+39
2800.14000700035,2.858104889160449e+39
2798.611888503302,2.900362137791456e+39
2797.0854369746726,2.9380524550572786e+39
2795.560649688295,2.9758109203579903e+39
2794.0375239239465,3.0058087349120286e+39
2792.516056967328,3.031986655544283e+39
2790.996246110049,3.059247792593956e+39
2789.4780886496137,3.084683089665714e+39
2787.9615818894013,3.107307881488928e+39
2786.446723138654,3.123584892917301e+39
2784.933509712456,3.1374368633277796e+39
2783.4219389317227,3.153186532520972e+39
2781.912008123183,3.166424683033804e+39
2780.4037146193627,3.171884808502207e+39
2778.8970557585694,3.1777871513588833e+39
2777.392028884877,3.1816734225508196e+39
2775.8886313481107,3.186732666599065e+39
2774.3868605038288,3.1861320655266655e+39
2772.8867137133116,3.1806987347663065e+39
2771.3881883435415,3.178057207628488e+39
2769.891281767191,3.174137638680527e+39
2768.3959913626045,3.1665882539660015e+39
2766.902314513786,3.156252023972213e+39
2765.410248610381,3.1424521379575075e+39
2763.919791047664,3.1316615148355363e+39
2762.4309392265195,3.117667787297905e+39
2760.943690553431,3.099504456846663e+39
2759.458042440465,3.0794888058064567e+39
2757.9739923052525,3.06072955242196e+39
2756.4915375709797,3.0407902480613603e+39
2755.010675666368,3.017850433007088e+39
2753.531404025663,2.990439528274357e+39
2752.0537200886165,2.9640752396697426e+39
2750.5776213004733,2.936786038449394e+39
2749.1031051119576,2.9073834529398695e+39
2747.6301689792554,2.8747584549455633e+39
2746.1588103640033,2.8418662520343523e+39
2744.689026733271,2.808757725633476e+39
2743.2208155595486,2.775445948687842e+39
2741.7541743207303,2.739125734258851e+39
2740.289100500103,2.7024871458582504e+39
2738.825591586328,2.667113507252348e+39
2737.36364507343,2.628273183409072e+39
2735.9032584607808,2.5880125813320286e+39
2734.4444292530866,2.5406524944780607e+39
2732.987154960372,2.4944848748806048e+39
2731.5314330979663,2.4470012062681495e+39
2730.077261186492,2.3999247333625044e+39
2728.624636751845,2.3533912332928096e+39
2727.173557325188,2.3067383892702382e+39
2725.7240204429304,2.258721143691994e+39
2724.276023646716,2.2127367584375897e+39
2722.8295644834116,2.1647553168218858e+39
2721.3846405050895,2.1174957113793167e+39
2719.941249269016,2.070229139767745e+39
2718.499388337638,2.0234510647578948e+39
2717.0590552785666,1.981629733042538e+39
2715.6202476645667,1.9403671109619404e+39
2714.182963073541,1.8981233342801862e+39
2712.7471990885174,1.8561975956919157e+39
2711.3129532976345,1.825798039265442e+39
2709.8802232941307,1.7970793032364356e+39
2708.449006676327,1.769122896992601e+39
2707.0193010476164,1.7408848914812313e+39
2705.5911040164506,1.718460802749105e+39
2704.1644131963226,1.7018000787590228e+39
2702.7392262057597,1.6852666320430373e+39
2701.3155406683054,1.6684547733602524e+39
2699.893354212509,1.6534906181150084e+39
2698.4726644719094,1.6447318394732954e+39
2697.0534690850245,1.6368030382535418e+39
2695.635765695339,1.629285033576137e+39
2694.2195519512884,1.621784934930327e+39
2692.804825506247,1.6179830303492363e+39
2691.391584018517,1.6153360995196185e+39
2689.9798251513116,1.6137802946361493e+39
2688.569546572746,1.6116664582931894e+39
2687.160745955823,1.6110846386269035e+39
2685.7534209784203,1.6104526074924788e+39
2684.347569323276,1.610367967980821e+39
2682.94318867798,1.610383982175575e+39
2681.5402767349565,1.6105063355035136e+39
2680.138831191456,1.6085715964885482e+39
2678.738849749538,1.6055806900924594e+39
2677.3403301160624,1.604190709113414e+39
2675.943270002676,1.6029827877182292e+39
2674.5476671257975,1.6011594562571448e+39
2673.153519206608,1.5968563131355e+39
2671.7608239710385,1.5940292736796347e+39
2670.3695791497544,1.5918926987964897e+39
2668.979782478148,1.5885757354039998e+39
2667.5914316963217,1.5835775206122733e+39
2666.204524549078,1.5785738063204684e+39
2664.8190587859085,1.574902128408698e+39
2663.4350321609777,1.570794181077002e+39
2662.052442433116,1.5650875105431784e+39
2660.6712873658025,1.5582998370210638e+39
2659.2915647271566,1.553497678102161e+39
2657.9132722899253,1.5484015218377998e+39
2656.536407831469,1.543302202651246e+39
2655.1609691337535,1.5362554663171327e+39
2653.7869539833346,1.5299247927882892e+39
2652.4143601713463,1.5240650153694117e+39
2651.0431854934914,1.518026737558698e+39
2649.67342775003,1.5115657144319415e+39
2648.3050847457625,1.5048028994988677e+39
2646.938154290025,1.498589464699178e+39
2645.572634196672,1.4928595685855973e+39
2644.2085222840674,1.4867783901555494e+39
2642.8458163750724,1.480724414819679e+39
2641.4845142970353,1.4750626369846157e+39
2640.1246138817755,1.4706276944001873e+39
2638.766112965577,1.4666145232329824e+39
2637.409009389176,1.4630212184599112e+39
2636.053300997746,1.458913870728975e+39
2634.698985640891,1.455201869509552e+39
2633.346061172629,1.4531203474657817e+39
2631.9945254513873,1.4513581215306477e+39
2630.644376339985,1.451620530988718e+39
2629.295611705624,1.4525855040330787e+39
2627.9482294198806,1.4535760078204314e+39
2626.6022273586887,1.4558073356713558e+39
2625.2576034023336,1.4573854514027355e+39
2623.9143554354387,1.4592557970345993e+39
2622.5724813469533,1.461126655149336e+39
2621.2319790301444,1.464290795195098e+39
2619.8928463825832,1.4670455430596295e+39
2618.5550813061354,1.469685743435332e+39
2617.21868170695,1.4724966939409985e+39
2615.8836454954485,1.475740231989083e+39
2614.5499705863126,1.4794705309868797e+39
2613.217654898476,1.4836639680052662e+39
2611.8866963551122,1.487576818587655e+39
2610.5570928836214,1.4922537228453895e+39
2609.2288424156245,1.4974257130480152e+39
2607.9019428869474,1.503541705400808e+39
2606.5763922376154,1.5095851368645668e+39
2605.2521884118387,1.5160436593663615e+39
2603.9293293580013,1.522606403196648e+39
2602.6078130286546,1.5303864243453907e+39
2601.2876373805034,1.5381691905152827e+39
2599.9688003743954,1.5470578978595544e+39
2598.651299975313,1.554817249073096e+39
2597.33513415236,1.563698164037251e+39
2596.020300878753,1.5727038490569234e+39
2594.7067981318114,1.582837775534141e+39
2593.3946238929448,1.5939570962811337e+39
2592.083776147645,1.604299265862517e+39
2590.7742528854747,1.614996372045507e+39
2589.4660521000574,1.6274820682576526e+39
2588.1591717890647,1.642018997161299e+39
2586.8536099542125,1.6590733703494078e+39
2585.5493646012433,1.675893470891067e+39
2584.2464337399215,1.6936167140724453e+39
2582.9448153840194,1.712502321600286e+39
2581.64450755131,1.732066850260562e+39
2580.3455082635564,1.7518684664042673e+39
2579.0478155465003,1.7721258863447728e+39
2577.7514274298533,1.7937109415748062e+39
2576.4563419472856,1.8154461037548793e+39
2575.1625571364193,1.8379801483174715e+39
2573.870071038814,1.8603808573697284e+39
2572.57888169996,1.8840417644699587e+39
2571.288987169268,1.90804465529056e+39
2570.0003855000577,1.931733745622485e+39
2568.7130747495507,1.952747242923097e+39
2567.4270529788573,1.972728468739524e+39
2566.14231825297,1.992801625079848e+39
2564.858868640753,2.0131894972780805e+39
2563.5767022149307,2.0333293901631405e+39
2562.2958170520783,2.0466240166988437e+39
2561.016211232617,2.0561345467318774e+39
2559.7378828407973,2.0651730062168786e+39
2558.4608299646934,2.072937195514862e+39
2557.1850506961937,2.0807453040721405e+39
2555.9105431309904,2.0878434279857913e+39
2554.63730536857,2.0940684806403706e+39
2553.365335512205,2.1005429698815842e+39
2552.0946316689424,2.1060903795816584e+39
2550.8251919495956,2.111504537333389e+39
2549.557014468736,2.1164897527994555e+39
2548.2900973446817,2.120683239371629e+39
2547.0244386994896,2.1243201036712774e+39
2545.760036658945,2.1268681017944202e+39
2544.496889352553,2.1304182839447254e+39
2543.23499491353,2.1321213247663467e+39
2541.974351478794,2.1338013940187153e+39
2540.714957188953,2.1343121874281503e+39
2539.456810188301,2.1341743240297704e+39
2538.1999086248034,2.1340133583408533e+39
2536.944250650092,2.1326229555955737e+39
2535.689834419454,2.1297450536915136e+39
2534.4366580918227,2.125537941456845e+39
2533.1847198297696,2.122001884819094e+39
2531.9340177994964,2.1163748712431275e+39
2530.684550170821,2.1100116669890957e+39
2529.436315117176,2.1043326754657117e+39
2528.1893108155937,2.0986440602138367e+39
2526.943535446701,2.0923337595145548e+39
2525.698987194706,2.082342925461893e+39
2524.4556642473967,2.070657352368643e+39
2523.213564796124,2.05764281578573e+39
2521.9726870357995,2.0435423517433415e+39
2520.7330291648814,2.0289268883644592e+39
2519.494589385369,2.0099273249284514e+39
2518.2573659027953,1.9899636005554662e+39
2517.0213569262137,1.9651932197630555e+39
2515.786560668193,1.940215709607484e+39
2514.552975344808,1.9161069446552636e+39
2513.320599175631,1.891280881368479e+39
2512.0894303837213,1.866165027510223e+39
2510.859467195621,1.8367220197564104e+39
2509.630707841341,1.8065791988106474e+39
2508.4031505543576,1.7768195677037155e+39
2507.176793571599,1.7462853057908306e+39
2505.951635133442,1.7166351674327063e+39
2504.7276734837005,1.6872173789243244e+39
2503.5049068696176,1.658614695244729e+39
2502.283333541857,1.6304821181894835e+39
2501.0629517544953,1.6022130531226756e+39
2499.8437597650145,1.5736026472711478e+39
2498.6257558342913,1.544286926598361e+39
2497.40893822659,1.5157596121663264e+39
2496.1933052095555,1.4878217431890904e+39
2494.9788550542034,1.459948731158822e+39
2493.7655860349128,1.4314404490641227e+39
2492.553496429417,1.402259265212389e+39
2491.3425845187976,1.3736587664018795e+39
2490.1328485874724,1.3457160023508286e+39
2488.9242869231916,1.3187886826351633e+39
2487.7168978170284,1.291270790377828e+39
2486.5106795633687,1.2636354226800652e+39
2485.305630459906,1.2369495133828394e+39
2484.101748807631,1.2115209859792301e+39
2482.899032910827,1.1863676300476742e+39
2481.6974810770566,1.1612705319496069e+39
2480.49709161716,1.1361513172744913e+39
2479.2978628452424,1.1119171406891051e+39
2478.0997930786675,1.0896663850502502e+39
2476.90288063805,1.0677516353800694e+39
2475.707123847249,1.0457215644217628e+39
2474.5125210333563,1.0240896745072814e+39
2473.3190705266934,1.0030111865361294e+39
2472.126770660799,9.833345573127683e+38
2470.935619772427,9.651994230045543e+38
2469.7456162015314,9.46948423984191e+38
2468.5567582912654,9.288171341020224e+38
2467.369044387969,9.111096003737497e+38
2466.1824728411657,8.946684369706892e+38
2464.9970420035497,8.790025665672343e+38
2463.8127502309826,8.63239156512008e+38
2462.629595882483,8.480804180609826e+38
2461.447577320222,8.335660409941294e+38
2460.266692909511,8.20466814133433e+38
2459.0869410188,8.078590348786348e+38
2457.9083200196633,7.951653347442985e+38
2456.730828286799,7.827783048829373e+38
2455.554464198016,7.712531685490725e+38
2454.37922613423,7.60748609118277e+38
2453.2051124794543,7.49966920502812e+38
2452.0321216207935,7.392005325305122e+38
2450.860251948434,7.285198275130832e+38
2449.6895018556397,7.188573541958981e+38
2448.519869738743,7.09939826341267e+38
2447.351353997137,7.011062376540669e+38
2446.183953033268,6.922690807074517e+38
2445.0176652526316,6.839509194700624e+38
2443.8524890637605,6.760115339350281e+38
2442.68842287822,6.686357043621233e+38
2441.5254651106015,6.611396139067615e+38
2440.3636141785123,6.534596169503151e+38
2439.2028685025734,6.464333450702538e+38
2438.043226506406,6.398468406794323e+38
2436.8846866166296,6.338780243276834e+38
2435.7272472628515,6.27977244269618e+38
2434.5709068776628,6.2233401585279586e+38
2433.4156638966288,6.1699997945197835e+38
2432.2615167582817,6.119912219204283e+38
2431.108463904117,6.07647057702638e+38
2429.9565037785824,6.032459113103702e+38
2428.805634829073,5.990751619570874e+38
2427.6558555059237,5.950380585259475e+38
2426.5071642624025,5.917733503006635e+38
2425.359559554704,5.889956644596814e+38
2424.2130398419413,5.86164697460567e+38
2423.06760358614,5.83650157188098e+38
2421.9232492522315,5.8142657161155145e+38
2420.7799753080444,5.7939087109127286e+38
2419.6377802243005,5.7784443401873365e+38
2418.4966624746057,5.7644210544342015e+38
2417.356620535444,5.7537181982670426e+38
2416.217652886172,5.743372317268285e+38
2415.0797580090084,5.7368072425946945e+38
2413.942934389031,5.7338723622077055e+38
2412.8071805141694,5.733123104041645e+38
2411.672494875196,5.7289490060027145e+38
2410.538875965722,5.728456118327786e+38
2409.4063222821896,5.728903942279943e+38
2408.274832323865,5.731489389358587e+38
2407.1444045928315,5.736662030447346e+38
2406.015037593985,5.743248862923557e+38
2404.8867298350247,5.752445988547397e+38
2403.7594798264486,5.7661887311675945e+38
2402.6332860815455,5.781256004828071e+38
2401.508147116389,5.8002336650003556e+38
2400.384061449832,5.820540071347339e+38
2399.2610276034984,5.8460178808235795e+38
2398.1390441017775,5.8747120289157544e+38
2397.018109471817,5.905492570783521e+38
2395.8982222435193,5.935840794361986e+38
2394.7793809495297,5.9703320195387955e+38
2393.6615841252365,6.004585011325173e+38
2392.544830308758,6.042987122332657e+38
2391.4291180409414,6.0852699331511175e+38
2390.3144458653537,6.128796480642497e+38
2389.2008123282762,6.175403882025989e+38
2388.088215978698,6.22577458059446e+38
2386.9766553683107,6.282189555555073e+38
2385.8661290514992,6.3403222655966466e+38
2384.7566355853382,6.40257715074723e+38
2383.648173529587,6.468392115173124e+38
2382.5407414466786,6.532514502659119e+38
2381.434337901718,6.593499015732353e+38
2380.328961462474,6.661394099487786e+38
2379.224610699373,6.729416844433979e+38
2378.1212841854936,6.80130207334698e+38
2377.0189804965594,6.875834556345706e+38
2375.917698210934,6.949671436476511e+38
2374.8174359096147,7.027282588860723e+38
2373.718192176225,7.10255909808845e+38
2372.6199655970104,7.181044231252653e+38
2371.522754760832,7.260342072542724e+38
2370.426558259159,7.342366266407553e+38
2369.3313746860636,7.422570369230037e+38
2368.2372026382163,7.504424085839523e+38
2367.1440407148775,7.594736821079734e+38
2366.051887517893,7.686072290149717e+38
2364.9607416516887,7.777807764074683e+38
2363.8706017232616,7.868467532850732e+38
2362.781466342178,7.966090401412173e+38
2361.6933341205645,8.060529358794238e+38
2360.606203673103,8.162085898148534e+38
2359.5200736170264,8.268303007236406e+38
2358.4349425721093,8.378135204388059e+38
2357.3508091606654,8.490754080596376e+38
2356.26767200754,8.607347398892173e+38
2355.1855297401053,8.72172083515753e+38
2354.104380988253,8.84805377295692e+38
2353.02422438439,8.968810850547328e+38
2351.9450585634318,9.093779387760725e+38
2350.8668821627975,9.226148780856221e+38
2349.789693822403,9.353150225474324e+38
2348.713492184656,9.473292318296657e+38
2347.63827589445,9.603032507349382e+38
2346.56404359916,9.729061750680811e+38
2345.490793948634,9.862374374649203e+38
2344.4185255951893,9.993184132932236e+38
2343.3472371936073,1.0117833899059268e+39
2342.2769274011266,1.0250427868871231e+39
2341.2075948774377,1.037409179526149e+39
2340.139238284678,1.0504466508765738e+39
2339.0718562874254,1.0627771033181328e+39
2338.0054475526927,1.0743407473245442e+39
2336.940010749924,1.08642910160523e+39
2335.8755445509864,1.0971468056602915e+39
2334.8120476301656,1.1078012535961637e+39
2333.7495186641618,1.1180140746084247e+39
2332.6879563320813,1.1262036443599402e+39
2331.627359315434,1.1346847378915006e+39
2330.567726298126,1.1422756596994762e+39
2329.509055966455,1.1496995017459941e+39
2328.451347009104,1.1552854093172288e+39
2327.394598117138,1.157348455339023e+39
2326.3388079839947,1.160031908814729e+39
2325.283975305484,1.1619162231467146e+39
2324.2300987797794,1.1638342568503588e+39
2323.1771771074123,1.1657617769953498e+39
2322.1252089912687,1.1636496814124034e+39
2321.0741931365837,1.1623790748080536e+39
2320.0241282509337,1.1596540276015229e+39
2318.9750130442344,1.157251316530917e+39
2317.9268462287328,1.1545205940016151e+39
2316.879626519004,1.143425737044806e+39
2315.8333526319448,1.1322326882230587e+39
2314.7880232867674,1.1204123240531556e+39
2313.743637204998,1.1076103978011796e+39
2312.7001931104664,1.0952794619550751e+39
2311.657689729305,1.0833531524156007e+39
2310.616125789942,1.0712546482470973e+39
2309.5755000230956,1.0591936446333162e+39
2308.5358111617707,1.0470738726271765e+39
2307.497057941251,1.0349723130516782e+39
2306.459239099097,1.0208463864719035e+39
2305.4223533751383,1.0036623965750125e+39
2304.3863995114702,9.857829999554914e+38
2303.351376252447,9.684898695380241e+38
2302.31728234468,9.50660689143328e+38
2301.284116537028,9.339391833098486e+38
2300.251877580595,9.173904296841283e+38
2299.2205642287263,9.009454985423846e+38
2298.190175237001,8.847883430066671e+38
2297.160709363227,8.68128124387868e+38
2296.1321653674386,8.532923269550654e+38
2295.1045420118885,8.385480746711195e+38
2294.0778380610454,8.240350009962447e+38
2293.052052281587,8.095093887219428e+38
2292.0271834423957,7.949083420123372e+38
2291.0032303145545,7.819971296843818e+38
2289.9801916713423,7.690711595334484e+38
2288.9580662882254,7.565095132813445e+38
2287.936852942859,7.438793287238016e+38
2286.9165504150756,7.314524341292784e+38
2285.8971574868847,7.203110047180252e+38
2284.878672942467,7.094024182117178e+38
2283.8610955681675,6.986745386987096e+38
2282.844424152494,6.879978911233269e+38
2281.8286574861095,6.774144801274991e+38
2280.8137943618285,6.6752366754910686e+38
2279.7998335746124,6.582399481568912e+38
2278.786773921564,6.488908348486792e+38
2277.774614201925,6.394006362513691e+38
2276.7633532170667,6.2998574722158405e+38
2275.7529897704903,6.208952724324288e+38
2274.7435226678194,6.123175371038421e+38
2273.734950716795,6.039925402762561e+38
2272.7272727272725,5.95787685666934e+38
2271.7204875112166,5.874773046895398e+38
2270.7145938826948,5.7959263720327764e+38
2269.709590657875,5.724690844686562e+38
2268.7054766550204,5.6535114927119445e+38
2267.7022506944836,5.58396181120984e+38
2266.6999115987037,5.514821386375536e+38
2265.6984581921993,5.4457876477431705e+38
2264.697889301567,5.3839822133199695e+38
2263.6982037554753,5.322364644095575e+38
2262.699400384659,5.262727176127843e+38
2261.701478021916,5.204924979775001e+38
2260.7044355021026,5.148294021332316e+38
2259.7082716621285,5.095040109573528e+38
2258.712985340953,5.041882400095338e+38
2257.718575379579,4.991373725963117e+38
2256.7250406210505,4.9414234210780474e+38
2255.7323799104474,4.892700301263918e+38
2254.7405920948795,4.844355465030689e+38
2253.749676023484,4.797909668744299e+38
2252.759630547421,4.750823644727726e+38
2251.7704545198662,4.705193586631828e+38
2250.7821467960116,4.66338513104852e+38
2249.7947062330563,4.62073168281567e+38
2248.8081316902044,4.582683173159824e+38
2247.8224220286597,4.54355973995861e+38
2246.8375761116226,4.507896017661321e+38
2245.853592804285,4.4723476480275385e+38
2244.870470973825,4.438741319268464e+38
2243.8882094894034,4.405431306848521e+38
2242.90680722216,4.372877074325713e+38
2241.9262630452085,4.341585074992617e+38
2240.9465758336323,4.311673638466643e+38
2239.9677444644794,4.284602873064254e+38
2238.9897678167613,4.257377197938475e+38
2238.012644771443,4.229696782434654e+38
2237.0363742114446,4.205029910844213e+38
2236.060955021634,4.1815204244203294e+38
2235.0863860888226,4.1604454933885086e+38
2234.1126663017617,4.137450750881551e+38
2233.139794551139,4.116818843990905e+38
2232.1677697295727,4.096358566498366e+38
2231.1965907316094,4.078552310808589e+38
2230.2262564537173,4.061227682084011e+38
2229.256765794284,4.04546545673703e+38
2228.2881176536125,4.0307947277765464e+38
2227.3203109339156,4.018304106158103e+38
2226.353344539312,4.003858722456726e+38
2225.3872173758236,3.995321284830689e+38
2224.42192835137,3.9863161285159646e+38
2223.457476375764,3.977669927951489e+38
2222.4938603607106,3.971941788050426e+38
2221.5310792197984,3.9667828556703624e+38
2220.5691318684976,3.961280150484552e+38
2219.608017224158,3.959355499780862e+38
2218.6477342060016,3.9580922004825514e+38
2217.6882817351193,3.9563960718066964e+38
2216.729658734469,3.956864815569723e+38
2215.7718641288693,3.956656956168331e+38
2214.814896844996,3.957166256091156e+38
2213.858755811379,3.956575235684788e+38
2212.9034399583975,3.956965091360551e+38
2211.9489482182753,3.955678402301173e+38
2210.9952795250783,3.9556776054925825e+38
2210.04243281471,3.957092086843516e+38
2209.0904070249076,3.957549174214447e+38
2208.1392010952372,3.958602634564924e+38
2207.188813967091,3.959801728868397e+38
2206.2392445836826,3.961838323455312e+38
2205.2904918900444,3.9634300418535745e+38
2204.342554833021,3.965866752437303e+38
2203.395432361269,3.967385101234889e+38
2202.4491234252487,3.9682259282073136e+38
2201.5036269772254,3.971563839707785e+38
2200.558941971261,3.97685791127076e+38
2199.6150673632114,3.9846626504600485e+38
2198.672002110725,3.991363829131895e+38
2197.729745173236,3.999421455732172e+38
2196.7882955119617,4.007313879252256e+38
2195.847652089898,4.01484601145909e+38
2194.9078138718173,4.0195985713735524e+38
2193.968779824263,4.0273004531077165e+38
2193.0305489155467,4.035381104499114e+38
2192.0931201157423,4.043732376975874e+38
2191.1564923966866,4.055322336890967e+38
2190.2206647319717,4.0650574003137496e+38
2189.2856360969417,4.068855949727488e+38
2188.3514054686902,4.075105098426e+38
2187.4179718260566,4.080162164820714e+38
2186.4853341496214,4.087683029311544e+38
2185.553491421703,4.094497713628385e+38
2184.622442626353,4.100690651234728e+38
2183.6921867493556,4.102142826449008e+38
2182.7627227782204,4.099573295268962e+38
2181.8340497021795,4.097369185270685e+38
2180.906166512186,4.0949616008954294e+38
2179.979072200907,4.088559776680404e+38
2179.052765762723,4.08209563587965e+38
2178.1272461937224,4.077756092772625e+38
2177.2025124916995,4.073010376403799e+38
2176.278563656148,4.069192053461417e+38
2175.3553986882607,4.06419420541039e+38
2174.433016590924,4.059686431272285e+38
2173.5114163687144,4.057484469979885e+38
2172.590597027896,4.056380989846344e+38
2171.670557576416,4.0557721623962225e+38
2170.7512970239,4.056195436594915e+38
2169.832814381652,4.057699116013998e+38
2168.915108662647,4.05923779791838e+38
2167.99817888153,4.062815226924138e+38
2167.0820240546104,4.065567477739438e+38
2166.166643199861,4.065452698377763e+38
2165.252035336913,4.06637369885373e+38
2164.338199487052,4.06822770816843e+38
2163.4251346732144,4.069794542643871e+38
2162.512839919987,4.072589435639426e+38
2161.601314253599,4.0760619619328115e+38
2160.690556701922,4.081142670729066e+38
2159.7805662944643,4.0874517381331e+38
2158.87134206237,4.093992407879034e+38
2157.9628830384117,4.10154291458525e+38
2157.0551882569916,4.108908908339024e+38
2156.1482567541343,4.1173010509695816e+38
2155.242087567486,4.126105247086993e+38
2154.336679736309,4.1363214208195325e+38
2153.4320323014804,4.147638473867816e+38
2152.528144305487,4.159204569670772e+38
2151.625014792422,4.170813560769664e+38
2150.7226428079834,4.1795901192608454e+38
2149.821027399469,4.188646292263631e+38
2148.920167615773,4.1973620828998915e+38
2148.020062507384,4.203560001239272e+38
2147.1207111263793,4.2105691825996695e+38
2146.2221125264255,4.217917924001011e+38
2145.32426576277,4.227092729540721e+38
2144.4271698922425,4.236945581069036e+38
2143.5308239732485,4.246376438526113e+38
2142.635227065768,4.2603986942078676e+38
2141.740378231351,4.271518916217687e+38
2140.8462765331137,4.285092128563188e+38
2139.9529210357373,4.299320473551961e+38
2139.0603108054634,4.314502123936537e+38
2138.16844491009,4.329841677719264e+38
2137.2773224189705,4.3449305226527715e+38
2136.386942403008,4.3607839913461564e+38
2135.4973039346537,4.37599109444072e+38
2134.608406087903,4.393680550784675e+38
2133.7202479382927,4.411800178854512e+38
2132.8328285628972,4.432059028778993e+38
2131.9461470403257,4.450977907366305e+38
2131.0602024507193,4.4697840414139296e+38
2130.174993875747,4.490528514549084e+38
2129.2905203986033,4.511577310422162e+38
2128.4067811040045,4.535577710855148e+38
2127.5237750781866,4.5599719080061184e+38
2126.6415014089,4.585088556452468e+38
2125.7599591854087,4.612308144603287e+38
2124.879147498486,4.639059421946172e+38
2123.9990654404114,4.669171928976997e+38
2123.119712104967,4.696244275223897e+38
2122.2410865874363,4.722756059071483e+38
2121.363187984599,4.746994699995487e+38
2120.4860153947284,4.770156797913439e+38
2119.6095679175896,4.7958274452955524e+38
2118.7338446544345,4.817794357979819e+38
2117.858844708,4.8401108651195096e+38
2116.984567182505,4.863561621682663e+38
2116.1110111836465,4.8899969524659236e+38
2115.238175818597,4.908563440159763e+38
2114.3660601960014,4.925898110290283e+38
2113.494663425975,4.947726571006499e+38
2112.6239846200974,4.969225632587388e+38
2111.7540228914136,4.992589227562126e+38
2110.884777354428,5.0112442410916414e+38
2110.016247125103,5.035863625154086e+38
2109.1484313208543,5.058078335987351e+38
2108.2813290605495,5.0808204088580144e+38
2107.4149394645056,5.104270211263637e+38
2106.5492616544834,5.126758887970282e+38
2105.6842947536875,5.149572245192041e+38
2104.820037886761,5.169039865356151e+38
2103.956490179783,5.19020729875226e+38
2103.0936507602682,5.211643809601151e+38
2102.2315187571608,5.2355711164967756e+38
2101.370093300832,5.257923897960547e+38
2100.5093735230794,5.282368742083595e+38
2099.649358557121,5.30797782812052e+38
2098.7900475375945,5.3335374005207825e+38
2097.931439600554,5.3613963218211444e+38
2097.0735338834656,5.389678989076393e+38
2096.216329525207,5.418371514842497e+38
2095.3598256660625,5.431334424834738e+38
2094.5040214477212,5.444467549175571e+38
2093.6489160132737,5.4589381196117684e+38
2092.7945085072097,5.4728043400268175e+38
2091.9407980754145,5.489535230964475e+38
2091.087783865167,5.504678295747756e+38
2090.235465025135,5.520520536644536e+38
2089.383840705376,5.538602235143727e+38
2088.5329100573304,5.554965907539103e+38
2087.6826722338205,5.56853638533363e+38
2086.833126389048,5.586903179632775e+38
2085.9842716785915,5.602915222952538e+38
2085.1361072594013,5.618801417698162e+38
2084.2886322897994,5.636298559321981e+38
2083.441845929475,5.6542941827897755e+38
2082.595747339484,5.670118862694975e+38
2081.7503356822417,5.688758118848803e+38
2080.9056101215247,5.701894087719286e+38
2080.061569822467,5.712248103869728e+38
2079.2182139515544,5.72373504350922e+38
2078.3755416766253,5.733791287182998e+38
2077.5335521668676,5.743199260824793e+38
2076.6922445928126,5.7519033202195714e+38
2075.8516181263362,5.7604327590460634e+38
2075.0116719406547,5.766250034279472e+38
2074.1724052103214,5.7720306970329955e+38
2073.333817111224,5.77767818582114e+38
2072.495906820584,5.7845623250078576e+38
2071.6586735169512,5.789332064446954e+38
2070.822116380203,5.794957040665734e+38
2069.98623459154,5.799723111578357e+38
2069.151027333485,5.8051754808124085e+38
2068.3164937898796,5.8080290492249984e+38
2067.4826331458817,5.810098294817436e+38
2066.6494445879616,5.814039454912925e+38
2065.8169273039025,5.8126695973399705e+38
2064.9850804827934,5.808741727812594e+38
2064.153903315031,5.806320834754904e+38
2063.3233949923138,5.8018849480395426e+38
2062.4935547076416,5.797488945967943e+38
2061.66438165531,5.794942357186446e+38
2060.8358750309126,5.790963972991681e+38
2060.0080340313325,5.7850121486240096e+38
2059.1808578547457,5.781697013902704e+38
2058.354345700612,5.7773825172080225e+38
2057.5284967696803,5.7715363801059e+38
2056.703310263978,5.763913498647264e+38
2055.8787853868134,5.757422862724013e+38
2055.054921342773,5.750615728254342e+38
2054.2317173377155,5.744381400609009e+38
2053.409172578774,5.741040077821874e+38
2052.5872862743486,5.738630099553393e+38
2051.7660576341086,5.736831075512446e+38
2050.9454858689855,5.73219287527023e+38
2050.125570191174,5.72962775987126e+38
2049.306309814128,5.7289555778783794e+38
2048.4877039525572,5.726609616981748e+38
2047.669751822426,5.729009746256633e+38
2046.8524526409515,5.731067132948397e+38
2046.0358056265984,5.732236510193336e+38
2045.2198099990796,5.73360513585193e+38
2044.4044649793514,5.736677069833427e+38
2043.5897697896123,5.741277699562835e+38
2042.7757236533002,5.747434059826642e+38
2041.962325795089,5.750527515545428e+38
2041.1495754408882,5.757881192280949e+38
2040.3374718178386,5.7589076220524334e+38
2039.5260141543104,5.7597031061642675e+38
2038.7152016799012,5.7599770379202726e+38
2037.905033625433,5.7609815215384405e+38
2037.0955092229499,5.756701258124801e+38
2036.2866277057158,5.756737184354856e+38
2035.478388308212,5.754898053020954e+38
2034.6707902661349,5.756335085561697e+38
2033.863832816393,5.757715446567122e+38
2033.0575151971047,5.762444833501445e+38
2032.2518366475972,5.7630897966382106e+38
2031.446796408402,5.7461361656826166e+38
2030.6423937212537,5.731061990234823e+38
2029.8386278290875,5.716396599948271e+38
2029.035497976037,5.70365234171217e+38
2028.2330034074314,5.693281022146929e+38
2027.4311433697933,5.6825705751408904e+38
2026.6299171108362,5.671128036066303e+38
2025.8293238794631,5.664360371157512e+38
2025.0293629257624,5.654929446003447e+38
2024.230033501007,5.647287265899357e+38
2023.4313348576516,5.641398401262189e+38
2022.6332662493298,5.6298256131611935e+38
2021.835826930853,5.617080967154336e+38
2021.0390161582068,5.6083480040397675e+38
2020.2428331885494,5.600406845713648e+38
2019.4472772802083,5.59249974303875e+38
2018.6523476926802,5.583408153559618e+38
2017.8580436866266,5.575695511670939e+38
2017.064364523872,5.56597514847545e+38
2016.2713094674018,5.556012588712881e+38
2015.4788777813608,5.549337708136627e+38
2014.6870687310493,5.5416311498491444e+38
2013.895881582922,5.533505894007829e+38
2013.1053156045857,5.5250851498857045e+38
2012.3153700647965,5.518786893892415e+38
2011.5260442334577,5.512456779327532e+38
2010.7373373816179,5.504498266614678e+38
2009.9492487814684,5.496952823772154e+38
2009.161777706341,5.4919237749508724e+38
2008.3749234307058,5.488695741939169e+38
2007.58868523017,5.4826715428937736e+38
2006.8030623814732,5.478401180079023e+38
2006.0180541624875,5.475023640134682e+38
2005.233659852214,5.474124578717531e+38
2004.449878730782,5.471088218498311e+38
2003.6667100794452,5.469807220810277e+38
2002.88415318058,5.469090513452177e+38
2002.1022073176835,5.464465743866445e+38
2001.3208717753716,5.460676134148333e+38
2000.5401458393767,5.459082549806147e+38
1999.7600287965445,5.457364079530366e+38
1998.9805199348332,5.455199885937879e+38
1998.201618543311,5.456597461226003e+38
1997.4233239121534,5.455757955058104e+38
1996.6456353326412,5.455456351178732e+38
1995.8685520971587,5.4617569992744754e+38
1995.0920734991919,5.467520532419205e+38
1994.3161988333252,5.473438696753404e+38
1993.5409273952394,5.475368755372856e+38
1992.7662584817115,5.4775419676131606e+38
1991.9921913906096,5.478953815975554e+38
1991.2187254208939,5.4836365436438306e+38
1990.4458598726114,5.48748283008586e+38
1989.6735940468966,5.492383734580842e+38
1988.9019272459675,5.499808392809469e+38
1988.1308587731244,5.501610176691599e+38
1987.3603879327477,5.504951119604224e+38
1986.5905140302955,5.512958736962003e+38
1985.8212363723017,5.5172672421748275e+38
1985.0525542663743,5.516224860343733e+38
1984.284467021192,5.513974081856728e+38
1983.5169739465043,5.5106344801362314e+38
1982.7500743531277,5.505273840927463e+38
1981.9837675529436,5.502618027144193e+38
1981.2180528588976,5.4983525888045605e+38
1980.4529295849961,5.492637948805621e+38
1979.6883970463048,5.489256950930627e+38
1978.9244545589472,5.482611214801688e+38
1978.1611014401012,5.476414136672059e+38
1977.3983370079984,5.4711736841212e+38
1976.6361605819216,5.462836280787644e+38
1975.874571482202,5.458015584658227e+38
1975.1135690302192,5.4505087389220185e+38
1974.353152548396,5.440801399867551e+38
1973.5933213602004,5.4311928073359004e+38
1972.8340747901398,5.424289203792923e+38
1972.0754121637613,5.4173578068173066e+38
1971.3173328076487,5.41017364034566e+38
1970.5598360494216,5.403545112260508e+38
1969.802921217732,5.39433741269748e+38
1969.0465876422636,5.3863933806245454e+38
1968.2908346537283,5.385067995791529e+38
1967.535661583866,5.382020287254936e+38
1966.7810677654418,5.378421953429183e+38
1966.0270525322426,5.3763173660514e+38
1965.2736152190787,5.371866233231477e+38
1964.5207551617782,5.367614803197728e+38
1963.768471697187,5.3684794383691765e+38
1963.016764163166,5.368841051383783e+38
1962.26563189859,5.369599020834788e+38
1961.5150742433455,5.370169218456404e+38
1960.765090538328,5.3701751014177234e+38
1960.0156801254411,5.370880310856981e+38
1959.2668423475934,5.377235758205152e+38
1958.5185765486985,5.3840153571385544e+38
1957.770882073671,5.3896145931809686e+38
1957.0237582684254,5.396931199198892e+38
1956.2772044798749,5.402306492307879e+38
1955.531220055928,5.409902803999077e+38
1954.7858043454887,5.422156099299867e+38
1954.0409566984524,5.4349146201219315e+38
1953.2966764657049,5.44750536443818e+38
1952.5529629991213,5.461673921164894e+38
1951.809815651563,5.4742735108144816e+38
1951.0672337768758,5.4905786133094284e+38
1950.3252167298895,5.507140100642142e+38
1949.5837638664145,5.528103117435249e+38
1948.84287454324,5.5491782573128255e+38
1948.1025481181327,5.571511392906201e+38
1947.3627839498358,5.593363077540115e+38
1946.6235813980652,5.615887045017151e+38
1945.8849398235084,5.642209472081558e+38
1945.1468585878233,5.671897854756877e+38
1944.4093370536364,5.702756465911043e+38
1943.67237458454,5.734977665154967e+38
1942.9359705450906,5.768111833620415e+38
1942.200124300808,5.800017556433194e+38
1941.464835218172,5.834965707597471e+38
1940.7301026646223,5.870559447387595e+38
1939.9959260085554,5.908238853096248e+38
1939.2623046193225,5.94521296241795e+38
1938.5292378672302,5.982690392937333e+38
1937.7967251235345,6.019333667645669e+38
1937.0647657604432,6.0544201655919365e+38
1936.3333591511114,6.091973600796819e+38
1935.602504669641,6.128734179003543e+38
1934.8722016910783,6.16815445294312e+38
1934.1424495914125,6.2042133793291214e+38
1933.4132477475737,6.243836056244153e+38
1932.6845955374313,6.2808960141748985e+38
1931.9564923397925,6.315702494735724e+38
1931.2289375343998,6.3508126495475224e+38
1930.5019305019305,6.38623213868417e+38
1929.7754706239928,6.419248287422255e+38
1929.0495572831267,6.453470258469538e+38
1928.3241898627996,6.486170469909386e+38
1927.5993677474073,6.515367233814227e+38
1926.8750903222697,6.5416414971664246e+38
1926.1513569736308,6.56946536869016e+38
1925.4281670886564,6.591906803865446e+38
1924.7055200554314,6.614404535742538e+38
1923.9834152629605,6.6360542846760876e+38
1923.2618521011634,6.656297987087091e+38
1922.5408299608764,6.671941810156323e+38
1921.8203482338472,6.685813537637607e+38
1921.100406312736,6.7000273306451936e+38
1920.3810035911124,6.711466205210946e+38
1919.6621394634542,6.724518838249492e+38
1918.9438133251456,6.7324850490486624e+38
1918.2260245724754,6.737390794548691e+38
1917.5087726026345,6.744779231872008e+38
1916.7920568137165,6.748027068328723e+38
1916.0758766047136,6.751280230770423e+38
1915.360231375516,6.7542788705024866e+38
1914.6451205269102,6.755293005694555e+38
1913.9305434605776,6.7531534263486875e+38
1913.2164995790922,6.749879379450965e+38
1912.5029882859192,6.748815107872558e+38
1911.790008985413,6.7429209413366266e+38
1911.0775610828164,6.738748420963734e+38
1910.3656439842587,6.736127180104374e+38
1909.6542570967526,6.728767436468579e+38
1908.943399828195,6.722432232611585e+38
1908.2330715873636,6.717514033762921e+38
1907.5232717839158,6.711302293883942e+38
1906.8139998283866,6.701903859968193e+38
1906.1052551321882,6.693982764212532e+38
1905.3970371076073,6.67789613236864e+38
1904.6893451678031,6.657483348591373e+38
1903.982178726807,6.637214113273768e+38
1903.2755371995204,6.616446518554552e+38
1902.5694200017124,6.596730335219388e+38
1901.863826550019,6.5836243237073384e+38
1901.1587562619416,6.566341514572882e+38
1900.4542085558446,6.550892781875517e+38
1899.7501828509548,6.533831423616097e+38
1899.046678567359,6.518901977108819e+38
1898.3436951260026,6.504201045276841e+38
1897.6412319486876,6.492373200325299e+38
1896.939288458073,6.481421225787245e+38
1896.2378640776699,6.470909780219912e+38
1895.536958231843,6.453869176087863e+38
1894.8365703458076,6.4380135434012744e+38
1894.1366998456278,6.423446178705338e+38
1893.4373461582154,6.407116193510789e+38
1892.738508711329,6.39044590450799e+38
1892.0401869335703,6.374150863525782e+38
1891.3423802543855,6.3581312646090094e+38
1890.6450881040612,6.342267940588945e+38
1889.9483099137237,6.322866879048822e+38
1889.252045115339,6.2991020139359424e+38
1888.5562931417078,6.277207927058871e+38
1887.8610534264678,6.2555277807602495e+38
1887.1663254040893,6.233252383124902e+38
1886.4721085098756,6.212676117321664e+38
1885.7784021799598,6.192118558022588e+38
1885.0852058513044,6.1730957777294104e+38
1884.3925189616998,6.153117123225816e+38
1883.7003409497615,6.1307091278083444e+38
1883.0086712549312,6.106513231275352e+38
1882.3175093174718,6.0861631376924996e+38
1881.6268545784685,6.06425723456378e+38
1880.9367064798269,6.043236870291044e+38
1880.2470644642706,6.023263274403938e+38
1879.5579279753401,6.0032075800788626e+38
1878.8692964573918,5.984211203429456e+38
1878.181169355596,5.965699667411168e+38
1877.4935461159353,5.945120544137181e+38
1876.806426185203,5.9253434481347336e+38
1876.1198090110033,5.9050795216253805e+38
1875.4336940417472,5.882434007171067e+38
1874.7480807266522,5.8619090333545494e+38
1874.062968515742,5.838865186679148e+38
1873.378356859843,5.81987216449203e+38
1872.6942452105843,5.794884296709121e+38
1872.0106330203955,5.769572117560861e+38
1871.3275197425053,5.749021059602341e+38
1870.6449048309405,5.7233632641954165e+38
1869.962787740524,5.696498923741656e+38
1869.2811679268736,5.674384305957889e+38
1868.6000448464008,5.6487991419797705e+38
1867.9194179563092,5.621487904201207e+38
1867.2392867145923,5.594741734312966e+38
1866.5596505800333,5.566984900796831e+38
1865.8805090122028,5.53545478229994e+38
1865.2018614714577,5.504560284524077e+38
1864.5237074189397,5.4734473132529515e+38
1863.8460463165743,5.441009007305733e+38
1863.168877627068,5.410432965442541e+38
1862.492200813909,5.382034128175316e+38
1861.816015341364,5.3516610066042485e+38
1861.1403206744772,5.317133984608146e+38
1860.4651162790697,5.284759884683381e+38
1859.7904016217374,5.2498285151584474e+38
1859.1161761698486,5.2185158046439985e+38
1858.4424393915458,5.1845038639887115e+38
1857.7691907557405,5.148507732280251e+38
1857.0964297321136,5.106858627868177e+38
1856.424155791115,5.061966402708643e+38
1855.7523684039602,5.0144175115693675e+38
1855.0810670426297,4.9712306858648634e+38
1854.4102511798685,4.930621253964249e+38
1853.7399202891834,4.885846010786819e+38
1853.0700738448425,4.839534450400871e+38
1852.4007113218731,4.7940871875869266e+38
1851.7318321960613,4.74796678812616e+38
1851.0634359439498,4.700918619343301e+38
1850.3955220428365,4.657925090978284e+38
1849.7280899707744,4.616683496119048e+38
1849.061139206568,4.573725465483003e+38
1848.3946692297739,4.532784719183535e+38
1847.7286795206992,4.491243894108453e+38
1847.0631695603988,4.451843647578892e+38
1846.398138830676,4.412625504029238e+38
1845.7335868140792,4.374811040976122e+38
1845.069512993902,4.335914683755676e+38
1844.4059168541812,4.2988093317299934e+38
1843.742797879696,4.256739137596769e+38
1843.080155555965,4.2153176152271955e+38
1842.417989369248,4.1745613702222744e+38
1841.756298806542,4.1350181344147825e+38
1841.0950833555798,4.096476769535578e+38
1840.434342504831,4.057325027612751e+38
1839.7740757434988,4.019572651448456e+38
1839.1142825615184,3.9817140133953804e+38
1838.4549624495573,3.9437950035936465e+38
1837.796114899013,3.908762600079049e+38
1837.1377394020117,3.8732847095511275e+38
1836.4798354514069,3.837032693556056e+38
1835.8224025407783,3.803883613605612e+38
1835.1654401644307,3.769593443219207e+38
1834.508947817393,3.735216347771896e+38
1833.8529249954154,3.702069554889013e+38
1833.1973711949697,3.668622328457778e+38
1832.5422859132475,3.636193608898922e+38
1831.8876686481585,3.605272799904289e+38
1831.2335188983297,3.575225145413177e+38
1830.5798361631048,3.542713989236848e+38
1829.9266199425404,3.514196994262896e+38
1829.2738697374077,3.482729243048365e+38
1828.62158504919,3.452803560485216e+38
1827.9697653800806,3.4238304503108145e+38
1827.318410232983,3.3946705092709368e+38
1826.6675191115087,3.3655230764868515e+38
1826.0170915199765,3.3373283025438786e+38
1825.3671269634103,3.3082886781507063e+38
1824.7176249475392,3.2793224174799092e+38
1824.0685849787951,3.250531439811618e+38
1823.4200065643117,3.2257547893298535e+38
1822.7718892119244,3.199594817380126e+38
1822.124232430167,3.172563652811483e+38
1821.477035728272,3.146716413573914e+38
1820.8302986161689,3.1212464898084135e+38
1820.184020604483,3.094897888888969e+38
1819.5382012045343,3.0690216979084583e+38
1818.8928399283357,3.044894959445631e+38
1818.2479362885922,3.0210215076233303e+38
1817.6034897987004,2.997203111677692e+38
1816.9594999727456,2.9748092618895036e+38
1816.315966325502,2.951788940737095e+38
1815.6728883724309,2.9283554138150253e+38
1815.0302656296794,2.906779302015497e+38
1814.3880976140795,2.8878720953908113e+38
1813.7463838431472,2.8671708762221696e+38
1813.10512383508,2.8479135541980352e+38
1812.4643171087569,2.8287487794335665e+38
1811.823963183737,2.8104450317130644e+38
1811.184061580258,2.7928884770549566e+38
1810.5446118192351,2.776055253158934e+38
1809.90561342226,2.7602971161931005e+38
1809.267065911599,2.7454340010655224e+38
1808.6289688101933,2.7302007591575096e+38
1807.991321641656,2.716778444566056e+38
1807.3541239302722,2.7043742037410624e+38
1806.7173752009974,2.691503413442612e+38
1806.081074979456,2.6812601196787573e+38
1805.4452227919403,2.6689247652995237e+38
1804.8098181654107,2.659065208851352e+38
1804.1748606274919,2.651345874431423e+38
1803.5403497064738,2.6431439513278855e+38
1802.906284931309,2.6366626863750156e+38
1802.2726658316135,2.6309419276293095e+38
1801.6394919376633,2.6253191235303933e+38
1801.0067627803942,2.622195418606165e+38
1800.3744778914013,2.6190695775158528e+38
1799.742636802937,2.6164991474820633e+38
1799.1112390479102,2.615101599983784e+38
1798.4802841598848,2.61533254355717e+38
1797.8497716730787,2.618119835013496e+38
1797.2197011223636,2.6197182711618214e+38
1796.590072043262,2.6210657667609643e+38
1795.960883971947,2.623578592794491e+38
1795.3321364452422,2.6269205216778902e+38
1794.703829000619,2.632270400971972e+38
1794.075961176196,2.6370742998135907e+38
1793.448532510738,2.6423770716329243e+38
1792.821542543655,2.651685824938545e+38
1792.1949908150007,2.658634356961369e+38
1791.5688768654709,2.668059985474128e+38
1790.9432002364044,2.676877020233209e+38
1790.3179604697793,2.687105878906021e+38
1789.6931571082139,2.6963407093330742e+38
1789.0687896949637,2.7103247394334016e+38
1788.4448577739226,2.722996378575721e+38
1787.8213608896199,2.73896906914641e+38
1787.1982985872196,2.7546481961285578e+38
1786.5756704125204,2.767153341534258e+38
1785.9534759119524,2.7853806535469452e+38
1785.3317146325787,2.802157896376088e+38
1784.710386122092,2.817889545219828e+38
1784.0894899288146,2.8347396177331288e+38
1783.469025601698,2.848001931955797e+38
1782.8489926903192,2.8688957364341512e+38
1782.2293907448827,2.888086402796115e+38
1781.610219316218,2.9095743679937205e+38
1780.991477955778,2.9356672954447403e+38
1780.3731662156385,2.957481376558954e+38
1779.755283648498,2.980952327498037e+38
1779.1378298076752,3.00395370459229e+38
1778.5208042471074,3.0260571225534846e+38
1777.9042065213525,3.052329950194164e+38
1777.2880361855844,3.074257974657433e+38
1776.6722927955939,3.098539407414861e+38
1776.056975907787,3.1271824325583387e+38
1775.4420850791846,3.1532024751230976e+38
1774.8276198674203,3.1833493486215295e+38
1774.21357983074,3.2125077404092357e+38
1773.5999645280008,3.236575359398468e+38
1772.9867735186695,3.267904502669191e+38
1772.3740063628227,3.2968433398042908e+38
1771.761662621144,3.3287223823858998e+38
1771.149741854925,3.355575527622861e+38
1770.5382436260625,3.3859297386445445e+38
1769.9271674970573,3.420753367310493e+38
1769.3165130310158,3.454990058324667e+38
1768.7062797916462,3.494621952674575e+38
1768.0964673432584,3.528492552950968e+38
1767.487075250762,3.561892659955446e+38
1766.8781030796686,3.5932051644166384e+38
1766.2695503960858,3.631184192589596e+38
1765.6614167667205,3.663176946632106e+38
1765.053701758876,3.698654878559234e+38
1764.4464049404498,3.73284384156998e+38
1763.8395258799355,3.763965675609704e+38
1763.2330641464187,3.798542679647758e+38
1762.6270193095788,3.83349759754379e+38
1762.021390939686,3.869912347572371e+38
1761.4161786076004,3.906959968481523e+38
1760.8113818847723,3.94344236453305e+38
1760.2070003432402,3.9792055622236856e+38
1759.6030335556297,4.021309463750577e+38
1758.999481095153,4.057581405093882e+38
1758.3963425356076,4.1000096375388714e+38
1757.7936174513748,4.143870714600007e+38
1757.1913054174208,4.1802740656673716e+38
1756.5894060092924,4.222094500148098e+38
1755.9879188031184,4.264408572809572e+38
1755.3868433756088,4.312118839225636e+38
1754.7861793040518,4.351915122170582e+38
1754.1859261663142,4.38898446549541e+38
1753.586083540841,4.4248893852132e+38
1752.9866510066524,4.4581364462618394e+38
1752.3876281433452,4.490382255707854e+38
1751.7890145310898,4.521633449696627e+38
1751.1908097506303,4.551920980504843e+38
1750.5930133832833,4.587268205411879e+38
1749.9956250109374,4.621680672781403e+38
1749.3986442160508,4.654381354066778e+38
1748.8020705816516,4.678103602601096e+38
1748.2059036913367,4.7020780769283886e+38
1747.6101431292707,4.732413588719454e+38
1747.0147884801845,4.7596194034988826e+38
1746.4198393293746,4.79286259798736e+38
1745.825295262703,4.8214736305457236e+38
1745.2311558665942,4.846756671818505e+38
1744.6374207280371,4.871366863063907e+38
1744.0440894345809,4.894200665083182e+38
1743.4511615743363,4.9198549527932174e+38
1742.8586367359742,4.9404268678204854e+38
1742.2665145087242,4.96430371309176e+38
1741.674794482374,4.992049524075992e+38
1741.0834762472687,5.00911736324596e+38
1740.4925593943085,5.024433526439364e+38
1739.90204351495,5.039816760150314e+38
1739.3119282012035,5.054520768341732e+38
1738.7222130456328,5.071364776507658e+38
1738.1328976413536,5.086778530909865e+38
1737.5439815820337,5.1065841821032824e+38
1736.955464461891,5.073897048325957e+38
1736.3673458756932,5.027627821521177e+38
1735.7796254187567,4.978678355815314e+38
1735.1923026869451,4.929873900143383e+38
1734.6053772766695,4.879094300476999e+38
1734.0188487848864,4.829239914317679e+38
1733.4327168090967,4.780561961990022e+38
1732.8469809473474,4.7298739982261955e+38
1732.2616407982262,4.680052373012548e+38
1731.676695960864,4.6315223901290435e+38
1731.0921460349334,4.581311820370876e+38
1730.5079906206465,4.530789984086748e+38
1729.9242293187558,4.479895080067011e+38
1729.3408617305513,4.428803919906968e+38
1728.7578874578617,4.376455146680656e+38
1728.1753061030508,4.324708895951323e+38
1727.5931172690207,4.272900871578469e+38
1727.011320559206,4.218199022057663e+38
1726.429915577577,4.166289330957577e+38
1725.848901928636,4.112075528431069e+38
1725.2682792174182,4.0569817993110115e+38
1724.6880470494898,3.9998483035218674e+38
1724.1082050309476,3.94602424229622e+38
1723.528752768418,3.8930325347895654e+38
1722.9496898690556,3.839966929612049e+38
1722.3710159405439,3.7861685723037514e+38
1721.7927305910914,3.729965513011352e+38
1721.2148334294345,3.673686044194177e+38
1720.6373240648336,3.6191765132921255e+38
1720.0602021070736,3.566865864717452e+38
1719.483467166463,3.515275626567107e+38
1718.9071188538326,3.464259016135219e+38
1718.3311567805347,3.413263117656695e+38
1717.755580558442,3.361007443729797e+38
1717.1803897999484,3.3105322200829634e+38
1716.605584117965,3.259124819698408e+38
1716.0311631259224,3.2151627048750975e+38
1715.4571264377676,3.1724307748067063e+38
1714.8834736679642,3.128901971389554e+38
1714.3102044314917,3.0848115780538723e+38
1713.7373183438442,3.039384527585731e+38
1713.164815021029,2.995186110750494e+38
1712.5926940795669,2.953270284062074e+38
1712.0209551364908,2.9158124900623222e+38
1711.4495978093444,2.8778929301208804e+38
1710.8786217161821,2.839681270837418e+38
1710.3080264755683,2.803136371147322e+38
1709.7378117065748,2.763914518343219e+38
1709.1679770287824,2.7269051731793938e+38
1708.598522062278,2.689633967126754e+38
1708.0294464276562,2.6571579581195847e+38
1707.4607497460152,2.625823548638868e+38
1706.892431638958,2.5961909880554276e+38
1706.324491728592,2.563861590570839e+38
1705.7569296375266,2.5315730551275134e+38
1705.1897449888734,2.50283452799359e+38
1704.6229374062457,2.4751481420050024e+38
1704.0565065137557,2.4485187564008604e+38
1703.4904519360168,2.4249339816609264e+38
1702.9247732981394,2.4011381925029407e+38
1702.3594702257328,2.3774543358383087e+38
1701.7945423449025,2.3523839692095722e+38
1701.229989282251,2.3332972836227666e+38
1700.6658106648752,2.3144507066526977e+38
1700.1020061203672,2.2980182406777775e+38
1699.5385752768123,2.285093695724486e+38
1698.975517762789,2.269947870048328e+38
1698.4128332073676,2.2549893515594584e+38
1697.85052124011,2.2410068480902594e+38
1697.2885814910678,2.2282297695387713e+38
1696.7270135907831,2.2169077250379664e+38
1696.1658171702866,2.2087271935484466e+38
1695.6049918610959,2.1999741429750048e+38
1695.0445372952174,2.1917961408443455e+38
1694.4844531051428,2.181852893663441e+38
1693.9247389238494,2.1733021840018915e+38
1693.3653943848,2.167616327794774e+38
1692.8064191219412,2.162312572276433e+38
1692.247812769702,2.1592345962576778e+38
1691.6895749629941,2.1584624277081905e+38
1691.1317053372118,2.158196603351012e+38
1690.5742035282283,2.1556309329928845e+38
1690.0170691723986,2.153741895413934e+38
1689.4603019065557,2.1553009317809866e+38
1688.903901368012,2.1549255884448062e+38
1688.3478671945568,2.1564240643553985e+38
1687.792199024456,2.1590135091532935e+38
1687.2368964964526,2.161185585604161e+38
1686.6819592497638,2.1648021952456834e+38
1686.127386924082,2.1655838509736497e+38
1685.573179159573,2.171926324071859e+38
1685.0193355968759,2.17782085427781e+38
1684.4658558771014,2.1852942465918596e+38
1683.9127396418316,2.1910600721494293e+38
1683.35998653312,2.1990417167917378e+38
1682.8075961934892,2.2070432977966076e+38
1682.2555682659308,2.214795058657078e+38
1681.7039023939055,2.2240869911188765e+38
1681.1525982213404,2.2325024069579846e+38
1680.6016553926304,2.2429909399069708e+38
1680.0510735526361,2.2534214301889175e+38
1679.5008523466827,2.262815577936572e+38
1678.9509914205605,2.2745262488350186e+38
1678.4014904205233,2.2834513852855376e+38
1677.8523489932886,2.296261265356128e+38
1677.3035667860345,2.3087322617653917e+38
1676.7551434464024,2.3224470010310295e+38
1676.2070786224929,2.3374885312951642e+38
1675.6593719628675,2.3519403790935953e+38
1675.112023116546,2.3657287252435324e+38
1674.5650317330073,2.383484090514088e+38
1674.018397462188,2.3984428752239942e+38
1673.4721199544815,2.414919146502209e+38
1672.926198860737,2.431569712627597e+38
1672.3806338322602,2.4514695391801357e+38
1671.8354245208102,2.4707604727375804e+38
1671.2905705786009,2.4903236785875514e+38
1670.746071658299,2.509552562701203e+38
1670.2019274130241,2.529690849912623e+38
1669.6581374963478,2.5520305505964132e+38
1669.1147015622912,2.572945129355801e+38
1668.5716192653279,2.5956593778459316e+38
1668.0288902603793,2.619281382337968e+38
1667.4865142028164,2.641878687402225e+38
1666.944490748458,2.6651416732460862e+38
1666.4028195535705,2.6897098599976998e+38
1665.861500274867,2.713815590942161e+38
1665.3205325695062,2.7386512633326086e+38
1664.7799160950922,2.7593443327707575e+38
1664.2396505096733,2.7805640095735788e+38
1663.699735471742,2.80320024295702e+38
1663.1601706402334,2.8272246954498667e+38
1662.6209556745252,2.85081841570431e+38
1662.0820902344367,2.8730303149877015e+38
1661.5435739802276,2.897527354540056e+38
1661.0054065725983,2.9213120628453913e+38
1660.4675876726885,2.945571685078085e+38
1659.9301169420767,2.9698554002598607e+38
1659.392994042779,2.9956941363123375e+38
1658.8562186372496,3.0211682497923758e+38
1658.3197903883784,3.0475373018147355e+38
1657.783708959492,3.0737869986078503e+38
1657.2479740143515,3.1022594847016188e+38
1656.7125852171534,3.1286793943476212e+38
1656.1775422325275,3.154129711440581e+38
1655.6428447255357,3.1815997126078054e+38
1655.1084923616743,3.208584392635066e+38
1654.5744848068696,3.231119245141108e+38
1654.0408217274803,3.2456916065763382e+38
1653.5075027902938,3.260824438645522e+38
1652.9745276625285,3.265220374107473e+38
1652.4418960118312,3.267749619927781e+38
1651.9096075062773,3.270209924777118e+38
1651.3776618143686,3.276587085833857e+38
1650.8460586050348,3.2837550754801492e+38
1650.3147975476322,3.2914058194197307e+38
1649.783878311941,3.2991614829013756e+38
1649.2533005681678,3.306973228306834e+38
1648.7230639869422,3.3151851412729855e+38
1648.1931682393176,3.323264112178577e+38
1647.6636129967703,3.334217532917325e+38
1647.1343979311991,3.3447086348796808e+38
1646.605522714923,3.3565889419289242e+38
1646.076987020683,3.367449690386138e+38
1645.5487905216387,3.3795829978747395e+38
1645.0209328913709,3.39149398660279e+38
1644.4934138038775,3.4033656972718956e+38
1643.9662329335754,3.41665067779905e+38
1643.4393899552983,3.4286834482398575e+38
1642.912884544297,3.441675437515966e+38
1642.386716376238,3.455952224873237e+38
1641.8608851272031,3.469801028017995e+38
1641.3353904736894,3.483500699076563e+38
1640.8102320926073,3.497846396211015e+38
1640.285409661281,3.5115732174646804e+38
1639.7609228574474,3.523704580022535e+38
1639.236771359255,3.5356411446777185e+38
1638.7129548452644,3.547439567190416e+38
1638.1894729944465,3.560130125248538e+38
1637.6663254861821,3.571870308202978e+38
1637.1435120002618,3.584240233844832e+38
1636.621032216885,3.596694305602359e+38
1636.0988858166586,3.6076937083737915e+38
1635.577072480598,3.618056037789626e+38
1635.0555918901243,3.6304486943992115e+38
1634.5344437270653,3.642612359712183e+38
1634.0136276736548,3.655304211808057e+38
1633.4931434125303,3.668156636298015e+38
1632.972990626735,3.680204279298762e+38
1632.4531689997143,3.692297657406344e+38
1631.9336782153173,3.703707801033702e+38
1631.4145179577952,3.714204896520841e+38
1630.895687911801,3.725594232187727e+38
1630.3771877623888,3.736846141589062e+38
1629.8590171950127,3.746887354704018e+38
1629.3411758955265,3.757306932118092e+38
1628.823663550184,3.7679072292075795e+38
1628.3064798456364,3.7766815034856045e+38
1627.7896244689337,3.785531001581395e+38
1627.273097107522,3.795180914579057e+38
1626.7568974492451,3.80505870713197e+38
1626.2410251823421,3.815723184157519e+38
1625.7254799954478,3.825946190297112e+38
1625.2102615775916,3.835554909290495e+38
1624.6953696181965,3.84222232629683e+38
1624.1808038070797,3.851044116643477e+38
1623.666563834451,3.859513675965168e+38
1623.1526493909118,3.868889996803562e+38
1622.6390601674564,3.878985101273586e+38
1622.1257958554684,3.8902226324391774e+38
1621.6128561467235,3.900694540986839e+38
1621.1002407333856,3.911689412464053e+38
1620.5879493080088,3.921854927577786e+38
1620.0759815635352,3.934075677184973e+38
1619.564337193295,3.944418994667531e+38
1619.0530158910053,3.959433447124373e+38
1618.5420173507703,3.972246513596266e+38
1618.0313412670803,3.9871197314984494e+38
1617.5209873348103,4.002146763015073e+38
1617.0109552492218,4.016769853409204e+38
1616.5012447059582,4.030562259216894e+38
1615.9918554010487,4.047057595550532e+38
1615.482787030904,4.064219491950254e+38
1614.9740392923184,4.0819974639881345e+38
1614.4656118824669,4.100587584929219e+38
1613.9575044989065,4.120762418359148e+38
1613.4497168395746,4.140382963426063e+38
1612.9422486027888,4.157371952916137e+38
1612.4350994872455,4.175955331060753e+38
1611.928269192021,4.194566403991403e+38
1611.4217574165687,4.214953615054443e+38
1610.91556386072,4.236319084638962e+38
1610.409688224684,4.2586148488889586e+38
1609.904130209046,4.281391364764681e+38
1609.398889514766,4.3047341272513285e+38
1608.893965843181,4.329017770461105e+38
1608.3893588960013,4.354903521065062e+38
1607.8850683753126,4.379272505492316e+38
1607.3810939835726,4.4061600392927854e+38
1606.877435423613,4.4336941969197185e+38
1606.3740923986377,4.4612404267713194e+38
1605.8710646122222,4.491776494861591e+38
1605.3683517683132,4.518697132865135e+38
1604.865953571228,4.5476214170534116e+38
1604.3638697256536,4.577144342134077e+38
1603.8620999366474,4.607224171366758e+38
1603.3606439096343,4.638383011958845e+38
1602.8595013504091,4.6714925413558695e+38
1602.3586719651325,4.702500895786074e+38
1601.858155460334,4.7318798941774506e+38
1601.3579515429083,4.761494324218169e+38
1600.858059920117,4.791993223562732e+38
1600.358480299587,4.823063530926869e+38
1599.8592123893097,4.8530577081582975e+38
1599.360255897641,4.884970235516186e+38
1598.8616105333,4.917680755147964e+38
1598.3632760053704,4.949688746431052e+38
1597.8652520232968,4.982223224587316e+38
1597.3675382968868,5.014473075688817e+38
1596.8701345363088,5.04679346773673e+38
1596.3730404520927,5.079660447982091e+38
1595.8762557551286,5.1054169752906916e+38
1595.3797801566661,5.1315369686188905e+38
1594.8836133683142,5.155477744835736e+38
1594.3877551020407,5.178880239686552e+38
1593.892205070171,5.200395867577273e+38
1593.3969629853887,5.223119259616165e+38
1592.9020285607335,5.2460784680629084e+38
1592.407401509602,5.26976217079866e+38
1591.9130815457474,5.293362733820014e+38
1591.4190683832774,5.316324480606025e+38
1590.9253617366542,5.337984670055094e+38
1590.4319613206944,5.35870032802279e+38
1589.9388668505696,5.3797131348750846e+38
1589.4460780418021,5.402463112442002e+38
1588.9535946102692,5.423809977534118e+38
1588.4614162721987,5.4458623769996934e+38
1587.96954274417,5.468085739233982e+38
1587.4779737431143,5.489377989569072e+38
1586.9867089863121,5.5100534539779594e+38
1586.4957481913948,5.52948867433074e+38
1586.005091076342,5.550259144383618e+38
1585.5147373594834,5.5708939871252434e+38
1585.0246867594963,5.591326525845364e+38
1584.5349389954047,5.6128702000490696e+38
1584.0454937865813,5.634155355893493e+38
1583.556350852745,5.65604033622596e+38
1583.06750991396,5.678153678351533e+38
1582.5789706906373,5.701922218997437e+38
1582.090732903532,5.724586405446704e+38
1581.6027962737437,5.7483257324439116e+38
1581.1151605227167,5.770212034748275e+38
1580.6278253722378,5.794839776604812e+38
1580.1407905444376,5.819892329551765e+38
1579.6540557617882,5.8478374641900165e+38
1579.167620747104,5.874369344257588e+38
1578.6814852235414,5.902232012083872e+38
1578.1956489145957,5.931723814415341e+38
1577.7101115441048,5.960481178397682e+38
1577.2248728362447,5.992594577481235e+38
1576.7399325155307,6.024721075752659e+38
1576.255290306818,6.05904706687253e+38
1575.7709459352989,6.093654168976681e+38
1575.2868991265032,6.130477507124406e+38
1574.803149606299,6.167314932749977e+38
1574.3196971008902,6.2052326107054465e+38
1573.8365413368167,6.244352061309146e+38
1573.3536820409543,6.285712836185745e+38
1572.871118940514,6.32888345505147e+38
1572.3888517630407,6.374775396583492e+38
1571.9068802364147,6.422256919303207e+38
1571.4252040888482,6.468241192337227e+38
1570.9438230488877,6.517557669676233e+38
1570.4627368454114,6.567481856933444e+38
1569.9819452076301,6.617461182958267e+38
1569.5014478650855,6.66944598615164e+38
1569.0212445476511,6.722744061772195e+38
1568.54133498553,6.7774318760828954e+38
1568.0617189092563,6.831136057948763e+38
1567.582396049692,6.88600177498948e+38
1567.1033661380304,6.941988068588697e+38
1566.624628905791,6.990827509970364e+38
1566.1461840848224,7.03910906155721e+38
1565.6680314073005,7.087580436710307e+38
1565.1901706057283,7.133800484178235e+38
1564.7126014129356,7.178491019855617e+38
1564.2353235620765,7.221767581509988e+38
1563.7583367866328,7.265797018249636e+38
1563.2816408204103,7.309304229628944e+38
1562.8052353975386,7.355672957705734e+38
1562.3291202524724,7.398297333859566e+38
1561.8532951199893,7.442337004846463e+38
1561.3777597351902,7.485289605738754e+38
1560.9025138334985,7.524117604176028e+38
1560.4275571506594,7.564597695457669e+38
1559.9528894227394,7.603984986080005e+38
1559.4785103861268,7.64424295484093e+38
1559.0044197775298,7.682328855123312e+38
1558.5306173339775,7.724529169889253e+38
1558.0571027928174,7.763658572483201e+38
1557.5838758917166,7.800301336275052e+38
1557.1109363686614,7.835039031125055e+38
1556.6382839619557,7.87221291518793e+38
1556.165918410221,7.91141460246343e+38
1555.6938394523959,7.949098023748881e+38
1555.2220468277358,7.987966081837506e+38
1554.7505402758127,8.024104142221439e+38
1554.2793195365139,8.058767248485712e+38
1553.808384350042,8.091900688080341e+38
1553.3377344569142,8.124076903823558e+38
1552.8673695979624,8.157276760782856e+38
1552.3972895143324,8.190667901699722e+38
1551.9274939474826,8.224919470009112e+38
1551.457982639185,8.25993957884116e+38
1550.9887553315236,8.290035807677711e+38
1550.5198117668947,8.319970648242705e+38
1550.0511516880056,8.348174194638058e+38
1549.5827748378747,8.376687466078873e+38
1549.1146809598313,8.405836721103643e+38
1548.6468697975145,8.436075639295075e+38
1548.1793410948724,8.464938472645797e+38
1547.7120945961633,8.491763083699816e+38
1547.2451300459531,8.518005576154455e+38
1546.7784471891168,8.543053438369972e+38
1546.3120457708364,8.56587267954321e+38
1545.8459255366017,8.590303614755196e+38
1545.380086232209,8.614926596885833e+38
1544.9145276037602,8.638848290870021e+38
1544.4492493976647,8.662713254900874e+38
1543.9842513606359,8.684279088222635e+38
1543.5195332396931,8.705331435742844e+38
1543.055094782159,8.725808063503003e+38
1542.5909357356616,8.744690613409043e+38
1542.127055848131,8.7643370101684e+38
1541.6634548678023,8.785715997048035e+38
1541.2001325432113,8.806520652741205e+38
1540.7370886231975,8.827331550416652e+38
1540.2743228569009,8.84283345932507e+38
1539.8118349937638,8.859309191097956e+38
1539.3496247835292,8.875855467327588e+38
1538.8876919762397,8.892724206343303e+38
1538.4260363222388,8.907824595493252e+38
1537.964657572169,8.921344351302933e+38
1537.5035554769722,8.931575739700726e+38
1537.0427297878882,8.942270394376924e+38
1536.5821802564558,8.949299235248731e+38
1536.1219066345107,8.958203645350537e+38
1535.6619086741864,8.966100209694958e+38
1535.2021861279131,8.970357124878666e+38
1534.7427387484174,8.975997004045082e+38
1534.2835662887214,8.979427288973913e+38
1533.8246685021436,8.982505134050919e+38
1533.3660451422963,8.985115344642769e+38
1532.9076959630877,8.984754702163916e+38
1532.449620718719,8.985755843475282e+38
1531.991819163686,8.986169696224973e+38
1531.5342910527768,8.983672361496357e+38
1531.0770361410737,8.979613336179398e+38
1530.62005418395,8.972422428332246e+38
1530.1633449370722,8.966977137383729e+38
1529.7069081563973,8.959289522145435e+38
1529.2507435981743,8.94921766404417e+38
1528.794851018942,8.940419919687965e+38
1528.33923017553,8.92906046807889e+38
1527.8838808250573,8.918434813522263e+38
1527.428802724933,8.90770260714307e+38
1526.9739956328547,8.899043833867814e+38
1526.5194593068074,8.884348129413227e+38
1526.0651935050666,8.869799628533196e+38
1525.6111979861935,8.856537755140895e+38
1525.1574725090368,8.839900919228265e+38
1524.7040168327323,8.823150511541075e+38
1524.250830716703,8.806807413128923e+38
1523.797913920656,8.786919453015243e+38
1523.3452662045854,8.76936962529311e+38
1522.8928873287698,8.748625934947172e+38
1522.4407770537728,8.728891265191235e+38
1521.9889351404415,8.704112076581753e+38
1521.5373613499082,8.67962936792459e+38
1521.086055443587,8.655645425391238e+38
1520.6350171831757,8.626206817747037e+38
1520.1842463306555,8.600642952506457e+38
1519.7337426482882,8.571038577186402e+38
1519.2835058986184,8.539406230724254e+38
1518.8335358444717,8.505915844125448e+38
1518.3838322489541,8.454518166129793e+38
1517.9343948754536,8.401525285419862e+38
1517.4852234876364,8.346517551513567e+38
1517.0363178494492,8.291889042798382e+38
1516.5876777251185,8.236524109296331e+38
1516.1393028791488,8.181750297006631e+38
1515.6911930763226,8.135157531151089e+38
1515.243348081702,8.087431161574747e+38
1514.7957676606252,8.03998452980091e+38
1514.3484515787084,7.990410244258154e+38
1513.901399601844,7.944309478246532e+38
1513.4546114962013,7.895706265945234e+38
1513.0080870282252,7.848595344239126e+38
1512.5618259646365,7.80008972848928e+38
1512.1158280724305,7.754469275567083e+38
1511.6700931188777,7.707823183715067e+38
1511.2246208715233,7.659068266675534e+38
1510.7794110981856,7.608901276006738e+38
1510.3344635669569,7.56005566937809e+38
1509.8897780462028,7.510570484562004e+38
1509.4453543045609,7.460665259970037e+38
1509.0011921109417,7.407967252335665e+38
1508.557291234528,7.354599794829094e+38
1508.113651444773,7.300308849500162e+38
1507.670272511402,7.245867280386224e+38
1507.2271542044102,7.194468683033662e+38
1506.784296294064,7.142216439543515e+38
1506.3416985508995,7.086909305248009e+38
1505.8993607457214,7.03132654245996e+38
1505.457282649605,6.974099466362601e+38
1505.015464033893,6.916293311219478e+38
1504.5739046701976,6.85950395629212e+38
1504.132604330398,6.802397027180248e+38
1503.6915627866413,6.745910378753291e+38
1503.250779811342,6.690563597438721e+38
1502.8102551771813,6.636186931405629e+38
1502.3699886571067,6.5792114245848315e+38
1501.9299800243314,6.519473987269327e+38
1501.4902290523346,6.4598957935313045e+38
1501.0507355148607,6.4030027473375485e+38
1500.6114991859185,6.34531065491732e+38
1500.1725198397817,6.2888479811322624e+38
1499.7337972509881,6.231406432029861e+38
1499.2953311943388,6.174580575055122e+38
1498.8571214448982,6.1193128534151696e+38
1498.4191677779943,6.055667090247653e+38
1497.9814699692165,5.995014875868934e+38
1497.5440277944174,5.935122942579457e+38
1497.1068410297103,5.87471682460556e+38
1496.6699094514704,5.815053815887768e+38
1496.2332328363345,5.755624496545907e+38
1495.7968109611993,5.6978685064522845e+38
1495.3606436032212,5.642169323770067e+38
1494.9247305398176,5.586986096612679e+38
1494.4890715486642,5.535179385579409e+38
1494.0536664076974,5.4835928844166375e+38
1493.6185148951108,5.433559815093534e+38
1493.1836167893566,5.387099002233346e+38
1492.7489718691456,5.3332432992042766e+38
1492.3145799134459,5.285943538909348e+38
1491.8804407014823,5.237216306336409e+38
1491.446554012737,5.1900660782235116e+38
1491.0129196269488,5.143827095464683e+38
1490.5795373241117,5.0979049430511306e+38
1490.1464068844766,5.053292567390376e+38
1489.7135280885486,5.007122925082102e+38
1489.2809007170888,4.962573284733125e+38
1488.8485245511122,4.9196818146670085e+38
1488.4163993718885,4.876745606050804e+38
1487.9845249609405,4.833285323468869e+38
1487.5529011000453,4.7953782186760645e+38
1487.1215275712332,4.758040623450469e+38
1486.6904041567864,4.719389040169091e+38
1486.2595306392402,4.681084717401792e+38
1485.828906801382,4.641173957650047e+38
1485.39853242625,4.602222161182992e+38
1484.968407297135,4.567545783820488e+38
1484.5385311975774,4.5317042123231074e+38
1484.108903911369,4.500993493718949e+38
1483.6795252225518,4.466470221462303e+38
1483.2503949154177,4.432456894359142e+38
1482.8215127745075,4.3990297857973026e+38
1482.3928785846113,4.3627879341777854e+38
1481.9644921307686,4.331001582744446e+38
1481.5363531982666,4.298327916829829e+38
1481.108461572641,4.266908769668278e+38
1480.680817039675,4.233734073285516e+38
1480.253419385399,4.20081505392038e+38
1479.8262683960904,4.1700532777107444e+38
1479.3993638582735,4.137670526161537e+38
1478.972705558719,4.107193164110275e+38
1478.5462932844428,4.07594058061996e+38
1478.120126822707,4.039334230767969e+38
1477.6942059610187,4.005012453972539e+38
1477.2685304871295,3.968012846890077e+38
1476.843100189036,3.9314876916762864e+38
1476.417914854979,3.897135306239353e+38
1475.9929742734425,3.856246800100928e+38
1475.5682782331546,3.820864590043657e+38
1475.143826523086,3.785934005643546e+38
1474.7196189324504,3.7489716296374415e+38
1474.295655250704,3.713070457186965e+38
1473.8719352675446,3.669375473120002e+38
1473.4484587729123,3.6295331513995e+38
1473.0252255569876,3.5935247617930774e+38
1472.6022354101933,3.550469647750801e+38
1472.1794881231922,3.5124259354144964e+38
1471.7569834868866,3.473758888658646e+38
1471.3347212924205,3.43199204661052e+38
1470.912701331176,3.3906988267119153e+38
1470.4909233947753,3.3470822047080726e+38
1470.0693872750794,3.306769963962615e+38
1469.6480927641876,3.263760215332703e+38
1469.227039654438,3.2231903900270803e+38
1468.8062277384058,3.1819793659160258e+38
1468.3856568089045,3.140037968098994e+38
1467.9653266589842,3.0996616033293137e+38
1467.5452370819332,3.057954623866894e+38
1467.1253878712746,3.0148886314495172e+38
1466.7057788207687,2.9709468314485385e+38
1466.2864097244114,2.9292825408075613e+38
1465.8672803764348,2.8848638019110486e+38
1465.448390571305,2.842153027258848e+38
1465.0297401037244,2.8026675919910128e+38
1464.611328768628,2.763720683317494e+38
1464.1931563611874,2.725107331650507e+38
1463.7752226768057,2.685701724194244e+38
1463.3575275111216,2.645493716521268e+38
1462.9400706600054,2.6046289438192006e+38
1462.5228519195612,2.5629824106173514e+38
1462.1058710861255,2.520562608389504e+38
1461.6891279562665,2.4882457341731048e+38
1461.2726223267846,2.453550403482356e+38
1460.8563539947118,2.4161410857524626e+38
1460.4403227573114,2.379979316456662e+38
1460.0245284120774,2.3441211838421048e+38
1459.6089707567344,2.305296234779163e+38
1459.193649589237,2.269282296737204e+38
1458.7785647077703,2.2312746877429226e+38
1458.3637159107482,2.202640383372019e+38
1457.9491029968146,2.1722886977547306e+38
1457.5347257648416,2.1423023521225038e+38
1457.12058401393,2.1130542417247856e+38
1456.7066775434098,2.0817628630420752e+38
1456.293006152838,2.0507310481332506e+38
1455.8795696419993,2.0203700108665723e+38
1455.466367810906,1.989030409784074e+38
1455.0534004597969,1.962000383808895e+38
1454.6406673891383,1.9343505743863405e+38
1454.2281683996218,1.9067516557149705e+38
1453.8159032921662,1.8800426189252676e+38
1453.4038718679146,1.8519642605187097e+38
1452.9920739282368,1.823496197925121e+38
1452.5805092747266,1.793996172428794e+38
1452.1691777092033,1.7663729226385027e+38
1451.7580790337097,1.740858259398436e+38
1451.3472130505143,1.7180467579234302e+38
1450.9365795621075,1.695568136331891e+38
1450.5261783712042,1.6710604268004552e+38
1450.1160092807427,1.6473041173173085e+38
1449.706072093883,1.6240435809486524e+38
1449.296366614009,1.5989681729953225e+38
1448.8868926447258,1.5760874009188743e+38
1448.4776499898608,1.5531183565802577e+38
1448.0686384534629,1.5359867100539005e+38
1447.659857839802,1.5139515763376567e+38
1447.2513079533696,1.4946975074300222e+38
1446.8429885988774,1.4743428040264664e+38
1446.4348995812572,1.4528220129417777e+38
1446.0270407056612,1.4328040762251585e+38
1445.6194117774614,1.412269908500923e+38
1445.212012602249,1.3929503449968799e+38
1444.8048429858336,1.375463969036515e+38
1444.3979027342452,1.3558731608478713e+38
1443.991191653731,1.337066008783084e+38
1443.5847095507565,1.3179851192653965e+38
1443.1784562320054,1.298560062585734e+38
1442.7724315043788,1.274538370869951e+38
1442.366635174995,1.2530267833563619e+38
1441.9610670511897,1.2332514834688806e+38
1441.5557269405142,1.2165844510108025e+38
1441.150614650737,1.2003789629840746e+38
1440.7457299898429,1.1831429994586988e+38
1440.341072766031,1.1667303154627792e+38
1439.9366427877173,1.1497082089046585e+38
1439.5324398635323,1.1318102706602815e+38
1439.1284638023212,1.1150204443942882e+38
1438.7247144131443,1.0977803344651167e+38
1438.3211915052752,1.0851982457411734e+38
1437.917894888202,1.0737130059292621e+38
1437.5148243716264,1.0607376319936778e+38
1437.1119797654633,1.0473034201137852e+38
1436.709360879841,1.0343319273520078e+38
1436.3069675250995,1.0214435254534557e+38
1435.9047995117924,1.0081223373461063e+38
1435.5028566506846,9.944307035075028e+37
1435.1011387527535,9.854632954666962e+37
1434.6996456291874,9.761764275088862e+37
1434.2983770913863,9.659136623638417e+37
1433.8973329509608,9.57556071278819e+37
1433.4965130197322,9.471768750021137e+37
1433.0959171097322,9.370316907378658e+37
1432.6955450332027,9.279121002144543e+37
1432.2953966025955,9.17219230931261e+37
1431.895471630571,9.095770290154564e+37
1431.49576993,9.020101756629104e+37
1431.096291313961,8.946290016064753e+37
1430.6970355957424,8.862786655593833e+37
1430.2980025888394,8.780864927389474e+37
1429.8991921069564,8.706667321414672e+37
1429.5006039640052,8.612169783085239e+37
1429.1022379741046,8.52899666114631e+37
1428.7040939515814,8.457510998568138e+37
1428.3061717109679,8.411623867148552e+37
1427.9084710670047,8.355689325602429e+37
1427.5109918346373,8.30797715295913e+37
1427.1137338290175,8.258281056852822e+37
1426.7166968655033,8.205700623518425e+37
1426.319880759658,8.154735800161214e+37
1425.9232853272495,8.106853331394694e+37
1425.5269103842509,8.051382981359962e+37
1425.13075574684,8.014959265000464e+37
1424.7348212313984,7.971938896984675e+37
1424.3391066545125,7.936496636530541e+37
1423.9436118329716,7.888331894625622e+37
1423.5483365837688,7.847069188125429e+37
1423.1532807241006,7.800363315118638e+37
1422.7584440713656,7.76205387683084e+37
1422.3638264431659,7.7125202190406455e+37
1421.9694276573055,7.68604246513652e+37
1421.5752475317902,7.645234365956423e+37
1421.1812858848275,7.6231188997961845e+37
1420.787542534827,7.584802825468686e+37
1420.3940173003994,7.559467451300153e+37
1420.0007100003552,7.532324841336047e+37
1419.6076204537069,7.495432807420315e+37
1419.2147484796662,7.46938472122163e+37
1418.8220938976463,7.436995844400161e+37
1418.4296565272589,7.437092547767807e+37
1418.0374361883153,7.429260778800315e+37
1417.6454327008273,7.426964336385025e+37
1417.253645885004,7.422978090297749e+37
1416.8620755612546,7.414059922407717e+37
1416.4707215501855,7.418194738390864e+37
1416.0795836726024,7.41542847043423e+37
1415.6886617495081,7.408527473662651e+37
1415.2979556021032,7.417436257422988e+37
1414.9074650517855,7.425666262226648e+37
1414.5171899201505,7.425869141877514e+37
1414.1271300289895,7.428609458521143e+37
1413.7372852002914,7.441298637104464e+37
1413.34765525624,7.4462830961026e+37
1412.9582400192162,7.450736483534733e+37
1412.5690393117964,7.456603993336001e+37
1412.180052956752,7.463086039014119e+37
1411.79128077705,7.47675882616061e+37
1411.4027225958519,7.499681827404905e+37
1411.0143782365144,7.520335991254642e+37
1410.6262475225878,7.535968431723382e+37
1410.238330277817,7.555169536613723e+37
1409.8506263261409,7.57825424987192e+37
1409.4631354916912,7.596949579085526e+37
1409.0758575987938,7.610890252559311e+37
1408.6887924719672,7.640905319413241e+37
1408.3019399359223,7.665106469759133e+37
1407.915299815563,7.700356296370806e+37
1407.5288719359858,7.731019741188861e+37
1407.1426561224778,7.758670067764015e+37
1406.7566522005193,7.801173013381883e+37
1406.3708599957808,7.824493479208722e+37
1405.9852793341256,7.862365526927396e+37
1405.5999100416057,7.884659502646492e+37
1405.214751944466,7.913002079647071e+37
1404.8298048691402,7.93972479123467e+37
1404.4450686422526,7.963687484695175e+37
1404.060543090618,7.986785057977037e+37
1403.6762280412402,8.017519149377449e+37
1403.292123321312,8.0319908353322455e+37
1402.908228758216,8.064236358556593e+37
1402.5245441795232,8.089837059416456e+37
1402.1410694129938,8.125649847540209e+37
1401.7578042865753,8.161989261999353e+37
1401.3747486284044,8.198375982558813e+37
1400.9919022668048,8.232365148223959e+37
1400.6092650302883,8.269591628013003e+37
1400.226836747553,8.312572313748199e+37
1399.8446172474858,8.346567322736412e+37
1399.4626063591584,8.397368075865374e+37
1399.08080391183,8.378846317979241e+37
1398.6992097349464,8.341859777795745e+37
1398.3178236581393,8.323569561325278e+37
1397.9366455112256,8.292338044208649e+37
1397.5556751242077,8.268003492345767e+37
1397.1749123272743,8.241539402224132e+37
1396.794356950798,8.208609591824208e+37
1396.4140088253366,8.189528341978656e+37
1396.0338677816324,8.166499928893695e+37
1395.653933650612,8.140527080675862e+37
1395.274206263386,8.123775175762518e+37
1394.8946854512485,8.103905437700892e+37
1394.5153710456773,8.087502941392794e+37
1394.1362628783338,8.062570938827919e+37
1393.7573607810616,8.047159790522892e+37
1393.378664585888,8.034262312780409e+37
1393.0001741250219,8.01785104219754e+37
1392.621889230855,8.013031667152027e+37
1392.2438097359611,8.001865053455043e+37
1391.8659354730953,7.993594985522632e+37
1391.4882662751947,7.989650747292586e+37
1391.1108019753774,7.987476825061745e+37
1390.7335424069427,7.976638538121623e+37
1390.3564874033702,7.972420190279029e+37
1389.979636798321,7.977119133141028e+37
1389.6029904256354,7.975952084807327e+37
1389.2265481193347,7.967537967720539e+37
1388.8503097136193,7.975472376160589e+37
1388.4742750428693,7.981326050778765e+37
1388.0984439416445,7.98562524425899e+37
1387.7228162446831,7.980447617464343e+37
1387.3473917869035,7.988131761435558e+37
1386.972170403401,7.991435916794459e+37
1386.5971519294499,7.997294367308393e+37
1386.2223362005034,8.010052567010084e+37
1385.847723052191,8.014786058988067e+37
1385.4733123203214,8.026476131572688e+37
1385.09910384088,8.034713195139056e+37
1384.7250974500287,8.050617793218063e+37
1384.3512929841077,8.054051765925067e+37
1383.977690279633,8.068525286248474e+37
1383.6042891732966,8.086269653273349e+37
1383.2310895019677,8.101321531689776e+37
1382.8580911026909,8.123377010193482e+37
1382.4852938126871,8.146168768537289e+37
1382.1126974693516,8.172661527424114e+37
1381.740301910256,8.183149151258125e+37
1381.3681069731463,8.214754014664748e+37
1380.9961124959434,8.241847458597373e+37
1380.624318316743,8.258881721374434e+37
1380.2527242738147,8.285739277814732e+37
1379.8813302056024,8.317880632090251e+37
1379.510135950724,8.3488237201730205e+37
1379.1391413479707,8.376692186071395e+37
1378.7683462363073,8.405573076110115e+37
1378.3977504548714,8.437883219270791e+37
1378.027353842974,8.463157861192426e+37
1377.6571562400982,8.493663141239731e+37
1377.2871574859,8.522098576492453e+37
1376.9173574202077,8.559331981638058e+37
1376.547755883021,8.598285756556188e+37
1376.178352714512,8.630766740705598e+37
1375.8091477550233,8.669443078243534e+37
1375.4401408450706,8.708827116292712e+37
1375.0713318253386,8.747635952106124e+37
1374.7027205366842,8.78473313114995e+37
1374.334306820134,8.825806351546192e+37
1373.966090516886,8.856656013160195e+37
1373.5980714683078,8.869106549930374e+37
1373.2302495159363,8.828048596799235e+37
1372.8626245014793,8.796734261473533e+37
1372.495196266813,8.751162079595282e+37
1372.1279646539836,8.714973583206087e+37
1371.760929505206,8.692356190259343e+37
1371.3940906628634,8.640746785215134e+37
1371.0274479695083,8.590257009449949e+37
1370.6610012678616,8.536894746569164e+37
1370.2947504008114,8.481100260965629e+37
1369.9286952114144,8.4204065208765965e+37
1369.5628355428948,8.36408846976343e+37
1369.1971712386442,8.309298558131758e+37
1368.8317021422215,8.258064626855022e+37
1368.466428097353,8.21562409799441e+37
1368.10134894793,8.175533954136622e+37
1367.7364645380128,8.1347233799616065e+37
1367.3717747118264,8.065965604129464e+37
1367.0072793137624,7.981146707284351e+37
1366.6429781883783,7.894362104108526e+37
1366.2788711803967,7.815868413450816e+37
1365.9149581347065,7.73031779767367e+37
1365.5512388963616,7.65377869060573e+37
1365.1877133105804,7.582405647809881e+37
1364.8243812227463,7.523425530271004e+37
1364.4612424784073,7.454149535461661e+37
1364.0982969232762,7.395705970507163e+37
1363.7355444032294,7.325420076308124e+37
1363.372984764307,7.253685966360317e+37
1363.010617852713,7.195767095842971e+37
1362.6484435148154,7.131646259240925e+37
1362.2864615971448,7.082028950595846e+37
1361.9246719463947,7.030554122670284e+37
1361.5630744094221,6.988917251445551e+37
1361.201668833246,6.947049384089697e+37
1360.8404550650482,6.895347071779327e+37
1360.4794329521724,6.858794758855804e+37
1360.1186023421242,6.818019933100431e+37
1359.7579630825712,6.766258040091184e+37
1359.3975150213428,6.728974335148601e+37
1359.0372580064284,6.6945935594286745e+37
1358.67719188598,6.669071723935915e+37
1358.3173165083094,6.64180343996537e+37
1357.9576317218903,6.617533616962793e+37
1357.5981373753555,6.5899299369374535e+37
1357.2388333174988,6.566152387192185e+37
1356.8797193972741,6.531216592688288e+37
1356.5207954637945,6.504464108849234e+37
1356.1620613663335,6.481768368572073e+37
1355.803516954323,6.461502480878703e+37
1355.4451620773552,6.459127492071459e+37
1355.0869965851807,6.445104512789799e+37
1354.7290203277091,6.429143756402361e+37
1354.371233155008,6.427238278436441e+37
1354.0136349173038,6.409575346779127e+37
1353.656225464981,6.392939481446341e+37
1353.299004648582,6.39058336616568e+37
1352.941972318807,6.382333038701445e+37
1352.585128326514,6.376030502778312e+37
1352.2284725227173,6.379052165848167e+37
1351.8720047585894,6.389242561193092e+37
1351.5157248854591,6.384727921151336e+37
1351.1596327548118,6.388295995850281e+37
1350.80372821829,6.391510382815536e+37
1350.4480111276916,6.402642222542034e+37
1350.0924813349714,6.403300372632929e+37
1349.7371386922398,6.407781216622323e+37
1349.3819830517623,6.409244789447187e+37
1349.0270142659608,6.421068441500478e+37
1348.6722321874115,6.424107686592706e+37
1348.3176366688465,6.42568888154922e+37
1347.963227563152,6.438347555213205e+37
1347.6090047233697,6.440984539315578e+37
1347.2549680026946,6.450036443713702e+37
1346.9011172544767,6.4620714483965255e+37
1346.54745233222,6.475699595365511e+37
1346.1939730895824,6.4868194110396e+37
1345.840679380375,6.505887539446308e+37
1345.4875710585625,6.528838376018663e+37
1345.1346479782626,6.550447202004191e+37
1344.7819099937467,6.56568389263634e+37
1344.4293569594386,6.58525247621108e+37
1344.0769887299145,6.6059797551433e+37
1343.724805159903,6.627451221937162e+37
1343.3728061042862,6.634005669886516e+37
1343.020991418096,6.6582723322079e+37
1342.6693609565177,6.691780657775724e+37
1342.317914574888,6.722792314858511e+37
1341.9666521286947,6.735492878723783e+37
1341.615573473577,6.7704991985871045e+37
1341.264678465325,6.8000807102366085e+37
1340.9139669598799,6.821921815453085e+37
1340.5634388133333,6.861700733352747e+37
1340.2130938819273,6.882373143831338e+37
1339.8629320220543,6.915388861925587e+37
1339.5129530902564,6.954200525252107e+37
1339.163156943226,6.997225454112403e+37
1338.8135434378055,7.043147314707638e+37
1338.4641124309853,7.065491124831858e+37
1338.114863779907,7.11009969083713e+37
1337.7657973418593,7.156997085285584e+37
1337.4169129742816,7.199913134636071e+37
1337.0682105347605,7.244505650010208e+37
1336.7196898810319,7.287760743631916e+37
1336.37135087098,7.329343747081547e+37
1336.023193362637,7.381027132921397e+37
1335.6752172141823,7.437617147740658e+37
1335.327422283944,7.487187646426456e+37
1334.9798084303975,7.537003573585432e+37
1334.6323755121653,7.590304910762233e+37
1334.285123388017,7.647381999599053e+37
1333.9380519168692,7.698875392876029e+37
1333.5911609577852,7.68544548950067e+37
1333.2444503699753,7.639160551048564e+37
1332.8979200127958,7.614132112972321e+37
1332.5515697457492,7.580310742310438e+37
1332.2053994284838,7.559834614006996e+37
1331.8594089207943,7.536120847574404e+37
1331.5135980826205,7.51970762276462e+37
1331.1679667740477,7.487048680783431e+37
1330.8225148553063,7.470470785468794e+37
1330.4772421867724,7.446316191893454e+37
1330.1321486289664,7.421476459132985e+37
1329.7872340425533,7.407884082110661e+37
1329.442498288343,7.403300031119693e+37
1329.097941227289,7.393331455524018e+37
1328.75356272049,7.385744485270074e+37
1328.4093626291879,7.37995784671856e+37
1328.0653408147682,7.3623537373899e+37
1327.72149713876,7.362332750609459e+37
1327.3778314628369,7.34684484038447e+37
1327.0343436488138,7.337733012739646e+37
1326.6910335586497,7.349538963827709e+37
1326.3479010544468,7.347098526229138e+37
1326.0049459984486,7.354038810304329e+37
1325.6621682530424,7.370270816085147e+37
1325.319567680757,7.379434896330256e+37
1324.9771441442635,7.391508704696391e+37
1324.634897506375,7.399014823852168e+37
1324.2928276300456,7.415888240591323e+37
1323.9509343783718,7.428661766151295e+37
1323.6092176145914,7.445807607901549e+37
1323.267677202083,7.463420828858986e+37
1322.9263130043657,7.482493124320481e+37
1322.5851248851004,7.503580447678974e+37
1322.244112708088,7.521544304872687e+37
1321.9032763372704,7.541398804677592e+37
1321.562615636729,7.570384436404881e+37
1321.2221304706854,7.5956197429292225e+37
1320.8818207035017,7.614278200467291e+37
1320.5416861996794,7.65339415876153e+37
1320.2017268238587,7.682698225358476e+37
1319.8619424408207,7.718598055035751e+37
1319.5223329154846,7.751327972215252e+37
1319.1828981129088,7.791471023568904e+37
1318.843637898291,7.836730929793458e+37
1318.5045521369664,7.870931028416256e+37
1318.1656406944098,7.919369950235986e+37
1317.8269034362338,7.95748409626648e+37
1317.4883402281891,8.0108596789954425e+37
1317.1499509361643,8.058239543710031e+37
1316.8117354261863,8.1071326648382935e+37
1316.4736935644185,8.152555204415653e+37
1316.1358252171626,8.207409368931321e+37
1315.798130250857,8.2516931734614215e+37
1315.4606085320775,8.311605738971868e+37
1315.1232599275368,8.358084207103301e+37
1314.7860843040837,8.421736668818373e+37
1314.4490815287043,8.473496576539656e+37
1314.1122514685205,8.535897330028782e+37
1313.7755939907904,8.606659471346434e+37
1313.4391089629087,8.664180291276412e+37
1313.1027962524047,8.729536320653986e+37
1312.7666557269445,8.794684686139983e+37
1312.4306872543293,8.866950486154805e+37
1312.0948907024958,8.941138703375776e+37
1311.7592659395148,9.001007232235263e+37
1311.4238128335935,9.064692855374211e+37
1311.088531253073,9.140953554642306e+37
1310.753421066429,9.20848748903162e+37
1310.4184821422723,9.283697238175875e+37
1310.083714349347,9.34975549834358e+37
1309.749117556532,9.425015372446729e+37
1309.4146916328402,9.488458493222921e+37
1309.0804364474175,9.55671705584636e+37
1308.7463518695442,9.636728534306503e+37
1308.4124377686335,9.713530952926795e+37
1308.078694014232,9.79312678776585e+37
1307.7451204760193,9.877540583957792e+37
1307.411717023808,9.964512473777045e+37
1307.0784835275435,1.0052819223090526e+38
1306.7454198573034,1.0131984203191049e+38
1306.4125258832983,1.0214605146958618e+38
1306.0798014758702,1.0308243012197596e+38
1305.7472465054939,1.0400972384312476e+38
1305.4148608427759,1.0484542426354777e+38
1305.082644358454,1.0582554484693827e+38
1304.750596923398,1.0665484295208451e+38
1304.4187184086093,1.0745844587235686e+38
1304.0870086852194,1.084067822431992e+38
1303.7554676244924,1.0927019572426147e+38
1303.424095097822,1.1010945442225909e+38
1303.0928909767333,1.1083723682398568e+38
1302.761855132882,1.112587022891171e+38
1302.430987438053,1.1166967953082775e+38
1302.1002877641636,1.1216909848597007e+38
1301.7697559832593,1.1234790857495506e+38
1301.4393919675163,1.1191020528542233e+38
1301.1091955892398,1.1099492538681487e+38
1300.7791667208658,1.1024382244252326e+38
1300.4493052349585,1.0953826808856535e+38
1300.1196110042124,1.0884448652509902e+38
1299.7900839014499,1.0810710908213758e+38
1299.460723799623,1.0737252475073609e+38
1299.1315305718126,1.0661723766506357e+38
1298.802504091228,1.0591619392033827e+38
1298.4736442312062,1.0519899421177605e+38
1298.1449508652138,1.0446654496290168e+38
1297.816423866844,1.0386293709142425e+38
1297.4880631098194,1.0326703758465109e+38
1297.1598684679893,1.0267773128019797e+38
1296.831839815331,1.021199731302791e+38
1296.5039770259498,1.0154257068251384e+38
1296.1762799740766,1.0096430866451703e+38
1295.848748534071,1.0037374956661312e+38
1295.5213825804196,9.986057536805941e+37
1295.1941819877345,9.92202645837714e+37
1294.8671466307558,9.889005119210941e+37
1294.540276384349,9.85223467648732e+37
1294.2135711235069,9.821370979337046e+37
1293.8870307233476,9.786450953729678e+37
1293.5606550591158,9.750604463826043e+37
1293.2344440061818,9.713515490927702e+37
1292.9083974400414,9.677300678150948e+37
1292.5825152363166,9.641451282485226e+37
1292.2567972707536,9.60128219308483e+37
1291.9312434192252,9.569260856673499e+37
1291.6058535577283,9.544868935675154e+37
1291.280627562385,9.513774473371173e+37
1290.9555653094421,9.485664947696709e+37
1290.630666675271,9.456926545885268e+37
1290.3059315363673,9.4330609962756e+37
1289.9813597693512,9.398759706758566e+37
1289.6569512509673,9.374194562900335e+37
1289.332705858083,9.351593314594987e+37
1289.008623467691,9.334273299070267e+37
1288.6847039569066,9.318505005782699e+37
1288.3609472029684,9.312537436575252e+37
1288.0373530832394,9.3042702949249e+37
1287.713921475205,9.289160024130762e+37
1287.3906522564741,9.276650436453163e+37
1287.0675453047775,9.266729872967345e+37
1286.7446004979702,9.260418271669044e+37
1286.4218177140285,9.254699057301234e+37
1286.0991968310516,9.250421926753572e+37
1285.7767377272612,9.24218618454796e+37
1285.4544402810004,9.23584206107592e+37
1285.132304370735,9.235312916283286e+37
1284.8103298750523,9.235812344381478e+37
1284.4885166726608,9.224390877441101e+37
1284.1668646423918,9.22459567979192e+37
1283.8453736631961,9.216584367931096e+37
1283.524043614147,9.220481321074235e+37
1283.2028743744386,9.206140231388737e+37
1282.8818658233856,9.207747286771563e+37
1282.5610178404236,9.211930872781946e+37
1282.2403303051092,9.209632324713665e+37
1281.9198030971181,9.209717476361198e+37
1281.5994360962482,9.205349429877825e+37
1281.2792291824157,9.205905508568306e+37
1280.959182235658,9.204384904229777e+37
1280.639295136132,9.208779208619816e+37
1280.3195677641138,9.20675640995057e+37
1280.0,9.191251454626405e+37
1279.6805917243055,9.17611890183148e+37
1279.3613428176654,9.15243553102188e+37
1279.042253160833,9.138015746644361e+37
1278.7233226346816,9.12048168417623e+37
1278.404551120202,9.105941299103628e+37
1278.0859384985044,9.087978881537668e+37
1277.7674846508182,9.059145246700574e+37
1277.4491894584892,9.045323882812302e+37
1277.1310528029833,9.023072951357717e+37
1276.8130745658837,8.993033177707507e+37
1276.495254628891,8.958635679297633e+37
1276.1775928738243,8.924859631542783e+37
1275.8600891826204,8.891414550072462e+37
1275.5427434373328,8.854890555944212e+37
1275.2255555201327,8.825901848383553e+37
1274.908525313309,8.7876398428618e+37
1274.5916526992667,8.75471976819926e+37
1274.274937560528,8.721065708116636e+37
1273.9583797797327,8.673412537453034e+37
1273.6419792396357,8.621617383133105e+37
1273.3257358231097,8.573824456474981e+37
1273.0096494131426,8.52208649638443e+37
1272.6937198928392,8.467294727362461e+37
1272.37794714542,8.419063928596734e+37
1272.0623310542219,8.364381540355082e+37
1271.746871502696,8.308238692043517e+37
1271.4315683744112,8.257458940754302e+37
1271.11642155305,8.206748546032694e+37
1270.8014309224113,8.151748188030561e+37
1270.4865963664083,8.089998771270125e+37
1270.17191776907,8.038076560665935e+37
1269.8573950145399,7.978113767080466e+37
1269.543027987076,7.925506720929601e+37
1269.2288165710515,7.86868044504821e+37
1268.9147606509532,7.8002042986698875e+37
1268.600860111383,7.747663118641625e+37
1268.2871148370566,7.696692570160604e+37
1267.973524712804,7.642316144820577e+37
1267.6600896235684,7.583159098294454e+37
1267.346809454407,7.524134493377724e+37
1267.0336840904915,7.462938453531281e+37
1266.720713417106,7.405192971957199e+37
1266.4078973196476,7.345019902506259e+37
1266.0952356836283,7.290514382159499e+37
1265.782728394671,7.215068489108223e+37
1265.4703753385133,7.154591126592264e+37
1265.1581764010045,7.092751809796725e+37
1264.846131468107,7.019493451835298e+37
1264.5342404258952,6.945826460337592e+37
1264.2225031605562,6.870058432000975e+37
1263.9109195583897,6.798874141725005e+37
1263.5994895058063,6.719541921728518e+37
1263.2882128893298,6.648018242585818e+37
1262.9770895955949,6.568541088637934e+37
1262.6661195113484,6.500461659569965e+37
1262.3553025234485,6.434507947913616e+37
1262.0446385188645,6.36358008540465e+37
1261.7341273846775,6.301084862603528e+37
1261.4237690080795,6.237061236552516e+37
1261.113563276373,6.1711138588683045e+37
1260.803510076972,6.1048130211489825e+37
1260.4936092974008,6.038469089303869e+37
1260.1838608252945,5.972204038291579e+37
1259.8742645483983,5.907322739105387e+37
1259.5648203545675,5.850586874464272e+37
1259.2555281317686,5.786570568887724e+37
1258.9463877680769,5.722400811921881e+37
1258.6373991516782,5.658462107263304e+37
1258.3285621708683,5.5965218534446455e+37
1258.019876714052,5.535834412970966e+37
1257.711342669744,5.469639119100487e+37
1257.4029599265675,5.404549185854268e+37
1257.0947283732567,5.342385157059797e+37
1256.7866478986525,5.284556189415383e+37
1256.4787183917074,5.2276500839768345e+37
1256.17093974148,5.169833872223525e+37
1255.8633118371397,5.119999924407255e+37
1255.5558345679633,5.049454932898939e+37
1255.2485078233362,4.988550217047763e+37
1254.9413314927526,4.920045008454219e+37
1254.6343054658144,4.847833499018942e+37
1254.3274296322313,4.780959350309325e+37
1254.0207038818212,4.713284311688451e+37
1253.7141281045094,4.648925678121148e+37
1253.4077021903302,4.578120415552429e+37
1253.1014260294228,4.523940921751241e+37
1252.7952995120363,4.467453101648019e+37
1252.4893225285255,4.409376765367399e+37
1252.1834949693528,4.353720878015852e+37
1251.8778167250878,4.3005234363716785e+37
1251.572287686406,4.2421985827935076e+37
1251.2669077440908,4.1861053619437903e+37
1250.9616767890316,4.130486501332656e+37
1250.656594712224,4.0743830128311684e+37
1250.35166140477,4.0211181503883894e+37
1250.0468767578784,3.9742216445346994e+37
1249.7422406628632,3.925309829259154e+37
1249.437753011145,3.8790465333440707e+37
1249.1334136942498,3.8320454505639677e+37
1248.829222603809,3.784534654391359e+37
1248.5251796315601,3.7342345415844903e+37
1248.221284669346,3.6875417175671625e+37
1247.9175376091148,3.64179381646588e+37
1247.6139383429193,3.6012518452627265e+37
1247.3104867629174,3.5596468118471314e+37
1247.0071827613729,3.525733609053212e+37
1246.7040262306527,3.490595081857667e+37
1246.40101706323,3.4548237117162664e+37
1246.0981551516813,3.416791122195499e+37
1245.7954403886881,3.381972139022995e+37
1245.4928726670362,3.3462579622940814e+37
1245.190451879615,3.3113412501740445e+37
1244.8881779194185,3.2815485742508392e+37
1244.586050679544,3.2446720411127266e+37
1244.284070053193,3.2130698252852297e+37
1243.9822359336708,3.185500383587436e+37
1243.6805482143855,3.1535247641346154e+37
1243.3790067888494,3.1211679944741355e+37
1243.0776115506771,3.0917192362001606e+37
1242.7763623935873,3.06426020787865e+37
1242.475259211401,3.033014773287894e+37
1242.1743018980424,3.003855731181283e+37
1241.8734903475383,2.97519023932302e+37
1241.5728244540182,2.9495068305731345e+37
1241.2723041117144,2.923351118027384e+37
1240.9719292149614,2.903150884549094e+37
1240.671699658195,2.8775703983216233e+37
1240.3716153359546,2.854176147748591e+37
1240.071676142881,2.827414873020115e+37
1239.771881973717,2.804652615377802e+37
1239.4722327233062,2.7797781567662773e+37
1239.1727282865959,2.7587129752221073e+37
1238.8733685586328,2.732817544213738e+37
1238.5741534345661,2.7120682555093807e+37
1238.2750828096462,2.6922469993120457e+37
1237.9761565792244,2.674363721617201e+37
1237.677374638753,2.65464810515988e+37
1237.3787368837855,2.633626373594663e+37
1237.0802432099758,2.6143651175185374e+37
1236.781893513079,2.597392938862218e+37
1236.48368768895,2.57687391202906e+37
1236.1856256335452,2.5566661966816813e+37
1235.88770724292,2.5373703315780554e+37
1235.5899324132308,2.5192801130712383e+37
1235.292301040734,2.50106000703731e+37
1234.9948130217854,2.486054836044251e+37
1234.6974682528414,2.4680883640772626e+37
1234.4002666304575,2.4504993957682876e+37
1234.1032080512896,2.4347147651351744e+37
1233.8062924120914,2.418372817883972e+37
1233.5095196097175,2.4031267015821897e+37
1233.2128895411213,2.386592767516162e+37
1232.9164021033555,2.3725021225744253e+37
1232.6200571935706,2.3598931349426014e+37
1232.3238547090175,2.351525977452627e+37
1232.027794547045,2.3389333875429717e+37
1231.7318766051005,2.331700693292792e+37
1231.4361007807306,2.3255229229381127e+37
1231.1404669715791,2.3161459845824945e+37
1230.8449750753894,2.30733850165959e+37
1230.5496249900016,2.2989326202740095e+37
1230.2544166133557,2.2894076722651815e+37
1229.9593498434876,2.2856110181550564e+37
1229.6644245785326,2.279961114773671e+37
1229.3696407167226,2.2748428744159666e+37
1229.0749981563874,2.266005455376562e+37
1228.7804967959548,2.260736849505706e+37
1228.4861365339493,2.258256969749419e+37
1228.1919172689923,2.249150122119692e+37
1227.8978388998037,2.246962904513623e+37
1227.6039013251984,2.242278022079534e+37
1227.31010444409,2.235141401160906e+37
1227.0164481554875,2.234069959981215e+37
1226.7229323584975,2.2325656236105043e+37
1226.4295569523224,2.234455630906934e+37
1226.136321836262,2.234403457354958e+37
1225.8432269097107,2.2354705160479566e+37
1225.5502720721604,2.2340434170676013e+37
1225.257457223199,2.235280626694045e+37
1224.96478226251,2.2390380712342764e+37
1224.6722470898726,2.238085937389777e+37
1224.3798516051618,2.233553022059723e+37
1224.087595708349,2.2333395336946937e+37
1223.7954792994994,2.232160722189018e+37
1223.5035022787752,2.231432022897217e+37
1223.2116645464332,2.2260150506432426e+37
1222.9199660028248,2.2159503777348253e+37
1222.6284065483978,2.204986445921578e+37
1222.3369860836935,2.196621479233337e+37
1222.0457045093485,2.1850273383017716e+37
1221.754561726095,2.1768646259349567e+37
1221.463557634758,2.171132675572245e+37
1221.1726921362585,2.1621975920968826e+37
1220.8819651316112,2.1545967050879594e+37
1220.591376521925,2.148461581298548e+37
1220.3009262084029,2.140433444912247e+37
1220.0106140923428,2.1344638607344136e+37
1219.7204400751348,2.128913813816469e+37
1219.4304040582645,2.124543029256005e+37
1219.14050594331,2.1210044177908726e+37
1218.8507456319437,2.1169881331788635e+37
1218.561123025931,2.114991655537112e+37
1218.2716380271308,2.1130006077900198e+37
1217.9822905374956,2.11005874328138e+37
1217.6930804590704,2.106953388759221e+37
1217.4040076939934,2.105046774119538e+37
1217.115072144496,2.1013554408430356e+37
1216.826273712902,2.098971733606902e+37
1216.5376123016283,2.08368959592942e+37
1216.2490878131841,2.070832478055731e+37
1215.960700150171,2.055825346691424e+37
1215.6724492152835,2.0399186650650594e+37
1215.3843349113074,2.0279123671100836e+37
1215.0963571411212,2.0152978492409088e+37
1214.8085158076958,2.0028381370667937e+37
1214.5208108140935,1.9871329721517593e+37
1214.2332420634682,1.9772861211798387e+37
1213.9458094590657,1.9715020396561814e+37
1213.6585129042242,1.9660024168414078e+37
1213.3713523023723,1.9584124333702586e+37
1213.0843275570303,1.9503362221536852e+37
1212.7974385718096,1.9469521481380025e+37
1212.5106852504139,1.939567157559524e+37
1212.2240674966363,1.9327346178180244e+37
1211.9375852143614,1.925589426263722e+37
1211.6512383075656,1.919128641094849e+37
1211.3650266803147,1.9111063833986106e+37
1211.078950236766,1.9042759427482218e+37
1210.7930088811668,1.8944780979468592e+37
1210.507202517855,1.8819422899098368e+37
1210.221531051259,1.8748060646793922e+37
1209.935994385897,1.8658104371709316e+37
1209.6505924263774,1.8551876109404134e+37
1209.3653250773993,1.848632207041437e+37
1209.0801922437506,1.8359682172914302e+37
1208.7951938303092,1.8275346287093368e+37
1208.5103297420435,1.8192577154261809e+37
1208.2255998840103,1.8147642151613222e+37
1207.941004161357,1.8099100381103665e+37
1207.656542479319,1.8055275951341682e+37
1207.3722147432222,1.802279924005055e+37
1207.088020858481,1.7958084729665396e+37
1206.803960730599,1.7888884142089595e+37
1206.520034265169,1.784238932822172e+37
1206.2362413678718,1.7797744769352092e+37
1205.9525819444777,1.7723268541375386e+37
1205.6690559008457,1.764315062370621e+37
1205.3856631429228,1.7566978211898227e+37
1205.1024035767439,1.7492870164300319e+37
1204.8192771084337,1.7457371097722014e+37
1204.536283644204,1.7353587367632384e+37
1204.2534230903552,1.7295977891452424e+37
1203.970695353275,1.7227781886243595e+37
1203.68810033944,1.7137278868708103e+37
1203.4056379554138,1.7043839462171277e+37
1203.1233081078478,1.6977732257977584e+37
1202.8411107034815,1.6920881250083426e+37
1202.5590456491414,1.6913706674834863e+37
1202.2771128517413,1.6924998592902801e+37
1201.9953122182824,1.692368143851365e+37
1201.7136436558533,1.6902444464783567e+37
1201.4321070716294,1.690434787194022e+37
1201.1507023728732,1.6918270272652554e+37
1200.869429466934,1.6914100562303738e+37
1200.588288261248,1.6921883473660596e+37
1200.3072786633377,1.686541733934437e+37
1200.0264005808128,1.686480139826398e+37
1199.7456539213688,1.681296852849182e+37
1199.4650385927876,1.6781593064290366e+37
1199.184554502938,1.6776407362099293e+37
1198.9042015597743,1.674523352953512e+37
1198.6239796713373,1.6744971063726033e+37
1198.3438887457532,1.6723530443541413e+37
1198.0639286912349,1.6708193689082565e+37
1197.7840994160802,1.6689701738437602e+37
1197.5044008286732,1.6681213136285503e+37
1197.2248328374828,1.666565477178156e+37
1196.945395351064,1.6685461925739327e+37
1196.6660882780575,1.6670553861553766e+37
1196.386911527188,1.6655884120758227e+37
1196.1078650072664,1.6631928309939303e+37
1195.8289486271883,1.662772647482957e+37
1195.5501622959346,1.6646808814890478e+37
1195.2715059225702,1.663031832835511e+37
1194.9929794162458,1.6614358109744212e+37
1194.7145826861963,1.6609327229960202e+37
1194.4363156417407,1.6574584903939428e+37
1194.1581781922835,1.6578256686456573e+37
1193.8801702473124,1.6595539918041774e+37
1193.6022917164003,1.6576764160438e+37
1193.3245425092036,1.656480594383612e+37
1193.0469225354634,1.6530501470759481e+37
1192.7694317050043,1.6511783776960494e+37
1192.4920699277352,1.6508525262747406e+37
1192.2148371136477,1.651389236646769e+37
1191.937733172819,1.6497228801050856e+37
1191.6607580154082,1.6483770225677398e+37
1191.3839115516585,1.6472914753173907e+37
1191.1071936918963,1.6473381065830163e+37
1190.8306043465318,1.6461411119591004e+37
1190.5541434260576,1.6468207470976452e+37
1190.2778108410503,1.6436321167357638e+37
1190.001606502169,1.6471978204671128e+37
1189.7255303201553,1.64737088921413e+37
1189.4495822058343,1.6459387904275967e+37
1189.1737620701138,1.6466550846142145e+37
1188.8980698239836,1.6472192084958447e+37
1188.622505378517,1.6463757866005008e+37
1188.3470686448684,1.6484707005391323e+37
1188.071759534276,1.6469348546703196e+37
1187.7965779580588,1.6479209497091991e+37
1187.5215238276194,1.6453101478836892e+37
1187.2465970544413,1.6453599664573553e+37
1186.9717975500903,1.643928430374014e+37
1186.6971252262142,1.641088938572446e+37
1186.4225799945425,1.6385870522197975e+37
1186.1481617668862,1.6357075084301317e+37
1185.8738704551383,1.6301128470492657e+37
1185.599705971273,1.627049066703063e+37
1185.3256682273454,1.6243405441322157e+37
1185.0517571354928,1.6241935395457655e+37
1184.7779726079332,1.6207868771445269e+37
1184.5043145569657,1.617223009335992e+37
1184.2307828949706,1.6173268078308057e+37
1183.9573775344088,1.6167510795714369e+37
1183.6840983878221,1.6112981418980303e+37
1183.4109453678338,1.6080054031767745e+37
1183.1379183871463,1.60888301312248e+37
1182.8650173585443,1.606278605776819e+37
1182.5922421948912,1.6027455134817532e+37
1182.3195928091322,1.5984325790019297e+37
1182.047069114292,1.5977479027097639e+37
1181.774671023476,1.593355044810523e+37
1181.502398449869,1.5917995600384442e+37
1181.230251306736,1.5871333756663242e+37
1180.9582295074224,1.5817584364852182e+37
1180.686332965353,1.5820144824593148e+37
1180.4145615940317,1.577728486224953e+37
1180.1429153070437,1.5740244763794233e+37
1179.8713940180521,1.5734280814361708e+37
1179.5999976408,1.569526310841558e+37
1179.3287260891102,1.5657747747850438e+37
1179.0575792768839,1.5603895477448974e+37
1178.7865571181026,1.553196854638181e+37
1178.515659526826,1.5483249525124572e+37
1178.244886417193,1.539978850637289e+37
1177.9742377034215,1.5330045285920677e+37
1177.7037132998082,1.529682737393139e+37
1177.4333131207281,1.519940108859058e+37
1177.1630370806356,1.514073618941604e+37
1176.892885094063,1.510954908419533e+37
1176.6228570756216,1.5028508621207774e+37
1176.35295294,1.495969440068847e+37
1176.0831726019665,1.492981658513681e+37
1175.8135159763663,1.4866088571215007e+37
1175.543982978123,1.4825592684332777e+37
1175.2745735222393,1.4730614973450686e+37
1175.0052875237939,1.4642515477983179e+37
1174.7361248979448,1.4552826740693506e+37
1174.4670855599272,1.4429720187015275e+37
1174.198169425054,1.4342939076406646e+37
1173.9293764087154,1.4233944533079232e+37
1173.6607064263792,1.4146152376046388e+37
1173.3921593935909,1.404157976777546e+37
1173.123735225973,1.3948378689862356e+37
1172.855433839225,1.3888171574445946e+37
1172.5872551491238,1.3808187816639058e+37
1172.3191990715231,1.3750647337109823e+37
1172.051265522354,1.3689365911467493e+37
1171.7834544176237,1.3618016874781275e+37
1171.5157656734166,1.3566583941207471e+37
1171.2481992058938,1.3519986874625904e+37
1170.9807549312927,1.3481707740982858e+37
1170.7134327659276,1.3409556292698765e+37
1170.4462326261887,1.336066928427923e+37
1170.179154428543,1.3346145128949987e+37
1169.9121980895334,1.3294508780686362e+37
1169.645363525779,1.328770078788438e+37
1169.378650653975,1.3264526644436043e+37
1169.1120593908925,1.3230755302471794e+37
1168.845589653379,1.3183526022151026e+37
1168.5792413583565,1.3158311476615673e+37
1168.3130144228242,1.3137358760591884e+37
1168.046908763856,1.3118980380661333e+37
1167.7809242986016,1.309265125869541e+37
1167.5150609442862,1.3110038358408355e+37
1167.2493186182103,1.3104873296014076e+37
1166.9836972377495,1.311958070824124e+37
1166.718196720355,1.3137193701131438e+37
1166.452816983553,1.3134747369773298e+37
1166.1875579449443,1.3141258465854063e+37
1165.922419522205,1.31629186551494e+37
1165.657401633086,1.3190182594886395e+37
1165.392504195413,1.3187373566419183e+37
1165.1277271270862,1.3212118922404882e+37
1164.8630703460808,1.32186989616647e+37
1164.598533770446,1.319135530779402e+37
1164.3341173183057,1.3180964885137676e+37
1164.069820907858,1.3172058353498071e+37
1163.8056444573756,1.3143494345834098e+37
1163.541587885205,1.3144585783078636e+37
1163.2776511097668,1.3102452392163404e+37
1163.0138340495562,1.3083095754932105e+37
1162.750136623141,1.308581219011319e+37
1162.4865587491645,1.305555170399361e+37
1162.2231003463426,1.3058323499075008e+37
1161.959761333465,1.3060886303338043e+37
1161.6965416293956,1.3069987285671184e+37
1161.4334411530713,1.3076707839563713e+37
1161.1704598235021,1.3101555681096979e+37
1160.9075975597723,1.3109890765531455e+37
1160.6448542810385,1.3101049157563403e+37
1160.3822299065312,1.3133641374100763e+37
1160.1197243555534,1.3145762750822752e+37
1159.8573375474816,1.3149793344566418e+37
1159.595069401765,1.3180369112364714e+37
1159.3329198379254,1.318550347888694e+37
1159.0708887755575,1.315760946945123e+37
1158.8089761343292,1.3164059214075664e+37
1158.5471818339802,1.3148050479189665e+37
1158.2855057943232,1.313474376189862e+37
1158.0239479352433,1.313574688262659e+37
1157.7625081766978,1.3164420233380163e+37
1157.501186438716,1.3175713410290461e+37
1157.2399826414003,1.318268390066052e+37
1156.9788967049242,1.3208206939647516e+37
1156.7179285495336,1.3232791810308362e+37
1156.4570780955464,1.325013714185441e+37
1156.1963452633527,1.3291474180178436e+37
1155.9357299734136,1.3306257845322612e+37
1155.6752321462623,1.3327234603252588e+37
1155.4148517025037,1.3359512593936773e+37
1155.1545885628145,1.3396138207929052e+37
1154.894442647942,1.3435388721150324e+37
1154.6344138787058,1.348001569411116e+37
1154.374502175996,1.3509629245432217e+37
1154.1147074607745,1.3506822318722557e+37
1153.8550296540743,1.3469560368083323e+37
1153.5954686769992,1.3450815680647167e+37
1153.3360244507237,1.3419168303687751e+37
1153.076696896494,1.3366989230847572e+37
1152.8174859356268,1.3333415578752924e+37
1152.558391489509,1.3292174345562487e+37
1152.2994134795986,1.3257974950868437e+37
1152.0405518274242,1.323104011914772e+37
1151.7818064545854,1.321353481016806e+37
1151.5231772827508,1.323397781834733e+37
1151.2646642336606,1.3267590700009228e+37
1151.0062672291251,1.3276361001782202e+37
1150.7479861910242,1.329578855978672e+37
1150.4898210413085,1.3309820557138746e+37
1150.231771701998,1.3319994166041852e+37
1149.9738380951833,1.3358818130909135e+37
1149.7160201430247,1.337387595600419e+37
1149.4583177677519,1.3397937660368054e+37
1149.2007308916648,1.3394605761817026e+37
1148.9432594371326,1.340106207956177e+37
1148.6859033265944,1.3401496046326976e+37
1148.4286624825584,1.341723436709914e+37
1148.171536827602,1.343596425816908e+37
1147.9145262843729,1.3434232083843693e+37
1147.657630775587,1.3450901488181613e+37
1147.4008502240301,1.3459839325741165e+37
1147.1441845525565,1.3480039415513113e+37
1146.88763368409,1.3485807218911957e+37
1146.6311975416227,1.3505780779322398e+37
1146.3748760482165,1.3515361814086274e+37
1146.1186691270013,1.3464825573194673e+37
1145.8625767011763,1.3362902891954548e+37
1145.6065986940084,1.3300337279441346e+37
1145.3507350288342,1.3216699292695358e+37
1145.0949856290579,1.3131921998612762e+37
1144.8393504181524,1.3048578904871954e+37
1144.5838293196593,1.295506082212281e+37
1144.3284222571879,1.2912406332595732e+37
1144.0731291544155,1.2837787087520503e+37
1143.8179499350883,1.2780703692914985e+37
1143.5628845230199,1.2723069104487992e+37
1143.307932842092,1.2667597296443797e+37
1143.0530948162543,1.2617569734674703e+37
1142.7983703695238,1.25624984643478e+37
1142.543759425986,1.2506406572696635e+37
1142.2892619097934,1.2466772185143896e+37
1142.0348777451663,1.2414125372521102e+37
1141.7806068563925,1.2364091623030108e+37
1141.5264491678272,1.2312439503860834e+37
1141.272404603893,1.2265085397760367e+37
1141.0184730890794,1.2225609101628137e+37
1140.7646545479436,1.2186939637117708e+37
1140.5109489051094,1.2141759818199618e+37
1140.2573560852684,1.2131300955235192e+37
1140.0038760131783,1.2098879965857478e+37
1139.7505086136646,1.205934888114395e+37
1139.4972538116183,1.2038513171378804e+37
1139.2441115319984,1.200662160098155e+37
1138.9910816998304,1.1984641306185984e+37
1138.7381642402054,1.1967857689914033e+37
1138.4853590782823,1.1928729511867521e+37
1138.2326661392856,1.1936998902782785e+37
1137.9800853485062,1.1907623315627905e+37
1137.7276166313022,1.1908117071983886e+37
1137.475259913097,1.190147773710701e+37
1137.2230151193799,1.1895200921791998e+37
1136.9708821757074,1.188302801417502e+37
1136.7188610077012,1.1882852872550178e+37
1136.4669515410492,1.1846129782426406e+37
1136.215153701505,1.1858855679324983e+37
1135.963467414888,1.185249546631795e+37
1135.7118926070834,1.1852869554179589e+37
1135.4604292040422,1.1850923090138653e+37
1135.2090771317808,1.1861129259211393e+37
1134.9578363163807,1.1843370606162368e+37
1134.70670668399,1.1864729480340813e+37
1134.4556881608205,1.1867674089545658e+37
1134.2047806731505,1.186653835989311e+37
1133.9539841473234,1.1866202978551771e+37
1133.7032985097471,1.1874722877490445e+37
1133.452723686895,1.1885059702550186e+37
1133.2022596053057,1.188794829791184e+37
1132.951906191582,1.1916745622870372e+37
1132.7016633723927,1.1933782047974286e+37
1132.45153107447,1.1951071787535774e+37
1132.2015092246118,1.1968226239199758e+37
1131.95159774968,1.198412228555374e+37
1131.7017965766022,1.1988213534171222e+37
1131.4521056323686,1.2015869802955733e+37
1131.2025248440355,1.2037078501165789e+37
1130.9530541387228,1.2052727195898997e+37
1130.7036934436146,1.2076921111729668e+37
1130.4544426859597,1.2050164506806042e+37
1130.2053017930707,1.2012848016716789e+37
1129.9562706923243,1.196665252069646e+37
1129.707349311161,1.1902245574616014e+37
1129.4585375770855,1.1853884342867023e+37
1129.2098354176665,1.1803687862843017e+37
1128.9612427605362,1.172591314169275e+37
1128.7127595333902,1.1680098434843226e+37
1128.4643856639884,1.161599233876897e+37
1128.2161210801542,1.1569562576370268e+37
1127.9679657097738,1.1515709887786286e+37
1127.719919480798,1.1461379883940733e+37
1127.4719823212392,1.142469224399296e+37
1127.2241541591752,1.1364878196223687e+37
1126.9764349227457,1.1322196496077945e+37
1126.728824540154,1.1269645547477295e+37
1126.4813229396657,1.1217638667750945e+37
1126.2339300496105,1.1154559782360003e+37
1125.9866457983808,1.1080903052156526e+37
1125.7394701144315,1.10286687545294e+37
1125.4924029262802,1.0984861122801706e+37
1125.245444162508,1.091371652396083e+37
1124.9985937517579,1.0870802731840455e+37
1124.7518516227358,1.081308642092416e+37
1124.5052177042103,1.0752868475817321e+37
1124.2586919250118,1.0687540915745501e+37
1124.0122742140345,1.0619156020019335e+37
1123.7659645002332,1.0556385800858982e+37
1123.519762712626,1.050076953161073e+37
1123.2736687802933,1.0429433600849463e+37
1123.0276826323768,1.0372036385604183e+37
1122.781804198081,1.0313423915088623e+37
1122.5360334066722,1.0269016823751627e+37
1122.2903701874786,1.0220178647675053e+37
1122.0448144698898,1.0172461081415299e+37
1121.7993661833582,1.0117620669981363e+37
1121.5540252573967,1.0059679221307833e+37
1121.3087916215807,9.993707175257465e+36
1121.063665205547,9.952954547361548e+36
1120.8186459389938,9.900593210121012e+36
1120.573733751681,9.855442904531865e+36
1120.3289285734293,9.832655994200314e+36
1120.0842303341212,9.79201740779849e+36
1119.8396389637005,9.744405848523586e+36
1119.5951543921717,9.685314024985995e+36
1119.3507765496013,9.638366511968194e+36
1119.1065053661157,9.58073968260772e+36
1118.8623407719033,9.529715985911124e+36
1118.6182826972124,9.475805811614945e+36
1118.3743310723532,9.430279129256749e+36
1118.130485827696,9.38237772848898e+36
1117.8867468936721,9.331515789320935e+36
1117.6431142007734,9.305454858809063e+36
1117.399587679552,9.270198149376509e+36
1117.1561672606213,9.21309154703188e+36
1116.9128528746544,9.188763528847575e+36
1116.6696444523852,9.150770298061864e+36
1116.4265419246078,9.109562785285186e+36
1116.1835452221762,9.076653375080887e+36
1115.9406542760057,9.048890647485479e+36
1115.6978690170702,9.019591312971513e+36
1115.4551893764046,8.986800729753265e+36
1115.2126152851042,8.965343788501803e+36
1114.9701466743227,8.947972027341982e+36
1114.7277834752754,8.94033147246489e+36
1114.4855256192361,8.917342977258786e+36
1114.2433730375387,8.915315051278156e+36
1114.0013256615775,8.897488693729711e+36
1113.7593834228053,8.880226049777891e+36
1113.517546252735,8.865726397142004e+36
1113.275814082939,8.861772314188199e+36
1113.034186845049,8.848568569040853e+36
1112.7926644707557,8.830334733284633e+36
1112.5512468918098,8.81745657620623e+36
1112.309934040021,8.821244739755911e+36
1112.0687258472574,8.820825026041563e+36
1111.827622245447,8.819874615861601e+36
1111.5866231665768,8.800563948159916e+36
1111.3457285426923,8.790709124305226e+36
1111.1049383058983,8.789360443915796e+36
1110.8642523883582,8.772203310549113e+36
1110.6236707222943,8.790511759104885e+36
1110.3831932399871,8.785195679908309e+36
1110.1428198737767,8.769726264634645e+36
1109.9025505560612,8.764902072049118e+36
1109.662385219297,8.773821234411217e+36
1109.4223237959995,8.765021509877547e+36
1109.182366218742,8.772813496315953e+36
1108.9425124201562,8.76459447238333e+36
1108.7027623329323,8.750721175913428e+36
1108.4631158898187,8.755745275005426e+36
1108.2235730236218,8.785048359203607e+36
1107.984133667206,8.812802810737895e+36
1107.7447977534935,8.863142006114132e+36
1107.5055652154651,8.883587367173106e+36
1107.2664359861592,8.927792472875533e+36
1107.0274099986716,8.941698217336234e+36
1106.7884871861563,8.964614368684789e+36
1106.5496674818248,9.016377057790233e+36
1106.3109508189466,9.063441530788852e+36
1106.0723371308484,9.098859306070387e+36
1105.8338263509143,9.118017223654348e+36
1105.595418412586,9.116484452849689e+36
1105.357113249363,9.118496013493306e+36
1105.1189107948016,9.109922704850999e+36
1104.8808109825154,9.097805147463177e+36
1104.6428137461753,9.092083504599204e+36
1104.4049190195092,9.083387530004568e+36
1104.1671267363029,9.085182432050553e+36
1103.929436830398,9.098962053961412e+36
1103.6918492356933,9.133886564720314e+36
1103.4543638861455,9.14170443651749e+36
1103.2169807157672,9.183595668268655e+36
1102.9796996586279,9.17639438082703e+36
1102.7425206488538,9.192795822057441e+36
1102.5054436206278,9.192904468793567e+36
1102.26846850819,9.228406133660578e+36
1102.0315952458357,9.254325081201017e+36
1101.794823767918,9.263649363459065e+36
1101.5581540088456,9.267799641688223e+36
1101.3215859030838,9.290694127221732e+36
1101.085119385154,9.289302940469822e+36
1100.8487543896345,9.305053524915973e+36
1100.6124908511588,9.329625381883458e+36
1100.376328704417,9.317029366332807e+36
1100.1402678841553,9.294039052187057e+36
1099.9043083251756,9.298957219883968e+36
1099.6684499623364,9.29493007576957e+36
1099.432692730551,9.29280893181973e+36
1099.1970365647894,9.285005124252849e+36
1098.961481400077,9.282896870799865e+36
1098.7260271714947,9.265374434859971e+36
1098.4906738141794,9.277672933508566e+36
1098.2554212633231,9.2616777181132e+36
1098.020269454174,9.259649361914554e+36
1097.7852183220352,9.254463198503773e+36
1097.5502678022654,9.253470086965894e+36
1097.3154178302782,9.270676212012211e+36
1097.080668341543,9.274302012641689e+36
1096.8460192715845,9.263818357738133e+36
1096.611470555982,9.292881102313768e+36
1096.3770221303703,9.297557571786879e+36
1096.1426739304388,9.30989351075305e+36
1095.9084258919324,9.303519670771921e+36
1095.6742779506508,9.303002446100939e+36
1095.4402300424483,9.335425386870837e+36
1095.2062821032341,9.328913796140951e+36
1094.9724340689722,9.335928231508387e+36
1094.7386858756813,9.332148259115611e+36
1094.505037459435,9.352135692187605e+36
1094.2714887563604,9.361066845348352e+36
1094.0380397026404,9.365865227693246e+36
1093.8046902345118,9.362343994010078e+36
1093.5714402882654,9.368183623711854e+36
1093.3382898002471,9.381653609412423e+36
1093.1052387068567,9.382607249125643e+36
1092.8722869445476,9.37280024979619e+36
1092.6394344498287,9.395074810051548e+36
1092.406681159262,9.40863619465664e+36
1092.1740270094635,9.408482915837557e+36
1091.941471937104,9.412153762869426e+36
1091.7090158789076,9.432257453659561e+36
1091.4766587716522,9.444143414845351e+36
1091.2444005521697,9.44370978023662e+36
1091.0122411573457,9.46309927049466e+36
1090.78018052412,9.420912930828135e+36
1090.5482185894848,9.342107826651696e+36
1090.3163552904875,9.266103011024696e+36
1090.0845905642277,9.18860904313387e+36
1089.8529243478592,9.102187274660593e+36
1089.621356578589,9.013421945403428e+36
1089.3898871936772,8.934780600826805e+36
1089.1585161304376,8.858228987317798e+36
1088.9272433262372,8.771587946995244e+36
1088.6960687184958,8.683303502699655e+36
1088.464992244687,8.594725755020287e+36
1088.2340138423367,8.561378019121552e+36
1088.0031334490243,8.515959936011537e+36
1087.7723510023823,8.480869490406171e+36
1087.5416664400955,8.458700385395766e+36
1087.3110796999022,8.442767891293997e+36
1087.0805907195931,8.420495386256726e+36
1086.8501994370115,8.393620793456186e+36
1086.6199057900542,8.379557741627098e+36
1086.3897097166696,8.36072810134573e+36
1086.1596111548592,8.330831411393888e+36
1085.929610042677,8.329694351119884e+36
1085.6997063182296,8.317426205167692e+36
1085.469899919675,8.289781574514443e+36
1085.2401907852256,8.288890751140866e+36
1085.0105788531437,8.28721456709827e+36
1084.7810640617458,8.291885359367547e+36
1084.551646349399,8.310918527219432e+36
1084.322325654524,8.310201251616571e+36
1084.0931019155926,8.316998170238945e+36
1083.8639750711286,8.317668508669943e+36
1083.6349450597083,8.308641170379075e+36
1083.4060118199595,8.328234536591507e+36
1083.1771752905622,8.330813356171059e+36
1082.9484354102478,8.353174132916321e+36
1082.7197921178,8.335461179427953e+36
1082.4912453520533,8.320056774794804e+36
1082.2627950518945,8.331298521495709e+36
1082.034441156262,8.356623848652245e+36
1081.8061836041454,8.331484104645919e+36
1081.5780223345862,8.334505381851162e+36
1081.3499572866767,8.332909920432473e+36
1081.1219883995611,8.330576214159572e+36
1080.8941156124347,8.315509753604842e+36
1080.6663388645438,8.314557961157336e+36
1080.4386580951866,8.325840149547721e+36
1080.2110732437118,8.317576244568165e+36
1079.9835842495193,8.310159732814132e+36
1079.7561910520606,8.290618961680022e+36
1079.528893590837,8.269909269878162e+36
1079.3016918054018,8.252164115724547e+36
1079.074585635359,8.245146024880381e+36
1078.8475750203631,8.233073167330675e+36
1078.6206599001198,8.197231326686419e+36
1078.3938402143847,8.200358292409889e+36
1078.167115902965,8.179411900966272e+36
1077.940486905718,8.161083564997883e+36
1077.7139531625517,8.15077705036751e+36
1077.4875146134243,8.154615378172091e+36
1077.2611711983452,8.133870014515644e+36
1077.0349228573737,8.136736490351559e+36
1076.808769530619,8.124390168967831e+36
1076.5827111582414,8.112862332428744e+36
1076.3567476804512,8.09572424079637e+36
1076.1308790375085,8.092158432899158e+36
1075.905105169724,8.078061473388678e+36
1075.6794260174584,8.062136297128054e+36
1075.4538415211218,8.055511153343478e+36
1075.2283516211755,8.043212104986103e+36
1075.0029562581299,8.043294185786741e+36
1074.7776553725448,8.026389044729144e+36
1074.552448905031,8.022170920109534e+36
1074.3273367962486,8.012972914576144e+36
1074.1023189869068,8.016803847410834e+36
1073.877395417765,8.003720413784092e+36
1073.6525660296327,7.989656120819797e+36
1073.427830763368,7.996498434567495e+36
1073.2031895598793,7.971709653246468e+36
1072.9786423601238,7.991141347731448e+36
1072.7541891051085,7.980523623864372e+36
1072.5298297358895,8.00257546041574e+36
1072.3055641935725,8.014991172236098e+36
1072.0813924193124,8.030086595816247e+36
1071.857314354313,8.054858947002295e+36
1071.6333299398277,8.06298761954892e+36
1071.4094391171586,8.095420104300234e+36
1071.185641827657,8.110213100654485e+36
1070.961938012723,8.119285071498063e+36
1070.7383276138062,8.1494657519577e+36
1070.5148105724043,8.175851635001372e+36
1070.2913868300645,8.177792151337316e+36
1070.0680563283825,8.207946640298711e+36
1069.8448190090028,8.231400471088416e+36
1069.6216748136185,8.23101832283719e+36
1069.3986236839712,8.258491351952355e+36
1069.1756655618517,8.270007788631732e+36
1068.952800389099,8.272479247549158e+36
1068.7300281075998,8.240988145932291e+36
1068.5073486592903,8.208421510931001e+36
1068.284761986155,8.158284427099609e+36
1068.062268030226,8.129877170847192e+36
1067.8398667335846,8.084957589664922e+36
1067.6175580383594,8.046870349005604e+36
1067.395341886728,8.004677494821216e+36
1067.1732182209155,7.959417061707782e+36
1066.9511869831954,7.9268883925153e+36
1066.7292481158895,7.878189543818335e+36
1066.5074015613668,7.835878833203673e+36
1066.285647262045,7.789683541137578e+36
1066.0639851603894,7.751637089670161e+36
1065.8424151989127,7.732658033829772e+36
1065.6209373201766,7.700798925758955e+36
1065.3995514667888,7.681978971970016e+36
1065.1782575814061,7.659912418343567e+36
1064.9570556067326,7.651364634604817e+36
1064.7359454855196,7.623841025865382e+36
1064.514927160566,7.595507392657227e+36
1064.2940005747187,7.591564601809308e+36
1064.0731656708715,7.55713954652692e+36
1063.8524223919658,7.54603109135491e+36
1063.6317706809903,7.5270019264098e+36
1063.4112104809808,7.528176339534535e+36
1063.190741735021,7.530218243611903e+36
1062.970364386241,7.5400781107705e+36
1062.7500783778182,7.546465843052687e+36
1062.5298836529778,7.54865853286134e+36
1062.309780154991,7.556748680678825e+36
1062.0897678271767,7.571437841167871e+36
1061.8698466129006,7.581221584527314e+36
1061.6500164555753,7.581187641962227e+36
1061.4302772986598,7.594037389977056e+36
1061.210629085661,7.602445477071422e+36
1060.9910717601313,7.602130111988641e+36
1060.7716052656704,7.580073444541936e+36
1060.5522295459245,7.568737549187093e+36
1060.332944544587,7.551181268413569e+36
1060.113750205397,7.535604236875962e+36
1059.8946464721407,7.520276940334182e+36
1059.6756332886503,7.491047236859585e+36
1059.4567105988049,7.47593360375436e+36
1059.2378783465297,7.454314443930052e+36
1059.0191364757961,7.451643416825949e+36
1058.8004849306221,7.422031241526462e+36
1058.5819236550717,7.405971823856919e+36
1058.363452593255,7.414570987436724e+36
1058.1450716893287,7.405948271146591e+36
1057.9267808874947,7.424971919648365e+36
1057.708580132002,7.430322490818924e+36
1057.490469367145,7.433236308388583e+36
1057.2724485372635,7.44336764572431e+36
1057.0545175867444,7.449933170968493e+36
1056.8366764600198,7.461423044858504e+36
1056.6189251015674,7.4545538206025e+36
1056.401263455911,7.468192391704108e+36
1056.18369146762,7.470646614271382e+36
1055.9662090813094,7.440918594089579e+36
1055.7488162416398,7.405936047802567e+36
1055.5315128933173,7.368105376907433e+36
1055.314298981094,7.321185259858553e+36
1055.097174449767,7.281476639737806e+36
1054.8801392441783,7.238454392655516e+36
1054.6631933092167,7.200870653879439e+36
1054.446336589815,7.156018632672313e+36
1054.2295690309522,7.113346216605977e+36
1054.0128905776517,7.09889243629078e+36
1053.7963011749828,7.063010513280183e+36
1053.5798007680596,7.027448677494894e+36
1053.3633893020415,7.000476375359203e+36
1053.1470667221324,6.964735777779538e+36
1052.930832973582,6.94085414351223e+36
1052.7146880016842,6.904523288661734e+36
1052.4986317517787,6.881835408024431e+36
1052.282664169249,6.843754503965811e+36
1052.0667851995245,6.812902045527194e+36
1051.8509947880782,6.77884721580332e+36
1051.635292880429,6.751137391670845e+36
1051.4196794221398,6.730711249709105e+36
1051.204154358818,6.695989049202663e+36
1050.9887176361162,6.66898747291539e+36
1050.773369199731,6.641941033463874e+36
1050.5581089954037,6.621805852336373e+36
1050.3429369689204,6.582067822219699e+36
1050.1278530661107,6.549375232715984e+36
1049.9128572328495,6.523809050864965e+36
1049.6979494150557,6.491675447457476e+36
1049.4831295586923,6.468765270305847e+36
1049.2683976097665,6.434614240458433e+36
1049.05375351433,6.40115897597347e+36
1048.8391972184784,6.393433769386412e+36
1048.6247286683515,6.367430817157017e+36
1048.4103478101329,6.34196114512281e+36
1048.1960545900504,6.313464657864051e+36
1047.9818489543761,6.283126581647581e+36
1047.7677308494253,6.261699989525089e+36
1047.5537002215576,6.229099491099099e+36
1047.3397570171765,6.195849872033789e+36
1047.1259011827287,6.166865781285343e+36
1046.9121326647055,6.139217818715605e+36
1046.6984514096412,6.113759363429502e+36
1046.4848573641139,6.080362637980873e+36
1046.2713504747455,6.055948789309826e+36
1046.0579306882014,6.01032368437683e+36
1045.8445979511903,5.983232291376822e+36
1045.6313522104647,5.950040018943416e+36
1045.41819341282,5.91786636042016e+36
1045.2051215050953,5.875838141267293e+36
1044.9921364341733,5.846320945515854e+36
1044.7792381469794,5.812786330291993e+36
1044.566426590483,5.78741371401567e+36
1044.3537017116957,5.76093128661055e+36
1044.141063457673,5.734130505517286e+36
1043.9285117755137,5.710293761249119e+36
1043.7160466123587,5.689793363802741e+36
1043.5036679153927,5.671790237534189e+36
1043.2913756318433,5.648515222501693e+36
1043.0791697089808,5.621802833468471e+36
1042.8670500941187,5.597183303137327e+36
1042.655016734613,5.572961924594503e+36
1042.4430695778626,5.549018687569958e+36
1042.2312085713095,5.530688500153714e+36
1042.0194336624377,5.514464441377779e+36
1041.8077447987748,5.49722107230982e+36
1041.5961419278901,5.466848691419205e+36
1041.3846249973965,5.450728684764462e+36
1041.1731939549484,5.433699180181739e+36
1040.9618487482433,5.409274364882379e+36
1040.750589325021,5.393078524278241e+36
1040.5394156330642,5.374796703675919e+36
1040.328327620197,5.35833978166138e+36
1040.1173252342865,5.334397706499794e+36
1039.9064084232418,5.320781013000543e+36
1039.695577135015,5.3082290505247366e+36
1039.484831317599,5.3061340422533243e+36
1039.27417091903,5.286550645938863e+36
1039.0635958873863,5.290888237502322e+36
1038.8531061707874,5.280667636242355e+36
1038.6427017173958,5.282688962409721e+36
1038.4323824754151,5.276140613411731e+36
1038.2221483930916,5.266752933385627e+36
1038.0119994187132,5.2681285018451185e+36
1037.8019355006097,5.264085554831146e+36
1037.5919565871525,5.255492196352483e+36
1037.3820626267552,5.245534361651993e+36
1037.1722535678725,5.242582817696694e+36
1036.9625293590016,5.227009675463518e+36
1036.7528899486806,5.228885809091157e+36
1036.54333528549,5.2212141176363226e+36
1036.3338653180508,5.2132645419631464e+36
1036.1244799950266,5.2089760040084387e+36
1035.9151792651217,5.203301710788586e+36
1035.7059630770825,5.2024652117926965e+36
1035.496831379696,5.191726535694675e+36
1035.2877841217912,5.1817672801344436e+36
1035.0788212522384,5.1813457893184904e+36
1034.8699427199488,5.161470790796356e+36
1034.6611484738748,5.152009526810499e+36
1034.4524384630106,5.149913767067415e+36
1034.2438126363909,5.143642613386323e+36
1034.0352709430917,5.1361419296973284e+36
1033.8268133322306,5.130300422151253e+36
1033.618439752965,5.124924458302756e+36
1033.4101501544949,5.1136348393705386e+36
1033.2019444860593,5.115932233304354e+36
1032.9938226969402,5.1136551211179484e+36
1032.785784736459,5.096984291125961e+36
1032.577830553978,5.083479615542971e+36
1032.3699600989012,5.0652569087102475e+36
1032.162173320672,5.0296189834654474e+36
1031.9544701687762,5.0199302550018955e+36
1031.7468505927386,4.991518389049229e+36
1031.5393145421253,4.958995660688359e+36
1031.3318619665436,4.939045293098186e+36
1031.12449281564,4.9119760798145285e+36
1030.9172070391028,4.8914509656706026e+36
1030.7100045866596,4.8741864365392073e+36
1030.502885408079,4.85290214946448e+36
1030.2958494531704,4.85180039422795e+36
1030.0888966717828,4.8543876653767413e+36
1029.8820270138056,4.844667118551976e+36
1029.6752404291685,4.8415020975823835e+36
1029.468536867842,4.83946362722613e+36
1029.2619162798358,4.832393025313471e+36
1029.0553786152002,4.826013008046027e+36
1028.8489238240256,4.821072369548509e+36
1028.6425518564427,4.79685030467005e+36
1028.4362626626214,4.7861900034453645e+36
1028.2300561927725,4.754688781966329e+36
1028.0239323971462,4.7465359720721386e+36
1027.8178912260325,4.7206909185203054e+36
1027.6119326297617,4.704424447638341e+36
1027.4060565587033,4.6775691809227623e+36
1027.2002629632673,4.657989004225904e+36
1026.9945517939027,4.6390354367224156e+36
1026.7889230010987,4.6242536951339075e+36
1026.5833765353836,4.592047742304944e+36
1026.3779123473262,4.582233547926413e+36
1026.1725303875342,4.552469669340101e+36
1025.9672306066543,4.536442920274137e+36
1025.762012955374,4.516362511989631e+36
1025.5568773844197,4.495132782463184e+36
1025.3518238445565,4.4827735153003714e+36
1025.14685228659,4.459194179976279e+36
1024.9419626613642,4.461375250985797e+36
1024.737154919763,4.458455037558687e+36
1024.5324290127091,4.455888595863031e+36
1024.327784891165,4.4557089033899896e+36
1024.123222506132,4.457124076956643e+36
1023.9187418086501,4.4566538752702873e+36
1023.714342749799,4.463119878765996e+36
1023.5100252806976,4.462667946156403e+36
1023.3057893525032,4.4585603394270006e+36
1023.1016349164125,4.4606249780096294e+36
1022.8975619236611,4.457382842179252e+36
1022.6935703255233,4.453999072918498e+36
1022.4896600733125,4.4564085812282775e+36
1022.2858311183808,4.462168503487261e+36
1022.0820834121188,4.4602143258727703e+36
1021.8784169059566,4.464385423680213e+36
1021.6748315513622,4.4622720021047885e+36
1021.4713272998426,4.473560268916662e+36
1021.2679041029438,4.475878493667272e+36
1021.0645619122497,4.4836705451172215e+36
1020.8613006793832,4.4759481396088426e+36
1020.6581203560055,4.482226024066919e+36
1020.4550208938166,4.487426265118177e+36
1020.2520022445544,4.4838862428178496e+36
1020.0490643599957,4.455271958971092e+36
1019.8462071919555,4.4374071472706054e+36
1019.6434306922869,4.439902645775043e+36
1019.4407348128817,4.4327506928931685e+36
1019.2381195056695,4.4296162246216635e+36
1019.0355847226184,4.4220298289908094e+36
1018.8331304157348,4.410846889217865e+36
1018.6307565370629,4.418117438017905e+36
1018.428463038685,4.406138383120276e+36
1018.2262498727217,4.4013041825744174e+36
1018.0241169913315,4.396724422049517e+36
1017.8220643467109,4.399050953856383e+36
1017.6200918910943,4.388337011602922e+36
1017.4181995767541,4.383456108077667e+36
1017.2163873560003,4.3855888190497326e+36
1017.0146551811811,4.3764951204474604e+36
1016.8130030046824,4.3692731449634354e+36
1016.6114307789276,4.375815738720099e+36
1016.4099384563782,4.367270997810327e+36
1016.2085259895331,4.364076044806924e+36
1016.0071933309288,4.3601501355934734e+36
1015.8059404331397,4.3607724038198996e+36
1015.6047672487775,4.35607054524262e+36
1015.4036737304915,4.3514692182986796e+36
1015.2026598309687,4.356785390890555e+36
1015.0017255029334,4.3470375440200095e+36
1014.800870699147,4.3421483421221485e+36
1014.600095372409,4.347253752988119e+36
1014.3993994755555,4.343643194532548e+36
1014.1987829614604,4.343019053049716e+36
1013.9982457830347,4.3383749419878295e+36
1013.7977878932268,4.340411548186759e+36
1013.5974092450219,4.33627219925302e+36
1013.3971097914429,4.332875237251759e+36
1013.1968894855493,4.3349160614591706e+36
1012.9967482804379,4.333412074049504e+36
1012.796686129243,4.3336685316365175e+36
1012.596702985135,4.336362651251769e+36
1012.3967988013222,4.344570161579361e+36
1012.1969735310491,4.351238665447839e+36
1011.9972271275976,4.3552428382499114e+36
1011.7975595442864,4.358968389280883e+36
1011.5979707344708,4.3638929562867347e+36
1011.3984606515429,4.3763261126831526e+36
1011.1990292489319,4.379205500602307e+36
1010.9996764801034,4.386003835367903e+36
1010.80040229856,4.3881534146282873e+36
1010.6012066578406,4.3950052030282804e+36
1010.4020895115211,4.4016302152397673e+36
1010.2030508132135,4.4089459426648407e+36
1010.0040905165666,4.405777292495354e+36
1009.8052085752659,4.396466646749194e+36
1009.6064049430329,4.376446667690643e+36
1009.4076795736262,4.3537337766712993e+36
1009.2090324208401,4.3394688846586957e+36
1009.0104634385059,4.319341964866185e+36
1008.8119725804906,4.3011217169901034e+36
1008.613559800698,4.2725496545047086e+36
1008.4152250530678,4.2475443390526497e+36
1008.2169682915763,4.228436267175945e+36
1008.0187894702357,4.2104865118910674e+36
1007.8206885430943,4.187278282384108e+36
1007.622665464237,4.173625534713562e+36
1007.4247201877839,4.1582389620972464e+36
1007.2268526678921,4.14006176190929e+36
1007.0290628587541,4.117847711276296e+36
1006.8313507145986,4.1038304750650626e+36
1006.6337161896901,4.083845822752916e+36
1006.4361592383291,4.0655089935818266e+36
1006.238679814852,4.042373349936506e+36
1006.0412778736311,4.022352333711364e+36
1005.8439533690743,4.0024752651333593e+36
1005.6467062556253,3.96845706591271e+36
1005.4495364877637,3.938270176852655e+36
1005.2524440200045,3.9155034181951893e+36
1005.0554288068987,3.8894306723615214e+36
1004.8584908030327,3.855202383963158e+36
1004.6616299630284,3.826976380183729e+36
1004.4648462415436,3.800931998283841e+36
1004.2681395932715,3.7748297270468424e+36
1004.0715099729402,3.7396600099635737e+36
1003.8749573353143,3.705169456185186e+36
1003.6784816351931,3.6648262308888894e+36
1003.4820828274111,3.637908430874697e+36
1003.2857608668388,3.6166966290954516e+36
1003.0895157083818,3.5899038526163696e+36
1002.8933473069806,3.5641320896258425e+36
1002.6972556176113,3.5399891720365915e+36
1002.5012405952851,3.505024807709618e+36
1002.3053021950486,3.4858802116142166e+36
1002.1094403719829,3.45479348252814e+36
1001.913655081205,3.433106709728058e+36
1001.7179462778665,3.397806236925353e+36
1001.5223139171541,3.36715547133325e+36
1001.3267579542894,3.340119856453699e+36
1001.1312783445293,3.326333064903517e+36
1000.9358750431653,3.3225104696667424e+36
1000.740548005524,3.3065305335004604e+36
1000.545297186967,3.300778347656267e+36
1000.35012254289,3.289613758308542e+36
1000.1550240287244,3.2799627714078775e+36
999.960001599936,3.267898589951569e+36
999.7650552120251,3.264578349192e+36
999.5701848205272,3.2507673221431377e+36
999.3753903810119,3.2350403849856665e+36
999.1806718490838,3.232618158579541e+36
998.9860291803819,3.220895084138385e+36
998.7914623305801,3.2011037677246765e+36
998.596971255386,3.1849138850568174e+36
998.4025559105431,3.16164582949937e+36
998.208216251828,3.145237902441959e+36
998.0139522350522,3.1268091423428095e+36
997.8197638160618,3.105645222489573e+36
997.6256509507373,3.084766427336282e+36
997.4316135949929,3.071137152694761e+36
997.2376517047777,3.0539393671280914e+36
997.0437652360749,3.037192996403725e+36
996.8499541449021,3.0168946830081235e+36
996.6562183873106,2.997982518075992e+36
996.4625579193861,3.00219026563706e+36
996.2689726972488,3.001117537081542e+36
996.0754626770524,2.999376512117894e+36
995.882027814985,2.999625206506914e+36
995.6886680672686,3.0041217718499435e+36
995.4953833901595,3.0027585045613686e+36
995.3021737399474,3.008622692190137e+36
995.1090390729564,3.009952665764001e+36
994.9159793455443,3.0111549303780603e+36
994.7229945141027,3.011894992985106e+36
994.5300845350572,3.016265629565003e+36
994.337249364867,3.01488380206217e+36
994.1444889600255,3.0077013223230395e+36
993.9518032770592,3.002108733957912e+36
993.7591922725285,2.9995888774754756e+36
993.5666559030278,2.992511824442487e+36
993.374194125185,2.9846918761373285e+36
993.1818068956612,2.981933858866426e+36
992.9894941711517,2.9785148579374796e+36
992.7972559083846,2.974102484230476e+36
992.6050920641223,2.973238653354616e+36
992.41300259516,2.967997296669433e+36
992.2209874583267,2.9638908772742054e+36
992.0290466104848,2.9602659292419884e+36
991.8371800085298,2.948488327290246e+36
991.6453876093909,2.928121301247293e+36
991.4536693700303,2.9142628770911174e+36
991.2620252474437,2.8935472993820486e+36
991.07045519866,2.88014549611922e+36
990.8789591807412,2.859327205705636e+36
990.6875371507826,2.83454773533745e+36
990.4961890659125,2.815427811693619e+36
990.3049148832926,2.7911415978862623e+36
990.1137145601172,2.767391002126169e+36
989.9225880536143,2.7441730021626206e+36
989.7315353210441,2.7256238243736946e+36
989.5405563197007,2.702312295696926e+36
989.3496510069106,2.683375662661402e+36
989.1588193400332,2.6656164023778875e+36
988.968061276461,2.6422677722557897e+36
988.7773767736194,2.628554633407282e+36
988.5867657889663,2.604076797251629e+36
988.3962282799929,2.5886654462186788e+36
988.2057642042226,2.5674133793566635e+36
988.015373519212,2.5427550371266043e+36
987.82505618255,2.5296576470670667e+36
987.6348121518588,2.5115599454407338e+36
987.4446413847922,2.4863329373354357e+36
987.2545438390381,2.470610024737079e+36
987.0645194723153,2.4635144797452527e+36
986.8745682423763,2.45683465398141e+36
986.6846901070058,2.445870015542569e+36
986.4948850240211,2.4337169746154452e+36
986.3051529512715,2.431134889011189e+36
986.1154938466393,2.4189810494932906e+36
985.9259076680387,2.404033847125068e+36
985.7363943734167,2.397932165414654e+36
985.5469539207521,2.3819420495639455e+36
985.3575862680567,2.3677989347895e+36
985.1682913733738,2.3554596716568397e+36
984.9790691947795,2.3401677992611213e+36
984.789919690382,2.3301290786445688e+36
984.6008428183214,2.3216996237134368e+36
984.4118385367702,2.3040658526764004e+36
984.2229068039329,2.2917616833322343e+36
984.0340475780462,2.2734275663132973e+36
983.8452608173786,2.27080408648335e+36
983.6565464802309,2.2640073444458367e+36
983.4679045249358,2.2581508187958443e+36
983.2793349098578,2.2490793904820908e+36
983.0908375933936,2.2488502321118987e+36
982.9024125339715,2.243739103758126e+36
982.714059690052,2.2350919259696903e+36
982.525779020127,2.2335120290569086e+36
982.3375704827207,2.2322358377680664e+36
982.1494340363886,2.2228250830142527e+36
981.9613696397184,2.21736763902094e+36
981.7733772513291,2.2132860076015223e+36
981.5854568298716,2.2180255263897328e+36
981.3976083340285,2.2131315684812732e+36
981.2098317225139,2.2088038985450083e+36
981.0221269540733,2.2108484683099517e+36
980.8344939874845,2.2087708928372538e+36
980.646932781556,2.2054780919447e+36
980.459443295128,2.2040573411558175e+36
980.2720254870726,2.2046268195414014e+36
980.0846793162929,2.20691228699147e+36
979.8974047417234,2.2023967653628003e+36
979.7102017223305,2.2001023183610835e+36
979.5230702171112,2.2007044296292383e+36
979.3360101850944,2.204035728203258e+36
979.1490215853402,2.2035902267219447e+36
978.9621043769396,2.1996033505828373e+36
978.7752585190151,2.1926019448764088e+36
978.5884839707205,2.186473345711192e+36
978.4017806912408,2.1828238801746154e+36
978.2151486397919,2.1758519488207392e+36
978.0285877756206,2.1684018580333067e+36
977.8420980580056,2.1630917752523817e+36
977.6556794462558,2.1654218729853427e+36
977.4693318997116,2.155412685932011e+36
977.2830553777443,2.1462257210548878e+36
977.0968498397561,2.1383737294029813e+36
976.9107152451802,2.1309030769780625e+36
976.7246515534806,2.1223778286873404e+36
976.5386587241522,2.1109182091471423e+36
976.352736716721,2.1009419070665866e+36
976.1668854907434,2.095257480367243e+36
975.9811050058071,2.090223426697776e+36
975.7953952215299,2.0789325056216786e+36
975.6097560975609,2.0777864769789078e+36
975.4241875935797,2.071890970060577e+36
975.2386896692965,2.0627985599356215e+36
975.0532622844522,2.0578107013997748e+36
974.8679053988184,2.0481762527855252e+36
974.6826189721971,2.048863030023809e+36
974.4974029644211,2.0447400040558297e+36
974.3122573353534,2.046837360192534e+36
974.1271820448878,2.039756091456319e+36
973.9421770529483,2.0365338807625785e+36
973.7572423194897,2.03644540019496e+36
973.5723778044969,2.0326462582758158e+36
973.3875834679853,2.02944645768246e+36
973.2028592700005,2.0244698588701744e+36
973.0182051706188,2.0263007414754184e+36
972.8336211299463,2.0224461413482887e+36
972.6491071081196,2.0214232526174237e+36
972.4646630653058,2.0151856876780176e+36
972.2802889617018,2.0199516312475802e+36
972.095984757535,2.0049523601378586e+36
971.9117504130625,1.999792962067086e+36
971.727585888572,1.9996029969296192e+36
971.543491144381,1.991781071516404e+36
971.3594661408373,1.986291103874033e+36
971.1755108383187,1.9809967671096708e+36
970.9916251972326,1.977442161348634e+36
970.807809178017,1.968613631375096e+36
970.6240627411394,1.9487639041205533e+36
970.4403858470973,1.9405452607517576e+36
970.2567784564184,1.9357558599442442e+36
970.07324052966,1.9274415901791043e+36
969.8897720274091,1.9229748483343666e+36
969.7063729102827,1.913913062765359e+36
969.5230431389277,1.90270220870447e+36
969.3397826740207,1.898431480069825e+36
969.1565914762677,1.895606020378437e+36
968.9734695064049,1.8857791937771444e+36
968.7904167251977,1.882053311139346e+36
968.6074330934415,1.8703107181453207e+36
968.4245185719611,1.8597393228481275e+36
968.2416731216111,1.8620204445829816e+36
968.0588967032754,1.85066978415232e+36
967.8761892778675,1.8488066266000056e+36
967.6935508063306,1.8412971097280998e+36
967.5109812496372,1.8339484234977654e+36
967.328480568789,1.8237558961970387e+36
967.1460487248179,1.8167322655637773e+36
966.9636856787843,1.8160700286570382e+36
966.7813913917785,1.8109954992227256e+36
966.5991658249199,1.802612442216602e+36
966.4170089393573,1.7921740804312994e+36
966.2349206962689,1.7890112483894317e+36
966.0529010568617,1.7860149106887767e+36
965.8709499823728,1.771067196861821e+36
965.6890674340676,1.7714030581296997e+36
965.507253373241,1.7666735009331202e+36
965.3255077612171,1.7557647966859e+36
965.1438305593491,1.7528722961829497e+36
964.9622217290192,1.750836974608918e+36
964.780681231639,1.7411527034818972e+36
964.5992090286486,1.737020648220854e+36
964.4178050815174,1.7304407587272775e+36
964.2364693517437,1.7267824729642144e+36
964.0552018008551,1.7215420703391928e+36
963.8740023904074,1.7153438621350885e+36
963.6928710819861,1.7126140607424503e+36
963.5118078372051,1.7154472528050216e+36
963.3308126177069,1.7043989632868883e+36
963.1498853851637,1.7091513805907617e+36
962.9690261012755,1.7001309397609703e+36
962.7882347277715,1.7026010796245638e+36
962.6075112264101,1.6999389002369653e+36
962.4268555589774,1.6935324960752006e+36
962.2462676872891,1.69619942987458e+36
962.0657475731891,1.6902427080512666e+36
961.8852951785499,1.6853345191923327e+36
961.7049104652727,1.6800888821348083e+36
961.5245933952875,1.6810979002243973e+36
961.3443439305526,1.67805180892627e+36
961.1641620330544,1.6807113602276566e+36
960.9840476648088,1.6774291025119602e+36
960.8040007878592,1.68059440017877e+36
960.6240213642783,1.6727672533685844e+36
960.4441093561663,1.6719195564497225e+36
960.2642647256524,1.672490741424123e+36
960.0844874348943,1.664774255642716e+36
959.9047774460773,1.6600602623199297e+36
959.7251347214158,1.6598966527255435e+36
959.5455592231519,1.653333870984893e+36
959.3660509135563,1.6500534428434327e+36
959.1866097549278,1.6404022182093132e+36
959.0072357095934,1.6413856812482665e+36
958.8279287399083,1.6340216942475586e+36
958.6486888082559,1.638930502834609e+36
958.4695158770475,1.6367209169000912e+36
958.2904099087228,1.62547796055936e+36
958.1113708657494,1.6262460257045702e+36
957.9323987106229,1.6164646561254633e+36
957.7534934058672,1.6147007525800865e+36
957.5746549140338,1.6144729561478436e+36
957.3958831977021,1.6119960625942105e+36
957.2171782194803,1.6019434558492044e+36
957.0385399420035,1.603560550920675e+36
956.859968327935,1.6007853022772924e+36
956.6814633399663,1.5957790735967518e+36
956.5030249408163,1.590368673618812e+36
956.3246530932321,1.5891382832328517e+36
956.1463477599881,1.5884035199218322e+36
955.968108903887,1.5768049119806304e+36
955.7899364877587,1.5767299902931925e+36
955.6118304744613,1.5821419865774507e+36
955.4337908268801,1.5745553472605007e+36
955.2558175079286,1.5736841840987563e+36
955.0779104805475,1.5688835721337686e+36
954.900069707705,1.569163831191101e+36
954.7222951523976,1.5704894897576941e+36
954.5445867776484,1.5690542063135736e+36
954.3669445465086,1.568319796447276e+36
954.189368422057,1.5660946616461875e+36
954.0118583673994,1.5600934887974372e+36
953.8344143456695,1.5601581755727682e+36
953.6570363200282,1.5567210362154506e+36
953.4797242536637,1.5621373849867866e+36
953.3024781097919,1.5582106583059812e+36
953.1252978516555,1.5514666954522723e+36
952.9481834425252,1.550439499341065e+36
952.7711348456986,1.5475267065965646e+36
952.5941520245007,1.542328773787487e+36
952.4172349422835,1.545480355120852e+36
952.2403835624265,1.537289146826164e+36
952.0635978483363,1.5328412033611604e+36
951.8868777634465,1.52738327740651e+36
951.7102232712183,1.5282875779831463e+36
951.5336343351396,1.5252725603549355e+36
951.3571109187257,1.5243808482543005e+36
951.1806529855182,1.5218759331635298e+36
951.0042604990871,1.5249613719606323e+36
950.8279334230281,1.5264493980053602e+36
950.6516717209646,1.5240825205262795e+36
950.4754753565471,1.5261199031428525e+36
950.2993442934525,1.52535514616306e+36
950.1232784953847,1.5273301424460596e+36
949.947277926075,1.5222256677037443e+36
949.7713425492813,1.521496209393397e+36
949.595472328788,1.5181623399792376e+36
949.4196672284066,1.5157303830264173e+36
949.2439272119756,1.516352286640927e+36
949.06825224336,1.5122778519564142e+36
948.8926422864517,1.514205172227015e+36
948.7170973051691,1.513891198031259e+36
948.5416172634574,1.5142090752148955e+36
948.3662021252886,1.5109761689664986e+36
948.1908518546613,1.508507819189269e+36
948.0155664156006,1.5080455328736333e+36
947.8403457721581,1.5051546354218278e+36
947.6651898884124,1.5032968423321152e+36
947.4900987284683,1.5000470259978654e+36
947.3150722564571,1.4960497382879297e+36
947.1401104365369,1.4932780882385678e+36
946.9652132328919,1.49496020707755e+36
946.7903806097329,1.4896129202078593e+36
946.6156125312974,1.4861014936425866e+36
946.4409089618489,1.4879979573096634e+36
946.2662698656775,1.480179559994229e+36
946.0916952070994,1.479226505730299e+36
945.9171849504576,1.4739949507791768e+36
945.7427390601208,1.4714987795648973e+36
945.5683575004845,1.4724053788887952e+36
945.3940402359704,1.468872954046366e+36
945.2197872310259,1.4677949534950655e+36
945.0455984501252,1.4635040478864704e+36
944.8714738577685,1.4614971494789296e+36
944.697413418482,1.454768273846172e+36
944.5234170968183,1.456628873980835e+36
944.349484857356,1.4530670813920223e+36
944.1756166646996,1.4546981576478126e+36
944.00181248348,1.4503278373556916e+36
943.8280722783537,1.45165443351332e+36
943.6543960140037,1.451883310234303e+36
943.4807836551389,1.4479655685334656e+36
943.3072351664937,1.4491153444420108e+36
943.1337505128289,1.44981425072796e+36
942.9603296589312,1.4482961795691633e+36
942.786972569613,1.4497872031058098e+36
942.6136792097126,1.4501060942913998e+36
942.4404495440943,1.4482616530788322e+36
942.2672835376482,1.4480042593658287e+36
942.09418115529,1.4483768130187046e+36
941.9211423619614,1.4490611405728457e+36
941.7481671226298,1.4482412830807386e+36
941.5752554022879,1.4457101429711354e+36
941.4024071659551,1.4498324381451184e+36
941.2296223786755,1.4510014979434287e+36
941.0569010055192,1.449596521651004e+36
940.8842430115823,1.4518758351437568e+36
940.7116483619858,1.4517351125601148e+36
940.5391170218769,1.4502486170807105e+36
940.3666489564281,1.449819918589382e+36
940.1942441308374,1.4477049195861214e+36
940.0219025103285,1.449171398114436e+36
939.8496240601503,1.449879830258965e+36
939.6774087455776,1.4550938730365185e+36
939.5052565319103,1.45693282879181e+36
939.3331673844738,1.4556250732328952e+36
939.1611412686188,1.4553551614309864e+36
938.9891781497217,1.460047653679168e+36
938.8172779931842,1.4624108455582256e+36
938.6454407644328,1.4600643299657722e+36
938.47366642892,1.4656988589683605e+36
938.3019549521231,1.4680185272289336e+36
938.130306299545,1.46771897111975e+36
937.9587204367136,1.463692199984477e+36
937.7871973291819,1.4605736509011637e+36
937.6157369425289,1.4589679342259797e+36
937.4443392423574,1.4560213552141757e+36
937.2730041942966,1.454456051499444e+36
937.1017317640002,1.454081862992276e+36
936.9305219171473,1.452818822644801e+36
936.7593746194415,1.4509953787728078e+36
936.5882898366121,1.4506178478947527e+36
936.4172675344133,1.4476694171907456e+36
936.246307678624,1.447807261664823e+36
936.0754102350485,1.444851669204346e+36
935.9045751695157,1.4425379028692875e+36
935.7338024478795,1.4381465752409875e+36
935.5630920360192,1.440056929623956e+36
935.3924438998381,1.4405756943788904e+36
935.2218580052653,1.437470754306117e+36
935.051334318254,1.4362521163227484e+36
934.8808728047828,1.4334474621868384e+36
934.7104734308548,1.43493142260593e+36
934.5401361624978,1.432803495193146e+36
934.3698609657646,1.4343501715179646e+36
934.1996478067327,1.4351522728440512e+36
934.0294966515042,1.4341966564401612e+36
933.859407466206,1.436301301833681e+36
933.6893802169893,1.4376836540647165e+36
933.5194148700307,1.4369760283927746e+36
933.3495113915308,1.4411802894728658e+36
933.1796697477148,1.438778756535962e+36
933.009889904833,1.4415303627341182e+36
932.8401718291597,1.440261281500751e+36
932.6705154869938,1.440607147916892e+36
932.5009208446593,1.44215293894445e+36
932.331387868504,1.4389466564457125e+36
932.1619165249003,1.4383415408387287e+36
931.9925067802454,1.4369055404065698e+36
931.8231586009607,1.434150064654133e+36
931.6538719534918,1.4344040718752214e+36
931.484646804309,1.4286074298686364e+36
931.3154831199068,1.427944553140356e+36
931.1463808668042,1.4259885271184574e+36
930.9773400115441,1.4207869086861743e+36
930.8083605206941,1.4222005774229924e+36
930.6394423608461,1.4101969651692122e+36
930.470585498616,1.4044469682096105e+36
930.3017899006437,1.3940986961278535e+36
930.1330555335941,1.386885775500139e+36
929.9643823641554,1.3783774801169067e+36
929.7957703590406,1.362795607397949e+36
929.6272194849865,1.3587149024356922e+36
929.458729708754,1.3518875770951222e+36
929.2903009971285,1.345979523953095e+36
929.1219333169188,1.343164882377806e+36
928.9536266349584,1.342559023168748e+36
928.7853809181042,1.3328313876359263e+36
928.6171961332379,1.334275210135871e+36
928.4490722472646,1.327677952909582e+36
928.2810092271133,1.3218156700883634e+36
928.1130070397371,1.3220978592836542e+36
927.9450656521133,1.3056607838438556e+36
927.7771850312429,1.2947275215447314e+36
927.6093651441504,1.2790169039995369e+36
927.4416059578849,1.2621262973938663e+36
927.2739074395186,1.2491035287665687e+36
927.1062695561478,1.2316500851943836e+36
926.9386922748929,1.2192975119505083e+36
926.7711755628976,1.2039929454171445e+36
926.6037193873296,1.1893048563638616e+36
926.4363237153802,1.170866505722469e+36
926.2689885142645,1.1567991905156414e+36
926.1017137512212,1.143061497257963e+36
925.9344993935129,1.126186202262547e+36
925.7673454084253,1.1094749983374761e+36
925.6002517632685,1.0995938753032729e+36
925.4332184253753,1.093018091003822e+36
925.266245362103,1.0839804686243529e+36
925.0993325408315,1.0793463328664606e+36
924.9324799289652,1.0720818203951797e+36
924.7656874939312,1.0686615370568124e+36
924.5989552031805,1.0644534386483546e+36
924.4322830241878,1.0638866293548271e+36
924.2656709244505,1.0630159205630712e+36
924.0991188714902,1.0604445839342098e+36
923.9326268328513,1.0610772592164e+36
923.7661947761022,1.0572189791620933e+36
923.599822668834,1.0529996321882909e+36
923.4335104786617,1.0507097589231063e+36
923.2672581732234,1.0506124333248306e+36
923.1010657201804,1.0489108410956451e+36
922.9349330872172,1.0491841796552373e+36
922.7688602420423,1.0475879997743012e+36
922.6028471523863,1.0429671647332878e+36
922.4368937860039,1.0463590613087159e+36
922.2710001106725,1.0453947787445128e+36
922.105166094193,1.045638408143942e+36
921.9393917043893,1.0406670159571833e+36
921.7736769091085,1.0397034241187738e+36
921.6080216762207,1.0382059121092487e+36
921.442425973619,1.0345629032196776e+36
921.2768897692201,1.0333023185366042e+36
921.1114130309631,1.0319118504892255e+36
920.9459957268106,1.031580438747977e+36
920.7806378247478,1.027562428948376e+36
920.6153392927832,1.0246919511015806e+36
920.4501000989484,1.0228743373283061e+36
920.2849202112974,1.018550805137588e+36
920.1197995979076,1.0158393433667219e+36
919.9547382268793,1.0129142329580173e+36
919.7897360663352,1.0113446080813372e+36
919.6247930844215,1.0078636961210215e+36
919.459909249307,1.004697756655397e+36
919.295084529183,1.0047874497472415e+36
919.1303188922641,1.0055918248985009e+36
918.9656123067874,1.0036966543963009e+36
918.800964741013,1.0034819642539736e+36
918.6363761632233,1.0038375572341503e+36
918.471846541724,1.002219370534173e+36
918.3073758448428,1.0013915551838703e+36
918.1429640409308,1.001667282887457e+36
917.9786110983613,9.981428482537422e+35
917.8143169855307,9.975112351295732e+35
917.6500816708572,9.987003304443533e+35
917.4859051227825,9.973818448643108e+35
917.3217873097705,9.973650440475215e+35
917.1577282003071,9.933123342959329e+35
916.9937277629022,9.941604643689976e+35
916.8297859660864,9.928131668492717e+35
916.6659027784143,9.908272497204702e+35
916.5020781684623,9.914578378799326e+35
916.3383121048291,9.913491099646412e+35
916.1746045561363,9.875954639355621e+35
916.0109554910276,9.913105050729404e+35
915.8473648781694,9.901607718131424e+35
915.6838326862501,9.918001818878763e+35
915.5203588839806,9.932419665104631e+35
915.3569434400944,9.933536929325037e+35
915.193586323347,9.941246655328102e+35
915.0302875025162,9.948973074056488e+35
914.8670469464024,9.967259682379712e+35
914.7038646238279,9.983453876793916e+35
914.5407405036375,9.994298623923638e+35
914.3776745546979,1.002098384621741e+36
914.2146667458985,1.0037489861469768e+36
914.0517170461504,1.0027935961313405e+36
913.8888254243872,1.0080939077789149e+36
913.7259918495641,1.0111126706043075e+36
913.5632162906593,1.012672316148301e+36
913.4004987166724,1.0139425004362755e+36
913.2378390966251,1.0169621513123976e+36
913.0752373995616,1.0202682522224139e+36
912.912693594548,1.026777207743454e+36
912.7502076506721,1.0252169281882323e+36
912.5877795370442,1.0248668988455593e+36
912.4254092227959,1.0303698416428548e+36
912.2630966770816,1.0286173641890568e+36
912.1008418690769,1.032520843600907e+36
911.93864476798,1.0329052212899264e+36
911.7765053430103,1.0381407646920815e+36
911.6144235634096,1.0401407150887044e+36
911.4523993984413,1.0409812435408833e+36
911.2904328173911,1.0449360177036257e+36
911.1285237895657,1.0474118205429479e+36
910.9666722842945,1.0495722936650883e+36
910.8048782709279,1.0539604345832822e+36
910.6431417188389,1.0542985760730229e+36
910.4814625974215,1.0607304786211764e+36
910.3198408760918,1.063568670683246e+36
910.1582765242875,1.0666995040798665e+36
909.9967695114682,1.0698852021552185e+36
909.835319807115,1.0707999655279572e+36
909.6739273807303,1.07258199648226e+36
909.512592201839,1.0749192697406114e+36
909.3513142399868,1.0779862779195668e+36
909.1900934647415,1.0799186884384688e+36
909.0289298456922,1.0806965936666152e+36
908.8678233524498,1.084727191012256e+36
908.7067739546465,1.0859512613585506e+36
908.5457816219359,1.0894801642953925e+36
908.3848463239937,1.0922601756839191e+36
908.2239680305163,1.0954670675735334e+36
908.0631467112223,1.1006549147232738e+36
907.9023823358511,1.1031774545597052e+36
907.7416748741642,1.1107366544637278e+36
907.5810242959441,1.1136476194668755e+36
907.4204305709943,1.1162150082839588e+36
907.2598936691404,1.1209952394881003e+36
907.0994135602291,1.1272667831840425e+36
906.9389902141282,1.1290791563525513e+36
906.7786236007272,1.1323371936707984e+36
906.6183136899365,1.139389994641369e+36
906.458060451688,1.1411120714248103e+36
906.2978638559348,1.143118795212355e+36
906.1377238726513,1.1448384241429873e+36
905.9776404718331,1.1449038733150475e+36
905.8176136234969,1.1447973773906715e+36
905.6576432976806,1.1433466232143563e+36
905.4977294644434,1.1427491231009492e+36
905.3378720938655,1.1452600473295223e+36
905.1780711560482,1.1448047505197987e+36
905.018326621114,1.1440176061123245e+36
904.8586384592066,1.1431679230824209e+36
904.6990066404906,1.1447701050630395e+36
904.5394311351517,1.145468507483157e+36
904.3799119133965,1.145087687109273e+36
904.2204489454529,1.1465148852422214e+36
904.0610422015694,1.1461581890512661e+36
903.9016916520159,1.1466367656788757e+36
903.7423972670829,1.1469257804038367e+36
903.5831590170822,1.1454538677006909e+36
903.4239768723462,1.1460224527558114e+36
903.2648508032281,1.1484729991639918e+36
903.1057807801027,1.1458808243241077e+36
902.9467667733649,1.145509508758755e+36
902.7878087534306,1.1457613257395843e+36
902.6289066907367,1.1458372835695088e+36
902.470060555741,1.1468177381385325e+36
902.3112703189219,1.1452914888089383e+36
902.1525359507785,1.1473090543261851e+36
901.993857421831,1.143905124908768e+36
901.8352347026198,1.1439320937389065e+36
901.6766677637066,1.1456462503141054e+36
901.5181565756735,1.148066083072575e+36
901.3597011091231,1.1471727449008063e+36
901.2013013346791,1.1465888674714333e+36
901.0429572229856,1.1474206523353839e+36
900.8846687447073,1.1455804145616608e+36
900.7264358705295,1.1483583577227687e+36
900.5682585711584,1.146657689978452e+36
900.4101368173203,1.1477823277786145e+36
900.2520705797624,1.1499567888086056e+36
900.0940598292522,1.1471335035511404e+36
899.9361045365779,1.1500136106328073e+36
899.7782046725481,1.1512327925970865e+36
899.6203602079921,1.149035232571638e+36
899.4625711137594,1.146671266453162e+36
899.3048373607202,1.1435816913203344e+36
899.1471589197645,1.1398741034111845e+36
898.9895357618037,1.135323347712873e+36
898.8319678577687,1.1340326632488086e+36
898.6744551786115,1.13061452706832e+36
898.5169976953039,1.1296330273871701e+36
898.3595953788382,1.1243380397041838e+36
898.2022482002271,1.1214840996056494e+36
898.0449561305038,1.1188249994785208e+36
897.8877191407215,1.1154453086500241e+36
897.7305372019534,1.1113229243308768e+36
897.5734102852937,1.1110675188574592e+36
897.4163383618562,1.1166623083472407e+36
897.2593214027752,1.1170122260799088e+36
897.1023593792052,1.1226566951888507e+36
896.9454522623207,1.125744576778872e+36
896.7886000233166,1.127129512256973e+36
896.6318026334076,1.1316305832743736e+36
896.475060063829,1.1364925174328265e+36
896.3183722858358,1.1402684274466324e+36
896.1617392707035,1.1433722919395632e+36
896.0051609897273,1.1475948128584612e+36
895.8486374142225,1.1522446143238776e+36
895.6921685155245,1.1557207429614597e+36
895.535754264989,1.1623767234505694e+36
895.3793946339913,1.1622057220855171e+36
895.2230895939267,1.1629893407567277e+36
895.066839116211,1.1670527412071875e+36
894.9106431722792,1.1671180327011583e+36
894.7545017335868,1.1713211093003433e+36
894.598414771609,1.1696290861660738e+36
894.4423822578409,1.1685597181083928e+36
894.2864041637974,1.1682072183120449e+36
894.1304804610136,1.1665259029805396e+36
893.9746111210442,1.1633018804740442e+36
893.8187961154634,1.1589238521416137e+36
893.6630354158661,1.1559993108102246e+36
893.507328993866,1.1519918859970127e+36
893.3516768210974,1.1452512846555626e+36
893.1960788692138,1.1413728855860765e+36
893.0405351098885,1.1358621664659816e+36
892.8850455148151,1.1317006770109744e+36
892.7296100557063,1.1283948043487974e+36
892.5742287042946,1.1204824888846693e+36
892.4189014323323,1.1158373886804895e+36
892.2636282115914,1.1099959025772508e+36
892.1084090138634,1.1045108701700309e+36
891.9532438109594,1.1033360119046842e+36
891.7981325747103,1.0990057454963019e+36
891.6430752769666,1.0971205585847704e+36
891.4880718895981,1.0946847706412243e+36
891.3331223844943,1.0923689486227135e+36
891.1782267335644,1.0904518732278719e+36
891.023384908737,1.087725001587514e+36
890.8685968819599,1.0847747148620348e+36
890.7138626252009,1.08154508625625e+36
890.5591821104471,1.0781327499584731e+36
890.404555309705,1.0775295479500975e+36
890.2499821950004,1.0731319203757006e+36
890.0954627383787,1.0702606188328883e+36
889.9409969119047,1.0673015514624723e+36
889.7865846876626,1.0660789164645286e+36
889.632226037756,1.0613823114705437e+36
889.4779209343076,1.0582057364299268e+36
889.3236693494597,1.0541406269079989e+36
889.169471255374,1.0529469511448083e+36
889.015326624231,1.0524376198655588e+36
888.8612354282311,1.0503116706148989e+36
888.7071976395937,1.0467833235748745e+36
888.5532132305573,1.0440070172128264e+36
888.3992821733799,1.0439651262061874e+36
888.2454044403387,1.0425842072294808e+36
888.09158000373,1.0376551047133903e+36
887.9378088358691,1.0338463633535512e+36
887.7840909090908,1.0322963009746527e+36
887.630426195749,1.0272087065338516e+36
887.4768146682168,1.0262930119312267e+36
887.3232562988859,1.0223119216352915e+36
887.1697510601679,1.0176404627854065e+36
887.0162989244927,1.0155476361480445e+36
886.8628998643098,1.0138762521560998e+36
886.7095538520879,1.0119420154137928e+36
886.5562608603142,1.0079898964003595e+36
886.4030208614951,1.0040495009598025e+36
886.2498338281562,1.00080596655457e+36
886.0966997328419,9.956000295413206e+35
885.9436185481155,9.930772815746539e+35
885.7905902465598,9.91263331598701e+35
885.6376148007757,9.847691442559104e+35
885.4846921833838,9.781037217120313e+35
885.331822367023,9.715032342247443e+35
885.1790053243517,9.675642164347069e+35
885.0262410280465,9.618925791867782e+35
884.8735294508033,9.543715236377361e+35
884.7208705653366,9.510080077718817e+35
884.56826434438,9.439246929701096e+35
884.4157107606859,9.395156626438702e+35
884.2632097870252,9.331875438239275e+35
884.1107613961877,9.256414011390682e+35
883.958365560982,9.240371974647171e+35
883.8060222542356,9.166494284371519e+35
883.6537314487944,9.11649896826038e+35
883.5014931175233,9.055926413168212e+35
883.3493072333057,9.001090259524128e+35
883.1971737690438,8.933569964132455e+35
883.0450926976586,8.899875127585115e+35
882.8930639920893,8.830690978612485e+35
882.741087625294,8.767976319342672e+35
882.5891635702496,8.729727884566683e+35
882.4372917999515,8.66557679416737e+35
882.2854722874132,8.613967970271056e+35
882.1337050056677,8.57366748225642e+35
881.9819899277657,8.510892053549953e+35
881.8303270267767,8.445761564485999e+35
881.678716275789,8.406111607958833e+35
881.5271576479092,8.361741053521594e+35
881.3756511162622,8.294120314126059e+35
881.2241966539916,8.246947249252622e+35
881.0727942342596,8.195709451472114e+35
880.9214438302464,8.152421080397434e+35
880.770145415151,8.113946119929807e+35
880.6188989621905,8.039192276664622e+35
880.4677044446009,8.032610655943329e+35
880.316561835636,7.985248488729264e+35
880.1654711085683,7.925545688109444e+35
880.0144322366887,7.881488596385366e+35
879.863445193306,7.858716537575346e+35
879.7125099517477,7.786456821622684e+35
879.5616264853596,7.773638969901666e+35
879.4107947675058,7.714166663323795e+35
879.2600147715682,7.671703512937684e+35
879.1092864709476,7.626911610414769e+35
878.9586098390625,7.583349232724815e+35
878.8079848493503,7.533166370625428e+35
878.6574114752657,7.499342247578945e+35
878.5068896902823,7.455814934753999e+35
878.3564194678917,7.414255172469585e+35
878.2060007816033,7.36465450069498e+35
878.0556336049452,7.334722206101425e+35
877.9053179114632,7.289622906221044e+35
877.7550536747215,7.261808318767282e+35
877.6048408683022,7.19814769151923e+35
877.4546794658055,7.183009162153643e+35
877.30456944085,7.140649559953261e+35
877.1545107670717,7.09883721361705e+35
877.004503418125,7.051812209598112e+35
876.8545473676826,7.027384855281763e+35
876.7046425894348,6.99159100490408e+35
876.5547890570899,6.960840116039277e+35
876.4049867443745,6.934629359188768e+35
876.2552356250328,6.907502911348931e+35
876.105535672827,6.878066626644588e+35
875.9558868615377,6.845056685083467e+35
875.8062891649624,6.819135665604235e+35
875.6567425569177,6.801380639850759e+35
875.5072470112372,6.775279896742647e+35
875.3578025017725,6.758876810253854e+35
875.2084090023936,6.731815979853312e+35
875.0590664869878,6.70076509429835e+35
874.9097749294604,6.670770996599263e+35
874.7605343037343,6.625692579480253e+35
874.6113445837506,6.612665370366703e+35
874.4622057434677,6.581257541715218e+35
874.3131177568622,6.553317146494204e+35
874.1640805979282,6.514447174184105e+35
874.0150942406775,6.485540008733003e+35
873.8661586591397,6.452171680163438e+35
873.7172738273621,6.4103986844419786e+35
873.5684397194098,6.377477511389024e+35
873.4196563093651,6.355456021973862e+35
873.2709235713287,6.311591760243143e+35
873.1222414794183,6.278799767996445e+35
872.9736100077694,6.233255053381969e+35
872.8250291305353,6.211345546818673e+35
872.6764988218868,6.1717705652340586e+35
872.528019056012,6.12930574837746e+35
872.3795898071168,6.0897293379963e+35
872.2312110494249,6.031829047104961e+35
872.0828827571772,5.979630232850061e+35
871.9346049046321,5.933770358025666e+35
871.7863774660657,5.883557488167629e+35
871.6382004157713,5.825990066540488e+35
871.4900737280602,5.774101399339168e+35
871.3419973772606,5.75281326743194e+35
871.1939713377183,5.732942849088476e+35
871.0459955837968,5.697925627227982e+35
870.8980700898766,5.680276787876098e+35
870.750194830356,5.654581498762272e+35
870.6023697796505,5.654484210990522e+35
870.4545949121929,5.6466493451330074e+35
870.3068702024334,5.628912956771434e+35
870.1591956248395,5.638378001397663e+35
870.0115711538963,5.620190010567816e+35
869.8639967641059,5.6213944306714716e+35
869.7164724299878,5.611818162903851e+35
869.5689981260788,5.584655609990467e+35
869.4215738269329,5.570647986034828e+35
869.2741995071215,5.538498950260804e+35
869.126875141233,5.505570947168891e+35
868.9796007038734,5.496109858148864e+35
868.8323761696655,5.462442622179571e+35
868.6852015132496,5.448975889955406e+35
868.5380767092829,5.44992197514228e+35
868.3910017324399,5.422587368700638e+35
868.2439765574126,5.4209576895361344e+35
868.0970011589094,5.410675680258014e+35
867.9500755116565,5.390930141705447e+35
867.8031995903968,5.355758055461877e+35
867.6563733698905,5.3315044190140764e+35
867.5095968249148,5.2751724413669184e+35
867.362869930264,5.25512716698079e+35
867.2161926607494,5.218436419266697e+35
867.0695649911992,5.186016081190734e+35
866.922986896459,5.1576007636793094e+35
866.7764583513912,5.1154189626620344e+35
866.629979330875,5.087563382130484e+35
866.4835498098068,5.0479561653327746e+35
866.3371697631001,5.028573000341966e+35
866.190839165685,4.983951112030029e+35
866.0445579925087,4.939472242193729e+35
865.8983262185353,4.9427418925685776e+35
865.7521438187462,4.9193430264517695e+35
865.6060107681388,4.893322080066134e+35
865.4599270417282,4.855155387606996e+35
865.3138926145459,4.845381627463544e+35
865.1679074616407,4.817075954246003e+35
865.0219715580776,4.7806781167929846e+35
864.876084878939,4.748822578378012e+35
864.7302473993237,4.7418970770807826e+35
864.5844590943478,4.702739384742397e+35
864.4387199391434,4.672991513919536e+35
864.2930299088603,4.637708767928923e+35
864.1473889786643,4.626216442247465e+35
864.001797123738,4.5704409015192464e+35
863.8562543192812,4.551338375754139e+35
863.7107605405103,4.538141778249646e+35
863.5653157626576,4.5321334867773e+35
863.4199199609734,4.531235803455017e+35
863.2745731107235,4.528975614735277e+35
863.1292751871911,4.515111170904551e+35
862.9840261656756,4.5374985026306156e+35
862.8388260214933,4.557238333325351e+35
862.6936747299768,4.549780690519115e+35
862.5485722664757,4.559806724142035e+35
862.4035186063559,4.567492713252884e+35
862.258513725,4.553550836215291e+35
862.1135575978067,4.561205057659429e+35
861.9686502001922,4.566217446543498e+35
861.8237915075883,4.568401577988061e+35
861.6789814954438,4.573419974216252e+35
861.5342201392239,4.5662301307185315e+35
861.3895074144101,4.567955379811548e+35
861.2448432965007,4.5410796016106975e+35
861.1002277610103,4.52146066394084e+35
860.9556607834696,4.494965287765414e+35
860.8111423394264,4.469337245122844e+35
860.6666724044444,4.439683306086222e+35
860.522250954104,4.415091566821409e+35
860.3778779640018,4.374555056821924e+35
860.2335534097507,4.3609177466224975e+35
860.0892772669803,4.3288613022524196e+35
859.9450495113363,4.30828095931093e+35
859.8008701184805,4.2599699959504055e+35
859.6567390640917,4.271198433820368e+35
859.5126563238643,4.245554658108661e+35
859.3686218735095,4.239701478483246e+35
859.2246356887545,4.223722032568759e+35
859.0806977453427,4.201355948113362e+35
858.9368080190341,4.176149163101563e+35
858.7929664856044,4.156156300846916e+35
858.6491731208463,4.127461546372195e+35
858.5054279005678,4.10868566419881e+35
858.361730800594,4.0933829757157155e+35
858.2180817967653,4.075176743331665e+35
858.074480864939,4.043429907670604e+35
857.9309279809883,4.0165565432545656e+35
857.7874231208021,3.9908436061962176e+35
857.6439662602863,3.9615731374408354e+35
857.5005573753623,3.929996391887281e+35
857.3571964419676,3.91984664446299e+35
857.213883436056,3.8866313901130964e+35
857.0706183335975,3.844136814370512e+35
856.9274011105779,3.818001011281693e+35
856.7842317429989,3.780445284144723e+35
856.6411102068787,3.7690418487085376e+35
856.4980364782513,3.73568352660094e+35
856.3550105331666,3.719503861528454e+35
856.2120323476905,3.687968723195612e+35
856.0691018979052,3.663334039321734e+35
855.9262191599084,3.6452478078348886e+35
855.7833841098142,3.621077256949279e+35
855.6405967237521,3.600165379005997e+35
855.4978569778682,3.575707150448828e+35
855.3551648483242,3.563712894825653e+35
855.2125203112973,3.526283653875857e+35
855.0699233429813,3.50619993652112e+35
854.9273739195854,3.506400625836379e+35
854.784872017335,3.491080181105115e+35
854.6424176124709,3.482725701674238e+35
854.50001068125,3.466781434785729e+35
854.3576511999453,3.4585256158490036e+35
854.2153391448451,3.449564909387557e+35
854.0730744922536,3.440932937891352e+35
853.930857218491,3.430510777314912e+35
853.7886872998932,3.406487133783479e+35
853.6465647128119,3.396985582038679e+35
853.5044894336144,3.3923158675714385e+35
853.3624614386837,3.3691868075508634e+35
853.2204807044188,3.359720797460768e+35
853.078547207234,3.33247995602638e+35
852.9366609235598,3.320172559136211e+35
852.7948218298419,3.2916643589120295e+35
852.6530299025417,3.267389325415397e+35
852.5112851181367,3.2580794539117916e+35
852.3695874531197,3.2301585494566363e+35
852.227936883999,3.2175275869656842e+35
852.0863333872987,3.217238331695265e+35
851.9447769395588,3.215308620682682e+35
851.8032675173341,3.196182662354288e+35
851.6618050971958,3.1905223306862005e+35
851.5203896557302,3.17714710139918e+35
851.3790211695393,3.1646935223044984e+35
851.2376996152406,3.1467052631196196e+35
851.096424969467,3.146072533528873e+35
850.9551972088669,3.148539507979192e+35
850.8140163101046,3.137824353677045e+35
850.6728822498596,3.1435609377715152e+35
850.5317950048268,3.1373327105566738e+35
850.3907545517164,3.1416991945081876e+35
850.2497608672547,3.143880453311715e+35
850.1088139281827,3.131506349171289e+35
849.9679137112573,3.1385060193892504e+35
849.8270601932506,3.1261136644915225e+35
849.6862533509501,3.1366466221967415e+35
849.5454931611587,3.1382607362503152e+35
849.4047796006948,3.1339611100796275e+35
849.2641126463918,3.134928787224139e+35
849.123492275099,3.1455122075546824e+35
848.9829184636804,3.1430012852938374e+35
848.842391189016,3.146814454215437e+35
848.7019104280004,3.1588884105077894e+35
848.5614761575439,3.1733258114770457e+35
848.4210883545721,3.1623136400836237e+35
848.2807469960258,3.1651780925220054e+35
848.1404520588609,3.1809339808051826e+35
848.0002035200488,3.177961886052817e+35
847.8600013565759,3.1791638173120895e+35
847.7198455454442,3.1770895740410774e+35
847.5797360636701,3.1952917741789273e+35
847.4396728882862,3.1836601423149937e+35
847.2996559963397,3.194669376902759e+35
847.1596853648929,3.1947894985877596e+35
847.0197609710234,3.207146760542901e+35
846.8798827918242,3.201833695702009e+35
846.740050804403,3.1985886901197023e+35
846.600264985883,3.211258378125059e+35
846.460525313402,3.2102855131338362e+35
846.3208317641134,3.204383994549654e+35
846.1811843151855,3.204433545040903e+35
846.0415829438017,3.2072552385741313e+35
845.9020276271601,3.214624100611518e+35
845.7625183424746,3.212398327888516e+35
845.6230550669733,3.21405320591611e+35
845.4836377778998,3.2161543684284495e+35
845.3442664525128,3.2153622716245676e+35
845.2049410680854,3.2179869441017492e+35
845.0656616019065,3.2225948406096935e+35
844.9264280312792,3.2263569483546537e+35
844.787240333522,3.2341497003928968e+35
844.6480984859683,3.231789070601218e+35
844.5090024659662,3.235755780232822e+35
844.3699522508791,3.2419905464129607e+35
844.230947818085,3.2483423341003152e+35
844.0919891449769,3.2526910103123417e+35
843.9530762089627,3.2489870740491898e+35
843.8142089874651,3.2570634525829207e+35
843.6753874579216,3.259548190486881e+35
843.5366115977848,3.2691590945483614e+35
843.3978813845218,3.287723049251431e+35
843.259196795615,3.284257440045494e+35
843.120557808561,3.294069995229799e+35
842.9819644008717,3.3010201961365435e+35
842.8434165500732,3.317307860082768e+35
842.7049142337073,3.3190638458178807e+35
842.5664574293297,3.335417468895823e+35
842.4280461145113,3.337215174136463e+35
842.2896802668373,3.3382017374294656e+35
842.1513598639083,3.3338503756410295e+35
842.013084883339,3.3190450749852836e+35
841.8748553027592,3.2970390054380283e+35
841.7366710998132,3.2844408569255523e+35
841.5985322521598,3.2711562704799008e+35
841.4604387374727,3.253032628139166e+35
841.3223905334404,3.2308888608171816e+35
841.1843876177658,3.2219320608712897e+35
841.0464299681663,3.2039172712935446e+35
840.9085175623743,3.2066399573081118e+35
840.7706503781366,3.2017780657298072e+35
840.6328283932143,3.21319872455791e+35
840.4950515853837,3.2131679146237043e+35
840.3573199324353,3.223769529536462e+35
840.219633412174,3.2310670771161025e+35
840.0819920024194,3.2346314744624537e+35
839.9443956810059,3.2286424330389877e+35
839.8068444257821,3.2329614877299586e+35
839.6693382146111,3.2423574349216163e+35
839.5318770253707,3.242702888969803e+35
839.3944608359529,3.245787777261178e+35
839.2570896242646,3.246153468376166e+35
839.1197633682267,3.25708278252306e+35
838.9824820457749,3.2509521041593283e+35
838.8452456348591,3.2422158545264993e+35
838.7080541134436,3.2276291893092412e+35
838.5709074595075,3.2216188574316313e+35
838.4338056510437,3.2136632296810428e+35
838.2967486660602,3.2059636571547595e+35
838.1597364825788,3.198470109251944e+35
838.0227690786359,3.1920912451037384e+35
837.8858464322819,3.192023041882658e+35
837.7489685215825,3.186201457811468e+35
837.6121353246166,3.1689333761435763e+35
837.4753468194779,3.1604832024717396e+35
837.3386029842748,3.161191374508778e+35
837.2019037971291,3.1474746716770945e+35
837.0652492361779,3.1470190312561203e+35
836.9286392795717,3.1326056907344226e+35
836.792073905476,3.1266006526387334e+35
836.6555530920697,3.1141989722770777e+35
836.5190768175468,3.114982401575172e+35
836.382645060115,3.1249330523520578e+35
836.2462577979963,3.134887849543511e+35
836.109915009427,3.151838385961205e+35
835.9736166726578,3.1600823036650545e+35
835.837362765953,3.162639407947962e+35
835.7011532675915,3.167940396642979e+35
835.5649881558662,3.1617859589761837e+35
835.4288674090844,3.161863145885196e+35
835.2927910055672,3.1505106580369602e+35
835.1567589236498,3.1437575124691237e+35
835.0207711416821,3.1481254143326623e+35
834.8848276380273,3.1243221463510975e+35
834.748928391063,3.1156060899333002e+35
834.6130733791814,3.1186411776641922e+35
834.4772625807877,3.091727190399195e+35
834.3414959743022,3.0933510457071037e+35
834.2057735381587,3.0820343046927103e+35
834.0700952508048,3.077856681087015e+35
833.9344610907028,3.065516036063363e+35
833.7988710363286,3.055463893840686e+35
833.663325066172,3.060167324366392e+35
833.527823158737,3.059076316926043e+35
833.3923652925415,3.049160859206738e+35
833.2569514461175,3.046640103392745e+35
833.1215815980105,3.0604028366307383e+35
832.9862557267804,3.0494319821745523e+35
832.850973811001,3.0507895084576276e+35
832.7157358292599,3.0422790258334056e+35
832.5805417601586,3.041937624448777e+35
832.4453915823121,3.0360460471993526e+35
832.3102852743502,3.0485780903532466e+35
832.1752228149159,3.0412472500984204e+35
832.040204182666,3.0275389680930257e+35
831.9052293562717,3.0216675834476548e+35
831.7702983144175,3.0118942469862685e+35
831.6354110358018,2.9979058793541707e+35
831.5005674991372,2.9804033173816514e+35
831.3657676831498,2.9745698688765187e+35
831.2310115665795,2.961524429761361e+35
831.0962991281799,2.964354603477805e+35
830.9616303467187,2.9585251407015836e+35
830.8270052009769,2.9522640031181387e+35
830.6924236697499,2.944493456453664e+35
830.5578857318461,2.935621217406904e+35
830.4233913660879,2.9188791443486155e+35
830.2889405513118,2.91058825824577e+35
830.1545332663676,2.8997948864702126e+35
830.0201694901185,2.8943158795162657e+35
829.8858492014423,2.8799361504920223e+35
829.7515723792296,2.8698545319444157e+35
829.617339002385,2.861670738260561e+35
829.483149049827,2.8446511580644947e+35
829.3490025004871,2.8339274087262844e+35
829.2148993333111,2.8103314092470208e+35
829.080839527258,2.7996426110044837e+35
828.9468230613005,2.792570352033389e+35
828.812849914425,2.7982671709575938e+35
828.6789200656312,2.785830387124374e+35
828.545033493933,2.77288416457458e+35
828.411190178357,2.7683832587322174e+35
828.2773900979437,2.7659896730181486e+35
828.1436332317476,2.7604517246391597e+35
828.0099195588363,2.756885692541915e+35
827.8762490582908,2.7544799197308328e+35
827.7426217092058,2.737125336768025e+35
827.6090374906894,2.737368965918583e+35
827.4754963818633,2.7344340873594724e+35
827.3419983618628,2.736948886331005e+35
827.2085434098364,2.7317666411105566e+35
827.0751315049458,2.7244801074571775e+35
826.941762626367,2.7189380904751948e+35
826.8084367532886,2.723011298489286e+35
826.675153864913,2.718251995169145e+35
826.5419139404559,2.7191900097941744e+35
826.4087169591464,2.706289053714586e+35
826.2755629002272,2.7096523082383674e+35
826.142451742954,2.7061592129306327e+35
826.0093834665961,2.6990655901215875e+35
825.8763580504362,2.6907098267745212e+35
825.7433754737702,2.684973372204345e+35
825.6104357159074,2.6752899965712794e+35
825.4775387561704,2.6673717381467607e+35
825.344684573895,2.6655627292318624e+35
825.2118731484308,2.6521548219444643e+35
825.07910445914,2.659739624423793e+35
824.9463784853983,2.6524914596193106e+35
824.8136952065952,2.638774339599349e+35
824.6810546021325,2.6344634765752533e+35
824.5484566514262,2.633191587093238e+35
824.4159013339049,2.630922407045966e+35
824.2833886290106,2.6275477417529578e+35
824.1509185161987,2.614335440880407e+35
824.0184909749374,2.61116557336289e+35
823.8861059847086,2.608197963165206e+35
823.7537635250071,2.598735443279628e+35
823.6214635753407,2.588015872147961e+35
823.4892061152308,2.5895297043537952e+35
823.3569911242116,2.588250255609514e+35
823.2248185818306,2.585170425693813e+35
823.0926884676483,2.573312305890721e+35
822.9606007612384,2.5703404260832375e+35
822.828555442188,2.5666533468912807e+35
822.6965524900967,2.5570495801610513e+35
822.5645918845777,2.557473661398143e+35
822.4326736052569,2.5579147645738067e+35
822.3007976317737,2.552784932861147e+35
822.16896394378,2.5435296945233235e+35
822.0371725209413,2.5457992998074366e+35
821.9054233429358,2.5494637829313436e+35
821.773716389455,2.5400631989676804e+35
821.6420516402029,2.538474921551166e+35
821.510429074897,2.54504607730199e+35
821.3788486732677,2.542047338380611e+35
821.2473104150583,2.548275344256454e+35
821.1158142800251,2.5498819584196492e+35
820.9843602479373,2.5432841136976017e+35
820.8529482985771,2.5460011142191646e+35
820.7215784117396,2.5438173527533865e+35
820.5902505672329,2.5408784968629473e+35
820.4589647448782,2.5480424099042677e+35
820.3277209245093,2.549845425802018e+35
820.1965190859729,2.5505395451722546e+35
820.0653592091289,2.55252565049379e+35
819.9342412738498,2.559248198812794e+35
819.803165260021,2.560428850508934e+35
819.6721311475409,2.553706966102921e+35
819.5411389163207,2.5724645567518253e+35
819.4101885462844,2.550852790658512e+35
819.2792800173687,2.545354174895824e+35
819.1484133095233,2.524916265410825e+35
819.0175884027109,2.52033187912944e+35
818.8868052769064,2.50725136251638e+35
818.7560639120983,2.4891705937888413e+35
818.6253642882871,2.483850722418939e+35
818.4947063854864,2.4559689503685213e+35
818.3640901837227,2.4401502613829947e+35
818.2335156630351,2.4328384804891176e+35
818.1029828034752,2.413195005534178e+35
817.972491585108,2.3848480787620127e+35
817.8420419880104,2.3741512007129853e+35
817.7116339922725,2.347816772845683e+35
817.5812675779972,2.335637514847513e+35
817.4509427252997,2.321935438223142e+35
817.320659414308,2.3006870249413965e+35
817.1904176251628,2.288662895534362e+35
817.0602173380178,2.2821725632886032e+35
816.9300585330387,2.275341230283764e+35
816.7999411904043,2.268391299132277e+35
816.6698652903058,2.2666311917432972e+35
816.539830812947,2.2634484328203793e+35
816.4098377385448,2.2663929526212296e+35
816.2798860473279,2.2642213044181772e+35
816.1499757195381,2.2570905498889066e+35
816.02010673543,2.2660706268305254e+35
815.8902790752699,2.263452793053369e+35
815.7604927193375,2.2621294877980566e+35
815.6307476479249,2.269105464838448e+35
815.501043841336,2.2623711655975454e+35
815.3713812798884,2.2588956658489485e+35
815.2417599439113,2.253130006188851e+35
815.1121798137468,2.252033877654932e+35
814.9826408697494,2.2464919885912837e+35
814.8531430922861,2.237824470871941e+35
814.7236864617364,2.229128641252901e+35
814.5942709584923,2.2224745442446853e+35
814.4648965629581,2.219389739551595e+35
814.3355632555506,2.2103719079736777e+35
814.2062710166992,2.2022301386547035e+35
814.0770198268458,2.2046700580629186e+35
813.9478096664442,2.1974391010764365e+35
813.818640515961,2.1876074989732292e+35
813.6895123558752,2.1797480379010492e+35
813.5604251666782,2.1800556051538216e+35
813.4313789288735,2.1718863251755433e+35
813.3023736229774,2.163723757370161e+35
813.1734092295181,2.1571574521590976e+35
813.0444857290365,2.1508945604740415e+35
812.9156031020858,2.144786579689236e+35
812.7867613292315,2.1361561337746126e+35
812.657960391051,2.1283409800157894e+35
812.5292002681346,2.121789482735562e+35
812.4004809410847,2.112734360940842e+35
812.2718023905159,2.1127619882405293e+35
812.1431645970551,2.097779833066167e+35
812.0145675413416,2.091936743790688e+35
811.886011204027,2.082973505008277e+35
811.7574955657747,2.066226628156937e+35
811.6290206072608,2.063066109002634e+35
811.5005863091735,2.0563321224706833e+35
811.3721926522134,2.0521149238873688e+35
811.2438396170928,2.0431529388629044e+35
811.1155271845369,2.035334740520459e+35
810.9872553352824,2.0345511297624403e+35
810.8590240500787,2.0226851651044305e+35
810.730833309687,2.0237623312130852e+35
810.602683094881,2.009474586225747e+35
810.4745733864464,2.0003731019177187e+35
810.3465041651809,1.9971856413659742e+35
810.2184754118947,1.9952682519365066e+35
810.0904871074099,1.990529381505565e+35
809.9625392325605,1.9884419670411015e+35
809.8346317681929,1.9848040158326645e+35
809.7067646951656,1.9811168981958676e+35
809.5789379943491,1.9805013227693636e+35
809.451151646626,1.978295615146234e+35
809.3234056328909,1.968011992720838e+35
809.1956999340505,1.9650058942532822e+35
809.0680345310236,1.961058059541931e+35
808.9404094047412,1.95764386583425e+35
808.8128245361459,1.9556723362317828e+35
808.6852799061925,1.9509723431646365e+35
808.557775495848,1.9465435860030914e+35
808.4303112860914,1.9360270896803596e+35
808.3028872579132,1.92002412802287e+35
808.1755033923166,1.91991828685975e+35
808.0481596703163,1.9123041325286003e+35
807.920856072939,1.9100397797254145e+35
807.7935925812236,1.9043743217220773e+35
807.6663691762207,1.8956602479182668e+35
807.5391858389928,1.889239524211915e+35
807.4120425506146,1.8804625344714737e+35
807.2849392921726,1.879567137846216e+35
807.157876044765,1.8729655517596787e+35
807.0308527895021,1.869696557102613e+35
806.9038695075062,1.8671916182028403e+35
806.7769261799111,1.8580273587432805e+35
806.6500227878631,1.8530904517850163e+35
806.5231593125196,1.848703506463194e+35
806.3963357350503,1.8390095724533113e+35
806.2695520366369,1.8318110637821028e+35
806.1428081984723,1.823860398233923e+35
806.0161042017619,1.8161152111898625e+35
805.8894400277226,1.8105772732091774e+35
805.762815657583,1.8045041301281444e+35
805.6362310725838,1.797508042600445e+35
805.5096862539772,1.793801806606681e+35
805.3831811830272,1.7800048831009146e+35
805.25671584101,1.774102699060832e+35
805.1302902092131,1.7661234741346067e+35
805.0039042689357,1.7475594252083034e+35
804.877558001489,1.7316011122097095e+35
804.7512513881958,1.7216311185028536e+35
804.6249844103909,1.712272211696316e+35
804.4987570494203,1.708589395350468e+35
804.3725692866421,1.698262543759675e+35
804.246421103426,1.691032314592779e+35
804.1203124811534,1.686843684133846e+35
803.9942434012172,1.6790336230495972e+35
803.8682138450222,1.6719084980612725e+35
803.7422237939847,1.6683046528379638e+35
803.6162732295329,1.6647232972182117e+35
803.4903621331061,1.655701099242975e+35
803.364490486156,1.6502006464343736e+35
803.2386582701453,1.64414997783122e+35
803.1128654665483,1.6413779694341255e+35
802.9871120568515,1.6367064114506133e+35
802.8613980225523,1.630746890378994e+35
802.7357233451602,1.624554133140387e+35
802.6100880061961,1.6259558078135474e+35
802.4844919871923,1.6159230698654605e+35
802.3589352696929,1.6079225005838774e+35
802.2334178352534,1.603413105322333e+35
802.1079396654408,1.596867129652818e+35
801.9825007418337,1.5877533370563913e+35
801.8571010460225,1.5837704979971278e+35
801.7317405596086,1.574077952998606e+35
801.6064192642054,1.5676969848923885e+35
801.4811371414373,1.5685534644329415e+35
801.3558941729407,1.5614913764273407e+35
801.2306903403629,1.5587991675460767e+35
801.105525625363,1.553642136332954e+35
800.9804000096119,1.5504123863646747e+35
800.8553134747912,1.552137311093375e+35
800.7302660025945,1.5468907075361233e+35
800.6052575747266,1.5455432331332213e+35
800.4802881729038,1.539107330311284e+35
800.3553577788538,1.5351198629810619e+35
800.2304663743158,1.533711145084721e+35
800.1056139410402,1.530646770240314e+35
799.980800460789,1.5250706327161114e+35
799.8560259153353,1.5227725629274777e+35
799.7312902864637,1.5198764254607013e+35
799.6065935559704,1.5173942691579656e+35
799.4819357056629,1.5185080598998913e+35
799.3573167173593,1.5151979529476547e+35
799.2327365728901,1.5118046681525694e+35
799.1081952540965,1.5091099100428172e+35
798.9836927428312,1.5065025360675479e+35
798.8592290209582,1.5064180709372426e+35
798.7348040703525,1.5026187393800522e+35
798.6104178729012,1.503914620625703e+35
798.4860704105017,1.5002263944102267e+35
798.3617616650633,1.5016644932108996e+35
798.2374916185063,1.4960947373384865e+35
798.1132602527626,1.4982446522602467e+35
797.9890675497746,1.4949578310630796e+35
797.8649134914968,1.4942488756792732e+35
797.7407980598944,1.496007524879117e+35
797.616721236944,1.4854015026944358e+35
797.4926830046335,1.4836777305770145e+35
797.3686833449617,1.4808139539609704e+35
797.2447222399389,1.4770681086971802e+35
797.1207996715863,1.4744393783946571e+35
796.9969156219365,1.4697149886432866e+35
796.8730700730334,1.4648242161562625e+35
796.7492630069318,1.4586462156439248e+35
796.6254944056975,1.4543722306783545e+35
796.5017642514078,1.4518011080844462e+35
796.3780725261511,1.4471783802627321e+35
796.2544192120267,1.4422081042528564e+35
796.1308042911451,1.4362358865902797e+35
796.007227745628,1.4354903525433894e+35
795.8836895576081,1.4237994628586528e+35
795.7601897092293,1.4181323352165058e+35
795.6367281826465,1.4149241976887927e+35
795.5133049600255,1.4081622184198694e+35
795.3899200235436,1.4052018775583953e+35
795.2665733553887,1.3932282078144312e+35
795.1432649377603,1.3863949423660034e+35
795.0199947528681,1.3808307232218797e+35
794.8967627829336,1.3746175504688602e+35
794.773569010189,1.3618851194020059e+35
794.6504134168777,1.3605533250426978e+35
794.5272959852537,1.3548897918732697e+35
794.4042166975823,1.3534445452244179e+35
794.2811755361398,1.3499030784738467e+35
794.1581724832135,1.3413163143068059e+35
794.0352075211015,1.3363110658855316e+35
793.912280632113,1.3362254561568846e+35
793.7893917985681,1.3341737629635796e+35
793.6665410027978,1.3307115989801956e+35
793.543728227144,1.3290816289410377e+35
793.4209534539598,1.3230568647709234e+35
793.298216665609,1.317187026457588e+35
793.1755178444663,1.3154306760208914e+35
793.0528569729173,1.3101765268165407e+35
792.9302340333586,1.299899857045468e+35
792.8076490081977,1.292227501628037e+35
792.6851018798528,1.2955962754112288e+35
792.5625926307531,1.2931906693198281e+35
792.4401212433386,1.292132755363283e+35
792.3176877000603,1.2944366294797398e+35
792.1952919833798,1.2889756380135579e+35
792.0729340757697,1.2892078265740245e+35
791.9506139597136,1.2843587265175253e+35
791.8283316177053,1.2780234748917579e+35
791.7060870322503,1.294313751781821e+35
791.5838801858639,1.287158593852659e+35
791.4617110610733,1.2885314247986722e+35
791.3395796404153,1.312611077645607e+35
791.2174859064387,1.3113731593244596e+35
791.095429841702,1.308466386239828e+35
790.973411428775,1.307893390890887e+35
790.8514306502381,1.3041847141260554e+35
790.7294874886828,1.2946106433411596e+35
790.6075819267108,1.3192628056931204e+35
790.4857139469348,1.3065845231558638e+35
790.3638835319782,1.312290091814627e+35
790.2420906644751,1.3143401812644373e+35
790.1203353270703,1.31327493833665e+35
789.9986175024194,1.3015992923710405e+35
789.8769371731885,1.3055315284940145e+35
789.7552943220543,1.307505218466815e+35
789.6336889317046,1.3158502412187587e+35
789.5121209848375,1.3467586525471105e+35
789.3905904641617,1.3085164528720258e+35
789.2690973523969,1.3525313989019843e+35
789.147641632273,1.3096019392993107e+35
789.026223286531,1.3504879592105906e+35
788.9048422979221,1.3078044658430261e+35
788.7834986492084,1.339181370874121e+35
788.6621923231622,1.3028111175369243e+35
788.5409233025672,1.3324472221850736e+35
788.4196915702167,1.2907378118243776e+35
788.2984971089153,1.3316609499133817e+35
788.1773399014779,1.2793129010190746e+35
788.0562199307299,1.3220427874608666e+35
787.9351371795074,1.2725597298368395e+35
787.8140916306571,1.3097818275817884e+35
787.6930832670358,1.2676639981559486e+35
787.5721120715116,1.2981451052535041e+35
787.4511780269623,1.2801969939930853e+35
787.330281116277,1.2866432174284054e+35
787.2094213223544,1.2769377268675817e+35
787.0885986281047,1.2504349248048543e+35
786.9678130164477,1.269619620704107e+35
786.8470644703143,1.2429920602076767e+35
786.7263529726456,1.2614483553978686e+35
786.6056785063931,1.2314265131570273e+35
786.4850410545191,1.2678277610339701e+35
786.3644405999962,1.2361382421278605e+35
786.243877125807,1.2506733428009207e+35
786.1233506149451,1.2303716073535984e+35
786.0028610504143,1.2437151931147723e+35
785.8824084152288,1.2104550880132488e+35
785.7619926924135,1.1828241698866929e+35
785.6416138650033,1.1990623463526947e+35
785.5212719160436,1.1659103828318774e+35
785.4009668285903,1.177176067940824e+35
785.2806985857095,1.1486202218543504e+35
785.1604671704781,1.129681290609456e+35
785.0402725659827,1.1416085730271846e+35
784.9201147553209,1.0948959566521685e+35
784.7999937216001,1.1124573802113717e+35
784.6799094479385,1.0938836703413954e+35
784.5598619174643,1.0807538714816262e+35
784.4398511133163,1.0976634049335138e+35
784.3198770186434,1.0859696520446946e+35
784.1999396166048,1.0983021369295647e+35
784.08003889037,1.0897906639055445e+35
783.960174823119,1.0614761723109203e+35
783.840347398042,1.0760294385746517e+35
783.7205565983394,1.0728956509087182e+35
783.6008024072217,1.0474775296039988e+35
783.4810848079101,1.076093184572783e+35
783.3614037836356,1.0526576676618088e+35
783.2417593176399,1.0390680218233234e+35
783.1221513931745,1.0678453752834296e+35
783.0025799935012,1.0396761184800746e+35
782.8830451018923,1.0674464501152543e+35
782.7635467016303,1.0454406741725267e+35
782.6440847760073,1.0272273693456627e+35
782.5246593083265,1.0400693937619608e+35
782.4052702819007,1.047732951119945e+35
782.2859176800529,1.024217792315477e+35
782.1666014861165,9.986998523824392e+34
782.047321683435,1.0372452881363658e+35
781.928078255362,1.0226974426545459e+35
781.8088711852614,1.0035997290262077e+35
781.6897004565068,1.0320098409685503e+35
781.5705660524825,1.0167273571083338e+35
781.4514679565825,1.0057336874589294e+35
781.3324061522113,1.033008198764114e+35
781.2133806227833,1.022111999116343e+35
781.0943913517231,1.008323892000296e+35
780.9754383224648,9.852399117645531e+34
780.8565215184536,1.0232066989087644e+35
780.7376409231442,1.0140493462417542e+35
780.6187965200014,9.89751715899456e+34
780.4999882925002,1.0030545286753083e+35
780.3812162241255,1.0163779527936961e+35
780.2624802983723,1.0097525792961996e+35
780.1437804987461,9.776514369574308e+34
780.0251168087613,9.979314661048577e+34
779.9064892119435,1.0065572703825506e+35
779.7878976918279,1.0050389184558875e+35
779.6693422319595,1.0063696165878047e+35
779.5508228158935,9.928011384581674e+34
779.4323394271953,1.0007669947056826e+35
779.3138920494397,1.0024860697195814e+35
779.1954806662122,1.0013092100318325e+35
779.0771052611077,9.7562123309137e+34
778.9587658177315,9.893233871589602e+34
778.8404623196985,9.98443402908317e+34
778.7221947506338,9.936118110642824e+34
778.6039630941722,9.912381896475633e+34
778.4857673339587,9.831487138578532e+34
778.3676074536482,9.913754716636808e+34
778.2494834369055,9.984960441263733e+34
778.1313952674049,9.905302628371742e+34
778.0133429288312,9.918751450491535e+34
777.895326404879,9.862380692972988e+34
777.7773456792526,9.90143941031587e+34
777.6594007356658,9.925711031744948e+34
777.5414915578433,9.947336571383345e+34
777.4236181295188,9.93920821682372e+34
777.3057804344363,9.943761694842153e+34
777.1879784563494,9.869581577250242e+34
777.0702121790215,9.975098297531532e+34
776.9524815862262,9.874524136836395e+34
776.8347866617468,9.898944226791304e+34
776.7171273893762,9.839979305696372e+34
776.5995037529171,9.87376532983081e+34
776.4819157361825,9.877566638334515e+34
776.3643633229948,9.846860442071353e+34
776.2468464971862,1.0124782711751156e+35
776.1293652425987,9.900433135233634e+34
776.0119195430842,9.93186281084141e+34
775.8945093825043,9.96770679957133e+34
775.7771347447306,9.85593308111624e+34
775.6597956136438,9.863940427844774e+34
775.5424919731353,9.860056623267179e+34
775.4252238071053,9.913288517692453e+34
775.3079910994643,9.897072918522494e+34
775.1907938341325,1.0173339659218134e+35
775.0736319950396,1.0176916579246871e+35
774.9565055661252,1.0022205888653677e+35
774.8394145313384,9.854311855150078e+34
774.7223588746384,9.791307867084283e+34
774.6053385799936,9.742611721734718e+34
774.4883536313823,9.855243436330878e+34
774.3714040127926,9.828514158106843e+34
774.2544897082222,9.795271325668564e+34
774.1376107016783,9.789288436428811e+34
774.0207669771781,9.728620616574579e+34
773.9039585187478,9.780364900927787e+34
773.7871853104241,9.818514817820396e+34
773.6704473362528,9.828835279049119e+34
773.553744580289,9.884942285518141e+34
773.4370770265984,9.895619078092049e+34
773.3204446592557,9.859703738655585e+34
773.203847462345,9.866709282381793e+34
773.0872854199604,9.81191201927977e+34
772.9707585162055,9.794404341796966e+34
772.854266735193,9.790276576733627e+34
772.7378100610464,9.707685359504356e+34
772.6213884778973,9.731478495171902e+34
772.5050019698878,9.698367638697237e+34
772.3886505211692,9.669392216957397e+34
772.2723341159027,9.623617910215134e+34
772.1560527382585,9.585438002424678e+34
772.0398063724167,9.538930290579554e+34
771.9235950025667,9.49804869447351e+34
771.8074186129078,9.542410510501414e+34
771.6912771876483,9.5684199974935e+34
771.5751707110066,9.589157088375798e+34
771.4590991672098,9.594111766423409e+34
771.3430625404955,9.606714449612727e+34
771.22706081511,9.607930146418824e+34
771.1110939753091,9.729169116907216e+34
770.9951620053585,9.7406446144704e+34
770.879264889533,9.786210776185216e+34
770.7634026121173,9.930865588089328e+34
770.6475751574048,9.982221948169605e+34
770.5317825096992,9.973765380127852e+34
770.4160246533128,9.995414291368156e+34
770.3003015725682,9.676186669519484e+34
770.1846132517966,9.6290256125314e+34
770.068959675339,9.648121809952224e+34
769.953340827546,9.63403115115568e+34
769.8377566927771,9.70107683632945e+34
769.7222072554015,9.629097623916858e+34
769.606692499798,9.625855887622028e+34
769.4912124103544,9.55687627166794e+34
769.3757669714678,9.554311141581489e+34
769.260356167545,9.22455934041204e+34
769.1449799830019,9.23803706289847e+34
769.0296384022641,9.357678751004496e+34
768.9143314097661,9.306902415592561e+34
768.7990589899518,9.3615195043532e+34
768.6838211272749,9.311267706974317e+34
768.5686178061977,9.310941866852497e+34
768.4534490111926,9.041864546865358e+34
768.3383147267405,9.1630829089205e+34
768.2232149373323,9.083766081706703e+34
768.1081496274677,9.15778405914113e+34
767.9931187816558,9.150943537262315e+34
767.8781223844153,9.305992736442745e+34
767.7631604202736,9.002303089682894e+34
767.648232873768,8.964576305896274e+34
767.5333397294445,9.081350816207872e+34
767.4184809718588,9.080135998864811e+34
767.3036565855755,8.93094526289967e+34
767.1888665551686,8.89744701274487e+34
767.0741108652213,8.919046306719551e+34
766.959389500326,8.992561864004271e+34
766.8447024450844,9.197386707461115e+34
766.7300496841073,8.863866264515624e+34
766.6154312020147,8.875166228247465e+34
766.500846983436,9.11012972203687e+34
766.3862970130094,9.260360630620517e+34
766.2717812753828,8.892376238470778e+34
766.1572997552128,9.026884130172301e+34
766.0428524371654,9.11404742918687e+34
765.9284393059157,8.960585749059401e+34
765.814060346148,8.92086597371784e+34
765.6997155425557,9.13242766507842e+34
765.5854048798413,9.265588079214929e+34
765.4711283427168,8.995173464652686e+34
765.3568859159027,9.13588024946396e+34
765.242677584129,9.18260331979942e+34
765.1285033321348,8.999887598362464e+34
765.0143631446681,9.22526146048093e+34
764.9002570064864,9.409171294317765e+34
764.786184902356,9.038211154956253e+34
764.6721468170522,9.219662367579534e+34
764.5581427353596,9.411909625005835e+34
764.444172642072,9.053790665200985e+34
764.3302365219918,9.312692112159084e+34
764.2163343599307,9.422520780821017e+34
764.1024661407095,9.265888296722508e+34
763.9886318491582,9.385528460607655e+34
763.8748314701154,9.384355123346907e+34
763.7610649884291,9.394098689825467e+34
763.6473323889562,9.503001687519416e+34
763.5336336565626,9.379239275198146e+34
763.4199687761234,9.435098883962817e+34
763.3063377325223,9.62179809492646e+34
763.1927405106524,9.468094314880838e+34
763.0791770954155,9.596750099077893e+34
762.9656474717226,9.329543648912866e+34
762.8521516244938,9.58801350079112e+34
762.7386895386576,9.300925535061235e+34
762.625261199152,9.47410691427147e+34
762.5118665909239,9.574524113355198e+34
762.3985056989288,9.424373239982365e+34
762.2851785081317,9.551745650111527e+34
762.171885003506,9.415554230858907e+34
762.0586251700344,9.539474952151279e+34
761.9453989927083,9.319219768980117e+34
761.832206456528,9.52315260795723e+34
761.719047546503,9.338462339037385e+34
761.6059222476515,9.467675824076603e+34
761.4928305450004,9.337081965104384e+34
761.3797724235861,9.436342352580008e+34
761.2667478684531,9.313973593266772e+34
761.1537568646554,9.424419027535535e+34
761.0407993972558,9.465213007144912e+34
760.9278754513253,9.435334417965428e+34
760.8149850119448,9.432910508588022e+34
760.7021280642033,9.36643909516113e+34
760.5893045931988,9.418654322109194e+34
760.4765145840383,9.214576885659932e+34
760.3637580218377,9.36361019198005e+34
760.2510348917212,9.382852009001723e+34
760.1383451788225,9.303588280684137e+34
760.0256888682839,9.36799092094021e+34
759.9130659452559,9.433255301666102e+34
759.8004763948987,9.279413139838406e+34
759.6879202023808,9.350143143162405e+34
759.5753973528798,9.364304862066652e+34
759.4629078315816,9.361825034609276e+34
759.3504516236811,9.269819960870426e+34
759.2380287143823,9.332564446692382e+34
759.1256390888974,9.335519425878147e+34
759.0132827324479,9.539287709291917e+34
758.9009596302635,9.268402736877422e+34
758.7886697675831,9.273511136736503e+34
758.6764131296541,9.504633080005026e+34
758.5641897017325,9.287595766484477e+34
758.4519994690837,9.230852968268117e+34
758.3398424169808,9.260012298104281e+34
758.2277185307064,9.317965918886802e+34
758.1156277955514,9.280782132235158e+34
758.0035701968156,9.211505701257713e+34
757.8915457198075,9.452085048625624e+34
757.7795543498441,9.317690765253064e+34
757.6675960722513,9.250775694949019e+34
757.5556708723633,9.319433217270614e+34
757.4437787355234,9.398893411654268e+34
757.3319196470833,9.37105594131742e+34
757.2200935924036,9.236539703982066e+34
757.1083005568532,9.275744102561044e+34
756.9965405258098,9.318780259302693e+34
756.8848134846598,9.489116993950822e+34
756.7731194187983,9.367802347516166e+34
756.6614583136287,9.319936314046476e+34
756.5498301545631,9.260536059467797e+34
756.4382349270226,9.291083330788957e+34
756.3266726164366,9.539241563342666e+34
756.2151432082427,9.50598594340044e+34
756.1036466878879,9.427436654497215e+34
755.9921830408275,9.416688686774464e+34
755.8807522525248,9.38832212677603e+34
755.7693543084522,9.261202177554569e+34
755.6579891940908,9.223279387855236e+34
755.5466568949299,9.170389082446366e+34
755.4353573964677,9.443188107613985e+34
755.3240906842103,9.421450079624467e+34
755.2128567436732,9.384753803732447e+34
755.1016555603799,9.405298173864857e+34
754.9904871198623,9.346845099579053e+34
754.8793514076614,9.319083291561321e+34
754.7682484093259,9.299365355064449e+34
754.657178110414,9.364361306346196e+34
754.5461404964914,9.335156543475189e+34
754.435135553133,9.323537223536187e+34
754.3241632659219,9.359943272625067e+34
754.2132236204498,9.351966294770235e+34
754.1023166023166,9.343314334074573e+34
753.9914421971312,9.378241944305647e+34
753.8806003905102,9.301205975763021e+34
753.7697911680793,9.337241837468982e+34
753.6590145154727,9.321789669494853e+34
753.5482704183323,9.109479712552776e+34
753.4375588623093,9.108781227086841e+34
753.3268798330629,9.17285624611503e+34
753.2162333162605,9.25504422698686e+34
753.1056192975784,9.27588496560767e+34
752.9950377627013,9.305063321836329e+34
752.8844886973216,9.31566804283691e+34
752.7739720871413,9.38814161199413e+34
752.6634879178694,9.200862019681275e+34
752.5530361752245,9.219831300329043e+34
752.4426168449329,9.31749729585023e+34
752.3322299127295,9.385383007463827e+34
752.2218753643574,9.353352121066666e+34
752.1115531855685,9.192449320331446e+34
752.0012633621225,9.419538152213086e+34
751.8910058797877,9.407643703474705e+34
751.7807807243408,9.371056172471568e+34
751.6705878815668,9.327635933490387e+34
751.560427337259,9.367353250356427e+34
751.450299077219,9.312424601473712e+34
751.3402030872569,9.346147449015579e+34
751.2301393531909,9.33647293114435e+34
751.1201078608476,9.412536225015827e+34
751.0101085960617,9.34912321304283e+34
750.9001415446767,9.271208135147664e+34
750.7902066925438,9.4544298644585e+34
750.6803040255231,9.25305727194064e+34
750.5704335294824,9.393059698444994e+34
750.4605951902981,9.249840689276126e+34
750.3507889938547,9.377489973270425e+34
750.2410149260451,9.217336522361332e+34
750.1312729727704,9.375686970823573e+34
750.0215631199397,9.2478438896737e+34
749.911885353471,9.314530927596336e+34
749.80223965929,9.264331603917608e+34
749.6926260233305,9.349646899184058e+34
749.583044431535,9.261018948073519e+34
749.4734948698539,9.424284129027362e+34
749.3639773242461,9.187281627680517e+34
749.2544917806782,9.175136483814196e+34
749.1450382251256,9.392065433124945e+34
749.0356166435714,9.26754282255092e+34
748.9262270220073,9.306082588397282e+34
748.8168693464327,9.362713195258175e+34
748.7075436028556,9.288041155466081e+34
748.5982497772922,9.159401911745768e+34
748.4889878557663,9.277660625933843e+34
748.3797578243104,9.330655127212444e+34
748.2705596689651,9.201391719072964e+34
748.161393375779,9.175700334014936e+34
748.052258930809,9.30094952722865e+34
747.9431563201197,9.258292361542692e+34
747.8340855297845,9.213459871771829e+34
747.7250465458842,9.203850989240964e+34
747.6160393545083,9.183835722036394e+34
747.5070639417544,9.247820798932864e+34
747.3981202937274,9.210120832292243e+34
747.2892083965415,9.204706224168935e+34
747.1803282363182,9.209016385820404e+34
747.0714797991872,9.173977502382103e+34
746.9626630712864,9.26467757618444e+34
746.8538780387618,9.196545628332971e+34
746.7451246877673,9.209164518343459e+34
746.6364030044649,9.2485429328093e+34
746.527712975025,9.243483744129761e+34
746.4190545856255,9.225597112044335e+34
746.3104278224529,9.148279653923466e+34
746.201832671701,9.210505815603205e+34
746.0932691195726,9.171015220288057e+34
745.984737152278,9.277526182942233e+34
745.8762367560352,9.144919170139734e+34
745.7677679170707,9.190144520491383e+34
745.659330621619,9.242351457556089e+34
745.5509248559223,9.139467586869645e+34
745.4425506062312,9.16953262079611e+34
745.3342078588039,9.086295270037957e+34
745.2258965999068,9.164869185411403e+34
745.1176168158144,9.15020758208313e+34
745.0093684928089,9.214788715397026e+34
744.9011516171804,9.162694416657567e+34
744.7929661752275,9.117826754606421e+34
744.6848121532562,9.258149397853735e+34
744.5766895375807,9.140051205460902e+34
744.4685983145231,9.133146880945817e+34
744.3605384704136,9.059145796473729e+34
744.25250999159,9.174756973425138e+34
744.1445128643984,9.172119472074896e+34
744.0365470751923,9.153307815554757e+34
743.928612610334,9.203081504134848e+34
743.8207094561927,9.217574772812394e+34
743.7128375991462,9.213109901109479e+34
743.60499702558,9.276632460319535e+34
743.4971877218876,9.125099019550062e+34
743.3894096744699,9.149436730299684e+34
743.2816628697362,9.219636610201151e+34
743.1739472941036,9.111023299202972e+34
743.0662629339971,9.234257727012654e+34
742.9586097758495,9.1113606448596e+34
742.8509878061011,9.166110740826377e+34
742.7433970112006,9.170368275077e+34
742.6358373776044,9.145697720572894e+34
742.5283088917765,9.257394876762724e+34
742.4208115401891,9.22008285916311e+34
742.313345309322,9.196415785955527e+34
742.2059101856629,9.229928466612377e+34
742.0985061557071,9.214764844774768e+34
741.9911332059581,9.127049918488329e+34
741.8837913229272,9.167404107409048e+34
741.776480493133,9.239393914396303e+34
741.6692007031024,9.161648188403016e+34
741.5619519393699,9.134784185384982e+34
741.4547341884779,9.086940819947852e+34
741.3475474369762,9.067387513025697e+34
741.240391671423,9.075450593669276e+34
741.1332668783838,9.12690089105755e+34
741.026173044432,9.149027207414095e+34
740.9191101561487,9.091137619985864e+34
740.812078200123,9.048779616686519e+34
740.7050771629514,9.05583911564816e+34
740.5981070312386,8.88508665365698e+34
740.4911677915961,8.785936758262315e+34
740.3842594306445,8.61190951060792e+34
740.2773819350111,8.387188573619822e+34
740.1705352913311,8.154364784066579e+34
740.0637194862478,7.990465461484359e+34
739.9569345064117,7.79095274781771e+34
739.8501803384814,7.586359252989648e+34
739.7434569691231,7.427446260712547e+34
739.6367643850106,7.161786243462693e+34
739.5301025728252,6.794951186506546e+34
739.4234715192564,6.507566146196448e+34
739.3168712110011,5.956261511503696e+34
739.2103016347636,5.456539133847942e+34
739.1037627772563,5.055003304471045e+34
738.997254625199,5.045395362985438e+34
738.8907771653195,5.040752419887628e+34
738.7843303843526,5.031300335069955e+34
738.6779142690414,5.031674830100326e+34
738.5715288061361,5.0133498088546565e+34
738.4651739823951,5.009928694884401e+34
738.3588497845839,5.004411209393496e+34
738.2525561994759,4.997218745465593e+34
738.146293213852,4.98090084268426e+34
738.0400608145011,4.928519006570105e+34
737.9338589882188,4.887357607514521e+34
737.8276877218095,4.817000040052114e+34
737.7215470020841,4.7688437450604205e+34
737.6154368158617,4.6672838064073875e+34
737.509357149969,4.59363798317457e+34
737.4033079912397,4.504223463107541e+34
737.2972893265159,4.403559761268708e+34
737.1913011426466,4.317483443528355e+34
737.0853434264886,4.226695503247212e+34
736.9794161649065,4.1417065600978326e+34
736.873519344772,4.0904759331800027e+34
736.7676529529648,4.051237211283864e+34
736.6618169763717,4.0496388113435244e+34
736.5560114018871,4.025849696094374e+34
736.4502362164133,4.006620043300432e+34
736.3444914068599,3.999037535376823e+34
736.2387769601437,3.9914464636607346e+34
736.1330928631896,3.9721260881402386e+34
736.0274391029297,3.953680079144957e+34
735.9218156663036,3.9402485866269763e+34
735.8162225402584,3.9206240598250827e+34
735.7106597117487,3.9208126700890985e+34
735.6051271677363,3.9053109413876577e+34
735.4996248951913,3.884263627166733e+34
735.3941528810905,3.880782220109461e+34
735.2887111124184,3.865858718329194e+34
735.1832995761669,3.8572119444920915e+34
735.0779182593355,3.853812203489474e+34
734.9725671489313,3.8285475081001136e+34
734.8672462319682,3.8187403435179423e+34
734.7619554954684,3.815086506732222e+34
734.656694926461,3.793233268950494e+34
734.5514645119824,3.793942427667559e+34
734.446264239077,3.785110160442644e+34
734.3410940947961,3.7751096454780553e+34
734.2359540661987,3.76639404680671e+34
734.1308441403511,3.7565497563103074e+34
734.0257643043271,3.740981120509674e+34
733.9207145452077,3.7334655157496483e+34
733.8156948500815,3.718138461610338e+34
733.7107052060444,3.708401573726195e+34
733.6057456001996,3.69971183361924e+34
733.5008160196578,3.682403655037672e+34
733.3959164515372,3.6746685383909793e+34
733.2910468829631,3.6656539199302128e+34
733.1862073010683,3.647071813745635e+34
733.0813976929929,3.638538332939705e+34
732.9766180458844,3.6202597477350957e+34
732.8718683468976,3.6103307397717046e+34
732.7671485831947,3.5737741840024946e+34
732.6624587419453,3.5684270811268443e+34
732.5577988103262,3.541243588919608e+34
732.4531687755214,3.5223714083601933e+34
732.3485686247227,3.499322721767706e+34
732.2439983451286,3.4592850676546904e+34
732.1394579239454,3.446104755729039e+34
732.0349473483865,3.407368656257895e+34
731.9304666056726,3.3871192611258987e+34
731.8260156830316,3.37969772307814e+34
731.721594567699,3.3651595511254617e+34
731.6172032469171,3.364188487166541e+34
731.5128417079362,3.353396064334798e+34
731.4085099380131,3.3524380107088837e+34
731.3042079244125,3.334227939483926e+34
731.1999356544057,3.3413645727260397e+34
731.0956931152718,3.3311085325892227e+34
730.9914802942972,3.327938322601592e+34
730.887297178775,3.324035559884506e+34
730.7831437560061,3.3174482608689357e+34
730.6790200132984,3.315113632098575e+34
730.5749259379669,3.3265554517795405e+34
730.470861517334,3.330257878276054e+34
730.3668267387296,3.3375914063960384e+34
730.2628215894902,3.3469753029106375e+34
730.1588460569598,3.356454964092967e+34
730.0549001284897,3.3571207628253266e+34
729.9509837914384,3.3328114049685595e+34
729.8470970331716,3.3144898956935464e+34
729.743239841062,3.308462904123796e+34
729.6394122024897,3.3018007100365047e+34
729.5356141048416,3.29171225662849e+34
729.4318455355124,3.290383842326512e+34
729.3281064819035,3.279018354884041e+34
729.2243969314237,3.260584178620551e+34
729.1207168714889,3.242724926041618e+34
729.0170662895218,3.240669153145863e+34
728.913445172953,3.2249693839112025e+34
728.8098535092195,3.2195867561433818e+34
728.7062912857659,3.2039922343656337e+34
728.6027584900437,3.1926763095283377e+34
728.4992551095118,3.1824152629389718e+34
728.3957811316358,3.1612735072889046e+34
728.2923365438887,3.156078471903738e+34
728.1889213337508,3.1485723684899403e+34
728.0855354887092,3.123082873975415e+34
727.9821789962582,3.1086720570121293e+34
727.878851843899,3.1014107225540564e+34
727.7755540191406,3.0881540117471297e+34
727.672285509498,3.069416366789231e+34
727.5690463024941,3.055295877742525e+34
727.4658363856588,3.0519777782419267e+34
727.3626557465287,3.044638115911847e+34
727.2595043726478,3.0310856506342094e+34
727.156382251567,3.0213157697154957e+34
727.0532893708445,3.0087306881339004e+34
726.9502257180451,2.9980087508216262e+34
726.8471912807411,2.988731092344616e+34
726.7441860465116,2.976701468140954e+34
726.6412100029429,2.966983015344605e+34
726.5382631376282,2.9609716305686354e+34
726.4353454381677,2.94410871447727e+34
726.3324568921687,2.940318010537933e+34
726.2295974872457,2.930606280026095e+34
726.1267672110197,2.9143167924500407e+34
726.0239660511195,2.899560032062471e+34
725.9211939951799,2.900812973610009e+34
725.8184510308438,2.8812467400962986e+34
725.71573714576,2.8780612648729115e+34
725.6130523275853,2.8773637805322093e+34
725.5103965639828,2.855957361619863e+34
725.4077698426229,2.85431101043814e+34
725.3051721511827,2.847034701146469e+34
725.2026034773465,2.830269319292223e+34
725.1000638088057,2.8303373103892626e+34
724.9975531332582,2.8111105967090742e+34
724.8950714384093,2.8024554965373095e+34
724.792618711971,2.797741029098191e+34
724.6901949416625,2.780745421661471e+34
724.5878001152096,2.7828445854353787e+34
724.485434220345,2.7743088854253925e+34
724.3830972448089,2.7546529097404785e+34
724.280789176348,2.7557351187427402e+34
724.1785100027157,2.7571738112822e+34
724.076259711673,2.7517233624436505e+34
723.974038290987,2.7407547789678163e+34
723.8718457284323,2.74342575274347e+34
723.7696820117902,2.7517390615943186e+34
723.667547128849,2.7353294884719996e+34
723.5654410674039,2.7439867564598024e+34
723.4633638152565,2.746292746546656e+34
723.3613153602159,2.7527592457224575e+34
723.2592956900979,2.752110613398591e+34
723.1573047927251,2.7631115358966045e+34
723.0553426559269,2.752935287513852e+34
722.9534092675399,2.7673618439180595e+34
722.8515046154068,2.761676451843362e+34
722.7496286873783,2.766244120598731e+34
722.6477814713109,2.756206509146189e+34
722.5459629550686,2.772298245875695e+34
722.4441731265217,2.758499783557381e+34
722.3424119735479,2.746142077421639e+34
722.2406794840313,2.7337876178637345e+34
722.1389756458632,2.7390865217471833e+34
722.0373004469412,2.7359473262593726e+34
721.9356538751701,2.7328860016416415e+34
721.8340359184616,2.724714304198536e+34
721.7324465647341,2.7151614998876123e+34
721.6308858019124,2.722226354960008e+34
721.5293536179287,2.710407295638347e+34
721.4278500007214,2.710062964113329e+34
721.3263749382364,2.700577583532667e+34
721.224928418426,2.711409805704856e+34
721.1235104292489,2.691869774655892e+34
721.022120958671,2.6870994401507506e+34
720.9207599946652,2.689071432930007e+34
720.8194275252107,2.6804398769804453e+34
720.7181235382935,2.6736365352837936e+34
720.6168480219069,2.6687865406235603e+34
720.51560096405,2.6673758866691734e+34
720.4143823527294,2.6550161546249673e+34
720.3131921759581,2.6554272233342965e+34
720.2120304217563,2.664137267722446e+34
720.1108970781501,2.6633125215541714e+34
720.009792133173,2.667138172376368e+34
719.9087155748653,2.6578282898514624e+34
719.8076673912732,2.6655710593523077e+34
719.7066475704503,2.6699400676112746e+34
719.605656100457,2.6626258519117183e+34
719.5046929693599,2.653483945859603e+34
719.4037581652327,2.651034334228392e+34
719.3028516761555,2.648597488469646e+34
719.2019734902152,2.6324005067642927e+34
719.1011235955057,2.6257438205665015e+34
719.0003019801268,2.61143794575763e+34
718.8995086321859,2.601922089135799e+34
718.7987435397963,2.590589292245907e+34
718.6980066910785,2.5867582673860304e+34
718.5972980741592,2.578483939857651e+34
718.4966176771723,2.5760173108175185e+34
718.3959654882578,2.560688100565661e+34
718.2953414955628,2.549423175529182e+34
718.1947456872406,2.537115607676285e+34
718.0941780514515,2.5355081014591562e+34
717.9936385763623,2.5378904557300554e+34
717.8931272501463,2.528418470311049e+34
717.7926440609837,2.5212325613004836e+34
717.6921889970611,2.5194400158200663e+34
717.5917620465718,2.518841564181938e+34
717.4913631977155,2.501096767094754e+34
717.390992438699,2.5027349361901533e+34
717.2906497577351,2.494860745157966e+34
717.1903351430436,2.5006012115360903e+34
717.0900485828507,2.4997030777805286e+34
716.9897900653895,2.4942773866062005e+34
716.8895595788991,2.486922102875395e+34
716.7893571116257,2.4719049899899584e+34
716.6891826518216,2.4608428471315365e+34
716.5890361877464,2.46285796303065e+34
716.4889177076653,2.4521597021880344e+34
716.388827199851,2.450432607832893e+34
716.288764652582,2.4404963632091305e+34
716.188730054144,2.4510994247017487e+34
716.0887233928285,2.44404021113962e+34
715.988744656934,2.434382570526168e+34
715.8887938347657,2.4358349744470096e+34
715.788870914635,2.4234563677525765e+34
715.6889758848599,2.421622056665545e+34
715.5891087337651,2.40925154755854e+34
715.4892694496815,2.4065689955264733e+34
715.3894580209466,2.401839557086286e+34
715.2896744359047,2.3956477037792915e+34
715.1899186829063,2.3874536682797617e+34
715.0901907503084,2.3841653950001805e+34
714.9904906264748,2.380747191890455e+34
714.8908182997752,2.371230718796739e+34
714.7911737585864,2.3629292577563314e+34
714.6915569912916,2.37142264722978e+34
714.5919679862799,2.361885314645688e+34
714.4924067319475,2.35369118217515e+34
714.3928732166969,2.3531979369189665e+34
714.2933674289367,2.35285295501092e+34
714.1938893570828,2.349810573522807e+34
714.0944389895564,2.342782775774792e+34
713.9950163147862,2.340806308867706e+34
713.8956213212067,2.3294807738562433e+34
713.7962539972591,2.3342747644597992e+34
713.6969143313909,2.3235821383918474e+34
713.5976023120562,2.3230471878173564e+34
713.4983179277154,2.3250555383689784e+34
713.3990611668356,2.315595187645322e+34
713.2998320178896,2.311453147523006e+34
713.2006304693573,2.3012064828078873e+34
713.1014565097249,2.2935120588755224e+34
713.0023101274849,2.2989379347796113e+34
712.903191311136,2.302573056067184e+34
712.8041000491836,2.3122527967564093e+34
712.7050363301393,2.307506036829308e+34
712.6060001425212,2.3003255130636727e+34
712.5069914748539,2.3053556815065185e+34
712.408010315668,2.2929495501580003e+34
712.3090566535008,2.300805478941396e+34
712.2101304768959,2.2974335782783816e+34
712.1112317744032,2.2859532008248274e+34
712.0123605345789,2.276460627874697e+34
711.9135167459857,2.2593348748447208e+34
711.8147003971926,2.279827005417989e+34
711.7159114767749,2.2621769186476557e+34
711.6171499733143,2.268950729720045e+34
711.518415875399,2.2573950974131457e+34
711.419709171623,2.2598636940468757e+34
711.321029850587,2.2672292692454666e+34
711.2223779008982,2.2559835665267824e+34
711.12375331117,2.245398086774395e+34
711.0251560700218,2.2479511662727952e+34
710.9265861660796,2.239428944846423e+34
710.8280435879757,2.2343691171080783e+34
710.7295283243485,2.2217108503757766e+34
710.6310403638431,2.2210757385889487e+34
710.5325796951105,2.2216373325312714e+34
710.4341463068082,2.216236536807459e+34
710.3357401875996,2.202019172285915e+34
710.2373613261552,2.1880383789639597e+34
710.1390097111511,2.1953294965651487e+34
710.0406853312696,2.1850788808113373e+34
709.9423881751997,2.1788537809912424e+34
709.8441182316365,2.1809377192715733e+34
709.7458754892812,2.1678343698486303e+34
709.6476599368414,2.1553894798940555e+34
709.549471563031,2.1626524014010744e+34
709.4513103565703,2.1478930959062853e+34
709.3531763061852,2.1412188070814225e+34
709.2550694006086,2.132983554182748e+34
709.156989628579,2.1255530600432744e+34
709.0589369788416,2.1160448841302066e+34
708.9609114401478,2.1155377359334395e+34
708.8629130012548,2.1071892867706953e+34
708.7649416509262,2.0974880025130233e+34
708.6669973779321,2.0946366500391374e+34
708.5690801710485,2.089730708558833e+34
708.4711900190579,2.0844481133588235e+34
708.3733269107486,2.084359334140726e+34
708.2754908349152,2.0706207832213386e+34
708.1776817803586,2.070438599620825e+34
708.0798997358862,2.0632077780937158e+34
707.982144690311,2.052994287426654e+34
707.8844166324523,2.0509562635142105e+34
707.7867155511359,2.0445647951088118e+34
707.6890414351934,2.037540484182448e+34
707.5913942734628,2.0317864668501263e+34
707.4937740547883,2.0329980016135184e+34
707.3961807680201,2.0228883987847727e+34
707.2986144020144,2.010843122787594e+34
707.2010749456339,2.0026191932892927e+34
707.1035623877473,2.008448899024561e+34
707.0060767172295,1.9985413016772713e+34
706.9086179229611,1.9994493187639964e+34
706.8111859938296,1.9986170288724909e+34
706.7137809187279,1.9874083635002607e+34
706.6164026865556,1.9848651183306103e+34
706.519051286218,1.9879704357304062e+34
706.4217267066267,1.9792515411253406e+34
706.3244289366993,1.9851072451868374e+34
706.2271579653597,1.9743287765096064e+34
706.1299137815377,1.9720970456646103e+34
706.0326963741691,1.9693220522458379e+34
705.9355057321964,1.9591953655552608e+34
705.8383418445674,1.9639625624300672e+34
705.7412047002364,1.9560344413763436e+34
705.644094288164,1.9469180880642002e+34
705.5470105973161,1.9457723083233684e+34
705.4499536166657,1.9403367580324552e+34
705.3529233351908,1.9387881510803411e+34
705.2559197418764,1.9248211817159208e+34
705.158942825713,1.9308281449169126e+34
705.0619925756972,1.9252260384439635e+34
704.965068980832,1.9166461141888448e+34
704.8681720301261,1.919563186147347e+34
704.7713017125943,1.910620115463752e+34
704.6744580172575,1.9139509473976207e+34
704.5776409331427,1.9045946280366469e+34
704.4808504492827,1.901986013561709e+34
704.3840865547166,1.9011992221385234e+34
704.2873492384894,1.9015349689423322e+34
704.190638489652,1.8951520424727122e+34
704.0939542972615,1.904166039873938e+34
703.9972966503809,1.8925191450918089e+34
703.9006655380792,1.8926422003704467e+34
703.8040609494317,1.8946474757407994e+34
703.7074828735192,1.8910426267572045e+34
703.6109312994287,1.8801927713769578e+34
703.5144062162533,1.866372213436721e+34
703.417907613092,1.8463864150623515e+34
703.3214354790498,1.842942503477612e+34
703.2249898032377,1.8369217292673751e+34
703.1285705747724,1.821229344411656e+34
703.0321777827772,1.802871623038828e+34
702.9358114163805,1.7924317540936195e+34
702.8394714647175,1.7928199368651998e+34
702.7431579169287,1.7670079490859024e+34
702.646870762161,1.751260272240241e+34
702.5506099895672,1.7332471422255245e+34
702.4543755883055,1.7223330032028595e+34
702.3581675475409,1.7071657845885112e+34
702.2619858564436,1.6847923438271127e+34
702.1658305041902,1.6680094887602522e+34
702.069701479963,1.6558222488841324e+34
701.9735987729503,1.6466247417963134e+34
701.8775223723461,1.6320645587786354e+34
701.7814722673508,1.612724872054551e+34
701.6854484471701,1.609240248714528e+34
701.5894509010163,1.6159868340727821e+34
701.4934796181069,1.614105167253487e+34
701.397534587666,1.6088984515455485e+34
701.3016157989227,1.614611692925756e+34
701.2057232411131,1.6084730551135372e+34
701.1098569034782,1.6057343345437615e+34
701.0140167752654,1.5990188496811612e+34
700.9182028457278,1.6046858464933728e+34
700.8224151041247,1.6023788157882225e+34
700.7266535397207,1.6014193137748575e+34
700.6309181417867,1.6041662341275283e+34
700.5352088995993,1.6092885781391056e+34
700.439525802441,1.6068706656191765e+34
700.3438688396002,1.6127706225734525e+34
700.2482380003711,1.6083967129258846e+34
700.1526332740538,1.6240490826455852e+34
700.057054649954,1.6240530553822849e+34
699.9615021173836,1.6233047962243656e+34
699.86597566566,1.6212019476186583e+34
699.7704752841069,1.6196146157729425e+34
699.6750009620532,1.6093343329063756e+34
699.579552688834,1.608982565463908e+34
699.4841304537904,1.6066958038743597e+34
699.3887342462689,1.6020230733234304e+34
699.2933640556219,1.6022161573777374e+34
699.1980198712077,1.598355696239211e+34
699.1027016823907,1.594307113343754e+34
699.0074094785406,1.5901375800885846e+34
698.912143249033,1.589393310420206e+34
698.8169029832494,1.5937415183745308e+34
698.7216886705772,1.5892989802016859e+34
698.6265003004095,1.5869303301165053e+34
698.5313378621449,1.5897954275821327e+34
698.4362013451881,1.584176638999377e+34
698.3410907389497,1.5802844477127585e+34
698.2460060328455,1.5795876162020345e+34
698.1509472162976,1.5720895080302194e+34
698.0559142787338,1.5783300399504273e+34
697.9609072095872,1.5715043598237734e+34
697.8659259982973,1.5689224493701991e+34
697.7709706343087,1.5626981030982828e+34
697.6760411070724,1.5682642947023528e+34
697.5811374060446,1.560954062730576e+34
697.4862595206876,1.5600111161755593e+34
697.391407440469,1.5639159889937565e+34
697.2965811548627,1.5594123558534546e+34
697.2017806533478,1.5423677227246907e+34
697.1070059254097,1.5441903353978802e+34
697.0122569605387,1.5409999322201221e+34
696.9175337482316,1.5487486105162617e+34
696.8228362779906,1.5376203285659095e+34
696.7281645393234,1.534324236655525e+34
696.6335185217437,1.538223222835278e+34
696.5388982147708,1.5306216670807706e+34
696.4443036079298,1.5299103695696507e+34
696.3497346907511,1.521826746860851e+34
696.2551914527713,1.524955653561432e+34
696.1606738835324,1.5175097464095357e+34
696.066181972582,1.5147691179657708e+34
695.9717157094735,1.510293752371153e+34
695.8772750837663,1.5093531849039824e+34
695.7828600850247,1.5001976611388869e+34
695.6884707028192,1.5004691081311674e+34
695.5941069267261,1.5007465641407663e+34
695.4997687463269,1.491578413550659e+34
695.405456151209,1.4926978652532568e+34
695.3111691309654,1.4887648309233468e+34
695.2169076751946,1.482573478964266e+34
695.1226717735012,1.4817849499683347e+34
695.0284614154949,1.4750438592730698e+34
694.9342765907915,1.4775352695621946e+34
694.8401172890118,1.4653062194573203e+34
694.7459834997829,1.4707436928770045e+34
694.6518752127372,1.4625770022776537e+34
694.5577924175127,1.4610385411440456e+34
694.4637351037529,1.457106247285981e+34
694.3697032611072,1.4571684949013434e+34
694.2756968792307,1.4494926188146298e+34
694.1817159477838,1.4417528721003003e+34
694.0877604564321,1.4286307674655834e+34
693.9938303948478,1.4332486968736424e+34
693.899925752708,1.4273117715118438e+34
693.8060465196954,1.42253217250737e+34
693.7121926854987,1.4182609397494857e+34
693.6183642398116,1.4117052046541363e+34
693.524561172334,1.407380791363988e+34
693.4307834727707,1.404282558919008e+34
693.3370311308328,1.395755577545404e+34
693.2433041362361,1.3930726491582121e+34
693.1496024787031,1.3788276140606702e+34
693.0559261479605,1.3686030890523828e+34
692.9622751337417,1.3662019701991928e+34
692.8686494257852,1.3619091825705124e+34
692.7750490138347,1.3502611239530857e+34
692.6814738876402,1.345819263397298e+34
692.5879240369565,1.3326254718639945e+34
692.4943994515445,1.330635722535042e+34
692.4009001211701,1.3195887308216517e+34
692.3074260356053,1.3121662518764019e+34
692.2139771846273,1.3019147067701292e+34
692.1205535580187,1.2923144270310659e+34
692.0271551455679,1.289612101521829e+34
691.9337819370686,1.2846835630898254e+34
691.8404339223201,1.2707461003018316e+34
691.7471110911274,1.2706438473557513e+34
691.6538134333003,1.2594417265255238e+34
691.5605409386552,1.2526471487102696e+34
691.4672935970129,1.2497281982254952e+34
691.3740713982003,1.2373148902089906e+34
691.2808743320498,1.2352219084014711e+34
691.1877023883992,1.23078883366474e+34
691.0945555570913,1.2228644690257025e+34
691.0014338279752,1.2222326794295685e+34
690.908337190905,1.2123695767278953e+34
690.81526563574,1.213118250703669e+34
690.7222191523458,1.2055385374565097e+34
690.6291977305924,1.2047329881661209e+34
690.5362013603564,1.1979364396853095e+34
690.4432300315187,1.1951026978338634e+34
690.3502837339666,1.1895611144591477e+34
690.2573624575923,1.1918704744664375e+34
690.1644661922937,1.184609076867585e+34
690.0715949279737,1.1788428717771655e+34
689.9787486545414,1.1811819975398718e+34
689.8859273619107,1.1725179248597487e+34
689.7931310400012,1.1657641438901336e+34
689.7003596787376,1.169505253882664e+34
689.6076132680505,1.1607333185993173e+34
689.5148917978756,1.1607205107563154e+34
689.4221952581541,1.1536604747326258e+34
689.3295236388327,1.150951551207494e+34
689.2368769298632,1.1453396655210464e+34
689.1442551212033,1.141041274061288e+34
689.0516582028155,1.1360166397766755e+34
688.9590861646682,1.1317489092350946e+34
688.8665389967348,1.1233455358026051e+34
688.7740166889945,1.1198188829062952e+34
688.6815192314315,1.1183064462098013e+34
688.5890466140355,1.115499470247464e+34
688.4965988268019,1.114918265944365e+34
688.4041758597308,1.1152103334325376e+34
688.3117777028283,1.1107314135234212e+34
688.2194043461055,1.1118311119277677e+34
688.1270557795792,1.1040530443220827e+34
688.0347319932711,1.1007881662676283e+34
687.9424329772086,1.0963525591287042e+34
687.8501587214241,1.098537189545609e+34
687.757909215956,1.0907886576751001e+34
687.6656844508474,1.0935654421215118e+34
687.573484416147,1.0923308222116415e+34
687.4813091019088,1.0876055023911605e+34
687.3891584981923,1.0934116296530702e+34
687.2970325950618,1.091953830919692e+34
687.2049313825877,1.0805809983186982e+34
687.1128548508451,1.0598731960853823e+34
687.0208029899146,1.0402989226820517e+34
686.9287757898823,1.0206250834751811e+34
686.8367732408394,9.976568218682516e+33
686.7447953328824,9.788246664034373e+33
686.6528420561133,9.535660484700119e+33
686.5609134006392,9.309562242367287e+33
686.4690093565727,9.095094831073271e+33
686.3771299140313,8.823893297404194e+33
686.2852750631383,8.592016952040343e+33
686.1934447940218,8.385590361378278e+33
686.1016390968158,8.117118750671606e+33
686.009857961659,7.879334781129021e+33
685.9181013786954,7.629673293977253e+33
685.8263693380746,7.420681487492571e+33
685.7346618299515,7.251324435048443e+33
685.6429788444858,7.031984440625286e+33
685.5513203718431,6.967209578188772e+33
685.4596864021935,6.90788392166781e+33
685.368076925713,6.8448258305986e+33
685.2764919325825,6.829244958005897e+33
685.1849314129884,6.762352690777547e+33
685.0933953571222,6.671594907233086e+33
685.0018837551803,6.696044329523206e+33
684.9103965973652,6.661879609982116e+33
684.8189338738838,6.621057214717448e+33
684.7274955749486,6.560349749618575e+33
684.6360816907774,6.553287740836607e+33
684.5446922115927,6.514786359194284e+33
684.4533271276232,6.462574088869943e+33
684.3619864291018,6.424264659908973e+33
684.2706701062673,6.398804870429005e+33
684.1793781493632,6.356711096531719e+33
684.0881105486386,6.312039035152081e+33
683.9968672943479,6.266909337268761e+33
683.9056483767499,6.187888984840813e+33
683.8144537861097,6.173509021475619e+33
683.7232835126969,6.146229345945347e+33
683.6321375467861,6.12180690052302e+33
683.5410158786578,6.034766080703382e+33
683.4499184985972,5.972787027401706e+33
683.3588453968948,5.967525687650957e+33
683.2677965638463,5.91174185244813e+33
683.1767719897524,5.918885764193141e+33
683.0857716649192,5.878954858722621e+33
682.9947955796578,5.903745600551608e+33
682.9038437242843,5.923266740285002e+33
682.8129160891208,5.884903698156512e+33
682.7220126644934,5.893755095087209e+33
682.631133440734,5.883467255545512e+33
682.5402784081797,5.9084993207035e+33
682.4494475571722,5.912919438594158e+33
682.3586408780591,5.879206727512192e+33
682.2678583611927,5.815601556644657e+33
682.1770999969302,5.854819592496252e+33
682.0863657756346,5.837442992076085e+33
681.9956556876732,5.840795405137905e+33
681.9049697234193,5.838600982360226e+33
681.8143078732508,5.830151508515292e+33
681.7236701275505,5.80663590274314e+33
681.6330564767069,5.803445914691881e+33
681.5424669111133,5.813413968542666e+33
681.4519014211679,5.820545393815668e+33
681.3613599972746,5.849696926806464e+33
681.2708426298417,5.811074366133794e+33
681.1803493092831,5.828223536928617e+33
681.0898800260177,5.822643014213985e+33
680.9994347704692,5.799503203279402e+33
680.9090135330666,5.840626633671188e+33
680.8186163042443,5.817473463359856e+33
680.7282430744411,5.852950646657218e+33
680.6378938341013,5.871461575731752e+33
680.5475685736743,5.894331170069304e+33
680.4572672836146,5.843472155315386e+33
680.3669899543814,5.895402294690971e+33
680.2767365764394,5.867504442259171e+33
680.1865071402578,5.889711634093852e+33
680.0963016363116,5.882050364016972e+33
680.0061200550805,5.909800720951688e+33
679.915962387049,5.905568038229092e+33
679.8258286227068,5.920130699375292e+33
679.735718752549,5.948056723273936e+33
679.6456327670752,5.93003377819524e+33
679.5555706567906,5.93641127603637e+33
679.4655324122047,5.975922915134641e+33
679.3755180238326,5.962601155220778e+33
679.2855274821942,5.996160148041564e+33
679.1955607778148,5.969564164558096e+33
679.105617901224,5.949083215936589e+33
679.0156988429574,5.927450677614955e+33
678.9258035935543,5.926959365150271e+33
678.8359321435603,5.882744590981224e+33
678.7460844835251,5.838774256946591e+33
678.6562606040042,5.803094479694953e+33
678.5664604955571,5.788692799101137e+33
678.4766841487492,5.737385946945106e+33
678.3869315541506,5.698155195511061e+33
678.297202702336,5.648687927214715e+33
678.2074975838858,5.642971654711379e+33
678.1178161893847,5.620964163378482e+33
678.0281585094228,5.54734313343861e+33
677.9385245345952,5.572642978149732e+33
677.8489142555015,5.519213757722761e+33
677.759327662747,5.490208704126501e+33
677.6697647469412,5.468362873346685e+33
677.5802254986991,5.435707042710408e+33
677.4907099086404,5.424006390219873e+33
677.4012179673899,5.391181402823356e+33
677.3117496655774,5.370530924868725e+33
677.2223049938374,5.383198729350133e+33
677.1328839428094,5.364613575078559e+33
677.0434865031381,5.384358273093954e+33
676.954112665473,5.321321982704141e+33
676.8647624204684,5.343595749992043e+33
676.7754357587837,5.322726218939695e+33
676.6861326710831,5.233329749319469e+33
676.596853148036,5.267711240652656e+33
676.5075971803163,5.1485627924734946e+33
676.4183647586033,5.200238148309342e+33
676.3291558735806,5.134457144470235e+33
676.2399705159373,5.070523297365368e+33
676.1508086763672,5.022975975347972e+33
676.0616703455689,4.933371790170206e+33
675.9725555142461,4.8479827422623574e+33
675.8834641731073,4.7617882727224617e+33
675.7943963128658,4.654467788827175e+33
675.70535192424,4.5811617282418114e+33
675.6163309979529,4.4546370090317363e+33
675.5273335247327,4.392431377614467e+33
675.4383594953125,4.325472480934155e+33
675.3494089004299,4.342532581526327e+33
675.2604817308277,4.3091577152924977e+33
675.1715779772536,4.298712757847527e+33
675.0826976304597,4.298098301661175e+33
674.9938406812038,4.25786288939325e+33
674.9050071202478,4.2776347981235983e+33
674.816196938359,4.2138716288270817e+33
674.727410126309,4.234476289319004e+33
674.6386466748747,4.197110579505393e+33
674.5499065748379,4.222536622775861e+33
674.4611898169849,4.179434318364456e+33
674.3724963921071,4.190931173499819e+33
674.2838262910008,4.172408656172775e+33
674.1951795044665,4.125031905554191e+33
674.1065560233105,4.127968511876593e+33
674.0179558383436,4.1270581028136443e+33
673.9293789403808,4.111681606617915e+33
673.8408253202429,4.0788440732587407e+33
673.7522949687548,4.0694413973808545e+33
673.6637878767466,3.993356439960968e+33
673.5753040350528,4.002526457435061e+33
673.4868434345135,3.941148732388938e+33
673.3984060659728,3.908650488937224e+33
673.3099919202801,3.8735018325303783e+33
673.2216009882893,3.820960680872056e+33
673.1332332608594,3.7662576915609133e+33
673.0448887288537,3.751094965145773e+33
672.9565673831412,3.749877183367013e+33
672.8682692145946,3.724536089946713e+33
672.7799942140921,3.73839122903315e+33
672.6917423725165,3.769014599949183e+33
672.6035136807554,3.764010163959113e+33
672.5153081297012,3.7135886356764834e+33
672.4271257102512,3.7791549581623063e+33
672.3389664133069,3.7621225911605324e+33
672.2508302297754,3.7672865780369236e+33
672.1627171505678,3.785671702555022e+33
672.0746271666005,3.767831903136782e+33
671.9865602687946,3.777396537682841e+33
671.8985164480757,3.7723237528267025e+33
671.8104956953742,3.829921928548882e+33
671.7224980016256,3.801874597305661e+33
671.6345233577697,3.7507648646396817e+33
671.5465717547513,3.792946357899565e+33
671.4586431835197,3.834291020391034e+33
671.3707376350294,3.835969532169681e+33
671.2828551002393,3.847558350726933e+33
671.1949955701131,3.806577211485782e+33
671.107159035619,3.8005704685216656e+33
671.0193454877304,3.782951220411515e+33
670.9315549174252,3.7188754220206994e+33
670.8437873156856,3.708710345407409e+33
670.7560426734995,3.7016466547291056e+33
670.6683209818585,3.6910499757934994e+33
670.5806222317594,3.698563821792079e+33
670.4929464142037,3.6630272612711706e+33
670.4052935201977,3.6488201488428527e+33
670.317663540752,3.6239723845386205e+33
670.2300564668823,3.592878223370773e+33
670.1424722896088,3.623557972075262e+33
670.0549109999564,3.599437848349389e+33
669.9673725889548,3.572150943415177e+33
669.8798570476386,3.5610514114995375e+33
669.7923643670462,3.5135350989481554e+33
669.7048945382218,3.476440283902222e+33
669.6174475522134,3.442310290117784e+33
669.5300234000742,3.4073798999102523e+33
669.4426220728622,3.3734853808994333e+33
669.3552435616392,3.3361559767315204e+33
669.2678878574727,3.273235549347175e+33
669.1805549514343,3.242994778940583e+33
669.0932448346002,3.264251392376386e+33
669.0059574980515,3.2253267052313107e+33
668.918692932874,3.205230433336331e+33
668.8314511301579,3.2116308125041936e+33
668.7442320809982,3.2159482877523306e+33
668.6570357764948,3.202984015310011e+33
668.5698622077515,3.2316207917384584e+33
668.4827113658773,3.2022737474657016e+33
668.395583241986,3.165645900891131e+33
668.3084778271955,3.14090440148317e+33
668.2213951126287,3.0753281371081386e+33
668.1343350894131,3.101253327096748e+33
668.0472977486806,3.0645732513491835e+33
667.960283081568,3.036848879012086e+33
667.8732910792165,3.024159680318693e+33
667.786321732772,3.0731470971401993e+33
667.699375033385,3.053583160854487e+33
667.6124509722107,3.045836809999337e+33
667.5255495404086,3.0828301889203665e+33
667.4386707291434,3.0484463065224525e+33
667.3518145295837,3.0248228455225514e+33
667.2649809329032,3.077331345383398e+33
667.17816993028,3.067101842889162e+33
667.0913815128965,3.062967900931542e+33
667.0046156719404,3.0509578578953523e+33
666.9178723986035,3.0135006106674755e+33
666.8311516840821,3.0659735477473367e+33
666.7444535195773,3.0233607952699416e+33
666.6577778962948,3.058129582796722e+33
666.5711248054446,3.063233759313341e+33
666.4844942382416,3.0742800950663076e+33
666.3978861859051,3.0676757730826405e+33
666.3113006396588,3.0948159616130576e+33
666.2247375907315,3.0651361544263043e+33
666.138197030356,3.0945754365190093e+33
666.0516789497698,3.1070850409418454e+33
665.9651833402149,3.107415216958616e+33
665.8787101929383,3.1051948559781043e+33
665.7922594991911,3.094777346482535e+33
665.7058312502289,3.123951148636392e+33
665.619425437312,3.142572654523722e+33
665.5330420517053,3.1583351327797053e+33
665.4466810846782,3.149047955952987e+33
665.3603425275044,3.158918010659353e+33
665.2740263714625,3.151222085846429e+33
665.1877326078352,3.1456002001492915e+33
665.1014612279104,3.1032728904284154e+33
665.0152122229797,3.105417427674628e+33
664.9289855843396,3.065499007048636e+33
664.8427813032913,3.080521737143489e+33
664.7565993711403,3.056626709009445e+33
664.6704397791965,3.048043673575146e+33
664.5843025187745,3.0800029557775514e+33
664.4981875811933,3.072872564379348e+33
664.4120949577766,3.0715376144744414e+33
664.3260246398523,3.0741249213787235e+33
664.2399766187528,3.093335674622035e+33
664.1539508858153,3.093381117513133e+33
664.0679474323813,3.094291113278207e+33
663.9819662497966,3.099783957480717e+33
663.8960073294119,3.102801619120092e+33
663.810070662582,3.086945760517146e+33
663.7241562406664,3.107663061379601e+33
663.6382640550289,3.1141902173255284e+33
663.552394097038,3.1264817717243715e+33
663.4665463580662,3.101003397748781e+33
663.3807208294912,3.129642041360126e+33
663.2949175026947,3.1323798990422425e+33
663.2091363690625,3.115786268723896e+33
663.123377419986,3.1415216314399454e+33
663.0376406468595,3.1369747570536836e+33
662.9519260410831,3.169307945845658e+33
662.8662335940608,3.1382540658385586e+33
662.7805632972008,3.177077822391497e+33
662.6949151419162,3.187265117477372e+33
662.6092891196242,3.179017443517234e+33
662.5236852217466,3.189721191441571e+33
662.4381034397098,3.200151628187081e+33
662.3525437649444,3.1728237751840294e+33
662.2670061888851,3.2018390293386835e+33
662.1814907029718,3.2058137964079395e+33
662.0959972986484,3.214052999916887e+33
662.0105259673629,3.195921580271461e+33
661.9250767005682,3.1992892936337225e+33
661.8396494897216,3.190710607506578e+33
661.7542443262846,3.174848385238287e+33
661.6688612017231,3.235364061013473e+33
661.5835001075073,3.1911713109785075e+33
661.4981610351124,3.149824579950252e+33
661.4128439760173,3.1444385972022844e+33
661.3275489217054,3.108148998174236e+33
661.2422758636651,3.089010448404721e+33
661.1570247933885,3.068762048607255e+33
661.0717957023724,3.081856596334152e+33
660.9865885821176,3.08000735643793e+33
660.9014034241301,3.079571887276448e+33
660.8162402199196,3.0816994511295825e+33
660.7310989610004,3.06076824577315e+33
660.6459796388909,3.0646455078386286e+33
660.5608822451144,3.0538905704997536e+33
660.475806771198,3.0498365288125706e+33
660.3907532086737,3.0522945003746347e+33
660.3057215490772,3.057059255058743e+33
660.2207117839494,3.0473308965307347e+33
660.1357239048348,3.0464617920418605e+33
660.0507579032828,3.061722256548336e+33
659.9658137708466,3.0648449156926995e+33
659.8808914990844,3.0541673730933466e+33
659.7959910795582,3.053116871526456e+33
659.7111125038347,3.073656831958221e+33
659.6262557634844,3.075525973950203e+33
659.541420850083,3.08436509488857e+33
659.4566077552097,3.094639818336375e+33
659.3718164704487,3.0977174327530626e+33
659.2870469873878,3.1078331515490736e+33
659.20229929762,3.1041469267175405e+33
659.1175733927419,3.122767591750702e+33
659.0328692643545,3.117281988945736e+33
658.9481869040637,3.127663595848126e+33
658.8635263034791,3.132087075753472e+33
658.7788874542149,3.1450741179953297e+33
658.6942703478893,3.139538494785041e+33
658.6096749761255,3.156895923101071e+33
658.52510133055,3.1045773604162305e+33
658.4405494027944,2.992510560205209e+33
658.3560191844944,2.884636919807409e+33
658.2715106672898,2.7770355586319756e+33
658.1870238428249,2.6584794146328074e+33
658.1025587027482,2.5513534973325116e+33
658.0181152387125,2.438216657885097e+33
657.9336934423749,2.3244302675501267e+33
657.8492933053966,2.224458963266725e+33
657.7649148194436,2.167607663314016e+33
657.6805579761854,2.1230389051131046e+33
657.5962227672965,2.0506736194743568e+33
657.511909184455,1.9863093359742733e+33
657.4276172193441,1.929881270457246e+33
657.3433468636506,1.9084015522293311e+33
657.2590981090656,1.8832550281721795e+33
657.1748709472847,1.8635196035655463e+33
657.0906653700079,1.8463859543910508e+33
657.0064813689387,1.827164547439797e+33
656.9223189357858,1.813143197344475e+33
656.8381780622617,1.7930501822968746e+33
656.754058740083,1.7770721793470387e+33
656.6699609609708,1.763608330716965e+33
656.5858847166504,1.7503876310487036e+33
656.5018299988512,1.7337362040750038e+33
656.4177967993069,1.7172392124508496e+33
656.3337851097555,1.7040789610517827e+33
656.2497949219392,1.6780694595510188e+33
656.1658262276043,1.6448489443758968e+33
656.0818790185016,1.6157729249253536e+33
655.9979532863858,1.586717563065123e+33
655.914049023016,1.5590227919334737e+33
655.8301662201557,1.5254175491509385e+33
655.746304869572,1.4945391857005163e+33
655.6624649630371,1.4627327602498844e+33
655.5786464923265,1.4291460311647518e+33
655.4948494492205,1.394097600767993e+33
655.4110738255034,1.3612898186682324e+33
655.3273196129637,1.34022031800777e+33
655.2435868033942,1.3165703945277669e+33
655.1598753885917,1.2907419720746082e+33
655.0761853603575,1.266659875238866e+33
654.9925167104966,1.2393766242614957e+33
654.9088694308188,1.2151035564191438e+33
654.8252435131375,1.1915217728484483e+33
654.7416389492706,1.1680976628533136e+33
654.6580557310403,1.1437708305368288e+33
654.5744938502726,1.1190817065220956e+33
654.4909532987981,1.0937547862743003e+33
654.4074340684512,1.0726901482422714e+33
654.3239361510704,1.0519227130551323e+33
654.2404595384988,1.0269958223860415e+33
654.1570042225834,1.0013622385095554e+33
654.0735701951755,9.791795730673031e+32
653.9901574481304,9.5532246498208e+32
653.9067659733075,9.315577877364967e+32
653.8233957625706,9.068295958501789e+32
653.7400468077874,8.895988372233203e+32
653.6567191008298,8.696809957332828e+32
653.5734126335741,8.517380205795712e+32
653.4901273979003,8.344012324254724e+32
653.406863385693,8.168556387576222e+32
653.3236205888406,7.994401162331792e+32
653.2403989992357,7.796405957045563e+32
653.1571986087752,7.66301667683386e+32
653.07401940936,7.547108370183901e+32
652.9908613928949,7.444805359204492e+32
652.9077245512891,7.296760743014736e+32
652.8246088764563,7.16164263127524e+32
652.7415143603133,7.070900983856116e+32
652.6584409947819,6.942985485249782e+32
652.5753887717879,6.81718628092465e+32
652.4923576832606,6.713353341784845e+32
652.4093477211342,6.57427808742122e+32
652.3263588773464,6.4335291792084495e+32
652.2433911438393,6.3338607052422195e+32
652.160444512559,6.207268255622005e+32
652.0775189754557,6.116869508759701e+32
651.994614524484,6.003765297149063e+32
651.9117311516021,5.8979589342781726e+32
651.8288688487725,5.851223962416384e+32
651.7460276079618,5.72209495474378e+32
651.6632074211406,5.634948769759581e+32
651.5804082802838,5.5337325581854355e+32
651.4976301773703,5.482618366590396e+32
651.4148731043828,5.4470206791495726e+32
651.3321370533083,5.384945074116669e+32
651.2494220161379,5.362658131780464e+32
651.1667279848668,5.317659366815372e+32
651.0840549514943,5.291371721723309e+32
651.0014029080234,5.2911683812643585e+32
650.9187718464613,5.2351644652733034e+32
650.8361617588197,5.191330013801348e+32
650.7535726371137,5.178988073968629e+32
650.6710044733632,5.133767874009662e+32
650.5884572595913,5.093230086732595e+32
650.5059309878258,5.0691254297581815e+32
650.4234256500982,5.034712538789246e+32
650.3409412384443,5.0019113435199715e+32
650.2584777449036,4.971668721309614e+32
650.1760351615201,4.917700207922808e+32
650.0936134803412,4.895838413342662e+32
650.011212693419,4.863239523792571e+32
649.9288327928092,4.861857104552851e+32
649.8464737705717,4.8407309081509776e+32
649.7641356187704,4.8464373356254824e+32
649.6818183294732,4.828648193053645e+32
649.5995218947519,4.8415538782214674e+32
649.5172463066825,4.83187413767677e+32
649.4349915573451,4.8272758848579636e+32
649.3527576388235,4.811570742813594e+32
649.2705445432057,4.814330717020409e+32
649.1883522625836,4.829366707214488e+32
649.1061807890535,4.8235725274670125e+32
649.0240301147151,4.829244164831096e+32
648.9419002316722,4.8412914023273946e+32
648.8597911320333,4.840047463156818e+32
648.7777028079099,4.830768950649655e+32
648.6956352514183,4.796551399883655e+32
648.6135884546782,4.788060078476698e+32
648.5315624098137,4.7688096779789545e+32
648.4495571089525,4.749629391695302e+32
648.3675725442268,4.734827427444845e+32
648.2856087077723,4.7353520908054384e+32
648.2036655917288,4.7238048036865726e+32
648.1217431882404,4.710174887604875e+32
648.0398414894547,4.701031340447791e+32
647.9579604875236,4.662903861257152e+32
647.8761001746026,4.6838452823534305e+32
647.7942605428516,4.664176269168894e+32
647.7124415844341,4.6518354018605886e+32
647.630643291518,4.6605312827455554e+32
647.5488656562746,4.641915677980611e+32
647.4671086708796,4.6262164910325384e+32
647.3853723275123,4.618406085324401e+32
647.3036566183563,4.624375488851405e+32
647.2219615355989,4.6247096903193725e+32
647.1402870714313,4.615599892305503e+32
647.0586332180491,4.598537270071172e+32
646.9769999676512,4.606975823608133e+32
646.8953873124408,4.605187974647724e+32
646.8137952446249,4.601153695963498e+32
646.7322237564148,4.5919905058678054e+32
646.6506728400251,4.552826679274978e+32
646.5691424876748,4.4957629567673866e+32
646.4876326915867,4.452589224929396e+32
646.4061434439873,4.420723248932205e+32
646.3246747371074,4.383123209766979e+32
646.2432265631816,4.3357679755074334e+32
646.1617989144482,4.291148281876406e+32
646.0803917831496,4.25098414458355e+32
645.9990051615321,4.2100444717097605e+32
645.9176390418457,4.189440464977149e+32
645.8362934163448,4.1593616696570096e+32
645.7549682772872,4.154860144354535e+32
645.6736636169347,4.143385707186753e+32
645.5923794275533,4.106392508896366e+32
645.5111157014123,4.111996191675571e+32
645.4298724307857,4.090033452049007e+32
645.3486496079507,4.083284889478063e+32
645.2674472251887,4.064017758287365e+32
645.1862652747848,4.0643689013632414e+32
645.1051037490283,4.048663396780055e+32
645.0239626402122,4.033367785358805e+32
644.942841940633,4.027607382691107e+32
644.8617416425918,4.025886079974778e+32
644.7806617383932,4.0282609551004634e+32
644.6996022203455,4.0372537591131546e+32
644.6185630807611,4.050167386541463e+32
644.5375443119561,4.070622745374231e+32
644.4565459062509,4.0546192993256204e+32
644.3755678559693,4.07344485430978e+32
644.2946101534387,4.0789333514049474e+32
644.2136727909913,4.1011552674655855e+32
644.1327557609624,4.063768291772198e+32
644.0518590556911,3.983697305631339e+32
643.9709826675211,3.94476678006026e+32
643.8901265887989,3.883436701774163e+32
643.8092908118757,3.8545442008984574e+32
643.7284753291062,3.8217561922644444e+32
643.6476801328489,3.7798302164476625e+32
643.5669052154662,3.773918683088452e+32
643.4861505693244,3.7569953706653976e+32
643.4054161867934,3.7506769867071996e+32
643.3247020602473,3.734003543225025e+32
643.2440081820638,3.728006332298918e+32
643.1633345446244,3.7187058688375984e+32
643.0826811403142,3.726431383701694e+32
643.0020479615227,3.707882089627963e+32
642.9214350006429,3.724417393369359e+32
642.8408422500715,3.714465596964081e+32
642.7602697022093,3.7265056041841995e+32
642.6797173494604,3.725467723400633e+32
642.5991851842332,3.731479559856556e+32
642.51867319894,3.744218245619059e+32
642.4381813859961,3.7423564506157276e+32
642.3577097378217,3.753543764036604e+32
642.27725824684,3.762181963933381e+32
642.1968269054784,3.764465809312284e+32
642.1164157061676,3.7741118236916785e+32
642.0360246413427,3.790402332517845e+32
641.9556537034422,3.793274651556876e+32
641.8753028849086,3.808101223112168e+32
641.794972178188,3.829972560564297e+32
641.7146615757304,3.8324072011982616e+32
641.6343710699895,3.828865896599515e+32
641.5541006534229,3.84120175096751e+32
641.4738503184917,3.859906144892003e+32
641.3936200576613,3.8652917708775836e+32
641.3134098634002,3.883271212609002e+32
641.2332197281812,3.896102046115309e+32
641.1530496444807,3.912620771621872e+32
641.0728996047785,3.9117641683206345e+32
640.9927696015588,3.9234960495203284e+32
640.9126596273094,3.9469874220519496e+32
640.8325696745211,3.949733440690018e+32
640.7524997356896,3.952611840215455e+32
640.6724498033136,3.966813600016238e+32
640.5924198698957,3.9776386188756795e+32
640.5124099279424,4.004237992242201e+32
640.4324199699637,3.981971458967605e+32
640.3524499884737,3.964025250469861e+32
640.2724999759898,3.91391761053547e+32
640.1925699250334,3.8924847779113935e+32
640.1126598281297,3.8546473313399925e+32
640.0327696778076,3.83294054538453e+32
639.9528994665993,3.819759886187043e+32
639.8730491870413,3.78455194676482e+32
639.7932188316737,3.77738413326086e+32
639.71340839304,3.739595358153839e+32
639.6336178636876,3.729118451685762e+32
639.553847236168,3.73303399808668e+32
639.4740965030359,3.70355817163307e+32
639.3943656568498,3.673418779308985e+32
639.3146546901721,3.683243487990659e+32
639.2349635955688,3.663902168463841e+32
639.1552923656096,3.641340682470205e+32
639.075640992868,3.6334949195940625e+32
638.9960094699209,3.616352408705083e+32
638.9163977893493,3.596658552667636e+32
638.8368059437377,3.568264439690373e+32
638.7572339256742,3.554059384487122e+32
638.6776817277508,3.549844561964558e+32
638.5981493425631,3.494975318514658e+32
638.5186367627106,3.505882530920282e+32
638.4391439807957,3.459556382134479e+32
638.3596709894256,3.4357235539496826e+32
638.2802177812104,3.434022295593612e+32
638.2007843487639,3.415310557820375e+32
638.1213706847042,3.402582402362003e+32
638.0419767816525,3.396629453588998e+32
637.9626026322336,3.372202092636883e+32
637.8832482290766,3.382945123001024e+32
637.8039135648137,3.3804249379620234e+32
637.7245986320806,3.3328651896887384e+32
637.6453034235177,3.3432312856503775e+32
637.5660279317677,3.319912783206264e+32
637.4867721494779,3.327871553483106e+32
637.407536069299,3.3060793516339474e+32
637.3283196838851,3.2986021106298135e+32
637.2491229858945,3.290622706184694e+32
637.1699459679885,3.2833862228603726e+32
637.0907886228327,3.270199179559157e+32
637.0116509430958,3.2562834867763574e+32
636.9325329214503,3.2387437515929716e+32
636.8534345505726,3.237961365037512e+32
636.7743558231423,3.234365272203038e+32
636.6952967318431,3.2035322356916962e+32
636.6162572693619,3.1804193558979278e+32
636.5372374283896,3.1525735204661142e+32
636.4582372016205,3.1136024063873926e+32
636.3792565817525,3.128786547705705e+32
636.3002955614872,3.0758007437344375e+32
636.2213541335302,3.0735689166120917e+32
636.1424322905899,3.0096615703551887e+32
636.063530025379,3.0272394293437487e+32
635.9846473306135,2.9895669742090503e+32
635.905784199013,2.9746726678713353e+32
635.8269406233012,2.977416132381927e+32
635.7481165962047,2.9491942291517964e+32
635.669312110454,2.9540404926992977e+32
635.5905271587833,2.9148993626321495e+32
635.5117617339304,2.9233197162937665e+32
635.4330158286365,2.8915030757713286e+32
635.3542894356466,2.8987950485939183e+32
635.2755825477093,2.8810486906536883e+32
635.1968951575765,2.8737494567079487e+32
635.1182272580041,2.853356519762809e+32
635.0395788417513,2.850209936098074e+32
634.960949901581,2.830368951519322e+32
634.8823404302598,2.812295928955366e+32
634.8037504205575,2.8025376849647802e+32
634.7251798652478,2.7830669290852407e+32
634.646628757108,2.7665393863290097e+32
634.5680970889189,2.7748492147562604e+32
634.4895848534646,2.7673437611766435e+32
634.4110920435334,2.7696335592148104e+32
634.3326186519163,2.7677855967192325e+32
634.2541646714088,2.78496872046225e+32
634.1757300948093,2.7605012089629035e+32
634.0973149149199,2.777001476521554e+32
634.0189191245466,2.7633718915063285e+32
633.9405427164986,2.7829163425929333e+32
633.8621856835887,2.8968338829915166e+32
633.7838480186333,2.8998546515252994e+32
633.7055297144524,3.0094214614503784e+32
633.6272307638694,3.0221765615472022e+32
633.5489511597114,3.118783632316513e+32
633.4706908948091,3.123717344233682e+32
633.3924499619965,3.2146465012500446e+32
633.3142283541114,3.2191439349567288e+32
633.2360260639948,3.328168658553861e+32
633.1578430844917,3.324240773847701e+32
633.0796794084504,3.441907718715567e+32
633.0015350287224,3.435459308059029e+32
632.9234099381634,3.5544532524619355e+32
632.845304129632,3.4160086338804026e+32
632.7672175959908,3.534363549452544e+32
632.6891503301056,3.382704841878166e+32
632.6111023248458,3.5189077269167934e+32
632.5330735730844,3.4963228944878986e+32
632.455064067698,3.4976765462679144e+32
632.3770738015664,3.610468032945908e+32
632.2991027675732,3.602380804052933e+32
632.2211509586053,3.5775042622695814e+32
632.1432183675535,3.5914135848294686e+32
632.0653049873113,3.708950249128804e+32
631.9874108107766,3.552841406936127e+32
631.9095358308505,3.68372337044333e+32
631.8316800404373,3.699809332275325e+32
631.753843432445,3.65409868822663e+32
631.6760259997853,3.6663408258381886e+32
631.5982277353729,3.633772862798522e+32
631.5204486321268,3.643854425767804e+32
631.4426886829684,3.773146926958367e+32
631.3649478808236,3.754363390840723e+32
631.2872262186211,3.7584289705805395e+32
631.2095236892934,3.72297165855897e+32
631.1318402857764,3.73565458695202e+32
631.0541760010096,3.880127782327284e+32
630.9765308279359,3.730527874225571e+32
630.8989047595013,3.868194715879e+32
630.8212977886559,3.849390733561622e+32
630.743709908353,3.8747444947597856e+32
630.6661411115491,4.013859919509567e+32
630.5885913912045,3.8772108147844755e+32
630.511060740283,4.012989718154988e+32
630.4335491517517,3.994451708986666e+32
630.3560566185811,4.010922363436157e+32
630.2785831337452,4.1449223004154736e+32
630.2011286902215,4.016565431443363e+32
630.1236932809911,4.147256658698022e+32
630.0462768990382,4.049427425595137e+32
629.9688795373509,4.169808605276613e+32
629.8915011889202,4.161095681995629e+32
629.814141846741,4.1786333693519756e+32
629.7368015038115,4.2851207588670465e+32
629.6594801531331,4.284652694014949e+32
629.5821777877112,4.2881262839278485e+32
629.5048944005539,4.253750743346841e+32
629.4276299846734,4.2765270992859765e+32
629.3503845330849,4.2472499265157556e+32
629.2731580388073,4.3814915812269275e+32
629.1959504948626,4.265294967685848e+32
629.1187618942765,4.370242756742053e+32
629.0415922300783,4.521784645165706e+32
628.9644414953,4.395904254125676e+32
628.8873096829778,4.545221469629864e+32
628.8101967861511,4.396974126230426e+32
628.7331027978623,4.540091493570633e+32
628.6560277111577,4.538658393674593e+32
628.5789715190868,4.5381076755681236e+32
628.5019342147025,4.539367434956829e+32
628.4249157910613,4.663364725932013e+32
628.3479162412228,4.5407909004459116e+32
628.2709355582501,4.684815459432104e+32
628.1939737352101,4.681142299606105e+32
628.1170307651721,4.6693392828741595e+32
628.0401066412101,4.684096386187129e+32
627.9632013564005,4.807950452778264e+32
627.8863149038235,4.6967820519811306e+32
627.8094472765627,4.807597403430171e+32
627.7325984677047,4.8076297319284876e+32
627.6557684703401,4.832952531386994e+32
627.5789572775625,4.8027096265069994e+32
627.5021648824688,4.9532812512010104e+32
627.4253912781596,4.8391122831661114e+32
627.3486364577386,4.9824598655585664e+32
627.2719004143131,4.970348698905097e+32
627.1951831409934,4.9919468070422865e+32
627.1184846308938,4.990970527093572e+32
627.0418048771312,5.131065927253132e+32
626.9651438728264,5.127793950145687e+32
626.8885016111035,5.1467174473945566e+32
626.8118780850897,5.1582056846825324e+32
626.7352732879159,5.303767415138244e+32
626.6586872127162,5.180263153457363e+32
626.5821198526279,5.3161323846037805e+32
626.5055712007919,5.32254475162814e+32
626.4290412503524,5.458971855162875e+32
626.3525299944569,5.348719517147457e+32
626.276037426256,5.482827966949566e+32
626.1995635389042,5.49159421855171e+32
626.123108325559,5.514317672753699e+32
626.0466717793811,5.499066266560135e+32
625.9702538935351,5.495043493453214e+32
625.893854661188,5.636728076252779e+32
625.8174740755112,5.5229199076382794e+32
625.7411121296786,5.646145575298104e+32
625.664768816868,5.614350660529521e+32
625.58844413026,5.752259600634929e+32
625.5121380630392,5.634222079390875e+32
625.4358506083928,5.61076171088397e+32
625.3595817595117,5.745487074889216e+32
625.2833315095903,5.719470937451306e+32
625.2070998518259,5.750148998672675e+32
625.1308867794195,5.7388894350371056e+32
625.054692285575,5.894483815594619e+32
624.9785163635,5.8831424471622824e+32
624.9023590064053,5.876115628029301e+32
624.8262202075048,5.9093526468972e+32
624.750099960016,5.903205066184409e+32
624.6739982571595,6.06123002616357e+32
624.5979150921595,6.047368346819993e+32
624.5218504582429,5.9507537269392455e+32
624.4458043486405,6.076794918098223e+32
624.3697767565864,6.082318794942247e+32
624.2937676753173,6.200497417081632e+32
624.2177770980741,6.21574024019511e+32
624.1418050181002,6.1110251091597854e+32
624.0658514286428,6.2397675197985544e+32
623.9899163229522,6.211316903555718e+32
623.9139996942821,6.345240134090666e+32
623.8381015358893,6.340726417824697e+32
623.7622218410341,6.323511529129704e+32
623.68636060298,6.3568302097833435e+32
623.6105178149934,6.337243129984433e+32
623.5346934703447,6.3290699661231134e+32
623.4588875623069,6.443911766274613e+32
623.3831000841567,6.32638092156557e+32
623.307331029174,6.4757220459963086e+32
623.2315803906415,6.4549107319585294e+32
623.155848161846,6.329140771451068e+32
623.080134336077,6.498474965188076e+32
623.0044389066271,6.476668033172399e+32
622.9287618667929,6.33572528084913e+32
622.8531032098736,6.50200722620638e+32
622.7774629291715,6.48320219306785e+32
622.701841017993,6.35487505251197e+32
622.626237469647,6.498288750645611e+32
622.5506522774459,6.484981816772136e+32
622.4750854347054,6.382534680756874e+32
622.3995369347444,6.541163810166877e+32
622.3240067708853,6.527916687248515e+32
622.2484949364529,6.516249441166898e+32
622.1730014247762,6.574822103174448e+32
622.097526229187,6.598854451683551e+32
622.0220693430203,6.564613974455271e+32
621.9466307596145,6.628954636224286e+32
621.8712104723112,6.599019968797679e+32
621.795808474455,6.599679476591516e+32
621.7204247593943,6.6645092637932e+32
621.6450593204798,6.643282457220618e+32
621.5697121510664,6.630462245151046e+32
621.4943832445114,6.805117122512086e+32
621.419072594176,6.686550596995057e+32
621.3437801934243,6.66662479182435e+32
621.2685060356235,6.683010564965643e+32
621.1932501141442,6.84729246714103e+32
621.1180124223603,6.70202765029634e+32
621.0427929536486,6.678202356174388e+32
620.9675917013891,6.805129365718841e+32
620.8924086589655,6.770540656601667e+32
620.8172438197644,6.645085338758922e+32
620.7420971771753,6.643523347403334e+32
620.6669687245915,6.78887799081314e+32
620.591858455409,6.78471986079621e+32
620.5167663630272,6.637493577813884e+32
620.4416924408487,6.621998911800304e+32
620.3666366822792,6.790548198979857e+32
620.2915990807279,6.773894112506123e+32
620.2165796296067,6.673112727856749e+32
620.141578322331,6.658241101524026e+32
620.0665951523193,6.800415797434734e+32
619.9916301129934,6.784639729585085e+32
619.9166831977783,6.670636628534621e+32
619.8417544001018,6.675003051585243e+32
619.766843713395,6.828819230045515e+32
619.6919511310927,6.828018611331132e+32
619.6170766466324,6.830312003751025e+32
619.5422202534547,6.676542534653159e+32
619.4673819450037,6.83950487301083e+32
619.3925617147263,6.828205395742463e+32
619.317759556073,6.811475410689877e+32
619.242975462497,6.797127213656118e+32
619.1682094274552,6.848784680021803e+32
619.0934614444069,6.847261083314986e+32
619.0187315068154,6.840734806813479e+32
618.9440196081466,6.855075022933573e+32
618.8693257418696,6.835640712981736e+32
618.794649901457,6.994805413538689e+32
618.7199920803841,6.907044803517444e+32
618.6453522721298,6.903626984509186e+32
618.5707304701757,6.906358975332149e+32
618.4961266680068,6.899364008909356e+32
618.4215408591112,7.06318354832702e+32
618.3469730369802,7.064722608051291e+32
618.2724231951083,6.955314809581769e+32
618.1978913269927,6.947704243616936e+32
618.1233774261343,6.976322988411506e+32
618.0488814860366,6.949043711934719e+32
617.974403500207,7.11732955357082e+32
617.8999434621552,7.127103993609772e+32
617.8255013653944,7.119038262984258e+32
617.7510772034408,7.014498201801861e+32
617.6766709698142,7.026154812387853e+32
617.6022826580368,7.028547799294164e+32
617.5279122616342,7.212111235890237e+32
617.4535597741354,7.21026903504809e+32
617.3792251890724,7.20520044049049e+32
617.3049084999799,7.202403442596029e+32
617.2306097003963,7.205945137505314e+32
617.1563287838627,7.21139760356001e+32
617.0820657439233,7.11041936995096e+32
617.0078205741257,7.328410704563254e+32
616.9335932680207,7.328514134527842e+32
616.8593838191615,7.339751406521915e+32
616.7851922211051,7.342628811847583e+32
616.7110184674115,7.33371133822318e+32
616.6368625516434,7.324494497372683e+32
616.5627244673669,7.342321110118962e+32
616.4886042081512,7.337158684022175e+32
616.4145017675686,7.371883881247544e+32
616.3404171391943,7.537002522118901e+32
616.2663503166069,7.535089746339179e+32
616.1923012933876,7.428152091948337e+32
616.1182700631214,7.393981870626867e+32
616.0442566193956,7.404310388396129e+32
615.9702609558011,7.38292608917585e+32
615.8962830659317,7.447023285682878e+32
615.8223229433844,7.44586142692727e+32
615.7483805817591,7.425402509088192e+32
615.6744559746588,7.434105151846708e+32
615.6005491156899,7.442975369960043e+32
615.5266599984612,7.600871149427582e+32
615.4527886165853,7.65021742282418e+32
615.3789349636772,7.610810607229713e+32
615.3050990333558,7.62320590929821e+32
615.231280819242,7.636505276461564e+32
615.1574803149607,7.612595556353206e+32
615.0836975141393,7.656663845032289e+32
615.0099324104085,7.683638602883996e+32
614.9361849974018,7.680071796059314e+32
614.8624552687564,7.658706391577857e+32
614.7887432181118,7.67624664119258e+32
614.7150488391106,7.714284750231387e+32
614.6413721253991,7.722586590359502e+32
614.567713070626,7.715128597723695e+32
614.4940716684436,7.735313561945961e+32
614.4204479125066,7.765845326175015e+32
614.346841796473,7.739376114004396e+32
614.2732533140043,7.73195483398098e+32
614.1996824587642,7.738948947456814e+32
614.1261292244201,7.795507194511747e+32
614.0525936046423,7.808016002047708e+32
613.9790755931037,7.80760894504326e+32
613.905575183481,7.823686159679369e+32
613.8320923694532,7.846626865145287e+32
613.7586271447028,7.841471817562854e+32
613.685179502915,7.863186243816112e+32
613.6117494377783,7.902703152636018e+32
613.5383369429838,7.958324962291331e+32
613.4649420122264,7.998468933113366e+32
613.391564639203,8.054037923812678e+32
613.3182048176145,8.060201562598845e+32
613.244862541164,8.016182113496155e+32
613.1715378035583,8.067298158011771e+32
613.0982305985066,8.085528222686725e+32
613.0249409197213,8.074182379687357e+32
612.9516687609182,8.111441165863974e+32
612.8784141158156,8.141120269068898e+32
612.8051769781351,8.114843191953315e+32
612.7319573416012,8.180665002716569e+32
612.6587551999412,8.253381977685967e+32
612.5855705468858,8.258562513052067e+32
612.5124033761683,8.334917200940988e+32
612.4392536815254,8.193710653692333e+32
612.3661214566966,8.147526595259328e+32
612.293006695424,8.188860189961076e+32
612.2199093914534,8.209101473614297e+32
612.1468295385331,8.243422544918833e+32
612.0737671304146,8.37514622932728e+32
612.0007221608522,8.369014288597848e+32
611.9276946236033,8.401837936873485e+32
611.8546845124283,8.39202898584333e+32
611.7816918210905,8.47864333623158e+32
611.7087165433563,8.420670095146878e+32
611.635758672995,8.401444137360348e+32
611.5628182037789,8.439101388951505e+32
611.4898951294831,8.432480114300748e+32
611.4169894438857,8.503310746017446e+32
611.3441011407681,8.484085882565185e+32
611.2712302139144,8.50120080408232e+32
611.1983766571116,8.623999017979019e+32
611.1255404641498,8.523895988309359e+32
611.0527216288222,8.524357621242217e+32
610.9799201449244,8.556720743018925e+32
610.9071360062557,8.596692984222264e+32
610.8343692066178,8.671851934036264e+32
610.7616197398156,8.743102640648169e+32
610.6888875996568,8.736923390989889e+32
610.6161727799523,8.597731652552406e+32
610.5434752745156,8.705481966972366e+32
610.4707950771635,8.757555704877156e+32
610.3981321817156,8.755109384277062e+32
610.3254865819943,8.797919383161832e+32
610.2528582718248,8.819466148978206e+32
610.1802472450362,8.794310536028813e+32
610.1076534954593,8.844695312049022e+32
610.0350770169285,8.832583200638593e+32
609.962517803281,8.992832748060851e+32
609.8899758483569,8.867818888105017e+32
609.8174511459995,8.8977037518062e+32
609.7449436900545,8.899463502928669e+32
609.672453474371,9.037646535139854e+32
609.5999804928007,9.10437271197175e+32
609.5275247391984,8.923464918498485e+32
609.4550862074219,9.118092977268756e+32
609.382664891332,9.058875918161837e+32
609.3102607847916,9.099367448951272e+32
609.2378738816677,9.082079249400429e+32
609.1655041758296,9.100439144019204e+32
609.0931516611492,9.143234453706646e+32
609.0208163315023,9.288072530406015e+32
608.9484981807664,9.119431993682274e+32
608.8761972028228,9.20503482744727e+32
608.8039133915553,9.274389579645719e+32
608.7316467408508,9.150109317073328e+32
608.659397244599,9.205295163378764e+32
608.5871648966923,9.298911144810537e+32
608.5149496910265,9.342012433477914e+32
608.4427516215,9.215050517940566e+32
608.3705706820139,9.376700865907815e+32
608.2984068664724,9.356701896960713e+32
608.2262601687828,9.366893730916707e+32
608.154130582855,9.405573168273051e+32
608.0820181026016,9.398397201920752e+32
608.0099227219388,9.399427184554429e+32
607.9378444347849,9.449217319325948e+32
607.8657832350617,9.573703273456076e+32
607.7937391166934,9.459674124918668e+32
607.7217120736073,9.479151461507433e+32
607.6497020997335,9.603783470992167e+32
607.5777091890052,9.518059959994292e+32
607.5057333353583,9.644372910660942e+32
607.4337745327316,9.616208385729636e+32
607.3618327750665,9.650801631666344e+32
607.2899080563079,9.662468154150368e+32
607.2180003704029,9.640636923315568e+32
607.146109711302,9.713575780508382e+32
607.0742360729581,9.810398957133044e+32
607.0023794493275,9.660795081093178e+32
606.9305398343687,9.63712485703323e+32
606.8587172220435,9.6001629458775e+32
606.7869116063166,9.572833690983202e+32
606.7151229811554,9.693294766461125e+32
606.6433513405301,9.629809450205292e+32
606.5715966784139,9.625518145183764e+32
606.4998589887828,9.570778911984358e+32
606.4281382656155,9.500327296034047e+32
606.3564345028939,9.448325807895848e+32
606.2847476946022,9.427488448631974e+32
606.2130778347281,9.51143384299718e+32
606.1414249172617,9.372999565431047e+32
606.069788936196,9.469190400967542e+32
605.998169885527,9.30497419654905e+32
605.9265677592533,9.389670668351658e+32
605.8549825513766,9.360041537966581e+32
605.7834142559011,9.340382073667276e+32
605.7118628668343,9.28676289020149e+32
605.640328378186,9.279335436426196e+32
605.5688107839693,9.20631470599145e+32
605.4973100781999,9.329632089475352e+32
605.4258262548964,9.196044056711259e+32
605.35435930808,9.291684843162282e+32
605.282909231775,9.225807038273255e+32
605.2114760200083,9.120458133769942e+32
605.1400596668099,9.236416265209222e+32
605.0686601662125,9.136077701615096e+32
604.9972775122512,9.213352083649872e+32
604.9259116989647,9.161784986458103e+32
604.8545627203939,9.25483174385372e+32
604.7832305705828,9.130272709622414e+32
604.711915243578,9.218166172869588e+32
604.640616733429,9.231466677935211e+32
604.5693350341885,9.088715266930671e+32
604.4980701399111,9.1929348062793e+32
604.4268220446551,9.137798666460599e+32
604.355590742481,9.097431150353681e+32
604.2843762274526,9.109067771541176e+32
604.2131784936361,9.05744795078411e+32
604.1419975351006,9.151537947618136e+32
604.0708333459181,9.180932368799706e+32
603.9996859201633,9.063823416157508e+32
603.9285552519136,9.147289142859817e+32
603.8574413352496,9.120320102656162e+32
603.786344164254,9.122165738524134e+32
603.715263733013,9.205443830698284e+32
603.644200035615,9.083490010245461e+32
603.5731530661516,9.047604251461985e+32
603.502122818717,9.170227804484368e+32
603.4311092874082,9.183874837154801e+32
603.360112466325,9.131479468638306e+32
603.2891323495699,9.105898275357778e+32
603.2181689312482,9.132624284161767e+32
603.1472222054682,9.121260609607583e+32
603.0762921663405,9.087385851844309e+32
603.005378807979,9.084666256716625e+32
602.9344821244999,9.165994453683682e+32
602.8636021100226,9.161409730777805e+32
602.792738758669,9.107280853369554e+32
602.7218920645635,9.12222643787631e+32
602.651062021834,9.088508248422946e+32
602.5802486246106,9.174361646099135e+32
602.5094518670262,9.188606495512874e+32
602.4386717432166,9.165019002845727e+32
602.3679082473202,9.120488337486336e+32
602.2971613734784,9.143395235496893e+32
602.2264311158352,9.205965839378079e+32
602.1557174685373,9.234546141596931e+32
602.0850204257342,9.199992000438064e+32
602.0143399815784,9.142659904286101e+32
601.9436761302245,9.138206638274354e+32
601.8730288658305,9.137235075817838e+32
601.8023981825568,9.119562100624926e+32
601.7317840745667,9.133817894389992e+32
601.661186536026,9.080700385416777e+32
601.5906055611036,9.084453722374463e+32
601.5200411439707,9.204839666422294e+32
601.4494932788019,9.219874713134254e+32
601.3789619597737,9.224766208097645e+32
601.308447181066,9.19915506518606e+32
601.237948936861,9.226316268917749e+32
601.1674672213438,9.193950519359373e+32
601.0970020287024,9.187639793063393e+32
601.026553353127,9.268217186108476e+32
600.9561211888114,9.251047262725001e+32
600.8857055299511,9.236963082219784e+32
600.8153063707451,9.207934554574979e+32
600.7449237053947,9.344564278453535e+32
600.6745575281041,9.31344615254301e+32
600.6042078330801,9.198556270070274e+32
600.5338746145324,9.168146075362258e+32
600.463557866673,9.264465452692055e+32
600.3932575837173,9.239833799019537e+32
600.3229737598829,9.348999225543841e+32
600.25270638939,9.306188305064749e+32
600.1824554664618,9.337903199731245e+32
600.1122209853243,9.376304184707518e+32
600.0420029402057,9.291434659099179e+32
599.9718013253378,9.340248062530753e+32
599.9016161349539,9.344939331552756e+32
599.8314473632909,9.33285464839075e+32
599.7612950045882,9.425751003473892e+32
599.6911590530877,9.312276258077553e+32
599.6210395030341,9.395735029045362e+32
599.5509363486749,9.399414783592509e+32
599.48084958426,9.458043758455762e+32
599.4107792040425,9.425219299394795e+32
599.3407252022776,9.435636321239577e+32
599.2706875732234,9.508856466973545e+32
599.2006663111409,9.385264376522527e+32
599.1306614102937,9.469128434989704e+32
599.0606728649477,9.5389445769391e+32
598.990700669372,9.428485603904722e+32
598.9207448178382,9.530612225110782e+32
598.8508053046204,9.591703905478062e+32
598.7808821239955,9.55199154605263e+32
598.7109752702431,9.533092886810236e+32
598.6410847376455,9.507122549301767e+32
598.5712105204875,9.593062107229557e+32
598.501352613057,9.540727817484125e+32
598.4315110096438,9.615421027754568e+32
598.361685704541,9.619989632857175e+32
598.2918766920442,9.655896679880603e+32
598.2220839664517,9.641993190814764e+32
598.1523075220643,9.723359572232718e+32
598.0825473531856,9.681541169899346e+32
598.0128034541219,9.740571037908646e+32
597.943075819182,9.70988554731704e+32
597.8733644426775,9.662236234819468e+32
597.8036693189223,9.66795423551851e+32
597.7339904422334,9.628244084245534e+32
597.6643278069305,9.561317011780382e+32
597.5946814073355,9.58933297575615e+32
597.5250512377733,9.579972807117474e+32
597.4554372925709,9.541620555987988e+32
597.385839566059,9.474044428968466e+32
597.3162580525698,9.492882248149935e+32
597.2466927464388,9.504174402795139e+32
597.1771436420042,9.508680942286698e+32
597.1076107336064,9.438228889947286e+32
597.0380940155886,9.44998030864801e+32
596.9685934822969,9.388681672841171e+32
596.8991091280797,9.35041087969035e+32
596.829640947288,9.267825404966989e+32
596.7601889342759,9.107055487539927e+32
596.6907530833995,9.01050503798806e+32
596.621333389018,8.926587532131829e+32
596.551929845493,8.81945206357343e+32
596.482542447189,8.717159615652836e+32
596.4131711884726,8.537996688841916e+32
596.3438160637133,8.426675846206268e+32
596.2744770672837,8.31873131976333e+32
596.205154193558,8.243905550878156e+32
596.1358474369139,8.140062548945777e+32
596.0665567917314,7.956789736363765e+32
595.9972822523929,7.976347725684167e+32
595.9280238132839,7.863593437574472e+32
595.8587814687919,7.87929118298577e+32
595.7895552133076,7.846496647389764e+32
595.7203450412238,7.772128233561035e+32
595.6511509469365,7.71235583037599e+32
595.5819729248435,7.730080265398497e+32
595.512810969346,7.684939227965229e+32
595.4436650748473,7.703474761997761e+32
595.3745352357535,7.643748666273642e+32
595.3054214464731,7.63402884240748e+32
595.2363237014176,7.597057473656763e+32
595.1672419950006,7.573365788066853e+32
595.0981763216387,7.549930649665101e+32
595.0291266757508,7.53123522376906e+32
594.9600930517586,7.503495176560463e+32
594.8910754440861,7.5047385689028e+32
594.8220738471605,7.517107359249004e+32
594.7530882554107,7.511527049290334e+32
594.684118663269,7.463533421985246e+32
594.6151650651698,7.474318221282741e+32
594.5462274555503,7.421225266742856e+32
594.47730582885,7.441216039172373e+32
594.4084001795113,7.402394031704846e+32
594.3395105019791,7.419167875714747e+32
594.2706367907008,7.414375556812731e+32
594.2017790401264,7.377721029559236e+32
594.1329372447085,7.362614509781513e+32
594.0641113989021,7.332517434619098e+32
593.9953014971652,7.305348184574993e+32
593.9265075339578,7.166899212462404e+32
593.8577295037428,6.882387155003118e+32
593.7889674009857,6.652940173141888e+32
593.7202212201545,6.405621997447047e+32
593.6514909557195,6.149788850640768e+32
593.5827766021541,5.851375193289407e+32
593.5140781539338,5.632509547099493e+32
593.4453956055369,5.357668211753184e+32
593.376728951444,5.088402687566293e+32
593.3080781861386,4.842861772038873e+32
593.2394433041064,4.559736979519152e+32
593.170824299836,4.309261190946607e+32
593.1022211678182,4.018447172723894e+32
593.0336339025469,3.768187829725639e+32
592.9650624985176,3.485695286209348e+32
592.8965069502293,3.245678666732707e+32
592.8279672521832,2.9618335843675257e+32
592.7594433988827,2.681206466381569e+32
592.6909353848342,2.4014745072193067e+32
592.6224432045466,2.1371900907853815e+32
592.5539668525311,1.8947356251798558e+32
592.4855063233016,1.8965902690441154e+32
592.4170616113744,1.8914279724458964e+32
592.3486327112686,1.8672608169446633e+32
592.2802196175054,1.8687647072355054e+32
592.2118223246091,1.851035574520994e+32
592.143440827106,1.8522742474238476e+32
592.0750751195251,1.8384416573109388e+32
592.0067251963982,1.8380700877851022e+32
591.9383910522594,1.8355999279302677e+32
591.870072681645,1.8282006353254054e+32
591.8017700790942,1.820492581265923e+32
591.7334832391491,1.8208870212441764e+32
591.6652121563535,1.8196673286592434e+32
591.5969568252541,1.7965678885769325e+32
591.5287172404002,1.8004575459208007e+32
591.4604933963436,1.7939436333946276e+32
591.3922852876384,1.795297987389299e+32
591.3240929088415,1.792275804041026e+32
591.255916254512,1.7879935374141224e+32
591.1877553192118,1.7867434830395696e+32
591.1196100975052,1.78233187619004e+32
591.0514805839589,1.787451006417592e+32
590.9833667731422,1.784870498117537e+32
590.9152686596269,1.805276518523083e+32
590.8471862379873,1.7997480185374712e+32
590.7791195028003,1.8082271409352762e+32
590.711068448645,1.8027941741716542e+32
590.6430330701035,1.8101533085340316e+32
590.5750133617596,1.818927697435118e+32
590.5070093182006,1.8174518863180475e+32
590.4390209340155,1.8215706979501516e+32
590.3710482037961,1.8098220429144063e+32
590.3030911221366,1.791080405259049e+32
590.235149683634,1.7914338095926944e+32
590.1672238828872,1.7720660975807074e+32
590.0993137144982,1.7641168833186644e+32
590.031419173071,1.7428835240900738e+32
589.9635402532123,1.7424055469378306e+32
589.8956769495314,1.7293878285324606e+32
589.82782925664,1.7118832593482048e+32
589.759997169152,1.6978159373619065e+32
589.6921806816842,1.6948885580768173e+32
589.6243797888555,1.6857694109797808e+32
589.5565944852876,1.685524202064408e+32
589.4888247656046,1.6759372408426987e+32
589.4210706244327,1.6750981436414565e+32
589.3533320564012,1.673655260146246e+32
589.2856090561412,1.6689541749587902e+32
589.217901618287,1.6576948070862152e+32
589.1502097374746,1.660656117518916e+32
589.0825334083432,1.655456290662588e+32
589.0148726255338,1.6504659808655743e+32
588.9472273836902,1.6517439586596236e+32
588.8795976774588,1.6570596810948885e+32
588.8119835014883,1.64281074483401e+32
588.7443848504295,1.640955597519261e+32
588.6768017189362,1.642512682395081e+32
588.6092341016646,1.6353245150431996e+32
588.541681993273,1.6322541187385014e+32
588.4741453884224,1.628414031118282e+32
588.4066242817761,1.6317457358315317e+32
588.3391186680002,1.6208404009607641e+32
588.2716285417629,1.629037663719117e+32
588.2041538977348,1.6287401028436583e+32
588.1366947305893,1.627476226219394e+32
588.0692510350019,1.6346695196505805e+32
588.0018228056507,1.631207238587317e+32
587.9344100372163,1.63630142356205e+32
587.8670127243814,1.630271312123125e+32
587.7996308618318,1.6364876787724693e+32
587.7322644442551,1.6425782515458842e+32
587.6649134663414,1.6435926093385717e+32
587.5975779227838,1.6431809317320386e+32
587.5302578082772,1.648632254077014e+32
587.462953117519,1.6501147379936945e+32
587.3956638452095,1.6507881371131837e+32
587.328389986051,1.6498691059528197e+32
587.2611315347483,1.6534793139001803e+32
587.1938884860086,1.6528781514609476e+32
587.1266608345419,1.662156607100491e+32
587.05944857506,1.661217276277895e+32
586.9922517022775,1.6537545637559724e+32
586.9250702109116,1.624021230036463e+32
586.8579040956813,1.5912432015055743e+32
586.7907533513087,1.5547743168773564e+32
586.7236179725179,1.5216650530437682e+32
586.6564979540354,1.4785094074551893e+32
586.5893932905906,1.4255110274879982e+32
586.5223039769145,1.379861379797926e+32
586.4552300077412,1.3286052794519773e+32
586.388171377807,1.2779622939385641e+32
586.3211280818504,1.2277881989847735e+32
586.2541001146127,1.1733586928189458e+32
586.1870874708372,1.1261565067970621e+32
586.1200901452698,1.0716639092678003e+32
586.053108132659,1.0225150989910234e+32
585.9861414277552,9.699153642994572e+31
585.9191900253118,9.14435394710394e+31
585.852253920084,8.679478212825362e+31
585.7853331068297,8.197190088625234e+31
585.7184275803094,7.784047894441724e+31
585.6515373352855,7.462093649473774e+31
585.5846623665233,7.096018874644276e+31
585.5178026687902,6.759421527310698e+31
585.4509582368559,6.431797634221839e+31
585.3841290654927,6.0755976504640615e+31
585.3173151494755,5.714490581961e+31
585.2505164835808,5.592322366685348e+31
585.1837330625883,5.489164376337553e+31
585.1169648812797,5.387670203107487e+31
585.0502119344393,5.297744450955027e+31
584.9834742168533,5.199366896762004e+31
584.916751723311,5.079413365909434e+31
584.8500444486034,4.989834161429573e+31
584.7833523875242,4.897460422055505e+31
584.7166755348695,4.793513490921294e+31
584.6500138854378,4.676226480904405e+31
584.5833674340298,4.593054648657825e+31
584.5167361754485,4.501627041702559e+31
584.4501201044997,4.422197338971963e+31
584.3835192159911,4.319226470063171e+31
584.316933504733,4.275854939009152e+31
584.250362965538,4.225130530829303e+31
584.1838075932211,4.18912389127472e+31
584.1172673825997,4.140399939152526e+31
584.0507423284935,4.086386772792083e+31
583.9842324257245,4.039857338733187e+31
583.9177376691172,4.0047048914367795e+31
583.8512580534983,4.0019861917891307e+31
583.784793573697,4.0023255148645954e+31
583.7183442245448,4.0306217636086175e+31
583.6519100008755,4.025128510110847e+31
583.5854908975253,4.0389900905548635e+31
583.5190869093328,4.0534453771566704e+31
583.4526980311389,4.066962960937473e+31
583.3863242577868,4.07621357550418e+31
583.3199655841221,4.084565994405255e+31
583.2536220049926,4.102729011323757e+31
583.1872935152488,4.152434472708879e+31
583.1209801097434,4.151638975578013e+31
583.054681783331,4.173470518302658e+31
582.9883985308692,4.177980790527605e+31
582.9221303472176,4.1853620630755515e+31
582.855877227238,4.161306113215662e+31
582.7896391657949,4.141134742841706e+31
582.723416157755,4.136555803534789e+31
582.657208197987,4.123742474382182e+31
582.5910152813624,4.096872487514905e+31
582.5248374027548,4.118142883578669e+31
582.4586745570401,4.112431440478733e+31
582.3925267390969,4.112858352071249e+31
582.3263939438056,4.1102106615297035e+31
582.2602761660489,4.1002484949519195e+31
582.1941734007127,4.10493251723289e+31
582.1280856426839,4.103928403280155e+31
582.0620128868529,4.121646814639255e+31
581.9959551281119,4.151452945809897e+31
581.9299123613552,4.1369425397134165e+31
581.8638845814799,4.134480085092205e+31
581.7978717833851,4.1406585523523895e+31
581.7318739619722,4.134197679212767e+31
581.6658911121452,4.1259558617523435e+31
581.5999232288101,4.186807185394208e+31
581.5339703068754,4.173229480872405e+31
581.468032341252,4.158517013059587e+31
581.4021093268526,4.176907508016804e+31
581.3362012585928,4.163310117959924e+31
581.2703081313904,4.208119184266767e+31
581.204429940165,4.210960777604022e+31
581.1385666798392,4.197310579319166e+31
581.0727183453373,4.2096700873390815e+31
581.0068849315865,4.218117540937601e+31
580.9410664335156,4.242639941860103e+31
580.8752628460564,4.255478423300964e+31
580.8094741641426,4.261606665343158e+31
580.7437003827101,4.2543242844611e+31
580.6779414966974,4.270693675873697e+31
580.6121975010451,4.307161029940841e+31
580.5464683906962,4.307194208630899e+31
580.4807541605958,4.304546410541187e+31
580.4150548056915,4.302597805337503e+31
580.3493703209332,4.349820852271338e+31
580.2837007012728,4.349155618525836e+31
580.2180459416649,4.350519540455844e+31
580.1524060370659,4.349882028599878e+31
580.086780982435,4.400008058095496e+31
580.0211707727332,4.399636863102694e+31
579.9555754029242,4.4074864391519645e+31
579.8899948679735,4.494780724172343e+31
579.8244291628495,4.486603547599412e+31
579.7588782825223,4.500140553035187e+31
579.6933422219646,4.516256389302461e+31
579.6278209761512,4.627407687863792e+31
579.5623145400593,4.6493407797272435e+31
579.4968229086684,4.661141072090369e+31
579.43134607696,4.718564246393243e+31
579.3658840399183,4.792501124416663e+31
579.3004367925294,4.797757580556496e+31
579.2350043297816,4.876964434376026e+31
579.169586646666,4.864842097650201e+31
579.1041837381754,4.904190638322577e+31
579.0387955993051,5.0181260889324645e+31
578.9734222250528,5.025759629143967e+31
578.908063610418,5.030389763490679e+31
578.842719750403,5.132128804975643e+31
578.7773906400121,5.143989308862118e+31
578.7120762742517,5.14283773268094e+31
578.6467766481306,5.251106609069541e+31
578.5814917566602,5.262037345600141e+31
578.5162215948535,5.279237620155099e+31
578.4509661577263,5.339932436335964e+31
578.3857254402961,5.348526661806854e+31
578.3204994375833,5.43317874067586e+31
578.2552881446101,5.478668826460034e+31
578.190091556401,5.495609027992641e+31
578.1249096679828,5.558248747590476e+31
578.0597424743847,5.559048361421987e+31
577.9945899706379,5.651684169269025e+31
577.9294521517759,5.653381176451991e+31
577.8643290128343,5.647668948096016e+31
577.7992205488515,5.783776479675525e+31
577.7341267548675,5.776234437060131e+31
577.6690476259247,5.851240387051119e+31
577.6039831570679,5.851719271740299e+31
577.538933343344,5.931474371843712e+31
577.4738981798023,5.9325775960736375e+31
577.408877661494,6.0068296728887755e+31
577.343871783473,6.026934478553288e+31
577.2788805407948,6.069882875579374e+31
577.2139039285178,6.145509980538427e+31
577.1489419417022,6.1337281684415795e+31
577.0839945754104,6.202837485937255e+31
577.0190618247074,6.212220223454097e+31
576.9541436846599,6.295486844415886e+31
576.8892401503374,6.303207687791196e+31
576.824351216811,6.361416676764063e+31
576.7594768791545,6.362035198538207e+31
576.6946171324437,6.4166708909202015e+31
576.6297719717567,6.43159158419412e+31
576.5649413921738,6.4996133104391845e+31
576.5001253887773,6.605209931564482e+31
576.435323956652,6.593825917197343e+31
576.370537090885,6.672683334815218e+31
576.3057647865651,6.673339663281923e+31
576.2410070387839,6.729798811230963e+31
576.1762638426347,6.73497500059783e+31
576.1115351932134,6.80496019244873e+31
576.0468210856178,6.8039115945643595e+31
575.9821215149482,6.939219834920756e+31
575.9174364763068,7.073616410594064e+31
575.8527659647981,7.079990401819666e+31
575.788109975529,7.219441127400005e+31
575.7234685036084,7.21663851046588e+31
575.6588415441473,7.356081828328373e+31
575.5942290922592,7.4987939613770115e+31
575.5296311430594,7.510097588708813e+31
575.4650476916659,7.647745658103981e+31
575.4004787331983,7.792739948678302e+31
575.3359242627789,7.776517847551097e+31
575.271384275532,7.916449701559108e+31
575.206858766584,8.05137236321578e+31
575.1423477310634,7.969100176056179e+31
575.0778511641013,8.099661325211316e+31
575.0133690608307,8.235192183385791e+31
574.9489014163865,8.229795907794617e+31
574.8844482259066,8.361862187314221e+31
574.8200094845301,8.494381820844812e+31
574.755585187399,8.495074238762486e+31
574.6911753296572,8.615194404242259e+31
574.6267799064508,8.700569581203773e+31
574.562398912928,8.778533344190389e+31
574.4980323442393,8.63990647607172e+31
574.4336801955372,8.71814082155506e+31
574.3693424619768,8.75954419284157e+31
574.3050191387148,8.83763503456764e+31
574.2407102209104,8.782760689937723e+31
574.176415703725,8.859217464076546e+31
574.1121355823219,8.9287148434849e+31
574.047869851867,8.993829590656425e+31
573.9836185075278,8.989479920112112e+31
573.9193815444744,8.92776002148862e+31
573.855158957879,9.005597057463883e+31
573.7909507429158,9.073673952809142e+31
573.7267568947614,9.140461711158066e+31
573.6625774085941,9.157097203675843e+31
573.5984122795949,9.1665251271772e+31
573.5342615029465,9.25925727165534e+31
573.4701250738343,9.218500600085682e+31
573.4060029874453,9.307355020372737e+31
573.3418952389688,9.39251550528294e+31
573.2778018235967,9.414549125705445e+31
573.2137227365223,9.500469599324722e+31
573.1496579729417,9.557553588933419e+31
573.0856075280525,9.647585743295391e+31
573.0215713970553,9.658498232454205e+31
572.9575495751519,9.75224653533129e+31
572.8935420575472,9.844015313505218e+31
572.8295488394474,9.90789416557007e+31
572.7655699160613,9.889607518409491e+31
572.7016052825996,9.975346032610222e+31
572.6376549342755,1.006363468124775e+32
572.573718866304,1.0141988787187187e+32
572.5097970739024,1.0158575663441824e+32
572.44588955229,1.0215150332690596e+32
572.3819962966885,1.0302129386324966e+32
572.3181173023213,1.0486718352286534e+32
572.2542525644144,1.0512977119314407e+32
572.1904020781956,1.0744923434821252e+32
572.1265658388949,1.0923127851937795e+32
572.0627438417446,1.0966186507393465e+32
571.9989360819789,1.1169113307114286e+32
571.9351425548343,1.1258303523045953e+32
571.8713632555493,1.138726464443416e+32
571.8075981793646,1.184991380895803e+32
571.743847321523,1.1951062772485281e+32
571.6801106772695,1.2087794257822126e+32
571.6163882418509,1.214951579994501e+32
571.5526800105166,1.234441728353913e+32
571.4889859785177,1.2371781900191749e+32
571.4253061411077,1.2787759692801729e+32
571.3616404935422,1.2816452519656354e+32
571.2979890310786,1.3000147889973174e+32
571.2343517489768,1.3090937239089332e+32
571.1707286424985,1.3433201392295857e+32
571.1071197069078,1.3523887420013357e+32
571.0435249374707,1.3633999778556385e+32
570.9799443294554,1.3922924389124379e+32
570.9163778781322,1.4110305260148846e+32
570.8528255787735,1.4140629926200928e+32
570.7892874266536,1.4415741152949783e+32
570.7257634170493,1.4521536773905087e+32
570.6622535452393,1.460764879042341e+32
570.5987578065043,1.4929603856529879e+32
570.5352761961273,1.5007252848776179e+32
570.4718087093931,1.5119790225578658e+32
570.4083553415891,1.5386291581817142e+32
570.3449160880042,1.5399678103421853e+32
570.28149094393,1.5762509131874556e+32
570.2180799046596,1.5775567973901859e+32
570.1546829654885,1.6061182754811863e+32
570.0913001217145,1.6121467714117607e+32
570.027931368637,1.6414264924493577e+32
569.964576701558,1.6387073505389467e+32
569.9012361157811,1.676147086897537e+32
569.8379096066124,1.6935309712747705e+32
569.7745971693598,1.700804390138335e+32
569.7112987993335,1.7310759573967756e+32
569.6480144918454,1.7536050593731228e+32
569.5847442422101,1.7550086343060294e+32
569.5214880457439,1.781439173456775e+32
569.4582458977652,1.8073041958692724e+32
569.3950177935943,1.8031894305808494e+32
569.331803728554,1.8288397838376766e+32
569.2686036979688,1.8458271658604215e+32
569.2054176971657,1.872323298092221e+32
569.1422457214732,1.8943746978406808e+32
569.0790877662223,1.8931765519669236e+32
569.015943826746,1.9087214134486726e+32
568.9528138983793,1.931222160233498e+32
568.8896979764594,1.955615666684801e+32
568.8265960563252,1.9727633055496944e+32
568.7635081333182,1.9913138475501754e+32
568.7004342027815,2.00718398401469e+32
568.6373742600606,2.041082829097693e+32
568.5743283005029,2.078653363149831e+32
568.5112963194579,2.1154386032330957e+32
568.448278312277,2.1498227396157267e+32
568.3852742743142,2.163732133665175e+32
568.3222842009246,2.250404733738982e+32
568.2593080874665,2.2816003873060523e+32
568.1963459292994,2.3153993698542347e+32
568.1333977217851,2.3443361907170296e+32
568.0704634602876,2.4001409888841705e+32
568.007543140173,2.4298027381936317e+32
567.9446367568089,2.4556569216099983e+32
567.8817443055658,2.504331913385524e+32
567.8188657818156,2.521078967412422e+32
567.7560011809325,2.587231346950028e+32
567.6931504982927,2.5957568711696723e+32
567.6303137292743,2.6543457916703147e+32
567.567490869258,2.661049327920451e+32
567.5046819136257,2.719026010352332e+32
567.4418868577621,2.7588186969951955e+32
567.3791056970537,2.8124619238384275e+32
567.3163384268886,2.81558507824648e+32
567.2535850426575,2.860701840876333e+32
567.190845539753,2.8952058900781152e+32
567.1281199135697,2.927583782261129e+32
567.0654081595042,2.9761690008254562e+32
567.0027102729551,3.005615793782693e+32
566.9400262493232,3.0345145019679947e+32
566.8773560840112,3.108358385952024e+32
566.8146997724239,3.1297337507849706e+32
566.7520573099681,3.1472210580624094e+32
566.6894286920525,3.199573460655508e+32
566.6268139140881,3.231940372064086e+32
566.5642129714877,3.280469547795925e+32
566.5016258596662,3.326989683777043e+32
566.4390525740406,3.363346921834783e+32
566.37649311003,3.4069878443037766e+32
566.3139474630551,3.4394883871126194e+32
566.2514156285391,3.478071894902472e+32
566.1888976019069,3.50807927972791e+32
566.1263933785857,3.5375349115333595e+32
566.0639029540044,3.5701751455366655e+32
566.0014263235944,3.6256811300489795e+32
565.9389634827884,3.668341238036425e+32
565.8765144270217,3.701443675178949e+32
565.8140791517316,3.730602836699892e+32
565.7516576523569,3.76351270728784e+32
565.689249924339,3.797465615437909e+32
565.6268559631211,3.844661648043042e+32
565.5644757641483,3.886172687519228e+32
565.5021093228678,3.919014216989967e+32
565.4397566347287,3.947100870712572e+32
565.3774176951824,3.989030200415061e+32
565.315092499682,4.017456016673478e+32
565.2527810436827,4.0754920421446935e+32
565.1904833226419,4.115738543564519e+32
565.1281993320184,4.150167160260223e+32
565.0659290672739,4.236084779878606e+32
565.0036725238714,4.300573183849152e+32
564.9414296972761,4.3761721348166364e+32
564.8792005829554,4.314943146423464e+32
564.8169851763782,4.135105579420836e+32
564.754783473016,4.039560113491087e+32
564.6925954683419,3.949575209112808e+32
564.6304211578312,3.8512936508731645e+32
564.5682605369609,3.7576362496074356e+32
564.5061136012102,3.654540395747868e+32
564.4439803460606,3.556066237340949e+32
564.3818607669949,3.470109723415994e+32
564.3197548594984,3.3683629611944415e+32
564.2576626190584,3.266595502272416e+32
564.1955840411638,3.1650033873743546e+32
564.1335191213057,3.0661612745742117e+32
564.0714678549772,2.9685496076147664e+32
564.0094302376735,2.8700642125021657e+32
563.9474062648917,2.7662992491463455e+32
563.8853959321307,2.6623213969348356e+32
563.8233992348917,2.560949484027511e+32
563.7614161686774,2.4607825382318244e+32
563.699446728993,2.354139934665706e+32
563.6374909113455,2.24734724703761e+32
563.5755487112436,2.149429201874985e+32
563.5136201241984,2.058843371630708e+32
563.4517051457227,2.015457526334394e+32
563.3898037713313,1.963917563336102e+32
563.3279159965412,1.9177358620006736e+32
563.2660418168709,1.872121687003101e+32
563.2041812278414,1.8188817834887832e+32
563.1423342249753,1.7744353015173324e+32
563.0805008037975,1.722480009366937e+32
563.0186809598342,1.6763820761056456e+32
562.9568746886144,1.6279128784178236e+32
562.8950819856688,1.5797178845498746e+32
562.8333028465295,1.5290576618644524e+32
562.7715372667312,1.4789509764911414e+32
562.7097852418104,1.4319437199000791e+32
562.6480467673056,1.382756031368781e+32
562.5863218387572,1.3359396312952287e+32
562.5246104517073,1.284750050462182e+32
562.4629126017003,1.2378081670258382e+32
562.4012282842826,1.1883993918552139e+32
562.3395574950022,1.136912938888371e+32
562.2779002294094,1.0888881094733086e+32
562.2162564830562,1.0441372390094282e+32
562.1546262514967,1.0213887132546527e+32
562.093009530287,9.966972207928756e+31
562.0314063149849,9.734891113124135e+31
561.9698166011503,9.493615365914622e+31
561.9082403843453,9.282902264518127e+31
561.8466776601333,9.023119349780354e+31
561.7851284240804,8.813011147079539e+31
561.723592671754,8.569283729205636e+31
561.6620703987239,8.32848002545554e+31
561.6005616005616,8.088867646508698e+31
561.5390662728406,7.861936674303915e+31
561.4775844111364,7.618921139097984e+31
561.4161160110262,7.373455711230981e+31
561.3546610680895,7.135906113915479e+31
561.2932195779075,6.9055108330342785e+31
561.2317915360634,6.661853895616607e+31
561.1703769381422,6.414120465671723e+31
561.108975779731,6.178661955812026e+31
561.0475880564189,5.940584440094444e+31
560.9862137637967,5.699412512574892e+31
560.9248528974573,5.464018323772338e+31
560.8635054529954,5.3577494508259e+31
560.8021714260077,5.260574229060923e+31
560.740850812093,5.144781020930586e+31
560.6795436068514,5.045435700229258e+31
560.618249805886,4.949822451712281e+31
560.5569694048006,4.839951926559945e+31
560.4957023992018,4.74626178837273e+31
560.4344487846979,4.634617428354976e+31
560.3732085568989,4.5303248017418605e+31
560.3119817114169,4.427637441415552e+31
560.250768243866,4.320770367526154e+31
560.1895681498619,4.2178916334430815e+31
560.1283814250226,4.115320332661565e+31
560.0672080649679,4.004902884515963e+31
560.0060480653191,3.9027875787244936e+31
559.9449014217001,3.79173667780435e+31
559.8837681297363,3.6906329430789292e+31
559.822648185055,3.5846565024434915e+31
559.7615415832855,3.479924086202296e+31
559.7004483200591,3.36793346163968e+31
559.6393683910088,3.2699250215577023e+31
559.5783017917697,3.2029543829327824e+31
559.5172485179787,3.1627001515280405e+31
559.4562085652746,3.1098080840772296e+31
559.395181929298,3.0669312602144795e+31
559.3341686056918,3.0157688046450403e+31
559.2731685901003,2.975411053433322e+31
559.21218187817,2.9256566770483356e+31
559.1512084655493,2.879191513138673e+31
559.0902483478883,2.834379102109123e+31
559.0293015208392,2.7852336035033376e+31
558.968367980056,2.739573739164659e+31
558.9074477211947,2.690442793758211e+31
558.8465407399128,2.6411605816297827e+31
558.7856470318703,2.5963862879616818e+31
558.7247665927288,2.551058746065437e+31
558.6638994181516,2.502158803490422e+31
558.6030455038041,2.4540856017738174e+31
558.5422048453536,2.408269825640375e+31
558.4813774384693,2.358950974066709e+31
558.4205632788222,2.311098097746348e+31
558.3597623620851,2.259145516181002e+31
558.298974683933,2.218819766240708e+31
558.2382002400424,2.198097743860923e+31
558.177439026092,2.176476447226227e+31
558.1166910377622,2.1542835076356623e+31
558.0559562707352,2.128941220430222e+31
557.9952347206955,2.1081791784872302e+31
557.934526383329,2.083359375240941e+31
557.8738312543235,2.0602470842819213e+31
557.8131493293691,2.0384233884904483e+31
557.7524806041574,2.016273231299172e+31
557.6918250743822,1.9880264121701682e+31
557.6311827357385,1.9677760234897616e+31
557.5705535839242,1.9428040673995524e+31
557.5099376146379,1.918522424552399e+31
557.4493348235812,1.8996531717371134e+31
557.3887452064567,1.8751972267995605e+31
557.3281687589695,1.8499473226563198e+31
557.267605476826,1.8259521425273825e+31
557.207055355735,1.802048314962303e+31
557.1465183914066,1.7791960931646115e+31
557.0859945795532,1.756096648618394e+31
557.0254839158891,1.7306165272070024e+31
556.9649863961303,1.7228027965090463e+31
556.9045020159944,1.7196186756502857e+31
556.8440307712011,1.7071164179543517e+31
556.7835726574723,1.703318536497889e+31
556.7231276705312,1.6918654556182457e+31
556.6626958061032,1.6885201093758002e+31
556.6022770599155,1.6807067291519955e+31
556.5418714276968,1.6685800036325182e+31
556.4814789051784,1.6626965140691389e+31
556.4210994880926,1.6549747183099924e+31
556.3607331721742,1.6467910384043162e+31
556.3003799531596,1.6410984898519289e+31
556.2400398267869,1.6363657402750353e+31
556.1797127887963,1.6245408231850495e+31
556.1193988349298,1.6154187318228192e+31
556.0590979609312,1.6102371895334756e+31
555.9988101625462,1.5992566236034353e+31
555.9385354355222,1.5970241459940914e+31
555.8782737756086,1.5826648294344934e+31
555.8180251785566,1.5788390357168835e+31
555.757789640119,1.5680951202269895e+31
555.6975671560509,1.5645933004156681e+31
555.6373577221091,1.5612830839876866e+31
555.5771613340519,1.559360844279863e+31
555.5169779876397,1.5599072114105887e+31
555.456807678635,1.556645122309057e+31
555.3966504028014,1.5538661752388792e+31
555.3365061559051,1.5526585031152508e+31
555.2763749337139,1.5497971171719946e+31
555.2162567319971,1.5483017418869932e+31
555.1561515465263,1.544649300389798e+31
555.0960593730746,1.5443837516079453e+31
555.035980207417,1.5382831458241677e+31
554.9759140453305,1.5402770339736962e+31
554.9158608825936,1.5411408176159507e+31
554.8558207149872,1.534408806598957e+31
554.7957935382934,1.5357456340536256e+31
554.7357793482964,1.530210011415486e+31
554.6757781407822,1.528650242706144e+31
554.6157899115389,1.5250855833746239e+31
554.5558146563556,1.527711556919759e+31
554.4958523710243,1.5228911395715388e+31
554.435903051338,1.5186683152512288e+31
554.3759666930919,1.521357229043483e+31
554.316043292083,1.5205917907721504e+31
554.2561328441099,1.5247264879159944e+31
554.1962353449733,1.526858763652597e+31
554.1363507904755,1.526317796920525e+31
554.0764791764208,1.5301166285259957e+31
554.016620498615,1.5315661117393506e+31
553.9567747528661,1.5337008690803717e+31
553.8969419349836,1.5356762143678138e+31
553.837122040779,1.5388085099076853e+31
553.7773150660656,1.535533776216696e+31
553.7175210066584,1.5387321478857419e+31
553.6577398583744,1.5407029161594939e+31
553.5979716170319,1.5403896848162598e+31
553.5382162784518,1.542503004714174e+31
553.4784738384562,1.5472912186801312e+31
553.4187442928692,1.5484882107521794e+31
553.3590276375166,1.5504615795208732e+31
553.2993238682262,1.5497399006288967e+31
553.2396329808274,1.5548824135250334e+31
553.1799549711517,1.557320276535479e+31
553.1202898350318,1.5546943479366675e+31
553.0606375683029,1.558586181916623e+31
553.0009981668017,1.56515595422495e+31
552.9413716263665,1.568981656667849e+31
552.8817579428376,1.5691248042228537e+31
552.822157112057,1.5735170511019302e+31
552.7625691298688,1.5752086662434072e+31
552.7029939921184,1.5814734048521656e+31
552.6434316946535,1.5849959265804164e+31
552.583882233323,1.5924430932297505e+31
552.5243456039782,1.5892109020171788e+31
552.4648218024716,1.595499881189898e+31
552.4053108246583,1.5978502530534214e+31
552.3458126663942,1.6048796554325876e+31
552.2863273235376,1.6063171507981067e+31
552.2268547919485,1.6112604507938533e+31
552.1673950674887,1.6153193568755615e+31
552.1079481460215,1.6217138495108107e+31
552.0485140234124,1.619798558780868e+31
551.9890926955283,1.6259358512181682e+31
551.9296841582383,1.6264451910417671e+31
551.8702884074128,1.6296598454147916e+31
551.8109054389241,1.6333343427036727e+31
551.7515352486469,1.6375177454465893e+31
551.6921778324567,1.6436992806977926e+31
551.6328331862312,1.6475167994335662e+31
551.5735013058503,1.6551765448712776e+31
551.5141821871949,1.6583056608245276e+31
551.4548758261484,1.664753832494457e+31
551.3955822185952,1.6706309621482813e+31
551.3363013604223,1.6739653014163217e+31
551.2770332475179,1.6784703814797904e+31
551.2177778757721,1.6837738048330792e+31
551.1585352410767,1.6867682086983298e+31
551.0993053393256,1.6933256672042447e+31
551.0400881664141,1.6999606741684022e+31
550.9808837182394,1.7052898064176144e+31
550.9216919907004,1.7120323818095865e+31
550.862512979698,1.7153137901494413e+31
550.8033466811344,1.7192928122857994e+31
550.7441930909141,1.7244099153249195e+31
550.685052204943,1.731376965974537e+31
550.6259240191287,1.7327753176423967e+31
550.566808529381,1.7406814232461185e+31
550.5077057316109,1.743805595375026e+31
550.4486156217317,1.7442545905443212e+31
550.389538195658,1.7437026136092323e+31
550.3304734493063,1.7453572671399625e+31
550.2714213785949,1.7393898342089268e+31
550.2123819794441,1.7381288747361448e+31
550.1533552477753,1.7357233296543375e+31
550.0943411795123,1.7392448747937806e+31
550.0353397705803,1.73151562905135e+31
549.9763510169063,1.7298489297073782e+31
549.917374914419,1.7275837533589902e+31
549.8584114590493,1.7286975431046523e+31
549.7994606467291,1.7241825366422567e+31
549.7405224733926,1.726456528674081e+31
549.6815969349755,1.7216795733002584e+31
549.6226840274152,1.718725426431842e+31
549.5637837466511,1.7217595431734255e+31
549.5048960886242,1.717907394521631e+31
549.4460210492771,1.7228006207345128e+31
549.3871586245543,1.7203738629259476e+31
549.3283088104021,1.7227258359464305e+31
549.2694716027684,1.7191175949030754e+31
549.2106469976027,1.7208760801673233e+31
549.1518349908566,1.719101553911569e+31
549.0930355784833,1.723354520212428e+31
549.0342487564374,1.719325971746486e+31
548.9754745206758,1.7236148142349444e+31
548.9167128671567,1.725230981155542e+31
548.8579637918401,1.7223069497190673e+31
548.799227290688,1.725571680328828e+31
548.7405033596638,1.725867158273643e+31
548.6817919947326,1.7255701783383957e+31
548.6230931918617,1.7271738885079328e+31
548.5644069470196,1.7273563101321504e+31
548.5057332561769,1.7281994024516885e+31
548.4470721153054,1.728241309324262e+31
548.3884235203794,1.7302779260814395e+31
548.3297874673743,1.730684700507334e+31
548.2711639522674,1.7315208049298775e+31
548.2125529710379,1.7333304857251367e+31
548.1539545196664,1.7390741793073737e+31
548.0953685941354,1.7361863460022184e+31
548.0367951904291,1.7375676315495671e+31
547.9782343045334,1.7435616342219404e+31
547.919685932436,1.744105027968587e+31
547.8611500701262,1.7495955959285137e+31
547.8026267135951,1.7539173110377392e+31
547.7441158588354,1.75559778108174e+31
547.6856175018415,1.7547342237916228e+31
547.62713163861,1.759357459120178e+31
547.5686582651382,1.7587751045677535e+31
547.5101973774262,1.7634803816454249e+31
547.451748971475,1.7680239600908247e+31
547.3933130432879,1.7705388543324022e+31
547.3348895888694,1.7720719501293011e+31
547.276478604226,1.7762048944251555e+31
547.2180800853661,1.7754516731951066e+31
547.1596940282991,1.7770163615070069e+31
547.1013204290368,1.7835718673401448e+31
547.0429592835925,1.7847167946738203e+31
546.984610587981,1.7893876860676894e+31
546.9262743382192,1.7925745132313387e+31
546.8679505303252,1.7952065800504655e+31
546.8096391603191,1.7962959324960749e+31
546.7513402242226,1.801739649018224e+31
546.6930537180594,1.807267710031072e+31
546.6347796378544,1.8085078937144862e+31
546.5765179796346,1.8105325843083578e+31
546.5182687394282,1.8128618149084412e+31
546.4600319132659,1.8135182046356843e+31
546.4018074971792,1.8193060393884569e+31
546.3435954872019,1.8223004009879777e+31
546.2853958793693,1.823983154053154e+31
546.2272086697183,1.8239048313018182e+31
546.1690338542876,1.831304563971912e+31
546.1108714291175,1.8322234194718288e+31
546.0527213902502,1.8359666971073133e+31
545.9945837337294,1.83586780692098e+31
545.9364584556004,1.8402650812458106e+31
545.8783455519103,1.8432052571679622e+31
545.820245018708,1.843962116483585e+31
545.7621568520439,1.8475758781794809e+31
545.7040810479701,1.850805955841705e+31
545.6460176025405,1.8542377990463294e+31
545.5879665118106,1.8577249665693256e+31
545.5299277718376,1.8596056258903296e+31
545.4719013786802,1.8668188292391676e+31
545.4138873283991,1.8702940552024405e+31
545.3558856170565,1.8705590057864183e+31
545.2978962407163,1.8746810957340566e+31
545.2399191954439,1.8796324531201582e+31
545.1819544773068,1.8792258888115235e+31
545.1240020823736,1.8767886333524252e+31
545.0660620067151,1.8722434959544198e+31
545.0081342464036,1.8713527800007547e+31
544.9502187975128,1.8703521109510474e+31
544.8923156561185,1.8649096129907932e+31
544.8344248182977,1.860608276123057e+31
544.7765462801295,1.8586740062182669e+31
544.7186800376945,1.853715485576203e+31
544.660826087075,1.8532188584347467e+31
544.6029844243546,1.8512111956253406e+31
544.5451550456193,1.848696148703891e+31
544.487337946956,1.835578205595629e+31
544.4295331244539,1.8170468801585354e+31
544.3717405742033,1.8001536045122614e+31
544.3139602922967,1.7841067412537166e+31
544.2561922748276,1.766487838273145e+31
544.1984365178919,1.7518171990382725e+31
544.1406930175866,1.7361333584117088e+31
544.0829617700107,1.7183296908004521e+31
544.0252427712646,1.7026231642245718e+31
543.9675360174505,1.6881146135397937e+31
543.9098415046722,1.6742376042515165e+31
543.8521592290351,1.6602080542512797e+31
543.7944891866466,1.643280977981549e+31
543.7368313736151,1.6288374304282658e+31
543.6791857860513,1.6139340568373637e+31
543.6215524200672,1.600780862772938e+31
543.5639312717766,1.5852984481944894e+31
543.5063223372946,1.5712616669243528e+31
543.4487256127385,1.5577295503152396e+31
543.3911410942268,1.544360411302006e+31
543.3335687778798,1.5266017757607456e+31
543.2760086598196,1.516516000495801e+31
543.2184607361696,1.5057130741124903e+31
543.1609250030554,1.4932356599548966e+31
543.1034014566034,1.483273053099783e+31
543.0458900929423,1.4726767904483406e+31
542.9883909082024,1.4594860767016443e+31
542.9309038985153,1.451031204890114e+31
542.8734290600146,1.4409234086859622e+31
542.8159663888354,1.426583054786753e+31
542.7585158811141,1.4179470735962843e+31
542.7010775329894,1.4067779909205768e+31
542.6436513406012,1.395953015937727e+31
542.5862373000908,1.3865079359084382e+31
542.528835407602,1.3761409683412979e+31
542.4714456592791,1.3682706022036034e+31
542.4140680512689,1.3564946659199598e+31
542.3567025797197,1.3490992711773036e+31
542.2993492407809,1.338488785860421e+31
542.2420080306041,1.3310980283398053e+31
542.1846789453424,1.3193615021368256e+31
542.1273619811502,1.3102384087315734e+31
542.070057134184,1.3003212296150953e+31
542.0127644006016,1.2908741072107437e+31
541.9554837765626,1.2851524033950392e+31
541.8982152582281,1.2808756916366616e+31
541.8409588417608,1.2728286301323293e+31
541.7837145233251,1.2648837999627835e+31
541.7264822990871,1.2564443907161167e+31
541.6692621652145,1.2530730909711823e+31
541.6120541178765,1.242109612747225e+31
541.5548581532438,1.2386272797504286e+31
541.497674267489,1.2288173323011655e+31
541.4405024567862,1.2232540457342796e+31
541.3833427173113,1.2131878528350173e+31
541.3261950452413,1.2097726086995675e+31
541.2690594367555,1.2025803666570945e+31
541.2119358880341,1.198993351282028e+31
541.1548243952595,1.1962336695151917e+31
541.0977249546154,1.1876271318641511e+31
541.0406375622873,1.180378990832552e+31
540.9835622144622,1.174383564984842e+31
540.9264989073284,1.171552181160577e+31
540.8694476370766,1.1646316631312295e+31
540.8124083998983,1.1594456773741908e+31
540.7553811919871,1.1551877702428882e+31
540.698366009538,1.1494302383949918e+31
540.6413628487475,1.1428228899508517e+31
540.584371705814,1.141747601542559e+31
540.5273925769374,1.137207235498128e+31
540.4704254583189,1.1305630932059468e+31
540.4134703461618,1.1297023469569054e+31
540.3565272366708,1.1236457492526963e+31
540.2995961260519,1.1216399772625815e+31
540.2426770105131,1.1170257705892373e+31
540.1857698862639,1.109978903754398e+31
540.1288747495153,1.1074238664615178e+31
540.0719915964798,1.1032197441541795e+31
540.0151204233719,1.1028883781553864e+31
539.9582612264072,1.0985482741290716e+31
539.9014140018032,1.0923233062402288e+31
539.8445787457791,1.0923235395058678e+31
539.7877554545553,1.0880523093946023e+31
539.730944124354,1.0875669643374171e+31
539.6741447513991,1.0809523701910728e+31
539.617357331916,1.079269254961639e+31
539.5605818621315,1.0753895663716725e+31
539.5038183382743,1.0708145509635488e+31
539.4470667565745,1.0733018335300695e+31
539.3903271132639,1.0658364824811191e+31
539.3335994045757,1.0701343473223498e+31
539.2768836267448,1.0639441366368721e+31
539.220179776008,1.0653682184591972e+31
539.1634878486029,1.0565558331192398e+31
539.1068078407694,1.0636709201839505e+31
539.0501397487487,1.0593141070288587e+31
538.9934835687836,1.0607236333825425e+31
538.9368392971186,1.0559786998829773e+31
538.8802069299995,1.0556061781302832e+31
538.8235864636738,1.054190836140293e+31
538.766977894391,1.0525499123501023e+31
538.7103812184013,1.0499455966947188e+31
538.6537964319573,1.0520997078955244e+31
538.5972235313127,1.0464576795738791e+31
538.540662512723,1.0494358081406685e+31
538.4841133724452,1.0451742889524256e+31
538.4275761067379,1.0465206299575458e+31
538.3710507118611,1.0449390286981049e+31
538.3145371840767,1.0479758868936407e+31
538.2580355196478,1.0442124199694696e+31
538.2015457148393,1.0477350861141273e+31
538.1450677659177,1.0467699214421027e+31
538.0886016691509,1.0450693660969382e+31
538.0321474208084,1.0473216523250395e+31
537.9757050171614,1.0454449188576329e+31
537.9192744544825,1.0467717131383143e+31
537.8628557290461,1.0449275927622502e+31
537.806448837128,1.0490391570621321e+31
537.7500537750054,1.0443907994394917e+31
537.6936705389572,1.0449941411428406e+31
537.6372991252641,1.049877889653259e+31
537.5809395302081,1.0496668289845759e+31
537.5245917500725,1.0526311437526835e+31
537.468255781143,1.0547642826448294e+31
537.4119316197058,1.05457025294405e+31
537.3556192620495,1.0539483438004097e+31
537.2993187044639,1.053918166437603e+31
537.2430299432402,1.0565608858585163e+31
537.1867529746717,1.0557477245697191e+31
537.1304877950524,1.062867787062046e+31
537.0742344006788,1.0582172086966275e+31
537.0179927878484,1.0579867086370963e+31
536.9617629528601,1.060270120253573e+31
536.9055448920149,1.0616011710717423e+31
536.8493386016148,1.0645752315911596e+31
536.7931440779638,1.0638160711618972e+31
536.7369613173672,1.0641700699221368e+31
536.6807903161318,1.0690982179228988e+31
536.6246310705661,1.0725079951384404e+31
536.5684835769802,1.0711916743415986e+31
536.5123478316854,1.0726912444613926e+31
536.4562238309948,1.0780503182617343e+31
536.4001115712232,1.0783698366374856e+31
536.3440110486866,1.0750428333409661e+31
536.2879222597028,1.0768354333349472e+31
536.2318452005909,1.082849358859838e+31
536.1757798676718,1.0861022228421236e+31
536.1197262572678,1.086639579624482e+31
536.0636843657027,1.0901384142578177e+31
536.0076541893018,1.0881283287842017e+31
535.9516357243922,1.0913992637255313e+31
535.8956289673023,1.0918103545355864e+31
535.8396339143621,1.099347371310888e+31
535.7836505619031,1.102669529531543e+31
535.7276789062583,1.1049984708622956e+31
535.6717189437626,1.1109060344962298e+31
535.6157706707515,1.114009991167235e+31
535.5598340835634,1.1129754861134834e+31
535.503909178537,1.1087967948270033e+31
535.4479959520131,1.11695189365566e+31
535.392094400334,1.121923437946187e+31
535.3362045198436,1.123377043161456e+31
535.2803263068869,1.1252723859377745e+31
535.2244597578109,1.128224994222099e+31
535.1686048689639,1.1323160850555624e+31
535.1127616366958,1.1376775649171715e+31
535.056930057358,1.1342407577250895e+31
535.0011101273035,1.139219259587155e+31
534.9453018428866,1.1426475471509963e+31
534.8895052004632,1.1393977818952825e+31
534.8337201963909,1.1431354908294404e+31
534.7779468270287,1.1530867342735574e+31
534.7221850887371,1.159397106965579e+31
534.6664349778782,1.1573103668044515e+31
534.6106964908154,1.1646996207305377e+31
534.5549696239138,1.1631682319619666e+31
534.4992543735401,1.1692478233508965e+31
534.4435507360623,1.1791208408722027e+31
534.3878587078501,1.1762594221353501e+31
534.3321782852746,1.1779354787661217e+31
534.2765094647084,1.18492075549108e+31
534.2208522425256,1.1923350633764898e+31
534.1652066151019,1.1940268884289012e+31
534.1095725788146,1.1932446173987904e+31
534.0539501300422,1.202291500017438e+31
533.9983392651649,1.2141793058230766e+31
533.9427399805645,1.2150363550535927e+31
533.8871522726241,1.2213301012910071e+31
533.8315761377285,1.2220418284460813e+31
533.7760115722639,1.225898014349509e+31
533.720458572618,1.2221889239208194e+31
533.66491713518,1.230053210657917e+31
533.6093872563406,1.2488922145696587e+31
533.553868932492,1.2470135263532675e+31
533.4983621600281,1.2500717743783525e+31
533.442866935344,1.2577335502948828e+31
533.3873832548365,1.2607780829685337e+31
533.3319111149036,1.2699551613516635e+31
533.2764505119454,1.276515619603007e+31
533.2210014423628,1.2791002177468283e+31
533.1655639025587,1.2781749729539808e+31
533.1101378889372,1.2901383310476187e+31
533.054723397904,1.290886350247671e+31
532.9993204258665,1.294601448289967e+31
532.9439289692332,1.3036678759488053e+31
532.8885490244143,1.3152385814263344e+31
532.8331805878215,1.3159785811753728e+31
532.7778236558681,1.322586038294979e+31
532.7224782249688,1.315432993664212e+31
532.6671442915393,1.3268813394636799e+31
532.6118218519978,1.3362616772680644e+31
532.5565109027631,1.339968395223552e+31
532.501211440256,1.3485017364044596e+31
532.4459234608985,1.3477127344273506e+31
532.3906469611142,1.3534549824146774e+31
532.3353819373282,1.362808490106649e+31
532.2801283859669,1.36477745529658e+31
532.2248863034587,1.3710210549235268e+31
532.1696556862328,1.3829533542045613e+31
532.1144365307204,1.383479518037401e+31
532.0592288333537,1.3860224906756385e+31
532.004032590567,1.3918075499283916e+31
531.9488477987957,1.402319051467323e+31
531.8936744544766,1.4040045543781194e+31
531.8385125540481,1.399182974515025e+31
531.7833620939501,1.4008873645291436e+31
531.7282230706242,1.416776425777234e+31
531.6730954805129,1.4181982460229442e+31
531.6179793200606,1.4217011351342284e+31
531.5628745857132,1.4261096205431576e+31
531.5077812739179,1.4257053321081558e+31
531.4526993811234,1.4299456305732574e+31
531.3976289037798,1.4389957949390979e+31
531.342569838339,1.4509730957829852e+31
531.2875221812541,1.4420613515628092e+31
531.2324859289795,1.4458547899364925e+31
531.1774610779715,1.453845435759022e+31
531.1224476246877,1.4622232655606062e+31
531.0674455655868,1.4575078011727347e+31
531.0124548971296,1.4714053826818971e+31
530.957475615778,1.4750236320834178e+31
530.9025077179951,1.4821569992352932e+31
530.8475512002464,1.4862333709720395e+31
530.7926060589976,1.4892332851505335e+31
530.7376722907169,1.5001784865424547e+31
530.6827498918734,1.5083437366279012e+31
530.6278388589378,1.5079072092176555e+31
530.5729391883825,1.5102866859284808e+31
530.5180508766811,1.5269559297627503e+31
530.4631739203085,1.5288956816713129e+31
530.4083083157415,1.5387307773394635e+31
530.3534540594579,1.5424778409276485e+31
530.2986111479373,1.5432710611406321e+31
530.2437795776608,1.5520437715334376e+31
530.1889593451106,1.5646448344632383e+31
530.1341504467706,1.5635718361688341e+31
530.079352879126,1.5723693713762713e+31
530.0245666386637,1.5830579971765022e+31
529.9697917218718,1.5892649909459456e+31
529.9150281252402,1.592038188244113e+31
529.8602758452596,1.6000009801928353e+31
529.8055348784228,1.6069420692450985e+31
529.7508052212239,1.616262612511272e+31
529.6960868701583,1.6149799171819436e+31
529.6413798217227,1.6230802264374674e+31
529.5866840724157,1.633402359757562e+31
529.5319996187369,1.6369146641502686e+31
529.4773264571877,1.6461605009910723e+31
529.4226645842708,1.6490790969794393e+31
529.3680139964903,1.65413223578721e+31
529.3133746903517,1.6679814302495327e+31
529.258746662362,1.6726306206080608e+31
529.2041299090298,1.6737628045108032e+31
529.1495244268649,1.6902322865386054e+31
529.0949302123787,1.690729119841678e+31
529.040347262084,1.6973216385316945e+31
528.9857755724948,1.7023458888699865e+31
528.931215140127,1.712866960516895e+31
528.8766659614978,1.71214604261893e+31
528.8221280331254,1.7242350932792904e+31
528.76760135153,1.7277735476590189e+31
528.7130859132329,1.7255997731829619e+31
528.6585817147569,1.720820217993399e+31
528.6040887526265,1.7082614113785474e+31
528.5496070233671,1.6951649269850501e+31
528.4951365235062,1.6761119049397596e+31
528.440677249572,1.6596525145841065e+31
528.3862291980946,1.6325448924717063e+31
528.3317923656056,1.6200015801525997e+31
528.2773667486376,1.5990521056910468e+31
528.2229523437252,1.5931244528572298e+31
528.168549147404,1.5774271042485031e+31
528.1141571562109,1.5517417160003502e+31
528.0597763666847,1.5356254599298397e+31
528.0054067753654,1.519474830733861e+31
527.9510483787943,1.4866967449342366e+31
527.8967011735143,1.4832920657370323e+31
527.8423651560698,1.4604925298701025e+31
527.7880403230063,1.4454336084690973e+31
527.733726670871,1.4265827852639592e+31
527.6794241962123,1.405285502425272e+31
527.6251328955804,1.3912145256970863e+31
527.5708527655264,1.3736831321705068e+31
527.5165838026032,1.3553707934647972e+31
527.4623260033652,1.3467029574005097e+31
527.4080793643678,1.3201601278449966e+31
527.3538438821681,1.31272080121485e+31
527.2996195533244,1.2896487091647173e+31
527.2454063743969,1.2682182965079486e+31
527.1912043419467,1.2586263026506432e+31
527.1370134525365,1.2438244114860694e+31
527.0828337027306,1.2268445137143725e+31
527.0286650890941,1.2123836525015238e+31
526.9745076081945,1.1976235894211948e+31
526.9203612565997,1.187081628385136e+31
526.8662260308796,1.1686671066523377e+31
526.8121019276055,1.1576123524832604e+31
526.7579889433498,1.1481293085189935e+31
526.7038870746866,1.1352717661807966e+31
526.6497963181913,1.1235098384382985e+31
526.5957166704407,1.1087577745269074e+31
526.5416481280128,1.1060471406688918e+31
526.4875906874875,1.087861342096211e+31
526.4335443454456,1.074375837858936e+31
526.3795090984698,1.0741047189164097e+31
526.3254849431437,1.0538722072777988e+31
526.2714718760525,1.046692825059265e+31
526.217469893783,1.0366614650587804e+31
526.163478992923,1.0199212430025805e+31
526.1094991700622,1.0131061358203256e+31
526.0555304217913,1.0054411122617908e+31
526.0015727447026,9.925010457763556e+30
525.9476261353894,9.848676139674329e+30
525.8936905904471,9.787850136646384e+30
525.8397661064721,9.643408136603095e+30
525.7858526800619,9.526499292512586e+30
525.7319503078161,9.427553370600507e+30
525.678058986335,9.320763946200723e+30
525.6241787122208,9.348282460041532e+30
525.5703094820767,9.182438122743938e+30
525.5164512925077,9.150626900590601e+30
525.4626041401199,9.067738603333795e+30
525.4087680215208,8.999338280550174e+30
525.3549429333193,8.924416619293724e+30
525.3011288721259,8.792831963678109e+30
525.2473258345523,8.805380737585484e+30
525.1935338172117,8.696777411162904e+30
525.1397528167183,8.634902837594468e+30
525.0859828296884,8.591522362558404e+30
525.032223852739,8.542234807210559e+30
524.9784758824887,8.467013985692976e+30
524.9247389155579,8.447156720214943e+30
524.8710129485679,8.324170587019923e+30
524.8172979781414,8.295523321591513e+30
524.7635940009026,8.215826383312728e+30
524.7099010134772,8.172289316170345e+30
524.656219012492,8.147191383943842e+30
524.6025479945756,7.999239641940773e+30
524.5488879563575,8.015675861655926e+30
524.4952388944689,7.880462038227313e+30
524.4416008055423,7.878876238397723e+30
524.3879736862115,7.783887145194941e+30
524.3343575331118,7.708136409398403e+30
524.2807523428796,7.707190127659367e+30
524.2271581121531,7.61442084021526e+30
524.1735748375718,7.53658783121738e+30
524.120002515776,7.601434642679345e+30
524.0664411434082,7.457735505051067e+30
524.0128907171116,7.466022422899482e+30
523.9593512335313,7.367116263228702e+30
523.9058226893134,7.355401606794774e+30
523.8523050811054,7.24067735888937e+30
523.7987984055565,7.275893624182867e+30
523.7453026593167,7.203658451876095e+30
523.6918178390381,7.159814352347292e+30
523.6383439413735,7.114325400692803e+30
523.5848809629773,7.063464215359777e+30
523.5314289005055,6.998949911030678e+30
523.4779877506151,6.986400180978373e+30
523.4245575099648,6.89371125158985e+30
523.3711381752141,6.872909211855902e+30
523.3177297430249,6.811490655611664e+30
523.2643322100593,6.890082269108626e+30
523.2109455729814,6.804488941810188e+30
523.1575698284566,6.841521256195468e+30
523.1042049731517,6.741016957005342e+30
523.0508510037346,6.80937693496591e+30
522.9975079168748,6.687492814945976e+30
522.944175709243,6.779280066680296e+30
522.8908543775116,6.667186503794685e+30
522.8375439183537,6.718825633533285e+30
522.7842443284444,6.678330427897138e+30
522.73095560446,6.704289148198044e+30
522.6776777430778,6.667180979197859e+30
522.6244107409769,6.68182850316658e+30
522.5711545948375,6.669308576214581e+30
522.5179093013413,6.604266196214575e+30
522.4646748571712,6.596064848520722e+30
522.4114512590116,6.554786420550317e+30
522.3582385035481,6.610402528121066e+30
522.3050365874678,6.525865218517245e+30
522.251845507459,6.605486277226458e+30
522.1986652602116,6.516322025562672e+30
522.1454958424165,6.539387159972811e+30
522.0923372507661,6.49591027682049e+30
522.0391894819544,6.500383291603568e+30
521.9860525326764,6.43759154116162e+30
521.9329263996284,6.491329548323378e+30
521.8798110795084,6.42427681096488e+30
521.8267065690155,6.46815559456476e+30
521.7736128648502,6.44882376158226e+30
521.7205299637143,6.455322255275219e+30
521.667457862311,6.432238495044777e+30
521.6143965573449,6.432582981402797e+30
521.5613460455219,6.418105790287073e+30
521.5083063235489,6.440274717307965e+30
521.4552773881348,6.422830432585857e+30
521.4022592359893,6.460878267664379e+30
521.3492518638236,6.41206179566348e+30
521.2962552683503,6.498926497615164e+30
521.2432694462833,6.406157354947591e+30
521.1902943943378,6.451608728951886e+30
521.1373301092304,6.426136281331018e+30
521.084376587679,6.483006755263407e+30
521.0314338264027,6.467970862231651e+30
520.9785018221223,6.458491978067765e+30
520.9255805715595,6.486197964760663e+30
520.8726700714377,6.505406474982013e+30
520.8197703184813,6.445981388136966e+30
520.7668813094162,6.54093758732523e+30
520.7140030409698,6.461844134653422e+30
520.6611355098704,6.543144481143382e+30
520.6082787128481,6.476218340394762e+30
520.555432646634,6.522557640131804e+30
520.5025973079605,6.526795168583434e+30
520.4497726935618,6.546198418733116e+30
520.3969588001727,6.564122416851484e+30
520.3441556245301,6.5840318945231e+30
520.2913631633714,6.546522715882392e+30
520.2385814134362,6.561218647537509e+30
520.1858103714646,6.572725772248453e+30
520.1330500341987,6.595165730511712e+30
520.0803003983815,6.586866492757841e+30
520.0275614607574,6.600789015591277e+30
519.9748332180723,6.679552214751996e+30
519.9221156670731,6.625757814376641e+30
519.8694088045083,6.699080776373528e+30
519.8167126271277,6.725508040939595e+30
519.7640271316822,6.716751422101999e+30
519.7113523149243,6.729384306568979e+30
519.6586881736076,6.654958818082319e+30
519.6060347044871,6.702802024398076e+30
519.553391904319,6.726624201015634e+30
519.5007597698611,6.742702882420036e+30
519.4481382978723,6.722307129875916e+30
519.3955274851128,6.807399222083239e+30
519.3429273283441,6.749206723858476e+30
519.2903378243293,6.641740223648473e+30
519.2377589698323,6.59004094947476e+30
519.1851907616187,6.424508835678311e+30
519.1326331964553,6.371836144464535e+30
519.0800862711103,6.265285637823382e+30
519.0275499823531,6.171003916130272e+30
518.9750243269543,6.050472903271122e+30
518.922509301686,5.882673141876574e+30
518.8700049033216,5.832975227458574e+30
518.8175111286356,5.722024570926795e+30
518.7650279744041,5.700790532932488e+30
518.7125554374044,5.661988142635216e+30
518.6600935144148,5.624689442601979e+30
518.6076422022155,5.579768530543659e+30
518.5552014975874,5.540841487946089e+30
518.5027713973132,5.593560338072488e+30
518.4503518981763,5.496544700680965e+30
518.3979429969621,5.466120136637921e+30
518.345544690457,5.496511974539752e+30
518.2931569754484,5.497407007437098e+30
518.2407798487255,5.466942733563978e+30
518.1884133070785,5.414832826534703e+30
518.1360573472988,5.397869896605595e+30
518.0837119661795,5.364414804464774e+30
518.0313771605146,5.335030147098174e+30
517.9790529270996,5.375387394829715e+30
517.9267392627313,5.280130980069633e+30
517.8744361642076,5.252180447261339e+30
517.8221436283279,5.296643553094772e+30
517.7698616518929,5.201772678899905e+30
517.7175902317045,5.18725174661842e+30
517.6653293645658,5.20781605056854e+30
517.6130790472813,5.191660700991858e+30
517.560839276657,5.165786454669332e+30
517.5086100494997,5.15422321563855e+30
517.4563913626179,5.126971815629145e+30
517.4041832128213,5.118126898225322e+30
517.3519855969207,5.101560498677963e+30
517.2997985117285,5.074227062624647e+30
517.247621954058,5.120405129021425e+30
517.1954559207243,5.056215850351264e+30
517.1433004085432,5.057622417766305e+30
517.0911554143322,5.089136609409768e+30
517.0390209349099,5.0254651358902096e+30
516.9868969670964,5.020002708239136e+30
516.9347835077127,5.0669171255988635e+30
516.8826805535813,5.046390167857007e+30
516.8305881015261,4.979409224458223e+30
516.7785061483722,5.025550799204936e+30
516.7264346909459,5.029628790745344e+30
516.6743737260747,5.089460427463503e+30
516.6223232505877,5.013659629116173e+30
516.5702832613148,4.986617396472467e+30
516.5182537550877,4.9666321575613846e+30
516.466234728739,5.020883783116239e+30
516.4142261791028,4.946874002642288e+30
516.3622281030142,4.943921227155289e+30
516.31024049731,4.99836900121731e+30
516.2582633588279,5.0072084567106567e+30
516.2062966844069,4.9296781122604134e+30
516.1543404708875,4.9889838655717405e+30
516.1023947151115,4.986155484115135e+30
516.0504594139214,4.973039775994655e+30
515.9985345641619,5.025573675260418e+30
515.946620162678,4.958285471874371e+30
515.8947162063166,4.9584750370567943e+30
515.8428226919258,5.0260540870632055e+30
515.7909396163548,5.022937613198086e+30
515.739066976454,4.952889347813741e+30
515.6872047690753,5.0104717058474074e+30
515.6353529910717,5.002206159392683e+30
515.5835116392977,5.012951132343154e+30
515.5316807106088,5.0128493872281997e+30
515.4798602018619,4.992575316382404e+30
515.428050109915,4.994368382068547e+30
515.3762504316276,4.996510607052496e+30
515.3244611638603,5.0586518843781383e+30
515.272682303475,5.036584867013818e+30
515.2209138473348,4.972802059632752e+30
515.1691557923044,4.9769294114628495e+30
515.1174081352492,5.051879656984723e+30
515.0656708730363,5.0447085369380927e+30
515.0139440025339,5.030282728543749e+30
514.9622275206113,4.9661527745176683e+30
514.9105214241396,5.033016494009275e+30
514.8588257099904,5.018139117908704e+30
514.807140375037,5.051268819781713e+30
514.755465416154,5.088812792246679e+30
514.7038008302172,5.096169196142915e+30
514.6521466141036,5.039089064980655e+30
514.6005027646912,5.04134030577882e+30
514.5488692788598,5.084082292666128e+30
514.49724615349,5.092690259005282e+30
514.4456333854638,5.105054138521733e+30
514.3940309716646,5.101278933487521e+30
514.3424389089768,5.098864494928136e+30
514.2908571942862,5.109222462895517e+30
514.2392858244798,5.102738896077257e+30
514.1877247964459,5.102910884359693e+30
514.136174107074,5.175806222739487e+30
514.0846337532548,5.182063838323296e+30
514.0331037318803,5.103922150704107e+30
513.9815840398438,5.112927678336356e+30
513.9300746740398,5.104059194965082e+30
513.878575631364,5.183261790732785e+30
513.8270869087135,5.168099296665396e+30
513.7756085029863,5.175951916104616e+30
513.7241404110821,5.17852401536238e+30
513.6726826299014,5.245929159985756e+30
513.6212351563463,5.182958641585442e+30
513.5697979873199,5.184486415184793e+30
513.5183711197268,5.183701482362413e+30
513.4669545504726,5.123942502443279e+30
513.4155482764639,5.117312753816819e+30
513.3641522946094,5.0549528310221406e+30
513.3127666018182,4.9977749428921816e+30
513.2613911950008,4.9351334453410346e+30
513.2100260710694,4.875897189978339e+30
513.1586712269367,4.8167990266975e+30
513.1073266595173,4.7514965460575696e+30
513.0559923657269,4.684460961520603e+30
513.0046683424819,4.6301864369692275e+30
512.9533545867007,4.556209769538835e+30
512.9020510953023,4.5586091024711216e+30
512.8507578652075,4.493180651698393e+30
512.7994748933377,4.4328114488611205e+30
512.7482021766161,4.365425324449695e+30
512.6969397119668,4.304747825357881e+30
512.6456874963154,4.257383062945648e+30
512.5944455265883,4.193898926725147e+30
512.5432137997135,4.1276699485539004e+30
512.4919923126201,4.0681840327914843e+30
512.4407810622384,4.0283683293792384e+30
512.3895800455002,4.0060203175516856e+30
512.338389259338,3.983360028374097e+30
512.2872087006859,4.0175228949940883e+30
512.2360383664793,3.996648254077433e+30
512.1848782536543,3.9785900251236517e+30
512.1337283591491,3.9505233455774914e+30
512.0825886799023,3.936275190275734e+30
512.031459212854,3.9044311063888975e+30
511.98033995494575,3.8953274388318497e+30
511.9292309031199,3.9210553887060846e+30
511.8781320543205,3.8999527472946156e+30
511.8270434054924,3.8916063410311056e+30
511.77596495358193,3.860575488548491e+30
511.7248966955365,3.840612487627524e+30
511.67383862830474,3.813412202632169e+30
511.6227907488367,3.8012250108524377e+30
511.57175305408333,3.83323429977532e+30
511.5207255409971,3.805860600160193e+30
511.4697082065315,3.7861388326831455e+30
511.4187010476412,3.7595001301900926e+30
511.3677040612823,3.7377331513150476e+30
511.3167172444119,3.721423700520868e+30
511.26574059398854,3.692901083672746e+30
511.21477410697173,3.686160208302149e+30
511.16381778032223,3.684851654815274e+30
511.1128716110022,3.730694947104115e+30
511.0619355959749,3.7279152848782706e+30
511.0110097322047,3.731625402410778e+30
510.9600940166573,3.7212063712326273e+30
510.9091884462996,3.7149597022487584e+30
510.85829301809974,3.7124380651200825e+30
510.80740772902686,3.7092031283133775e+30
510.7565325760516,3.701195271669088e+30
510.7056675561457,3.696674907473569e+30
510.65481266628194,3.6946404034401606e+30
510.6039679034346,3.692803867817181e+30
510.55313326457883,3.6812755444296954e+30
510.5023087466913,3.7400215312090003e+30
510.45149434674966,3.739638322959093e+30
510.400690061733,3.7342145961099215e+30
510.34989588862123,3.7207356381685565e+30
510.2991118243959,3.716098797375263e+30
510.2483378660394,3.716376825219546e+30
510.19757401053556,3.703288050497396e+30
510.14682025486934,3.7132954674885234e+30
510.0960765960269,3.697793012944581e+30
510.0453430309954,3.69547855445249e+30
509.99461955676367,3.692405376961231e+30
509.9439061703212,3.742577246216633e+30
509.8932028686591,3.745274846855122e+30
509.84250964876946,3.743863187735326e+30
509.79182650764557,3.747562980174618e+30
509.74115344228204,3.7486869478142946e+30
509.6904904496744,3.7388063423767126e+30
509.6398375268198,3.738322801381438e+30
509.58919467071615,3.7357400600521314e+30
509.538561878363,3.729192358528634e+30
509.48793914676054,3.732761748465074e+30
509.4373264729106,3.732367974773691e+30
509.38672385381614,3.78285949627736e+30
509.3361312864812,3.7832177870627723e+30
509.28554876791094,3.779950836283917e+30
509.23497629511184,3.787037037946611e+30
509.1844138650916,3.77547549106951e+30
509.1338614748589,3.777621050732559e+30
509.083319121424,3.7769524192873564e+30
509.0327868017979,3.77539581673102e+30
508.9822645129931,3.830579786253459e+30
508.931752252023,3.8309125888511123e+30
508.8812500159025,3.823284890679158e+30
508.83075780164756,3.8142135799615306e+30
508.78027560627527,3.8149783155418196e+30
508.7298034268039,3.8112109584715867e+30
508.67934126025307,3.813966088931433e+30
508.6288891036433,3.8545810508817756e+30
508.57844695399655,3.854080161437298e+30
508.5280148083358,3.8437040533058125e+30
508.4775926636853,3.8352668626169275e+30
508.4271805170704,3.8348365110306015e+30
508.3767783655178,3.832961332769899e+30
508.3263862060552,3.8770066816657136e+30
508.2760040357115,3.868745771357674e+30
508.22563185151677,3.870085566329255e+30
508.17526965050246,3.8588088551272867e+30
508.1249174297009,3.866070437767134e+30
508.0745751861458,3.91779086701954e+30
508.02424291687197,3.90135829069765e+30
507.97392061891543,3.8951924479132694e+30
507.9236082893133,3.902147289030531e+30
507.8733059251039,3.8499866363350416e+30
507.82301352332684,3.886598395811718e+30
507.77273108102276,3.894422449733159e+30
507.7224585952335,3.889053286064419e+30
507.6721960630021,3.891444255743223e+30
507.6219434813728,3.930305467857226e+30
507.57170084739096,3.9321374149282824e+30
507.52146815810306,3.9296200205291853e+30
507.4712454105569,3.9256045183264397e+30
507.4210326018013,3.973260761332738e+30
507.3708297288864,3.9699658913022224e+30
507.3206367888633,3.925559764466336e+30
507.27045377878443,3.9155922329057447e+30
507.2202806957033,3.9761652647145853e+30
507.1701175366747,3.9662190373856505e+30
507.1199642987545,3.973251521970163e+30
507.0698209789997,3.9542618231900465e+30
507.0196875744685,4.0116300223461533e+30
506.96956408222036,4.025028532686851e+30
506.91945049931564,3.961025458724016e+30
506.8693468228162,4.019338203017403e+30
506.8192530497849,4.0121759448992696e+30
506.7691691772856,4.0123847546943045e+30
506.71909520238364,4.057538625825308e+30
506.6690311221452,4.053782651254093e+30
506.61897693363795,4.0013030086550423e+30
506.5689326339305,4.0164434491994604e+30
506.5188982200926,4.061346101752444e+30
506.4688736891952,4.0416789708041106e+30
506.4188590383106,4.0409106665004996e+30
506.36885426451187,4.084324519104801e+30
506.31885936487356,4.052659349362679e+30
506.26887433647136,4.0460906210061335e+30
506.21889917638185,4.0836135148348776e+30
506.168933881683,4.082282174671524e+30
506.11897844945383,4.1323077740678014e+30
506.0690328767747,4.072652495622439e+30
506.01909716072686,4.081056616445422e+30
505.9691712983928,4.1328298674833615e+30
505.91925528685624,4.134924923854152e+30
505.8693491232019,4.126017695725686e+30
505.81945280451595,4.122027160464721e+30
505.76956632788534,4.1271252080720535e+30
505.7196896903984,4.1697024211545385e+30
505.66982288914454,4.1609725370422867e+30
505.61996592121426,4.167333615394035e+30
505.5701187836994,4.1574243177778246e+30
505.52028147369276,4.1741903794488053e+30
505.4704539882882,4.202780841794178e+30
505.4206363245811,4.207663521300956e+30
505.37082847966764,4.215109302962122e+30
505.32103045064525,4.2193899880527925e+30
505.2712422346126,4.207130405297733e+30
505.2214638286693,4.2442132047574095e+30
505.1716952299163,4.200780802661756e+30
505.1219364354555,4.242994081075296e+30
505.0721874423902,4.240262127006387e+30
505.0224482478246,4.2309912064170035e+30
504.9727188488642,4.235820034404508e+30
504.9229992426155,4.272195110236432e+30
504.87328942618626,4.285415956654802e+30
504.82358939668535,4.280937302121527e+30
504.7738991512227,4.2745023817472934e+30
504.7242186869094,4.309054369213365e+30
504.67454800085795,4.270141906339139e+30
504.6248870901815,4.3027408477311016e+30
504.5752359519947,4.3013971890780514e+30
504.5255945834132,4.285966685622743e+30
504.47596298155383,4.3006454579155234e+30
504.4263411435345,4.339982804359566e+30
504.37672906647435,4.291525019630551e+30
504.3271267474935,4.3323560503515935e+30
504.2775341837133,4.3370520705492625e+30
504.2279513722563,4.323793775380443e+30
504.17837831024616,4.3635858589796775e+30
504.1288149948075,4.3671321328791024e+30
504.07926142306616,4.363115679090229e+30
504.0297175921492,4.361435906241094e+30
503.98018349918476,4.3911929162565546e+30
503.93065914130216,4.3824887006991183e+30
503.88114451563166,4.392293164212606e+30
503.8316396193048,4.381348427529556e+30
503.7821444494543,4.384483584924812e+30
503.7326590032138,4.416165209569568e+30
503.6831832777183,4.409397085330079e+30
503.6337172701038,4.4106121231256444e+30
503.58426097750737,4.4056474571588505e+30
503.5348143970674,4.451227382611642e+30
503.48537752592324,4.423328186188925e+30
503.4359503612153,4.3632740686613314e+30
503.3865329000853,4.3665600747000824e+30
503.33712513967606,4.3043400733297736e+30
503.28772707713136,4.332497180332705e+30
503.23833870959623,4.312846422139538e+30
503.1889600342168,4.293372710058014e+30
503.1395910481404,4.271166365850876e+30
503.0902317485153,4.2973242449143587e+30
503.04088213249094,4.231245186315653e+30
502.99154219721794,4.2502030420860385e+30
502.9422119398481,4.278423887255246e+30
502.8928913575342,4.249877070410457e+30
502.8435804474302,4.2297937130847734e+30
502.79427920669116,4.2192345218167054e+30
502.7449876324733,4.22924880516325e+30
502.69570572193385,4.2219502712997495e+30
502.6464334722313,4.224545868330028e+30
502.59717088052514,4.1678023014726706e+30
502.54791794397596,4.153799169839964e+30
502.4986746597456,4.1648515450544947e+30
502.4494410249969,4.1511658055217913e+30
502.40021703689376,4.1691279777637947e+30
502.35100269260136,4.112823999616193e+30
502.3017979892859,4.13470060498961e+30
502.2526029241146,4.1131535950904797e+30
502.20341749425603,4.1383822883162883e+30
502.1542416968796,4.125839981472069e+30
502.105075529156,4.142289115506459e+30
502.0559189882569,4.126483222095145e+30
502.0067720713553,4.1137547722214735e+30
501.95763477562497,4.10935623108587e+30
501.90850709824105,4.095717591098077e+30
501.85938903637975,4.1250824083428965e+30
501.8102805872184,4.114168695658369e+30
501.7611817479352,4.100611272496923e+30
501.71209251570986,4.130403292541357e+30
501.66301288772274,4.1150525290589293e+30
501.6139428611558,4.100887695523216e+30
501.5648824331916,4.129947195863207e+30
501.5158316010141,4.110957721934722e+30
501.4667903618083,4.0978563205488236e+30
501.4177587127603,4.1189301385175883e+30
501.36873665105736,4.101494250514306e+30
501.3197241738878,4.0795964618323096e+30
501.2707212784408,4.112571532892946e+30
501.2217279619071,4.095969269440661e+30
501.17274422147824,4.086498545602238e+30
501.12377005434683,4.107774923428502e+30
501.07480545770676,4.094809559407623e+30
501.0258504287529,4.1210987257682623e+30
500.9769049646811,4.105402652478218e+30
500.92796906268865,4.1375084270802953e+30
500.87904271997354,4.12311988908448e+30
500.83012593373513,4.1108550281259515e+30
500.7812187011738,4.1074215646181767e+30
500.73232101949094,4.1266863182488526e+30
500.6834328858892,4.154174951666e+30
500.63455429757215,4.1383250642101435e+30
500.5856852517445,4.1332800912572464e+30
500.53682574561213,4.117556243674055e+30
500.487975776382,4.1731106478396785e+30
500.43913534126193,4.1650582130050867e+30
500.3903044374612,4.1511414812646975e+30
500.3414830621899,4.138298801089346e+30
500.2926712126594,4.1627948204814193e+30
500.24386888608194,4.1462800970142466e+30
500.195076079671,4.1767681416786645e+30
500.14629279064127,4.194403655087841e+30
500.09751901620814,4.1840013453770363e+30
500.04875475358847,4.1671169615520896e+30
