wavelength,luminosity
20000.0,1.966475513073971e+37
19922.303018228908,1.9948950034041676e+37
19845.207382417146,2.0251695462282514e+37
19768.706138183254,2.0573780666200094e+37
19692.792437967706,2.0881234321716165e+37
19617.4595389897,2.1177845542035232e+37
19542.700801250732,2.147024356946429e+37
19468.50968558357,2.1769516155194035e+37
19394.87975174554,2.2081949023507097e+37
19321.804656554923,2.238995775307983e+37
19249.278152069295,2.2672626038718113e+37
19177.294083804773,2.2983790237001497e+37
19105.846388995033,2.3298929198729776e+37
19034.92909488912,2.3600605848712274e+37
18964.536317087048,2.389294667134841e+37
18894.66225791214,2.4147617662904365e+37
18825.301204819276,2.43785797495098e+37
18756.447528838038,2.4612940849776013e+37
18688.095683049898,2.486942467420333e+37
18620.240201098593,2.4957217176037937e+37
18552.875695732837,2.4853508817753527e+37
18485.996857380534,2.4783597047586324e+37
18419.59845275373,2.4759097165441303e+37
18353.675323483527,2.4819957077654256e+37
18288.2223847842,2.4937565316596523e+37
18223.234624145785,2.490197248259214e+37
18158.70710005448,2.4898275762167698e+37
18094.63494074007,2.521310007956662e+37
18031.013342949875,2.6144102625155904e+37
17967.83757074836,2.6642412755590143e+37
17905.102954341986,2.6800524655386914e+37
17842.80488892854,2.6915525018741653e+37
17780.938833570413,2.70536397521105e+37
17719.500310091258,2.7892713945997906e+37
17658.48490199541,2.859526392753761e+37
17597.88825340959,2.8930181552580694e+37
17537.7060680463,2.880989732475547e+37
17477.934108188412,2.869001841243335e+37
17418.56819369448,2.9080275720058677e+37
17359.604201024216,2.975603110902472e+37
17301.038062283737,3.012695665024423e+37
17242.865764290025,3.0592762017208733e+37
17185.083347654236,3.120616656307165e+37
17127.68690588336,3.16736899923632e+37
17070.67258449983,3.274661298430328e+37
17014.036580178647,3.4098510804399155e+37
16957.775139901645,3.499348525543379e+37
16901.884560128452,3.558255521076801e+37
16846.361185983827,3.606149537078956e+37
16791.20141046092,3.647395536023768e+37
16736.401673640165,3.6844376425295993e+37
16681.95846192343,3.721192982298105e+37
16627.868307283006,3.759733626218104e+37
16574.127786525234,3.798787462901113e+37
16520.733520568312,3.839149317387538e+37
16467.682173734047,3.878279773805043e+37
16414.970453053185,3.9200829152106953e+37
16362.595107584062,3.9628872107956193e+37
16310.55292774425,4.0066306064413186e+37
16258.840744654906,4.068737275383966e+37
16207.455429497568,4.1324594855437775e+37
16156.393892883107,4.180836477073149e+37
16105.653084232566,4.222174440308445e+37
16055.229991169623,4.264360673590209e+37
16005.121638924456,4.3181675075477485e+37
15955.325089748701,4.373599604031187e+37
15905.837442341339,4.424392212217999e+37
15856.655831285181,4.469788783801548e+37
15807.777426493836,4.515817466853425e+37
15759.19943266882,4.561131538491584e+37
15710.919088766692,4.604196329496298e+37
15662.933667475918,4.649695476430303e+37
15615.240474703309,4.695515737261506e+37
15567.836849069823,4.74173187414156e+37
15520.72016141549,4.792755066786547e+37
15473.887814313346,4.845104000220683e+37
15427.337241592102,4.900200454529586e+37
15381.065907867414,4.9556682474173745e+37
15335.07130808158,5.014226825515355e+37
15289.350967051449,5.071004312598872e+37
15243.90243902439,5.125684740947364e+37
15198.723307242191,5.183715971808779e+37
15153.811183512653,5.24462919163895e+37
15109.163707788774,5.305249697579924e+37
15064.778547755348,5.362152997372471e+37
15020.65339842283,5.418493839458311e+37
14976.78598172832,5.475430141820842e+37
14933.174046143507,5.53504616677481e+37
14889.815366289458,5.593721510348288e+37
14846.707742558088,5.652754332520716e+37
14803.849000740192,5.714108332917853e+37
14761.2369916599,5.773677562216946e+37
14718.869590815424,5.83537717289826e+37
14676.744698025977,5.896729661435913e+37
14634.860237084737,5.958867887807153e+37
14593.21415541773,6.019830115862383e+37
14551.804423748546,6.080945100800028e+37
14510.629035768701,6.139170522318905e+37
14469.686007813632,6.196919086281938e+37
14428.973378544119,6.261627429370724e+37
14388.489208633096,6.323465983668587e+37
14348.23158045771,6.385287161504688e+37
14308.198597796538,6.445612734911299e+37
14268.388385531856,6.507483084277889e+37
14228.79908935686,6.569009023828228e+37
14189.428875487763,6.629433558674247e+37
14150.275930380643,6.684440592765043e+37
14111.338460452975,6.741826628149044e+37
14072.61469180974,6.801423181350039e+37
14034.10286997404,6.865336686837196e+37
13995.801259622114,6.926763357008652e+37
13957.708144322703,6.991621791330514e+37
13919.821826280626,7.060584245984323e+37
13882.140626084543,7.128132433071727e+37
13844.662882458813,7.198222917669815e+37
13807.386952019331,7.26773241282251e+37
13770.311209033325,7.3337339106630715e+37
13733.434045183,7.384646394121581e+37
13696.75386933297,7.429025615157203e+37
13660.269107301414,7.478122646969381e+37
13623.978201634878,7.531518615511396e+37
13587.879611386645,7.590326183554722e+37
13551.971811898633,7.647677379791472e+37
13516.253294586742,7.703530650117526e+37
13480.722566729579,7.765078262348622e+37
13445.378151260506,7.830217414281208e+37
13410.218586562962,7.895312955704083e+37
13375.242426268976,7.9685552887894285e+37
13340.448239060834,8.080212908676321e+37
13305.834608475818,8.193099600154511e+37
13271.400132714003,8.286297233171853e+37
13237.143424449005,8.374015232877356e+37
13203.06311064167,8.4501170939135405e+37
13169.157832356621,8.522327538317117e+37
13135.426244581637,8.597778474393693e+37
13101.867016049788,8.67372816366393e+37
13068.478829064297,8.751606149753297e+37
13035.260379326079,8.830624991697498e+37
13002.210375763882,8.911613248778876e+37
12969.327540367032,8.985562776296627e+37
12936.610608020701,9.058118099009444e+37
12904.058326343637,9.128017594178975e+37
12871.669455528383,9.193544378786078e+37
12839.442768183862,9.261289863461534e+37
12807.37704918033,9.329976543742667e+37
12775.471095496649,9.404649558868669e+37
12743.723716069837,9.478799634522785e+37
12712.133731646858,9.55768212472966e+37
12680.6999746386,9.635924287054826e+37
12649.42128897603,9.717182623108373e+37
12618.296529968455,9.800678937549968e+37
12587.324564163888,9.891344167842105e+37
12556.504269211451,9.981690988847342e+37
12525.83453372581,1.006960493364261e+38
12495.314257153568,1.0155566510763921e+38
12464.942349641633,1.0238944695532358e+38
12434.717731907487,1.0320604623541156e+38
12404.639335111333,1.0399784824447977e+38
12374.706100730109,1.0478284488530951e+38
12344.916980433307,1.0560293741525853e+38
12315.270935960592,1.0643290062308483e+38
12285.766939001167,1.072951338489995e+38
12256.403971074888,1.081465366156368e+38
12227.181023415053,1.0892427655535624e+38
12198.09709685289,1.096978371763502e+38
12169.15120170368,1.1051496545704977e+38
12140.342357654488,1.113644365023241e+38
12111.669593653487,1.1222424007724444e+38
12083.13194780087,1.1306718703699416e+38
12054.728467241277,1.1394984313335934e+38
12026.458208057727,1.149142420227618e+38
11998.320235167079,1.159010370856539e+38
11970.313622216903,1.1687911594774686e+38
11942.437451483847,1.1781935813387747e+38
11914.690813773383,1.188504120933983e+38
11887.072808320952,1.1989976562749897e+38
11859.582542694498,1.2093386564594059e+38
11832.21913269834,1.2195081534035905e+38
11804.981702278363,1.2297503706342109e+38
11777.869383428537,1.2404225743402603e+38
11750.881316098707,1.2511118099132575e+38
11724.016648103641,1.2610148972511564e+38
11697.274535033339,1.271461593095159e+38
11670.654140164557,1.281965793234989e+38
11644.154634373546,1.2920742499505938e+38
11617.775196049957,1.3020643332406678e+38
11591.51501101194,1.3111994806505081e+38
11565.373272422368,1.31985000687272e+38
11539.34918070621,1.328841669834106e+38
11513.441943469,1.3376942085344381e+38
11487.650775416429,1.3466983229017763e+38
11461.974898274973,1.3562973831248154e+38
11436.413540713633,1.3661377950500196e+38
11410.965938266676,1.3751727890340728e+38
11385.63133325743,1.3840108715833079e+38
11360.40897472309,1.3921567055279359e+38
11335.298118340514,1.4007353926136139e+38
11310.298026352993,1.4095730247726921e+38
11285.407967498026,1.4189380416847687e+38
11260.627216935984,1.4280712755806348e+38
11235.955056179775,1.4377729335213372e+38
11211.390773025394,1.4484199489165693e+38
11186.933661483388,1.4594273566943122e+38
11162.583021711223,1.4707870956993638e+38
11138.338159946536,1.4810569368833489e+38
11114.198388441235,1.488343790378204e+38
11090.163025396474,1.4965888318725655e+38
11066.231394898468,1.506623583522893e+38
11042.402826855125,1.5156238295693907e+38
11018.676656933503,1.523276432621589e+38
10995.052226498075,1.5306032290585839e+38
10971.528882549783,1.5383746186783978e+38
10948.105977665866,1.5490937719764151e+38
10924.78286994046,1.560126537980037e+38
10901.558922925979,1.5708596649155921e+38
10878.433505575198,1.5813860667309927e+38
10855.405992184109,1.5916524167605726e+38
10832.475762335482,1.601815027887042e+38
10809.642200843153,1.6148167167073061e+38
10786.904697696997,1.6333951154600575e+38
10764.262648008611,1.6503107364537305e+38
10741.715451957678,1.6657185328468425e+38
10719.262514738984,1.6800248197825283e+38
10696.903246510135,1.6934014065420203e+38
10674.63706233988,1.7058999160023143e+38
10652.463382157124,1.7173974356741113e+38
10630.381630700542,1.729157275140317e+38
10608.391237468839,1.7412540383638703e+38
10586.491636671606,1.7529571766575194e+38
10564.682267180815,1.764172582740165e+38
10542.96257248287,1.7755778578639226e+38
10521.33200063128,1.787332970020158e+38
10499.790004199916,1.7994849889363178e+38
10478.33604023681,1.8120892451502094e+38
10456.96957021855,1.826374969160082e+38
10435.690060005218,1.8401753931378005e+38
10414.496979795875,1.8527506933412987e+38
10393.389804084602,1.864492074868574e+38
10372.36801161705,1.8753157471214586e+38
10351.431085347549,1.885709087308997e+38
10330.578512396694,1.8964663435434885e+38
10309.809784009485,1.907571710592137e+38
10289.124395513942,1.919420944408912e+38
10268.52184628023,1.9313245075118398e+38
10248.001639680264,1.9434242080760507e+38
10227.563283047815,1.9559140704354965e+38
10207.206287639074,1.968850315861801e+38
10186.930168593695,1.9817177823572993e+38
10166.7344448963,1.9943586141908647e+38
10146.618639338441,2.0063792758796267e+38
10126.582278481013,2.018060597550482e+38
10106.62489261711,2.0301275131251786e+38
10086.746015735325,2.0420148676498823e+38
10066.945185483466,2.0543288213776763e+38
10047.221943132723,2.0670925034142887e+38
10027.57583354224,2.079401711288335e+38
10008.006405124099,2.0912486372610315e+38
9988.513209808722,2.1025486518270876e+38
9969.095803010667,2.113163083166637e+38
9949.753743594847,2.123581145855263e+38
9930.486593843098,2.1344264645462806e+38
9911.293919421181,2.1451301101251156e+38
9892.175289346129,2.1555298036745743e+38
9873.130275953992,2.1650582536125844e+38
9854.158454867955,2.1741900781846793e+38
9835.259404966806,2.1834513453917706e+38
9816.432708353785,2.193029413032657e+38
9797.677950325773,2.202842309804453e+38
9778.99471934285,2.212375528047088e+38
9760.382606998195,2.2098864244117456e+38
9741.84120798831,2.2034671954507826e+38
9723.370120083622,2.195167433291233e+38
9704.968944099379,2.190363928034334e+38
9686.637283866905,2.186321487303977e+38
9668.374746205162,2.1825238718738722e+38
9650.180940892642,2.1849918283422223e+38
9632.055480639568,2.18547418783295e+38
9613.997981060424,2.1896461033571557e+38
9596.008060646773,2.1944904252354965e+38
9578.085340740385,2.2039036644353706e+38
9560.229445506693,2.2125486552107407e+38
9542.44000190849,2.2249551162692415e+38
9524.71663967997,2.2373141922857727e+38
9507.05899130104,2.251868231798002e+38
9489.466691971911,2.268621192293726e+38
9471.939379587971,2.354254977575937e+38
9454.476694714947,2.427902904491484e+38
9437.078280564338,2.4820689258787366e+38
9419.743782969103,2.521050132179823e+38
9402.472850359645,2.5505460193620024e+38
9385.265133740028,2.5731155169953443e+38
9368.120286664482,2.5941895939155212e+38
9351.037965214138,2.613966442888545e+38
9334.017827974052,2.632067053536774e+38
9317.059536010434,2.649624134774594e+38
9300.162752848175,2.666856549335769e+38
9283.32714444857,2.683461378512403e+38
9266.552379187324,2.6992510732131408e+38
9249.838127832763,2.714093705006044e+38
9233.184063524306,2.7286573962691737e+38
9216.589861751152,2.743692044214967e+38
9200.055200331202,2.7592605382771733e+38
9183.57975939021,2.774946050773536e+38
9167.163221341156,2.790587784449114e+38
9150.805270863837,2.805617873755009e+38
9134.505594884677,2.8181356940814957e+38
9118.263882556761,2.8256919179221966e+38
9102.079825240067,2.825806195723057e+38
9085.953116481918,2.8201197185841392e+38
9069.883451997643,2.814466772314801e+38
9053.870529651425,2.807892445072022e+38
9037.91404943739,2.80574846398637e+38
9022.013713460845,2.803349346970502e+38
9006.169225919755,2.804168029094483e+38
8990.380293086399,2.8077601510864825e+38
8974.646623289209,2.81221800253009e+38
8958.967926894822,2.8187510938325384e+38
8943.343916290301,2.8245863579362795e+38
8927.774305865549,2.834448924541467e+38
8912.2588119959,2.8453707021879174e+38
8896.79715302491,2.856139924157506e+38
8881.389049247302,2.8679956923869944e+38
8866.0342228921,2.890270591561416e+38
8850.732398105944,2.919595435253219e+38
8835.483300936561,2.9759962541521235e+38
8820.286659316427,3.0489239177898786e+38
8805.142203046578,3.105655290991509e+38
8790.0496637806,3.149083251705682e+38
8775.008775008775,3.1846502699742643e+38
8760.019272042398,3.2144713053414876e+38
8745.080891998252,3.2400396449053238e+38
8730.19337378323,3.26290548437559e+38
8715.356458079135,3.2836619678904274e+38
8700.56988732762,3.303530503664421e+38
8685.833405715279,3.322620811652454e+38
8671.146759158899,3.341564535489301e+38
8656.509695290859,3.360242574567561e+38
8641.92196344467,3.3788104786902444e+38
8627.383314640669,3.3967453874090063e+38
8612.893501571853,3.415049988807793e+38
8598.452278589853,3.433599510309575e+38
8584.05940169106,3.451901930639598e+38
8569.714628502872,3.47045308793819e+38
8555.417718270095,3.488812704685677e+38
8541.168431841475,3.506620815590557e+38
8526.966531656362,3.5233206923960125e+38
8512.811781731505,3.5390265202011594e+38
8498.703947647984,3.553916814897758e+38
8484.642796538266,3.5687343288797594e+38
8470.628097073397,3.5834944042647994e+38
8456.659619450318,3.5979320945910294e+38
8442.73713537929,3.611715595256423e+38
8428.860418071477,3.625298681916502e+38
8415.029242226616,3.635916579761261e+38
8401.243384020836,3.6458881618591356e+38
8387.502621094569,3.655241161229811e+38
8373.806732540612,3.66288298985687e+38
8360.15549889228,3.670132067682693e+38
8346.548702111677,3.677422533890081e+38
8332.986125578102,3.684726300702704e+38
8319.46755407654,3.687694626448654e+38
8305.992773786287,3.689564320282801e+38
8292.561572269675,3.6937150213061724e+38
8279.1737384609,3.701373175407136e+38
8265.829062654984,3.709522926433193e+38
8252.527336496802,3.717479655400684e+38
8239.268352970255,3.7264622774682756e+38
8226.051906387529,3.735014104515371e+38
8212.87779237845,3.7432103211414945e+38
8199.745807879955,3.752531598348154e+38
8186.655751125665,3.761816343022552e+38
8173.607421635538,3.7812546476379895e+38
8160.600620205647,3.8043068225939e+38
8147.635148898032,3.829099934671935e+38
8134.710811030667,3.854502031596471e+38
8121.827411167513,3.880382687080771e+38
8108.98475510866,3.906920250738009e+38
8096.182649880581,3.933473209847025e+38
8083.420903726457,3.9638800995696386e+38
8070.6993260966065,3.995197792398422e+38
8058.017727639,4.02648452524556e+38
8045.37592018987,4.057791957445794e+38
8032.773716764399,4.0890510433086216e+38
8020.2109315475,4.120438390795008e+38
8007.68737988469,4.151831077003726e+38
7995.202878273038,4.183054389084656e+38
7982.7572443522,4.21475328218744e+38
7970.350296895549,4.2462644682261576e+38
7957.98185580137,4.280144486496394e+38
7945.651742084146,4.316183031715637e+38
7933.359777865927,4.350732082435501e+38
7921.105786367778,4.385635759924172e+38
7908.889591901298,4.42293092753993e+38
7896.711019860229,4.459457903366763e+38
7884.569896712135,4.495223577082783e+38
7872.46604999016,4.530077444675465e+38
7860.399308284863,4.564006085426929e+38
7848.369501236119,4.596221825226546e+38
7836.376459525117,4.6273551680434796e+38
7824.420014866399,4.65440961240047e+38
7812.500000000001,4.6782230028964046e+38
7800.6162486836465,4.70113608793359e+38
7788.768595685023,4.722040077153593e+38
7776.956876774119,4.742254252188411e+38
7765.18092871564,4.761646341551952e+38
7753.440589261486,4.7809337279455565e+38
7741.7356971433,4.799705891067276e+38
7730.066092065088,4.818324316334692e+38
7718.4316146958945,4.83768749759207e+38
7706.832106662557,4.857413401059711e+38
7695.267410542517,4.8763452993864845e+38
7683.737369856699,4.894857396193427e+38
7672.241829062453,4.913225183384288e+38
7660.780633546559,4.906139848389644e+38
7649.353629618298,4.884459698277191e+38
7637.960664502579,4.856259864111241e+38
7626.60158633313,4.82322955146992e+38
7615.276244145758,4.792310183776612e+38
7603.984487871646,4.756952442180134e+38
7592.72616833074,4.714006096439595e+38
7581.501137225171,4.6757422311572636e+38
7570.309247132746,4.634481974157566e+38
7559.150351500492,4.58983310555545e+38
7548.024304638262,4.551963443844691e+38
7536.930961712392,4.511007438627853e+38
7525.8701787394175,4.472032663397137e+38
7514.841812579846,4.435850350312472e+38
7503.845720931979,4.399712040551114e+38
7492.881762325792,4.368923096380223e+38
7481.949796116869,4.33685055501487e+38
7471.0496824803895,4.310503485478174e+38
7460.181282405163,4.286012593551e+38
7449.344457687725,4.266804129627167e+38
7438.539070926471,4.3243030112034175e+38
7427.764985515859,4.4033964179681904e+38
7417.022065640646,4.4918278690933665e+38
7406.310176270184,4.579037310991677e+38
7395.629183152757,4.668282936759013e+38
7384.9789528099855,4.7497429657903615e+38
7374.35935253125,4.8299526404674205e+38
7363.770250368189,4.9075036583883414e+38
7353.211515129234,4.975895127873391e+38
7342.683016374184,5.040309924094141e+38
7332.184624408843,5.100763281441385e+38
7321.71621027969,5.158060107632224e+38
7311.277645768599,5.2130076733770704e+38
7300.868803387603,5.262079177679221e+38
7290.489556373712,5.307725021257363e+38
7280.1397786837515,5.348445502067723e+38
7269.819344989278,5.3846217551012315e+38
7259.528130671507,5.418435048715865e+38
7249.266011816305,5.4475118576419456e+38
7239.032865209209,5.4718587010792565e+38
7228.828568330503,5.49455549705615e+38
7218.652999350322,5.5151932963074165e+38
7208.506037123808,5.535123945501142e+38
7198.387561186295,5.5556663897016184e+38
7188.2974517485545,5.5767870810791885e+38
7178.2355896920535,5.5969639880165195e+38
7168.201856564282,5.615353976475549e+38
7158.196134574087,5.632263438516971e+38
7148.218306587084,5.646951111919053e+38
7138.268256121066,5.640308398627683e+38
7128.345867341483,5.577954171969435e+38
7118.451025056948,5.4919833467545855e+38
7108.583614714769,5.400522428897671e+38
7098.743522396537,5.298059141238245e+38
7088.930634813739,5.191069750710234e+38
7079.144839303413,5.077565191803345e+38
7069.386023823831,4.958981564884336e+38
7059.65407695023,4.826534553471621e+38
7049.948887870563,4.7040292301529545e+38
7040.270346381302,4.576675398489887e+38
7030.618342883256,4.453545742715374e+38
7020.9927683774495,4.342358962387066e+38
7011.393514461,4.223297727648762e+38
7001.820473323064,4.132245795760367e+38
6992.273537740797,4.0439857443935445e+38
6982.752601075345,3.963627429096999e+38
6973.257557267878,3.901623875189819e+38
6963.788300835656,3.851264243916446e+38
6954.344726868112,3.8045943776250384e+38
6944.926731022989,3.773250923491638e+38
6935.53420952249,3.757541262550251e+38
6926.167059149468,3.9201509048972585e+38
6916.825177243645,4.151025441684001e+38
6907.508461697866,4.446704242550307e+38
6898.216810954369,4.762728310984741e+38
6888.950124001103,5.089608606169752e+38
6879.708300368065,5.398921162280803e+38
6870.491240123669,5.6827175007403234e+38
6861.298843871145,5.898919998349694e+38
6852.131012744964,6.083616211882362e+38
6842.987648407296,6.21994788823207e+38
6833.868653044489,6.3370658970046046e+38
6824.7739293635905,6.428683345571216e+38
6815.703380588878,6.513929891385509e+38
6806.65691045843,6.605702876902866e+38
6797.634423220719,6.6838876749778985e+38
6788.635823631242,6.757023671234238e+38
6779.661016949153,6.823870587198056e+38
6770.709908933953,6.889103592034431e+38
6761.782405842181,6.954763465809638e+38
6752.878414424149,7.020454220829484e+38
6743.997841920692,7.088244517275984e+38
6735.140596059943,7.158541312171386e+38
6726.306585054148,7.229557544978689e+38
6717.49571759648,7.301671205644859e+38
6708.70790285791,7.376902834151193e+38
6699.943050484071,7.452012609504107e+38
6691.201070592172,7.524288325099902e+38
6682.481873767918,7.590841282445184e+38
6673.785371062468,7.6570292293673e+38
6665.111473989403,7.724962290838019e+38
6656.460094521734,7.793925020022174e+38
6647.831145088916,7.859659215576197e+38
6639.224538573895,7.925278457340187e+38
6630.640188310182,7.985760127878594e+38
6622.078008078935,8.042105182352486e+38
6613.537912106081,8.095892586805034e+38
6605.019815059446,8.147430255952332e+38
6596.523632045913,8.192962826434902e+38
6588.049278608604,8.233405745906199e+38
6579.596670724085,8.267942364305717e+38
6571.16572479958,8.303338854411018e+38
6562.756357670222,8.339157295985833e+38
6554.368486596317,8.374651780169428e+38
6546.00202926063,8.410437574679425e+38
6537.656903765691,8.44636659329483e+38
6529.333028631126,8.481819728489776e+38
6521.030322791002,8.517712469865793e+38
6512.748705591196,8.554216237432922e+38
6504.488096786783,8.592936739572745e+38
6496.248416539449,8.638240813144923e+38
6488.02958541491,8.632023551588229e+38
6479.831524380366,8.59418212756849e+38
6471.654154801968,8.507283080016639e+38
6463.497398442298,8.396412778214051e+38
6455.361177457879,8.280959929034226e+38
6447.2454143967,8.145606125030173e+38
6439.15003219575,7.994017269695252e+38
6431.074954178592,7.843312034125162e+38
6423.020104052926,7.669285570920342e+38
6414.985405908202,7.486815448886334e+38
6406.970784213225,7.286155645293045e+38
6398.976163813791,7.081441839065303e+38
6391.001469930338,6.865600275601498e+38
6383.046628155619,6.644627480600369e+38
6375.111564452378,6.4200661440033805e+38
6367.196205151063,6.196563182933215e+38
6359.3004769475365,5.976717992311687e+38
6351.4243069008235,5.754084261311479e+38
6343.567622430856,5.557049487280303e+38
6335.730351316249,5.3620208338045816e+38
6327.9124216920845,5.182015643327483e+38
6320.113762047717,5.025086144024908e+38
6312.334301224594,4.875491794936393e+38
6304.573968414085,4.782644656528043e+38
6296.832693155343,4.805474741935587e+38
6289.110405333166,4.8762265833141724e+38
6281.407035175879,5.021247630382707e+38
6273.722513253239,5.209546040679768e+38
6266.056770474341,5.441953724655885e+38
6258.409738085553,5.719630916874216e+38
6250.781347668459,6.020625101406634e+38
6243.171531137818,6.341912948514798e+38
6235.58022073954,6.6628299507337976e+38
6228.007349048672,6.961486106292888e+38
6220.452848967405,7.236618187153814e+38
6212.916653723091,7.45912406302633e+38
6205.398696866274,7.649891020527868e+38
6197.898912268741,7.79564497912843e+38
6190.41723412158,7.923032445779352e+38
6182.9535969332555,8.030312290805808e+38
6175.507935527697,8.123245127777136e+38
6168.080185042407,8.185951959245378e+38
6160.670280926565,8.241055119783519e+38
6153.278158939175,8.28020511603751e+38
6145.903755147195,8.315735178037763e+38
6138.547005923698,8.344802201302622e+38
6131.207847946046,8.372364182538737e+38
6123.886218194066,8.39594356166004e+38
6116.582053948255,8.41847589182904e+38
6109.295292787977,8.438547221533226e+38
6102.0258725897,8.46030184042527e+38
6094.773731525217,8.483844625010215e+38
6087.538808059901,8.506906834810713e+38
6080.321040950963,8.530413948320311e+38
6073.120369245718,8.563005102305938e+38
6065.936732279883,8.593002188094673e+38
6058.770069675857,8.620173033758963e+38
6051.620321341039,8.647002527547995e+38
6044.4874274661515,8.675430150568019e+38
6037.371328523562,8.708824044178189e+38
6030.271965265634,8.745663850847319e+38
6023.189278723084,8.782006584681164e+38
6016.123210203345,8.821669051955326e+38
6009.073701288947,8.860007450612141e+38
6002.040693835905,8.897517457558062e+38
5995.024129972123,8.934947518104919e+38
5988.023952095809,8.973323727202167e+38
5981.040102873891,9.01207305410471e+38
5974.072525240456,9.049245059020589e+38
5967.121162395203,9.086354944612854e+38
5960.185957801884,9.12293331558668e+38
5953.266855186784,9.158779149449864e+38
5946.363798537194,9.192328451935667e+38
5939.476732099903,9.224781744146947e+38
5932.6056003796875,9.257021107993636e+38
5925.7503481378335,9.2880151549216e+38
5918.910920390648,9.318108920269997e+38
5912.087262407993,9.347156521493071e+38
5905.279319711823,9.374337108497689e+38
5898.487038074734,9.402086798139604e+38
5891.71036351853,9.433602691435083e+38
5884.949242312785,9.477507720219456e+38
5878.2036209734315,9.521124180836517e+38
5871.473446261339,9.56002042026432e+38
5864.758665180928,9.59700995844826e+38
5858.059224978765,9.63031805219668e+38
5851.375073142189,9.66259068669672e+38
5844.706157397937,9.692422159244766e+38
5838.052425710783,9.721577184203735e+38
5831.4138262821825,9.750713019454134e+38
5824.790307548929,9.779682361913147e+38
5818.181818181818,9.808371103438478e+38
5811.5883070843265,9.829972320525622e+38
5805.0097233912875,9.829864335003707e+38
5798.4460164675875,9.827427421430754e+38
5791.897135906866,9.822601673658432e+38
5785.363031530229,9.81542146964006e+38
5778.843653384958,9.804797056277692e+38
5772.338951743246,9.80783707119633e+38
5765.8488771009315,9.815388383865681e+38
5759.373380176236,9.821703486304233e+38
5752.912411908529,9.824944132855386e+38
5746.465923457074,9.838735335115419e+38
5740.033866199811,9.853538214665804e+38
5733.616191732126,9.869782477214927e+38
5727.212851865639,9.885459608046185e+38
5720.823798627002,9.905389743125181e+38
5714.448984256694,9.928554612822323e+38
5708.088361207831,9.948240694114894e+38
5701.7418821449955,9.971185208035257e+38
5695.409499943046,9.997289066834067e+38
5689.091167685962,1.0022384434153481e+39
5682.786838665682,1.0049782755359978e+39
5676.49646638095,1.0078412865903783e+39
5670.220004536176,1.0105263462223451e+39
5663.9574070403,1.0133818075420634e+39
5657.708628005658,1.0162981522499084e+39
5651.473621746871,1.019097661417209e+39
5645.252342779723,1.0219139125008138e+39
5639.044745820058,1.0316486168672278e+39
5632.850785782685,1.0445222689722701e+39
5626.6704177802785,1.055747920044256e+39
5620.503597122302,1.0658704374051208e+39
5614.350279313927,1.0744665655523517e+39
5608.21042005496,1.0816725608928995e+39
5602.083975238789,1.0880372053686116e+39
5595.970900951316,1.0934105421753307e+39
5589.871153469913,1.0980292608406428e+39
5583.784689262382,1.1010708662779482e+39
5577.711464985917,1.1033447618687714e+39
5571.651437486071,1.1051895316354415e+39
5565.604563795742,1.1060414791852203e+39
5559.570801134153,1.1054327760930574e+39
5553.55010690584,1.1039788066101713e+39
5547.5424386996565,1.1023516623223327e+39
5541.5477542877725,1.1002992287982512e+39
5535.566011624688,1.0975382427142538e+39
5529.59716884625,1.0940278396695185e+39
5523.641184268669,1.0895730878874707e+39
5517.698016387563,1.0847256204220984e+39
5511.767623876978,1.0796587787691444e+39
5505.849965588438,1.074273882763286e+39
5499.945000549994,1.0689048398823337e+39
5494.052687965278,1.0633228810023667e+39
5488.172987212558,1.0575117587578953e+39
5482.3058578438095,1.0511617288613572e+39
5476.45125958379,1.0446785594752414e+39
5470.6091523291125,1.038084238540243e+39
5464.77949614733,1.0309033274485759e+39
5458.962251276033,1.0240258665462513e+39
5453.157378121933,1.0163963920347072e+39
5447.364837259976,1.0091584815001759e+39
5441.584589432443,1.0022331613514623e+39
5435.816595548066,9.953463337351912e+38
5430.060816681147,9.878780210339172e+38
5424.317214070679,9.831534782991271e+38
5418.58574911948,9.812932059829378e+38
5412.866383393327,9.800009140449532e+38
5407.159078620093,9.801999611201414e+38
5401.463796688903,9.825268568977496e+38
5395.780499649274,9.867315903411476e+38
5390.109149710282,9.912439696367063e+38
5384.449709239716,9.955024954949069e+38
5378.802140763251,1.0003149973112495e+39
5373.166406963624,1.005059473175839e+39
5367.542470679799,1.0143838294017677e+39
5361.930294906166,1.0257945454545089e+39
5356.329842791719,1.0369741140994568e+39
5350.7410776392535,1.0467235175305336e+39
5345.163962904562,1.0559851714976044e+39
5339.598462195643,1.0649408620373918e+39
5334.044539271903,1.0734124526551607e+39
5328.502158043375,1.0809902250660225e+39
5322.971282569931,1.0889424582868801e+39
5317.451877060513,1.0962928808745096e+39
5311.943905872355,1.1032530350770967e+39
5306.447333510215,1.1089194837225612e+39
5300.96212462562,1.1154072349546541e+39
5295.488244016098,1.1225192130432402e+39
5290.025656624434,1.1286999925868542e+39
5284.574327537917,1.1347733833951188e+39
5279.134221987594,1.1405137899060921e+39
5273.705305347537,1.1465500624230994e+39
5268.287543134104,1.1510825717823355e+39
5262.88090100521,1.1550800519733824e+39
5257.4853447596015,1.1586092729129112e+39
5252.100840336135,1.1615680894856117e+39
5246.7273538130585,1.163825422528092e+39
5241.3648514073075,1.1661003829583195e+39
5236.0132994737805,1.1684004446578235e+39
5230.672664504656,1.170635587060402e+39
5225.342913128675,1.1726958119534699e+39
5220.024012110455,1.1782513525917652e+39
5214.715928349803,1.1839546243064377e+39
5209.418628881018,1.1896683789310338e+39
5204.132080872213,1.1953292003592516e+39
5198.856251624643,1.203480027738608e+39
5193.591108572022,1.2122986854123393e+39
5188.336619279859,1.2210928375245058e+39
5183.092751444787,1.2295331189231745e+39
5177.859472893906,1.2378271859659785e+39
5172.63675158412,1.2455024227405965e+39
5167.4245556014885,1.2530752146849765e+39
5162.222853160571,1.260167867075971e+39
5157.031612603785,1.2670507062473566e+39
5151.850802400763,1.2735881335992471e+39
5146.68039114771,1.2799615208969401e+39
5141.520347566776,1.2855716677724715e+39
5136.370640505418,1.2898154004679082e+39
5131.231238935783,1.2936556991041217e+39
5126.102111954071,1.2962195186348454e+39
5120.983228779926,1.2987893794671984e+39
5115.874558755819,1.3030823254133797e+39
5110.776071346433,1.3079386716759536e+39
5105.6877361380575,1.3126036854858018e+39
5100.609522837979,1.3170315160662084e+39
5095.541401273885,1.3214463843769865e+39
5090.483341393266,1.3258720465676327e+39
5085.435313262816,1.3297928530724164e+39
5080.397287067849,1.332561135459586e+39
5075.369233111709,1.335024512228551e+39
5070.351121815186,1.3362219635946711e+39
5065.342923715936,1.337055980366982e+39
5060.344609467906,1.3372604838106435e+39
5055.356149840757,1.3364890928346655e+39
5050.3775157192995,1.3351169332924665e+39
5045.408678102926,1.333720262745728e+39
5040.449608105044,1.3320605470590884e+39
5035.500276952515,1.329789587219613e+39
5030.560655985109,1.3275043488602765e+39
5025.63071665494,1.3253859930055745e+39
5020.71043052592,1.3230661449440307e+39
5015.799769273211,1.320536990584379e+39
5010.898704682685,1.3178339908072453e+39
5006.00720865038,1.3153823206350948e+39
5001.125253181966,1.3129727867414896e+39
4996.252810392206,1.3103515369980755e+39
4991.38985250443,1.3097931848599507e+39
4986.536351850005,1.311004107378364e+39
4981.692280867811,1.3131805900079621e+39
4976.857612103718,1.316479610270992e+39
4972.032318210068,1.3206353038250158e+39
4967.216371945162,1.3241882433670118e+39
4962.409746172742,1.327230387796348e+39
4957.612413861484,1.329349469179001e+39
4952.824348084495,1.3311326252564282e+39
4948.045522018802,1.3328385860085548e+39
4943.275908944857,1.3338270229863857e+39
4938.515482246036,1.3351366362172159e+39
4933.764215408146,1.3387465271032578e+39
4929.022082018928,1.3424584868927124e+39
4924.289055767573,1.3464231289677906e+39
4919.565110444238,1.3498724229422304e+39
4914.850219939547,1.353348773122481e+39
4910.1443582441325,1.3579149140336708e+39
4905.447499448137,1.3646863307952033e+39
4900.7596177407495,1.3713759396964482e+39
4896.080687409729,1.3782178201435367e+39
4891.410682840932,1.3845983954603596e+39
4886.749578517849,1.390853893501006e+39
4882.097349021139,1.3972034554610065e+39
4877.453969028168,1.403646150022631e+39
4872.819413312543,1.4101080933604346e+39
4868.193656743665,1.417487275541849e+39
4863.576674286271,1.424748727727195e+39
4858.968440999976,1.4321104554122504e+39
4854.368932038836,1.4396984174390546e+39
4849.77812265089,1.4473780269925513e+39
4845.195988177722,1.454854092298337e+39
4840.622504054022,1.462383013917178e+39
4836.057645807138,1.470640890179055e+39
4831.50138905665,1.4786022415034624e+39
4826.953709513926,1.4868369883394746e+39
4822.414582981699,1.4949917636270604e+39
4817.883985353633,1.504879417786906e+39
4813.361892613897,1.5156423615302103e+39
4808.84828083674,1.5267992024474282e+39
4804.3431261860715,1.5377281629375605e+39
4799.8464049150425,1.5499435771838328e+39
4795.358093365622,1.5626670085630714e+39
4790.878167968189,1.5749863568883684e+39
4786.406605241115,1.5870239025162652e+39
4781.943381790359,1.5988406978954593e+39
4777.488474309055,1.6108763285801896e+39
4773.041859577109,1.6220850849391678e+39
4768.60351446079,1.6327945514252076e+39
4764.173415912339,1.642683540991127e+39
4759.751540969562,1.6514866459661916e+39
4755.337866755433,1.659922686114656e+39
4750.932370477706,1.6676182706837445e+39
4746.535029428517,1.674045208699716e+39
4742.145820983995,1.6799736586176926e+39
4737.764722603875,1.685124252005979e+39
4733.391711831113,1.6897709708725047e+39
4729.026766291498,1.694389069075879e+39
4724.669863693275,1.6988467020342762e+39
4720.320981826764,1.7032468037735662e+39
4715.980098563984,1.708787327714006e+39
4711.647191858274,1.715483506288609e+39
4707.322239743921,1.7225251865442812e+39
4703.005220335795,1.729556907242011e+39
4698.696111828967,1.73649012467268e+39
4694.394892498357,1.7431793072777993e+39
4690.101540698356,1.7498285288798112e+39
4685.8160348624715,1.7562639199942898e+39
4681.538353502961,1.758375699207433e+39
4677.268475210477,1.755055084963109e+39
4673.006378653707,1.7478542050602638e+39
4668.752042579019,1.736417655628959e+39
4664.505445810108,1.7231594087295238e+39
4660.266567247647,1.7076741649647987e+39
4656.035385868933,1.691549723467559e+39
4651.811880727543,1.6736763012882843e+39
4647.59603095299,1.653385156896009e+39
4643.387815750371,1.6334604638887588e+39
4639.187214400037,1.6115364928064984e+39
4634.994206257242,1.5885968212213223e+39
4630.808770751812,1.563681667458391e+39
4626.630887387804,1.5396737639815666e+39
4622.4605357431765,1.513820074618423e+39
4618.2976954694495,1.488536529531753e+39
4614.142346291383,1.4632289973687752e+39
4609.994468006638,1.4396104008107075e+39
4605.8540404854575,1.4140411234990988e+39
4601.721043670333,1.3900311189296438e+39
4597.595457575688,1.366736223766493e+39
4593.477262287552,1.3434646257050155e+39
4589.366437963239,1.3211305866504534e+39
4585.262964831033,1.3005424301482952e+39
4581.166823189867,1.2790813524036043e+39
4577.077993409008,1.2595030511102643e+39
4572.996455927747,1.2401932885384613e+39
4568.922191255083,1.2211894018512065e+39
4564.855179969416,1.2035840282621372e+39
4560.795402718234,1.1871565009552465e+39
4556.742840217812,1.1711644580478693e+39
4552.6974732529025,1.1570101051342928e+39
4548.659282676431,1.1431329735896212e+39
4544.628249409198,1.1443401375275077e+39
4540.604354439576,1.1494219942425273e+39
4536.58757882321,1.1586378246793976e+39
4532.57790368272,1.1793289327782198e+39
4528.575310207409,1.2021580030698832e+39
4524.579779652965,1.2307923512524968e+39
4520.591293341169,1.2654116880478599e+39
4516.609832659606,1.3016303729600241e+39
4512.635379061372,1.3415211927888976e+39
4508.667914064789,1.38267361636866e+39
4504.70741925312,1.4238642357541495e+39
4500.753876274276,1.461208839601428e+39
4496.807266840543,1.4988362834733345e+39
4492.867572728294,1.5305183245396596e+39
4488.934775777708,1.559116051026579e+39
4485.008857892494,1.585345006171219e+39
4481.089801039612,1.605366593956297e+39
4477.177587248998,1.624862125078441e+39
4473.272198613286,1.6409829673771047e+39
4469.373617287537,1.6538519312980574e+39
4465.481825488971,1.6662621575396078e+39
4461.596805496687,1.6759194373503702e+39
4457.718539651407,1.6846669947158385e+39
4453.8470103551945,1.692511512916e+39
4449.982200071199,1.6996877660556998e+39
4446.124091323389,1.706837644950126e+39
4442.272666696282,1.713537818658586e+39
4438.427908834691,1.7193796283709322e+39
4434.589800443458,1.7248500309949025e+39
4430.7583242872015,1.728915448553731e+39
4426.933463190048,1.7326845491057027e+39
4423.115200035385,1.7358166586360203e+39
4419.3035177656,1.738321351003291e+39
4415.4983993818305,1.7408919233218468e+39
4411.699827943707,1.743173896727816e+39
4407.907786569105,1.7451997274580013e+39
4404.122258433894,1.7471138842690808e+39
4400.343226771688,1.748632864679934e+39
4396.570674873598,1.7501924540223664e+39
4392.804586087987,1.7516210602240467e+39
4389.044943820225,1.7528207491023564e+39
4385.29173153244,1.7539588349018654e+39
4381.544932743285,1.7549991218051946e+39
4377.804531027689,1.756160503873712e+39
4374.0705100166215,1.7574669752767363e+39
4370.342853396849,1.7578412548386034e+39
4366.621544910702,1.757945901284273e+39
4362.906568355839,1.7573930969869966e+39
4359.197907585004,1.757223163990678e+39
4355.495546505804,1.7566496644363802e+39
4351.799469080464,1.755434731777357e+39
4348.109659325608,1.7536039967392864e+39
4344.426101312017,1.752089609100492e+39
4340.748779164406,1.750104009501044e+39
4337.077677061196,1.747963982426903e+39
4333.412779234286,1.7460234492331264e+39
4329.754069968826,1.7446009646401987e+39
4326.101533602993,1.743514256364845e+39
4322.455154527772,1.7426303997025784e+39
4318.814917186724,1.7417504280155058e+39
4315.180806075775,1.740610585942136e+39
4311.552805742988,1.739352785924038e+39
4307.930900788351,1.7388153152648167e+39
4304.315075863553,1.7379584760774287e+39
4300.70531567177,1.736897359946323e+39
4297.101604967449,1.7358889364037127e+39
4293.503928556094,1.734845866469774e+39
4289.912271294052,1.7338067325832256e+39
4286.326618088298,1.7327345253422152e+39
4282.746953896229,1.7309319108239417e+39
4279.173263725448,1.7295066594403958e+39
4275.605532633559,1.7285320413349868e+39
4272.043745727956,1.7267322305347735e+39
4268.487888165618,1.7245815204155307e+39
4264.9379451528985,1.7221018530597472e+39
4261.393901945326,1.7197224107319057e+39
4257.855743847398,1.716722077024693e+39
4254.323456212376,1.71333134996373e+39
4250.797024442083,1.709936329413974e+39
4247.276433986705,1.7067378110294478e+39
4243.761670344594,1.7066889533681696e+39
4240.252719062056,1.707667936835622e+39
4236.749565733169,1.70814536348285e+39
4233.2521959995765,1.7093926667250154e+39
4229.760595550291,1.7129774607022708e+39
4226.274750121505,1.7169671856918594e+39
4222.794645496389,1.7202717285596566e+39
4219.320267504905,1.7229732836927518e+39
4215.851602023608,1.7251292847452752e+39
4212.388634975463,1.7269084621325745e+39
4208.931352329643,1.7231836403546055e+39
4205.479740101352,1.7133376489394158e+39
4202.033784351626,1.7034292886232227e+39
4198.593471187152,1.6931132772520196e+39
4195.158786760079,1.6824886197043584e+39
4191.72971726783,1.6708776613413694e+39
4188.306248952924,1.656399097888344e+39
4184.888368102781,1.6422379502645333e+39
4181.4760610495505,1.629615328427996e+39
4178.069314169922,1.6175437344298663e+39
4174.668113884946,1.6030799758979015e+39
4171.272446659853,1.5893168036075815e+39
4167.882299003876,1.5752152818764792e+39
4164.497657470068,1.5624684306453918e+39
4161.118508655127,1.5510816952489106e+39
4157.744839199218,1.541604216016639e+39
4154.3766357858,1.532415581360829e+39
4151.013885141446,1.5206700733713614e+39
4147.65657403567,1.510934676497088e+39
4144.304689280756,1.5070341875985733e+39
4140.958217731583,1.5010677993133164e+39
4137.6171462854545,1.493919453189782e+39
4134.281461881925,1.4891311149833735e+39
4130.951151502633,1.487964674117618e+39
4127.626202171131,1.4880457402263676e+39
4124.306600952715,1.4872684374123712e+39
4120.992334954257,1.486283879273427e+39
4117.683391324041,1.48617716367559e+39
4114.379757251594,1.485536977910907e+39
4111.081419967522,1.4870954705355465e+39
4107.788366743345,1.488626962951891e+39
4104.500584891333,1.4907043806735033e+39
4101.218061764344,1.4934915651133716e+39
4097.94078475566,1.4964578520666054e+39
4094.6687412988285,1.4999785221615278e+39
4091.4019188675,1.505387727474935e+39
4088.1403049752666,1.5127153485410128e+39
4084.883887175507,1.5665619818829362e+39
4081.6326530612246,1.6219120932941843e+39
4078.3865902648913,1.6780577340210984e+39
4075.1456864582906,1.7317604460141337e+39
4071.9099293523623,1.7871931932189982e+39
4068.6793066970463,1.8382243777473118e+39
4065.453806281126,1.8803952164264102e+39
4062.2334159320794,1.9237699313073618e+39
4059.0181235159216,1.9602414133123632e+39
4055.8079169370535,1.989212856157234e+39
4052.602784138113,2.0181572484407495e+39
4049.4027130998174,2.0404232248191744e+39
4046.207691840822,2.0572441101191254e+39
4043.017708417563,2.0742890836901618e+39
4039.8327509241117,2.086814748336901e+39
4036.6528074920275,2.0973893390847202e+39
4033.4778662902086,2.107796903516243e+39
4030.307915524746,2.115655761878827e+39
4027.1429434387774,2.1228593174252016e+39
4023.982938312341,2.1299545152460074e+39
4020.8278884622346,2.1359028496954407e+39
4017.6777822418644,2.141323459640105e+39
4014.5326080411087,2.146536178645808e+39
4011.3923542861726,2.1508434292310883e+39
4008.257009439445,2.1544619892340077e+39
4005.1265619993587,2.1581527579247473e+39
4002.00100050025,2.1608534612108906e+39
3998.880313512216,2.1634471457720873e+39
3995.76448964098,2.1659676709155118e+39
3992.653517527749,2.168170396285354e+39
3989.5473858490755,2.170530568951982e+39
3986.446083316723,2.1737524422173766e+39
3983.3495986775274,2.1781667510002374e+39
3980.257920713262,2.1825456262274398e+39
3977.171038240499,2.18599418589337e+39
3974.0889401104796,2.190308292874702e+39
3971.0116152089745,2.1942147063851117e+39
3967.939052456154,2.1986069539849735e+39
3964.871240806455,2.203065632271229e+39
3961.8081692484448,2.207219608506592e+39
3958.7498268046947,2.210981201476629e+39
3955.6962025316457,2.214376609637241e+39
3952.6472855194766,2.2180933250374442e+39
3949.603064891978,2.220863728873516e+39
3946.5635298064212,2.2239390352158857e+39
3943.528669453427,2.226182328941471e+39
3940.4984730568417,2.2287627336476206e+39
3937.4729298736074,2.2303841030435958e+39
3934.4520291936337,2.231635745236836e+39
3931.4357603396757,2.2326729658775006e+39
3928.4241126672036,2.233444547100982e+39
3925.4170755642785,2.2340593107516036e+39
3922.4146384514306,2.234240485169934e+39
3919.4167907815317,2.234152499605187e+39
3916.4235220396736,2.234085513902996e+39
3913.434821743044,2.2312786156694775e+39
3910.4506794408057,2.2269554870937875e+39
3907.4710847139727,2.2222259309918966e+39
3904.496027175292,2.2165230650082843e+39
3901.5254964691194,2.210946499208156e+39
3898.5594822713006,2.204841317406653e+39
3895.5979742890536,2.1994980965611518e+39
3892.6409622608458,2.1950913809307498e+39
3889.68843595628,2.191064782123388e+39
3886.7403851759723,2.1863699470705787e+39
3883.796799751437,2.181355195928524e+39
3880.857669544969,2.1750650391838924e+39
3877.922984449529,2.1645712814534182e+39
3874.992734388623,2.1543739677603802e+39
3872.066909316193,2.142327923420973e+39
3869.145499216498,2.1298720945516075e+39
3866.2284941040016,2.113363633444602e+39
3863.315884023257,2.0952288642497864e+39
3860.4076590487957,2.0766852665143853e+39
3857.503809285012,2.057828596823894e+39
3854.6043248660526,2.0387487868494423e+39
3851.7091959557056,2.0191562717054503e+39
3848.8184127472864,1.9991958306432053e+39
3845.931965463531,1.9787871288457568e+39
3843.049844356481,1.9590135696723484e+39
3840.172039707379,1.937649951275568e+39
3837.298541826554,1.917635294613696e+39
3834.429341053318,1.8963163438949287e+39
3831.5644277558526,1.8747986707868764e+39
3828.7037923311063,1.8528861824787918e+39
3825.847425204683,1.832310215379309e+39
3822.995316830737,1.8124773654426415e+39
3820.1474576918667,1.7918968260096215e+39
3817.3038382990094,1.7718699213037066e+39
3814.4644491913336,1.7517536855612904e+39
3811.629280936136,1.7306310021244857e+39
3808.7983241287375,1.7098570161057794e+39
3805.9715693923768,1.6895568894800753e+39
3803.1490073781088,1.670283542616909e+39
3800.3306287647024,1.6541970960312368e+39
3797.516424258535,1.6409757333803307e+39
3794.706384593492,1.628801132563908e+39
3791.900500530866,1.6173566655222853e+39
3789.098762859254,1.6067056645661894e+39
3786.3011623944567,1.5954231259406952e+39
3783.50768997938,1.5844359313341686e+39
3780.718336483932,1.574850628534944e+39
3777.9330928049267,1.5642768395595303e+39
3775.1519498659823,1.5557544085551065e+39
3772.3748986174246,1.5462026473237642e+39
3769.6019300361877,1.5385787594539137e+39
3766.8330351257177,1.541796932536905e+39
3764.0682049158727,1.549398677949814e+39
3761.307430462829,1.5589361412426884e+39
3758.5507028489815,1.5720353174828658e+39
3755.798013182851,1.590223879484533e+39
3753.0493525989864,1.6204370184177274e+39
3750.304712257871,1.6538274071021015e+39
3747.564083345825,1.688256745018637e+39
3744.827457074915,1.7224404281388168e+39
3742.0948246828575,1.7567268091854986e+39
3739.366177432925,1.7910812884393227e+39
3736.641506613855,1.822463447145541e+39
3733.920803539757,1.8534169478135455e+39
3731.2040595500166,1.8842261561628738e+39
3728.491266009209,1.9106905789600503e+39
3725.7824143070043,1.9335788397931235e+39
3723.077495858076,1.955605719856217e+39
3720.3765021020126,1.9753552454512557e+39
3717.679424503225,1.993439987540862e+39
3714.986254550858,2.010074531237449e+39
3712.2969837587007,2.0261580780633275e+39
3709.611603665096,2.0409748652144852e+39
3706.9301058328547,2.0541238171897985e+39
3704.2524818491625,2.066257041611435e+39
3701.5787233254982,2.0770260685467757e+39
3698.90882189754,2.087791993098064e+39
3696.2427692250826,2.097831049489259e+39
3693.5805569919476,2.107903772755803e+39
3690.9221769059,2.118681642348337e+39
3688.2676206985575,2.1292899287102165e+39
3685.6168801253107,2.1399053138549715e+39
3682.969946965233,2.15185492390809e+39
3680.3268130209963,2.162422185886601e+39
3677.687470118789,2.1739045819707768e+39
3675.05191010823,2.1879155964849462e+39
3672.420124862284,2.2000086414382323e+39
3669.792106277179,2.2126282409075415e+39
3667.1678462723235,2.2258041444467284e+39
3664.5473367902227,2.2378091250838694e+39
3661.9305697963964,2.2498366289503792e+39
3659.317537279297,2.2617276979292084e+39
3656.7082312502284,2.2735864312285275e+39
3654.102643743263,2.285391668620812e+39
3651.500766815161,2.2970889835486705e+39
3648.9025925452916,2.3097115429669873e+39
3646.3081130355513,2.321564720452983e+39
3643.7173204102824,2.3378871176446783e+39
3641.130206816196,2.354434692909349e+39
3638.5467644222895,2.3703376898229805e+39
3635.9669854197723,2.3794448494216302e+39
3633.390862021982,2.3892487815115507e+39
3630.8183864643092,2.3983000664768225e+39
3628.249551004118,2.4065368758209897e+39
3625.68434792067,2.414336909545025e+39
3623.122769515045,2.4232704844437784e+39
3620.564808110065,2.4375338628936885e+39
3618.010456050218,2.4525129088108623e+39
3615.45970570158,2.467390240574167e+39
3612.9125494517407,2.4830146992966844e+39
3610.3689797097263,2.500063924699009e+39
3607.8289889059256,2.5181654197027884e+39
3605.292569492014,2.5290852591913332e+39
3602.7597139408786,2.534512637346882e+39
3600.230414746544,2.5410329147115412e+39
3597.7046644240972,2.5467592227170765e+39
3595.182455509617,2.5520333307981863e+39
3592.6637805600963,2.5575958722511774e+39
3590.1486321533707,2.562843075317018e+39
3587.6370028880474,2.5673695250328562e+39
3585.1288853834294,2.571064001350144e+39
3582.6242722794445,2.5740452048479112e+39
3580.1231562365742,2.576171606831144e+39
3577.6255299357813,2.578229529692563e+39
3575.1313860784385,2.5807410570798887e+39
3572.640717386256,2.582249183894037e+39
3570.1535166012136,2.5827330965042742e+39
3567.6697764854885,2.5826527656556103e+39
3565.189489821384,2.5820050331793593e+39
3562.7126494112613,2.5816967143421382e+39
3560.2392480774706,2.581345596537008e+39
3557.769278662279,2.580543136954477e+39
3555.302734027802,2.5789556865972798e+39
3552.8396070559393,2.576637103238781e+39
3550.3798906482994,2.5744468707951168e+39
3547.9235777261356,2.5716644985778854e+39
3545.4706612302784,2.5693039409422208e+39
3543.0211341210647,2.5668829666860343e+39
3540.5749893782745,2.5636200071335164e+39
3538.1322200010613,2.559866196017548e+39
3535.6928190078843,2.5565767552704436e+39
3533.2567794364454,2.5528216065751e+39
3530.8240943436194,2.5498775997472975e+39
3528.394756805391,2.5446497317144575e+39
3525.968759916787,2.5394683916323715e+39
3523.546096791811,2.536693077519588e+39
3521.1267605633802,2.535038785316346e+39
3518.710744383258,2.5320637868936517e+39
3516.298041421991,2.5281415630472266e+39
3513.888644868844,2.5241003741742503e+39
3511.4825479317365,2.5189011471475367e+39
3509.0797438371783,2.512386416309924e+39
3506.6802258302064,2.5047330268111544e+39
3504.2839871743204,2.496548583317103e+39
3501.8910211514217,2.487573587114532e+39
3499.5013210617485,2.478069096427063e+39
3497.1148802238154,2.4674479032077813e+39
3494.731691974349,2.4587913455904668e+39
3492.3517496682266,2.4508355562127714e+39
3489.9750466784158,2.4422742745639077e+39
3487.601576395912,2.4336228702012708e+39
3485.231332229677,2.4246579425659327e+39
3482.8643076065755,2.4161531000739162e+39
3480.5004959713206,2.4096419990370773e+39
3478.1398907864072,2.40349147415158e+39
3475.782485532055,2.397080491816006e+39
3473.4282737061476,2.389608613911806e+39
3471.0772488241723,2.3823457464502134e+39
3468.729404419161,2.37578572370215e+39
3466.384734041631,2.3712880868742582e+39
3464.0432312595262,2.3657689898953217e+39
3461.7048896581564,2.3609087939282876e+39
3459.369702840142,2.3559339466747403e+39
3457.0376644253533,2.3510573951901652e+39
3454.708768050853,2.3411363991146646e+39
3452.3830073708373,2.3290473137422122e+39
3450.060376056581,2.3170809790519762e+39
3447.7408677963763,2.3042907868759905e+39
3445.4244762954795,2.2909495435907672e+39
3443.111195276051,2.2771562256952706e+39
3440.8010184771015,2.2615381877981336e+39
3438.4939396544314,2.2452024970618268e+39
3436.1899525805784,2.2289708640621644e+39
3433.8890510447604,2.2128624824276673e+39
3431.591228852819,2.1964027925905328e+39
3429.2964798271632,2.179547827839366e+39
3427.004797806717,2.162841610405611e+39
3424.7161766468603,2.147880624630121e+39
3422.4306102193777,2.1332705084872805e+39
3420.148092412401,2.1184920306142853e+39
3417.8686171303575,2.1033802260919255e+39
3415.5921782939117,2.089204503480308e+39
3413.318769839915,2.0742402563450988e+39
3411.0483857213517,2.0590490460196502e+39
3408.781019907281,2.044761375788003e+39
3406.51666638279,2.0297054019347932e+39
3404.255319148936,2.014965200711748e+39
3401.9969722226947,1.999709431290544e+39
3399.7416196369077,1.984648982365859e+39
3397.4892554402295,1.9683330027595075e+39
3395.2398736970767,1.9525102634084493e+39
3392.9934684875734,1.9375679255072247e+39
3390.7500339075,1.9221768093680054e+39
3388.5095640682443,1.90660562570411e+39
3386.272053096746,1.8913507737379327e+39
3384.0374951354456,1.8758622423183282e+39
3381.8058843422386,1.858781728835461e+39
3379.577214890417,1.841707094761225e+39
3377.3514809686244,1.8235985577427654e+39
3375.1286767808024,1.8057376463963953e+39
3372.9087965461413,1.787218427420195e+39
3370.6918344990304,1.767522832872337e+39
3368.4777848890085,1.7481971934558396e+39
3366.266641980711,1.7285206357835116e+39
3364.0584000538247,1.7110119203406614e+39
3361.853053403035,1.693209776520697e+39
3359.650596337981,1.6759394690674494e+39
3357.4510231831996,1.658977241179164e+39
3355.2543282780834,1.6426204572140557e+39
3353.0605059768304,1.6297255360203624e+39
3350.8695506483928,1.6186766741439438e+39
3348.6814566764333,1.608004928285795e+39
3346.4962184592728,1.5981633959749067e+39
3344.313830409845,1.5888769841870436e+39
3342.1342869556497,1.580605141375955e+39
3339.957582538702,1.5711028673833954e+39
3337.783711615487,1.5616510100229362e+39
3335.6126686569155,1.552085440420385e+39
3333.444448148271,1.5444688843537746e+39
3331.2790445891696,1.536141170182267e+39
3329.116452493508,1.5284124815892096e+39
3326.9566663894198,1.522181282467197e+39
3324.7996808192306,1.5178968056840452e+39
3322.645490339408,1.514696754442556e+39
3320.4940895205204,1.511940220267211e+39
3318.3454729471887,1.500866605389208e+39
3316.1996352180404,1.488342304771394e+39
3314.056570945666,1.47634764927408e+39
3311.916274756574,1.465252249938359e+39
3309.778741291145,1.4547318176848453e+39
3307.643965203585,1.4447954393639395e+39
3305.511941161887,1.433433513268417e+39
3303.38266384778,1.4196214175755044e+39
3301.256127956687,1.4065528041420767e+39
3299.132328197684,1.394986917251245e+39
3297.0112592934506,1.3839812549272958e+39
3294.89291598023,1.3732589826767174e+39
3292.777293007787,1.3642742484743665e+39
3290.664385139359,1.3558464219380983e+39
3288.554187151619,1.3480851427724043e+39
3286.4466938346254,1.3416806164816543e+39
3284.341899991789,1.337002150060354e+39
3282.23980043982,1.3321585660053487e+39
3280.140390008692,1.3270718514363817e+39
3278.0436635415986,1.3184893493008946e+39
3275.9496158949073,1.308717941581224e+39
3273.8582419381237,1.2989192463400845e+39
3271.769536553845,1.2892872176653862e+39
3269.683494637719,1.2793411935301264e+39
3267.6001110984034,1.2676824187355478e+39
3265.519380857525,1.2561046874657132e+39
3263.441298849637,1.2451489516882985e+39
3261.365860022177,1.2348459528467392e+39
3259.29305933543,1.2251868378541716e+39
3257.222891762483,1.2158258881295564e+39
3255.1553522891877,1.2078668800262147e+39
3253.090435914118,1.2013463041502038e+39
3251.0281376485314,1.1950847611671895e+39
3248.9684525163257,1.1891934394688173e+39
3246.9113755540043,1.1833170070403417e+39
3244.85690181063,1.1795317339850774e+39
3242.8050263477908,1.177696048086572e+39
3240.755744239557,1.1760199878007184e+39
3238.709050572442,1.1752614480717248e+39
3236.6649404453647,1.1759548097797497e+39
3234.6234089696104,1.1777524209250855e+39
3232.5844512687895,1.1801875955688615e+39
3230.5480624787992,1.1842719358590081e+39
3228.5142377477882,1.1881197709593173e+39
3226.482972236114,1.1935813584861928e+39
3224.4542611163056,1.200338800743238e+39
3222.428099573028,1.2076592233751249e+39
3220.4044828030396,1.212159541991312e+39
3218.383406015158,1.2161110738690053e+39
3216.3648644302207,1.2221433802341955e+39
3214.3488532810466,1.2281078049420223e+39
3212.3353678123995,1.2342412155039515e+39
3210.3244032809516,1.2400829839656391e+39
3208.315954955244,1.2371936796727367e+39
3206.3100181156515,1.2352651928329696e+39
3204.306588054345,1.2350791972047483e+39
3202.305660075254,1.2349838121159526e+39
3200.307229494031,1.237153598974629e+39
3198.311291638015,1.240283046647264e+39
3196.317841846193,1.2453397157308465e+39
3194.3268754691667,1.2518555927974944e+39
3192.3383878691143,1.2596239422208532e+39
3190.3523744197546,1.2688308516291755e+39
3188.368830506313,1.2796030386566847e+39
3186.387751525483,1.2916756316667426e+39
3184.409132885393,1.3048149372101954e+39
3182.4329700055687,1.317809493732842e+39
3180.4592583169006,1.327424599782044e+39
3178.4879932616054,1.3390514188209138e+39
3176.5191702931925,1.3478348659216866e+39
3174.55278487643,1.3544716779768438e+39
3172.5888324873094,1.3639159211899698e+39
3170.627308613009,1.374449522324036e+39
3168.6682087518616,1.38704593004407e+39
3166.7115284133192,1.4003413265637883e+39
3164.7572631179187,1.4168228257770315e+39
3162.8054083972484,1.434463685730064e+39
3160.855959793912,1.4530259864111544e+39
3158.9089128614974,1.4671212100291815e+39
3156.964263164541,1.4805877326037778e+39
3155.022006278494,1.4945677301401863e+39
3153.082137789689,1.510576753502818e+39
3151.144653295309,1.5267746969292785e+39
3149.2095484033507,1.5453383761448934e+39
3147.2768187325914,1.566936893361012e+39
3145.346459912559,1.5907106171956065e+39
3143.4184675834967,1.616429143833564e+39
3141.4928373963307,1.6432753102145545e+39
3139.5695650126368,1.6747159557115178e+39
3137.6486461046093,1.7060560752264776e+39
3135.7300763550274,1.7361873440054545e+39
3133.8138514572233,1.7672197304976895e+39
3131.89996711505,1.7991835865315463e+39
3129.9884190428493,1.8293553966055252e+39
3128.0792029654185,1.8618623723246022e+39
3126.1723146179816,1.8949507583327346e+39
3124.267749746153,1.9291077793678752e+39
3122.3655041059105,1.9571400365496032e+39
3120.4655734635603,1.9885352531418664e+39
3118.567953595709,2.020896980736702e+39
3116.672640289227,2.0542488162732875e+39
3114.779629341224,2.087388327810162e+39
3112.8889165590126,2.1205009254525834e+39
3111.0004977600797,2.1566621909229902e+39
3109.114368772055,2.193307463407029e+39
3107.2305254326816,2.230207116473819e+39
3105.348963589783,2.2580989988196133e+39
3103.4696791012348,2.2790726665167658e+39
3101.592667834933,2.300778605183858e+39
3099.7179256687637,2.3219877581908777e+39
3097.8454484905747,2.344564409991806e+39
3095.9752321981423,2.369566134725336e+39
3094.1072726991442,2.398867962466028e+39
3092.241565911129,2.4264281518071365e+39
3090.3781077614844,2.4525699647540318e+39
3088.5168941874113,2.475002380968827e+39
3086.65792113589,2.4970201761042783e+39
3084.8011845636547,2.5200651966899708e+39
3082.946680437162,2.5431883179054567e+39
3081.094404732561,2.565287208366001e+39
3079.2443534356667,2.5870227936586285e+39
3077.3965225419292,2.607670252042027e+39
3075.550908056405,2.629895119673806e+39
3073.7075059937297,2.6501628518813185e+39
3071.8663123780852,2.6666788504848335e+39
3070.027323243177,2.6759235105072987e+39
3068.1905346322,2.6832939281429464e+39
3066.3559425978165,2.6902326634075227e+39
3064.5235432021204,2.6967133736617308e+39
3062.693332516615,2.702676858133335e+39
3060.8653066221823,2.7085837251106482e+39
3059.039461609055,2.713515114219378e+39
3057.2157935767896,2.7180520464823963e+39
3055.3942986342386,2.722795953373712e+39
3053.574972899522,2.7268688585456577e+39
3051.7578125,2.7310897278654553e+39
3049.9428135722455,2.73506008990116e+39
3048.129972262017,2.739063173207222e+39
3046.319284724232,2.742975480783493e+39
3044.510747122937,2.74685546642401e+39
3042.7043556312847,2.750013823964225e+39
3040.9001064315034,2.752600749306963e+39
3039.097995714872,2.7546274334407626e+39
3037.2980196816907,2.756376155156798e+39
3035.5001745412596,2.757879569421947e+39
3033.7044565118467,2.76069250161418e+39
3031.910861820662,2.7645467400383444e+39
3030.119386703836,2.7687489514711277e+39
3028.3300274063868,2.773564722663539e+39
3026.5427801821975,2.777270947075707e+39
3024.757641293991,2.780379612020386e+39
3022.974607013301,2.78307047735181e+39
3021.1936736204475,2.7856193405096225e+39
3019.414837404511,2.7868795279477827e+39
3017.6380946633067,2.790724937294768e+39
3015.8634417033595,2.7941884123491775e+39
3014.090874839876,2.7970262348209995e+39
3012.3203903967224,2.7991602448166446e+39
3010.5519847063956,2.800951657163191e+39
3008.785654110001,2.802961658932955e+39
3007.021394957225,2.804921290687082e+39
3005.2592036063106,2.805837356913162e+39
3003.499076424034,2.8059344672897926e+39
3001.7410097856755,2.8055763556413676e+39
2999.9850000749993,2.804278971257796e+39
2998.2310436842263,2.803106163916811e+39
2996.4791370140083,2.800188049959981e+39
2994.7292764734066,2.79908608777158e+39
2992.9814584798646,2.796133474931297e+39
2991.2356794591847,2.7926605236578386e+39
2989.491935845503,2.790694998154977e+39
2987.7502240812664,2.787451764481473e+39
2986.010540617208,2.784790321552604e+39
2984.272881912322,2.781928672798649e+39
2982.5372444338395,2.7782640742913364e+39
2980.8036246572074,2.774220634855142e+39
2979.0720190660604,2.770255703153205e+39
2977.3424241522016,2.7667722894779004e+39
2975.6148364155742,2.7629961981175124e+39
2973.8892523642417,2.7598692805604194e+39
2972.165668514363,2.756662265551297e+39
2970.4440813901674,2.7522910694802605e+39
2968.724487523935,2.7445250977801776e+39
2967.0068834559697,2.7356260329363657e+39
2965.2912657345764,2.725397722392358e+39
2963.5776309160415,2.713792051636604e+39
2961.865975564606,2.7018853216971403e+39
2960.1562962524417,2.6899268997517984e+39
2958.448589559635,2.676832652850084e+39
2956.7428520741546,2.6654114185070766e+39
2955.039080391838,2.656228822343337e+39
2953.3372711163615,2.6465560912501758e+39
2951.6374208592215,2.6384002996943092e+39
2949.9395262397115,2.629954982206677e+39
2948.2435838849005,2.621218469110346e+39
2946.5495904296067,2.6131452710276442e+39
2944.857542516381,2.6039339270861244e+39
2943.167436795479,2.59373019449467e+39
2941.479269924845,2.5830567022703056e+39
2939.7930385700847,2.568099038593147e+39
2938.1087394044453,2.5525139879054012e+39
2936.4263691087945,2.5367405335217235e+39
2934.745924371597,2.5194515090100983e+39
2933.0674018888953,2.499468242781825e+39
2931.390798364284,2.4806022429192336e+39
2929.7161105088912,2.4608094909991553e+39
2928.043335041358,2.4391079561991052e+39
2926.3724686878145,2.4172170500192152e+39
2924.7035081818576,2.394184714865924e+39
2923.0364502645343,2.369601957468377e+39
2921.3712916843165,2.3469453088836484e+39
2919.7080291970797,2.322312074412594e+39
2918.046659566086,2.2964292016845135e+39
2916.3871795619584,2.2711266035503554e+39
2914.7295859626624,2.2427367803977978e+39
2913.073875553484,2.21395927630248e+39
2911.420045127011,2.1853412278992473e+39
2909.7680914831085,2.155263687270654e+39
2908.1180114289036,2.124996457779296e+39
2906.4698017787596,2.0956108143471165e+39
2904.8234593542575,2.0661066871644682e+39
2903.178980984177,2.035284138778986e+39
2901.5363635044755,2.005568368927973e+39
2899.8956037582648,1.9760726643633487e+39
2898.256698595794,1.945541575126287e+39
2896.6196448744313,1.9144285177288694e+39
2894.9844394586376,1.884652481943862e+39
2893.351079219952,1.8526380002404114e+39
2891.7195610369704,1.820555142642782e+39
2890.0898817953234,1.7885848794728434e+39
2888.4620383876604,1.7574237837254354e+39
2886.8360277136258,1.724663727927134e+39
2885.211846679842,1.6939101247730058e+39
2883.58949219989,1.66814316734305e+39
2881.9689611942877,1.645018904577125e+39
2880.3502505904717,1.622152466221046e+39
2878.733357322778,1.5990851332550988e+39
2877.118278332422,1.578562878880357e+39
2875.5050105674804,1.5585222297374395e+39
2873.893550982871,1.5385941427213772e+39
2872.283896540334,1.517994645535628e+39
2870.676044208411,1.496384143874497e+39
2869.0699909624295,1.473354026335804e+39
2867.4657337844815,1.4505848157253687e+39
2865.8632696634045,1.431782425888266e+39
2864.262595594764,1.4166028853983214e+39
2862.6637085808343,1.4007857383630085e+39
2861.066605630579,1.3852321446599304e+39
2859.471283759633,1.3690321186569764e+39
2857.8777399902833,1.3546300414488902e+39
2856.285971351452,1.340633994255511e+39
2854.6959748786758,1.327299923733574e+39
2853.107747614089,1.3138796239835477e+39
2851.5212866064044,1.3036044958295716e+39
2849.9365889108967,1.2937429801967526e+39
2848.353651589381,1.2845334151719571e+39
2846.7724717101987,1.2757233484438537e+39
2845.193046348195,1.2694175220058958e+39
2843.6153725847043,1.2638644700763692e+39
2842.039447507532,1.2593238292682443e+39
2840.465268210933,1.2552359458367918e+39
2838.8928317956,1.2543498878493719e+39
2837.3221353686395,1.2539853641508195e+39
2835.7531760435572,1.2560826236677803e+39
2834.185950940241,1.2588074209734171e+39
2832.6204571849416,1.2638987690056105e+39
2831.0566919102557,1.269852584397803e+39
2829.4946522551077,1.2733116535297194e+39
2827.934335364733,1.2747386791855022e+39
2826.3757383906614,1.278964247809333e+39
2824.8188584906993,1.2847135039439127e+39
2823.2636928289103,1.2905283803509559e+39
2821.7102385756007,1.2970819560256515e+39
2820.1584929073015,1.3044469276056953e+39
2818.6084530067506,1.3130677497602415e+39
2817.060116062877,1.3221293481225646e+39
2815.5134792707818,1.3313470884218749e+39
2813.9685398317247,1.34209999784382e+39
2812.4252949531033,1.352540090589074e+39
2810.8837418484372,1.363632129812847e+39
2809.343877737355,1.3751166443570977e+39
2807.8056998455704,1.3872669330884426e+39
2806.269205404875,1.3982662800540858e+39
2804.734391653111,1.409660181464021e+39
2803.2012558341626,1.4215566837370716e+39
2801.6697951979377,1.4340415138912708e+39
2800.14000700035,1.4444513466985248e+39
2798.611888503302,1.4545527811554405e+39
2797.0854369746726,1.4643752021019854e+39
2795.560649688295,1.4742971287744512e+39
2794.0375239239465,1.480709242760249e+39
2792.516056967328,1.486285658680836e+39
2790.996246110049,1.4930532069122502e+39
2789.4780886496137,1.4991234288750992e+39
2787.9615818894013,1.5045938936337868e+39
2786.446723138654,1.508188219862166e+39
2784.933509712456,1.511012447623539e+39
2783.4219389317227,1.5145137148941213e+39
2781.912008123183,1.5179153487875022e+39
2780.4037146193627,1.517464378975036e+39
2778.8970557585694,1.5172959574989435e+39
2777.392028884877,1.5161561336626525e+39
2775.8886313481107,1.516056311783193e+39
2774.3868605038288,1.5130806442798293e+39
2772.8867137133116,1.5082765153966968e+39
2771.3881883435415,1.5044724284955117e+39
2769.891281767191,1.500150030364045e+39
2768.3959913626045,1.4951603749863206e+39
2766.902314513786,1.4899979672140912e+39
2765.410248610381,1.4860476609544963e+39
2763.919791047664,1.4836696183068564e+39
2762.4309392265195,1.4800745579251346e+39
2760.943690553431,1.4754930703832403e+39
2759.458042440465,1.4704533487242465e+39
2757.9739923052525,1.4660918534020293e+39
2756.4915375709797,1.461178256728881e+39
2755.010675666368,1.4561404271436143e+39
2753.531404025663,1.448772109322855e+39
2752.0537200886165,1.441399875041361e+39
2750.5776213004733,1.4333293670447017e+39
2749.1031051119576,1.4254438392394294e+39
2747.6301689792554,1.4148257421883916e+39
2746.1588103640033,1.403905318750733e+39
2744.689026733271,1.3931816131181554e+39
2743.2208155595486,1.383545933269014e+39
2741.7541743207303,1.3743001799436886e+39
2740.289100500103,1.3637644311654633e+39
2738.825591586328,1.3528131169234486e+39
2737.36364507343,1.3408894167593116e+39
2735.9032584607808,1.3272622701455548e+39
2734.4444292530866,1.3094372607240426e+39
2732.987154960372,1.2926640597376817e+39
2731.5314330979663,1.2751529612048117e+39
2730.077261186492,1.258516813289915e+39
2728.624636751845,1.2414615112515993e+39
2727.173557325188,1.2243683617925994e+39
2725.7240204429304,1.2065575013965584e+39
2724.276023646716,1.1900919057026738e+39
2722.8295644834116,1.1729950226860865e+39
2721.3846405050895,1.1561023463017428e+39
2719.941249269016,1.1392924958668082e+39
2718.499388337638,1.1227126217974198e+39
2717.0590552785666,1.107307514618739e+39
2715.6202476645667,1.092077638909599e+39
2714.182963073541,1.0775126034700573e+39
2712.7471990885174,1.0633776988320902e+39
2711.3129532976345,1.0527196497288074e+39
2709.8802232941307,1.0434662896959164e+39
2708.449006676327,1.0332070907831129e+39
2707.0193010476164,1.0203953913428236e+39
2705.5911040164506,1.0093467307216117e+39
2704.1644131963226,1.0010767781825731e+39
2702.7392262057597,9.94198207596938e+38
2701.3155406683054,9.861103708656385e+38
2699.893354212509,9.783035313188078e+38
2698.4726644719094,9.724362829056238e+38
2697.0534690850245,9.61255872560495e+38
2695.635765695339,9.484209181859474e+38
2694.2195519512884,9.354529840067898e+38
2692.804825506247,9.250721910902713e+38
2691.391584018517,9.150692128654699e+38
2689.9798251513116,9.055823963339245e+38
2688.569546572746,8.962579894416138e+38
2687.160745955823,8.874824289969843e+38
2685.7534209784203,8.79873010583883e+38
2684.347569323276,8.722495318556133e+38
2682.94318867798,8.646181752671557e+38
2681.5402767349565,8.566669888680606e+38
2680.138831191456,8.489537498788842e+38
2678.738849749538,8.416604856638445e+38
2677.3403301160624,8.341874346993825e+38
2675.943270002676,8.267392048308225e+38
2674.5476671257975,8.197793380327298e+38
2673.153519206608,8.122517748761008e+38
2671.7608239710385,8.050677704180354e+38
2670.3695791497544,7.971710520817222e+38
2668.979782478148,7.886535551634487e+38
2667.5914316963217,7.796239344054698e+38
2666.204524549078,7.710535774486504e+38
2664.8190587859085,7.625355355737048e+38
2663.4350321609777,7.538648515366318e+38
2662.052442433116,7.449035822533132e+38
2660.6712873658025,7.358638142680585e+38
2659.2915647271566,7.274467121014242e+38
2657.9132722899253,7.195973003262246e+38
2656.536407831469,7.114174121798877e+38
2655.1609691337535,7.032862938059375e+38
2653.7869539833346,6.954448482587712e+38
2652.4143601713463,6.879713434694308e+38
2651.0431854934914,6.807094400875467e+38
2649.67342775003,6.735764131246393e+38
2648.3050847457625,6.6570798719241484e+38
2646.938154290025,6.581231598530853e+38
2645.572634196672,6.50700085972888e+38
2644.2085222840674,6.433634832954738e+38
2642.8458163750724,6.364578869374063e+38
2641.4845142970353,6.298622603381532e+38
2640.1246138817755,6.232044132135892e+38
2638.766112965577,6.166319079789102e+38
2637.409009389176,6.109439302769111e+38
2636.053300997746,6.050238193900864e+38
2634.698985640891,5.990777796844176e+38
2633.346061172629,5.943244430521833e+38
2631.9945254513873,5.893328166619322e+38
2630.644376339985,5.845417907102489e+38
2629.295611705624,5.805910635534263e+38
2627.9482294198806,5.7645155212897865e+38
2626.6022273586887,5.728401223224418e+38
2625.2576034023336,5.6811772169249355e+38
2623.9143554354387,5.614682973603639e+38
2622.5724813469533,5.5554156239073904e+38
2621.2319790301444,5.499771958495788e+38
2619.8928463825832,5.44172700211052e+38
2618.5550813061354,5.3848124012853205e+38
2617.21868170695,5.328309556979623e+38
2615.8836454954485,5.275593915721255e+38
2614.5499705863126,5.225154236905299e+38
2613.217654898476,5.173857889094115e+38
2611.8866963551122,5.124412384679879e+38
2610.5570928836214,5.07798759824683e+38
2609.2288424156245,5.0344158963492054e+38
2607.9019428869474,4.993214500130417e+38
2606.5763922376154,4.953197399292976e+38
2605.2521884118387,4.911664452958878e+38
2603.9293293580013,4.8714634218660145e+38
2602.6078130286546,4.838617270222335e+38
2601.2876373805034,4.805231139311045e+38
2599.9688003743954,4.7756328647304006e+38
2598.651299975313,4.736445400639941e+38
2597.33513415236,4.69837190058577e+38
2596.020300878753,4.66412605202132e+38
2594.7067981318114,4.634226523820546e+38
2593.3946238929448,4.607275873892851e+38
2592.083776147645,4.585417002260004e+38
2590.7742528854747,4.566601026883757e+38
2589.4660521000574,4.53279319415636e+38
2588.1591717890647,4.495717122679415e+38
2586.8536099542125,4.4599701539089604e+38
2585.5493646012433,4.4337472179663906e+38
2584.2464337399215,4.407508009100525e+38
2582.9448153840194,4.3852064779192845e+38
2581.64450755131,4.365131206535621e+38
2580.3455082635564,4.345534298879222e+38
2579.0478155465003,4.334233136709648e+38
2577.7514274298533,4.321750482318851e+38
2576.4563419472856,4.3072941075771396e+38
2575.1625571364193,4.292162018023449e+38
2573.870071038814,4.282911817090179e+38
2572.57888169996,4.279195923139149e+38
2571.288987169268,4.271019005789672e+38
2570.0003855000577,4.265779200257366e+38
2568.7130747495507,4.251891905912387e+38
2567.4270529788573,4.240879127914664e+38
2566.14231825297,4.2347986756665e+38
2564.858868640753,4.229202670450166e+38
2563.5767022149307,4.224581800552891e+38
2562.2958170520783,4.1932633043691256e+38
2561.016211232617,4.152781139038699e+38
2559.7378828407973,4.11585444227451e+38
2558.4608299646934,4.079616624030552e+38
2557.1850506961937,4.040879391866743e+38
2555.9105431309904,4.008587547925671e+38
2554.63730536857,3.976051487818576e+38
2553.365335512205,3.9485368272793614e+38
2552.0946316689424,3.918138711285846e+38
2550.8251919495956,3.891489589342595e+38
2549.557014468736,3.8695480615852744e+38
2548.2900973446817,3.8473554867428695e+38
2547.0244386994896,3.826898574731684e+38
2545.760036658945,3.805693644786499e+38
2544.496889352553,3.7888846421055684e+38
2543.23499491353,3.775500056585134e+38
2541.974351478794,3.76192939951478e+38
2540.714957188953,3.7496362210391006e+38
2539.456810188301,3.740134638195768e+38
2538.1999086248034,3.734552596942134e+38
2536.944250650092,3.729434618692847e+38
2535.689834419454,3.725331851158829e+38
2534.4366580918227,3.722183413994522e+38
2533.1847198297696,3.717275308686383e+38
2531.9340177994964,3.7172877522529e+38
2530.684550170821,3.7222545688667185e+38
2529.436315117176,3.7286773351236714e+38
2528.1893108155937,3.7333588264563796e+38
2526.943535446701,3.739200612495918e+38
2525.698987194706,3.7461030125192214e+38
2524.4556642473967,3.746101920398079e+38
2523.213564796124,3.75221504587042e+38
2521.9726870357995,3.755852757404313e+38
2520.7330291648814,3.763900202260752e+38
2519.494589385369,3.764710537417073e+38
2518.2573659027953,3.766330493551859e+38
2517.0213569262137,3.7575709464469954e+38
2515.786560668193,3.7498516393944146e+38
2514.552975344808,3.7426081121230546e+38
2513.320599175631,3.727400728014145e+38
2512.0894303837213,3.717379764834851e+38
2510.859467195621,3.690201023483915e+38
2509.630707841341,3.6608735795584545e+38
2508.4031505543576,3.629194186842366e+38
2507.176793571599,3.5953260704625755e+38
2505.951635133442,3.566752752032713e+38
2504.7276734837005,3.54387942800909e+38
2503.5049068696176,3.522461804882832e+38
2502.283333541857,3.498072434338583e+38
2501.0629517544953,3.474912706461394e+38
2499.8437597650145,3.4529790439972205e+38
2498.6257558342913,3.429542067796267e+38
2497.40893822659,3.4089243356642654e+38
2496.1933052095555,3.3864092867945236e+38
2494.9788550542034,3.3687484170831868e+38
2493.7655860349128,3.3537662679692022e+38
2492.553496429417,3.343537744829712e+38
2491.3425845187976,3.3334553717439558e+38
2490.1328485874724,3.3218464357865755e+38
2488.9242869231916,3.311066116265627e+38
2487.7168978170284,3.2959336879221075e+38
2486.5106795633687,3.2831350020919727e+38
2485.305630459906,3.2687604137376466e+38
2484.101748807631,3.2552749900830776e+38
2482.899032910827,3.2414260444401566e+38
2481.6974810770566,3.234243678813173e+38
2480.49709161716,3.2269299112911805e+38
2479.2978628452424,3.2229537477350354e+38
2478.0997930786675,3.2193573058240492e+38
2476.90288063805,3.2156012712630993e+38
2475.707123847249,3.218911586628034e+38
2474.5125210333563,3.220758954710135e+38
2473.3190705266934,3.2273884314360907e+38
2472.126770660799,3.2290038927151195e+38
2470.935619772427,3.236410559641557e+38
2469.7456162015314,3.2200242975475836e+38
2468.5567582912654,3.1974834424375096e+38
2467.369044387969,3.1749622545855747e+38
2466.1824728411657,3.152330125393711e+38
2464.9970420035497,3.129013146579608e+38
2463.8127502309826,3.1122908445948594e+38
2462.629595882483,3.0938735386184406e+38
2461.447577320222,3.078564765284154e+38
2460.266692909511,3.0613383171700236e+38
2459.0869410188,3.0493030957884595e+38
2457.9083200196633,3.039099818818085e+38
2456.730828286799,3.0266463912226975e+38
2455.554464198016,3.0179509819701798e+38
2454.37922613423,3.00785557262719e+38
2453.2051124794543,2.9970206544671633e+38
2452.0321216207935,2.992767707902203e+38
2450.860251948434,2.9852224085069065e+38
2449.6895018556397,2.980058476956087e+38
2448.519869738743,2.9758772062248976e+38
2447.351353997137,2.974190371654342e+38
2446.183953033268,2.978794170709506e+38
2445.0176652526316,2.9806066445205638e+38
2443.8524890637605,2.984968677197382e+38
2442.68842287822,2.986552430980351e+38
2441.5254651106015,2.9765350041546776e+38
2440.3636141785123,2.9544857340493967e+38
2439.2028685025734,2.9349558070828964e+38
2438.043226506406,2.919786320280133e+38
2436.8846866166296,2.907027416339562e+38
2435.7272472628515,2.8946634979020474e+38
2434.5709068776628,2.8866465442290687e+38
2433.4156638966288,2.8781624807794772e+38
2432.2615167582817,2.8616561082053293e+38
2431.108463904117,2.8436623494882115e+38
2429.9565037785824,2.827549885041266e+38
2428.805634829073,2.8136109898429934e+38
2427.6558555059237,2.7992080537156458e+38
2426.5071642624025,2.7842683150498085e+38
2425.359559554704,2.7690135544108252e+38
2424.2130398419413,2.757325995332329e+38
2423.06760358614,2.747493782565556e+38
2421.9232492522315,2.7382372738202102e+38
2420.7799753080444,2.730155629666981e+38
2419.6377802243005,2.722811475170829e+38
2418.4966624746057,2.7189269225493095e+38
2417.356620535444,2.7195255777479672e+38
2416.217652886172,2.719097971981257e+38
2415.0797580090084,2.7189463581936855e+38
2413.942934389031,2.7193400078964277e+38
2412.8071805141694,2.7196399401353505e+38
2411.672494875196,2.7175629981170197e+38
2410.538875965722,2.7148641526625437e+38
2409.4063222821896,2.713062946444094e+38
2408.274832323865,2.706326325719724e+38
2407.1444045928315,2.7022460273054354e+38
2406.015037593985,2.6965783621402025e+38
2404.8867298350247,2.6903283439295604e+38
2403.7594798264486,2.6878009645892745e+38
2402.6332860815455,2.6830271939902223e+38
2401.508147116389,2.6845074483203146e+38
2400.384061449832,2.684290058138899e+38
2399.2610276034984,2.6840879854112858e+38
2398.1390441017775,2.6852311635951525e+38
2397.018109471817,2.6854163037924538e+38
2395.8982222435193,2.6845324270430788e+38
2394.7793809495297,2.685826784895237e+38
2393.6615841252365,2.6837783024759082e+38
2392.544830308758,2.685122764793617e+38
2391.4291180409414,2.6854458679263323e+38
2390.3144458653537,2.68480334216598e+38
2389.2008123282762,2.6806468200313462e+38
2388.088215978698,2.6816317908266704e+38
2386.9766553683107,2.6821068922294847e+38
2385.8661290514992,2.685969097910669e+38
2384.7566355853382,2.6872683779661585e+38
2383.648173529587,2.6896823072398225e+38
2382.5407414466786,2.6887865778876272e+38
2381.434337901718,2.682171991570971e+38
2380.328961462474,2.6747040711041468e+38
2379.224610699373,2.6684563753605393e+38
2378.1212841854936,2.6616704126226827e+38
2377.0189804965594,2.6599413488316784e+38
2375.917698210934,2.6593648503378975e+38
2374.8174359096147,2.6609381239803962e+38
2373.718192176225,2.660511497584899e+38
2372.6199655970104,2.658478191826649e+38
2371.522754760832,2.6606043492585155e+38
2370.426558259159,2.6608141741002e+38
2369.3313746860636,2.6615450764367952e+38
2368.2372026382163,2.663783546636518e+38
2367.1440407148775,2.6640896476508484e+38
2366.051887517893,2.664931938447594e+38
2364.9607416516887,2.6624731301725617e+38
2363.8706017232616,2.6605464724359732e+38
2362.781466342178,2.6575670997489417e+38
2361.6933341205645,2.6563274228860393e+38
2360.606203673103,2.6532303447694495e+38
2359.5200736170264,2.6471128076762246e+38
2358.4349425721093,2.6416554337143757e+38
2357.3508091606654,2.636195282260169e+38
2356.26767200754,2.6337473569269807e+38
2355.1855297401053,2.63258806100044e+38
2354.104380988253,2.632456229335869e+38
2353.02422438439,2.633181508521501e+38
2351.9450585634318,2.631215251226241e+38
2350.8668821627975,2.6311370436876128e+38
2349.789693822403,2.6324991844863812e+38
2348.713492184656,2.6331768840587955e+38
2347.63827589445,2.6338084068110744e+38
2346.56404359916,2.6342847561048257e+38
2345.490793948634,2.6296654663913982e+38
2344.4185255951893,2.6251926801168374e+38
2343.3472371936073,2.6186312739835485e+38
2342.2769274011266,2.6117684018472805e+38
2341.2075948774377,2.6044732809651584e+38
2340.139238284678,2.600541244340617e+38
2339.0718562874254,2.6004998842798007e+38
2338.0054475526927,2.599696886577247e+38
2336.940010749924,2.6004514266975888e+38
2335.8755445509864,2.5993013505762803e+38
2334.8120476301656,2.5982306284776606e+38
2333.7495186641618,2.601153358870185e+38
2332.6879563320813,2.601970723437774e+38
2331.627359315434,2.60191126556278e+38
2330.567726298126,2.6052324942977787e+38
2329.509055966455,2.603294819123707e+38
2328.451347009104,2.6006789652828573e+38
2327.394598117138,2.5982066834589828e+38
2326.3388079839947,2.594756175389786e+38
2325.283975305484,2.5926861531242556e+38
2324.2300987797794,2.5922817787665396e+38
2323.1771771074123,2.5920154087169795e+38
2322.1252089912687,2.592328657386791e+38
2321.0741931365837,2.5925486823870797e+38
2320.0241282509337,2.5935683971370302e+38
2318.9750130442344,2.593878001997851e+38
2317.9268462287328,2.594238437180461e+38
2316.879626519004,2.596737889238284e+38
2315.8333526319448,2.5974254225544513e+38
2314.7880232867674,2.598254121843757e+38
2313.743637204998,2.5970436329573014e+38
2312.7001931104664,2.5965374350234836e+38
2311.657689729305,2.597769878015661e+38
2310.616125789942,2.5983343513103805e+38
2309.5755000230956,2.593209037785245e+38
2308.5358111617707,2.5892981802967735e+38
2307.497057941251,2.5845452273168717e+38
2306.459239099097,2.5861548050668824e+38
2305.4223533751383,2.5856762513020234e+38
2304.3863995114702,2.5872331411268083e+38
2303.351376252447,2.586366454985371e+38
2302.31728234468,2.586690482008055e+38
2301.284116537028,2.5869243783760646e+38
2300.251877580595,2.5868513761144146e+38
2299.2205642287263,2.5873630974791944e+38
2298.190175237001,2.587192635307306e+38
2297.160709363227,2.574624218092341e+38
2296.1321653674386,2.5674613280404277e+38
2295.1045420118885,2.5630663751803615e+38
2294.0778380610454,2.5592343696333623e+38
2293.052052281587,2.5567318679370598e+38
2292.0271834423957,2.5520299445324904e+38
2291.0032303145545,2.5489825231998104e+38
2289.9801916713423,2.5462232986983825e+38
2288.9580662882254,2.5411818513774854e+38
2287.936852942859,2.5368307917822417e+38
2286.9165504150756,2.534680097065248e+38
2285.8971574868847,2.5329053721923506e+38
2284.878672942467,2.5302745008356157e+38
2283.8610955681675,2.5321853276993977e+38
2282.844424152494,2.5301599156461706e+38
2281.8286574861095,2.5314716890598995e+38
2280.8137943618285,2.5310673173076004e+38
2279.7998335746124,2.532108806968261e+38
2278.786773921564,2.53285554955035e+38
2277.774614201925,2.5233576462537425e+38
2276.7633532170667,2.5157300813048365e+38
2275.7529897704903,2.5086049025818203e+38
2274.7435226678194,2.5026825802525603e+38
2273.734950716795,2.4942420325757112e+38
2272.7272727272725,2.4872956765483557e+38
2271.7204875112166,2.4867063692903644e+38
2270.7145938826948,2.4825362632757868e+38
2269.709590657875,2.479894304875871e+38
2268.7054766550204,2.4776382798400453e+38
2267.7022506944836,2.4762199578721206e+38
2266.6999115987037,2.4692084950105287e+38
2265.6984581921993,2.464209753541758e+38
2264.697889301567,2.4583244612480935e+38
2263.6982037554753,2.4589753671636586e+38
2262.699400384659,2.4576151179912325e+38
2261.701478021916,2.4565971603097426e+38
2260.7044355021026,2.457180576925356e+38
2259.7082716621285,2.455583175465783e+38
2258.712985340953,2.447535540145238e+38
2257.718575379579,2.4367766920545726e+38
2256.7250406210505,2.428742691311174e+38
2255.7323799104474,2.422463594379487e+38
2254.7405920948795,2.4154674347524706e+38
2253.749676023484,2.4073211445150118e+38
2252.759630547421,2.4001290704952056e+38
2251.7704545198662,2.3931606601383296e+38
2250.7821467960116,2.389513439221153e+38
2249.7947062330563,2.3868513521087012e+38
2248.8081316902044,2.384509042509661e+38
2247.8224220286597,2.384079770713185e+38
2246.8375761116226,2.3812429938411725e+38
2245.853592804285,2.378974713346883e+38
2244.870470973825,2.3775901156563968e+38
2243.8882094894034,2.376051213447412e+38
2242.90680722216,2.3737016766280067e+38
2241.9262630452085,2.3732723935768055e+38
2240.9465758336323,2.3718224640946326e+38
2239.9677444644794,2.3696228334583104e+38
2238.9897678167613,2.3655718795899077e+38
2238.012644771443,2.3637221718263644e+38
2237.0363742114446,2.3607798613338385e+38
2236.060955021634,2.357192781650578e+38
2235.0863860888226,2.3544822078618706e+38
2234.1126663017617,2.352382211871579e+38
2233.139794551139,2.3491819212504386e+38
2232.1677697295727,2.3487671219466573e+38
2231.1965907316094,2.3475761403473625e+38
2230.2262564537173,2.3456115939220093e+38
2229.256765794284,2.3438870881264675e+38
2228.2881176536125,2.3434643550796875e+38
2227.3203109339156,2.3412471625713223e+38
2226.353344539312,2.340744851772233e+38
2225.3872173758236,2.3398714511038893e+38
2224.42192835137,2.3385893820772173e+38
2223.457476375764,2.3369011150733127e+38
2222.4938603607106,2.336507448972342e+38
2221.5310792197984,2.335455442633768e+38
2220.5691318684976,2.3317344846479414e+38
2219.608017224158,2.330857285634414e+38
2218.6477342060016,2.3275790439533136e+38
2217.6882817351193,2.3252348008007325e+38
2216.729658734469,2.3226397287751008e+38
2215.7718641288693,2.3210625109363828e+38
2214.814896844996,2.3176449296358883e+38
2213.858755811379,2.315546435335053e+38
2212.9034399583975,2.3126304065394024e+38
2211.9489482182753,2.3105241442295676e+38
2210.9952795250783,2.3099013591329756e+38
2210.04243281471,2.3072708319652426e+38
2209.0904070249076,2.306590882388281e+38
2208.1392010952372,2.306507432069202e+38
2207.188813967091,2.3047450826610506e+38
2206.2392445836826,2.30230125179975e+38
2205.2904918900444,2.3008039995056154e+38
2204.342554833021,2.3002204440063263e+38
2203.395432361269,2.2970299736463236e+38
2202.4491234252487,2.294357679453803e+38
2201.5036269772254,2.292493556570218e+38
2200.558941971261,2.289651122167917e+38
2199.6150673632114,2.2875203898364786e+38
2198.672002110725,2.2855059175243616e+38
2197.729745173236,2.2834352514318507e+38
2196.7882955119617,2.2822290781631948e+38
2195.847652089898,2.2773505494039643e+38
2194.9078138718173,2.2731130539536524e+38
2193.968779824263,2.2720321922846007e+38
2193.0305489155467,2.2700663002215813e+38
2192.0931201157423,2.2687012359811286e+38
2191.1564923966866,2.2653733614858588e+38
2190.2206647319717,2.2647296657013012e+38
2189.2856360969417,2.262419937330704e+38
2188.3514054686902,2.261923034853378e+38
2187.4179718260566,2.2604279015336007e+38
2186.4853341496214,2.256393072328216e+38
2185.553491421703,2.255303095404623e+38
2184.622442626353,2.2493718745687884e+38
2183.6921867493556,2.2466285949236823e+38
2182.7627227782204,2.2439192857745085e+38
2181.8340497021795,2.2429952051012156e+38
2180.906166512186,2.2394401467713466e+38
2179.979072200907,2.2363487550336457e+38
2179.052765762723,2.2325725621196366e+38
2178.1272461937224,2.229513207539116e+38
2177.2025124916995,2.226728383058879e+38
2176.278563656148,2.221143926021717e+38
2175.3553986882607,2.217891031697856e+38
2174.433016590924,2.214451068545098e+38
2173.5114163687144,2.2111767441886235e+38
2172.590597027896,2.2072125158364946e+38
2171.670557576416,2.203195085032155e+38
2170.7512970239,2.1989717596422868e+38
2169.832814381652,2.1958143515792264e+38
2168.915108662647,2.19263979098124e+38
2167.99817888153,2.187453901195025e+38
2167.0820240546104,2.182200833019892e+38
2166.166643199861,2.1787277855023926e+38
2165.252035336913,2.175003655809408e+38
2164.338199487052,2.1718133499066993e+38
2163.4251346732144,2.1683496788291992e+38
2162.512839919987,2.166949551053002e+38
2161.601314253599,2.1632491789196248e+38
2160.690556701922,2.1604877302304806e+38
2159.7805662944643,2.1575833181533845e+38
2158.87134206237,2.1544690075786272e+38
2157.9628830384117,2.151853336193021e+38
2157.0551882569916,2.148860674089406e+38
2156.1482567541343,2.1445138558569643e+38
2155.242087567486,2.1411998702549506e+38
2154.336679736309,2.1374079776062757e+38
2153.4320323014804,2.1325874089935314e+38
2152.528144305487,2.1287191015624957e+38
2151.625014792422,2.125411028758735e+38
2150.7226428079834,2.1203186373489393e+38
2149.821027399469,2.1178342318441638e+38
2148.920167615773,2.113625454502794e+38
2148.020062507384,2.110892693282542e+38
2147.1207111263793,2.1086898384261667e+38
2146.2221125264255,2.106637218531186e+38
2145.32426576277,2.105182106808571e+38
2144.4271698922425,2.102236677476133e+38
2143.5308239732485,2.0999428210296567e+38
2142.635227065768,2.0955549593867428e+38
2141.740378231351,2.091802094695755e+38
2140.8462765331137,2.087980003281438e+38
2139.9529210357373,2.0843298943770412e+38
2139.0603108054634,2.0799527776733433e+38
2138.16844491009,2.0744892713976855e+38
2137.2773224189705,2.0689426117809334e+38
2136.386942403008,2.0656890469518496e+38
2135.4973039346537,2.063905422790651e+38
2134.608406087903,2.0629216451919455e+38
2133.7202479382927,2.0577960824700054e+38
2132.8328285628972,2.053111305954878e+38
2131.9461470403257,2.0502596995677185e+38
2131.0602024507193,2.0490970179718212e+38
2130.174993875747,2.0465894111384963e+38
2129.2905203986033,2.0437453815626386e+38
2128.4067811040045,2.0429194884942944e+38
2127.5237750781866,2.042250769398677e+38
2126.6415014089,2.0424467988605157e+38
2125.7599591854087,2.040857050800261e+38
2124.879147498486,2.0391209180430072e+38
2123.9990654404114,2.0354296244257677e+38
2123.119712104967,2.0333404728733406e+38
2122.2410865874363,2.032350524068834e+38
2121.363187984599,2.0311676903276868e+38
2120.4860153947284,2.0295548364067133e+38
2119.6095679175896,2.0285340580809626e+38
2118.7338446544345,2.0287374235275844e+38
2117.858844708,2.027127330083438e+38
2116.984567182505,2.025361704358771e+38
2116.1110111836465,2.0253447291861985e+38
2115.238175818597,2.0223009647020407e+38
2114.3660601960014,2.021195188022252e+38
2113.494663425975,2.019396727058739e+38
2112.6239846200974,2.0146767955670343e+38
2111.7540228914136,2.011774775988244e+38
2110.884777354428,2.010185263506618e+38
2110.016247125103,2.0100421137742302e+38
2109.1484313208543,2.0079066065207132e+38
2108.2813290605495,2.0074940812566464e+38
2107.4149394645056,2.0037297593762398e+38
2106.5492616544834,1.9992700940236196e+38
2105.6842947536875,1.9959587604415292e+38
2104.820037886761,1.994921488761285e+38
2103.956490179783,1.993998439632591e+38
2103.0936507602682,1.9937923735365263e+38
2102.2315187571608,1.9940800613187997e+38
2101.370093300832,1.9948511594345227e+38
2100.5093735230794,1.9944267428477537e+38
2099.649358557121,1.9950201546710717e+38
2098.7900475375945,1.994720244087214e+38
2097.931439600554,1.9943384975918816e+38
2097.0735338834656,1.993044858019235e+38
2096.216329525207,1.9933975310435087e+38
2095.3598256660625,1.9944415055991215e+38
2094.5040214477212,1.9947362428577158e+38
2093.6489160132737,1.9945274984832097e+38
2092.7945085072097,1.9940556610790694e+38
2091.9407980754145,1.9933431600539864e+38
2091.087783865167,1.990922850723119e+38
2090.235465025135,1.988826016888279e+38
2089.383840705376,1.9876058291787307e+38
2088.5329100573304,1.986701461462324e+38
2087.6826722338205,1.9869776679348114e+38
2086.833126389048,1.9873120659200173e+38
2085.9842716785915,1.9874121823318003e+38
2085.1361072594013,1.9863638282635526e+38
2084.2886322897994,1.98838110927449e+38
2083.441845929475,1.9890130525628767e+38
2082.595747339484,1.9878765489637156e+38
2081.7503356822417,1.9891523197899742e+38
2080.9056101215247,1.988042889353518e+38
2080.061569822467,1.989575881390847e+38
2079.2182139515544,1.9898028026316283e+38
2078.3755416766253,1.9901829294079418e+38
2077.5335521668676,1.9909131839058013e+38
2076.6922445928126,1.9903095603735224e+38
2075.8516181263362,1.9912498807798686e+38
2075.0116719406547,1.990596660945035e+38
2074.1724052103214,1.9908710341672765e+38
2073.333817111224,1.9907301824536718e+38
2072.495906820584,1.9919175213796693e+38
2071.6586735169512,1.9922299408299706e+38
2070.822116380203,1.993529871813514e+38
2069.98623459154,1.9944334495897803e+38
2069.151027333485,1.9948483821483882e+38
2068.3164937898796,1.9958431082887612e+38
2067.4826331458817,1.9951310965416316e+38
2066.6494445879616,1.996054359111023e+38
2065.8169273039025,1.993997596182137e+38
2064.9850804827934,1.991964194745501e+38
2064.153903315031,1.990694345605795e+38
2063.3233949923138,1.9883264912909444e+38
2062.4935547076416,1.9892685057398113e+38
2061.66438165531,1.9884201232672677e+38
2060.8358750309126,1.9895071318443477e+38
2060.0080340313325,1.991202360485915e+38
2059.1808578547457,1.9914969565167436e+38
2058.354345700612,1.990312604925053e+38
2057.5284967696803,1.9778105075367323e+38
2056.703310263978,1.9669270664409117e+38
2055.8787853868134,1.95536021720075e+38
2055.054921342773,1.9457391850884732e+38
2054.2317173377155,1.9363335739133666e+38
2053.409172578774,1.9261918783882327e+38
2052.5872862743486,1.9175876665869626e+38
2051.7660576341086,1.9090377481954134e+38
2050.9454858689855,1.8996866921898817e+38
2050.125570191174,1.8963704314682264e+38
2049.306309814128,1.8910592528142402e+38
2048.4877039525572,1.888842754496189e+38
2047.669751822426,1.8835515882512795e+38
2046.8524526409515,1.8803697042167506e+38
2046.0358056265984,1.874985163291207e+38
2045.2198099990796,1.875272952521501e+38
2044.4044649793514,1.8752518017989388e+38
2043.5897697896123,1.8740527477195185e+38
2042.7757236533002,1.8723801694810238e+38
2041.962325795089,1.8728519685414662e+38
2041.1495754408882,1.8720222605345495e+38
2040.3374718178386,1.8716755717397787e+38
2039.5260141543104,1.8708941940189123e+38
2038.7152016799012,1.8712746737614317e+38
2037.905033625433,1.870320391651042e+38
2037.0955092229499,1.8708936683264215e+38
2036.2866277057158,1.8713341738402378e+38
2035.478388308212,1.8708014546592127e+38
2034.6707902661349,1.8698585870213243e+38
2033.863832816393,1.8683704309134818e+38
2033.0575151971047,1.8686438300456085e+38
2032.2518366475972,1.8668147897183295e+38
2031.446796408402,1.8669746096522824e+38
2030.6423937212537,1.8660096025380183e+38
2029.8386278290875,1.8664377873633386e+38
2029.035497976037,1.8669563367668425e+38
2028.2330034074314,1.8670455300728366e+38
2027.4311433697933,1.8668757459898924e+38
2026.6299171108362,1.8670714662151956e+38
2025.8293238794631,1.867559575196223e+38
2025.0293629257624,1.8680536923308344e+38
2024.230033501007,1.868337521492892e+38
2023.4313348576516,1.8686181998816325e+38
2022.6332662493298,1.8682927838635215e+38
2021.835826930853,1.868950102635888e+38
2021.0390161582068,1.8688974199650248e+38
2020.2428331885494,1.8685696786559625e+38
2019.4472772802083,1.867797117562216e+38
2018.6523476926802,1.8673008085068046e+38
2017.8580436866266,1.867730298717867e+38
2017.064364523872,1.8647003748359233e+38
2016.2713094674018,1.85997685778409e+38
2015.4788777813608,1.8589565457823296e+38
2014.6870687310493,1.8598789733302875e+38
2013.895881582922,1.8603611376894525e+38
2013.1053156045857,1.8622180071758814e+38
2012.3153700647965,1.862549638147859e+38
2011.5260442334577,1.8644569101188236e+38
2010.7373373816179,1.8651101587207202e+38
2009.9492487814684,1.8656213576655268e+38
2009.161777706341,1.867568009325811e+38
2008.3749234307058,1.86773394028342e+38
2007.58868523017,1.86700631422337e+38
2006.8030623814732,1.8684856534771862e+38
2006.0180541624875,1.8691993155071753e+38
2005.233659852214,1.8697832689246756e+38
2004.449878730782,1.8711056973081396e+38
2003.6667100794452,1.871717819367154e+38
2002.88415318058,1.8740959719281385e+38
2002.1022073176835,1.8750080046401477e+38
2001.3208717753716,1.8757568811716492e+38
2000.5401458393767,1.8771858921825836e+38
1999.7600287965445,1.8787107632615314e+38
1998.9805199348332,1.880023511747063e+38
1998.201618543311,1.8809490544850235e+38
1997.4233239121534,1.882223785206486e+38
1996.6456353326412,1.882030693144625e+38
1995.8685520971587,1.8826017446626367e+38
1995.0920734991919,1.8848435003667668e+38
1994.3161988333252,1.8850623761614175e+38
1993.5409273952394,1.8852536284930113e+38
1992.7662584817115,1.886441909098912e+38
1991.9921913906096,1.8886710944636525e+38
1991.2187254208939,1.8908420916252524e+38
1990.4458598726114,1.8913451296358608e+38
1989.6735940468966,1.89313694757492e+38
1988.9019272459675,1.8949283468850558e+38
1988.1308587731244,1.8963057520280152e+38
1987.3603879327477,1.896852851312752e+38
1986.5905140302955,1.8987119603538687e+38
1985.8212363723017,1.8986737165356907e+38
1985.0525542663743,1.900481158653673e+38
1984.284467021192,1.9002431226413077e+38
1983.5169739465043,1.9017790698559288e+38
1982.7500743531277,1.9020929417444774e+38
1981.9837675529436,1.9026678211291227e+38
1981.2180528588976,1.903682236236204e+38
1980.4529295849961,1.903454940428565e+38
1979.6883970463048,1.9036950780444673e+38
1978.9244545589472,1.8974062941830766e+38
1978.1611014401012,1.8848247855268885e+38
1977.3983370079984,1.872688194351131e+38
1976.6361605819216,1.8590073281771518e+38
1975.874571482202,1.8460020865539997e+38
1975.1135690302192,1.8340869180720773e+38
1974.353152548396,1.8244034560791234e+38
1973.5933213602004,1.8155827013325296e+38
1972.8340747901398,1.8074356509455484e+38
1972.0754121637613,1.798547149580761e+38
1971.3173328076487,1.7891583761261164e+38
1970.5598360494216,1.7821873761163074e+38
1969.802921217732,1.7748710279864244e+38
1969.0465876422636,1.770314838162968e+38
1968.2908346537283,1.7658692960228517e+38
1967.535661583866,1.7594719983098147e+38
1966.7810677654418,1.752724248072383e+38
1966.0270525322426,1.749049432874875e+38
1965.2736152190787,1.745096018039959e+38
1964.5207551617782,1.744549500863409e+38
1963.768471697187,1.742884084639808e+38
1963.016764163166,1.74277775413349e+38
1962.26563189859,1.742226465920587e+38
1961.5150742433455,1.7420464380911856e+38
1960.765090538328,1.7420241320367097e+38
1960.0156801254411,1.7405808650539517e+38
1959.2668423475934,1.738842594806074e+38
1958.5185765486985,1.7394774669134644e+38
1957.770882073671,1.738488024340952e+38
1957.0237582684254,1.738710651417901e+38
1956.2772044798749,1.738042961626906e+38
1955.531220055928,1.737915138511683e+38
1954.7858043454887,1.7378561967455644e+38
1954.0409566984524,1.7381546886852383e+38
1953.2966764657049,1.737441193189476e+38
1952.5529629991213,1.7383654274127595e+38
1951.809815651563,1.738734888909372e+38
1951.0672337768758,1.7378531738849447e+38
1950.3252167298895,1.7367788097651767e+38
1949.5837638664145,1.736944115264598e+38
1948.84287454324,1.7333538979892344e+38
1948.1025481181327,1.726914737158562e+38
1947.3627839498358,1.7180587008390697e+38
1946.6235813980652,1.7103656262528663e+38
1945.8849398235084,1.7057617686423644e+38
1945.1468585878233,1.7004721381020151e+38
1944.4093370536364,1.6977741518594929e+38
1943.67237458454,1.6932344994141098e+38
1942.9359705450906,1.690179134063105e+38
1942.200124300808,1.6872172749099473e+38
1941.464835218172,1.6862393969516728e+38
1940.7301026646223,1.6861792256999116e+38
1939.9959260085554,1.6854722385856517e+38
1939.2623046193225,1.6851610967859434e+38
1938.5292378672302,1.685035096952424e+38
1937.7967251235345,1.6850294802433977e+38
1937.0647657604432,1.6844836353594011e+38
1936.3333591511114,1.6845155626391865e+38
1935.602504669641,1.68352063630275e+38
1934.8722016910783,1.6821218161344995e+38
1934.1424495914125,1.6803671301609986e+38
1933.4132477475737,1.6780499542767004e+38
1932.6845955374313,1.6765998429074027e+38
1931.9564923397925,1.6676565491032707e+38
1931.2289375343998,1.66333660040966e+38
1930.5019305019305,1.6577495720448953e+38
1929.7754706239928,1.6511806586730749e+38
1929.0495572831267,1.646047498019866e+38
1928.3241898627996,1.6400033553425965e+38
1927.5993677474073,1.6352553361136484e+38
1926.8750903222697,1.6324716564852203e+38
1926.1513569736308,1.6317493196195917e+38
1925.4281670886564,1.6290252411644567e+38
1924.7055200554314,1.6274595167332375e+38
1923.9834152629605,1.6275833083970821e+38
1923.2618521011634,1.6269512376126349e+38
1922.5408299608764,1.6251251386901315e+38
1921.8203482338472,1.622889556989697e+38
1921.100406312736,1.6206493715809018e+38
1920.3810035911124,1.618865708637023e+38
1919.6621394634542,1.6175797908160277e+38
1918.9438133251456,1.6145164539668203e+38
1918.2260245724754,1.6118408012759464e+38
1917.5087726026345,1.6095745693174123e+38
1916.7920568137165,1.6056045858089108e+38
1916.0758766047136,1.6017551824654016e+38
1915.360231375516,1.5963878447811367e+38
1914.6451205269102,1.5915258536057364e+38
1913.9305434605776,1.5877603296783898e+38
1913.2164995790922,1.5858966833830592e+38
1912.5029882859192,1.5835126907692037e+38
1911.790008985413,1.5815731983778092e+38
1911.0775610828164,1.579343770351557e+38
1910.3656439842587,1.5781195089766394e+38
1909.6542570967526,1.5765548719779588e+38
1908.943399828195,1.5752182034383137e+38
1908.2330715873636,1.5717446772812628e+38
1907.5232717839158,1.5705037541859134e+38
1906.8139998283866,1.5666899435810698e+38
1906.1052551321882,1.5631512201898119e+38
1905.3970371076073,1.555959147123176e+38
1904.6893451678031,1.5514487647234663e+38
1903.982178726807,1.5467123983251688e+38
1903.2755371995204,1.54113491926508e+38
1902.5694200017124,1.537526626842655e+38
1901.863826550019,1.536002481025309e+38
1901.1587562619416,1.5319028862408558e+38
1900.4542085558446,1.5300449568767939e+38
1899.7501828509548,1.5295476423449135e+38
1899.046678567359,1.5288102679441698e+38
1898.3436951260026,1.5275646830922439e+38
1897.6412319486876,1.5293923804226678e+38
1896.939288458073,1.5308243065645315e+38
1896.2378640776699,1.5322091766053092e+38
1895.536958231843,1.5332396864976346e+38
1894.8365703458076,1.5342409004316975e+38
1894.1366998456278,1.5346875605083065e+38
1893.4373461582154,1.5373116683540904e+38
1892.738508711329,1.539824565918315e+38
1892.0401869335703,1.540253291166776e+38
1891.3423802543855,1.5431259366700698e+38
1890.6450881040612,1.5447840898352324e+38
1889.9483099137237,1.5467595814107372e+38
1889.252045115339,1.5479493441790904e+38
1888.5562931417078,1.5488396802773929e+38
1887.8610534264678,1.5498170601314466e+38
1887.1663254040893,1.5455624896781622e+38
1886.4721085098756,1.5425215680357708e+38
1885.7784021799598,1.5380956125474486e+38
1885.0852058513044,1.533990740376109e+38
1884.3925189616998,1.5308298828253782e+38
1883.7003409497615,1.5275684726712362e+38
1883.0086712549312,1.524452428545662e+38
1882.3175093174718,1.5194727012629455e+38
1881.6268545784685,1.5138827073801867e+38
1880.9367064798269,1.5098783844763888e+38
1880.2470644642706,1.5050081164641994e+38
1879.5579279753401,1.4988000167330984e+38
1878.8692964573918,1.4936913847472112e+38
1878.181169355596,1.4878272300022864e+38
1877.4935461159353,1.4827706224167378e+38
1876.806426185203,1.4774473778616223e+38
1876.1198090110033,1.4720324597375733e+38
1875.4336940417472,1.4681268276567288e+38
1874.7480807266522,1.465611585156708e+38
1874.062968515742,1.4629317124058312e+38
1873.378356859843,1.460120749471716e+38
1872.6942452105843,1.4586409361423203e+38
1872.0106330203955,1.4564688758702176e+38
1871.3275197425053,1.4564623854735611e+38
1870.6449048309405,1.4592537283325864e+38
1869.962787740524,1.4596215503015098e+38
1869.2811679268736,1.4613070676730213e+38
1868.6000448464008,1.4629110646444858e+38
1867.9194179563092,1.46487661990138e+38
1867.2392867145923,1.4660419116260475e+38
1866.5596505800333,1.465452058602815e+38
1865.8805090122028,1.4649197859947377e+38
1865.2018614714577,1.46245191049673e+38
1864.5237074189397,1.463477797715117e+38
1863.8460463165743,1.4632163096726716e+38
1863.168877627068,1.4633391023527982e+38
1862.492200813909,1.4643586799672972e+38
1861.816015341364,1.4663460008493958e+38
1861.1403206744772,1.4678675355199073e+38
1860.4651162790697,1.4694506769315639e+38
1859.7904016217374,1.4708362820613895e+38
1859.1161761698486,1.4732749123654445e+38
1858.4424393915458,1.4739778510790025e+38
1857.7691907557405,1.4759756125311404e+38
1857.0964297321136,1.4776778619285957e+38
1856.424155791115,1.4794336801397672e+38
1855.7523684039602,1.4810528556460192e+38
1855.0810670426297,1.4818100157489594e+38
1854.4102511798685,1.4844019065372989e+38
1853.7399202891834,1.482886379398605e+38
1853.0700738448425,1.4820732227564615e+38
1852.4007113218731,1.481018062144584e+38
1851.7318321960613,1.4809850618538593e+38
1851.0634359439498,1.4795443437873537e+38
1850.3955220428365,1.4772292021251959e+38
1849.7280899707744,1.4755049384061778e+38
1849.061139206568,1.4740724608909856e+38
1848.3946692297739,1.4739029747744619e+38
1847.7286795206992,1.4753851491279922e+38
1847.0631695603988,1.4756464641869195e+38
1846.398138830676,1.477194411181977e+38
1845.7335868140792,1.4786447257559466e+38
1845.069512993902,1.4797731823986802e+38
1844.4059168541812,1.4808445151509031e+38
1843.742797879696,1.4743280127925713e+38
1843.080155555965,1.466996211939261e+38
1842.417989369248,1.4600615725660554e+38
1841.756298806542,1.4546351743800557e+38
1841.0950833555798,1.4495114332183761e+38
1840.434342504831,1.4447107352494885e+38
1839.7740757434988,1.4397278320097757e+38
1839.1142825615184,1.4345430100708534e+38
1838.4549624495573,1.4319207826683188e+38
1837.796114899013,1.429767108802261e+38
1837.1377394020117,1.4275240292891547e+38
1836.4798354514069,1.4247098849469346e+38
1835.8224025407783,1.422663277195641e+38
1835.1654401644307,1.4210299349071537e+38
1834.508947817393,1.4192001475659846e+38
1833.8529249954154,1.413320521544458e+38
1833.1973711949697,1.4083251647862626e+38
1832.5422859132475,1.4043449077122798e+38
1831.8876686481585,1.4000604969753317e+38
1831.2335188983297,1.3941832064119063e+38
1830.5798361631048,1.3901292951771296e+38
1829.9266199425404,1.3848609566421866e+38
1829.2738697374077,1.3802679860943653e+38
1828.62158504919,1.3750044348345668e+38
1827.9697653800806,1.3688677945251293e+38
1827.318410232983,1.3648406034097071e+38
1826.6675191115087,1.3619634716880527e+38
1826.0170915199765,1.3576441902699308e+38
1825.3671269634103,1.353765256181624e+38
1824.7176249475392,1.3506494316330553e+38
1824.0685849787951,1.3459317692769944e+38
1823.4200065643117,1.3427084532855777e+38
1822.7718892119244,1.3370055034909924e+38
1822.124232430167,1.3340448567190684e+38
1821.477035728272,1.3304201935698422e+38
1820.8302986161689,1.3259324105897478e+38
1820.184020604483,1.3216764332344885e+38
1819.5382012045343,1.3174399594876092e+38
1818.8928399283357,1.3138022170909082e+38
1818.2479362885922,1.3099473609285434e+38
1817.6034897987004,1.3059704400299775e+38
1816.9594999727456,1.3018128151535908e+38
1816.315966325502,1.2991660201799744e+38
1815.6728883724309,1.2947496659138948e+38
1815.0302656296794,1.2910345651544978e+38
1814.3880976140795,1.2866739682067008e+38
1813.7463838431472,1.282478657206257e+38
1813.10512383508,1.2799932770618964e+38
1812.4643171087569,1.276814037540367e+38
1811.823963183737,1.2736112203363447e+38
1811.184061580258,1.2702908747062604e+38
1810.5446118192351,1.2665386493530352e+38
1809.90561342226,1.2618780318685816e+38
1809.267065911599,1.2587527799204575e+38
1808.6289688101933,1.2552218046319546e+38
1807.991321641656,1.2527689528379974e+38
1807.3541239302722,1.2508718155163588e+38
1806.7173752009974,1.2483157534363163e+38
1806.081074979456,1.2468191693294549e+38
1805.4452227919403,1.2429170343552529e+38
1804.8098181654107,1.2395813199640847e+38
1804.1748606274919,1.2357455986126938e+38
1803.5403497064738,1.232140485716643e+38
1802.906284931309,1.2289189294942055e+38
1802.2726658316135,1.2262840263583483e+38
1801.6394919376633,1.2231065019863712e+38
1801.0067627803942,1.2204873957122372e+38
1800.3744778914013,1.217560601481284e+38
1799.742636802937,1.2157842936610067e+38
1799.1112390479102,1.2152193909790228e+38
1798.4802841598848,1.2137852989481556e+38
1797.8497716730787,1.2149276992046772e+38
1797.2197011223636,1.2149448406857493e+38
1796.590072043262,1.2155036653324306e+38
1795.960883971947,1.2158852476597016e+38
1795.3321364452422,1.217049129497413e+38
1794.703829000619,1.218429678926556e+38
1794.075961176196,1.2191358221251878e+38
1793.448532510738,1.2191699764301877e+38
1792.821542543655,1.2211239111904833e+38
1792.1949908150007,1.2210315192260713e+38
1791.5688768654709,1.222259191644784e+38
1790.9432002364044,1.223353433272536e+38
1790.3179604697793,1.2245318909989515e+38
1789.6931571082139,1.225754567194129e+38
1789.0687896949637,1.2271804568192325e+38
1788.4448577739226,1.2284963332239214e+38
1787.8213608896199,1.2292804890494397e+38
1787.1982985872196,1.2306512764135804e+38
1786.5756704125204,1.2288281666101747e+38
1785.9534759119524,1.22960268185888e+38
1785.3317146325787,1.2288630219378122e+38
1784.710386122092,1.2278679159618982e+38
1784.0894899288146,1.2284774935887724e+38
1783.469025601698,1.2274088010501205e+38
1782.8489926903192,1.228933606584487e+38
1782.2293907448827,1.2294910193846338e+38
1781.610219316218,1.2305263327655666e+38
1780.991477955778,1.2327784327688994e+38
1780.3731662156385,1.2342664247721544e+38
1779.755283648498,1.2346638664572196e+38
1779.1378298076752,1.2357585662571552e+38
1778.5208042471074,1.2368495145100478e+38
1777.9042065213525,1.2379625989436081e+38
1777.2880361855844,1.2373538295762057e+38
1776.6722927955939,1.237966048793639e+38
1776.056975907787,1.2392864936252842e+38
1775.4420850791846,1.2398786034269933e+38
1774.8276198674203,1.2392652299172738e+38
1774.21357983074,1.239355082947318e+38
1773.5999645280008,1.2387317650664055e+38
1772.9867735186695,1.2373172218258162e+38
1772.3740063628227,1.2389444207370307e+38
1771.761662621144,1.2400097245248961e+38
1771.149741854925,1.2414720130444503e+38
1770.5382436260625,1.2428801556839145e+38
1769.9271674970573,1.2447229934572652e+38
1769.3165130310158,1.2465933724359363e+38
1768.7062797916462,1.2500219094704676e+38
1768.0964673432584,1.250386134049602e+38
1767.487075250762,1.2508936688293665e+38
1766.8781030796686,1.2498126837955712e+38
1766.2695503960858,1.2493222873574976e+38
1765.6614167667205,1.2495089597134223e+38
1765.053701758876,1.248743453213337e+38
1764.4464049404498,1.2480653997261963e+38
1763.8395258799355,1.2472736588123846e+38
1763.2330641464187,1.2471061012969265e+38
1762.6270193095788,1.2476838512305266e+38
1762.021390939686,1.2486548531792545e+38
1761.4161786076004,1.2495357690416421e+38
1760.8113818847723,1.2507772592423718e+38
1760.2070003432402,1.2522322520171862e+38
1759.6030335556297,1.2537419404427218e+38
1758.999481095153,1.2549391059314495e+38
1758.3963425356076,1.2559700340242432e+38
1757.7936174513748,1.2575137133181486e+38
1757.1913054174208,1.2579525032803438e+38
1756.5894060092924,1.2589521113376723e+38
1755.9879188031184,1.2613600690544137e+38
1755.3868433756088,1.2625156426130541e+38
1754.7861793040518,1.2642288839911526e+38
1754.1859261663142,1.2614043613807327e+38
1753.586083540841,1.2555880847111462e+38
1752.9866510066524,1.2518537791627418e+38
1752.3876281433452,1.2475720746527942e+38
1751.7890145310898,1.2430051305922752e+38
1751.1908097506303,1.2384661498957292e+38
1750.5930133832833,1.2347547409057887e+38
1749.9956250109374,1.2301248738494339e+38
1749.3986442160508,1.2268019777154641e+38
1748.8020705816516,1.223858817773487e+38
1748.2059036913367,1.218881384836469e+38
1747.6101431292707,1.2164868697363525e+38
1747.0147884801845,1.2128384849257928e+38
1746.4198393293746,1.2104620592305804e+38
1745.825295262703,1.208293439396145e+38
1745.2311558665942,1.2070176694448024e+38
1744.6374207280371,1.2055143232052146e+38
1744.0440894345809,1.2046418507496827e+38
1743.4511615743363,1.202584680165694e+38
1742.8586367359742,1.2016164908783543e+38
1742.2665145087242,1.2002931676952622e+38
1741.674794482374,1.1995140485079982e+38
1741.0834762472687,1.2011629894743453e+38
1740.4925593943085,1.2016711721809711e+38
1739.90204351495,1.2019484958900665e+38
1739.3119282012035,1.2037293634422107e+38
1738.7222130456328,1.2045512858346363e+38
1738.1328976413536,1.205612259682447e+38
1737.5439815820337,1.2075296869153663e+38
1736.955464461891,1.2032143160276207e+38
1736.3673458756932,1.1976563259717393e+38
1735.7796254187567,1.1928472349586154e+38
1735.1923026869451,1.1871557673593942e+38
1734.6053772766695,1.1816350795162239e+38
1734.0188487848864,1.175543179524171e+38
1733.4327168090967,1.1701777264249147e+38
1732.8469809473474,1.1645741190196994e+38
1732.2616407982262,1.1601815267791584e+38
1731.676695960864,1.1555112595946466e+38
1731.0921460349334,1.150671711895813e+38
1730.5079906206465,1.1460584366739176e+38
1729.9242293187558,1.141202255156277e+38
1729.3408617305513,1.1366422716226494e+38
1728.7578874578617,1.1321752634732955e+38
1728.1753061030508,1.1256064205568389e+38
1727.5931172690207,1.121054688819486e+38
1727.011320559206,1.1170069536500637e+38
1726.429915577577,1.1132676412118415e+38
1725.848901928636,1.1089655243090026e+38
1725.2682792174182,1.1051642660870744e+38
1724.6880470494898,1.1009008185472484e+38
1724.1082050309476,1.0962956257381602e+38
1723.528752768418,1.0902558004179372e+38
1722.9496898690556,1.0836374638734384e+38
1722.3710159405439,1.0787593450410066e+38
1721.7927305910914,1.0729789583074569e+38
1721.2148334294345,1.0680329807062655e+38
1720.6373240648336,1.0638516686968127e+38
1720.0602021070736,1.0596267861817603e+38
1719.483467166463,1.0544612243828012e+38
1718.9071188538326,1.0505728963149494e+38
1718.3311567805347,1.0461590090924581e+38
1717.755580558442,1.0404397337677263e+38
1717.1803897999484,1.0344990158296928e+38
1716.605584117965,1.0283749715165619e+38
1716.0311631259224,1.0228995733800914e+38
1715.4571264377676,1.0171411963691495e+38
1714.8834736679642,1.0119286022566783e+38
1714.3102044314917,1.0084337543246727e+38
1713.7373183438442,1.0035624623806475e+38
1713.164815021029,9.99920921454442e+37
1712.5926940795669,9.961027517785007e+37
1712.0209551364908,9.938461198037305e+37
1711.4495978093444,9.903855600369526e+37
1710.8786217161821,9.88268500576253e+37
1710.3080264755683,9.86510263536125e+37
1709.7378117065748,9.853508401675087e+37
1709.1679770287824,9.839312297095332e+37
1708.598522062278,9.825644163217793e+37
1708.0294464276562,9.82048665733789e+37
1707.4607497460152,9.80904981309543e+37
1706.892431638958,9.792675903409052e+37
1706.324491728592,9.777662051991161e+37
1705.7569296375266,9.766462733985002e+37
1705.1897449888734,9.751930689601945e+37
1704.6229374062457,9.728046782622144e+37
1704.0565065137557,9.695122038590245e+37
1703.4904519360168,9.669016967581668e+37
1702.9247732981394,9.642806240406037e+37
1702.3594702257328,9.63359042947787e+37
1701.7945423449025,9.626880533627595e+37
1701.229989282251,9.622855701450503e+37
1700.6658106648752,9.623989180087476e+37
1700.1020061203672,9.619976324838543e+37
1699.5385752768123,9.621741883734484e+37
1698.975517762789,9.615133000031068e+37
1698.4128332073676,9.589326231984779e+37
1697.85052124011,9.553453192618813e+37
1697.2885814910678,9.518694374571767e+37
1696.7270135907831,9.486368637970815e+37
1696.1658171702866,9.456968598353532e+37
1695.6049918610959,9.423794265000478e+37
1695.0445372952174,9.397049368744838e+37
1694.4844531051428,9.36695426880993e+37
1693.9247389238494,9.330570253689819e+37
1693.3653943848,9.312412319081763e+37
1692.8064191219412,9.30189006035728e+37
1692.247812769702,9.284995310342387e+37
1691.6895749629941,9.281070174634047e+37
1691.1317053372118,9.262977225120703e+37
1690.5742035282283,9.251571741843077e+37
1690.0170691723986,9.233361733711058e+37
1689.4603019065557,9.237436448025637e+37
1688.903901368012,9.233332378522946e+37
1688.3478671945568,9.228902385940324e+37
1687.792199024456,9.230592633150408e+37
1687.2368964964526,9.225868348250197e+37
1686.6819592497638,9.227049960466021e+37
1686.127386924082,9.217171057953575e+37
1685.573179159573,9.200412456873891e+37
1685.0193355968759,9.163677521739705e+37
1684.4658558771014,9.130854882373096e+37
1683.9127396418316,9.096486288624872e+37
1683.35998653312,9.071808324810656e+37
1682.8075961934892,9.053864147262642e+37
1682.2555682659308,9.03370489503263e+37
1681.7039023939055,9.013817739243996e+37
1681.1525982213404,8.991894809413037e+37
1680.6016553926304,8.975246952662333e+37
1680.0510735526361,8.954874419997689e+37
1679.5008523466827,8.927824828092515e+37
1678.9509914205605,8.89902933395745e+37
1678.4014904205233,8.85923995090097e+37
1677.8523489932886,8.820085414161007e+37
1677.3035667860345,8.778907004347407e+37
1676.7551434464024,8.736110052159825e+37
1676.2070786224929,8.696204822981886e+37
1675.6593719628675,8.662401316784577e+37
1675.112023116546,8.623405267454288e+37
1674.5650317330073,8.584537286576465e+37
1674.018397462188,8.550759555855907e+37
1673.4721199544815,8.511879791730924e+37
1672.926198860737,8.474641818701249e+37
1672.3806338322602,8.4668897978176075e+37
1671.8354245208102,8.445376360852256e+37
1671.2905705786009,8.430196942778544e+37
1670.746071658299,8.4075558242616965e+37
1670.2019274130241,8.393996998041931e+37
1669.6581374963478,8.373338087488531e+37
1669.1147015622912,8.353703971901886e+37
1668.5716192653279,8.354534095563716e+37
1668.0288902603793,8.347565913857243e+37
1667.4865142028164,8.343039974074452e+37
1666.944490748458,8.340240235947647e+37
1666.4028195535705,8.336457749469486e+37
1665.861500274867,8.33504134352312e+37
1665.3205325695062,8.322430496196656e+37
1664.7799160950922,8.294277466443214e+37
1664.2396505096733,8.289020147764269e+37
1663.699735471742,8.282037750751874e+37
1663.1601706402334,8.273404158536275e+37
1662.6209556745252,8.260978011409251e+37
1662.0820902344367,8.251403526633292e+37
1661.5435739802276,8.249426439770249e+37
1661.0054065725983,8.244829084725061e+37
1660.4675876726885,8.240447728725081e+37
1659.9301169420767,8.23393406182079e+37
1659.392994042779,8.228506262178467e+37
1658.8562186372496,8.222881891553451e+37
1658.3197903883784,8.223306880482488e+37
1657.783708959492,8.222326035087738e+37
1657.2479740143515,8.225725834436126e+37
1656.7125852171534,8.230555746118792e+37
1656.1775422325275,8.230350248111678e+37
1655.6428447255357,8.231368361054189e+37
1655.1084923616743,8.232876458886884e+37
1654.5744848068696,8.23002915556658e+37
1654.0408217274803,8.226285090481088e+37
1653.5075027902938,8.197719270293533e+37
1652.9745276625285,8.152273703231765e+37
1652.4418960118312,8.10845591749395e+37
1651.9096075062773,8.0685712706663095e+37
1651.3776618143686,8.020807143238988e+37
1650.8460586050348,7.97927843105537e+37
1650.3147975476322,7.940636907372015e+37
1649.783878311941,7.912184219095047e+37
1649.2533005681678,7.884181270060241e+37
1648.7230639869422,7.857274274470769e+37
1648.1931682393176,7.833636710434966e+37
1647.6636129967703,7.801806329311298e+37
1647.1343979311991,7.784587107897141e+37
1646.605522714923,7.767535919461992e+37
1646.076987020683,7.751683233896849e+37
1645.5487905216387,7.743017347108521e+37
1645.0209328913709,7.733402272865877e+37
1644.4934138038775,7.725043418921868e+37
1643.9662329335754,7.71385036989427e+37
1643.4393899552983,7.706451543260754e+37
1642.912884544297,7.699364035839207e+37
1642.386716376238,7.702241755141593e+37
1641.8608851272031,7.698489093752458e+37
1641.3353904736894,7.692878649975564e+37
1640.8102320926073,7.689269579050161e+37
1640.285409661281,7.681887214585224e+37
1639.7609228574474,7.679138034003743e+37
1639.236771359255,7.664065494981672e+37
1638.7129548452644,7.654325425401443e+37
1638.1894729944465,7.650631402896342e+37
1637.6663254861821,7.645464444503707e+37
1637.1435120002618,7.642488256738407e+37
1636.621032216885,7.633185617359132e+37
1636.0988858166586,7.630849984823511e+37
1635.577072480598,7.622030805757422e+37
1635.0555918901243,7.617182740387526e+37
1634.5344437270653,7.61475570572733e+37
1634.0136276736548,7.605676667223015e+37
1633.4931434125303,7.589636958940713e+37
1632.972990626735,7.5827886083068e+37
1632.4531689997143,7.57695134886992e+37
1631.9336782153173,7.56894138261623e+37
1631.4145179577952,7.55576930414992e+37
1630.895687911801,7.542352182713066e+37
1630.3771877623888,7.529885472013181e+37
1629.8590171950127,7.516490989926108e+37
1629.3411758955265,7.508236968197053e+37
1628.823663550184,7.507552118692649e+37
1628.3064798456364,7.499473923130919e+37
1627.7896244689337,7.4929458185124595e+37
1627.273097107522,7.485976980230363e+37
1626.7568974492451,7.483591745530697e+37
1626.2410251823421,7.472406732876276e+37
1625.7254799954478,7.469498068768006e+37
1625.2102615775916,7.462718359818414e+37
1624.6953696181965,7.451972674490015e+37
1624.1808038070797,7.442244818545301e+37
1623.666563834451,7.434955175318096e+37
1623.1526493909118,7.425252666869081e+37
1622.6390601674564,7.419021904009867e+37
1622.1257958554684,7.403806510020787e+37
1621.6128561467235,7.381040124343616e+37
1621.1002407333856,7.359244611703886e+37
1620.5879493080088,7.352967216970353e+37
1620.0759815635352,7.344527122810236e+37
1619.564337193295,7.338891351282908e+37
1619.0530158910053,7.334317887915979e+37
1618.5420173507703,7.33004744888516e+37
1618.0313412670803,7.321227711528613e+37
1617.5209873348103,7.317913874533788e+37
1617.0109552492218,7.318667042516811e+37
1616.5012447059582,7.315847131485578e+37
1615.9918554010487,7.318831910450383e+37
1615.482787030904,7.324835389823564e+37
1614.9740392923184,7.326256472767327e+37
1614.4656118824669,7.329280700775042e+37
1613.9575044989065,7.329973828523857e+37
1613.4497168395746,7.33009810622802e+37
1612.9422486027888,7.316806551986748e+37
1612.4350994872455,7.308721554146646e+37
1611.928269192021,7.296734074439619e+37
1611.4217574165687,7.298009175500781e+37
1610.91556386072,7.292913320215991e+37
1610.409688224684,7.289130147576195e+37
1609.904130209046,7.289425252852743e+37
1609.398889514766,7.285745666518675e+37
1608.893965843181,7.280728407879353e+37
1608.3893588960013,7.271960584784888e+37
1607.8850683753126,7.271400385029075e+37
1607.3810939835726,7.26709585292595e+37
1606.877435423613,7.262670643294469e+37
1606.3740923986377,7.258284774804528e+37
1605.8710646122222,7.257702860124809e+37
1605.3683517683132,7.253900676098994e+37
1604.865953571228,7.257274306358662e+37
1604.3638697256536,7.259062194252961e+37
1603.8620999366474,7.262920032396909e+37
1603.3606439096343,7.259420473136914e+37
1602.8595013504091,7.264903344290189e+37
1602.3586719651325,7.260774839058136e+37
1601.858155460334,7.256369723272875e+37
1601.3579515429083,7.2470089773753105e+37
1600.858059920117,7.239127669469411e+37
1600.358480299587,7.222430809184277e+37
1599.8592123893097,7.216253190017917e+37
1599.360255897641,7.218367380639795e+37
1598.8616105333,7.219565993332854e+37
1598.3632760053704,7.2159771701788315e+37
1597.8652520232968,7.216666334322456e+37
1597.3675382968868,7.220804950792923e+37
1596.8701345363088,7.217307417279476e+37
1596.3730404520927,7.215932896294959e+37
1595.8762557551286,7.189111861821987e+37
1595.3797801566661,7.16793717886985e+37
1594.8836133683142,7.144942452817917e+37
1594.3877551020407,7.126104389190927e+37
1593.892205070171,7.110643861488058e+37
1593.3969629853887,7.090945163160699e+37
1592.9020285607335,7.080406624711957e+37
1592.407401509602,7.060280564945578e+37
1591.9130815457474,7.050503305022645e+37
1591.4190683832774,7.037323361887928e+37
1590.9253617366542,7.020808090707e+37
1590.4319613206944,7.003096524056841e+37
1589.9388668505696,6.99032747333562e+37
1589.4460780418021,6.9703200822752795e+37
1588.9535946102692,6.947660317928032e+37
1588.4614162721987,6.920368807226098e+37
1587.96954274417,6.893165283752489e+37
1587.4779737431143,6.866782918525883e+37
1586.9867089863121,6.843359335211347e+37
1586.4957481913948,6.822968712587188e+37
1586.005091076342,6.804560216606138e+37
1585.5147373594834,6.789529357948759e+37
1585.0246867594963,6.77432041919439e+37
1584.5349389954047,6.760963023482553e+37
1584.0454937865813,6.747868109889552e+37
1583.556350852745,6.7383198612815345e+37
1583.06750991396,6.732255350686675e+37
1582.5789706906373,6.732954794892794e+37
1582.090732903532,6.732375662668279e+37
1581.6027962737437,6.732859240699076e+37
1581.1151605227167,6.73278113891372e+37
1580.6278253722378,6.734571477534555e+37
1580.1407905444376,6.738537569357347e+37
1579.6540557617882,6.735076207543932e+37
1579.167620747104,6.731962734935545e+37
1578.6814852235414,6.718469163465543e+37
1578.1956489145957,6.706679663786699e+37
1577.7101115441048,6.698401421637548e+37
1577.2248728362447,6.684722862642207e+37
1576.7399325155307,6.675332909874324e+37
1576.255290306818,6.666021052705722e+37
1575.7709459352989,6.650226641464934e+37
1575.2868991265032,6.643799392348638e+37
1574.803149606299,6.63360206005612e+37
1574.3196971008902,6.622067322648156e+37
1573.8365413368167,6.614661826930284e+37
1573.3536820409543,6.61107606897464e+37
1572.871118940514,6.60368168452792e+37
1572.3888517630407,6.596402076652527e+37
1571.9068802364147,6.587567244297086e+37
1571.4252040888482,6.581720686823295e+37
1570.9438230488877,6.57447453639304e+37
1570.4627368454114,6.57482535519175e+37
1569.9819452076301,6.573339581982848e+37
1569.5014478650855,6.574402921847741e+37
1569.0212445476511,6.578130109260523e+37
1568.54133498553,6.573901152572949e+37
1568.0617189092563,6.576663442047391e+37
1567.582396049692,6.579890728628821e+37
1567.1033661380304,6.575371219586161e+37
1566.624628905791,6.577680279021406e+37
1566.1461840848224,6.58390273213191e+37
1565.6680314073005,6.583545671006098e+37
1565.1901706057283,6.594193172354802e+37
1564.7126014129356,6.594252697545411e+37
1564.2353235620765,6.595392516687301e+37
1563.7583367866328,6.602694704056776e+37
1563.2816408204103,6.606957854057984e+37
1562.8052353975386,6.6110303814154005e+37
1562.3291202524724,6.613473681218838e+37
1561.8532951199893,6.620020030536942e+37
1561.3777597351902,6.623928195890071e+37
1560.9025138334985,6.62581618158784e+37
1560.4275571506594,6.623790379111662e+37
1559.9528894227394,6.62208142738561e+37
1559.4785103861268,6.617755244191131e+37
1559.0044197775298,6.61112045104527e+37
1558.5306173339775,6.606811918275218e+37
1558.0571027928174,6.602079033581241e+37
1557.5838758917166,6.601986660127072e+37
1557.1109363686614,6.599434623937419e+37
1556.6382839619557,6.601674729139291e+37
1556.165918410221,6.595565475247993e+37
1555.6938394523959,6.597640886039132e+37
1555.2220468277358,6.592981053734426e+37
1554.7505402758127,6.59074789232428e+37
1554.2793195365139,6.586349585283847e+37
1553.808384350042,6.5788187260166315e+37
1553.3377344569142,6.577054887434476e+37
1552.8673695979624,6.575091929697603e+37
1552.3972895143324,6.570348031333511e+37
1551.9274939474826,6.57272504843983e+37
1551.457982639185,6.573319988673928e+37
1550.9887553315236,6.566203646504038e+37
1550.5198117668947,6.557745733568967e+37
1550.0511516880056,6.559394749598353e+37
1549.5827748378747,6.553005461058129e+37
1549.1146809598313,6.551442899707558e+37
1548.6468697975145,6.547415387381462e+37
1548.1793410948724,6.540086015095374e+37
1547.7120945961633,6.532212311708492e+37
1547.2451300459531,6.528226219618773e+37
1546.7784471891168,6.522842969221725e+37
1546.3120457708364,6.519912453692064e+37
1545.8459255366017,6.516857825357527e+37
1545.380086232209,6.515425681431919e+37
1544.9145276037602,6.515767465202739e+37
1544.4492493976647,6.518000185646954e+37
1543.9842513606359,6.517772023075535e+37
1543.5195332396931,6.516582265928303e+37
1543.055094782159,6.505554264673812e+37
1542.5909357356616,6.484750544600422e+37
1542.127055848131,6.465791932253126e+37
1541.6634548678023,6.443047995659371e+37
1541.2001325432113,6.431837755530695e+37
1540.7370886231975,6.416680444871993e+37
1540.2743228569009,6.405603394335543e+37
1539.8118349937638,6.387437349038825e+37
1539.3496247835292,6.376593034034226e+37
1538.8876919762397,6.351708976607972e+37
1538.4260363222388,6.332542688263985e+37
1537.964657572169,6.315435915004298e+37
1537.5035554769722,6.3072394287790485e+37
1537.0427297878882,6.294978064239509e+37
1536.5821802564558,6.290739962370416e+37
1536.1219066345107,6.282026755406583e+37
1535.6619086741864,6.275072882087418e+37
1535.2021861279131,6.269932300780768e+37
1534.7427387484174,6.26572383239885e+37
1534.2835662887214,6.261959606842474e+37
1533.8246685021436,6.253585496521879e+37
1533.3660451422963,6.242827257535328e+37
1532.9076959630877,6.243194624285596e+37
1532.449620718719,6.232011817599563e+37
1531.991819163686,6.22740608338384e+37
1531.5342910527768,6.229084659595159e+37
1531.0770361410737,6.216327979859172e+37
1530.62005418395,6.204629962069255e+37
1530.1633449370722,6.184527419028731e+37
1529.7069081563973,6.171235228198271e+37
1529.2507435981743,6.165513877459789e+37
1528.794851018942,6.156718589511297e+37
1528.33923017553,6.148920737830216e+37
1527.8838808250573,6.141496362417861e+37
1527.428802724933,6.132636738734739e+37
1526.9739956328547,6.129648793252629e+37
1526.5194593068074,6.125032754531872e+37
1526.0651935050666,6.118765156876416e+37
1525.6111979861935,6.116708531361024e+37
1525.1574725090368,6.118473906880156e+37
1524.7040168327323,6.116614346837288e+37
1524.250830716703,6.11878207842169e+37
1523.797913920656,6.116169447871097e+37
1523.3452662045854,6.118735940883164e+37
1522.8928873287698,6.119707622939898e+37
1522.4407770537728,6.1102944918343485e+37
1521.9889351404415,6.089149580574748e+37
1521.5373613499082,6.072457021156235e+37
1521.086055443587,6.056988166416941e+37
1520.6350171831757,6.032365705812197e+37
1520.1842463306555,6.012336645368688e+37
1519.7337426482882,5.992454317970968e+37
1519.2835058986184,5.972705417871446e+37
1518.8335358444717,5.952738504274748e+37
1518.3838322489541,5.926542228584995e+37
1517.9343948754536,5.90238381897678e+37
1517.4852234876364,5.879184445859659e+37
1517.0363178494492,5.850256651611197e+37
1516.5876777251185,5.8294381276236745e+37
1516.1393028791488,5.806421749864373e+37
1515.6911930763226,5.792586671603899e+37
1515.243348081702,5.7736720081374795e+37
1514.7957676606252,5.761644046701286e+37
1514.3484515787084,5.746157630237004e+37
1513.901399601844,5.727980983672124e+37
1513.4546114962013,5.714261516565961e+37
1513.0080870282252,5.700102088945062e+37
1512.5618259646365,5.681722532013367e+37
1512.1158280724305,5.668831579982697e+37
1511.6700931188777,5.654917412044027e+37
1511.2246208715233,5.639063836891851e+37
1510.7794110981856,5.624046677853273e+37
1510.3344635669569,5.605323906218033e+37
1509.8897780462028,5.590300459093782e+37
1509.4453543045609,5.578813595915533e+37
1509.0011921109417,5.570425846001175e+37
1508.557291234528,5.567704415065139e+37
1508.113651444773,5.564436534878736e+37
1507.670272511402,5.562066298638763e+37
1507.2271542044102,5.5610252173874835e+37
1506.784296294064,5.559790407593219e+37
1506.3416985508995,5.560032273826495e+37
1505.8993607457214,5.556064772678859e+37
1505.457282649605,5.555252099062567e+37
1505.015464033893,5.556276641700553e+37
1504.5739046701976,5.555909662659234e+37
1504.132604330398,5.558264811404598e+37
1503.6915627866413,5.5526853200659585e+37
1503.250779811342,5.551165341780319e+37
1502.8102551771813,5.552155163149448e+37
1502.3699886571067,5.54240038095682e+37
1501.9299800243314,5.521895221642269e+37
1501.4902290523346,5.5032769430903495e+37
1501.0507355148607,5.488367255087378e+37
1500.6114991859185,5.467914181553106e+37
1500.1725198397817,5.4513509715078665e+37
1499.7337972509881,5.430723403111378e+37
1499.2953311943388,5.415049826255156e+37
1498.8571214448982,5.404716558869265e+37
1498.4191677779943,5.391342593977721e+37
1497.9814699692165,5.377329169264782e+37
1497.5440277944174,5.366369393585985e+37
1497.1068410297103,5.354353101661209e+37
1496.6699094514704,5.34655320282805e+37
1496.2332328363345,5.334471169363908e+37
1495.7968109611993,5.319930021761075e+37
1495.3606436032212,5.305158340864569e+37
1494.9247305398176,5.283567100863676e+37
1494.4890715486642,5.26169501625679e+37
1494.0536664076974,5.232142220898461e+37
1493.6185148951108,5.2123151156754455e+37
1493.1836167893566,5.188783664852512e+37
1492.7489718691456,5.166527383373465e+37
1492.3145799134459,5.140573093572139e+37
1491.8804407014823,5.116463614399589e+37
1491.446554012737,5.091855363955918e+37
1491.0129196269488,5.06822088706153e+37
1490.5795373241117,5.046823268442901e+37
1490.1464068844766,5.020750295407306e+37
1489.7135280885486,4.986657928381088e+37
1489.2809007170888,4.956024485445971e+37
1488.8485245511122,4.924699008876259e+37
1488.4163993718885,4.896141354425679e+37
1487.9845249609405,4.871354490028938e+37
1487.5529011000453,4.841772482638288e+37
1487.1215275712332,4.81020100804825e+37
1486.6904041567864,4.780424188680072e+37
1486.2595306392402,4.752383311086728e+37
1485.828906801382,4.71895235555374e+37
1485.39853242625,4.694363440411503e+37
1484.968407297135,4.663778156297736e+37
1484.5385311975774,4.645842847735853e+37
1484.108903911369,4.625311621271624e+37
1483.6795252225518,4.604397405595123e+37
1483.2503949154177,4.583250943486359e+37
1482.8215127745075,4.564071667345334e+37
1482.3928785846113,4.539696724853079e+37
1481.9644921307686,4.523563355129538e+37
1481.5363531982666,4.500088946769776e+37
1481.108461572641,4.497250057216168e+37
1480.680817039675,4.484677134244677e+37
1480.253419385399,4.47909418035083e+37
1479.8262683960904,4.470828983307235e+37
1479.3993638582735,4.463171853721217e+37
1478.972705558719,4.451644295943604e+37
1478.5462932844428,4.44875748130373e+37
1478.120126822707,4.4413587725657705e+37
1477.6942059610187,4.430180986379866e+37
1477.2685304871295,4.422452140372949e+37
1476.843100189036,4.407641310381119e+37
1476.417914854979,4.399578872261508e+37
1475.9929742734425,4.384625320103945e+37
1475.5682782331546,4.37518570163945e+37
1475.143826523086,4.370403526228619e+37
1474.7196189324504,4.367894608970421e+37
1474.295655250704,4.359198465834906e+37
1473.8719352675446,4.353949903570756e+37
1473.4484587729123,4.352164439572782e+37
1473.0252255569876,4.349159689596136e+37
1472.6022354101933,4.345404039010758e+37
1472.1794881231922,4.344749913983661e+37
1471.7569834868866,4.3376431396804855e+37
1471.3347212924205,4.330500157262564e+37
1470.912701331176,4.32595791414941e+37
1470.4909233947753,4.316326126622303e+37
1470.0693872750794,4.31176745223704e+37
1469.6480927641876,4.301917664793351e+37
1469.227039654438,4.293604276407761e+37
1468.8062277384058,4.28742154601328e+37
1468.3856568089045,4.282277529483637e+37
1467.9653266589842,4.2811564956978955e+37
1467.5452370819332,4.278079425868088e+37
1467.1253878712746,4.278074665474186e+37
1466.7057788207687,4.27191119411755e+37
1466.2864097244114,4.2699853044266205e+37
1465.8672803764348,4.270535420886747e+37
1465.448390571305,4.271411771873902e+37
1465.0297401037244,4.272022116413667e+37
1464.611328768628,4.27409975085744e+37
1464.1931563611874,4.267130118681307e+37
1463.7752226768057,4.270674364127152e+37
1463.3575275111216,4.268344940014143e+37
1462.9400706600054,4.2699501721591085e+37
1462.5228519195612,4.268837056529017e+37
1462.1058710861255,4.261274005811996e+37
1461.6891279562665,4.260230725455603e+37
1461.2726223267846,4.256332708716141e+37
1460.8563539947118,4.253112042817697e+37
1460.4403227573114,4.245691621306251e+37
1460.0245284120774,4.238563691080109e+37
1459.6089707567344,4.2360213145224713e+37
1459.193649589237,4.2282623547261425e+37
1458.7785647077703,4.2249814938383824e+37
1458.3637159107482,4.2166780087998605e+37
1457.9491029968146,4.2091471342228964e+37
1457.5347257648416,4.1887672110413456e+37
1457.12058401393,4.171355979447653e+37
1456.7066775434098,4.142588205326811e+37
1456.293006152838,4.1147491136383944e+37
1455.8795696419993,4.09069926229913e+37
1455.466367810906,4.0821966902834064e+37
1455.0534004597969,4.0586403982490584e+37
1454.6406673891383,4.0378920884024827e+37
1454.2281683996218,4.022359959896109e+37
1453.8159032921662,4.009777049204697e+37
1453.4038718679146,3.9928074644071163e+37
1452.9920739282368,3.981109878743222e+37
1452.5805092747266,3.962071683418609e+37
1452.1691777092033,3.948842376702315e+37
1451.7580790337097,3.9366963566846634e+37
1451.3472130505143,3.924558517931397e+37
1450.9365795621075,3.9209396993686935e+37
1450.5261783712042,3.9107792825247175e+37
1450.1160092807427,3.9091334080362327e+37
1449.706072093883,3.9011626204901603e+37
1449.296366614009,3.89508741182026e+37
1448.8868926447258,3.8931187293704132e+37
1448.4776499898608,3.888791779439708e+37
1448.0686384534629,3.8944576928997206e+37
1447.659857839802,3.889029287284803e+37
1447.2513079533696,3.886751767788574e+37
1446.8429885988774,3.884942038188901e+37
1446.4348995812572,3.880161245037432e+37
1446.0270407056612,3.878185695335267e+37
1445.6194117774614,3.878083965148137e+37
1445.212012602249,3.876322397102358e+37
1444.8048429858336,3.876112440553803e+37
1444.3979027342452,3.868403941316019e+37
1443.991191653731,3.8708306405361633e+37
1443.5847095507565,3.8759264557843375e+37
1443.1784562320054,3.8756548954102977e+37
1442.7724315043788,3.8706893596951293e+37
1442.366635174995,3.870231086013989e+37
1441.9610670511897,3.8686032101688234e+37
1441.5557269405142,3.8707785905159664e+37
1441.150614650737,3.8582940837214254e+37
1440.7457299898429,3.848236536866749e+37
1440.341072766031,3.842391135713998e+37
1439.9366427877173,3.834078723558182e+37
1439.5324398635323,3.8305307423994603e+37
1439.1284638023212,3.8299737189642126e+37
1438.7247144131443,3.82449530812107e+37
1438.3211915052752,3.825096651202526e+37
1437.917894888202,3.8264304478862835e+37
1437.5148243716264,3.828640052141115e+37
1437.1119797654633,3.8211564046719172e+37
1436.709360879841,3.8246008608916573e+37
1436.3069675250995,3.814594834235396e+37
1435.9047995117924,3.805882515575239e+37
1435.5028566506846,3.79881147020158e+37
1435.1011387527535,3.790022416391015e+37
1434.6996456291874,3.784568118664314e+37
1434.2983770913863,3.7721090966121512e+37
1433.8973329509608,3.7747946030738014e+37
1433.4965130197322,3.7676943099763037e+37
1433.0959171097322,3.762237006916267e+37
1432.6955450332027,3.764001546545023e+37
1432.2953966025955,3.7569002428496083e+37
1431.895471630571,3.757127734366783e+37
1431.49576993,3.7505702252065328e+37
1431.096291313961,3.7503120493392364e+37
1430.6970355957424,3.7460768042405966e+37
1430.2980025888394,3.7465328823944165e+37
1429.8991921069564,3.750613876630372e+37
1429.5006039640052,3.744928562833094e+37
1429.1022379741046,3.7486792571876603e+37
1428.7040939515814,3.747352302160991e+37
1428.3061717109679,3.7483985754059895e+37
1427.9084710670047,3.743288413919807e+37
1427.5109918346373,3.7431665385369156e+37
1427.1137338290175,3.739693109658401e+37
1426.7166968655033,3.7401076020082503e+37
1426.319880759658,3.7436210679940296e+37
1425.9232853272495,3.741966145979001e+37
1425.5269103842509,3.7385501103926313e+37
1425.13075574684,3.7394528794486695e+37
1424.7348212313984,3.7393496984141946e+37
1424.3391066545125,3.7414119568173214e+37
1423.9436118329716,3.7377864387104976e+37
1423.5483365837688,3.7367473729383505e+37
1423.1532807241006,3.733414807589641e+37
1422.7584440713656,3.732895342747883e+37
1422.3638264431659,3.7214146521496735e+37
1421.9694276573055,3.722213634979861e+37
1421.5752475317902,3.7178212258720364e+37
1421.1812858848275,3.7227017442184096e+37
1420.787542534827,3.7188653990078524e+37
1420.3940173003994,3.718618866305371e+37
1420.0007100003552,3.7206872411955933e+37
1419.6076204537069,3.718874294313047e+37
1419.2147484796662,3.7211195232247324e+37
1418.8220938976463,3.7157208202287595e+37
1418.4296565272589,3.694351529464299e+37
1418.0374361883153,3.671157312742443e+37
1417.6454327008273,3.652441990107954e+37
1417.253645885004,3.6357662201553643e+37
1416.8620755612546,3.617856056821255e+37
1416.4707215501855,3.604388581603902e+37
1416.0795836726024,3.587940173557473e+37
1415.6886617495081,3.5703507897583816e+37
1415.2979556021032,3.5550165744239846e+37
1414.9074650517855,3.54517309048097e+37
1414.5171899201505,3.5305371254435703e+37
1414.1271300289895,3.5240271883770225e+37
1413.7372852002914,3.520865580200941e+37
1413.34765525624,3.515134939026291e+37
1412.9582400192162,3.509321242225316e+37
1412.5690393117964,3.5049061657243715e+37
1412.180052956752,3.499164504218723e+37
1411.79128077705,3.4955998813390145e+37
1411.4027225958519,3.498504783314754e+37
1411.0143782365144,3.499573257197754e+37
1410.6262475225878,3.4988746614404134e+37
1410.238330277817,3.501124847859595e+37
1409.8506263261409,3.499954819908751e+37
1409.4631354916912,3.501557676829769e+37
1409.0758575987938,3.5011785797309723e+37
1408.6887924719672,3.505280708451652e+37
1408.3019399359223,3.5036734189235223e+37
1407.915299815563,3.5070257502526817e+37
1407.5288719359858,3.5064763678658534e+37
1407.1426561224778,3.5074421375387886e+37
1406.7566522005193,3.51326679043446e+37
1406.3708599957808,3.511514818999911e+37
1405.9852793341256,3.517258221155259e+37
1405.5999100416057,3.518978201531234e+37
1405.214751944466,3.5119732102571274e+37
1404.8298048691402,3.5037304871823553e+37
1404.4450686422526,3.4943630719159177e+37
1404.060543090618,3.482997801882402e+37
1403.6762280412402,3.4762042661796693e+37
1403.292123321312,3.4638784471663846e+37
1402.908228758216,3.4547368272355333e+37
1402.5245441795232,3.4502645910929684e+37
1402.1410694129938,3.4568891255108743e+37
1401.7578042865753,3.457983541599858e+37
1401.3747486284044,3.4594533622452736e+37
1400.9919022668048,3.462562766336437e+37
1400.6092650302883,3.466284273859139e+37
1400.226836747553,3.467987837353006e+37
1399.8446172474858,3.471126731194996e+37
1399.4626063591584,3.4772277390270065e+37
1399.08080391183,3.446056424260734e+37
1398.6992097349464,3.409302409843225e+37
1398.3178236581393,3.3719931447036525e+37
1397.9366455112256,3.3375755603246892e+37
1397.5556751242077,3.312524594460683e+37
1397.1749123272743,3.2832300226850107e+37
1396.794356950798,3.2569785688046437e+37
1396.4140088253366,3.2325412263087245e+37
1396.0338677816324,3.205136373834921e+37
1395.653933650612,3.175487217919644e+37
1395.274206263386,3.1485200070056013e+37
1394.8946854512485,3.1223811562086963e+37
1394.5153710456773,3.103125210567479e+37
1394.1362628783338,3.084349121731828e+37
1393.7573607810616,3.0656724889835036e+37
1393.378664585888,3.049225267070908e+37
1393.0001741250219,3.029775157910181e+37
1392.621889230855,3.0144574326350307e+37
1392.2438097359611,2.997568579187849e+37
1391.8659354730953,2.97934374724676e+37
1391.4882662751947,2.964777721059535e+37
1391.1108019753774,2.9569000547744253e+37
1390.7335424069427,2.9481414744972604e+37
1390.3564874033702,2.9400386971930847e+37
1389.979636798321,2.9307474483406553e+37
1389.6029904256354,2.925393989118165e+37
1389.2265481193347,2.914793647028057e+37
1388.8503097136193,2.909550938546792e+37
1388.4742750428693,2.8997070471147e+37
1388.0984439416445,2.887695177747222e+37
1387.7228162446831,2.8863377221362533e+37
1387.3473917869035,2.885401307001032e+37
1386.972170403401,2.8837550728796594e+37
1386.5971519294499,2.8837073425345523e+37
1386.2223362005034,2.8823998438435495e+37
1385.847723052191,2.8808068567232234e+37
1385.4733123203214,2.878014017394659e+37
1385.09910384088,2.8773298787977493e+37
1384.7250974500287,2.8751904866662794e+37
1384.3512929841077,2.8712441972065632e+37
1383.977690279633,2.869997449064494e+37
1383.6042891732966,2.870145617024384e+37
1383.2310895019677,2.86558963530172e+37
1382.8580911026909,2.8557750852242287e+37
1382.4852938126871,2.845808584042647e+37
1382.1126974693516,2.839445525357703e+37
1381.740301910256,2.8309029726155155e+37
1381.3681069731463,2.8217081905251625e+37
1380.9961124959434,2.8170904513952983e+37
1380.624318316743,2.8070796789632183e+37
1380.2527242738147,2.7996194274477404e+37
1379.8813302056024,2.7963543755492204e+37
1379.510135950724,2.795375033287451e+37
1379.1391413479707,2.7948649033865547e+37
1378.7683462363073,2.7916457660881344e+37
1378.3977504548714,2.79209407876718e+37
1378.027353842974,2.7902550687875337e+37
1377.6571562400982,2.789224695645723e+37
1377.2871574859,2.7874499556517597e+37
1376.9173574202077,2.7862159655760747e+37
1376.547755883021,2.783775155450453e+37
1376.178352714512,2.785689413706558e+37
1375.8091477550233,2.7827358720044416e+37
1375.4401408450706,2.782619069705829e+37
1375.0713318253386,2.779054538509884e+37
1374.7027205366842,2.774265544955408e+37
1374.334306820134,2.767330689318831e+37
1373.966090516886,2.762021477690866e+37
1373.5980714683078,2.750781712196541e+37
1373.2302495159363,2.741121434521218e+37
1372.8626245014793,2.7277794998844067e+37
1372.495196266813,2.7193505017221525e+37
1372.1279646539836,2.707377138435448e+37
1371.760929505206,2.6970067447471205e+37
1371.3940906628634,2.684848084238867e+37
1371.0274479695083,2.676872355579414e+37
1370.6610012678616,2.6709869286881597e+37
1370.2947504008114,2.662109324588572e+37
1369.9286952114144,2.6559824732032313e+37
1369.5628355428948,2.650067117209654e+37
1369.1971712386442,2.639830215297817e+37
1368.8317021422215,2.634487464566941e+37
1368.466428097353,2.632648099137802e+37
1368.10134894793,2.6264294918779905e+37
1367.7364645380128,2.6177969436762494e+37
1367.3717747118264,2.6044000114650966e+37
1367.0072793137624,2.5909536225080515e+37
1366.6429781883783,2.5831678324541914e+37
1366.2788711803967,2.5716637205538583e+37
1365.9149581347065,2.561915851391078e+37
1365.5512388963616,2.555012531614129e+37
1365.1877133105804,2.5501998787686795e+37
1364.8243812227463,2.544090076289944e+37
1364.4612424784073,2.538853735763981e+37
1364.0982969232762,2.5322750506261556e+37
1363.7355444032294,2.5274978110738727e+37
1363.372984764307,2.5253818665528336e+37
1363.010617852713,2.5221292476299405e+37
1362.6484435148154,2.517036584193898e+37
1362.2864615971448,2.5119296132369957e+37
1361.9246719463947,2.502220426076525e+37
1361.5630744094221,2.4990921917496836e+37
1361.201668833246,2.499326892341326e+37
1360.8404550650482,2.4937195275903886e+37
1360.4794329521724,2.4924659720056843e+37
1360.1186023421242,2.490841008887251e+37
1359.7579630825712,2.4874525017037633e+37
1359.3975150213428,2.485115177018844e+37
1359.0372580064284,2.4831679881526365e+37
1358.67719188598,2.4818722461400414e+37
1358.3173165083094,2.4801576454882725e+37
1357.9576317218903,2.4794939284142253e+37
1357.5981373753555,2.4770551210542497e+37
1357.2388333174988,2.4695483774785736e+37
1356.8797193972741,2.4657246140135616e+37
1356.5207954637945,2.463726381730061e+37
1356.1620613663335,2.4619262893127803e+37
1355.803516954323,2.4612930035051673e+37
1355.4451620773552,2.4623769916663663e+37
1355.0869965851807,2.4609540283849315e+37
1354.7290203277091,2.461249008702618e+37
1354.371233155008,2.4606106127438935e+37
1354.0136349173038,2.4572655731904267e+37
1353.656225464981,2.46157660862643e+37
1353.299004648582,2.458810713842738e+37
1352.941972318807,2.4552027182063343e+37
1352.585128326514,2.4551117610300184e+37
1352.2284725227173,2.4541213206039525e+37
1351.8720047585894,2.452492916663178e+37
1351.5157248854591,2.448933270442148e+37
1351.1596327548118,2.447715205784022e+37
1350.80372821829,2.450340161058828e+37
1350.4480111276916,2.4450366693061284e+37
1350.0924813349714,2.442932217286607e+37
1349.7371386922398,2.4404917296023463e+37
1349.3819830517623,2.44154353295393e+37
1349.0270142659608,2.44062570724343e+37
1348.6722321874115,2.4408296502124796e+37
1348.3176366688465,2.437033571108032e+37
1347.963227563152,2.440822573369759e+37
1347.6090047233697,2.436668852025336e+37
1347.2549680026946,2.4380276784668896e+37
1346.9011172544767,2.4372695028557182e+37
1346.54745233222,2.4403757260343433e+37
1346.1939730895824,2.4361240384724445e+37
1345.840679380375,2.436593667264269e+37
1345.4875710585625,2.437096967551536e+37
1345.1346479782626,2.4319108883532667e+37
1344.7819099937467,2.4366393678752156e+37
1344.4293569594386,2.437445974547012e+37
1344.0769887299145,2.4339498055702716e+37
1343.724805159903,2.4292887214625736e+37
1343.3728061042862,2.421349208021464e+37
1343.020991418096,2.4134484605711665e+37
1342.6693609565177,2.4078597419924215e+37
1342.317914574888,2.405572564747611e+37
1341.9666521286947,2.3992818847024374e+37
1341.615573473577,2.39653849428715e+37
1341.264678465325,2.392182364968003e+37
1340.9139669598799,2.3889178537713657e+37
1340.5634388133333,2.386926174620844e+37
1340.2130938819273,2.3846941704149795e+37
1339.8629320220543,2.381910981301957e+37
1339.5129530902564,2.3745346728562196e+37
1339.163156943226,2.37369778139958e+37
1338.8135434378055,2.3642957606035043e+37
1338.4641124309853,2.3553968015967868e+37
1338.114863779907,2.346204009128764e+37
1337.7657973418593,2.34036704015824e+37
1337.4169129742816,2.3389049491780556e+37
1337.0682105347605,2.3372447735567857e+37
1336.7196898810319,2.3359232033423403e+37
1336.37135087098,2.334339159159866e+37
1336.023193362637,2.333808860041754e+37
1335.6752172141823,2.3339831506059923e+37
1335.327422283944,2.3316490016767696e+37
1334.9798084303975,2.3293068523772675e+37
1334.6323755121653,2.328616956873742e+37
1334.285123388017,2.325778313739752e+37
1333.9380519168692,2.3273567967438645e+37
1333.5911609577852,2.329262131966788e+37
1333.2444503699753,2.3247927388644197e+37
1332.8979200127958,2.3196295492860065e+37
1332.5515697457492,2.316423574250523e+37
1332.2053994284838,2.3133842012030156e+37
1331.8594089207943,2.311121158549161e+37
1331.5135980826205,2.3151248926614008e+37
1331.1679667740477,2.3098077589291802e+37
1330.8225148553063,2.313023562842158e+37
1330.4772421867724,2.30991212160093e+37
1330.1321486289664,2.30857212788493e+37
1329.7872340425533,2.309667211336513e+37
1329.442498288343,2.314440366353295e+37
1329.097941227289,2.313948113255695e+37
1328.75356272049,2.3138949784425027e+37
1328.4093626291879,2.3136274765243243e+37
1328.0653408147682,2.314632572443988e+37
1327.72149713876,2.315503824608556e+37
1327.3778314628369,2.3148192592536435e+37
1327.0343436488138,2.313209518128211e+37
1326.6910335586497,2.316383739400097e+37
1326.3479010544468,2.3180084408035916e+37
1326.0049459984486,2.317217214876825e+37
1325.6621682530424,2.319204041292085e+37
1325.319567680757,2.3217813816696764e+37
1324.9771441442635,2.3262253678940417e+37
1324.634897506375,2.327621483685048e+37
1324.2928276300456,2.3291812716819357e+37
1323.9509343783718,2.33153838853579e+37
1323.6092176145914,2.3300801475995864e+37
1323.267677202083,2.3297934298614133e+37
1322.9263130043657,2.321246688965605e+37
1322.5851248851004,2.316952459131357e+37
1322.244112708088,2.3073622104543513e+37
1321.9032763372704,2.3040352867761257e+37
1321.562615636729,2.303014604037019e+37
1321.2221304706854,2.3058960128931007e+37
1320.8818207035017,2.307336526130947e+37
1320.5416861996794,2.3089345753480953e+37
1320.2017268238587,2.3094555158757506e+37
1319.8619424408207,2.312094699285483e+37
1319.5223329154846,2.312095861348517e+37
1319.1828981129088,2.3107853562535655e+37
1318.843637898291,2.3130288153217185e+37
1318.5045521369664,2.30040961249149e+37
1318.1656406944098,2.2840820935931688e+37
1317.8269034362338,2.2688769079820328e+37
1317.4883402281891,2.2562247165741307e+37
1317.1499509361643,2.2415619435548242e+37
1316.8117354261863,2.2281773553855106e+37
1316.4736935644185,2.216817405079037e+37
1316.1358252171626,2.2034358753565466e+37
1315.798130250857,2.1886276608713593e+37
1315.4606085320775,2.179900757619456e+37
1315.1232599275368,2.169333767315661e+37
1314.7860843040837,2.1622326143214837e+37
1314.4490815287043,2.152310280880664e+37
1314.1122514685205,2.1473165142277124e+37
1313.7755939907904,2.1368482424412485e+37
1313.4391089629087,2.1294404361157255e+37
1313.1027962524047,2.1243670673306918e+37
1312.7666557269445,2.1149736969774932e+37
1312.4306872543293,2.1032002421291004e+37
1312.0948907024958,2.0917200537892027e+37
1311.7592659395148,2.0867134806683987e+37
1311.4238128335935,2.079755309720799e+37
1311.088531253073,2.072438558862189e+37
1310.753421066429,2.066696491014467e+37
1310.4184821422723,2.061493481531278e+37
1310.083714349347,2.0558625559381832e+37
1309.749117556532,2.046343097384616e+37
1309.4146916328402,2.0412695908141604e+37
1309.0804364474175,2.0342795143620748e+37
1308.7463518695442,2.0365932265210773e+37
1308.4124377686335,2.038815739990531e+37
1308.078694014232,2.0398303919682305e+37
1307.7451204760193,2.0395567716656835e+37
1307.411717023808,2.0386714775972465e+37
1307.0784835275435,2.0390554405047547e+37
1306.7454198573034,2.0402983884894752e+37
1306.4125258832983,2.040480338179387e+37
1306.0798014758702,2.0444016169944593e+37
1305.7472465054939,2.0430323652593048e+37
1305.4148608427759,2.0416068237667391e+37
1305.082644358454,2.0459066703231857e+37
1304.750596923398,2.0470281043141717e+37
1304.4187184086093,2.047039773596589e+37
1304.0870086852194,2.0472497178930025e+37
1303.7554676244924,2.0472319703835032e+37
1303.424095097822,2.0497683701314365e+37
1303.0928909767333,2.0523276288219988e+37
1302.761855132882,2.0524921372755662e+37
1302.430987438053,2.0485328058887943e+37
1302.1002877641636,2.0506349754140971e+37
1301.7697559832593,2.0495021198881759e+37
1301.4393919675163,2.043803684178118e+37
1301.1091955892398,2.042077195226217e+37
1300.7791667208658,2.0418284801122445e+37
1300.4493052349585,2.0411995023317114e+37
1300.1196110042124,2.0380627389200306e+37
1299.7900839014499,2.0396592324497932e+37
1299.460723799623,2.0427481349731335e+37
1299.1315305718126,2.0417026295540548e+37
1298.802504091228,2.042424097068353e+37
1298.4736442312062,2.040233197453516e+37
1298.1449508652138,2.0458248041234817e+37
1297.816423866844,2.0450492326176964e+37
1297.4880631098194,2.0448996429803243e+37
1297.1598684679893,2.0497807039755955e+37
1296.831839815331,2.0494176610257747e+37
1296.5039770259498,2.051167545307155e+37
1296.1762799740766,2.0526550917262664e+37
1295.848748534071,2.0528346676962648e+37
1295.5213825804196,2.055865692393733e+37
1295.1941819877345,2.0591804206324132e+37
1294.8671466307558,2.0591729555011643e+37
1294.540276384349,2.0620207887094963e+37
1294.2135711235069,2.0637281366380586e+37
1293.8870307233476,2.0653067544415674e+37
1293.5606550591158,2.067763020522219e+37
1293.2344440061818,2.0714681616196497e+37
1292.9083974400414,2.0731665114326204e+37
1292.5825152363166,2.0735140883443461e+37
1292.2567972707536,2.0752196479153904e+37
1291.9312434192252,2.0805143901484235e+37
1291.6058535577283,2.082446771918096e+37
1291.280627562385,2.082034573962248e+37
1290.9555653094421,2.0807722796645707e+37
1290.630666675271,2.0808170770817064e+37
1290.3059315363673,2.075824620152439e+37
1289.9813597693512,2.074864766456072e+37
1289.6569512509673,2.0716097621766466e+37
1289.332705858083,2.0683966950305984e+37
1289.008623467691,2.0646326929100698e+37
1288.6847039569066,2.0600831813706405e+37
1288.3609472029684,2.0582863384332136e+37
1288.0373530832394,2.0534516846383532e+37
1287.713921475205,2.0492857297964292e+37
1287.3906522564741,2.049028957302176e+37
1287.0675453047775,2.0440489742912695e+37
1286.7446004979702,2.0417777461646375e+37
1286.4218177140285,2.038331162425206e+37
1286.0991968310516,2.0349529851899673e+37
1285.7767377272612,2.0309460841818304e+37
1285.4544402810004,2.030957499959299e+37
1285.132304370735,2.030388470305847e+37
1284.8103298750523,2.0377742753658862e+37
1284.4885166726608,2.0377964691310345e+37
1284.1668646423918,2.0405420801725341e+37
1283.8453736631961,2.0463607178517536e+37
1283.524043614147,2.048578947106015e+37
1283.2028743744386,2.0498678653364662e+37
1282.8818658233856,2.050893654344659e+37
1282.5610178404236,2.0576344216948964e+37
1282.2403303051092,2.0574871987217483e+37
1281.9198030971181,2.0604949421847999e+37
1281.5994360962482,2.0607302867048818e+37
1281.2792291824157,2.0571818405965568e+37
1280.959182235658,2.0617047187148041e+37
1280.639295136132,2.05906059647953e+37
1280.3195677641138,2.059418653972702e+37
1280.0,2.0634745265028503e+37
1279.6805917243055,2.0627646149352248e+37
1279.3613428176654,2.0702781735136231e+37
1279.042253160833,2.0675614962214198e+37
1278.7233226346816,2.071906656861217e+37
1278.404551120202,2.0800164655930397e+37
1278.0859384985044,2.0838137730025553e+37
1277.7674846508182,2.0829631375939243e+37
1277.4491894584892,2.0860889484342524e+37
1277.1310528029833,2.0957321279291595e+37
1276.8130745658837,2.0828374174047444e+37
1276.495254628891,2.0696116504921196e+37
1276.1775928738243,2.0609573347830415e+37
1275.8600891826204,2.0531970935071375e+37
1275.5427434373328,2.0404229764309481e+37
1275.2255555201327,2.0301736326648387e+37
1274.908525313309,2.02670888579393e+37
1274.5916526992667,2.024531460543749e+37
1274.274937560528,2.0184654706983252e+37
1273.9583797797327,2.010570988855503e+37
1273.6419792396357,2.0046937184571704e+37
1273.3257358231097,2.0013190757153182e+37
1273.0096494131426,1.997416394533402e+37
1272.6937198928392,1.9887668483176822e+37
1272.37794714542,1.9830994432861308e+37
1272.0623310542219,1.9796298588952045e+37
1271.746871502696,1.9816893461125038e+37
1271.4315683744112,1.9814712568601216e+37
1271.11642155305,1.9792919027594947e+37
1270.8014309224113,1.982771634198439e+37
1270.4865963664083,1.979660257852725e+37
1270.17191776907,1.9788361052846676e+37
1269.8573950145399,1.9802521734412376e+37
1269.543027987076,1.977608038254082e+37
1269.2288165710515,1.9806953237482458e+37
1268.9147606509532,1.984463795466539e+37
1268.600860111383,1.989292800730329e+37
1268.2871148370566,1.9959258059314958e+37
1267.973524712804,1.9974867436262142e+37
1267.6600896235684,2.0030068621573804e+37
1267.346809454407,2.003229104965244e+37
1267.0336840904915,2.009334003228132e+37
1266.720713417106,2.0124108195054444e+37
1266.4078973196476,2.019376729767022e+37
1266.0952356836283,2.0255351191713003e+37
1265.782728394671,2.0262654143127812e+37
1265.4703753385133,2.0268722284611034e+37
1265.1581764010045,2.0255764245020557e+37
1264.846131468107,2.0276061248574477e+37
1264.5342404258952,2.03319601230586e+37
1264.2225031605562,2.0326686677449226e+37
1263.9109195583897,2.0326075955269246e+37
1263.5994895058063,2.036915037883353e+37
1263.2882128893298,2.043178934904834e+37
1262.9770895955949,2.0438533290468466e+37
1262.6661195113484,2.044033826982647e+37
1262.3553025234485,2.0476721045705228e+37
1262.0446385188645,2.0536190601225484e+37
1261.7341273846775,2.059548644085193e+37
1261.4237690080795,2.065298805360797e+37
1261.113563276373,2.0678094195895086e+37
1260.803510076972,2.074984372777758e+37
1260.4936092974008,2.078949511580507e+37
1260.1838608252945,2.0853979917227163e+37
1259.8742645483983,2.092520119546634e+37
1259.5648203545675,2.0973060931181308e+37
1259.2555281317686,2.1005757030660347e+37
1258.9463877680769,2.101376863289955e+37
1258.6373991516782,2.1076684907815355e+37
1258.3285621708683,2.1123617607511259e+37
1258.019876714052,2.1191593568761514e+37
1257.711342669744,2.126499172304388e+37
1257.4029599265675,2.1327213238827597e+37
1257.0947283732567,2.1371344116233254e+37
1256.7866478986525,2.145785319991595e+37
1256.4787183917074,2.1490497733596607e+37
1256.17093974148,2.154731074654597e+37
1255.8633118371397,2.1604386149508823e+37
1255.5558345679633,2.143312313148791e+37
1255.2485078233362,2.120790678804606e+37
1254.9413314927526,2.098652614790554e+37
1254.6343054658144,2.0761890443941098e+37
1254.3274296322313,2.055622080257228e+37
1254.0207038818212,2.0332728402494677e+37
1253.7141281045094,2.013967355714512e+37
1253.4077021903302,1.9959858807932272e+37
1253.1014260294228,1.977911851724537e+37
1252.7952995120363,1.9596919749817928e+37
1252.4893225285255,1.9407889879506577e+37
1252.1834949693528,1.9216520353225455e+37
1251.8778167250878,1.9010239748671504e+37
1251.572287686406,1.883471116337626e+37
1251.2669077440908,1.8628667637979477e+37
1250.9616767890316,1.8445357832500696e+37
1250.656594712224,1.832022536263578e+37
1250.35166140477,1.8139780643280356e+37
1250.0468767578784,1.800209723718687e+37
1249.7422406628632,1.782799908560703e+37
1249.437753011145,1.7706157497373967e+37
1249.1334136942498,1.7534048142917822e+37
1248.829222603809,1.7363812097171706e+37
1248.5251796315601,1.7226058310865293e+37
1248.221284669346,1.7045273688643704e+37
1247.9175376091148,1.6855669137043954e+37
1247.6139383429193,1.6687718871613176e+37
1247.3104867629174,1.6485334818818125e+37
1247.0071827613729,1.6261232164569942e+37
1246.7040262306527,1.6094331393677713e+37
1246.40101706323,1.5888932861463162e+37
1246.0981551516813,1.5685753603390841e+37
1245.7954403886881,1.5492913833627323e+37
1245.4928726670362,1.5306294344482244e+37
1245.190451879615,1.512539252942836e+37
1244.8881779194185,1.5006761776083068e+37
1244.586050679544,1.481316264427247e+37
1244.284070053193,1.4700832595466884e+37
1243.9822359336708,1.4558919991686706e+37
1243.6805482143855,1.4414799263299235e+37
1243.3790067888494,1.4267310322419827e+37
1243.0776115506771,1.4122802008709797e+37
1242.7763623935873,1.3975967761884257e+37
1242.475259211401,1.3825874847231716e+37
1242.1743018980424,1.3689103919695117e+37
1241.8734903475383,1.3597698268155362e+37
1241.5728244540182,1.3492156557065797e+37
1241.2723041117144,1.3390071073132682e+37
1240.9719292149614,1.33287258032391e+37
1240.671699658195,1.3233211230574536e+37
1240.3716153359546,1.3121955790380178e+37
1240.071676142881,1.3027971638539024e+37
1239.771881973717,1.293677744452042e+37
1239.4722327233062,1.284343808080881e+37
1239.1727282865959,1.2787540078317563e+37
1238.8733685586328,1.2734709469664307e+37
1238.5741534345661,1.2707843164868033e+37
1238.2750828096462,1.2639176742163593e+37
1237.9761565792244,1.2616310798863053e+37
1237.677374638753,1.253653332884837e+37
1237.3787368837855,1.2505801305525312e+37
1237.0802432099758,1.2455477313549495e+37
1236.781893513079,1.2422034718436484e+37
1236.48368768895,1.2367983687854864e+37
1236.1856256335452,1.236918690185189e+37
1235.88770724292,1.2369063343351039e+37
1235.5899324132308,1.2347716395244172e+37
1235.292301040734,1.2330901729275142e+37
1234.9948130217854,1.2320294883136338e+37
1234.6974682528414,1.230398812270585e+37
1234.4002666304575,1.2317799966933082e+37
1234.1032080512896,1.2285191965827976e+37
1233.8062924120914,1.2273623688676735e+37
1233.5095196097175,1.2198378063676244e+37
1233.2128895411213,1.2070765499396727e+37
1232.9164021033555,1.1980021923143373e+37
1232.6200571935706,1.1888465334071423e+37
1232.3238547090175,1.177886366704982e+37
1232.027794547045,1.1695331760177174e+37
1231.7318766051005,1.1604696950447435e+37
1231.4361007807306,1.148348062808865e+37
1231.1404669715791,1.1377611520241998e+37
1230.8449750753894,1.1296651069917317e+37
1230.5496249900016,1.1188984737827792e+37
1230.2544166133557,1.1099573553651755e+37
1229.9593498434876,1.103227363196285e+37
1229.6644245785326,1.1011520015691622e+37
1229.3696407167226,1.0976152048547404e+37
1229.0749981563874,1.095278990993271e+37
1228.7804967959548,1.091961997373644e+37
1228.4861365339493,1.0906151779000514e+37
1228.1919172689923,1.0882813689569944e+37
1227.8978388998037,1.0859260441202305e+37
1227.6039013251984,1.0820951721463765e+37
1227.31010444409,1.0787981384383378e+37
1227.0164481554875,1.0793712049458489e+37
1226.7229323584975,1.0809245512832923e+37
1226.4295569523224,1.079029724927368e+37
1226.136321836262,1.0807347542931857e+37
1225.8432269097107,1.0818595262866484e+37
1225.5502720721604,1.0817562518668772e+37
1225.257457223199,1.0820431859231656e+37
1224.96478226251,1.0841718567012132e+37
1224.6722470898726,1.0844479738898566e+37
1224.3798516051618,1.0849309280563653e+37
1224.087595708349,1.0847985146881666e+37
1223.7954792994994,1.084911019968442e+37
1223.5035022787752,1.0853045526668243e+37
1223.2116645464332,1.085155526906099e+37
1222.9199660028248,1.075922844619102e+37
1222.6284065483978,1.0687044658436703e+37
1222.3369860836935,1.0612962457962317e+37
1222.0457045093485,1.0534872854572795e+37
1221.754561726095,1.0458683299163252e+37
1221.463557634758,1.0407914232172921e+37
1221.1726921362585,1.034748898190009e+37
1220.8819651316112,1.0288823937416633e+37
1220.591376521925,1.0234007613897144e+37
1220.3009262084029,1.0163055831708278e+37
1220.0106140923428,1.0120765855776924e+37
1219.7204400751348,1.0065651304724779e+37
1219.4304040582645,1.0027312920582385e+37
1219.14050594331,9.974284967137283e+36
1218.8507456319437,9.934926037724426e+36
1218.561123025931,9.88682223096747e+36
1218.2716380271308,9.856797793404703e+36
1217.9822905374956,9.82749917940833e+36
1217.6930804590704,9.783678918703765e+36
1217.4040076939934,9.755943714602827e+36
1217.115072144496,9.720222670534665e+36
1216.826273712902,9.679003858351854e+36
1216.5376123016283,9.622519676356282e+36
1216.2490878131841,9.547678429371899e+36
1215.960700150171,9.492688177367322e+36
1215.6724492152835,9.418261649462505e+36
1215.3843349113074,9.368948884722693e+36
1215.0963571411212,9.335318526461162e+36
1214.8085158076958,9.292997740350988e+36
1214.5208108140935,9.252234616806981e+36
1214.2332420634682,9.233384973311593e+36
1213.9458094590657,9.185723317094161e+36
1213.6585129042242,9.15484557066469e+36
1213.3713523023723,9.122258557182686e+36
1213.0843275570303,9.085048757992988e+36
1212.7974385718096,9.059816710039759e+36
1212.5106852504139,9.023419537362404e+36
1212.2240674966363,8.987181283204236e+36
1211.9375852143614,8.959424978698711e+36
1211.6512383075656,8.941929031407891e+36
1211.3650266803147,8.919720366309821e+36
1211.078950236766,8.896108340049615e+36
1210.7930088811668,8.881264919772474e+36
1210.507202517855,8.860005353666803e+36
1210.221531051259,8.852725024311786e+36
1209.935994385897,8.833200888142592e+36
1209.6505924263774,8.813033189460486e+36
1209.3653250773993,8.808348138191824e+36
1209.0801922437506,8.79978958193514e+36
1208.7951938303092,8.788798615782329e+36
1208.5103297420435,8.78574251459728e+36
1208.2255998840103,8.778483555884117e+36
1207.941004161357,8.752607639574164e+36
1207.656542479319,8.74264019136894e+36
1207.3722147432222,8.712841896044161e+36
1207.088020858481,8.677943101664214e+36
1206.803960730599,8.66651741547983e+36
1206.520034265169,8.647048449398492e+36
1206.2362413678718,8.6167116110993e+36
1205.9525819444777,8.597230085291658e+36
1205.6690559008457,8.556776632438517e+36
1205.3856631429228,8.529120498197533e+36
1205.1024035767439,8.522496561082504e+36
1204.8192771084337,8.504604793484814e+36
1204.536283644204,8.487803958924381e+36
1204.2534230903552,8.482082804938858e+36
1203.970695353275,8.487449170897977e+36
1203.68810033944,8.464083275312842e+36
1203.4056379554138,8.467563849569582e+36
1203.1233081078478,8.450667299318856e+36
1202.8411107034815,8.449777024721252e+36
1202.5590456491414,8.442576283495565e+36
1202.2771128517413,8.43938974906948e+36
1201.9953122182824,8.430628053484842e+36
1201.7136436558533,8.418545694211871e+36
1201.4321070716294,8.391086941414915e+36
1201.1507023728732,8.356331573684517e+36
1200.869429466934,8.335347639128084e+36
1200.588288261248,8.313794359119804e+36
1200.3072786633377,8.286089030415041e+36
1200.0264005808128,8.25757036347898e+36
1199.7456539213688,8.234712872150327e+36
1199.4650385927876,8.228672583421695e+36
1199.184554502938,8.221843215983931e+36
1198.9042015597743,8.199524532219561e+36
1198.6239796713373,8.17311743969515e+36
1198.3438887457532,8.159482526534522e+36
1198.0639286912349,8.131429730163172e+36
1197.7840994160802,8.109698467718885e+36
1197.5044008286732,8.068397152667087e+36
1197.2248328374828,8.019057028395171e+36
1196.945395351064,7.980247370956349e+36
1196.6660882780575,7.937847950607388e+36
1196.386911527188,7.89686440830173e+36
1196.1078650072664,7.851050712995272e+36
1195.8289486271883,7.819984770720227e+36
1195.5501622959346,7.80489526272975e+36
1195.2715059225702,7.801835096880908e+36
1194.9929794162458,7.793477745359367e+36
1194.7145826861963,7.781171771328457e+36
1194.4363156417407,7.785752140343377e+36
1194.1581781922835,7.76058488456752e+36
1193.8801702473124,7.754179343825422e+36
1193.6022917164003,7.72899400892841e+36
1193.3245425092036,7.724794471272542e+36
1193.0469225354634,7.710062751267257e+36
1192.7694317050043,7.699237780997524e+36
1192.4920699277352,7.705562877177774e+36
1192.2148371136477,7.700168699265714e+36
1191.937733172819,7.687200464301282e+36
1191.6607580154082,7.685885245462578e+36
1191.3839115516585,7.678004594821554e+36
1191.1071936918963,7.684019249056571e+36
1190.8306043465318,7.664616883208058e+36
1190.5541434260576,7.674162468682589e+36
1190.2778108410503,7.665424589625684e+36
1190.001606502169,7.650312496700145e+36
1189.7255303201553,7.657479027414377e+36
1189.4495822058343,7.658075952806851e+36
1189.1737620701138,7.642857919880496e+36
1188.8980698239836,7.64038110770991e+36
1188.622505378517,7.642166561796019e+36
1188.3470686448684,7.644599980869928e+36
1188.071759534276,7.644101208078993e+36
1187.7965779580588,7.633021083374628e+36
1187.5215238276194,7.624476400005828e+36
1187.2465970544413,7.623437238406181e+36
1186.9717975500903,7.622702414315017e+36
1186.6971252262142,7.607674339173697e+36
1186.4225799945425,7.610273924742306e+36
1186.1481617668862,7.612026894071165e+36
1185.8738704551383,7.596502039586016e+36
1185.599705971273,7.599772107106371e+36
1185.3256682273454,7.602532205770309e+36
1185.0517571354928,7.599737719539884e+36
1184.7779726079332,7.605738852442785e+36
1184.5043145569657,7.605201812926713e+36
1184.2307828949706,7.608540929449397e+36
1183.9573775344088,7.607780949296103e+36
1183.6840983878221,7.59982870983036e+36
1183.4109453678338,7.60185682575783e+36
1183.1379183871463,7.603279204876329e+36
1182.8650173585443,7.610939941462406e+36
1182.5922421948912,7.602710224110292e+36
1182.3195928091322,7.599997677043114e+36
1182.047069114292,7.611139447679556e+36
1181.774671023476,7.596958789477541e+36
1181.502398449869,7.60202239262251e+36
1181.230251306736,7.592396100798677e+36
1180.9582295074224,7.60526689965846e+36
1180.686332965353,7.601029051649818e+36
1180.4145615940317,7.598884356326521e+36
1180.1429153070437,7.589052026381782e+36
1179.8713940180521,7.58582272220712e+36
1179.5999976408,7.593531229906538e+36
1179.3287260891102,7.583098066326713e+36
1179.0575792768839,7.575011607836275e+36
1178.7865571181026,7.591146032460506e+36
1178.515659526826,7.590741242811882e+36
1178.244886417193,7.605441703753558e+36
1177.9742377034215,7.604991868995589e+36
1177.7037132998082,7.615751416623064e+36
1177.4333131207281,7.621340187776551e+36
1177.1630370806356,7.631697286629077e+36
1176.892885094063,7.642166281519375e+36
1176.6228570756216,7.634786362695896e+36
1176.35295294,7.643358767573706e+36
1176.0831726019665,7.64180142555866e+36
1175.8135159763663,7.647823733778198e+36
1175.543982978123,7.64835100073976e+36
1175.2745735222393,7.644084353508021e+36
1175.0052875237939,7.65218338089302e+36
1174.7361248979448,7.648610403337726e+36
1174.4670855599272,7.634327657887069e+36
1174.198169425054,7.62337703377688e+36
1173.9293764087154,7.614462926570178e+36
1173.6607064263792,7.618691611896175e+36
1173.3921593935909,7.632710074501198e+36
1173.123735225973,7.640508464527116e+36
1172.855433839225,7.641845913711436e+36
1172.5872551491238,7.650213327404592e+36
1172.3191990715231,7.67327032600377e+36
1172.051265522354,7.6880005193384e+36
1171.7834544176237,7.700613341260738e+36
1171.5157656734166,7.717162064241873e+36
1171.2481992058938,7.727916372451028e+36
1170.9807549312927,7.736905806493729e+36
1170.7134327659276,7.740329629722674e+36
1170.4462326261887,7.75490606314327e+36
1170.179154428543,7.726500969107868e+36
1169.9121980895334,7.688200303240794e+36
1169.645363525779,7.675918138864515e+36
1169.378650653975,7.646763379494187e+36
1169.1120593908925,7.60921547540667e+36
1168.845589653379,7.583350753469062e+36
1168.5792413583565,7.572908355110734e+36
1168.3130144228242,7.574236609611011e+36
1168.046908763856,7.576597260022274e+36
1167.7809242986016,7.573360233012631e+36
1167.5150609442862,7.580454947367765e+36
1167.2493186182103,7.578220507203603e+36
1166.9836972377495,7.568986066654772e+36
1166.718196720355,7.58183389163462e+36
1166.452816983553,7.575134750059594e+36
1166.1875579449443,7.573067573357922e+36
1165.922419522205,7.58574940080388e+36
1165.657401633086,7.581150019395871e+36
1165.392504195413,7.567055242572794e+36
1165.1277271270862,7.568035215887195e+36
1164.8630703460808,7.578926041943226e+36
1164.598533770446,7.571856077921964e+36
1164.3341173183057,7.580012508215584e+36
1164.069820907858,7.578789986438116e+36
1163.8056444573756,7.570159844090816e+36
1163.541587885205,7.585779352308475e+36
1163.2776511097668,7.594386907649906e+36
1163.0138340495562,7.598208297765774e+36
1162.750136623141,7.616500710947563e+36
1162.4865587491645,7.62215280561139e+36
1162.2231003463426,7.63975986139134e+36
1161.959761333465,7.658714872559233e+36
1161.6965416293956,7.668831426711373e+36
1161.4334411530713,7.682792094205092e+36
1161.1704598235021,7.703675404469454e+36
1160.9075975597723,7.724826514320806e+36
1160.6448542810385,7.73413993408479e+36
1160.3822299065312,7.761572011732986e+36
1160.1197243555534,7.761393333211125e+36
1159.8573375474816,7.766834431317316e+36
1159.595069401765,7.762564643888602e+36
1159.3329198379254,7.769617975426483e+36
1159.0708887755575,7.756604620202086e+36
1158.8089761343292,7.772860541747534e+36
1158.5471818339802,7.76202160200344e+36
1158.2855057943232,7.753392312715531e+36
1158.0239479352433,7.754537031802216e+36
1157.7625081766978,7.759642823349517e+36
1157.501186438716,7.76594485056098e+36
1157.2399826414003,7.764950836962748e+36
1156.9788967049242,7.771499003694006e+36
1156.7179285495336,7.771085050193407e+36
1156.4570780955464,7.771592427174775e+36
1156.1963452633527,7.77531818158408e+36
1155.9357299734136,7.76653590417935e+36
1155.6752321462623,7.768409282890892e+36
1155.4148517025037,7.774939101204293e+36
1155.1545885628145,7.760907472884988e+36
1154.894442647942,7.773441578572929e+36
1154.6344138787058,7.775727522799797e+36
1154.374502175996,7.777808990818308e+36
1154.1147074607745,7.768645427455668e+36
1153.8550296540743,7.778370849988692e+36
1153.5954686769992,7.77722545141476e+36
1153.3360244507237,7.772919161730589e+36
1153.076696896494,7.753858294550763e+36
1152.8174859356268,7.757830070850186e+36
1152.558391489509,7.760232455712799e+36
1152.2994134795986,7.753176458555886e+36
1152.0405518274242,7.745768384703776e+36
1151.7818064545854,7.771208015611813e+36
1151.5231772827508,7.794929120161733e+36
1151.2646642336606,7.834066570889333e+36
1151.0062672291251,7.855163535534065e+36
1150.7479861910242,7.888891069424595e+36
1150.4898210413085,7.916972612255777e+36
1150.231771701998,7.951908102638313e+36
1149.9738380951833,7.978554241247716e+36
1149.7160201430247,8.006818269332834e+36
1149.4583177677519,8.048585065016606e+36
1149.2007308916648,8.064039189411226e+36
1148.9432594371326,8.073572705057973e+36
1148.6859033265944,8.071601564887794e+36
1148.4286624825584,8.099572327455274e+36
1148.171536827602,8.110691548780069e+36
1147.9145262843729,8.117098089860031e+36
1147.657630775587,8.144686029945948e+36
1147.4008502240301,8.154250505768157e+36
1147.1441845525565,8.157086356322913e+36
1146.88763368409,8.176146971170062e+36
1146.6311975416227,8.19054621793104e+36
1146.3748760482165,8.20710281649354e+36
1146.1186691270013,8.182931494557178e+36
1145.8625767011763,8.133722069732794e+36
1145.6065986940084,8.098392523369148e+36
1145.3507350288342,8.057129986404826e+36
1145.0949856290579,8.009242544523926e+36
1144.8393504181524,7.98247023393135e+36
1144.5838293196593,7.940200963500801e+36
1144.3284222571879,7.906259676789444e+36
1144.0731291544155,7.871187403097688e+36
1143.8179499350883,7.807467423899547e+36
1143.5628845230199,7.75492477979567e+36
1143.307932842092,7.700414805416718e+36
1143.0530948162543,7.638945447438713e+36
1142.7983703695238,7.575104597926291e+36
1142.543759425986,7.518612768741518e+36
1142.2892619097934,7.461950613775268e+36
1142.0348777451663,7.393912281851139e+36
1141.7806068563925,7.35693212583496e+36
1141.5264491678272,7.296178360302918e+36
1141.272404603893,7.239818577029113e+36
1141.0184730890794,7.208642570611783e+36
1140.7646545479436,7.176285914126564e+36
1140.5109489051094,7.156177670091015e+36
1140.2573560852684,7.122975970922962e+36
1140.0038760131783,7.091242247440046e+36
1139.7505086136646,7.059000241109917e+36
1139.4972538116183,7.028089046235444e+36
1139.2441115319984,7.002399748773635e+36
1138.9910816998304,6.982723829689243e+36
1138.7381642402054,6.942465510526906e+36
1138.4853590782823,6.917263965520506e+36
1138.2326661392856,6.909173639456109e+36
1137.9800853485062,6.901144791700966e+36
1137.7276166313022,6.888407604133635e+36
1137.475259913097,6.870574059736922e+36
1137.2230151193799,6.857601491501705e+36
1136.9708821757074,6.843946292068927e+36
1136.7188610077012,6.820142305875517e+36
1136.4669515410492,6.814211975011969e+36
1136.215153701505,6.79858249187075e+36
1135.963467414888,6.78459278908643e+36
1135.7118926070834,6.791263396377569e+36
1135.4604292040422,6.789650515799502e+36
1135.2090771317808,6.789645785010472e+36
1134.9578363163807,6.786016828762294e+36
1134.70670668399,6.787310097482243e+36
1134.4556881608205,6.789441066644174e+36
1134.2047806731505,6.784411663510653e+36
1133.9539841473234,6.785694117941915e+36
1133.7032985097471,6.770689579587814e+36
1133.452723686895,6.780611735862238e+36
1133.2022596053057,6.782754646850834e+36
1132.951906191582,6.754363993665406e+36
1132.7016633723927,6.757062805630133e+36
1132.45153107447,6.753408098853903e+36
1132.2015092246118,6.745266484551732e+36
1131.95159774968,6.734826830100103e+36
1131.7017965766022,6.73218219754548e+36
1131.4521056323686,6.724062989669955e+36
1131.2025248440355,6.71717657299849e+36
1130.9530541387228,6.705346002802933e+36
1130.7036934436146,6.701588848937934e+36
1130.4544426859597,6.677388615809165e+36
1130.2053017930707,6.642854404463764e+36
1129.9562706923243,6.601063413415674e+36
1129.707349311161,6.554624951555383e+36
1129.4585375770855,6.510294056902711e+36
1129.2098354176665,6.473842338531713e+36
1128.9612427605362,6.436885152679958e+36
1128.7127595333902,6.405510252175575e+36
1128.4643856639884,6.367547190577878e+36
1128.2161210801542,6.347570371154324e+36
1127.9679657097738,6.311787790772714e+36
1127.719919480798,6.281185856865633e+36
1127.4719823212392,6.256113132918537e+36
1127.2241541591752,6.226782336025806e+36
1126.9764349227457,6.1857913046874e+36
1126.728824540154,6.162901437395415e+36
1126.4813229396657,6.123106836979875e+36
1126.2339300496105,6.095119321264712e+36
1125.9866457983808,6.061002142084e+36
1125.7394701144315,6.014835300716957e+36
1125.4924029262802,5.980696911332367e+36
1125.245444162508,5.936567250498331e+36
1124.9985937517579,5.891937737649648e+36
1124.7518516227358,5.854399263993532e+36
1124.5052177042103,5.808417186199238e+36
1124.2586919250118,5.763076318306989e+36
1124.0122742140345,5.717540056702774e+36
1123.7659645002332,5.655588241813652e+36
1123.519762712626,5.611639411349006e+36
1123.2736687802933,5.558739266516522e+36
1123.0276826323768,5.512451149512707e+36
1122.781804198081,5.463526675163666e+36
1122.5360334066722,5.408284827665444e+36
1122.2903701874786,5.35430342599638e+36
1122.0448144698898,5.293783762577165e+36
1121.7993661833582,5.241727995018314e+36
1121.5540252573967,5.181534266349421e+36
1121.3087916215807,5.1349761113299856e+36
1121.063665205547,5.077524061516432e+36
1120.8186459389938,5.020261273313161e+36
1120.573733751681,4.9804863898152366e+36
1120.3289285734293,4.944920570056395e+36
1120.0842303341212,4.8969737540003074e+36
1119.8396389637005,4.8645382863634545e+36
1119.5951543921717,4.8146700113449776e+36
1119.3507765496013,4.7776292502362996e+36
1119.1065053661157,4.727431311299558e+36
1118.8623407719033,4.6913833456355584e+36
1118.6182826972124,4.652523179061397e+36
1118.3743310723532,4.618042543529499e+36
1118.130485827696,4.592346096280735e+36
1117.8867468936721,4.558550238796373e+36
1117.6431142007734,4.5259122902550436e+36
1117.399587679552,4.512961491310084e+36
1117.1561672606213,4.469144119416208e+36
1116.9128528746544,4.4336781918479673e+36
1116.6696444523852,4.414059904978426e+36
1116.4265419246078,4.3903334497292615e+36
1116.1835452221762,4.3679978811003944e+36
1115.9406542760057,4.3313309167154576e+36
1115.6978690170702,4.317013469559197e+36
1115.4551893764046,4.294215151827226e+36
1115.2126152851042,4.27241916541834e+36
1114.9701466743227,4.2573877574701234e+36
1114.7277834752754,4.243314359140212e+36
1114.4855256192361,4.2263112131477716e+36
1114.2433730375387,4.2069408856647184e+36
1114.0013256615775,4.194474812218092e+36
1113.7593834228053,4.1772804734124606e+36
1113.517546252735,4.1496476969975e+36
1113.275814082939,4.1394596315608063e+36
1113.034186845049,4.124859822829863e+36
1112.7926644707557,4.096780713949288e+36
1112.5512468918098,4.0774408173913994e+36
1112.309934040021,4.051046437661554e+36
1112.0687258472574,4.023923802723237e+36
1111.827622245447,4.000472021000701e+36
1111.5866231665768,3.9878269862037016e+36
1111.3457285426923,3.953817455801794e+36
1111.1049383058983,3.9320670644294425e+36
1110.8642523883582,3.921748161243246e+36
1110.6236707222943,3.907872925184705e+36
1110.3831932399871,3.894994864352452e+36
1110.1428198737767,3.891899466562735e+36
1109.9025505560612,3.871225986881977e+36
1109.662385219297,3.863426679682066e+36
1109.4223237959995,3.8482225275946854e+36
1109.182366218742,3.8440216457667956e+36
1108.9425124201562,3.84088740538688e+36
1108.7027623329323,3.8345854931641704e+36
1108.4631158898187,3.822932234418641e+36
1108.2235730236218,3.8163131114185524e+36
1107.984133667206,3.80960723845776e+36
1107.7447977534935,3.800799347422157e+36
1107.5055652154651,3.797620627154309e+36
1107.2664359861592,3.7852128664253854e+36
1107.0274099986716,3.7662368110002015e+36
1106.7884871861563,3.756394335797203e+36
1106.5496674818248,3.7537444507388613e+36
1106.3109508189466,3.739753109107447e+36
1106.0723371308484,3.7200547483953087e+36
1105.8338263509143,3.714076614571228e+36
1105.595418412586,3.698830104653947e+36
1105.357113249363,3.6911594734006833e+36
1105.1189107948016,3.673145516312998e+36
1104.8808109825154,3.67370483851012e+36
1104.6428137461753,3.659807821872683e+36
1104.4049190195092,3.6595490761038637e+36
1104.1671267363029,3.640722197722075e+36
1103.929436830398,3.645591875106955e+36
1103.6918492356933,3.626353621943532e+36
1103.4543638861455,3.6236916073304974e+36
1103.2169807157672,3.6255366280621305e+36
1102.9796996586279,3.623869390532237e+36
1102.7425206488538,3.6107501481865746e+36
1102.5054436206278,3.6057246931742166e+36
1102.26846850819,3.6013585699713193e+36
1102.0315952458357,3.60543649368775e+36
1101.794823767918,3.592577342207907e+36
1101.5581540088456,3.592301741493201e+36
1101.3215859030838,3.59054947479046e+36
1101.085119385154,3.587380326118761e+36
1100.8487543896345,3.578090304223975e+36
1100.6124908511588,3.576333180031888e+36
1100.376328704417,3.56238350268637e+36
1100.1402678841553,3.5656484070850575e+36
1099.9043083251756,3.556254174343906e+36
1099.6684499623364,3.5521491872548055e+36
1099.432692730551,3.5509932663384925e+36
1099.1970365647894,3.542639625358465e+36
1098.961481400077,3.5348301876004104e+36
1098.7260271714947,3.532783690964961e+36
1098.4906738141794,3.532877703163478e+36
1098.2554212633231,3.5433781702044333e+36
1098.020269454174,3.5406331879071054e+36
1097.7852183220352,3.543112453281705e+36
1097.5502678022654,3.554769358262005e+36
1097.3154178302782,3.553989238525213e+36
1097.080668341543,3.5534725557923826e+36
1096.8460192715845,3.554158232376594e+36
1096.611470555982,3.562081202328957e+36
1096.3770221303703,3.561623698971051e+36
1096.1426739304388,3.563683050299948e+36
1095.9084258919324,3.5628597663356565e+36
1095.6742779506508,3.570068331175915e+36
1095.4402300424483,3.570557079966304e+36
1095.2062821032341,3.57549557672005e+36
1094.9724340689722,3.579112905601584e+36
1094.7386858756813,3.573563646189591e+36
1094.505037459435,3.5771725789307205e+36
1094.2714887563604,3.584487543916974e+36
1094.0380397026404,3.585202603839633e+36
1093.8046902345118,3.590858758541771e+36
1093.5714402882654,3.5965148829312705e+36
1093.3382898002471,3.593073894732509e+36
1093.1052387068567,3.599581928430536e+36
1092.8722869445476,3.5951679902104883e+36
1092.6394344498287,3.5933856672630124e+36
1092.406681159262,3.596569355075234e+36
1092.1740270094635,3.590164272397668e+36
1091.941471937104,3.594988323772314e+36
1091.7090158789076,3.5981342869536346e+36
1091.4766587716522,3.5925386636938925e+36
1091.2444005521697,3.59876887517095e+36
1091.0122411573457,3.599882408207126e+36
1090.78018052412,3.5898166219795656e+36
1090.5482185894848,3.5847783388715246e+36
1090.3163552904875,3.578217434328861e+36
1090.0845905642277,3.5632830357157057e+36
1089.8529243478592,3.558500986264665e+36
1089.621356578589,3.550466544461075e+36
1089.3898871936772,3.5449578126153575e+36
1089.1585161304376,3.5357109898493033e+36
1088.9272433262372,3.5288639985593443e+36
1088.6960687184958,3.519863751418484e+36
1088.464992244687,3.510290557655433e+36
1088.2340138423367,3.498032089507355e+36
1088.0031334490243,3.486492245630439e+36
1087.7723510023823,3.4796092245667974e+36
1087.5416664400955,3.474987541053394e+36
1087.3110796999022,3.462336037224049e+36
1087.0805907195931,3.458623434132869e+36
1086.8501994370115,3.441281736003522e+36
1086.6199057900542,3.441586061553951e+36
1086.3897097166696,3.433297047751115e+36
1086.1596111548592,3.4216891053572374e+36
1085.929610042677,3.413394118991912e+36
1085.6997063182296,3.400909201536825e+36
1085.469899919675,3.3688878295324316e+36
1085.2401907852256,3.347921706174014e+36
1085.0105788531437,3.3270321370882e+36
1084.7810640617458,3.2986541721576553e+36
1084.551646349399,3.280530980374121e+36
1084.322325654524,3.256781832315255e+36
1084.0931019155926,3.2353980914863276e+36
1083.8639750711286,3.207774767624523e+36
1083.6349450597083,3.188630356731592e+36
1083.4060118199595,3.1759181388577963e+36
1083.1771752905622,3.1730642132124646e+36
1082.9484354102478,3.1626774028515824e+36
1082.7197921178,3.15171505817743e+36
1082.4912453520533,3.1498841152649726e+36
1082.2627950518945,3.1536683820284125e+36
1082.034441156262,3.1621134067371154e+36
1081.8061836041454,3.163157664766709e+36
1081.5780223345862,3.151589583695212e+36
1081.3499572866767,3.1483538137985624e+36
1081.1219883995611,3.145202598413388e+36
1080.8941156124347,3.143092264319694e+36
1080.6663388645438,3.141814263446643e+36
1080.4386580951866,3.141794952050326e+36
1080.2110732437118,3.1415631681604115e+36
1079.9835842495193,3.1391825784884095e+36
1079.7561910520606,3.1424519963210615e+36
1079.528893590837,3.1447503587943745e+36
1079.3016918054018,3.1423478454747916e+36
1079.074585635359,3.147911365662629e+36
1078.8475750203631,3.140260720127749e+36
1078.6206599001198,3.124554832698215e+36
1078.3938402143847,3.1160580903062533e+36
1078.167115902965,3.1030206099886665e+36
1077.940486905718,3.0896442488354806e+36
1077.7139531625517,3.0751832905665656e+36
1077.4875146134243,3.065773685586307e+36
1077.2611711983452,3.051205247999133e+36
1077.0349228573737,3.040055360758579e+36
1076.808769530619,3.027431824376174e+36
1076.5827111582414,3.011143151125398e+36
1076.3567476804512,3.0022345203486905e+36
1076.1308790375085,2.985781288617302e+36
1075.905105169724,2.969248880055978e+36
1075.6794260174584,2.9591284932784623e+36
1075.4538415211218,2.9319842365736033e+36
1075.2283516211755,2.911102752393578e+36
1075.0029562581299,2.890183395021583e+36
1074.7776553725448,2.8611959000606867e+36
1074.552448905031,2.8374962217961024e+36
1074.3273367962486,2.81252231503076e+36
1074.1023189869068,2.792504865889589e+36
1073.877395417765,2.768413015037294e+36
1073.6525660296327,2.741535397423932e+36
1073.427830763368,2.7300353366722913e+36
1073.2031895598793,2.722767458325212e+36
1072.9786423601238,2.7145171169867775e+36
1072.7541891051085,2.70273116845556e+36
1072.5298297358895,2.6945991658086005e+36
1072.3055641935725,2.678904842285478e+36
1072.0813924193124,2.670310758904134e+36
1071.857314354313,2.662859613059827e+36
1071.6333299398277,2.6477635303900408e+36
1071.4094391171586,2.6426342516029957e+36
1071.185641827657,2.6325227590286583e+36
1070.961938012723,2.618506681619552e+36
1070.7383276138062,2.6069245085415488e+36
1070.5148105724043,2.5979972007183832e+36
1070.2913868300645,2.59180916987982e+36
1070.0680563283825,2.58610560289673e+36
1069.8448190090028,2.586097595674394e+36
1069.6216748136185,2.580806340927276e+36
1069.3986236839712,2.5815654019971077e+36
1069.1756655618517,2.5764372715387506e+36
1068.952800389099,2.570020362730578e+36
1068.7300281075998,2.5591138958991615e+36
1068.5073486592903,2.5548698692378993e+36
1068.284761986155,2.5506060628754896e+36
1068.062268030226,2.5576293700401007e+36
1067.8398667335846,2.5524517973407587e+36
1067.6175580383594,2.552846464993704e+36
1067.395341886728,2.5508466323544214e+36
1067.1732182209155,2.5540335326257774e+36
1066.9511869831954,2.548045511107255e+36
1066.7292481158895,2.540950466746251e+36
1066.5074015613668,2.5352956230300977e+36
1066.285647262045,2.533467250953032e+36
1066.0639851603894,2.526157661912071e+36
1065.8424151989127,2.528753216097345e+36
1065.6209373201766,2.5144799663703662e+36
1065.3995514667888,2.5038300444578092e+36
1065.1782575814061,2.494419539052167e+36
1064.9570556067326,2.482803408538834e+36
1064.7359454855196,2.4722683120589052e+36
1064.514927160566,2.4602703280782957e+36
1064.2940005747187,2.4492819612438098e+36
1064.0731656708715,2.4360834634031472e+36
1063.8524223919658,2.428041827560965e+36
1063.6317706809903,2.4138887154983492e+36
1063.4112104809808,2.402731540706003e+36
1063.190741735021,2.3877849446107705e+36
1062.970364386241,2.376513741823408e+36
1062.7500783778182,2.3640766500784712e+36
1062.5298836529778,2.3563527314533064e+36
1062.309780154991,2.3523992157855503e+36
1062.0897678271767,2.3363601343802286e+36
1061.8698466129006,2.3245413029995315e+36
1061.6500164555753,2.3105168375952663e+36
1061.4302772986598,2.300389839991121e+36
1061.210629085661,2.283036232242352e+36
1060.9910717601313,2.2728042187141297e+36
1060.7716052656704,2.2557661396520963e+36
1060.5522295459245,2.2491809211148817e+36
1060.332944544587,2.2484478832861344e+36
1060.113750205397,2.251291017386983e+36
1059.8946464721407,2.2507460455754633e+36
1059.6756332886503,2.248839486274488e+36
1059.4567105988049,2.2485084526747418e+36
1059.2378783465297,2.2493594031910218e+36
1059.0191364757961,2.2493789461769716e+36
1058.8004849306221,2.246318400652622e+36
1058.5819236550717,2.2498477566464973e+36
1058.363452593255,2.2505402857296253e+36
1058.1450716893287,2.252689798606704e+36
1057.9267808874947,2.2482417341441426e+36
1057.708580132002,2.242906266038732e+36
1057.490469367145,2.2386403809249167e+36
1057.2724485372635,2.234112661095637e+36
1057.0545175867444,2.2334563259373207e+36
1056.8366764600198,2.2290595384223887e+36
1056.6189251015674,2.2231262099815965e+36
1056.401263455911,2.2176505161474055e+36
1056.18369146762,2.2175337602461925e+36
1055.9662090813094,2.2113923869845477e+36
1055.7488162416398,2.204684973945194e+36
1055.5315128933173,2.2007971595068752e+36
1055.314298981094,2.190067797199945e+36
1055.097174449767,2.1871535269490894e+36
1054.8801392441783,2.1852634287453688e+36
1054.6631933092167,2.1848309920594378e+36
1054.446336589815,2.1828636192457586e+36
1054.2295690309522,2.1831982138375557e+36
1054.0128905776517,2.190004737435915e+36
1053.7963011749828,2.1818890881921015e+36
1053.5798007680596,2.1843154290868633e+36
1053.3633893020415,2.184619857776421e+36
1053.1470667221324,2.183881804863425e+36
1052.930832973582,2.18545209477243e+36
1052.7146880016842,2.1891059506788047e+36
1052.4986317517787,2.1917180030943798e+36
1052.282664169249,2.1852910984390938e+36
1052.0667851995245,2.1825351436488318e+36
1051.8509947880782,2.1746404101221982e+36
1051.635292880429,2.1677146507096257e+36
1051.4196794221398,2.162456487134319e+36
1051.204154358818,2.1534632078555234e+36
1050.9887176361162,2.1480022971561557e+36
1050.773369199731,2.1432224061427566e+36
1050.5581089954037,2.1339416235062004e+36
1050.3429369689204,2.125559956944157e+36
1050.1278530661107,2.1163085713259357e+36
1049.9128572328495,2.110806809527235e+36
1049.6979494150557,2.1037999435174134e+36
1049.4831295586923,2.0915839101049372e+36
1049.2683976097665,2.0880912264573316e+36
1049.05375351433,2.0820600325160787e+36
1048.8391972184784,2.081926374881366e+36
1048.6247286683515,2.0798428500306007e+36
1048.4103478101329,2.072009224446428e+36
1048.1960545900504,2.0714340929382817e+36
1047.9818489543761,2.0652124307504263e+36
1047.7677308494253,2.0607072217100706e+36
1047.5537002215576,2.0585840445457317e+36
1047.3397570171765,2.053421677502049e+36
1047.1259011827287,2.0523102725411224e+36
1046.9121326647055,2.04673909222418e+36
1046.6984514096412,2.0472057293133562e+36
1046.4848573641139,2.0416734915163326e+36
1046.2713504747455,2.041130317090268e+36
1046.0579306882014,2.037181032284621e+36
1045.8445979511903,2.0374746080903855e+36
1045.6313522104647,2.0361328389176374e+36
1045.41819341282,2.0320391282547245e+36
1045.2051215050953,2.0212670259300222e+36
1044.9921364341733,2.0156639930973275e+36
1044.7792381469794,2.0072575823742727e+36
1044.566426590483,2.0028859272532706e+36
1044.3537017116957,1.994445097451238e+36
1044.141063457673,1.9931503803968223e+36
1043.9285117755137,1.984470864481731e+36
1043.7160466123587,1.9812712518424358e+36
1043.5036679153927,1.978094960900171e+36
1043.2913756318433,1.9725158481056656e+36
1043.0791697089808,1.9621796946580506e+36
1042.8670500941187,1.955512621088564e+36
1042.655016734613,1.951293053125592e+36
1042.4430695778626,1.9460465233268615e+36
1042.2312085713095,1.9424490117257506e+36
1042.0194336624377,1.937398597570302e+36
1041.8077447987748,1.9302441307405263e+36
1041.5961419278901,1.9196237492765314e+36
1041.3846249973965,1.9123292086696405e+36
1041.1731939549484,1.9053049103280693e+36
1040.9618487482433,1.8987747563241562e+36
1040.750589325021,1.8855465164746332e+36
1040.5394156330642,1.881742525681079e+36
1040.328327620197,1.8731160628120236e+36
1040.1173252342865,1.8675130139669792e+36
1039.9064084232418,1.8602301236235252e+36
1039.695577135015,1.8528717033048667e+36
1039.484831317599,1.8477523382088695e+36
1039.27417091903,1.8429983708957594e+36
1039.0635958873863,1.8381336645037678e+36
1038.8531061707874,1.8348223573040537e+36
1038.6427017173958,1.8321993372896442e+36
1038.4323824754151,1.8293910103640104e+36
1038.2221483930916,1.8233960877092426e+36
1038.0119994187132,1.8214202308106962e+36
1037.8019355006097,1.8193623718027467e+36
1037.5919565871525,1.8155621728736437e+36
1037.3820626267552,1.812954237689147e+36
1037.1722535678725,1.8100002648906868e+36
1036.9625293590016,1.808000996489009e+36
1036.7528899486806,1.8051326207399217e+36
1036.54333528549,1.8055868026593373e+36
1036.3338653180508,1.7984200634836604e+36
1036.1244799950266,1.7922323762039373e+36
1035.9151792651217,1.791471362592596e+36
1035.7059630770825,1.7842912930791214e+36
1035.496831379696,1.7807760630986103e+36
1035.2877841217912,1.7780749527583957e+36
1035.0788212522384,1.7712856455702026e+36
1034.8699427199488,1.7689913799115693e+36
1034.6611484738748,1.767026393686969e+36
1034.4524384630106,1.763496241840776e+36
1034.2438126363909,1.7589854085632807e+36
1034.0352709430917,1.754401903288157e+36
1033.8268133322306,1.753555207097152e+36
1033.618439752965,1.749355312424553e+36
1033.4101501544949,1.7469772440679537e+36
1033.2019444860593,1.742487393559008e+36
1032.9938226969402,1.7408400120153172e+36
1032.785784736459,1.73497406257977e+36
1032.577830553978,1.7267979386051192e+36
1032.3699600989012,1.7200600904992706e+36
1032.162173320672,1.7107557338995197e+36
1031.9544701687762,1.7057315132332242e+36
1031.7468505927386,1.698355598322242e+36
1031.5393145421253,1.689017907081744e+36
1031.3318619665436,1.6842417267105187e+36
1031.12449281564,1.6774856782803634e+36
1030.9172070391028,1.669615212504715e+36
1030.7100045866596,1.6632558707096626e+36
1030.502885408079,1.6540525726453568e+36
1030.2958494531704,1.656963066607355e+36
1030.0888966717828,1.6473400931886146e+36
1029.8820270138056,1.6446157700613966e+36
1029.6752404291685,1.6409728011730196e+36
1029.468536867842,1.6361963105529748e+36
1029.2619162798358,1.63641137673844e+36
1029.0553786152002,1.629488354475509e+36
1028.8489238240256,1.6230630891434e+36
1028.6425518564427,1.6142253237943697e+36
1028.4362626626214,1.6055968769488614e+36
1028.2300561927725,1.5942537900531943e+36
1028.0239323971462,1.5821016194804646e+36
1027.8178912260325,1.57427371886841e+36
1027.6119326297617,1.565479601045521e+36
1027.4060565587033,1.5605989329944664e+36
1027.2002629632673,1.5513903922815412e+36
1026.9945517939027,1.5460766408469557e+36
1026.7889230010987,1.5387132020931247e+36
1026.5833765353836,1.530921485971192e+36
1026.3779123473262,1.523243873958069e+36
1026.1725303875342,1.5140749718238563e+36
1025.9672306066543,1.508450177681682e+36
1025.762012955374,1.4993846916477488e+36
1025.5568773844197,1.4869872661804738e+36
1025.3518238445565,1.4804843786930614e+36
1025.14685228659,1.468714196604838e+36
1024.9419626613642,1.4609699739432315e+36
1024.737154919763,1.4487827371819963e+36
1024.5324290127091,1.443408596013186e+36
1024.327784891165,1.4331657055553318e+36
1024.123222506132,1.42516596815852e+36
1023.9187418086501,1.4143369787737774e+36
1023.714342749799,1.40965440170941e+36
1023.5100252806976,1.3983642525015644e+36
1023.3057893525032,1.3912187594871113e+36
1023.1016349164125,1.380063058187037e+36
1022.8975619236611,1.368394594433308e+36
1022.6935703255233,1.3611629592885665e+36
1022.4896600733125,1.3533151086244733e+36
1022.2858311183808,1.3448238822125957e+36
1022.0820834121188,1.337554490567623e+36
1021.8784169059566,1.3367010160595025e+36
1021.6748315513622,1.3322879492787333e+36
1021.4713272998426,1.3283831988249428e+36
1021.2679041029438,1.3234362076152244e+36
1021.0645619122497,1.3206374642126708e+36
1020.8613006793832,1.3191152133437823e+36
1020.6581203560055,1.3133001973626949e+36
1020.4550208938166,1.3141251909521456e+36
1020.2520022445544,1.3120729449764861e+36
1020.0490643599957,1.3094998771747474e+36
1019.8462071919555,1.3087884572775959e+36
1019.6434306922869,1.3072083250867144e+36
1019.4407348128817,1.3087851722726696e+36
1019.2381195056695,1.3128730871875487e+36
1019.0355847226184,1.3130954840599335e+36
1018.8331304157348,1.3127367432667945e+36
1018.6307565370629,1.3154015396759532e+36
1018.428463038685,1.3179543734437465e+36
1018.2262498727217,1.3220357063607406e+36
1018.0241169913315,1.3194961357324353e+36
1017.8220643467109,1.3219464267233085e+36
1017.6200918910943,1.3244558680124456e+36
1017.4181995767541,1.3263371581731894e+36
1017.2163873560003,1.3272408343283499e+36
1017.0146551811811,1.3272900663546617e+36
1016.8130030046824,1.32639983509627e+36
1016.6114307789276,1.3283788640226e+36
1016.4099384563782,1.326825142513118e+36
1016.2085259895331,1.3303285812205564e+36
1016.0071933309288,1.329463644645361e+36
1015.8059404331397,1.332308434691621e+36
1015.6047672487775,1.322019270825107e+36
1015.4036737304915,1.3157264427298664e+36
1015.2026598309687,1.3096043374673237e+36
1015.0017255029334,1.3040595488688638e+36
1014.800870699147,1.3011830942815712e+36
1014.600095372409,1.2947317670239438e+36
1014.3993994755555,1.2922432274656171e+36
1014.1987829614604,1.286744232808315e+36
1013.9982457830347,1.2856325125966267e+36
1013.7977878932268,1.2841882398857028e+36
1013.5974092450219,1.2796333719062807e+36
1013.3971097914429,1.2774659158514936e+36
1013.1968894855493,1.2724277455752314e+36
1012.9967482804379,1.2685194231541543e+36
1012.796686129243,1.2661476233372722e+36
1012.596702985135,1.2601698678601492e+36
1012.3967988013222,1.2548511208321789e+36
1012.1969735310491,1.249612293156881e+36
1011.9972271275976,1.242118851312905e+36
1011.7975595442864,1.2359024575677845e+36
1011.5979707344708,1.227183160162731e+36
1011.3984606515429,1.2194677059991439e+36
1011.1990292489319,1.2132743363823493e+36
1010.9996764801034,1.2089950736155184e+36
1010.80040229856,1.199030058293129e+36
1010.6012066578406,1.1906006436754598e+36
1010.4020895115211,1.1833725518238766e+36
1010.2030508132135,1.1736251799544405e+36
1010.0040905165666,1.1719945529467043e+36
1009.8052085752659,1.1632844127120447e+36
1009.6064049430329,1.1581640345995269e+36
1009.4076795736262,1.1533851607997778e+36
1009.2090324208401,1.1462960250723001e+36
1009.0104634385059,1.1400702907965384e+36
1008.8119725804906,1.1335344663333085e+36
1008.613559800698,1.1324259296715902e+36
1008.4152250530678,1.1271581091378264e+36
1008.2169682915763,1.119913545397687e+36
1008.0187894702357,1.116919787919276e+36
1007.8206885430943,1.112048161817947e+36
1007.622665464237,1.1080389704773272e+36
1007.4247201877839,1.1055095973276321e+36
1007.2268526678921,1.1002003149025222e+36
1007.0290628587541,1.0969045234187457e+36
1006.8313507145986,1.0958132975078217e+36
1006.6337161896901,1.0944651834458578e+36
1006.4361592383291,1.0893849793201945e+36
1006.238679814852,1.0875834799452936e+36
1006.0412778736311,1.0849114870216123e+36
1005.8439533690743,1.084953968269377e+36
1005.6467062556253,1.0858647218160085e+36
1005.4495364877637,1.0842237423878437e+36
1005.2524440200045,1.0823184350816104e+36
1005.0554288068987,1.0792853353664587e+36
1004.8584908030327,1.0740291850446285e+36
1004.6616299630284,1.0707940391062205e+36
1004.4648462415436,1.0649636343499315e+36
1004.2681395932715,1.06349382985118e+36
1004.0715099729402,1.0614628253634093e+36
1003.8749573353143,1.0576466605163175e+36
1003.6784816351931,1.052972176067688e+36
1003.4820828274111,1.0484069223673755e+36
1003.2857608668388,1.0466075137422838e+36
1003.0895157083818,1.0439356446188739e+36
1002.8933473069806,1.0404125000483439e+36
1002.6972556176113,1.037738066961799e+36
1002.5012405952851,1.0323179404388732e+36
1002.3053021950486,1.0266535489994664e+36
1002.1094403719829,1.0261133874120625e+36
1001.913655081205,1.0230082956581564e+36
1001.7179462778665,1.0154341615566403e+36
1001.5223139171541,1.0152171700099961e+36
1001.3267579542894,1.0119985075778738e+36
1001.1312783445293,1.01159749175801e+36
1000.9358750431653,1.0113469703441032e+36
1000.740548005524,1.01329885758298e+36
1000.545297186967,1.0132490389710497e+36
1000.35012254289,1.0134390651965715e+36
1000.1550240287244,1.0104154145368029e+36
999.960001599936,1.0079866303852917e+36
999.7650552120251,1.0061154762945208e+36
999.5701848205272,1.0034827204988353e+36
999.3753903810119,9.993471599858015e+35
999.1806718490838,9.939889235974e+35
998.9860291803819,9.91783456285855e+35
998.7914623305801,9.885660857414537e+35
998.596971255386,9.842340120584364e+35
998.4025559105431,9.832418421571363e+35
998.208216251828,9.787669163156755e+35
998.0139522350522,9.782589727866835e+35
997.8197638160618,9.742010418156942e+35
997.6256509507373,9.712896096228437e+35
997.4316135949929,9.747316611293771e+35
997.2376517047777,9.718683549346836e+35
997.0437652360749,9.746436655289926e+35
996.8499541449021,9.727701323672622e+35
996.6562183873106,9.696628575975862e+35
996.4625579193861,9.73552863676521e+35
996.2689726972488,9.701944484640556e+35
996.0754626770524,9.681775086826767e+35
995.882027814985,9.674244928614182e+35
995.6886680672686,9.69948583925388e+35
995.4953833901595,9.669069109438515e+35
995.3021737399474,9.672998092590309e+35
995.1090390729564,9.708432153112742e+35
994.9159793455443,9.707269088151633e+35
994.7229945141027,9.766876254568437e+35
994.5300845350572,9.756547555181753e+35
994.337249364867,9.776899299406319e+35
994.1444889600255,9.797004679383619e+35
993.9518032770592,9.816693267549238e+35
993.7591922725285,9.827441726329657e+35
993.5666559030278,9.8497226019923e+35
993.374194125185,9.853638649000242e+35
993.1818068956612,9.897135042176211e+35
992.9894941711517,9.879177503084584e+35
992.7972559083846,9.879318364786541e+35
992.6050920641223,9.887983226410973e+35
992.41300259516,9.894711874821312e+35
992.2209874583267,9.89496324778974e+35
992.0290466104848,9.922917582979988e+35
991.8371800085298,9.920510077878576e+35
991.6453876093909,9.903259716249752e+35
991.4536693700303,9.90423975852103e+35
991.2620252474437,9.90264977660029e+35
991.07045519866,9.88424041501032e+35
990.8789591807412,9.851900480184103e+35
990.6875371507826,9.895391954771703e+35
990.4961890659125,9.898452689141449e+35
990.3049148832926,9.889045200529714e+35
990.1137145601172,9.91685469152297e+35
989.9225880536143,9.929524809984394e+35
989.7315353210441,9.909866425622127e+35
989.5405563197007,9.943782235159817e+35
989.3496510069106,9.945203419578254e+35
989.1588193400332,9.951248235743016e+35
988.968061276461,9.937208392448924e+35
988.7773767736194,9.885556102010904e+35
988.5867657889663,9.880179431419827e+35
988.3962282799929,9.863746919564605e+35
988.2057642042226,9.851903384445793e+35
988.015373519212,9.865935989470186e+35
987.82505618255,9.842588255281564e+35
987.6348121518588,9.821606403813084e+35
987.4446413847922,9.83910592944639e+35
987.2545438390381,9.80308317550389e+35
987.0645194723153,9.85015401763012e+35
986.8745682423763,9.802219410889363e+35
986.6846901070058,9.841035765402199e+35
986.4948850240211,9.81912502666199e+35
986.3051529512715,9.768021209971024e+35
986.1154938466393,9.74162048613693e+35
985.9259076680387,9.746546121399967e+35
985.7363943734167,9.691727802551e+35
985.5469539207521,9.687782051379555e+35
985.3575862680567,9.652351389028628e+35
985.1682913733738,9.59224187403326e+35
984.9790691947795,9.56245416272917e+35
984.789919690382,9.554535747456583e+35
984.6008428183214,9.505126221822685e+35
984.4118385367702,9.483395306978067e+35
984.2229068039329,9.469570062982705e+35
984.0340475780462,9.407220757228066e+35
983.8452608173786,9.353763538186714e+35
983.6565464802309,9.295991772691929e+35
983.4679045249358,9.291351574722766e+35
983.2793349098578,9.23487249050199e+35
983.0908375933936,9.16614380202466e+35
982.9024125339715,9.16911730262233e+35
982.714059690052,9.098296645123932e+35
982.525779020127,9.065746992157055e+35
982.3375704827207,9.02960425958701e+35
982.1494340363886,8.992347524172038e+35
981.9613696397184,8.947334214221659e+35
981.7733772513291,8.924689417847546e+35
981.5854568298716,8.887883101270419e+35
981.3976083340285,8.87749429619446e+35
981.2098317225139,8.834834308972677e+35
981.0221269540733,8.815120461162877e+35
980.8344939874845,8.804511661242737e+35
980.646932781556,8.780044487212214e+35
980.459443295128,8.708311247422959e+35
980.2720254870726,8.67385526382374e+35
980.0846793162929,8.705712813084984e+35
979.8974047417234,8.65180368725228e+35
979.7102017223305,8.597404962307953e+35
979.5230702171112,8.590945248252536e+35
979.3360101850944,8.55202886076589e+35
979.1490215853402,8.539388173491158e+35
978.9621043769396,8.525661433717382e+35
978.7752585190151,8.508664506939699e+35
978.5884839707205,8.508637791494536e+35
978.4017806912408,8.474268163649577e+35
978.2151486397919,8.484046938156525e+35
978.0285877756206,8.450555191222094e+35
977.8420980580056,8.449769703784333e+35
977.6556794462558,8.412591376023203e+35
977.4693318997116,8.410372865407545e+35
977.2830553777443,8.388607555798965e+35
977.0968498397561,8.392807785372689e+35
976.9107152451802,8.333056512027312e+35
976.7246515534806,8.316942849729936e+35
976.5386587241522,8.321390465840476e+35
976.352736716721,8.285260260101228e+35
976.1668854907434,8.25740496150373e+35
975.9811050058071,8.252000125809097e+35
975.7953952215299,8.215315654970922e+35
975.6097560975609,8.188396764839697e+35
975.4241875935797,8.191392720652013e+35
975.2386896692965,8.14366645190898e+35
975.0532622844522,8.104607328722633e+35
974.8679053988184,8.076132492272829e+35
974.6826189721971,8.033708410911403e+35
974.4974029644211,8.003003882053434e+35
974.3122573353534,7.969727939779526e+35
974.1271820448878,7.960925143009631e+35
973.9421770529483,7.921284359291019e+35
973.7572423194897,7.88632903239136e+35
973.5723778044969,7.855156057254057e+35
973.3875834679853,7.839635993099062e+35
973.2028592700005,7.819430725253985e+35
973.0182051706188,7.797872765653708e+35
972.8336211299463,7.764234318515439e+35
972.6491071081196,7.775846067358767e+35
972.4646630653058,7.757070922577988e+35
972.2802889617018,7.70942680326084e+35
972.095984757535,7.729567397803808e+35
971.9117504130625,7.677804565802011e+35
971.727585888572,7.63342919971413e+35
971.543491144381,7.659519967145205e+35
971.3594661408373,7.560435737985485e+35
971.1755108383187,7.551438775653169e+35
970.9916251972326,7.506854163234753e+35
970.807809178017,7.457863557221047e+35
970.6240627411394,7.405412369792478e+35
970.4403858470973,7.36692324147076e+35
970.2567784564184,7.316668125197264e+35
970.07324052966,7.257292571034585e+35
969.8897720274091,7.232221232968648e+35
969.7063729102827,7.213648315771992e+35
969.5230431389277,7.156784741402401e+35
969.3397826740207,7.139088957375518e+35
969.1565914762677,7.117773473834782e+35
968.9734695064049,7.051222147527147e+35
968.7904167251977,7.038555253707511e+35
968.6074330934415,6.995023222623368e+35
968.4245185719611,6.960541394724218e+35
968.2416731216111,6.946179941628986e+35
968.0588967032754,6.904977140494785e+35
967.8761892778675,6.873257517266772e+35
967.6935508063306,6.874515581488723e+35
967.5109812496372,6.833431803130488e+35
967.328480568789,6.824992159115658e+35
967.1460487248179,6.790981015500344e+35
966.9636856787843,6.770302665803141e+35
966.7813913917785,6.725464202274026e+35
966.5991658249199,6.717116344281336e+35
966.4170089393573,6.679950331153009e+35
966.2349206962689,6.663492209048268e+35
966.0529010568617,6.638733778587745e+35
965.8709499823728,6.585447047017487e+35
965.6890674340676,6.5741692881399515e+35
965.507253373241,6.540832793524101e+35
965.3255077612171,6.532505701077377e+35
965.1438305593491,6.480547182284882e+35
964.9622217290192,6.450220840319444e+35
964.780681231639,6.4320250419217815e+35
964.5992090286486,6.409091579572424e+35
964.4178050815174,6.363006054591786e+35
964.2364693517437,6.343192704185312e+35
964.0552018008551,6.3128046547139724e+35
963.8740023904074,6.268401906728709e+35
963.6928710819861,6.2647282486038586e+35
963.5118078372051,6.2295743982537526e+35
963.3308126177069,6.2020908563220275e+35
963.1498853851637,6.179907348204473e+35
962.9690261012755,6.19956497993453e+35
962.7882347277715,6.204656664381325e+35
962.6075112264101,6.2189150012379555e+35
962.4268555589774,6.2277585497015865e+35
962.2462676872891,6.233563443787968e+35
962.0657475731891,6.275288628695138e+35
961.8852951785499,6.250334229654788e+35
961.7049104652727,6.283054451835662e+35
961.5245933952875,6.27662976227005e+35
961.3443439305526,6.2063938086793e+35
961.1641620330544,6.2146163692033675e+35
960.9840476648088,6.216957915723201e+35
960.8040007878592,6.1845147040820504e+35
960.6240213642783,6.176194692282256e+35
960.4441093561663,6.155368559133541e+35
960.2642647256524,6.138977287233239e+35
960.0844874348943,6.112740585230065e+35
959.9047774460773,6.111882973659705e+35
959.7251347214158,6.09230914552591e+35
959.5455592231519,6.041417863410011e+35
959.3660509135563,6.0514075413277674e+35
959.1866097549278,6.057778474109745e+35
959.0072357095934,6.063511437026134e+35
958.8279287399083,6.09638156329902e+35
958.6486888082559,6.102147107366574e+35
958.4695158770475,6.09025889087365e+35
958.2904099087228,6.079707671108662e+35
958.1113708657494,6.109441939354438e+35
957.9323987106229,6.113515696918173e+35
957.7534934058672,6.131775620078187e+35
957.5746549140338,6.1576530159438406e+35
957.3958831977021,6.186538000773033e+35
957.2171782194803,6.1791292536844486e+35
957.0385399420035,6.153102542825335e+35
956.859968327935,6.1218361619963135e+35
956.6814633399663,6.113203358015956e+35
956.5030249408163,6.110225025969679e+35
956.3246530932321,6.065077122935298e+35
956.1463477599881,6.05552520544984e+35
955.968108903887,6.03299715826976e+35
955.7899364877587,6.029174781456312e+35
955.6118304744613,6.0089829432157014e+35
955.4337908268801,5.96674536529498e+35
955.2558175079286,5.980456211456837e+35
955.0779104805475,5.956355706754338e+35
954.900069707705,5.964117308809713e+35
954.7222951523976,5.9326477175626905e+35
954.5445867776484,5.922749654850733e+35
954.3669445465086,5.919900882248252e+35
954.189368422057,5.918781929031606e+35
954.0118583673994,5.9319056351352094e+35
953.8344143456695,5.902596119659229e+35
953.6570363200282,5.883692611310557e+35
953.4797242536637,5.873815410981823e+35
953.3024781097919,5.882351305869747e+35
953.1252978516555,5.8669625317182534e+35
952.9481834425252,5.8585674439228335e+35
952.7711348456986,5.855066780707327e+35
952.5941520245007,5.8439460182792195e+35
952.4172349422835,5.828887342222596e+35
952.2403835624265,5.798941482017901e+35
952.0635978483363,5.808457843403541e+35
951.8868777634465,5.781324736861124e+35
951.7102232712183,5.7637266797922736e+35
951.5336343351396,5.767488472082581e+35
951.3571109187257,5.709565276977461e+35
951.1806529855182,5.686612733274931e+35
951.0042604990871,5.681539432055518e+35
950.8279334230281,5.6992482260251905e+35
950.6516717209646,5.675979789603052e+35
950.4754753565471,5.63094438526024e+35
950.2993442934525,5.600687635567744e+35
950.1232784953847,5.605725648365379e+35
949.947277926075,5.571116425777017e+35
949.7713425492813,5.5818650338412255e+35
949.595472328788,5.5596801668681005e+35
949.4196672284066,5.555742411364195e+35
949.2439272119756,5.51090952940274e+35
949.06825224336,5.511231321033914e+35
948.8926422864517,5.500853371940116e+35
948.7170973051691,5.492349349216947e+35
948.5416172634574,5.5014096754479894e+35
948.3662021252886,5.4786213551844744e+35
948.1908518546613,5.466266709882077e+35
948.0155664156006,5.435191099587115e+35
947.8403457721581,5.442987524523172e+35
947.6651898884124,5.426748807341746e+35
947.4900987284683,5.40676545244058e+35
947.3150722564571,5.373956972480027e+35
947.1401104365369,5.339839762166226e+35
946.9652132328919,5.3367764272608546e+35
946.7903806097329,5.3323660508431225e+35
946.6156125312974,5.306523244789495e+35
946.4409089618489,5.285309095036969e+35
946.2662698656775,5.27834112532922e+35
946.0916952070994,5.266780016136904e+35
945.9171849504576,5.26997767661644e+35
945.7427390601208,5.266633990534969e+35
945.5683575004845,5.3001707001430744e+35
945.3940402359704,5.312637868251438e+35
945.2197872310259,5.269303533899353e+35
945.0455984501252,5.241320342761152e+35
944.8714738577685,5.2435993349098206e+35
944.697413418482,5.1880717056482364e+35
944.5234170968183,5.177672023956434e+35
944.349484857356,5.175095859635706e+35
944.1756166646996,5.175432854762978e+35
944.00181248348,5.1964625796219334e+35
943.8280722783537,5.1722659545318745e+35
943.6543960140037,5.169213363203322e+35
943.4807836551389,5.1520106479930055e+35
943.3072351664937,5.147729713526201e+35
943.1337505128289,5.133960818055477e+35
942.9603296589312,5.1359574707364666e+35
942.786972569613,5.143684417054967e+35
942.6136792097126,5.155769963446184e+35
942.4404495440943,5.1470192512527364e+35
942.2672835376482,5.157015157751989e+35
942.09418115529,5.142148631851365e+35
941.9211423619614,5.160465054890779e+35
941.7481671226298,5.173286992694345e+35
941.5752554022879,5.183096254075003e+35
941.4024071659551,5.134858844833963e+35
941.2296223786755,5.1776681837346446e+35
941.0569010055192,5.180818053088065e+35
940.8842430115823,5.201525242122443e+35
940.7116483619858,5.175782042908943e+35
940.5391170218769,5.183547052757991e+35
940.3666489564281,5.209141364777602e+35
940.1942441308374,5.20453091012088e+35
940.0219025103285,5.203703355486624e+35
939.8496240601503,5.2212067483424124e+35
939.6774087455776,5.247074675688507e+35
939.5052565319103,5.2819619214532436e+35
939.3331673844738,5.260136630204897e+35
939.1611412686188,5.286030537362293e+35
938.9891781497217,5.321769775859751e+35
938.8172779931842,5.340328861766442e+35
938.6454407644328,5.3309173873953265e+35
938.47366642892,5.37604184042701e+35
938.3019549521231,5.3902406043559454e+35
938.130306299545,5.39728447632425e+35
937.9587204367136,5.38497035988357e+35
937.7871973291819,5.3724182845155886e+35
937.6157369425289,5.3721245612212606e+35
937.4443392423574,5.350486557466436e+35
937.2730041942966,5.349323778831328e+35
937.1017317640002,5.354600330368759e+35
936.9305219171473,5.342165555991928e+35
936.7593746194415,5.324542948427217e+35
936.5882898366121,5.324467407005877e+35
936.4172675344133,5.3187044857319616e+35
936.246307678624,5.335016864358251e+35
936.0754102350485,5.333120966524401e+35
935.9045751695157,5.311613237921709e+35
935.7338024478795,5.287958607858608e+35
935.5630920360192,5.32167402275808e+35
935.3924438998381,5.321016092820895e+35
935.2218580052653,5.3233053667766344e+35
935.051334318254,5.318364168420719e+35
934.8808728047828,5.3270072539787526e+35
934.7104734308548,5.3256970443249185e+35
934.5401361624978,5.3371265542187604e+35
934.3698609657646,5.33516629851464e+35
934.1996478067327,5.297203373988085e+35
934.0294966515042,5.283194895503223e+35
933.859407466206,5.2627005019176696e+35
933.6893802169893,5.260957550717349e+35
933.5194148700307,5.22300489952551e+35
933.3495113915308,5.223880306122257e+35
933.1796697477148,5.156537905440828e+35
933.009889904833,5.1786597988149495e+35
932.8401718291597,5.159399466067198e+35
932.6705154869938,5.157372109697564e+35
932.5009208446593,5.1499343847532525e+35
932.331387868504,5.086188870863466e+35
932.1619165249003,5.085095405942867e+35
931.9925067802454,5.088596065923638e+35
931.8231586009607,5.099109797196449e+35
931.6538719534918,5.0595474645292536e+35
931.484646804309,5.070476329413618e+35
931.3154831199068,5.0158024257978366e+35
931.1463808668042,4.9975003532127794e+35
930.9773400115441,4.946777803023251e+35
930.8083605206941,4.9392611563538934e+35
930.6394423608461,4.907080868762863e+35
930.470585498616,4.9015373123202704e+35
930.3017899006437,4.8793969919876625e+35
930.1330555335941,4.8806649865616085e+35
929.9643823641554,4.8488631009287425e+35
929.7957703590406,4.822503345090542e+35
929.6272194849865,4.801975421127243e+35
929.458729708754,4.775703989489375e+35
929.2903009971285,4.741951763898371e+35
929.1219333169188,4.724866802308443e+35
928.9536266349584,4.697336079137617e+35
928.7853809181042,4.655446732758788e+35
928.6171961332379,4.626811262996209e+35
928.4490722472646,4.61299953621245e+35
928.2810092271133,4.59817741541888e+35
928.1130070397371,4.595359479444583e+35
927.9450656521133,4.564017309409935e+35
927.7771850312429,4.598054000681387e+35
927.6093651441504,4.629574844116553e+35
927.4416059578849,4.627274468073062e+35
927.2739074395186,4.670651811588935e+35
927.1062695561478,4.668245428589834e+35
926.9386922748929,4.707258949808299e+35
926.7711755628976,4.716886783981303e+35
926.6037193873296,4.720573709261514e+35
926.4363237153802,4.7385839959286616e+35
926.2689885142645,4.768823945913271e+35
926.1017137512212,4.778371963848271e+35
925.9344993935129,4.804269954188867e+35
925.7673454084253,4.805848212166785e+35
925.6002517632685,4.818419773919206e+35
925.4332184253753,4.809457541328506e+35
925.266245362103,4.797671803250657e+35
925.0993325408315,4.790095936687868e+35
924.9324799289652,4.777023861870059e+35
924.7656874939312,4.767960004619047e+35
924.5989552031805,4.7494068069040905e+35
924.4322830241878,4.741936865370894e+35
924.2656709244505,4.736221324031045e+35
924.0991188714902,4.732169942035807e+35
923.9326268328513,4.693364554727443e+35
923.7661947761022,4.687755438810942e+35
923.599822668834,4.662566762224264e+35
923.4335104786617,4.652303079817702e+35
923.2672581732234,4.6390416078037755e+35
923.1010657201804,4.632256336597831e+35
922.9349330872172,4.609449577313574e+35
922.7688602420423,4.579781350994736e+35
922.6028471523863,4.568498269801454e+35
922.4368937860039,4.5473306707007014e+35
922.2710001106725,4.546300098375959e+35
922.105166094193,4.5324058618679145e+35
921.9393917043893,4.5246172724857156e+35
921.7736769091085,4.486157216561814e+35
921.6080216762207,4.4598466140785336e+35
921.442425973619,4.462255439814656e+35
921.2768897692201,4.431329422666493e+35
921.1114130309631,4.4178696938897325e+35
920.9459957268106,4.409813136318754e+35
920.7806378247478,4.388512919723697e+35
920.6153392927832,4.359560011472428e+35
920.4501000989484,4.344685786883102e+35
920.2849202112974,4.3454023566536975e+35
920.1197995979076,4.341686799033673e+35
919.9547382268793,4.302269958805837e+35
919.7897360663352,4.291211640221518e+35
919.6247930844215,4.2928177285636424e+35
919.459909249307,4.291215390678074e+35
919.295084529183,4.261883126828131e+35
919.1303188922641,4.276888800056113e+35
918.9656123067874,4.282717474083764e+35
918.800964741013,4.249421652909591e+35
918.6363761632233,4.255864101336581e+35
918.471846541724,4.235523853162244e+35
918.3073758448428,4.2545861183449446e+35
918.1429640409308,4.237889245626977e+35
917.9786110983613,4.232716302159392e+35
917.8143169855307,4.203003111178583e+35
917.6500816708572,4.203143723644043e+35
917.4859051227825,4.2220608797099074e+35
917.3217873097705,4.231920234848577e+35
917.1577282003071,4.240808869416733e+35
916.9937277629022,4.1993504310393364e+35
916.8297859660864,4.2017702628608734e+35
916.6659027784143,4.1902790787704374e+35
916.5020781684623,4.158955331770909e+35
916.3383121048291,4.1371092826037614e+35
916.1746045561363,4.117325642045707e+35
916.0109554910276,4.110032352584771e+35
915.8473648781694,4.096772335346985e+35
915.6838326862501,4.0968454301098295e+35
915.5203588839806,4.064636724921654e+35
915.3569434400944,4.043004483440815e+35
915.193586323347,4.0490965544868236e+35
915.0302875025162,4.023561942967918e+35
914.8670469464024,3.998981241566433e+35
914.7038646238279,3.98213339747763e+35
914.5407405036375,3.9491343718608055e+35
914.3776745546979,3.932864530198999e+35
914.2146667458985,3.9265338442649075e+35
914.0517170461504,3.931799212797611e+35
913.8888254243872,3.9232784519250394e+35
913.7259918495641,3.9044438341495306e+35
913.5632162906593,3.9055479830996294e+35
913.4004987166724,3.897809895452883e+35
913.2378390966251,3.904744381898214e+35
913.0752373995616,3.9217112440618706e+35
912.912693594548,3.926164461992305e+35
912.7502076506721,3.932769771502634e+35
912.5877795370442,3.909147534819964e+35
912.4254092227959,3.914211394558897e+35
912.2630966770816,3.910625968154052e+35
912.1008418690769,3.928462944926714e+35
911.93864476798,3.8765730429023396e+35
911.7765053430103,3.8704415134575025e+35
911.6144235634096,3.8580734176300236e+35
911.4523993984413,3.833624244061337e+35
911.2904328173911,3.862336692537614e+35
911.1285237895657,3.8649146661896416e+35
910.9666722842945,3.8531769661309934e+35
910.8048782709279,3.866108965377837e+35
910.6431417188389,3.851996108049635e+35
910.4814625974215,3.8669566980772344e+35
910.3198408760918,3.875128747736944e+35
910.1582765242875,3.891302260632065e+35
909.9967695114682,3.898347199134198e+35
909.835319807115,3.890044822867288e+35
909.6739273807303,3.8957362280942514e+35
909.512592201839,3.8719674650796654e+35
909.3513142399868,3.901673255835933e+35
909.1900934647415,3.894043741865656e+35
909.0289298456922,3.899386769080379e+35
908.8678233524498,3.880619578558228e+35
908.7067739546465,3.854386163269688e+35
908.5457816219359,3.883131896199096e+35
908.3848463239937,3.851209054740088e+35
908.2239680305163,3.8783107827043074e+35
908.0631467112223,3.864207770681263e+35
907.9023823358511,3.860939789405249e+35
907.7416748741642,3.8583330385890256e+35
907.5810242959441,3.856966165159535e+35
907.4204305709943,3.873340790898124e+35
907.2598936691404,3.8818346010682045e+35
907.0994135602291,3.890309182361797e+35
906.9389902141282,3.897785311795954e+35
906.7786236007272,3.8981246306944185e+35
906.6183136899365,3.920369347523104e+35
906.458060451688,3.925757310734515e+35
906.2978638559348,3.941423470284108e+35
906.1377238726513,3.931175843369899e+35
905.9776404718331,3.9223717207704424e+35
905.8176136234969,3.906187371991327e+35
905.6576432976806,3.906142652979131e+35
905.4977294644434,3.898113108608297e+35
905.3378720938655,3.868803254790107e+35
905.1780711560482,3.8503929669200444e+35
905.018326621114,3.848879453481478e+35
904.8586384592066,3.8381159098862946e+35
904.6990066404906,3.8273826931489364e+35
904.5394311351517,3.799282208216484e+35
904.3799119133965,3.784108480358119e+35
904.2204489454529,3.755912387366749e+35
904.0610422015694,3.74500563904844e+35
903.9016916520159,3.722256608636883e+35
903.7423972670829,3.6845372523892306e+35
903.5831590170822,3.638915945056161e+35
903.4239768723462,3.664180563473903e+35
903.2648508032281,3.6497229013768426e+35
903.1057807801027,3.634031504602361e+35
902.9467667733649,3.636318602681476e+35
902.7878087534306,3.639721067828395e+35
902.6289066907367,3.621652365539345e+35
902.470060555741,3.625463499791047e+35
902.3112703189219,3.608330599736395e+35
902.1525359507785,3.600383278611827e+35
901.993857421831,3.598767890050941e+35
901.8352347026198,3.592292668487655e+35
901.6766677637066,3.587832818954031e+35
901.5181565756735,3.582030417859257e+35
901.3597011091231,3.5949723262755605e+35
901.2013013346791,3.5822555712561925e+35
901.0429572229856,3.579194805893365e+35
900.8846687447073,3.5688693666366406e+35
900.7264358705295,3.5523528743809904e+35
900.5682585711584,3.545292072743278e+35
900.4101368173203,3.5611714136339755e+35
900.2520705797624,3.551015632033729e+35
900.0940598292522,3.532539795160033e+35
899.9361045365779,3.541913655936578e+35
899.7782046725481,3.542105219633268e+35
899.6203602079921,3.544030234708221e+35
899.4625711137594,3.5458894482244034e+35
899.3048373607202,3.538259199664956e+35
899.1471589197645,3.521449277563338e+35
898.9895357618037,3.49048664803504e+35
898.8319678577687,3.494605868154027e+35
898.6744551786115,3.468641771111813e+35
898.5169976953039,3.458818188976108e+35
898.3595953788382,3.4569052257281864e+35
898.2022482002271,3.429204180435648e+35
898.0449561305038,3.433431100526222e+35
897.8877191407215,3.4332649335760964e+35
897.7305372019534,3.407760026584847e+35
897.5734102852937,3.4175097452083435e+35
897.4163383618562,3.40434174912886e+35
897.2593214027752,3.381163616864975e+35
897.1023593792052,3.3929486608551354e+35
896.9454522623207,3.369164442913942e+35
896.7886000233166,3.366704754298005e+35
896.6318026334076,3.3828697447016206e+35
896.475060063829,3.3960426960850654e+35
896.3183722858358,3.3939619762652455e+35
896.1617392707035,3.406501391919824e+35
896.0051609897273,3.429974657579368e+35
895.8486374142225,3.4268063332425214e+35
895.6921685155245,3.433879419214917e+35
895.535754264989,3.435044805421612e+35
895.3793946339913,3.438407423083963e+35
895.2230895939267,3.412361307701973e+35
895.066839116211,3.4049804742142535e+35
894.9106431722792,3.4099312250697775e+35
894.7545017335868,3.394084490106226e+35
894.598414771609,3.3678348684889125e+35
894.4423822578409,3.374309938429096e+35
894.2864041637974,3.362599454578539e+35
894.1304804610136,3.366224857329124e+35
893.9746111210442,3.3544744190065126e+35
893.8187961154634,3.340413721700594e+35
893.6630354158661,3.337214877457971e+35
893.507328993866,3.338875276292176e+35
893.3516768210974,3.325971353631739e+35
893.1960788692138,3.3154422366076726e+35
893.0405351098885,3.3039850643280263e+35
892.8850455148151,3.3050247521229794e+35
892.7296100557063,3.2974167518027875e+35
892.5742287042946,3.2940593457895297e+35
892.4189014323323,3.2462717891400006e+35
892.2636282115914,3.204365119015049e+35
892.1084090138634,3.1545869345999916e+35
891.9532438109594,3.137317023324557e+35
891.7981325747103,3.1048244757061228e+35
891.6430752769666,3.0596386082156374e+35
891.4880718895981,3.029097801516494e+35
891.3331223844943,2.9921748048578407e+35
891.1782267335644,2.9584317514886154e+35
891.023384908737,2.9311860880027174e+35
890.8685968819599,2.8885877015659897e+35
890.7138626252009,2.851621380270156e+35
890.5591821104471,2.838576108225417e+35
890.404555309705,2.829457358641032e+35
890.2499821950004,2.8105122595696038e+35
890.0954627383787,2.8113377834503344e+35
889.9409969119047,2.8064060417802497e+35
889.7865846876626,2.798738768824114e+35
889.632226037756,2.7882069212176365e+35
889.4779209343076,2.780812119217975e+35
889.3236693494597,2.7767342968905356e+35
889.169471255374,2.7650640551222592e+35
889.015326624231,2.7761873123657926e+35
888.8612354282311,2.7601188016443137e+35
888.7071976395937,2.7732605789919208e+35
888.5532132305573,2.7660367683132187e+35
888.3992821733799,2.757328397136091e+35
888.2454044403387,2.753075374058299e+35
888.09158000373,2.7423295044207837e+35
887.9378088358691,2.7538337824136477e+35
887.7840909090908,2.7363064583579697e+35
887.630426195749,2.738871015622216e+35
887.4768146682168,2.7301481404966868e+35
887.3232562988859,2.7278926409937456e+35
887.1697510601679,2.7364619121637137e+35
887.0162989244927,2.7231545064423302e+35
886.8628998643098,2.705542429978304e+35
886.7095538520879,2.697275879943009e+35
886.5562608603142,2.7127569422702548e+35
886.4030208614951,2.692809343424356e+35
886.2498338281562,2.6969193459401147e+35
886.0966997328419,2.6761560077083188e+35
885.9436185481155,2.6916718191140523e+35
885.7905902465598,2.677055857111924e+35
885.6376148007757,2.6647636063982615e+35
885.4846921833838,2.6500923343494556e+35
885.331822367023,2.649024482218843e+35
885.1790053243517,2.650417530082878e+35
885.0262410280465,2.6264939738254576e+35
884.8735294508033,2.6231471339701382e+35
884.7208705653366,2.6069236680518616e+35
884.56826434438,2.5980609722211376e+35
884.4157107606859,2.600639379846552e+35
884.2632097870252,2.587090131700787e+35
884.1107613961877,2.5771857948942988e+35
883.958365560982,2.5595942093223322e+35
883.8060222542356,2.5476883941934412e+35
883.6537314487944,2.556922851041036e+35
883.5014931175233,2.5271803176625984e+35
883.3493072333057,2.5212772853159238e+35
883.1971737690438,2.500469934235168e+35
883.0450926976586,2.5144741394899977e+35
882.8930639920893,2.4866921700499267e+35
882.741087625294,2.4719567603585926e+35
882.5891635702496,2.4696467667019386e+35
882.4372917999515,2.4488223467511016e+35
882.2854722874132,2.434743501416575e+35
882.1337050056677,2.4285978097445e+35
881.9819899277657,2.399261179670882e+35
881.8303270267767,2.408973403654852e+35
881.678716275789,2.3975801614953074e+35
881.5271576479092,2.385892845977287e+35
881.3756511162622,2.3978141537034255e+35
881.2241966539916,2.3826274437941073e+35
881.0727942342596,2.3750014983940392e+35
880.9214438302464,2.3660303321790222e+35
880.770145415151,2.3605506005627377e+35
880.6188989621905,2.3555845847757155e+35
880.4677044446009,2.342680659668078e+35
880.316561835636,2.3441010281447e+35
880.1654711085683,2.322503429005688e+35
880.0144322366887,2.3134696278073037e+35
879.863445193306,2.3067855128635055e+35
879.7125099517477,2.3160587949702285e+35
879.5616264853596,2.3120105648405842e+35
879.4107947675058,2.293379419449453e+35
879.2600147715682,2.3003068201446828e+35
879.1092864709476,2.2872630549776305e+35
878.9586098390625,2.2860780645287327e+35
878.8079848493503,2.2844803154580826e+35
878.6574114752657,2.270794859182815e+35
878.5068896902823,2.262480696388413e+35
878.3564194678917,2.257786466559046e+35
878.2060007816033,2.2597832042519033e+35
878.0556336049452,2.2443826507924172e+35
877.9053179114632,2.247015662656425e+35
877.7550536747215,2.2418986670503168e+35
877.6048408683022,2.23447216804789e+35
877.4546794658055,2.222508671733775e+35
877.30456944085,2.2252983265048418e+35
877.1545107670717,2.214258974143506e+35
877.004503418125,2.2032447146349123e+35
876.8545473676826,2.1927390547584233e+35
876.7046425894348,2.2005994362180005e+35
876.5547890570899,2.19502272334686e+35
876.4049867443745,2.190641879375838e+35
876.2552356250328,2.193556065235344e+35
876.105535672827,2.184225099728598e+35
875.9558868615377,2.1855811937828332e+35
875.8062891649624,2.1832196948041122e+35
875.6567425569177,2.1662946972401006e+35
875.5072470112372,2.163025048869148e+35
875.3578025017725,2.1663246846194776e+35
875.2084090023936,2.1510893798514683e+35
875.0590664869878,2.1524646788562343e+35
874.9097749294604,2.128162250530802e+35
874.7605343037343,2.128502518567921e+35
874.6113445837506,2.132243013475263e+35
874.4622057434677,2.128835339312895e+35
874.3131177568622,2.1261021716536775e+35
874.1640805979282,2.1276933005834848e+35
874.0150942406775,2.1093926244131185e+35
873.8661586591397,2.098838045614737e+35
873.7172738273621,2.0987176396002543e+35
873.5684397194098,2.0980725125679697e+35
873.4196563093651,2.097392287860726e+35
873.2709235713287,2.073158320564631e+35
873.1222414794183,2.0818644516668738e+35
872.9736100077694,2.0530998546949675e+35
872.8250291305353,2.0489651235350294e+35
872.6764988218868,2.0379419531084497e+35
872.528019056012,2.0506779778168568e+35
872.3795898071168,2.0442645911817115e+35
872.2312110494249,2.0360492973271098e+35
872.0828827571772,2.0248694004855446e+35
871.9346049046321,2.022841158064847e+35
871.7863774660657,2.0162588330771204e+35
871.6382004157713,2.009660344436153e+35
871.4900737280602,2.0105534204865406e+35
871.3419973772606,2.0116233333420645e+35
871.1939713377183,2.0067626251338883e+35
871.0459955837968,2.019198588746661e+35
870.8980700898766,2.0200704640965534e+35
870.750194830356,2.012634291182542e+35
870.6023697796505,2.0110001546368093e+35
870.4545949121929,2.0127930803332082e+35
870.3068702024334,2.0092216370501777e+35
870.1591956248395,2.0084484646129406e+35
870.0115711538963,1.9943264134287878e+35
869.8639967641059,2.0034920954556904e+35
869.7164724299878,2.0095874483853046e+35
869.5689981260788,2.005704533214519e+35
869.4215738269329,1.998692919336549e+35
869.2741995071215,1.9990210344441048e+35
869.126875141233,2.0015732622151354e+35
868.9796007038734,1.9894259574578064e+35
868.8323761696655,1.990153110887392e+35
868.6852015132496,1.980257629791589e+35
868.5380767092829,1.969460927994394e+35
868.3910017324399,1.9586104681480483e+35
868.2439765574126,1.9491091297642456e+35
868.0970011589094,1.9372569492918403e+35
867.9500755116565,1.9351293575948063e+35
867.8031995903968,1.930191145343123e+35
867.6563733698905,1.9322584653021772e+35
867.5095968249148,1.92183317013667e+35
867.362869930264,1.913398224337659e+35
867.2161926607494,1.899110112913644e+35
867.0695649911992,1.8812077676905123e+35
866.922986896459,1.8792636445399864e+35
866.7764583513912,1.8645926305093135e+35
866.629979330875,1.8590836655790837e+35
866.4835498098068,1.866378112173506e+35
866.3371697631001,1.8498351359177628e+35
866.190839165685,1.8507463032337184e+35
866.0445579925087,1.8418005182026565e+35
865.8983262185353,1.848682631023371e+35
865.7521438187462,1.835898589478679e+35
865.6060107681388,1.8362943100368692e+35
865.4599270417282,1.8257037434853092e+35
865.3138926145459,1.822771399375485e+35
865.1679074616407,1.8344591976259246e+35
865.0219715580776,1.8433396073833765e+35
864.876084878939,1.833508111022688e+35
864.7302473993237,1.8485791429746955e+35
864.5844590943478,1.852035656314782e+35
864.4387199391434,1.863892127716191e+35
864.2930299088603,1.8501425826961837e+35
864.1473889786643,1.8501956410123287e+35
864.001797123738,1.852389006469835e+35
863.8562543192812,1.8464003022679044e+35
863.7107605405103,1.8418077487133658e+35
863.5653157626576,1.8289386692981886e+35
863.4199199609734,1.82504832838948e+35
863.2745731107235,1.8252256261653098e+35
863.1292751871911,1.8193959172517957e+35
862.9840261656756,1.829496830805725e+35
862.8388260214933,1.8106569532092253e+35
862.6936747299768,1.8181926543201618e+35
862.5485722664757,1.809095957686281e+35
862.4035186063559,1.8184425409169087e+35
862.258513725,1.809668762998642e+35
862.1135575978067,1.8083170305874245e+35
861.9686502001922,1.8053295505887255e+35
861.8237915075883,1.8000236920811678e+35
861.6789814954438,1.7811078602651567e+35
861.5342201392239,1.7843347125408297e+35
861.3895074144101,1.780329800605045e+35
861.2448432965007,1.771301425556056e+35
861.1002277610103,1.776547641001559e+35
860.9556607834696,1.7549521455201063e+35
860.8111423394264,1.7608769662251387e+35
860.6666724044444,1.756631249287341e+35
860.522250954104,1.7589008212528387e+35
860.3778779640018,1.747009902482691e+35
860.2335534097507,1.7364817068187914e+35
860.0892772669803,1.7197618242666605e+35
859.9450495113363,1.7098387537770623e+35
859.8008701184805,1.7007400467683047e+35
859.6567390640917,1.695763975645954e+35
859.5126563238643,1.694478100806383e+35
859.3686218735095,1.7020715051342e+35
859.2246356887545,1.6950891234315704e+35
859.0806977453427,1.7000497470217943e+35
858.9368080190341,1.6956442329667552e+35
858.7929664856044,1.6894160183573665e+35
858.6491731208463,1.6942717711072458e+35
858.5054279005678,1.6957097547882756e+35
858.361730800594,1.691454990503411e+35
858.2180817967653,1.696655584920563e+35
858.074480864939,1.6814222494682083e+35
857.9309279809883,1.683870920680145e+35
857.7874231208021,1.6714576841344287e+35
857.6439662602863,1.678573108882803e+35
857.5005573753623,1.6762371027860245e+35
857.3571964419676,1.6645068732191447e+35
857.213883436056,1.655479760749011e+35
857.0706183335975,1.66356325531957e+35
856.9274011105779,1.63188280067244e+35
856.7842317429989,1.6128316757599322e+35
856.6411102068787,1.610107344844147e+35
856.4980364782513,1.6004838626325296e+35
856.3550105331666,1.5883215860236325e+35
856.2120323476905,1.5866083963524698e+35
856.0691018979052,1.5814045704885386e+35
855.9262191599084,1.572228204484762e+35
855.7833841098142,1.5594095111029464e+35
855.6405967237521,1.5585634290413469e+35
855.4978569778682,1.5614895797805333e+35
855.3551648483242,1.544140065701773e+35
855.2125203112973,1.539959200630181e+35
855.0699233429813,1.5395774839351577e+35
854.9273739195854,1.5287373348451138e+35
854.784872017335,1.530685410793084e+35
854.6424176124709,1.5277135019662522e+35
854.50001068125,1.5363707536155166e+35
854.3576511999453,1.5319279671315464e+35
854.2153391448451,1.5326306982345914e+35
854.0730744922536,1.5293827472326205e+35
853.930857218491,1.5297158415243047e+35
853.7886872998932,1.5353045512006857e+35
853.6465647128119,1.5370152503579556e+35
853.5044894336144,1.5439678459956498e+35
853.3624614386837,1.5374425010312516e+35
853.2204807044188,1.5379918325213087e+35
853.078547207234,1.5340486001960684e+35
852.9366609235598,1.5246276689688451e+35
852.7948218298419,1.523171908327332e+35
852.6530299025417,1.5238375643469846e+35
852.5112851181367,1.5308854436377089e+35
852.3695874531197,1.5156579965639078e+35
852.227936883999,1.509240673872165e+35
852.0863333872987,1.5125743187678431e+35
851.9447769395588,1.5245765576191431e+35
851.8032675173341,1.5146941113294419e+35
851.6618050971958,1.5028956530504249e+35
851.5203896557302,1.4904459370714576e+35
851.3790211695393,1.4834092605466911e+35
851.2376996152406,1.4772432968067535e+35
851.096424969467,1.459012647687199e+35
850.9551972088669,1.4610387443417431e+35
850.8140163101046,1.452532848397888e+35
850.6728822498596,1.440212643832249e+35
850.5317950048268,1.4407250100484752e+35
850.3907545517164,1.4388824023905518e+35
850.2497608672547,1.4199123698101105e+35
850.1088139281827,1.4244847038597135e+35
849.9679137112573,1.4122027120414646e+35
849.8270601932506,1.412775252205975e+35
849.6862533509501,1.4057492865646767e+35
849.5454931611587,1.400880038315472e+35
849.4047796006948,1.4038140873660851e+35
849.2641126463918,1.399967697822827e+35
849.123492275099,1.3951412813604844e+35
848.9829184636804,1.4012859303580263e+35
848.842391189016,1.397314678772818e+35
848.7019104280004,1.3976127777729864e+35
848.5614761575439,1.404075669836483e+35
848.4210883545721,1.4041372466671959e+35
848.2807469960258,1.4044564257117081e+35
848.1404520588609,1.4011776386331464e+35
848.0002035200488,1.4007687189167156e+35
847.8600013565759,1.3886962047076429e+35
847.7198455454442,1.3937593183080217e+35
847.5797360636701,1.3908460009092233e+35
847.4396728882862,1.3854897592045468e+35
847.2996559963397,1.389293079089178e+35
847.1596853648929,1.386535479547933e+35
847.0197609710234,1.394015706193067e+35
846.8798827918242,1.3841814747949436e+35
846.740050804403,1.39022993664898e+35
846.600264985883,1.3976100789135458e+35
846.460525313402,1.3846195558977807e+35
846.3208317641134,1.378282894496025e+35
846.1811843151855,1.3783346252390443e+35
846.0415829438017,1.382855884265863e+35
845.9020276271601,1.371370810910064e+35
845.7625183424746,1.3768398388146176e+35
845.6230550669733,1.3647174713422378e+35
845.4836377778998,1.3719101333081952e+35
845.3442664525128,1.3694252980937927e+35
845.2049410680854,1.369384283430167e+35
845.0656616019065,1.3658700776808509e+35
844.9264280312792,1.3643797069295111e+35
844.787240333522,1.3687219873219524e+35
844.6480984859683,1.3535478469520287e+35
844.5090024659662,1.3658014780958793e+35
844.3699522508791,1.3581979764050173e+35
844.230947818085,1.3614290614744505e+35
844.0919891449769,1.3683670437848058e+35
843.9530762089627,1.363918556510597e+35
843.8142089874651,1.3512299828628427e+35
843.6753874579216,1.3511828288995193e+35
843.5366115977848,1.3538751774657454e+35
843.3978813845218,1.3553455005220207e+35
843.259196795615,1.3529800438747798e+35
843.120557808561,1.3657508846988881e+35
842.9819644008717,1.3720112020953497e+35
842.8434165500732,1.3637501761709391e+35
842.7049142337073,1.3629311576907738e+35
842.5664574293297,1.3644754474917318e+35
842.4280461145113,1.3734828040643855e+35
842.2896802668373,1.3728157634104255e+35
842.1513598639083,1.3727820787455322e+35
842.013084883339,1.3638453596319164e+35
841.8748553027592,1.3609487687515872e+35
841.7366710998132,1.360670646313687e+35
841.5985322521598,1.3731308634163074e+35
841.4604387374727,1.3673351489777179e+35
841.3223905334404,1.3674853972062013e+35
841.1843876177658,1.372827839527094e+35
841.0464299681663,1.3697728798850289e+35
840.9085175623743,1.3618670718158108e+35
840.7706503781366,1.364292269020356e+35
840.6328283932143,1.3557279454544465e+35
840.4950515853837,1.3586418047534806e+35
840.3573199324353,1.36477031304948e+35
840.219633412174,1.351582186987126e+35
840.0819920024194,1.3527202242767685e+35
839.9443956810059,1.3471866175971335e+35
839.8068444257821,1.3442750772265506e+35
839.6693382146111,1.3590815212353566e+35
839.5318770253707,1.3535627620598645e+35
839.3944608359529,1.3488520826523136e+35
839.2570896242646,1.3589560152382377e+35
839.1197633682267,1.3516428565324258e+35
838.9824820457749,1.3591042629363669e+35
838.8452456348591,1.3555286757462742e+35
838.7080541134436,1.355510102975267e+35
838.5709074595075,1.351022129614895e+35
838.4338056510437,1.35376441661526e+35
838.2967486660602,1.350637217413208e+35
838.1597364825788,1.3558619692871573e+35
838.0227690786359,1.351597824081009e+35
837.8858464322819,1.3438768529629768e+35
837.7489685215825,1.3460442609224586e+35
837.6121353246166,1.3420418827260932e+35
837.4753468194779,1.3394745519299799e+35
837.3386029842748,1.3417115311476243e+35
837.2019037971291,1.3423145143689798e+35
837.0652492361779,1.3470264763570692e+35
836.9286392795717,1.3337911519222006e+35
836.792073905476,1.3382904085668894e+35
836.6555530920697,1.3311642780452728e+35
836.5190768175468,1.3385400006001513e+35
836.382645060115,1.3227309781117047e+35
836.2462577979963,1.3308639382390718e+35
836.109915009427,1.3364693386953883e+35
835.9736166726578,1.3396996051849733e+35
835.837362765953,1.3493991747954369e+35
835.7011532675915,1.3388665560496108e+35
835.5649881558662,1.3424806351788287e+35
835.4288674090844,1.33194047732911e+35
835.2927910055672,1.3401566356919892e+35
835.1567589236498,1.3448876109815195e+35
835.0207711416821,1.3389882977170767e+35
834.8848276380273,1.3301024047581686e+35
834.748928391063,1.3299996853550377e+35
834.6130733791814,1.3263758978833191e+35
834.4772625807877,1.32568803386711e+35
834.3414959743022,1.3212106472454122e+35
834.2057735381587,1.3064098065111973e+35
834.0700952508048,1.2909750338853692e+35
833.9344610907028,1.2902855913975572e+35
833.7988710363286,1.2777405782732784e+35
833.663325066172,1.271493526352344e+35
833.527823158737,1.2549265646126728e+35
833.3923652925415,1.2563887837604264e+35
833.2569514461175,1.2520289715278827e+35
833.1215815980105,1.2400865801536602e+35
832.9862557267804,1.2388194414313258e+35
832.850973811001,1.239333710367974e+35
832.7157358292599,1.238807138026739e+35
832.5805417601586,1.239826710958835e+35
832.4453915823121,1.2293215102224062e+35
832.3102852743502,1.2376718513406197e+35
832.1752228149159,1.241477600631157e+35
832.040204182666,1.235474694433133e+35
831.9052293562717,1.2357432024692288e+35
831.7702983144175,1.2342247518878529e+35
831.6354110358018,1.2289997687665064e+35
831.5005674991372,1.224602688622623e+35
831.3657676831498,1.2259722674464941e+35
831.2310115665795,1.221414337150447e+35
831.0962991281799,1.2250933243374967e+35
830.9616303467187,1.2220670533428472e+35
830.8270052009769,1.2119622351557705e+35
830.6924236697499,1.2112551127405143e+35
830.5578857318461,1.2147289331168952e+35
830.4233913660879,1.2048389777653607e+35
830.2889405513118,1.2044698519036789e+35
830.1545332663676,1.1969215442038025e+35
830.0201694901185,1.1998399790051129e+35
829.8858492014423,1.1993688979788696e+35
829.7515723792296,1.1910561987637004e+35
829.617339002385,1.1847258205545697e+35
829.483149049827,1.1802117673712835e+35
829.3490025004871,1.1677027665285435e+35
829.2148993333111,1.1534810461513016e+35
829.080839527258,1.1491523077720431e+35
828.9468230613005,1.1332547231708042e+35
828.812849914425,1.1239577222825973e+35
828.6789200656312,1.1141061754664136e+35
828.545033493933,1.1042138039720028e+35
828.411190178357,1.1072254472350783e+35
828.2773900979437,1.0900016157137475e+35
828.1436332317476,1.0889096077668381e+35
828.0099195588363,1.0865753615906328e+35
827.8762490582908,1.0947230829202975e+35
827.7426217092058,1.0764708073088941e+35
827.6090374906894,1.0889804691767204e+35
827.4754963818633,1.089222482800598e+35
827.3419983618628,1.0845974641445669e+35
827.2085434098364,1.0912300106072778e+35
827.0751315049458,1.0890417242826178e+35
826.941762626367,1.09190865376487e+35
826.8084367532886,1.0829537257884316e+35
826.675153864913,1.0911066725877578e+35
826.5419139404559,1.0961820543218498e+35
826.4087169591464,1.0879525571954857e+35
826.2755629002272,1.0843905160681471e+35
826.142451742954,1.0896838564247756e+35
826.0093834665961,1.0859700116990853e+35
825.8763580504362,1.067718072885075e+35
825.7433754737702,1.0814334277179997e+35
825.6104357159074,1.0710753025901811e+35
825.4775387561704,1.0705531431763156e+35
825.344684573895,1.0750628482057904e+35
825.2118731484308,1.0812173902914804e+35
825.07910445914,1.0737013376183893e+35
824.9463784853983,1.078100357265498e+35
824.8136952065952,1.0617715531143959e+35
824.6810546021325,1.0762414452766902e+35
824.5484566514262,1.064129587590898e+35
824.4159013339049,1.0665884177689688e+35
824.2833886290106,1.0675092754401124e+35
824.1509185161987,1.0723418878783377e+35
824.0184909749374,1.0702877606858863e+35
823.8861059847086,1.0572703873207763e+35
823.7537635250071,1.06740808311675e+35
823.6214635753407,1.0571662016083928e+35
823.4892061152308,1.0701957106849463e+35
823.3569911242116,1.054084508685139e+35
823.2248185818306,1.0595068179215516e+35
823.0926884676483,1.0536550012179574e+35
822.9606007612384,1.0561576568840032e+35
822.828555442188,1.0507890468015134e+35
822.6965524900967,1.059309745222538e+35
822.5645918845777,1.0441488069446248e+35
822.4326736052569,1.052147273513457e+35
822.3007976317737,1.0519261134467631e+35
822.16896394378,1.0472399349298623e+35
822.0371725209413,1.04192914701552e+35
821.9054233429358,1.0349992050226982e+35
821.773716389455,1.0450544685879237e+35
821.6420516402029,1.0295822017552539e+35
821.510429074897,1.0322953903204881e+35
821.3788486732677,1.0206727666909725e+35
821.2473104150583,1.027577324724312e+35
821.1158142800251,1.0177962654108784e+35
820.9843602479373,1.0139358814670143e+35
820.8529482985771,1.0190379410902098e+35
820.7215784117396,1.0155854102908617e+35
820.5902505672329,1.0127072032762183e+35
820.4589647448782,1.0013219945536006e+35
820.3277209245093,9.965657989582357e+34
820.1965190859729,9.780166910490526e+34
820.0653592091289,9.793111259997552e+34
819.9342412738498,9.772125315173785e+34
819.803165260021,9.716726961275704e+34
819.6721311475409,9.630193582792721e+34
819.5411389163207,9.528992922210382e+34
819.4101885462844,9.540219032915942e+34
819.2792800173687,9.492318079365782e+34
819.1484133095233,9.464410624106559e+34
819.0175884027109,9.492984552552612e+34
818.8868052769064,9.41203138339505e+34
818.7560639120983,9.479952469347282e+34
818.6253642882871,9.456292852171648e+34
818.4947063854864,9.366708465223502e+34
818.3640901837227,9.450089718019712e+34
818.2335156630351,9.447439554208554e+34
818.1029828034752,9.356794965485377e+34
817.972491585108,9.397717934596842e+34
817.8420419880104,9.303323484898045e+34
817.7116339922725,9.343381755302317e+34
817.5812675779972,9.417026601057005e+34
817.4509427252997,9.39330131817449e+34
817.320659414308,9.273463938574298e+34
817.1904176251628,9.308826704547697e+34
817.0602173380178,9.25678060280606e+34
816.9300585330387,9.142007821640779e+34
816.7999411904043,9.107379986899103e+34
816.6698652903058,9.12280645779428e+34
816.539830812947,9.035345945369594e+34
816.4098377385448,9.151044365558182e+34
816.2798860473279,9.08125343333491e+34
816.1499757195381,9.125951738318355e+34
816.02010673543,8.97033757309469e+34
815.8902790752699,9.051396972143008e+34
815.7604927193375,9.092754078820685e+34
815.6307476479249,9.047573127577674e+34
815.501043841336,9.120119327501308e+34
815.3713812798884,9.029900078654666e+34
815.2417599439113,9.105569001006853e+34
815.1121798137468,9.063154827337562e+34
814.9826408697494,9.105643211633162e+34
814.8531430922861,9.11963991209691e+34
814.7236864617364,9.107814715323047e+34
814.5942709584923,9.016890927520421e+34
814.4648965629581,9.078977804959826e+34
814.3355632555506,9.051521409388084e+34
814.2062710166992,8.993288366551268e+34
814.0770198268458,9.034894183282528e+34
813.9478096664442,9.039929537471399e+34
813.818640515961,8.977261360384325e+34
813.6895123558752,8.961761738003985e+34
813.5604251666782,8.882988602983983e+34
813.4313789288735,8.865117821953144e+34
813.3023736229774,8.894685730228174e+34
813.1734092295181,8.922508832078946e+34
813.0444857290365,8.838950178593605e+34
812.9156031020858,8.769621577429601e+34
812.7867613292315,8.79699269971495e+34
812.657960391051,8.842426259046422e+34
812.5292002681346,8.794476465472938e+34
812.4004809410847,8.75873028213628e+34
812.2718023905159,8.695316336647023e+34
812.1431645970551,8.704767223245025e+34
812.0145675413416,8.67039197363194e+34
811.886011204027,8.623162638947488e+34
811.7574955657747,8.599541160252078e+34
811.6290206072608,8.595999970358499e+34
811.5005863091735,8.520633112061311e+34
811.3721926522134,8.498708272265018e+34
811.2438396170928,8.426987598277293e+34
811.1155271845369,8.464364391978635e+34
810.9872553352824,8.455678845307737e+34
810.8590240500787,8.42543233435617e+34
810.730833309687,8.423950333047616e+34
810.602683094881,8.362292542987783e+34
810.4745733864464,8.360265740398707e+34
810.3465041651809,8.215954481886185e+34
810.2184754118947,8.269135299102715e+34
810.0904871074099,8.258435649513211e+34
809.9625392325605,8.256792568323531e+34
809.8346317681929,8.22128437474251e+34
809.7067646951656,8.194933581075415e+34
809.5789379943491,8.1964600789839815e+34
809.451151646626,8.116420948736665e+34
809.3234056328909,8.106553982808879e+34
809.1956999340505,8.1406288962088065e+34
809.0680345310236,8.0848246429423615e+34
808.9404094047412,8.144126671874173e+34
808.8128245361459,8.089523791204829e+34
808.6852799061925,8.027606307974346e+34
808.557775495848,8.047470116140486e+34
808.4303112860914,7.934775421619875e+34
808.3028872579132,7.854472097087753e+34
808.1755033923166,7.699648538913878e+34
808.0481596703163,7.570224884480875e+34
807.920856072939,7.473999039650752e+34
807.7935925812236,7.290282009774714e+34
807.6663691762207,7.174042474739501e+34
807.5391858389928,7.069123601680397e+34
807.4120425506146,6.978920476537889e+34
807.2849392921726,7.0274915089389285e+34
807.157876044765,7.021572349822477e+34
807.0308527895021,7.083936936929658e+34
806.9038695075062,6.935983677128095e+34
806.7769261799111,6.958928660778451e+34
806.6500227878631,6.888061896715247e+34
806.5231593125196,6.9257122552296335e+34
806.3963357350503,6.877950136298696e+34
806.2695520366369,6.933597558060865e+34
806.1428081984723,6.834729365597284e+34
806.0161042017619,6.890589099361488e+34
805.8894400277226,6.847651834481953e+34
805.762815657583,6.910098308620147e+34
805.6362310725838,6.881365967318749e+34
805.5096862539772,6.9017892705134045e+34
805.3831811830272,6.85912317723094e+34
805.25671584101,6.856619481435559e+34
805.1302902092131,6.785122397234399e+34
805.0039042689357,6.752696269531076e+34
804.877558001489,6.7935832196658505e+34
804.7512513881958,6.718837913500939e+34
804.6249844103909,6.748130306852569e+34
804.4987570494203,6.665259688076189e+34
804.3725692866421,6.753676845337206e+34
804.246421103426,6.739535753946844e+34
804.1203124811534,6.710941757686451e+34
803.9942434012172,6.686491192865055e+34
803.8682138450222,6.723465478348984e+34
803.7422237939847,6.651320576645243e+34
803.6162732295329,6.640726831395923e+34
803.4903621331061,6.562036234824708e+34
803.364490486156,6.59043428633586e+34
803.2386582701453,6.546745965373685e+34
803.1128654665483,6.506919275305888e+34
802.9871120568515,6.578990978083205e+34
802.8613980225523,6.420673489954259e+34
802.7357233451602,6.408136908760052e+34
802.6100880061961,6.393837923318286e+34
802.4844919871923,6.416970397271496e+34
802.3589352696929,6.387007547373768e+34
802.2334178352534,6.302792132030174e+34
802.1079396654408,6.312113734469854e+34
801.9825007418337,6.235959981008296e+34
801.8571010460225,6.280653271575561e+34
801.7317405596086,6.283177229690212e+34
801.6064192642054,6.231067485172518e+34
801.4811371414373,6.265989394006424e+34
801.3558941729407,6.232041521291618e+34
801.2306903403629,6.199797158114122e+34
801.105525625363,6.138237931092426e+34
800.9804000096119,6.15412682924728e+34
800.8553134747912,6.191656165522726e+34
800.7302660025945,6.224272796026927e+34
800.6052575747266,6.147086353854143e+34
800.4802881729038,6.112890005815851e+34
800.3553577788538,6.191912945551487e+34
800.2304663743158,6.164212930730643e+34
800.1056139410402,6.146293990358117e+34
799.980800460789,6.063903606354126e+34
799.8560259153353,6.096318943266057e+34
799.7312902864637,6.101962276086525e+34
799.6065935559704,6.091700281327532e+34
799.4819357056629,6.095650831478888e+34
799.3573167173593,6.083147511884933e+34
799.2327365728901,6.00776767444473e+34
799.1081952540965,6.105413949027766e+34
798.9836927428312,6.011562728282423e+34
798.8592290209582,5.9994751481452e+34
798.7348040703525,6.0285662569839865e+34
798.6104178729012,6.035789147121212e+34
798.4860704105017,5.963718351772508e+34
798.3617616650633,6.003867368603504e+34
798.2374916185063,5.958595584215464e+34
798.1132602527626,5.947634948589261e+34
797.9890675497746,5.930609790962919e+34
797.8649134914968,5.925209101274246e+34
797.7407980598944,5.914449547465275e+34
797.616721236944,5.893581206135579e+34
797.4926830046335,5.911309508845966e+34
797.3686833449617,5.881029554143065e+34
797.2447222399389,5.865338494390898e+34
797.1207996715863,5.850577955099218e+34
796.9969156219365,5.794162280257969e+34
796.8730700730334,5.747790902413481e+34
796.7492630069318,5.687361993091817e+34
796.6254944056975,5.5990130487176135e+34
796.5017642514078,5.61068621116551e+34
796.3780725261511,5.581778436856102e+34
796.2544192120267,5.602501398792875e+34
796.1308042911451,5.537154176020613e+34
796.007227745628,5.530053375424515e+34
795.8836895576081,5.583227755756801e+34
795.7601897092293,5.548116485349358e+34
795.6367281826465,5.523120087812791e+34
795.5133049600255,5.503103263791955e+34
795.3899200235436,5.502161444091434e+34
795.2665733553887,5.532165303061899e+34
795.1432649377603,5.438904486921983e+34
795.0199947528681,5.465453629904641e+34
794.8967627829336,5.452585372490642e+34
794.773569010189,5.443021059811353e+34
794.6504134168777,5.398594936338733e+34
794.5272959852537,5.36860097583065e+34
794.4042166975823,5.3245300169499615e+34
794.2811755361398,5.335474734851546e+34
794.1581724832135,5.315139533516428e+34
794.0352075211015,5.230388478597141e+34
793.912280632113,5.289008656881561e+34
793.7893917985681,5.267931540738079e+34
793.6665410027978,5.25673798084964e+34
793.543728227144,5.19473741586071e+34
793.4209534539598,5.180121343466663e+34
793.298216665609,5.143190204928899e+34
793.1755178444663,5.179973733328182e+34
793.0528569729173,5.097715581767628e+34
792.9302340333586,5.124698490831222e+34
792.8076490081977,5.158732605295298e+34
792.6851018798528,5.045935601303347e+34
792.5625926307531,5.043763814242609e+34
792.4401212433386,5.028610516216892e+34
792.3176877000603,4.970608513501351e+34
792.1952919833798,5.020623113064372e+34
792.0729340757697,5.005970661906217e+34
791.9506139597136,5.009086243396871e+34
791.8283316177053,4.974863066550476e+34
791.7060870322503,4.9888472107510845e+34
791.5838801858639,5.027392558280726e+34
791.4617110610733,4.95329534053982e+34
791.3395796404153,5.009250939624057e+34
791.2174859064387,4.942736099660611e+34
791.095429841702,4.954367148914114e+34
790.973411428775,4.92409609973662e+34
790.8514306502381,4.879879279495148e+34
790.7294874886828,4.860557741742131e+34
790.6075819267108,4.9028714440985045e+34
790.4857139469348,4.864304182123971e+34
790.3638835319782,4.839276263519069e+34
790.2420906644751,4.851377072922578e+34
790.1203353270703,4.812627051281495e+34
789.9986175024194,4.7622879890823195e+34
789.8769371731885,4.809112010952276e+34
789.7552943220543,4.805180326031452e+34
789.6336889317046,4.776996755484998e+34
789.5121209848375,4.727638980743066e+34
789.3905904641617,4.735123483146021e+34
789.2690973523969,4.689346815739135e+34
789.147641632273,4.655508459846284e+34
789.026223286531,4.626457707945611e+34
788.9048422979221,4.631100975942582e+34
788.7834986492084,4.614840787205458e+34
788.6621923231622,4.595812421914441e+34
788.5409233025672,4.580361873536519e+34
788.4196915702167,4.5440967503263265e+34
788.2984971089153,4.560446525791195e+34
788.1773399014779,4.536110101283337e+34
788.0562199307299,4.511842824600974e+34
787.9351371795074,4.5376743753610715e+34
787.8140916306571,4.532949441686513e+34
787.6930832670358,4.494992094883713e+34
787.5721120715116,4.452920558326082e+34
787.4511780269623,4.453564014634423e+34
787.330281116277,4.460106148319256e+34
787.2094213223544,4.439045040450486e+34
787.0885986281047,4.42597894749089e+34
786.9678130164477,4.378090587274814e+34
786.8470644703143,4.359281072471955e+34
786.7263529726456,4.331335822148151e+34
786.6056785063931,4.402671137731158e+34
786.4850410545191,4.396823561865145e+34
786.3644405999962,4.357603656470792e+34
786.243877125807,4.265337861389253e+34
786.1233506149451,4.233884387962835e+34
786.0028610504143,4.218780048088782e+34
785.8824084152288,4.201949792696593e+34
785.7619926924135,4.186401398781895e+34
785.6416138650033,4.162386664391675e+34
785.5212719160436,4.167649438811371e+34
785.4009668285903,4.165458680185734e+34
785.2806985857095,4.113612807866731e+34
785.1604671704781,4.105098507969387e+34
785.0402725659827,4.0764440431745693e+34
784.9201147553209,4.1089836549238473e+34
784.7999937216001,4.0873000488124006e+34
784.6799094479385,4.046036255106917e+34
784.5598619174643,4.079895737157353e+34
784.4398511133163,4.077883434954565e+34
784.3198770186434,4.066847232622437e+34
784.1999396166048,4.0418049007499745e+34
784.08003889037,4.0643309092731594e+34
783.960174823119,4.0414454378806795e+34
783.840347398042,4.029144169871898e+34
783.7205565983394,4.0342347901121975e+34
783.6008024072217,4.0139443804002647e+34
783.4810848079101,3.9926500017372325e+34
783.3614037836356,4.035355828261424e+34
783.2417593176399,3.9664574004496067e+34
783.1221513931745,4.0088770144181102e+34
783.0025799935012,3.999016831408059e+34
782.8830451018923,3.985635138262051e+34
782.7635467016303,3.919487320834413e+34
782.6440847760073,3.940353190630331e+34
782.5246593083265,3.944370471628203e+34
782.4052702819007,3.9119281750273403e+34
782.2859176800529,3.9110292048025467e+34
782.1666014861165,3.8719239799854056e+34
782.047321683435,3.8766573313837363e+34
781.928078255362,3.914391127540901e+34
781.8088711852614,3.8720988193497217e+34
781.6897004565068,3.8483124515010077e+34
781.5705660524825,3.9204412742565414e+34
781.4514679565825,3.870602985586714e+34
781.3324061522113,3.8086299686308037e+34
781.2133806227833,3.758959816618923e+34
781.0943913517231,3.6922104704140654e+34
780.9754383224648,3.5616359894797457e+34
780.8565215184536,3.4684255758084056e+34
780.7376409231442,3.4687761819938046e+34
780.6187965200014,3.4100607710040438e+34
780.4999882925002,3.3803202714531216e+34
780.3812162241255,3.3794380671654796e+34
780.2624802983723,3.3910762868183577e+34
780.1437804987461,3.3694627963601062e+34
780.0251168087613,3.364442692634551e+34
779.9064892119435,3.3567021838030234e+34
779.7878976918279,3.3364192300850567e+34
779.6693422319595,3.3208126552942694e+34
779.5508228158935,3.3073395778174105e+34
779.4323394271953,3.337324183331772e+34
779.3138920494397,3.3195046890231237e+34
779.1954806662122,3.297578149909711e+34
779.0771052611077,3.276681948234277e+34
778.9587658177315,3.268073632648646e+34
778.8404623196985,3.271364991682227e+34
778.7221947506338,3.2238032964485315e+34
778.6039630941722,3.222299237764709e+34
778.4857673339587,3.2379172773664996e+34
778.3676074536482,3.204737764880567e+34
778.2494834369055,3.1757863275120848e+34
778.1313952674049,3.198998417069532e+34
778.0133429288312,3.1497683304134494e+34
777.895326404879,3.163083878831375e+34
777.7773456792526,3.0938221179977964e+34
777.6594007356658,3.124980395476988e+34
777.5414915578433,3.1279978692226718e+34
777.4236181295188,3.1023775115430837e+34
777.3057804344363,3.077139506682361e+34
777.1879784563494,3.091817252986791e+34
777.0702121790215,3.0816648183340497e+34
776.9524815862262,3.060956169040714e+34
776.8347866617468,3.0585333489835667e+34
776.7171273893762,3.034436265458236e+34
776.5995037529171,3.0168598731413837e+34
776.4819157361825,3.0219944485470513e+34
776.3643633229948,3.0072038237650853e+34
776.2468464971862,2.9855284947660423e+34
776.1293652425987,2.989912140422787e+34
776.0119195430842,2.990511564414312e+34
775.8945093825043,2.9936134276244186e+34
775.7771347447306,2.9866828874169233e+34
775.6597956136438,2.969440481167416e+34
775.5424919731353,2.984199475072264e+34
775.4252238071053,2.9717070093043233e+34
775.3079910994643,2.9484732691933476e+34
775.1907938341325,2.9544849672057463e+34
775.0736319950396,2.9444751757766966e+34
774.9565055661252,2.942312397161066e+34
774.8394145313384,2.934813724205125e+34
774.7223588746384,2.922152930625938e+34
774.6053385799936,2.8918437979250133e+34
774.4883536313823,2.898629706124771e+34
774.3714040127926,2.882789086343874e+34
774.2544897082222,2.884046093923676e+34
774.1376107016783,2.8879180108994132e+34
774.0207669771781,2.8593434311867765e+34
773.9039585187478,2.8382122440319165e+34
773.7871853104241,2.835592736630962e+34
773.6704473362528,2.808280602338694e+34
773.553744580289,2.8208591106118554e+34
773.4370770265984,2.812188696174311e+34
773.3204446592557,2.8562409757155337e+34
773.203847462345,2.8444482145299496e+34
773.0872854199604,2.823877397377843e+34
772.9707585162055,2.8345229098285057e+34
772.854266735193,2.82028890888511e+34
772.7378100610464,2.806493046682972e+34
772.6213884778973,2.806398287977799e+34
772.5050019698878,2.820344819086489e+34
772.3886505211692,2.7931363920033365e+34
772.2723341159027,2.7933463580484682e+34
772.1560527382585,2.819709586005526e+34
772.0398063724167,2.798846100360919e+34
771.9235950025667,2.8087642025737563e+34
771.8074186129078,2.796255255479367e+34
771.6912771876483,2.789497124535785e+34
771.5751707110066,2.7689805646176077e+34
771.4590991672098,2.7939713718638243e+34
771.3430625404955,2.78741995378542e+34
771.22706081511,2.787720199065847e+34
771.1110939753091,2.755345471983425e+34
770.9951620053585,2.704082641901339e+34
770.879264889533,2.649876716769378e+34
770.7634026121173,2.6539770207894597e+34
770.6475751574048,2.637096348941826e+34
770.5317825096992,2.644381070150652e+34
770.4160246533128,2.627372131567892e+34
770.3003015725682,2.62909291527979e+34
770.1846132517966,2.6127757058014225e+34
770.068959675339,2.628894948788408e+34
769.953340827546,2.6081361336799903e+34
769.8377566927771,2.6156861599689876e+34
769.7222072554015,2.6100307787448465e+34
769.606692499798,2.6103907638393116e+34
769.4912124103544,2.623160447662277e+34
769.3757669714678,2.622653298647519e+34
769.260356167545,2.6331990619633473e+34
769.1449799830019,2.614740009535204e+34
769.0296384022641,2.6265892522592828e+34
768.9143314097661,2.6300103224670185e+34
768.7990589899518,2.6463360169308535e+34
768.6838211272749,2.6435711547921585e+34
768.5686178061977,2.61602647485003e+34
768.4534490111926,2.6218574605635863e+34
768.3383147267405,2.612400429142629e+34
768.2232149373323,2.6181503606249406e+34
768.1081496274677,2.614112137939486e+34
767.9931187816558,2.6122107034558086e+34
767.8781223844153,2.600742163064347e+34
767.7631604202736,2.6025561837226507e+34
767.648232873768,2.5933990052833664e+34
767.5333397294445,2.6163269231974894e+34
767.4184809718588,2.5883572510635655e+34
767.3036565855755,2.6103901869897416e+34
767.1888665551686,2.603959180648634e+34
767.0741108652213,2.629106062701316e+34
766.959389500326,2.6237580269035214e+34
766.8447024450844,2.661797046127678e+34
766.7300496841073,2.645213657196137e+34
766.6154312020147,2.6588882850137594e+34
766.500846983436,2.657963094244238e+34
766.3862970130094,2.6564676032819483e+34
766.2717812753828,2.6892507866565543e+34
766.1572997552128,2.705223439422511e+34
766.0428524371654,2.6954867074872197e+34
765.9284393059157,2.7155738299637905e+34
765.814060346148,2.697272539692826e+34
765.6997155425557,2.692039180238795e+34
765.5854048798413,2.7083863839816043e+34
765.4711283427168,2.667932600239738e+34
765.3568859159027,2.680545095807079e+34
765.242677584129,2.6455024588835534e+34
765.1285033321348,2.685775312994706e+34
765.0143631446681,2.6673075946349606e+34
764.9002570064864,2.678922449209506e+34
764.786184902356,2.6755424435490176e+34
764.6721468170522,2.6932176974623446e+34
764.5581427353596,2.6712877245957993e+34
764.444172642072,2.6673046601258647e+34
764.3302365219918,2.681015864288976e+34
764.2163343599307,2.6571541691360293e+34
764.1024661407095,2.666282679866177e+34
763.9886318491582,2.6617328715802516e+34
763.8748314701154,2.6818695073325526e+34
763.7610649884291,2.69510421328149e+34
763.6473323889562,2.6873831491683495e+34
763.5336336565626,2.684034064488886e+34
763.4199687761234,2.69709423837362e+34
763.3063377325223,2.7001533823851365e+34
763.1927405106524,2.702287971319256e+34
763.0791770954155,2.6901543252481657e+34
762.9656474717226,2.6773826786666263e+34
762.8521516244938,2.682472907605242e+34
762.7386895386576,2.682701626814096e+34
762.625261199152,2.729027363020751e+34
762.5118665909239,2.681033154984624e+34
762.3985056989288,2.7241642028718904e+34
762.2851785081317,2.7055856301432808e+34
762.171885003506,2.72600842040656e+34
762.0586251700344,2.7215949481453083e+34
761.9453989927083,2.7504920187254997e+34
761.832206456528,2.685766599962425e+34
761.719047546503,2.701275681399455e+34
761.6059222476515,2.7087110400674915e+34
761.4928305450004,2.701275566838815e+34
761.3797724235861,2.710799324018448e+34
761.2667478684531,2.684535966757846e+34
761.1537568646554,2.700319210950368e+34
761.0407993972558,2.684628030213953e+34
760.9278754513253,2.6970218569125e+34
760.8149850119448,2.687514537727383e+34
760.7021280642033,2.659773200639642e+34
760.5893045931988,2.682881966868488e+34
760.4765145840383,2.645531671615042e+34
760.3637580218377,2.644465903030261e+34
760.2510348917212,2.6822761395714775e+34
760.1383451788225,2.641631519509159e+34
760.0256888682839,2.647600158579058e+34
759.9130659452559,2.6480106360789287e+34
759.8004763948987,2.673407195155976e+34
759.6879202023808,2.661834980689933e+34
759.5753973528798,2.635853993836523e+34
759.4629078315816,2.6804366073837045e+34
759.3504516236811,2.6496948135340794e+34
759.2380287143823,2.672878367936393e+34
759.1256390888974,2.640336731366977e+34
759.0132827324479,2.6513870438065986e+34
758.9009596302635,2.640916224366825e+34
758.7886697675831,2.6400074801879982e+34
758.6764131296541,2.6083858460752504e+34
758.5641897017325,2.6244408436818616e+34
758.4519994690837,2.6253984476934523e+34
758.3398424169808,2.590378045227289e+34
758.2277185307064,2.614793268194765e+34
758.1156277955514,2.613303393666279e+34
758.0035701968156,2.6075887711388472e+34
757.8915457198075,2.594259934092416e+34
757.7795543498441,2.58640311507106e+34
757.6675960722513,2.588243080671028e+34
757.5556708723633,2.6037191038227853e+34
757.4437787355234,2.5799316121233363e+34
757.3319196470833,2.582148386138991e+34
757.2200935924036,2.6033378276926925e+34
757.1083005568532,2.604955799957135e+34
756.9965405258098,2.6107126477513383e+34
756.8848134846598,2.595691891800076e+34
756.7731194187983,2.6136463795672926e+34
756.6614583136287,2.6137175994251015e+34
756.5498301545631,2.629602260490567e+34
756.4382349270226,2.6166273988556087e+34
756.3266726164366,2.635174375445931e+34
756.2151432082427,2.6203964220028997e+34
756.1036466878879,2.6260492053577623e+34
755.9921830408275,2.5949205650826607e+34
755.8807522525248,2.5978009700499877e+34
755.7693543084522,2.6237834284269277e+34
755.6579891940908,2.639725964068288e+34
755.5466568949299,2.592399756749591e+34
755.4353573964677,2.58425001854277e+34
755.3240906842103,2.619539498656533e+34
755.2128567436732,2.6344975145773235e+34
755.1016555603799,2.6139093884971067e+34
754.9904871198623,2.615529684964996e+34
754.8793514076614,2.63123033812315e+34
754.7682484093259,2.635376324206357e+34
754.657178110414,2.598664272401339e+34
754.5461404964914,2.608553289093469e+34
754.435135553133,2.595505962139102e+34
754.3241632659219,2.6201201022032154e+34
754.2132236204498,2.607255818874689e+34
754.1023166023166,2.572975740731279e+34
753.9914421971312,2.5740776064747078e+34
753.8806003905102,2.6107173915023974e+34
753.7697911680793,2.607853453218443e+34
753.6590145154727,2.597886603695757e+34
753.5482704183323,2.5544506505888884e+34
753.4375588623093,2.552407808675975e+34
753.3268798330629,2.5308201361533982e+34
753.2162333162605,2.5443589996290972e+34
753.1056192975784,2.551494225362908e+34
752.9950377627013,2.5507099806498243e+34
752.8844886973216,2.5255521379236964e+34
752.7739720871413,2.5209887806006764e+34
752.6634879178694,2.545477750674657e+34
752.5530361752245,2.5417752883543143e+34
752.4426168449329,2.5433563778089403e+34
752.3322299127295,2.5421590732683314e+34
752.2218753643574,2.538361367323631e+34
752.1115531855685,2.522070902717211e+34
752.0012633621225,2.4957246802840173e+34
751.8910058797877,2.531893010421055e+34
751.7807807243408,2.5319628058403095e+34
751.6705878815668,2.5396359387414786e+34
751.560427337259,2.524095467128523e+34
751.450299077219,2.5443890450262157e+34
751.3402030872569,2.5261727338939166e+34
751.2301393531909,2.519283528738051e+34
751.1201078608476,2.5060766958678424e+34
751.0101085960617,2.508663675105339e+34
750.9001415446767,2.5114646148084905e+34
750.7902066925438,2.5121412467883848e+34
750.6803040255231,2.504918915644681e+34
750.5704335294824,2.489442163775087e+34
750.4605951902981,2.495186131618321e+34
750.3507889938547,2.4963251555836567e+34
750.2410149260451,2.489824988777786e+34
750.1312729727704,2.456631747905158e+34
750.0215631199397,2.470415948100743e+34
749.911885353471,2.476906895980839e+34
749.80223965929,2.5069125854729784e+34
749.6926260233305,2.495765816278901e+34
749.583044431535,2.5069577317749174e+34
749.4734948698539,2.504886533496491e+34
749.3639773242461,2.481685655933371e+34
749.2544917806782,2.488548525380709e+34
749.1450382251256,2.4716206742294994e+34
749.0356166435714,2.476682015094592e+34
748.9262270220073,2.464609139946792e+34
748.8168693464327,2.455062360854493e+34
748.7075436028556,2.456441615433705e+34
748.5982497772922,2.4463887662253723e+34
748.4889878557663,2.4473587525214813e+34
748.3797578243104,2.4684874695620218e+34
748.2705596689651,2.4581868863747456e+34
748.161393375779,2.4443419144565214e+34
748.052258930809,2.4327227433411246e+34
747.9431563201197,2.418225377080599e+34
747.8340855297845,2.4072808824984013e+34
747.7250465458842,2.3896554898319394e+34
747.6160393545083,2.414993497070265e+34
747.5070639417544,2.423607946160042e+34
747.3981202937274,2.400980067516788e+34
747.2892083965415,2.3789129129546585e+34
747.1803282363182,2.3586993240342194e+34
747.0714797991872,2.3469394710045383e+34
746.9626630712864,2.3414002699958576e+34
746.8538780387618,2.3286001852967025e+34
746.7451246877673,2.3178983791328164e+34
746.6364030044649,2.303082711499422e+34
746.527712975025,2.294590889916673e+34
746.4190545856255,2.3159209296526355e+34
746.3104278224529,2.3209762773077734e+34
746.201832671701,2.307295333210679e+34
746.0932691195726,2.260821787027922e+34
745.984737152278,2.2559999388618464e+34
745.8762367560352,2.2914214085594432e+34
745.7677679170707,2.2840208629450484e+34
745.659330621619,2.2778472619561336e+34
745.5509248559223,2.277418451948957e+34
745.4425506062312,2.2855958305312426e+34
745.3342078588039,2.267087819622999e+34
745.2258965999068,2.264894443976511e+34
745.1176168158144,2.2667032900985007e+34
745.0093684928089,2.2470402387150217e+34
744.9011516171804,2.256618062268016e+34
744.7929661752275,2.2312231300645787e+34
744.6848121532562,2.256888317878126e+34
744.5766895375807,2.2290940668265466e+34
744.4685983145231,2.2389950303524267e+34
744.3605384704136,2.225213128735697e+34
744.25250999159,2.2216278794269256e+34
744.1445128643984,2.225466982911192e+34
744.0365470751923,2.2167161091130534e+34
743.928612610334,2.199302414916458e+34
743.8207094561927,2.210738463613853e+34
743.7128375991462,2.216756730888238e+34
743.60499702558,2.22889495254335e+34
743.4971877218876,2.20395982966528e+34
743.3894096744699,2.1864340438339447e+34
743.2816628697362,2.2079604877849367e+34
743.1739472941036,2.199247590808216e+34
743.0662629339971,2.2083202627019675e+34
742.9586097758495,2.199846578775114e+34
742.8509878061011,2.175247495949066e+34
742.7433970112006,2.187699251171037e+34
742.6358373776044,2.195089013541438e+34
742.5283088917765,2.1580683780132118e+34
742.4208115401891,2.163244392910832e+34
742.313345309322,2.180686114315305e+34
742.2059101856629,2.1773642420074727e+34
742.0985061557071,2.172550260543291e+34
741.9911332059581,2.163775080050928e+34
741.8837913229272,2.1651660940542847e+34
741.776480493133,2.1362607407846564e+34
741.6692007031024,2.1545761041273285e+34
741.5619519393699,2.1587514499981633e+34
741.4547341884779,2.1492903431251114e+34
741.3475474369762,2.1637971735488493e+34
741.240391671423,2.147688457656198e+34
741.1332668783838,2.1423421823841304e+34
741.026173044432,2.173386260279522e+34
740.9191101561487,2.133196337598324e+34
740.812078200123,2.1476049213091996e+34
740.7050771629514,2.1350354595486093e+34
740.5981070312386,2.150890921766645e+34
740.4911677915961,2.147656270930315e+34
740.3842594306445,2.1282019092003028e+34
740.2773819350111,2.1313221073961242e+34
740.1705352913311,2.1372199561948486e+34
740.0637194862478,2.1268322479523496e+34
739.9569345064117,2.1331673547630324e+34
739.8501803384814,2.119654504507969e+34
739.7434569691231,2.1338663523901425e+34
739.6367643850106,2.1115706538733646e+34
739.5301025728252,2.1099364381235177e+34
739.4234715192564,2.156825055939802e+34
739.3168712110011,2.138783547888151e+34
739.2103016347636,2.1394016619497083e+34
739.1037627772563,2.1551168066678635e+34
738.997254625199,2.13635367830371e+34
738.8907771653195,2.170973880316203e+34
738.7843303843526,2.133854461681261e+34
738.6779142690414,2.140975779278924e+34
738.5715288061361,2.121260016126885e+34
738.4651739823951,2.1163125849493814e+34
738.3588497845839,2.1480483477907084e+34
738.2525561994759,2.1068081270277554e+34
738.146293213852,2.121823821785292e+34
738.0400608145011,2.116407963779356e+34
737.9338589882188,2.132895522527572e+34
737.8276877218095,2.106251765383543e+34
737.7215470020841,2.1407855134053906e+34
737.6154368158617,2.103564796143805e+34
737.509357149969,2.1167902250306477e+34
737.4033079912397,2.1238905702899115e+34
737.2972893265159,2.127099648050696e+34
737.1913011426466,2.1030667679560217e+34
737.0853434264886,2.11566996114372e+34
736.9794161649065,2.0974238497007825e+34
736.873519344772,2.1281932757564534e+34
736.7676529529648,2.0929332333737173e+34
736.6618169763717,2.085276400074263e+34
736.5560114018871,2.098867954350987e+34
736.4502362164133,2.1038011389047897e+34
736.3444914068599,2.09027047809741e+34
736.2387769601437,2.112420857581382e+34
736.1330928631896,2.0972912973433047e+34
736.0274391029297,2.096720980375208e+34
735.9218156663036,2.098030782189078e+34
735.8162225402584,2.0757079636653973e+34
735.7106597117487,2.092901995170401e+34
735.6051271677363,2.068138986137162e+34
735.4996248951913,2.072070164986777e+34
735.3941528810905,2.0888272441522697e+34
735.2887111124184,2.08756864253102e+34
735.1832995761669,2.086533714215122e+34
735.0779182593355,2.086567989377129e+34
734.9725671489313,2.0654459999156945e+34
734.8672462319682,2.0699397685625535e+34
734.7619554954684,2.0577543869204535e+34
734.656694926461,2.0453635441698822e+34
734.5514645119824,2.0707411669108736e+34
734.446264239077,2.078152161859689e+34
734.3410940947961,2.0465483858985231e+34
734.2359540661987,2.0579261914824253e+34
734.1308441403511,2.0679698276435504e+34
734.0257643043271,2.0526662935042662e+34
733.9207145452077,2.0624191799539077e+34
733.8156948500815,2.0485334300911576e+34
733.7107052060444,2.0502196201765638e+34
733.6057456001996,2.0287210754218238e+34
733.5008160196578,2.0307488716405608e+34
733.3959164515372,2.0242778097654587e+34
733.2910468829631,2.0250967177215186e+34
733.1862073010683,2.0116555181539607e+34
733.0813976929929,2.0296794357130647e+34
732.9766180458844,1.9959178234191767e+34
732.8718683468976,2.0220056640659435e+34
732.7671485831947,2.004777981109715e+34
732.6624587419453,2.0081046158919414e+34
732.5577988103262,2.0166925889259591e+34
732.4531687755214,2.0130167924079232e+34
732.3485686247227,2.0153485684135791e+34
732.2439983451286,1.9857227198135804e+34
732.1394579239454,1.9947184243046032e+34
732.0349473483865,1.986047400682135e+34
731.9304666056726,1.9862537528943576e+34
731.8260156830316,1.9811723180512973e+34
731.721594567699,1.986941393900138e+34
731.6172032469171,1.9893933420055196e+34
731.5128417079362,1.9850574695632489e+34
731.4085099380131,1.9826823507925074e+34
731.3042079244125,1.9751241119273721e+34
731.1999356544057,1.9842128373992174e+34
731.0956931152718,1.9740041005953337e+34
730.9914802942972,1.9676197414629713e+34
730.887297178775,1.972579415788113e+34
730.7831437560061,1.9411275987224212e+34
730.6790200132984,1.9370047776735708e+34
730.5749259379669,1.944476914042531e+34
730.470861517334,1.9469596852536357e+34
730.3668267387296,1.962647282552613e+34
730.2628215894902,1.9508995179395404e+34
730.1588460569598,1.96011290014905e+34
730.0549001284897,1.9654007160532632e+34
729.9509837914384,1.9625870927953403e+34
729.8470970331716,1.9494445033447466e+34
729.743239841062,1.963834881301148e+34
729.6394122024897,1.9702343939299362e+34
729.5356141048416,1.9422561779935108e+34
729.4318455355124,1.9405364762140503e+34
729.3281064819035,1.954885721156483e+34
729.2243969314237,1.942052547775079e+34
729.1207168714889,1.9236590841341763e+34
729.0170662895218,1.9541296862057184e+34
728.913445172953,1.9356065406085358e+34
728.8098535092195,1.9455807108097817e+34
728.7062912857659,1.92375820559998e+34
728.6027584900437,1.9263528047587166e+34
728.4992551095118,1.929881570244008e+34
728.3957811316358,1.9189363236735156e+34
728.2923365438887,1.9267563436930707e+34
728.1889213337508,1.9397244564980595e+34
728.0855354887092,1.9015033553014236e+34
727.9821789962582,1.9151088390149406e+34
727.878851843899,1.9225610217927938e+34
727.7755540191406,1.915288592806488e+34
727.672285509498,1.9162827330226394e+34
727.5690463024941,1.9173082014209234e+34
727.4658363856588,1.90775212579233e+34
727.3626557465287,1.9197721397722685e+34
727.2595043726478,1.9151650467031352e+34
727.156382251567,1.9032449777914627e+34
727.0532893708445,1.9055846093478608e+34
726.9502257180451,1.9125210800028943e+34
726.8471912807411,1.8925036432511974e+34
726.7441860465116,1.9137309779835927e+34
726.6412100029429,1.8815708285101485e+34
726.5382631376282,1.8906046728035653e+34
726.4353454381677,1.879911813029182e+34
726.3324568921687,1.8898447132000945e+34
726.2295974872457,1.8812983908720036e+34
726.1267672110197,1.8866777210415142e+34
726.0239660511195,1.891170899148419e+34
725.9211939951799,1.9052797645904022e+34
725.8184510308438,1.8778404129853287e+34
725.71573714576,1.8800388318928578e+34
725.6130523275853,1.8805786776107696e+34
725.5103965639828,1.8754829695438543e+34
725.4077698426229,1.8910405132228691e+34
725.3051721511827,1.8746006453893558e+34
725.2026034773465,1.8697820731522633e+34
725.1000638088057,1.8743287098114251e+34
724.9975531332582,1.8816360882766626e+34
724.8950714384093,1.8685272231976884e+34
724.792618711971,1.8596422927787087e+34
724.6901949416625,1.8694751774041011e+34
724.5878001152096,1.855796622806653e+34
724.485434220345,1.8636070625235915e+34
724.3830972448089,1.8718585969085599e+34
724.280789176348,1.8394246653605271e+34
724.1785100027157,1.8402564166036425e+34
724.076259711673,1.8735861147631808e+34
723.974038290987,1.8455259108522146e+34
723.8718457284323,1.8612531783623819e+34
723.7696820117902,1.8333105035015763e+34
723.667547128849,1.83605442234075e+34
723.5654410674039,1.8484224309593684e+34
723.4633638152565,1.8474143975117978e+34
723.3613153602159,1.8427016914248348e+34
723.2592956900979,1.7980026445458295e+34
723.1573047927251,1.7945599226113e+34
723.0553426559269,1.8059850272464205e+34
722.9534092675399,1.795462224322186e+34
722.8515046154068,1.8035702069998891e+34
722.7496286873783,1.803037401068679e+34
722.6477814713109,1.7955732555084413e+34
722.5459629550686,1.790516799235311e+34
722.4441731265217,1.8090203131346195e+34
722.3424119735479,1.7805958965830803e+34
722.2406794840313,1.7916676540701365e+34
722.1389756458632,1.7932032786129667e+34
722.0373004469412,1.7866214233243958e+34
721.9356538751701,1.7829072572339918e+34
721.8340359184616,1.788595525969006e+34
721.7324465647341,1.7764709868553922e+34
721.6308858019124,1.784411403941912e+34
721.5293536179287,1.7720108216547376e+34
721.4278500007214,1.7711008437965647e+34
721.3263749382364,1.7674772677580452e+34
721.224928418426,1.7711734036517448e+34
721.1235104292489,1.773399928367158e+34
721.022120958671,1.7778534447648808e+34
720.9207599946652,1.7757948342218198e+34
720.8194275252107,1.7795274773399301e+34
720.7181235382935,1.7664033587826243e+34
720.6168480219069,1.7614899605698196e+34
720.51560096405,1.7764185865949805e+34
720.4143823527294,1.7720822843657716e+34
720.3131921759581,1.7650079348579437e+34
720.2120304217563,1.7729219339225478e+34
720.1108970781501,1.77835162358063e+34
720.009792133173,1.7786442473733608e+34
719.9087155748653,1.7767064010548301e+34
719.8076673912732,1.7849811765351144e+34
719.7066475704503,1.781818326637481e+34
719.605656100457,1.7640602224604988e+34
719.5046929693599,1.755961801976325e+34
719.4037581652327,1.7059366998189687e+34
719.3028516761555,1.6692492187480801e+34
719.2019734902152,1.648762222276659e+34
719.1011235955057,1.5987055760909508e+34
719.0003019801268,1.5425421719408857e+34
718.8995086321859,1.51859263345905e+34
718.7987435397963,1.4694252446254397e+34
718.6980066910785,1.4352015236374017e+34
718.5972980741592,1.3974543173004407e+34
718.4966176771723,1.3568021953507948e+34
718.3959654882578,1.311483916853355e+34
718.2953414955628,1.26581846355718e+34
718.1947456872406,1.2220304409597842e+34
718.0941780514515,1.1926915744167802e+34
717.9936385763623,1.1762627067136105e+34
717.8931272501463,1.1743943617949108e+34
717.7926440609837,1.1683352223897847e+34
717.6921889970611,1.1776031516560128e+34
717.5917620465718,1.1678700220913104e+34
717.4913631977155,1.1592683429242552e+34
717.390992438699,1.1541042274684779e+34
717.2906497577351,1.1506340355686574e+34
717.1903351430436,1.1435926154214582e+34
717.0900485828507,1.156858443393739e+34
716.9897900653895,1.1559625290210434e+34
716.8895595788991,1.15233836788014e+34
716.7893571116257,1.1418508561971202e+34
716.6891826518216,1.099383723339308e+34
716.5890361877464,1.0633090369664446e+34
716.4889177076653,1.0184967460579325e+34
716.388827199851,9.705896072514127e+33
716.288764652582,9.466473524497112e+33
716.188730054144,9.395668039240333e+33
716.0887233928285,9.426095947845335e+33
715.988744656934,9.375242791202966e+33
715.8887938347657,9.37513235991724e+33
715.788870914635,9.360792638083996e+33
715.6889758848599,9.30574587498645e+33
715.5891087337651,9.279947371521512e+33
715.4892694496815,9.198815592654729e+33
715.3894580209466,9.161790376501685e+33
715.2896744359047,9.257507696449291e+33
715.1899186829063,9.191694169620038e+33
715.0901907503084,9.190291154691923e+33
714.9904906264748,9.170030416284639e+33
714.8908182997752,9.188780580564894e+33
714.7911737585864,9.098541774221543e+33
714.6915569912916,9.09957377591175e+33
714.5919679862799,9.070336849060489e+33
714.4924067319475,9.064142872928676e+33
714.3928732166969,8.961412450743636e+33
714.2933674289367,8.96131971647494e+33
714.1938893570828,8.899726993461061e+33
714.0944389895564,8.892293003998323e+33
713.9950163147862,8.90462165212525e+33
713.8956213212067,8.948333403087816e+33
713.7962539972591,8.884487970945582e+33
713.6969143313909,8.765455864143287e+33
713.5976023120562,8.739806224492727e+33
713.4983179277154,8.729501696026868e+33
713.3990611668356,8.809144216771062e+33
713.2998320178896,8.755535390085816e+33
713.2006304693573,8.552925568829073e+33
713.1014565097249,8.525579892212504e+33
713.0023101274849,8.65547779186759e+33
712.903191311136,8.55488632414902e+33
712.8041000491836,8.51890079511448e+33
712.7050363301393,8.622200480447768e+33
712.6060001425212,8.578825611862199e+33
712.5069914748539,8.583098061472512e+33
712.408010315668,8.676658240446559e+33
712.3090566535008,8.663834998357104e+33
712.2101304768959,8.708716618006353e+33
712.1112317744032,8.67524773964435e+33
712.0123605345789,8.610934439305347e+33
711.9135167459857,8.65398457646234e+33
711.8147003971926,8.709772046681866e+33
711.7159114767749,8.682577263231131e+33
711.6171499733143,8.71726604966896e+33
711.518415875399,8.696646023252383e+33
711.419709171623,8.76115615414423e+33
711.321029850587,8.802291761496497e+33
711.2223779008982,8.797518111184916e+33
711.12375331117,8.715986418671655e+33
711.0251560700218,8.758265775918063e+33
710.9265861660796,8.60191837273523e+33
710.8280435879757,8.527956126550151e+33
710.7295283243485,8.539557435833106e+33
710.6310403638431,8.427722187030227e+33
710.5325796951105,8.500580625856241e+33
710.4341463068082,8.469316006694632e+33
710.3357401875996,8.338577207805299e+33
710.2373613261552,8.298187046949126e+33
710.1390097111511,8.260958519518439e+33
710.0406853312696,8.13817105170472e+33
709.9423881751997,7.958662773918465e+33
709.8441182316365,7.983159650836627e+33
709.7458754892812,7.83294576341671e+33
709.6476599368414,7.705667150249189e+33
709.549471563031,7.577338301452673e+33
709.4513103565703,7.504045031683396e+33
709.3531763061852,7.456102713950678e+33
709.2550694006086,7.477168917200609e+33
709.156989628579,7.547271382418722e+33
709.0589369788416,7.515835130451317e+33
708.9609114401478,7.490294124934571e+33
708.8629130012548,7.473935308360129e+33
708.7649416509262,7.46874468039068e+33
708.6669973779321,7.430205442013136e+33
708.5690801710485,7.425522353137985e+33
708.4711900190579,7.309774229439178e+33
708.3733269107486,7.307346660941437e+33
708.2754908349152,7.339388435069787e+33
708.1776817803586,7.332183788663729e+33
708.0798997358862,7.27223220346034e+33
707.982144690311,7.271496771213894e+33
707.8844166324523,7.213941962021042e+33
707.7867155511359,7.215299383745762e+33
707.6890414351934,7.257643608520552e+33
707.5913942734628,7.158544852007388e+33
707.4937740547883,7.09863520170491e+33
707.3961807680201,7.153841246906687e+33
707.2986144020144,7.060692283375194e+33
707.2010749456339,7.149627683909167e+33
707.1035623877473,7.093371134314723e+33
707.0060767172295,7.150098952984437e+33
706.9086179229611,7.062719847244232e+33
706.8111859938296,7.106697003880595e+33
706.7137809187279,7.081328245451405e+33
706.6164026865556,7.016446056290597e+33
706.519051286218,6.975478721373997e+33
706.4217267066267,6.926367584671872e+33
706.3244289366993,7.046732944363338e+33
706.2271579653597,6.962739896909542e+33
706.1299137815377,6.900415826594952e+33
706.0326963741691,6.889594862051521e+33
705.9355057321964,6.869426645697544e+33
705.8383418445674,6.881799964658288e+33
705.7412047002364,6.869841310592007e+33
705.644094288164,6.796055805141658e+33
705.5470105973161,6.793550655478143e+33
705.4499536166657,6.78538130115674e+33
705.3529233351908,6.753355585245882e+33
705.2559197418764,6.723394978054316e+33
705.158942825713,6.670390715105105e+33
705.0619925756972,6.73842510160039e+33
704.965068980832,6.650837361921285e+33
704.8681720301261,6.659847839613769e+33
704.7713017125943,6.672277534461098e+33
704.6744580172575,6.628646832353145e+33
704.5776409331427,6.559795198846356e+33
704.4808504492827,6.569580373409196e+33
704.3840865547166,6.529028413156209e+33
704.2873492384894,6.54892935119354e+33
704.190638489652,6.581202875381948e+33
704.0939542972615,6.54649592690451e+33
703.9972966503809,6.55934941869978e+33
703.9006655380792,6.544346838911269e+33
703.8040609494317,6.59405775487467e+33
703.7074828735192,6.5728847678316e+33
703.6109312994287,6.522130558484026e+33
703.5144062162533,6.544289259502494e+33
703.417907613092,6.463291437771609e+33
703.3214354790498,6.462748887301593e+33
703.2249898032377,6.486040645537731e+33
703.1285705747724,6.475621445510534e+33
703.0321777827772,6.399842445888481e+33
702.9358114163805,6.388792303135832e+33
702.8394714647175,6.415970522963454e+33
702.7431579169287,6.33169882881824e+33
702.646870762161,6.313753718567361e+33
702.5506099895672,6.220798415885932e+33
702.4543755883055,6.192911462887229e+33
702.3581675475409,6.059638416231038e+33
702.2619858564436,6.002693463249831e+33
702.1658305041902,5.911529163999671e+33
702.069701479963,5.759359908198421e+33
701.9735987729503,5.467331452476043e+33
701.8775223723461,5.193467836267675e+33
701.7814722673508,5.155861967953292e+33
701.6854484471701,5.128020741954988e+33
701.5894509010163,5.1506007377719084e+33
701.4934796181069,5.1260835035777545e+33
701.397534587666,5.095780886512112e+33
701.3016157989227,5.0904134807935455e+33
701.2057232411131,5.0500721789856955e+33
701.1098569034782,5.009565679956503e+33
701.0140167752654,5.0108200318132776e+33
700.9182028457278,4.9712893607988105e+33
700.8224151041247,4.9702603077376724e+33
700.7266535397207,4.952475427084911e+33
700.6309181417867,4.976280593362979e+33
700.5352088995993,4.932423863946206e+33
700.439525802441,4.912399823199477e+33
700.3438688396002,4.8940151514195e+33
700.2482380003711,4.8394021098190976e+33
700.1526332740538,4.8282550432789677e+33
700.057054649954,4.8475514340908567e+33
699.9615021173836,4.7871009222245435e+33
699.86597566566,4.7555330938429005e+33
699.7704752841069,4.7483829149017914e+33
699.6750009620532,4.7053685515373386e+33
699.579552688834,4.735248325138162e+33
699.4841304537904,4.673813911172836e+33
699.3887342462689,4.654312571953707e+33
699.2933640556219,4.678599573046889e+33
699.1980198712077,4.60654048900479e+33
699.1027016823907,4.6021264178171436e+33
699.0074094785406,4.6504984699294584e+33
698.912143249033,4.6181490759891395e+33
698.8169029832494,4.6456633162495914e+33
698.7216886705772,4.669890663208996e+33
698.6265003004095,4.68568972340924e+33
698.5313378621449,4.693846450208323e+33
698.4362013451881,4.663394404522705e+33
698.3410907389497,4.693793674974276e+33
698.2460060328455,4.619728955515233e+33
698.1509472162976,4.59057120844875e+33
698.0559142787338,4.569199181893825e+33
697.9609072095872,4.5232923882273743e+33
697.8659259982973,4.492113826700735e+33
697.7709706343087,4.4377135546107404e+33
697.6760411070724,4.50545438996091e+33
697.5811374060446,4.4771130286249964e+33
697.4862595206876,4.4941786136725927e+33
697.391407440469,4.45417225967439e+33
697.2965811548627,4.4460126712710833e+33
697.2017806533478,4.4059225286124105e+33
697.1070059254097,4.434159965452059e+33
697.0122569605387,4.3846420178235546e+33
696.9175337482316,4.397336015078437e+33
696.8228362779906,4.320980962564171e+33
696.7281645393234,4.373142632383236e+33
696.6335185217437,4.3175551982042345e+33
696.5388982147708,4.3022477877307436e+33
696.4443036079298,4.291523786252951e+33
696.3497346907511,4.263893894398869e+33
696.2551914527713,4.244294984036334e+33
696.1606738835324,4.2638284386179354e+33
696.066181972582,4.228056562364092e+33
695.9717157094735,4.2437731519499385e+33
695.8772750837663,4.232524224427043e+33
695.7828600850247,4.2314015471726397e+33
695.6884707028192,4.224613261234171e+33
695.5941069267261,4.1919235267661633e+33
695.4997687463269,4.172963842875519e+33
695.405456151209,4.1271584719367583e+33
695.3111691309654,4.118864745458234e+33
695.2169076751946,4.1316006692069623e+33
695.1226717735012,4.1173119733832826e+33
695.0284614154949,4.0914449023342447e+33
694.9342765907915,4.072668488658715e+33
694.8401172890118,4.075885993186388e+33
694.7459834997829,4.044515558676879e+33
694.6518752127372,4.0315244455581466e+33
694.5577924175127,3.976224952499244e+33
694.4637351037529,3.999273835708704e+33
694.3697032611072,3.99057101104319e+33
694.2756968792307,3.9345354961104886e+33
694.1817159477838,3.9404749977949575e+33
694.0877604564321,3.9135645830538325e+33
693.9938303948478,3.8795163461659075e+33
693.899925752708,3.8822127601903825e+33
693.8060465196954,3.8928088240732124e+33
693.7121926854987,3.8680688367101736e+33
693.6183642398116,3.8119346196028904e+33
693.524561172334,3.821296739871666e+33
693.4307834727707,3.8518095552149216e+33
693.3370311308328,3.788310672944043e+33
693.2433041362361,3.8323848868809343e+33
693.1496024787031,3.799876019176203e+33
693.0559261479605,3.792463448821453e+33
692.9622751337417,3.75447991063096e+33
692.8686494257852,3.71657697398191e+33
692.7750490138347,3.646410119669812e+33
692.6814738876402,3.6327248221138327e+33
692.5879240369565,3.597261780430326e+33
692.4943994515445,3.598738010500189e+33
692.4009001211701,3.569749304738517e+33
692.3074260356053,3.550602595156295e+33
692.2139771846273,3.5611918303504624e+33
692.1205535580187,3.532243145102213e+33
692.0271551455679,3.522772640476362e+33
691.9337819370686,3.5203275565727795e+33
691.8404339223201,3.514375526581486e+33
691.7471110911274,3.501601732170301e+33
691.6538134333003,3.481550748549159e+33
691.5605409386552,3.4748091238270634e+33
691.4672935970129,3.480603929196418e+33
691.3740713982003,3.4359605468414575e+33
691.2808743320498,3.467432533695466e+33
691.1877023883992,3.4294716443400184e+33
691.0945555570913,3.427646541431719e+33
691.0014338279752,3.456722788300225e+33
690.908337190905,3.403645218446164e+33
690.81526563574,3.445561965958166e+33
690.7222191523458,3.4318143438415436e+33
690.6291977305924,3.430992160283518e+33
690.5362013603564,3.4438313806251645e+33
690.4432300315187,3.415864786302525e+33
690.3502837339666,3.4008767526759995e+33
690.2573624575923,3.4294717385781233e+33
690.1644661922937,3.42455663034207e+33
690.0715949279737,3.4075602586056426e+33
689.9787486545414,3.4302904413943675e+33
689.8859273619107,3.388801629366509e+33
689.7931310400012,3.361621542348144e+33
689.7003596787376,3.392049501143997e+33
689.6076132680505,3.406690891858063e+33
689.5148917978756,3.394876965910867e+33
689.4221952581541,3.406798301936231e+33
689.3295236388327,3.395959653727736e+33
689.2368769298632,3.393998724644385e+33
689.1442551212033,3.3387756447397204e+33
689.0516582028155,3.3112740774552296e+33
688.9590861646682,3.364514886386303e+33
688.8665389967348,3.3033879308752124e+33
688.7740166889945,3.2805096398854024e+33
688.6815192314315,3.2746978873404534e+33
688.5890466140355,3.2705208305636096e+33
688.4965988268019,3.295645217635359e+33
688.4041758597308,3.232121877838316e+33
688.3117777028283,3.224207694430925e+33
688.2194043461055,3.2334675100598376e+33
688.1270557795792,3.2139299302753815e+33
688.0347319932711,3.199397691323515e+33
687.9424329772086,3.160416879629018e+33
687.8501587214241,3.161786671259063e+33
687.757909215956,3.112406677540608e+33
687.6656844508474,3.105030575702139e+33
687.573484416147,3.118631338857664e+33
687.4813091019088,3.0927548139962666e+33
687.3891584981923,3.12010035732061e+33
687.2970325950618,3.098375713354012e+33
687.2049313825877,3.1084358329110153e+33
687.1128548508451,3.0750003974147573e+33
687.0208029899146,3.049072084095414e+33
686.9287757898823,3.069689404062699e+33
686.8367732408394,3.002368054631621e+33
686.7447953328824,2.9997549695279053e+33
686.6528420561133,2.978511754300389e+33
686.5609134006392,2.9798599109280594e+33
686.4690093565727,2.9798037603091556e+33
686.3771299140313,2.942762714084267e+33
686.2852750631383,2.941266889139572e+33
686.1934447940218,2.910898300184809e+33
686.1016390968158,2.897247846797428e+33
686.009857961659,2.874231083476447e+33
685.9181013786954,2.8772394830921736e+33
685.8263693380746,2.8413111580301616e+33
685.7346618299515,2.8651566380806265e+33
685.6429788444858,2.821100977632522e+33
685.5513203718431,2.8377285820458846e+33
685.4596864021935,2.7804202514643504e+33
685.368076925713,2.800496391721806e+33
685.2764919325825,2.7997517961711325e+33
685.1849314129884,2.764074028933809e+33
685.0933953571222,2.7603299824523607e+33
685.0018837551803,2.7551985605735805e+33
684.9103965973652,2.743138881662486e+33
684.8189338738838,2.7338356476616124e+33
684.7274955749486,2.717006592166479e+33
684.6360816907774,2.7305857369696674e+33
684.5446922115927,2.7413793594565815e+33
684.4533271276232,2.746177104390386e+33
684.3619864291018,2.755746529076847e+33
684.2706701062673,2.7662280870625664e+33
684.1793781493632,2.7404444370463796e+33
684.0881105486386,2.7402754672204027e+33
683.9968672943479,2.7384793746933925e+33
683.9056483767499,2.7156608226182016e+33
683.8144537861097,2.718550067642381e+33
683.7232835126969,2.730669682827939e+33
683.6321375467861,2.708390923611867e+33
683.5410158786578,2.722712117247771e+33
683.4499184985972,2.707636371147375e+33
683.3588453968948,2.681654587802711e+33
683.2677965638463,2.6550418463068993e+33
683.1767719897524,2.629702244981129e+33
683.0857716649192,2.625478753177315e+33
682.9947955796578,2.607866145952357e+33
682.9038437242843,2.577365701005158e+33
682.8129160891208,2.578234269500383e+33
682.7220126644934,2.5957646784615523e+33
682.631133440734,2.5640986431390474e+33
682.5402784081797,2.5941952263751802e+33
682.4494475571722,2.5866139377368653e+33
682.3586408780591,2.5904036248017537e+33
682.2678583611927,2.5713941790220524e+33
682.1770999969302,2.578991238432192e+33
682.0863657756346,2.575318452983498e+33
681.9956556876732,2.567768588654639e+33
681.9049697234193,2.5537666456652828e+33
681.8143078732508,2.5551331266925438e+33
681.7236701275505,2.542041764474061e+33
681.6330564767069,2.544655225511482e+33
681.5424669111133,2.5134799948654323e+33
681.4519014211679,2.520618295561767e+33
681.3613599972746,2.5377053268541022e+33
681.2708426298417,2.5209268845886672e+33
681.1803493092831,2.5188112211235574e+33
681.0898800260177,2.5300213541482032e+33
680.9994347704692,2.518549715760062e+33
680.9090135330666,2.5219139132395e+33
680.8186163042443,2.5175252737837487e+33
680.7282430744411,2.5194065148686965e+33
680.6378938341013,2.517292716287864e+33
680.5475685736743,2.5070308431782247e+33
680.4572672836146,2.4944831832395386e+33
680.3669899543814,2.4842224218843435e+33
680.2767365764394,2.480331710348416e+33
680.1865071402578,2.4818313510560705e+33
680.0963016363116,2.481546169841029e+33
680.0061200550805,2.494832056906435e+33
679.915962387049,2.4825983132741487e+33
679.8258286227068,2.4900688812040856e+33
679.735718752549,2.4856421239050196e+33
679.6456327670752,2.499892299741365e+33
679.5555706567906,2.493299024802014e+33
679.4655324122047,2.5058823968878892e+33
679.3755180238326,2.5222705775512637e+33
679.2855274821942,2.4958999715771626e+33
679.1955607778148,2.501378831457479e+33
679.105617901224,2.4994880852472477e+33
679.0156988429574,2.463897110095073e+33
678.9258035935543,2.4743589458485677e+33
678.8359321435603,2.4756486139580055e+33
678.7460844835251,2.451549457006597e+33
678.6562606040042,2.437096916079058e+33
678.5664604955571,2.473270979239346e+33
678.4766841487492,2.4252928507066282e+33
678.3869315541506,2.4019624426010068e+33
678.297202702336,2.3588399481847903e+33
678.2074975838858,2.3556911017882189e+33
678.1178161893847,2.2806693384688704e+33
678.0281585094228,2.2424325699242543e+33
677.9385245345952,2.2598633036121183e+33
677.8489142555015,2.2265615720511224e+33
677.759327662747,2.2191639287038238e+33
677.6697647469412,2.2419568513960112e+33
677.5802254986991,2.2321980893403538e+33
677.4907099086404,2.1941543368149217e+33
677.4012179673899,2.180253292504084e+33
677.3117496655774,2.196299708893973e+33
677.2223049938374,2.1982605218068724e+33
677.1328839428094,2.1746427565608159e+33
677.0434865031381,2.1671888549934332e+33
676.954112665473,2.1853012155823113e+33
676.8647624204684,2.1868599489296674e+33
676.7754357587837,2.1702485882616924e+33
676.6861326710831,2.1837469552046758e+33
676.596853148036,2.1950480831587296e+33
676.5075971803163,2.1868930393150008e+33
676.4183647586033,2.185792003117767e+33
676.3291558735806,2.188130972384361e+33
676.2399705159373,2.1714136521531596e+33
676.1508086763672,2.168492066188632e+33
676.0616703455689,2.1455353545254305e+33
675.9725555142461,2.1085209827265485e+33
675.8834641731073,2.129170568994452e+33
675.7943963128658,2.1393395925866017e+33
675.70535192424,2.1143939854687142e+33
675.6163309979529,2.0738089972460323e+33
675.5273335247327,2.082939391022042e+33
675.4383594953125,2.0781855045807714e+33
675.3494089004299,2.0708310684038752e+33
675.2604817308277,2.079414332225118e+33
675.1715779772536,2.059721979934567e+33
675.0826976304597,2.0806136509442828e+33
674.9938406812038,2.07934190472688e+33
674.9050071202478,2.096341663091478e+33
674.816196938359,2.084767581849566e+33
674.727410126309,2.0589102056932e+33
674.6386466748747,2.0912865968894195e+33
674.5499065748379,2.0993139765277954e+33
674.4611898169849,2.0915780523747834e+33
674.3724963921071,2.114093333841565e+33
674.2838262910008,2.1136559779708765e+33
674.1951795044665,2.0845100113149753e+33
674.1065560233105,2.094918090568633e+33
674.0179558383436,2.0841295582149763e+33
673.9293789403808,2.0952529034060057e+33
673.8408253202429,2.0781118487387926e+33
673.7522949687548,2.0779395351797758e+33
673.6637878767466,2.073534306776694e+33
673.5753040350528,2.0803976305152032e+33
673.4868434345135,2.062791225149374e+33
673.3984060659728,2.0721928290264409e+33
673.3099919202801,2.0574898965772616e+33
673.2216009882893,2.0472356533937262e+33
673.1332332608594,2.039028452721853e+33
673.0448887288537,2.022518219058196e+33
672.9565673831412,2.0219720821421724e+33
672.8682692145946,2.001588598904843e+33
672.7799942140921,1.9990120170465053e+33
672.6917423725165,1.982701467069053e+33
672.6035136807554,1.9753483782615325e+33
672.5153081297012,1.9480138234653118e+33
672.4271257102512,1.9453071042222013e+33
672.3389664133069,1.91978807592432e+33
672.2508302297754,1.9143739772300377e+33
672.1627171505678,1.8995960881177907e+33
672.0746271666005,1.929995399460502e+33
671.9865602687946,1.930033822731675e+33
671.8985164480757,1.902324853624072e+33
671.8104956953742,1.9124722465997185e+33
671.7224980016256,1.9054518156680846e+33
671.6345233577697,1.896842428313523e+33
671.5465717547513,1.9198126758425552e+33
671.4586431835197,1.9201916470247727e+33
671.3707376350294,1.911611622049572e+33
671.2828551002393,1.9253831378361987e+33
671.1949955701131,1.9044269914463472e+33
671.107159035619,1.8950762489891546e+33
671.0193454877304,1.8837905530279724e+33
670.9315549174252,1.8750355480822432e+33
670.8437873156856,1.8602390031665833e+33
670.7560426734995,1.858812323353961e+33
670.6683209818585,1.8447693440428724e+33
670.5806222317594,1.8725229296087164e+33
670.4929464142037,1.856377763001696e+33
670.4052935201977,1.853321884991308e+33
670.317663540752,1.831074345438174e+33
670.2300564668823,1.822087545944068e+33
670.1424722896088,1.8214335779288058e+33
670.0549109999564,1.806949253021483e+33
669.9673725889548,1.8014175506411485e+33
669.8798570476386,1.789033515781097e+33
669.7923643670462,1.7730499073662768e+33
669.7048945382218,1.7679145131668712e+33
669.6174475522134,1.7636985707287744e+33
669.5300234000742,1.7513278947572e+33
669.4426220728622,1.7440525336961034e+33
669.3552435616392,1.7347812829968268e+33
669.2678878574727,1.7262788787445256e+33
669.1805549514343,1.712947413313583e+33
669.0932448346002,1.6838922230592828e+33
669.0059574980515,1.661854445447783e+33
668.918692932874,1.666527367269541e+33
668.8314511301579,1.673297539291795e+33
668.7442320809982,1.6734193620542396e+33
668.6570357764948,1.667425535085361e+33
668.5698622077515,1.6716521383824977e+33
668.4827113658773,1.6560721424751907e+33
668.395583241986,1.6764939648115252e+33
668.3084778271955,1.6589706631873597e+33
668.2213951126287,1.6419560350539755e+33
668.1343350894131,1.6425014683987086e+33
668.0472977486806,1.63316606358365e+33
667.960283081568,1.6311569959698875e+33
667.8732910792165,1.6253773328779225e+33
667.786321732772,1.632551457064121e+33
667.699375033385,1.6072684637060225e+33
667.6124509722107,1.6008237871313957e+33
667.5255495404086,1.6414920000877307e+33
667.4386707291434,1.6365346321973454e+33
667.3518145295837,1.6307049782689228e+33
667.2649809329032,1.636947054139941e+33
667.17816993028,1.6306710684823092e+33
667.0913815128965,1.6332139197128456e+33
667.0046156719404,1.6287671371611087e+33
666.9178723986035,1.6014718661627113e+33
666.8311516840821,1.6218333140166453e+33
666.7444535195773,1.6048078692374223e+33
666.6577778962948,1.591990431366597e+33
666.5711248054446,1.5937879956815752e+33
666.4844942382416,1.5964565647666677e+33
666.3978861859051,1.5974054700251998e+33
666.3113006396588,1.5839801646989117e+33
666.2247375907315,1.57351952256259e+33
666.138197030356,1.5763082869794132e+33
666.0516789497698,1.572866249757557e+33
665.9651833402149,1.5639643056462642e+33
665.8787101929383,1.555705325208705e+33
665.7922594991911,1.5505982123947704e+33
665.7058312502289,1.5445742412105295e+33
665.619425437312,1.5460028980375212e+33
665.5330420517053,1.5442477532618715e+33
665.4466810846782,1.5454254458528023e+33
665.3603425275044,1.5329842101398064e+33
665.2740263714625,1.5246505132851566e+33
665.1877326078352,1.5175634423375727e+33
665.1014612279104,1.5102812680667713e+33
665.0152122229797,1.525425263239569e+33
664.9289855843396,1.4946739895421885e+33
664.8427813032913,1.4946571078706342e+33
664.7565993711403,1.4816094878319897e+33
664.6704397791965,1.498520294432515e+33
664.5843025187745,1.4720214865266402e+33
664.4981875811933,1.4583614440359474e+33
664.4120949577766,1.449001089249323e+33
664.3260246398523,1.4649831832249933e+33
664.2399766187528,1.4340053307398036e+33
664.1539508858153,1.4312617046258678e+33
664.0679474323813,1.4458412037568314e+33
663.9819662497966,1.4455308645439557e+33
663.8960073294119,1.4262267897928608e+33
663.810070662582,1.42078834027942e+33
663.7241562406664,1.435787318989572e+33
663.6382640550289,1.4095299881407932e+33
663.552394097038,1.404314601311459e+33
663.4665463580662,1.4147272481213102e+33
663.3807208294912,1.4175160537194303e+33
663.2949175026947,1.3922522524306968e+33
663.2091363690625,1.4104619271396188e+33
663.123377419986,1.402079969072625e+33
663.0376406468595,1.3800634804499488e+33
662.9519260410831,1.3998855702508046e+33
662.8662335940608,1.382909918392008e+33
662.7805632972008,1.3748527541105778e+33
662.6949151419162,1.382145042198706e+33
662.6092891196242,1.3806331436135937e+33
662.5236852217466,1.3835702037399268e+33
662.4381034397098,1.381562544292224e+33
662.3525437649444,1.3583278428934204e+33
662.2670061888851,1.3794633645086188e+33
662.1814907029718,1.389781517505737e+33
662.0959972986484,1.3603596679494834e+33
662.0105259673629,1.3741809908873746e+33
661.9250767005682,1.3644759919721074e+33
661.8396494897216,1.358316009223302e+33
661.7542443262846,1.3573612788425907e+33
661.6688612017231,1.3685868183713408e+33
661.5835001075073,1.3632524983681545e+33
661.4981610351124,1.3510859684226627e+33
661.4128439760173,1.3481763508923578e+33
661.3275489217054,1.335151428912871e+33
661.2422758636651,1.335216075644465e+33
661.1570247933885,1.3243810797762028e+33
661.0717957023724,1.3231378814382344e+33
660.9865885821176,1.3130779844423787e+33
660.9014034241301,1.3166146959590078e+33
660.8162402199196,1.3107025251589118e+33
660.7310989610004,1.3021286330955595e+33
660.6459796388909,1.2985098631669127e+33
660.5608822451144,1.317130540301099e+33
660.475806771198,1.2904202729916408e+33
660.3907532086737,1.3000531700860022e+33
660.3057215490772,1.268457962955709e+33
660.2207117839494,1.278307110223583e+33
660.1357239048348,1.2581986203744971e+33
660.0507579032828,1.2418778375368309e+33
659.9658137708466,1.2384978485855269e+33
659.8808914990844,1.2263997726386994e+33
659.7959910795582,1.2230681166389263e+33
659.7111125038347,1.2218191621010678e+33
659.6262557634844,1.2289480352768873e+33
659.541420850083,1.2003545534701954e+33
659.4566077552097,1.2141701667370092e+33
659.3718164704487,1.188381778462748e+33
659.2870469873878,1.2012324583498925e+33
659.20229929762,1.202494260072764e+33
659.1175733927419,1.1650571993632365e+33
659.0328692643545,1.1747608848792147e+33
658.9481869040637,1.1552151034162579e+33
658.8635263034791,1.1697710395616077e+33
658.7788874542149,1.1550385091719284e+33
658.6942703478893,1.1398503607133283e+33
658.6096749761255,1.1593046258006683e+33
658.52510133055,1.1570224337474607e+33
658.4405494027944,1.126776286663192e+33
658.3560191844944,1.1376074000635694e+33
658.2715106672898,1.1337378834020274e+33
658.1870238428249,1.1073675023949336e+33
658.1025587027482,1.1223575174003343e+33
658.0181152387125,1.1159894068837035e+33
657.9336934423749,1.0877653055181002e+33
657.8492933053966,1.1051566773269689e+33
657.7649148194436,1.0909158998781167e+33
657.6805579761854,1.089090897703581e+33
657.5962227672965,1.0790191588917681e+33
657.511909184455,1.0744505708712372e+33
657.4276172193441,1.0712140676064681e+33
657.3433468636506,1.0772173235688705e+33
657.2590981090656,1.0525584536939681e+33
657.1748709472847,1.0470094819756902e+33
657.0906653700079,1.0447386139487183e+33
657.0064813689387,1.052222824062636e+33
656.9223189357858,1.0469622818766921e+33
656.8381780622617,1.0186862258083687e+33
656.754058740083,1.020823634703197e+33
656.6699609609708,1.0167388042571767e+33
656.5858847166504,1.0331249293914693e+33
656.5018299988512,1.0248822259541287e+33
656.4177967993069,1.0069842708189176e+33
656.3337851097555,1.0047385195386794e+33
656.2497949219392,1.0059449323137932e+33
656.1658262276043,9.891623662793607e+32
656.0818790185016,1.0034292185298993e+33
655.9979532863858,9.994231927673541e+32
655.914049023016,9.973929990691571e+32
655.8301662201557,9.887648787905979e+32
655.746304869572,9.825593646169562e+32
655.6624649630371,9.614748618447695e+32
655.5786464923265,9.520089141171784e+32
655.4948494492205,9.540448316706399e+32
655.4110738255034,9.493577093507832e+32
655.3273196129637,9.684515827125262e+32
655.2435868033942,9.681569964894299e+32
655.1598753885917,9.627527871366823e+32
655.0761853603575,9.576383779570663e+32
654.9925167104966,9.39410017763323e+32
654.9088694308188,9.396590273613003e+32
654.8252435131375,9.339316824079209e+32
654.7416389492706,9.343306939564258e+32
654.6580557310403,9.237716090118431e+32
654.5744938502726,9.193212425789943e+32
654.4909532987981,9.120091702037601e+32
654.4074340684512,9.2679268823402e+32
654.3239361510704,9.213858263348383e+32
654.2404595384988,9.089356277921896e+32
654.1570042225834,8.884322172715054e+32
654.0735701951755,8.873402055117641e+32
653.9901574481304,8.750526680188003e+32
653.9067659733075,8.694095228012366e+32
653.8233957625706,8.56964593557966e+32
653.7400468077874,8.702674257578688e+32
653.6567191008298,8.653565420099479e+32
653.5734126335741,8.617022829791844e+32
653.4901273979003,8.590357407726201e+32
653.406863385693,8.439306556446665e+32
653.3236205888406,8.55449646784755e+32
653.2403989992357,8.441645903411364e+32
653.1571986087752,8.372652229416577e+32
653.07401940936,8.327767710788104e+32
652.9908613928949,8.306870270147412e+32
652.9077245512891,8.163615603120582e+32
652.8246088764563,8.104290387589258e+32
652.7415143603133,8.230334416834998e+32
652.6584409947819,8.009443526685139e+32
652.5753887717879,7.969749639244707e+32
652.4923576832606,8.08474454468782e+32
652.4093477211342,7.86031232258584e+32
652.3263588773464,7.826396213543721e+32
652.2433911438393,7.87447228324542e+32
652.160444512559,7.673179453555508e+32
652.0775189754557,7.82199431567064e+32
651.994614524484,7.807667555407837e+32
651.9117311516021,7.650293041949873e+32
651.8288688487725,7.832410249374691e+32
651.7460276079618,7.621504378319298e+32
651.6632074211406,7.691072652509349e+32
651.5804082802838,7.520302558606937e+32
651.4976301773703,7.649044604787575e+32
651.4148731043828,7.676672261762518e+32
651.3321370533083,7.617608454964608e+32
651.2494220161379,7.622454467178541e+32
651.1667279848668,7.612130555603695e+32
651.0840549514943,7.609051801811422e+32
651.0014029080234,7.771583648472952e+32
650.9187718464613,7.597956650633531e+32
650.8361617588197,7.629309032715424e+32
650.7535726371137,7.708419069267058e+32
650.6710044733632,7.563854356804871e+32
650.5884572595913,7.504826442614316e+32
650.5059309878258,7.613652842359586e+32
650.4234256500982,7.50932447497809e+32
650.3409412384443,7.4979478927565e+32
650.2584777449036,7.481900865681127e+32
650.1760351615201,7.39877763434982e+32
650.0936134803412,7.347102199081439e+32
650.011212693419,7.30691977005771e+32
649.9288327928092,7.288654506796568e+32
649.8464737705717,7.197660344136511e+32
649.7641356187704,7.241139642345863e+32
649.6818183294732,7.229815064317131e+32
649.5995218947519,7.252440197461936e+32
649.5172463066825,7.253151057175103e+32
649.4349915573451,7.264938069457455e+32
649.3527576388235,7.235548474626715e+32
649.2705445432057,7.241048367422309e+32
649.1883522625836,7.225837522130225e+32
649.1061807890535,7.258753250255752e+32
649.0240301147151,7.37352093244489e+32
648.9419002316722,7.29832737205752e+32
648.8597911320333,7.273599600054955e+32
648.7777028079099,7.356482576957473e+32
648.6956352514183,7.293071037620488e+32
648.6135884546782,7.24364023499686e+32
648.5315624098137,7.212954687134152e+32
648.4495571089525,7.164701541908225e+32
648.3675725442268,7.211268808831406e+32
648.2856087077723,7.073545999724667e+32
648.2036655917288,7.121112510936404e+32
648.1217431882404,6.959071609474285e+32
648.0398414894547,7.034932210520938e+32
647.9579604875236,6.881014044160802e+32
647.8761001746026,6.959767433881404e+32
647.7942605428516,6.87614283283074e+32
647.7124415844341,6.865391812632454e+32
647.630643291518,6.89541732061814e+32
647.5488656562746,6.831131379506817e+32
647.4671086708796,6.728418980594488e+32
647.3853723275123,6.73098434353039e+32
647.3036566183563,6.790643958354919e+32
647.2219615355989,6.774066005583913e+32
647.1402870714313,6.713493930249986e+32
647.0586332180491,6.735977153660189e+32
646.9769999676512,6.716938599422573e+32
646.8953873124408,6.710142035008032e+32
646.8137952446249,6.689937089128404e+32
646.7322237564148,6.718300623042316e+32
646.6506728400251,6.648970003398545e+32
646.5691424876748,6.503892047957185e+32
646.4876326915867,6.478290014225704e+32
646.4061434439873,6.4059435043531586e+32
646.3246747371074,6.4063987736912856e+32
646.2432265631816,6.263132480615778e+32
646.1617989144482,6.198378336431315e+32
646.0803917831496,6.1217769233403006e+32
645.9990051615321,6.038125708946604e+32
645.9176390418457,6.004953102990334e+32
645.8362934163448,5.8859839906245715e+32
645.7549682772872,5.908929167042166e+32
645.6736636169347,5.903734171298684e+32
645.5923794275533,5.925201318497969e+32
645.5111157014123,6.003471602130853e+32
645.4298724307857,5.954520576900739e+32
645.3486496079507,5.967854076367295e+32
645.2674472251887,5.963469445365263e+32
645.1862652747848,6.016228261542519e+32
645.1051037490283,5.995916195429828e+32
645.0239626402122,5.993765307303937e+32
644.942841940633,6.024295975935952e+32
644.8617416425918,6.0504562842704636e+32
644.7806617383932,6.050600772468055e+32
644.6996022203455,6.0693431797098245e+32
644.6185630807611,6.119850412242832e+32
644.5375443119561,6.167340812522748e+32
644.4565459062509,6.1385437645854086e+32
644.3755678559693,6.146511527589342e+32
644.2946101534387,6.1473323362015456e+32
644.2136727909913,6.168659844128967e+32
644.1327557609624,5.9565897223481726e+32
644.0518590556911,5.520439594121394e+32
643.9709826675211,5.147907214397283e+32
643.8901265887989,4.73146920648347e+32
643.8092908118757,4.722741328537776e+32
643.7284753291062,4.692053314887127e+32
643.6476801328489,4.6599417853693156e+32
643.5669052154662,4.6306157641323e+32
643.4861505693244,4.587497612515077e+32
643.4054161867934,4.571343285981174e+32
643.3247020602473,4.5200664346168405e+32
643.2440081820638,4.501168094801879e+32
643.1633345446244,4.458401086230708e+32
643.0826811403142,4.434917626081701e+32
643.0020479615227,4.421127014218408e+32
642.9214350006429,4.40362772747085e+32
642.8408422500715,4.4023269589224175e+32
642.7602697022093,4.426772559081233e+32
642.6797173494604,4.421769528227158e+32
642.5991851842332,4.431027158127837e+32
642.51867319894,4.477559180031213e+32
642.4381813859961,4.4684491935756135e+32
642.3577097378217,4.480424157586134e+32
642.27725824684,4.498074799247928e+32
642.1968269054784,4.527254810660641e+32
642.1164157061676,4.518442345665916e+32
642.0360246413427,4.542427623410863e+32
641.9556537034422,4.546952034950651e+32
641.8753028849086,4.567061700692155e+32
641.794972178188,4.560373024246225e+32
641.7146615757304,4.555409527319195e+32
641.6343710699895,4.578415459967256e+32
641.5541006534229,4.577976168704491e+32
641.4738503184917,4.6230065792217536e+32
641.3936200576613,4.651027353029876e+32
641.3134098634002,4.646400696514949e+32
641.2332197281812,4.684563781208339e+32
641.1530496444807,4.662798155585052e+32
641.0728996047785,4.702440458880221e+32
640.9927696015588,4.715128742078493e+32
640.9126596273094,4.733088085139853e+32
640.8325696745211,4.748562264036781e+32
640.7524997356896,4.768677634574488e+32
640.6724498033136,4.7597902188874336e+32
640.5924198698957,4.8103775343941686e+32
640.5124099279424,4.825981745811348e+32
640.4324199699637,4.773392603707461e+32
640.3524499884737,4.6579695801566e+32
640.2724999759898,4.5090794034674816e+32
640.1925699250334,4.393482316119332e+32
640.1126598281297,4.2997279728241746e+32
640.0327696778076,4.203044340091446e+32
639.9528994665993,4.146017400418894e+32
639.8730491870413,4.071273156116714e+32
639.7932188316737,4.028348909132231e+32
639.71340839304,3.900004372341946e+32
639.6336178636876,3.8438300134305704e+32
639.553847236168,3.79042771544309e+32
639.4740965030359,3.7013706087517875e+32
639.3943656568498,3.622110160335523e+32
639.3146546901721,3.549721047108182e+32
639.2349635955688,3.491652563529775e+32
639.1552923656096,3.370617632240278e+32
639.075640992868,3.300390363513487e+32
638.9960094699209,3.2626973638572015e+32
638.9163977893493,3.1547878930758656e+32
638.8368059437377,3.1000420130587734e+32
638.7572339256742,3.02525566984563e+32
638.6776817277508,2.9553100620490794e+32
638.5981493425631,2.895376825797344e+32
638.5186367627106,2.866675904689876e+32
638.4391439807957,2.8366732196068994e+32
638.3596709894256,2.810196314968994e+32
638.2802177812104,2.7780919708107563e+32
638.2007843487639,2.7699877923682556e+32
638.1213706847042,2.7423905397274894e+32
638.0419767816525,2.7095042179868395e+32
637.9626026322336,2.6914632398853077e+32
637.8832482290766,2.6799704393478867e+32
637.8039135648137,2.6709530221224512e+32
637.7245986320806,2.6258619014938556e+32
637.6453034235177,2.5932405796824818e+32
637.5660279317677,2.5927839930872366e+32
637.4867721494779,2.5772664579827357e+32
637.407536069299,2.526687234480318e+32
637.3283196838851,2.516980183287334e+32
637.2491229858945,2.5043838601568162e+32
637.1699459679885,2.4811962967411365e+32
637.0907886228327,2.470887152192405e+32
637.0116509430958,2.482489075132434e+32
636.9325329214503,2.5008421821279903e+32
636.8534345505726,2.518073407856134e+32
636.7743558231423,2.501603333024281e+32
636.6952967318431,2.4998370705598025e+32
636.6162572693619,2.525683577309191e+32
636.5372374283896,2.5178993728190576e+32
636.4582372016205,2.478155727445391e+32
636.3792565817525,2.5204564031386506e+32
636.3002955614872,2.497771691736763e+32
636.2213541335302,2.520923933827938e+32
636.1424322905899,2.484674502411299e+32
636.063530025379,2.5135616512210863e+32
635.9846473306135,2.5080157584197133e+32
635.905784199013,2.518177772583532e+32
635.8269406233012,2.4986149190103052e+32
635.7481165962047,2.5324244981370754e+32
635.669312110454,2.5204467404140722e+32
635.5905271587833,2.5312658690007324e+32
635.5117617339304,2.540178553231927e+32
635.4330158286365,2.5525572620149334e+32
635.3542894356466,2.5576996336988837e+32
635.2755825477093,2.5587411153895658e+32
635.1968951575765,2.576944651784675e+32
635.1182272580041,2.578080805742895e+32
635.0395788417513,2.5818009111785452e+32
634.960949901581,2.584586328420711e+32
634.8823404302598,2.5797437026753867e+32
634.8037504205575,2.5931880892956577e+32
634.7251798652478,2.5973695976700265e+32
634.646628757108,2.5990577784577723e+32
634.5680970889189,2.605175179458723e+32
634.4895848534646,2.6184288469278033e+32
634.4110920435334,2.6423717076880045e+32
634.3326186519163,2.6213494475261416e+32
634.2541646714088,2.6589237946622844e+32
634.1757300948093,2.6496174474612747e+32
634.0973149149199,2.645175886249374e+32
634.0189191245466,2.6814854699804077e+32
633.9405427164986,2.674743099982619e+32
633.8621856835887,2.6912169647688345e+32
633.7838480186333,2.7028514433844524e+32
633.7055297144524,2.6929402912005964e+32
633.6272307638694,2.658057426679715e+32
633.5489511597114,2.5965560642831262e+32
633.4706908948091,2.5562228004075817e+32
633.3924499619965,2.4869155803795505e+32
633.3142283541114,2.4492234543375803e+32
633.2360260639948,2.3936716483520588e+32
633.1578430844917,2.3837747921058632e+32
633.0796794084504,2.3512430387606595e+32
633.0015350287224,2.332963631192398e+32
632.9234099381634,2.3244594556826807e+32
632.845304129632,2.305754842691002e+32
632.7672175959908,2.2843276635533417e+32
632.6891503301056,2.2656751208289112e+32
632.6111023248458,2.2574163886527194e+32
632.5330735730844,2.2251199960042555e+32
632.455064067698,2.240758493167594e+32
632.3770738015664,2.2041312424370274e+32
632.2991027675732,2.1833314710898203e+32
632.2211509586053,2.1857029196960094e+32
632.1432183675535,2.16367631412142e+32
632.0653049873113,2.153207119575721e+32
631.9874108107766,2.1256532576424918e+32
631.9095358308505,2.1232684191249297e+32
631.8316800404373,2.1054718929035935e+32
631.753843432445,2.0837425110238398e+32
631.6760259997853,2.1000193762589117e+32
631.5982277353729,2.0884129438436753e+32
631.5204486321268,2.1055510015764254e+32
631.4426886829684,2.1046482969853767e+32
631.3649478808236,2.1047677303621827e+32
631.2872262186211,2.085592204979241e+32
631.2095236892934,2.1041228767384196e+32
631.1318402857764,2.0912272509206633e+32
631.0541760010096,2.1091446883090805e+32
630.9765308279359,2.107080662902337e+32
630.8989047595013,2.1362906287165217e+32
630.8212977886559,2.1374928547583635e+32
630.743709908353,2.1218669726263063e+32
630.6661411115491,2.162276213473061e+32
630.5885913912045,2.1741561104310448e+32
630.511060740283,2.1562876034488864e+32
630.4335491517517,2.1773364128995782e+32
630.3560566185811,2.1792106195734876e+32
630.2785831337452,2.1855858399525837e+32
630.2011286902215,2.2030961410294543e+32
630.1236932809911,2.1916569409189126e+32
630.0462768990382,2.222684334362065e+32
629.9688795373509,2.2334795101628842e+32
629.8915011889202,2.2349486381662368e+32
629.814141846741,2.2382504846554494e+32
629.7368015038115,2.242504527100063e+32
629.6594801531331,2.2476259211942356e+32
629.5821777877112,2.2568172629345056e+32
629.5048944005539,2.2428874126115362e+32
629.4276299846734,2.2357190753392796e+32
629.3503845330849,2.257657323262955e+32
629.2731580388073,2.2656600265272548e+32
629.1959504948626,2.2509674442529545e+32
629.1187618942765,2.2588643213576156e+32
629.0415922300783,2.297192383907528e+32
628.9644414953,2.308589638914958e+32
628.8873096829778,2.3086835467349556e+32
628.8101967861511,2.3078468687315554e+32
628.7331027978623,2.319024692153171e+32
628.6560277111577,2.3241239912242965e+32
628.5789715190868,2.33090724315152e+32
628.5019342147025,2.3423076499009715e+32
628.4249157910613,2.3244736411444864e+32
628.3479162412228,2.3366708880609496e+32
628.2709355582501,2.3548644726158162e+32
628.1939737352101,2.3705101902604586e+32
628.1170307651721,2.3649968277212456e+32
628.0401066412101,2.3801617804585907e+32
627.9632013564005,2.3894402311245123e+32
627.8863149038235,2.3865484922522046e+32
627.8094472765627,2.3814633991824635e+32
627.7325984677047,2.4007193613543934e+32
627.6557684703401,2.40503583671964e+32
627.5789572775625,2.383391931056409e+32
627.5021648824688,2.4056382660490276e+32
627.4253912781596,2.418809298001545e+32
627.3486364577386,2.4662439215419776e+32
627.2719004143131,2.458827849567961e+32
627.1951831409934,2.4714524413421577e+32
627.1184846308938,2.476728214512009e+32
627.0418048771312,2.473335547503476e+32
626.9651438728264,2.484991400885482e+32
626.8885016111035,2.496370713299115e+32
626.8118780850897,2.5439134928801385e+32
626.7352732879159,2.540788264897915e+32
626.6586872127162,2.5415219423820875e+32
626.5821198526279,2.5452364623139586e+32
626.5055712007919,2.5847153890733564e+32
626.4290412503524,2.5843325966036164e+32
626.3525299944569,2.631030725908009e+32
626.276037426256,2.6164081723694368e+32
626.1995635389042,2.636570089461024e+32
626.123108325559,2.6244218644687937e+32
626.0466717793811,2.6527312851680432e+32
625.9702538935351,2.6827350555061934e+32
625.893854661188,2.6745598142176405e+32
625.8174740755112,2.679937124283107e+32
625.7411121296786,2.6830716531525336e+32
625.664768816868,2.71097618720362e+32
625.58844413026,2.7435760704997156e+32
625.5121380630392,2.74864618611954e+32
625.4358506083928,2.741503115301448e+32
625.3595817595117,2.756762740610247e+32
625.2833315095903,2.785929934365818e+32
625.2070998518259,2.7950652001960254e+32
625.1308867794195,2.7790240436405788e+32
625.054692285575,2.8008216871534093e+32
624.9785163635,2.8361292008178188e+32
624.9023590064053,2.8360001817672338e+32
624.8262202075048,2.840421512062964e+32
624.750099960016,2.855658709065924e+32
624.6739982571595,2.9068563741841457e+32
624.5979150921595,2.8902541216030115e+32
624.5218504582429,2.9015444715495824e+32
624.4458043486405,2.9379137614489786e+32
624.3697767565864,2.9534293651241896e+32
624.2937676753173,2.934765291816475e+32
624.2177770980741,2.955043887007346e+32
624.1418050181002,2.9833680454163584e+32
624.0658514286428,2.9845712819247256e+32
623.9899163229522,2.980798531786715e+32
623.9139996942821,3.0245877970465808e+32
623.8381015358893,3.0177086537062497e+32
623.7622218410341,3.017054073980965e+32
623.68636060298,3.037337648055428e+32
623.6105178149934,3.0254732570337493e+32
623.5346934703447,3.022768289216693e+32
623.4588875623069,3.0638698081785147e+32
623.3831000841567,3.0486880536933357e+32
623.307331029174,3.0502531220851182e+32
623.2315803906415,3.0759733588203535e+32
623.155848161846,3.072420243878948e+32
623.080134336077,3.114555358075596e+32
623.0044389066271,3.1060442391311425e+32
622.9287618667929,3.093813177303309e+32
622.8531032098736,3.1188333245656096e+32
622.7774629291715,3.0960550227006146e+32
622.701841017993,3.1277055471450904e+32
622.626237469647,3.131108735852621e+32
622.5506522774459,3.1175054962276965e+32
622.4750854347054,3.1529265219418168e+32
622.3995369347444,3.153130160836804e+32
622.3240067708853,3.194478601935663e+32
622.2484949364529,3.172131106823729e+32
622.1730014247762,3.187596805611479e+32
622.097526229187,3.218761612547543e+32
622.0220693430203,3.2139541026266077e+32
621.9466307596145,3.242928363836317e+32
621.8712104723112,3.2387832645897813e+32
621.795808474455,3.258323688196886e+32
621.7204247593943,3.258288636202929e+32
621.6450593204798,3.295315401886588e+32
621.5697121510664,3.2887453522052435e+32
621.4943832445114,3.330560795170713e+32
621.419072594176,3.317735713674844e+32
621.3437801934243,3.339520786393908e+32
621.2685060356235,3.3398186393018224e+32
621.1932501141442,3.375905011268047e+32
621.1180124223603,3.367772698306312e+32
621.0427929536486,3.362402205029772e+32
620.9675917013891,3.342818600719285e+32
620.8924086589655,3.353168635027535e+32
620.8172438197644,3.326884515781929e+32
620.7420971771753,3.336174339582653e+32
620.6669687245915,3.314257469003182e+32
620.591858455409,3.341489696422136e+32
620.5167663630272,3.354278577920096e+32
620.4416924408487,3.307316487344148e+32
620.3666366822792,3.338918595492906e+32
620.2915990807279,3.326852846323159e+32
620.2165796296067,3.362189720018137e+32
620.141578322331,3.311729256682864e+32
620.0665951523193,3.3394327442980096e+32
619.9916301129934,3.36709053884263e+32
619.9166831977783,3.361988678689265e+32
619.8417544001018,3.366736677535465e+32
619.766843713395,3.37370862727684e+32
619.6919511310927,3.3740677546551586e+32
619.6170766466324,3.383138256408701e+32
619.5422202534547,3.364040582251321e+32
619.4673819450037,3.368710756767682e+32
619.3925617147263,3.38533249996601e+32
619.317759556073,3.3652427431072866e+32
619.242975462497,3.4022098023116724e+32
619.1682094274552,3.3981605324846235e+32
619.0934614444069,3.436593100229614e+32
619.0187315068154,3.427981870039841e+32
618.9440196081466,3.435140641032312e+32
618.8693257418696,3.4616472885872e+32
618.794649901457,3.4561927045507175e+32
618.7199920803841,3.4757187958951416e+32
618.6453522721298,3.5015892337746296e+32
618.5707304701757,3.51681367145801e+32
618.4961266680068,3.5072946255528506e+32
618.4215408591112,3.523910392608476e+32
618.3469730369802,3.538093385158716e+32
618.2724231951083,3.562247547130225e+32
618.1978913269927,3.535750340489025e+32
618.1233774261343,3.574960817508436e+32
618.0488814860366,3.602759594697107e+32
617.974403500207,3.606653252179326e+32
617.8999434621552,3.62136225484737e+32
617.8255013653944,3.6139904100955275e+32
617.7510772034408,3.6309740492389075e+32
617.6766709698142,3.6625886212615025e+32
617.6022826580368,3.688015384065585e+32
617.5279122616342,3.706781105118652e+32
617.4535597741354,3.735821884463911e+32
617.3792251890724,3.7402930133780466e+32
617.3049084999799,3.7472204243635875e+32
617.2306097003963,3.741038965175577e+32
617.1563287838627,3.806920151512965e+32
617.0820657439233,3.825298101589449e+32
617.0078205741257,3.833639506226218e+32
616.9335932680207,3.866629700882827e+32
616.8593838191615,3.887290666334928e+32
616.7851922211051,3.9027660420999825e+32
616.7110184674115,3.927279460767395e+32
616.6368625516434,3.929707837034885e+32
616.5627244673669,3.9866612136749935e+32
616.4886042081512,3.982491377445038e+32
616.4145017675686,4.005768120506841e+32
616.3404171391943,4.008328633632848e+32
616.2663503166069,4.0436515650567434e+32
616.1923012933876,4.047669763053254e+32
616.1182700631214,4.06882418109952e+32
616.0442566193956,4.091838858241519e+32
615.9702609558011,4.106750530077189e+32
615.8962830659317,4.1362944448775255e+32
615.8223229433844,4.1515067185628606e+32
615.7483805817591,4.1699163597572164e+32
615.6744559746588,4.193197908891072e+32
615.6005491156899,4.178453357004601e+32
615.5266599984612,4.1900383435728126e+32
615.4527886165853,4.2601652336620346e+32
615.3789349636772,4.250693233336692e+32
615.3050990333558,4.276514586342691e+32
615.231280819242,4.2917559298453496e+32
615.1574803149607,4.2996979367330394e+32
615.0836975141393,4.3096165482093276e+32
615.0099324104085,4.3783944353710046e+32
614.9361849974018,4.3697167953658505e+32
614.8624552687564,4.3732067714104106e+32
614.7887432181118,4.3919340109519445e+32
614.7150488391106,4.39595518650139e+32
614.6413721253991,4.447054767048523e+32
614.567713070626,4.4687191760021635e+32
614.4940716684436,4.460385825751857e+32
614.4204479125066,4.5375911591030575e+32
614.346841796473,4.522280669817535e+32
614.2732533140043,4.521168741442166e+32
614.1996824587642,4.562472059147952e+32
614.1261292244201,4.584024627735772e+32
614.0525936046423,4.582186020888214e+32
613.9790755931037,4.6308992982385426e+32
613.905575183481,4.636675010664516e+32
613.8320923694532,4.66470916708759e+32
613.7586271447028,4.672663014720992e+32
613.685179502915,4.691790518723706e+32
613.6117494377783,4.712482764743219e+32
613.5383369429838,4.7230821014916736e+32
613.4649420122264,4.752823453305751e+32
613.391564639203,4.772214715811096e+32
613.3182048176145,4.780081375823468e+32
613.244862541164,4.7974991210733645e+32
613.1715378035583,4.825179710534469e+32
613.0982305985066,4.843926017166892e+32
613.0249409197213,4.8467749965224765e+32
612.9516687609182,4.884636433082879e+32
612.8784141158156,4.882798035398762e+32
612.8051769781351,4.908910104181378e+32
612.7319573416012,4.950029011049001e+32
612.6587551999412,4.925698395117417e+32
612.5855705468858,4.949515579233552e+32
612.5124033761683,4.9879732276654964e+32
612.4392536815254,5.021292400159537e+32
612.3661214566966,5.024493027016927e+32
612.293006695424,5.022530820666476e+32
612.2199093914534,5.039381999741947e+32
612.1468295385331,5.08451159030023e+32
612.0737671304146,5.0833398897960935e+32
612.0007221608522,5.113011060902948e+32
611.9276946236033,5.1478307852418055e+32
611.8546845124283,5.1558196237380514e+32
611.7816918210905,5.188185321574094e+32
611.7087165433563,5.1769105770906236e+32
611.635758672995,5.2162225606133035e+32
611.5628182037789,5.2333883147615705e+32
611.4898951294831,5.2452210326341895e+32
611.4169894438857,5.263346754276915e+32
611.3441011407681,5.266082162667216e+32
611.2712302139144,5.3033255890319026e+32
611.1983766571116,5.29614557892649e+32
611.1255404641498,5.314656413542674e+32
611.0527216288222,5.366898207955936e+32
610.9799201449244,5.392154600662573e+32
610.9071360062557,5.367504393943515e+32
610.8343692066178,5.403045572190199e+32
610.7616197398156,5.438009461526187e+32
610.6888875996568,5.424284772956724e+32
610.6161727799523,5.468150217202823e+32
610.5434752745156,5.480129294870963e+32
610.4707950771635,5.500679160331807e+32
610.3981321817156,5.4996407134610075e+32
610.3254865819943,5.548741512046285e+32
610.2528582718248,5.574823399931242e+32
610.1802472450362,5.581910366300303e+32
610.1076534954593,5.6026955423535225e+32
610.0350770169285,5.607974246146336e+32
609.962517803281,5.6344746894049865e+32
609.8899758483569,5.655207625848731e+32
609.8174511459995,5.686036469133162e+32
609.7449436900545,5.6888409636224974e+32
609.672453474371,5.713846342375054e+32
609.5999804928007,5.728587886287419e+32
609.5275247391984,5.741864299072789e+32
609.4550862074219,5.7578700897593075e+32
609.382664891332,5.794885338126741e+32
609.3102607847916,5.8075935221004e+32
609.2378738816677,5.822527955549328e+32
609.1655041758296,5.848055319640884e+32
609.0931516611492,5.87783287874035e+32
609.0208163315023,5.8778026222983865e+32
608.9484981807664,5.9044394571790976e+32
608.8761972028228,5.92243268681975e+32
608.8039133915553,5.949364524608849e+32
608.7316467408508,5.9536660073955256e+32
608.659397244599,5.993298313540393e+32
608.5871648966923,6.01450826134214e+32
608.5149496910265,6.0227158685364174e+32
608.4427516215,6.040408403007809e+32
608.3705706820139,6.065582292719453e+32
608.2984068664724,6.077830832437821e+32
608.2262601687828,6.103672492961688e+32
608.154130582855,6.1239135782274104e+32
608.0820181026016,6.116274447724416e+32
608.0099227219388,6.1451848002691444e+32
607.9378444347849,6.1663252119898e+32
607.8657832350617,6.1989395609202545e+32
607.7937391166934,6.2251823305264166e+32
607.7217120736073,6.2413812555242166e+32
607.6497020997335,6.241056149729399e+32
607.5777091890052,6.269567063930405e+32
607.5057333353583,6.289212523139583e+32
607.4337745327316,6.3127795527605565e+32
607.3618327750665,6.3528627902332185e+32
607.2899080563079,6.3757386248434204e+32
607.2180003704029,6.392743749973299e+32
607.146109711302,6.443908652875477e+32
607.0742360729581,6.4663745182199e+32
607.0023794493275,6.383249820728204e+32
606.9305398343687,6.256012345319742e+32
606.8587172220435,6.1452306311585115e+32
606.7869116063166,6.008133941342462e+32
606.7151229811554,5.914713147748238e+32
606.6433513405301,5.799080179075219e+32
606.5715966784139,5.672994831382331e+32
606.4998589887828,5.549027027846523e+32
606.4281382656155,5.4276936474371306e+32
606.3564345028939,5.323461225941647e+32
606.2847476946022,5.18838938447063e+32
606.2130778347281,5.079476703781666e+32
606.1414249172617,4.952703770296862e+32
606.069788936196,4.826440222393123e+32
605.998169885527,4.70265372441853e+32
605.9265677592533,4.592310943787037e+32
605.8549825513766,4.471552025423151e+32
605.7834142559011,4.3319065160541916e+32
605.7118628668343,4.2166116564728206e+32
605.640328378186,4.100618029906412e+32
605.5688107839693,3.964313141221554e+32
605.4973100781999,3.871330234238015e+32
605.4258262548964,3.8028242764413226e+32
605.35435930808,3.7386569872314914e+32
605.282909231775,3.668998745230717e+32
605.2114760200083,3.588119921194321e+32
605.1400596668099,3.514286462183873e+32
605.0686601662125,3.448248126518554e+32
604.9972775122512,3.373917898949475e+32
604.9259116989647,3.2939150361723274e+32
604.8545627203939,3.2242713206813186e+32
604.7832305705828,3.1529902649900857e+32
604.711915243578,3.0799338839017786e+32
604.640616733429,3.005520220832463e+32
604.5693350341885,2.918997660899603e+32
604.4980701399111,2.8571932569637718e+32
604.4268220446551,2.778586999806595e+32
604.355590742481,2.6896459457801847e+32
604.2843762274526,2.6232725174555094e+32
604.2131784936361,2.5445367169573473e+32
604.1419975351006,2.470333193541711e+32
604.0708333459181,2.4241660760508508e+32
603.9996859201633,2.3744511284936137e+32
603.9285552519136,2.331351912508454e+32
603.8574413352496,2.2834645767243234e+32
603.786344164254,2.2493004927745713e+32
603.715263733013,2.208128481177215e+32
603.644200035615,2.1604494742560587e+32
603.5731530661516,2.113097896695672e+32
603.502122818717,2.0742345439934655e+32
603.4311092874082,2.032668018486856e+32
603.360112466325,1.986774035891993e+32
603.2891323495699,1.9442209294667857e+32
603.2181689312482,1.897334275706707e+32
603.1472222054682,1.8601025404733753e+32
603.0762921663405,1.8085037467387458e+32
603.005378807979,1.7736593512410397e+32
602.9344821244999,1.7256882212502423e+32
602.8636021100226,1.6823988122059636e+32
602.792738758669,1.6342069989256274e+32
602.7218920645635,1.5934443965775264e+32
602.651062021834,1.5646488569703893e+32
602.5802486246106,1.5449633138588434e+32
602.5094518670262,1.52182386786247e+32
602.4386717432166,1.505050328684776e+32
602.3679082473202,1.4703619012138115e+32
602.2971613734784,1.4578641797515457e+32
602.2264311158352,1.4386941854591714e+32
602.1557174685373,1.4126037482006103e+32
602.0850204257342,1.3927934563025739e+32
602.0143399815784,1.3728468247360468e+32
601.9436761302245,1.3501800857847878e+32
601.8730288658305,1.3250835034724001e+32
601.8023981825568,1.3099730851400388e+32
601.7317840745667,1.2882554923546825e+32
601.661186536026,1.254200788717539e+32
601.5906055611036,1.2373857748990922e+32
601.5200411439707,1.217297556844193e+32
601.4494932788019,1.1953793785482928e+32
601.3789619597737,1.175412370419513e+32
601.308447181066,1.147689987996461e+32
601.237948936861,1.1418278099923099e+32
601.1674672213438,1.1325794273237388e+32
601.0970020287024,1.1217415944463545e+32
601.026553353127,1.110757683070701e+32
600.9561211888114,1.1029830471760747e+32
600.8857055299511,1.098620340481343e+32
600.8153063707451,1.0806424996556667e+32
600.7449237053947,1.0841514213509484e+32
600.6745575281041,1.0700674519033901e+32
600.6042078330801,1.0671460135583451e+32
600.5338746145324,1.0509807549987465e+32
600.463557866673,1.050330673285812e+32
600.3932575837173,1.041940552908551e+32
600.3229737598829,1.0349926542673289e+32
600.25270638939,1.0222748870314972e+32
600.1824554664618,1.0186098704563012e+32
600.1122209853243,1.0022861364535265e+32
600.0420029402057,9.974168044649828e+31
599.9718013253378,9.869809295596266e+31
599.9016161349539,9.84566375856258e+31
599.8314473632909,9.76273578496009e+31
599.7612950045882,9.761379856674966e+31
599.6911590530877,9.780638738424711e+31
599.6210395030341,9.782275407819062e+31
599.5509363486749,9.79920951379318e+31
599.48084958426,9.839640135439245e+31
599.4107792040425,9.822466800298947e+31
599.3407252022776,9.837614504584292e+31
599.2706875732234,9.87427927264344e+31
599.2006663111409,9.811566837572211e+31
599.1306614102937,9.847302492137214e+31
599.0606728649477,9.919116981601321e+31
598.990700669372,9.881880380714367e+31
598.9207448178382,9.972286572949932e+31
598.8508053046204,9.905091283330609e+31
598.7808821239955,9.976203425486538e+31
598.7109752702431,9.97972159978123e+31
598.6410847376455,9.987390532542719e+31
598.5712105204875,1.0036606292052925e+32
598.501352613057,1.0099444059274808e+32
598.4315110096438,9.95650257014354e+31
598.361685704541,9.985615508185382e+31
598.2918766920442,9.999252891508157e+31
598.2220839664517,9.978286095982615e+31
598.1523075220643,1.0127238442068689e+32
598.0825473531856,1.0006107804729988e+32
598.0128034541219,1.0029777861875492e+32
597.943075819182,1.0129926329929355e+32
597.8733644426775,1.0093900668943704e+32
597.8036693189223,1.0087602402399993e+32
597.7339904422334,1.0218157874945692e+32
597.6643278069305,1.0219838694184864e+32
597.5946814073355,1.0217131123328669e+32
597.5250512377733,1.0226431063223138e+32
597.4554372925709,1.0224562126320663e+32
597.385839566059,1.0297446290102661e+32
597.3162580525698,1.0298235936365447e+32
597.2466927464388,1.0318994500025524e+32
597.1771436420042,1.0356327042223879e+32
597.1076107336064,1.0369949573457326e+32
597.0380940155886,1.0440459118496635e+32
596.9685934822969,1.0437017229103399e+32
596.8991091280797,1.0422831422443283e+32
596.829640947288,1.0401907056475768e+32
596.7601889342759,1.0442224291227195e+32
596.6907530833995,1.0458498723070336e+32
596.621333389018,1.0426767577037894e+32
596.551929845493,1.0443798370406479e+32
596.482542447189,1.0464644362831224e+32
596.4131711884726,1.0440193567797182e+32
596.3438160637133,1.0419205730900354e+32
596.2744770672837,1.0447507959732804e+32
596.205154193558,1.0456209076602015e+32
596.1358474369139,1.0470226179947887e+32
596.0665567917314,1.0447410976692437e+32
595.9972822523929,1.0455655956398172e+32
595.9280238132839,1.0481430032789918e+32
595.8587814687919,1.0469416423078295e+32
595.7895552133076,1.0351577210863314e+32
595.7203450412238,1.017031362125554e+32
595.6511509469365,1.005707724004839e+32
595.5819729248435,1.0006906396590506e+32
595.512810969346,9.912345759101481e+31
595.4436650748473,9.82684028818807e+31
595.3745352357535,9.718977294886167e+31
595.3054214464731,9.639281057715413e+31
595.2363237014176,9.595296683768356e+31
595.1672419950006,9.468051252639972e+31
595.0981763216387,9.404078559280086e+31
595.0291266757508,9.350625402761326e+31
594.9600930517586,9.270323519057128e+31
594.8910754440861,9.174538173738895e+31
594.8220738471605,9.128130495939102e+31
594.7530882554107,9.02528678386444e+31
594.684118663269,8.995526739975805e+31
594.6151650651698,9.002015020186704e+31
594.5462274555503,8.969549183264412e+31
594.47730582885,8.98822609115942e+31
594.4084001795113,8.940112298902888e+31
594.3395105019791,8.966448041595221e+31
594.2706367907008,9.01023457936221e+31
594.2017790401264,8.98676580909072e+31
594.1329372447085,8.903907330652705e+31
594.0641113989021,8.831639692808403e+31
593.9953014971652,8.770892329433792e+31
593.9265075339578,8.697813610216013e+31
593.8577295037428,8.647774758000666e+31
593.7889674009857,8.558794147563724e+31
593.7202212201545,8.531457527627865e+31
593.6514909557195,8.448659428754874e+31
593.5827766021541,8.355829497701776e+31
593.5140781539338,8.324402374545199e+31
593.4453956055369,8.201828875095522e+31
593.376728951444,8.113387652021202e+31
593.3080781861386,8.127588352839156e+31
593.2394433041064,8.062777774909177e+31
593.170824299836,8.058010135877443e+31
593.1022211678182,8.088855281669424e+31
593.0336339025469,8.081253964436363e+31
592.9650624985176,8.017108765033291e+31
592.8965069502293,7.981420334872621e+31
592.8279672521832,8.0378789521886725e+31
592.7594433988827,8.030704192389009e+31
592.6909353848342,8.020909528238689e+31
592.6224432045466,8.063281188200119e+31
592.5539668525311,8.0559260238607555e+31
592.4855063233016,8.058592224509404e+31
592.4170616113744,8.0844988043811085e+31
592.3486327112686,8.062809027472818e+31
592.2802196175054,8.092374479371438e+31
592.2118223246091,8.039958466901952e+31
592.143440827106,8.108787778763976e+31
592.0750751195251,8.116124988078978e+31
592.0067251963982,8.120261058984945e+31
591.9383910522594,8.102914871871209e+31
591.870072681645,8.061462738148174e+31
591.8017700790942,8.023355283584365e+31
591.7334832391491,7.984971572849499e+31
591.6652121563535,7.984166398552036e+31
591.5969568252541,7.899606666476261e+31
591.5287172404002,7.86387502427719e+31
591.4604933963436,7.855255954074072e+31
591.3922852876384,7.79964424414231e+31
591.3240929088415,7.778822600828878e+31
591.255916254512,7.692464640378824e+31
591.1877553192118,7.674914063665926e+31
591.1196100975052,7.6282492195863685e+31
591.0514805839589,7.57258404688287e+31
590.9833667731422,7.49570701379904e+31
590.9152686596269,7.502200928158435e+31
590.8471862379873,7.461813594858545e+31
590.7791195028003,7.423636348453406e+31
590.711068448645,7.392210190700171e+31
590.6430330701035,7.4717681146067155e+31
590.5750133617596,7.524463764929649e+31
590.5070093182006,7.533853904380297e+31
590.4390209340155,7.554592257759871e+31
590.3710482037961,7.574472097564656e+31
590.3030911221366,7.606972708028574e+31
590.235149683634,7.614940222700216e+31
590.1672238828872,7.6683613547824655e+31
590.0993137144982,7.736948820518609e+31
590.031419173071,7.805688266025786e+31
589.9635402532123,7.817380057949832e+31
589.8956769495314,7.833383015938249e+31
589.82782925664,7.857126836244445e+31
589.759997169152,7.960598882024181e+31
589.6921806816842,8.059676932897431e+31
589.6243797888555,7.989433574832197e+31
589.5565944852876,8.015996924833072e+31
589.4888247656046,8.010268039863432e+31
589.4210706244327,8.013100209397331e+31
589.3533320564012,7.975927303442249e+31
589.2856090561412,7.955250747355409e+31
589.217901618287,7.960702392178108e+31
589.1502097374746,7.983833459809238e+31
589.0825334083432,7.972599940303379e+31
589.0148726255338,7.896064444546199e+31
588.9472273836902,7.918229003348801e+31
588.8795976774588,7.989027787799405e+31
588.8119835014883,7.923137269532285e+31
588.7443848504295,7.941562625484852e+31
588.6768017189362,7.937466708584376e+31
588.6092341016646,7.925419081890177e+31
588.541681993273,7.949284900258513e+31
588.4741453884224,7.967821925348602e+31
588.4066242817761,7.933734007201282e+31
588.3391186680002,7.933754327008263e+31
588.2716285417629,7.990018817304893e+31
588.2041538977348,8.0392474189770495e+31
588.1366947305893,8.026167915513657e+31
588.0692510350019,8.171447297155686e+31
588.0018228056507,8.190524069567525e+31
587.9344100372163,8.2102035827407e+31
587.8670127243814,8.331075958758084e+31
587.7996308618318,8.336961795922115e+31
587.7322644442551,8.48761908639955e+31
587.6649134663414,8.493182978164403e+31
587.5975779227838,8.60017624022812e+31
587.5302578082772,8.659388632779437e+31
587.462953117519,8.670069324172873e+31
587.3956638452095,8.787808488539955e+31
587.328389986051,8.870958025130295e+31
587.2611315347483,8.907978143120946e+31
587.1938884860086,8.977083027777294e+31
587.1266608345419,9.033845932946516e+31
587.05944857506,9.156297722446018e+31
586.9922517022775,9.210201205441413e+31
586.9250702109116,9.17622273820182e+31
586.8579040956813,9.26214230917033e+31
586.7907533513087,9.22318931678538e+31
586.7236179725179,9.462023542410612e+31
586.6564979540354,9.170768044627745e+31
586.5893932905906,9.457494175880809e+31
586.5223039769145,9.549539959940199e+31
586.4552300077412,9.519963373051724e+31
586.388171377807,9.798025227434365e+31
586.3211280818504,9.761417144000035e+31
586.2541001146127,9.785781399928201e+31
586.1870874708372,9.732656329765188e+31
586.1200901452698,1.0010020056889864e+32
586.053108132659,9.974197998862993e+31
585.9861414277552,1.0301017312514747e+32
585.9191900253118,1.0235733277225274e+32
585.852253920084,1.0132931624635534e+32
585.7853331068297,1.0440950139411726e+32
585.7184275803094,1.0413182245353691e+32
585.6515373352855,1.0718888521270799e+32
585.5846623665233,1.0718253769616743e+32
585.5178026687902,1.0778582399319734e+32
585.4509582368559,1.0720143303206452e+32
585.3841290654927,1.1095862814629503e+32
585.3173151494755,1.106091335149191e+32
585.2505164835808,1.1178298096639059e+32
585.1837330625883,1.11368681336921e+32
585.1169648812797,1.1491037355500403e+32
585.0502119344393,1.166713082363844e+32
584.9834742168533,1.151614999847377e+32
584.916751723311,1.1766303815047943e+32
584.8500444486034,1.1706200396787805e+32
584.7833523875242,1.202497519433043e+32
584.7166755348695,1.179350027705165e+32
584.6500138854378,1.1998939803169076e+32
584.5833674340298,1.227108298723608e+32
584.5167361754485,1.2331469409881405e+32
584.4501201044997,1.226045027584497e+32
584.3835192159911,1.2273228597877771e+32
584.316933504733,1.2561656209204199e+32
584.250362965538,1.2524886918927575e+32
584.1838075932211,1.2522137811185607e+32
584.1172673825997,1.291457312485721e+32
584.0507423284935,1.2550140255298382e+32
583.9842324257245,1.2698683880176332e+32
583.9177376691172,1.3086248394077911e+32
583.8512580534983,1.280164433513256e+32
583.784793573697,1.3039070890275732e+32
583.7183442245448,1.3455866735885467e+32
583.6519100008755,1.3201467098082825e+32
583.5854908975253,1.3439175420231014e+32
583.5190869093328,1.3787665487020974e+32
583.4526980311389,1.3561070076280758e+32
583.3863242577868,1.3855749270757537e+32
583.3199655841221,1.3964309092308288e+32
583.2536220049926,1.4220189446457217e+32
583.1872935152488,1.4318833221009927e+32
583.1209801097434,1.4305093169679381e+32
583.054681783331,1.464709606431432e+32
582.9883985308692,1.460798945743445e+32
582.9221303472176,1.4618600486408958e+32
582.855877227238,1.4968484881282388e+32
582.7896391657949,1.4821119146023944e+32
582.723416157755,1.5227303796109146e+32
582.657208197987,1.4963620624266514e+32
582.5910152813624,1.4951996822946473e+32
582.5248374027548,1.5228264821752317e+32
582.4586745570401,1.5389503479531132e+32
582.3925267390969,1.564829402199065e+32
582.3263939438056,1.567286320659302e+32
582.2602761660489,1.555376740741249e+32
582.1941734007127,1.5757774361413418e+32
582.1280856426839,1.6013674127862736e+32
582.0620128868529,1.6038268035571523e+32
581.9959551281119,1.6409465997527155e+32
581.9299123613552,1.6405352265935262e+32
581.8638845814799,1.6702448377084094e+32
581.7978717833851,1.6478095005597235e+32
581.7318739619722,1.6842997568128886e+32
581.6658911121452,1.6815294018543688e+32
581.5999232288101,1.717217269913838e+32
581.5339703068754,1.7194499919631933e+32
581.468032341252,1.733051242937732e+32
581.4021093268526,1.7582277980795945e+32
581.3362012585928,1.7519600246299334e+32
581.2703081313904,1.7850759803824094e+32
581.204429940165,1.78086011160229e+32
581.1385666798392,1.8237079160504114e+32
581.0727183453373,1.8248957711569164e+32
581.0068849315865,1.8359801847032715e+32
580.9410664335156,1.8688377784831487e+32
580.8752628460564,1.8736217118812657e+32
580.8094741641426,1.8989713703217256e+32
580.7437003827101,1.903488751948029e+32
580.6779414966974,1.9067917262466435e+32
580.6121975010451,1.9468977070237608e+32
580.5464683906962,1.956504944801503e+32
580.4807541605958,1.961813887537222e+32
580.4150548056915,2.0073370883056406e+32
580.3493703209332,2.0025934640609456e+32
580.2837007012728,2.0150450035496567e+32
580.2180459416649,2.0467453188773907e+32
580.1524060370659,2.0516380255345847e+32
580.086780982435,2.0568455590135734e+32
580.0211707727332,2.0655138295447893e+32
579.9555754029242,2.1197872897843285e+32
579.8899948679735,2.1258138654305933e+32
579.8244291628495,2.1364592608166715e+32
579.7588782825223,2.146518454529482e+32
579.6933422219646,2.1989707008179793e+32
579.6278209761512,2.185510428664642e+32
579.5623145400593,2.204747035568283e+32
579.4968229086684,2.208039595768427e+32
579.43134607696,2.2713190915522397e+32
579.3658840399183,2.2565554085015614e+32
579.3004367925294,2.2606817023409113e+32
579.2350043297816,2.296882389448454e+32
579.169586646666,2.303353613772867e+32
579.1041837381754,2.3190346268488155e+32
579.0387955993051,2.3582561183374424e+32
578.9734222250528,2.3598559813614208e+32
578.908063610418,2.398712302492668e+32
578.842719750403,2.3934206161473278e+32
578.7773906400121,2.415122424216702e+32
578.7120762742517,2.4212542024546296e+32
578.6467766481306,2.4378998002744168e+32
578.5814917566602,2.47853705972385e+32
578.5162215948535,2.4964500037599616e+32
578.4509661577263,2.4939064500908672e+32
578.3857254402961,2.521185664690478e+32
578.3204994375833,2.532901918992967e+32
578.2552881446101,2.573250324228961e+32
578.190091556401,2.5503793810340158e+32
578.1249096679828,2.601958681325827e+32
578.0597424743847,2.5895366438192377e+32
577.9945899706379,2.6070855710565885e+32
577.9294521517759,2.617730083190625e+32
577.8643290128343,2.6412788849724367e+32
577.7992205488515,2.657972537016129e+32
577.7341267548675,2.6720784883574526e+32
577.6690476259247,2.674322693478399e+32
577.6039831570679,2.6853356515724167e+32
577.538933343344,2.6940830898031107e+32
577.4738981798023,2.7293192894945737e+32
577.408877661494,2.7300788809176364e+32
577.343871783473,2.756570988759998e+32
577.2788805407948,2.7593125396832265e+32
577.2139039285178,2.7795367440126142e+32
577.1489419417022,2.8000019292967926e+32
577.0839945754104,2.801496972921884e+32
577.0190618247074,2.8193307375608965e+32
576.9541436846599,2.8295582565302814e+32
576.8892401503374,2.85521285205683e+32
576.824351216811,2.8753608861336954e+32
576.7594768791545,2.8902081991045758e+32
576.6946171324437,2.913124249461595e+32
576.6297719717567,2.9380847647780595e+32
576.5649413921738,2.952254688639317e+32
576.5001253887773,2.9745582490415705e+32
576.435323956652,2.9990299294468766e+32
576.370537090885,2.99192710492972e+32
576.3057647865651,3.042657155007922e+32
576.2410070387839,3.0459644176386108e+32
576.1762638426347,3.0640709704687573e+32
576.1115351932134,3.0717972245374925e+32
576.0468210856178,3.081092543674343e+32
575.9821215149482,3.112113187619155e+32
575.9174364763068,3.1220164280326035e+32
575.8527659647981,3.1429093959960193e+32
575.788109975529,3.167121392114379e+32
575.7234685036084,3.17371742480608e+32
575.6588415441473,3.213243264306681e+32
575.5942290922592,3.209631093866209e+32
575.5296311430594,3.232562899197322e+32
575.4650476916659,3.2528330791414015e+32
575.4004787331983,3.261717521286253e+32
575.3359242627789,3.28324205613142e+32
575.271384275532,3.30558759295967e+32
575.206858766584,3.33109122528016e+32
575.1423477310634,3.323551698854864e+32
575.0778511641013,3.350913129396678e+32
575.0133690608307,3.376310279986633e+32
574.9489014163865,3.393890093718339e+32
574.8844482259066,3.398571776905944e+32
574.8200094845301,3.436022250970843e+32
574.755585187399,3.441911210043053e+32
574.6911753296572,3.459962156739234e+32
574.6267799064508,3.49236376576361e+32
574.562398912928,3.4845573253030845e+32
574.4980323442393,3.526051575246068e+32
574.4336801955372,3.536704604787462e+32
574.3693424619768,3.519411209768897e+32
574.3050191387148,3.5538246336474356e+32
574.2407102209104,3.5789935624825975e+32
574.176415703725,3.5896215832893804e+32
574.1121355823219,3.6062998632022026e+32
574.047869851867,3.6413077562190256e+32
573.9836185075278,3.636540470549686e+32
573.9193815444744,3.6640280973577735e+32
573.855158957879,3.692163513603989e+32
573.7909507429158,3.716005516383886e+32
573.7267568947614,3.7102312092897456e+32
573.6625774085941,3.73222400855255e+32
573.5984122795949,3.761012621142683e+32
573.5342615029465,3.777841432159004e+32
573.4701250738343,3.787682815795389e+32
573.4060029874453,3.811409280898799e+32
573.3418952389688,3.846573182240251e+32
573.2778018235967,3.848882005146386e+32
573.2137227365223,3.8666543796065924e+32
573.1496579729417,3.878626149456203e+32
573.0856075280525,3.905955864740313e+32
573.0215713970553,3.918093890845127e+32
572.9575495751519,3.932018152507666e+32
572.8935420575472,3.938430525278248e+32
572.8295488394474,3.960875285491126e+32
572.7655699160613,3.9737635694696316e+32
572.7016052825996,3.972636963058423e+32
572.6376549342755,3.9770042423794996e+32
572.573718866304,3.99323553661213e+32
572.5097970739024,4.00379789026844e+32
572.44588955229,4.027875696567527e+32
572.3819962966885,4.055193617526377e+32
572.3181173023213,4.066691240609923e+32
572.2542525644144,4.0658481766232335e+32
572.1904020781956,4.048710131241727e+32
572.1265658388949,4.019464655296549e+32
572.0627438417446,3.9778039578450964e+32
571.9989360819789,3.954173962037157e+32
571.9351425548343,3.9204958781591346e+32
571.8713632555493,3.894231968791684e+32
571.8075981793646,3.890636901830687e+32
571.743847321523,3.8592356583727725e+32
571.6801106772695,3.830563081626369e+32
571.6163882418509,3.806803271515668e+32
571.5526800105166,3.767986133059634e+32
571.4889859785177,3.7642566588641375e+32
571.4253061411077,3.737879521561973e+32
571.3616404935422,3.7052399381377566e+32
571.2979890310786,3.670951250979368e+32
571.2343517489768,3.645010090577013e+32
571.1707286424985,3.63801437342899e+32
571.1071197069078,3.610768753801514e+32
571.0435249374707,3.5660505715614496e+32
570.9799443294554,3.564195139487487e+32
570.9163778781322,3.5661417723668904e+32
570.8528255787735,3.583492096039756e+32
570.7892874266536,3.598857128212873e+32
570.7257634170493,3.630989502658374e+32
570.6622535452393,3.641184359428313e+32
570.5987578065043,3.675348399248673e+32
570.5352761961273,3.694146975101314e+32
570.4718087093931,3.701710846798078e+32
570.4083553415891,3.74380719572891e+32
570.3449160880042,3.743682629549181e+32
570.28149094393,3.795613497614722e+32
570.2180799046596,3.806438581130419e+32
570.1546829654885,3.805989593084389e+32
570.0913001217145,3.8432053129900666e+32
570.027931368637,3.865874483139323e+32
569.964576701558,3.888120122454809e+32
569.9012361157811,3.9251562372533615e+32
569.8379096066124,3.942833721436077e+32
569.7745971693598,3.991225815270257e+32
569.7112987993335,4.0129889923687096e+32
569.6480144918454,4.042460697343589e+32
569.5847442422101,4.081724647188422e+32
569.5214880457439,4.090734423806541e+32
569.4582458977652,4.137699087725469e+32
569.3950177935943,4.1494377089950776e+32
569.331803728554,4.198698342766233e+32
569.2686036979688,4.238046045450238e+32
569.2054176971657,4.2518404666803614e+32
569.1422457214732,4.308012387536491e+32
569.0790877662223,4.313816182884263e+32
569.015943826746,4.35624923940714e+32
568.9528138983793,4.382428461656159e+32
568.8896979764594,4.4053604135988166e+32
568.8265960563252,4.444233297461879e+32
568.7635081333182,4.477105897725299e+32
568.7004342027815,4.5044006728768144e+32
568.6373742600606,4.560953739703341e+32
568.5743283005029,4.5795932477127375e+32
568.5112963194579,4.6146472815388385e+32
568.448278312277,4.699525372748775e+32
568.3852742743142,4.696015983979282e+32
568.3222842009246,4.7624389413986606e+32
568.2593080874665,4.797635005336593e+32
568.1963459292994,4.863874635664421e+32
568.1333977217851,4.906626669333396e+32
568.0704634602876,4.920845961234887e+32
568.007543140173,4.95123455608182e+32
567.9446367568089,5.0054712424918935e+32
567.8817443055658,5.03646081545598e+32
567.8188657818156,5.103420607995251e+32
567.7560011809325,5.1279503629735154e+32
567.6931504982927,5.156962557101832e+32
567.6303137292743,5.2076391930539476e+32
567.567490869258,5.243582112377441e+32
567.5046819136257,5.283098700102511e+32
567.4418868577621,5.316877656750228e+32
567.3791056970537,5.38463666852689e+32
567.3163384268886,5.391043461205128e+32
567.2535850426575,5.4429882655553174e+32
567.190845539753,5.494863149023887e+32
567.1281199135697,5.528203516926048e+32
567.0654081595042,5.586197604024157e+32
567.0027102729551,5.6134468720206626e+32
566.9400262493232,5.6596404869128986e+32
566.8773560840112,5.697624043645038e+32
566.8146997724239,5.733564477527175e+32
566.7520573099681,5.780559484031752e+32
566.6894286920525,5.820715588843161e+32
566.6268139140881,5.840825760404303e+32
566.5642129714877,5.895279685920262e+32
566.5016258596662,5.9348207262854906e+32
566.4390525740406,5.972777751727084e+32
566.37649311003,6.013135724113172e+32
566.3139474630551,6.062588169740674e+32
566.2514156285391,6.107684519600266e+32
566.1888976019069,6.169460509739071e+32
566.1263933785857,6.204037430467931e+32
566.0639029540044,6.236320032392008e+32
566.0014263235944,6.304906881823071e+32
565.9389634827884,6.352289178434327e+32
565.8765144270217,6.3922073813514645e+32
565.8140791517316,6.442370848106423e+32
565.7516576523569,6.488602972874775e+32
565.689249924339,6.541784863296483e+32
565.6268559631211,6.6193460718737e+32
565.5644757641483,6.650290321601277e+32
565.5021093228678,6.700459552154374e+32
565.4397566347287,6.764580421135087e+32
565.3774176951824,6.832270157191671e+32
565.315092499682,6.851633889403807e+32
565.2527810436827,6.918311522885608e+32
565.1904833226419,6.976808926434519e+32
565.1281993320184,7.036262261673294e+32
565.0659290672739,7.077468442625227e+32
565.0036725238714,7.124806640187194e+32
564.9414296972761,7.167297791145432e+32
564.8792005829554,7.205497723332355e+32
564.8169851763782,7.239373275351963e+32
564.754783473016,7.282895158331289e+32
564.6925954683419,7.297944573157965e+32
564.6304211578312,7.352198003152406e+32
564.5682605369609,7.389667405936128e+32
564.5061136012102,7.409747939933072e+32
564.4439803460606,7.466221705594312e+32
564.3818607669949,7.48571294068021e+32
564.3197548594984,7.528897358306205e+32
564.2576626190584,7.577979554162359e+32
564.1955840411638,7.563735141566028e+32
564.1335191213057,7.496035004266361e+32
564.0714678549772,7.43894802593925e+32
564.0094302376735,7.383405924273649e+32
563.9474062648917,7.329905410799212e+32
563.8853959321307,7.259399523767296e+32
563.8233992348917,7.095738558731788e+32
563.7614161686774,6.935118910629127e+32
563.699446728993,6.776548310157336e+32
563.6374909113455,6.60610614262903e+32
563.5755487112436,6.4579823419947894e+32
563.5136201241984,6.352798639649121e+32
563.4517051457227,6.2465093480159534e+32
563.3898037713313,6.1419680786857316e+32
563.3279159965412,6.0498396832583504e+32
563.2660418168709,5.944865040207285e+32
563.2041812278414,5.845054924505908e+32
563.1423342249753,5.7435217887706604e+32
563.0805008037975,5.647731240730499e+32
563.0186809598342,5.541527850280996e+32
562.9568746886144,5.419013005367011e+32
562.8950819856688,5.3138778163579286e+32
562.8333028465295,5.2067107873292805e+32
562.7715372667312,5.101763118335021e+32
562.7097852418104,5.0088341470813736e+32
562.6480467673056,4.913906674214783e+32
562.5863218387572,4.799182723014332e+32
562.5246104517073,4.6946382131229534e+32
562.4629126017003,4.5914137910241116e+32
562.4012282842826,4.4832363123196014e+32
562.3395574950022,4.377252312472606e+32
562.2779002294094,4.2661186067143584e+32
562.2162564830562,4.210525721981412e+32
562.1546262514967,4.146470049459303e+32
562.093009530287,4.091986114300284e+32
562.0314063149849,4.039760061507874e+32
561.9698166011503,3.964960840529852e+32
561.9082403843453,3.90361539842634e+32
561.8466776601333,3.847588976561593e+32
561.7851284240804,3.784267782299657e+32
561.723592671754,3.70846976813503e+32
561.6620703987239,3.6543950966197774e+32
561.6005616005616,3.600143695613387e+32
561.5390662728406,3.545543345640646e+32
561.4775844111364,3.4637434823945526e+32
561.4161160110262,3.411279647911138e+32
561.3546610680895,3.3407483273139914e+32
561.2932195779075,3.2817358235579584e+32
561.2317915360634,3.2199685111774998e+32
561.1703769381422,3.152027424042228e+32
561.108975779731,3.098367320176479e+32
561.0475880564189,3.0305751889158354e+32
560.9862137637967,2.9683711972532144e+32
560.9248528974573,2.912397606806538e+32
560.8635054529954,2.869899781676006e+32
560.8021714260077,2.830338176245542e+32
560.740850812093,2.776991029932224e+32
560.6795436068514,2.7281978368126533e+32
560.618249805886,2.67261731388859e+32
560.5569694048006,2.6339618477024176e+32
560.4957023992018,2.578180529831212e+32
560.4344487846979,2.530236735373809e+32
560.3732085568989,2.4860217792707733e+32
560.3119817114169,2.438663557417463e+32
560.250768243866,2.386283030242459e+32
560.1895681498619,2.3380434990703922e+32
560.1283814250226,2.2923031054050536e+32
560.0672080649679,2.2370006312337558e+32
560.0060480653191,2.1890362773604505e+32
559.9449014217001,2.1369937010342758e+32
559.8837681297363,2.088090861014509e+32
559.822648185055,2.0398572103478044e+32
559.7615415832855,1.9909895969241058e+32
559.7004483200591,1.9352381509454432e+32
559.6393683910088,1.9044764258490908e+32
559.5783017917697,1.8828892974294753e+32
559.5172485179787,1.851743099691791e+32
559.4562085652746,1.8314803392982094e+32
559.395181929298,1.813544338717503e+32
559.3341686056918,1.7796596597897654e+32
559.2731685901003,1.754806135274167e+32
559.21218187817,1.7334126346181566e+32
559.1512084655493,1.7015517253635163e+32
559.0902483478883,1.6805528216154993e+32
559.0293015208392,1.6480754105050584e+32
558.968367980056,1.6317605819971013e+32
558.9074477211947,1.6060156061750069e+32
558.8465407399128,1.5763880475901473e+32
558.7856470318703,1.5547431319514588e+32
558.7247665927288,1.5237558194826038e+32
558.6638994181516,1.5085324480429949e+32
558.6030455038041,1.4772943801786254e+32
558.5422048453536,1.4466471424800922e+32
558.4813774384693,1.427178886862741e+32
558.4205632788222,1.3989807119136038e+32
558.3597623620851,1.3744845792562428e+32
558.298974683933,1.3623379786234957e+32
558.2382002400424,1.3495274937326008e+32
558.177439026092,1.3386419176587652e+32
558.1166910377622,1.3275415738739647e+32
558.0559562707352,1.3113321817676351e+32
557.9952347206955,1.2951927182536092e+32
557.934526383329,1.2878400988177906e+32
557.8738312543235,1.2658064880737456e+32
557.8131493293691,1.2666764585196089e+32
557.7524806041574,1.2434993915033648e+32
557.6918250743822,1.2292106312558763e+32
557.6311827357385,1.2186267876850094e+32
557.5705535839242,1.2026368081684238e+32
557.5099376146379,1.1856157930730647e+32
557.4493348235812,1.172055863608468e+32
557.3887452064567,1.1708550343844104e+32
557.3281687589695,1.1418895134647898e+32
557.267605476826,1.1393902437814004e+32
557.207055355735,1.1171761878735222e+32
557.1465183914066,1.116053949694059e+32
557.0859945795532,1.0899468815382182e+32
557.0254839158891,1.0824644139333289e+32
556.9649863961303,1.0679688128504754e+32
556.9045020159944,1.0466471407853717e+32
556.8440307712011,1.0306168844555163e+32
556.7835726574723,1.0149183211718956e+32
556.7231276705312,9.942086173335886e+31
556.6626958061032,9.798141644513475e+31
556.6022770599155,9.553226310078165e+31
556.5418714276968,9.434980505459766e+31
556.4814789051784,9.166040838585799e+31
556.4210994880926,9.114421760693687e+31
556.3607331721742,8.855642546031583e+31
556.3003799531596,8.678210235889828e+31
556.2400398267869,8.533130204531051e+31
556.1797127887963,8.349810049085177e+31
556.1193988349298,8.058117624881807e+31
556.0590979609312,7.9642345278938835e+31
555.9988101625462,7.735288561210336e+31
555.9385354355222,7.537637006813548e+31
555.8782737756086,7.385398417056657e+31
555.8180251785566,7.17495016603442e+31
555.757789640119,7.030654698294448e+31
555.6975671560509,6.841735359054317e+31
555.6373577221091,6.8585674079435545e+31
555.5771613340519,6.849463645476808e+31
555.5169779876397,6.755217830724921e+31
555.456807678635,6.825120804143571e+31
555.3966504028014,6.758658655001055e+31
555.3365061559051,6.693614259016529e+31
555.2763749337139,6.6912977973437015e+31
555.2162567319971,6.657276261885789e+31
555.1561515465263,6.6033303328645595e+31
555.0960593730746,6.624346289577321e+31
555.035980207417,6.558507382560356e+31
554.9759140453305,6.503346638258769e+31
554.9158608825936,6.566946408288591e+31
554.8558207149872,6.491361481506533e+31
554.7957935382934,6.412892774382545e+31
554.7357793482964,6.399181723468819e+31
554.6757781407822,6.385813691468985e+31
554.6157899115389,6.34650759089163e+31
554.5558146563556,6.237890961558165e+31
554.4958523710243,6.333036398441916e+31
554.435903051338,6.299887942560118e+31
554.3759666930919,6.302954312123236e+31
554.316043292083,6.204349250452006e+31
554.2561328441099,6.261718080856375e+31
554.1962353449733,6.284696960549332e+31
554.1363507904755,6.264246880968397e+31
554.0764791764208,6.254959565295796e+31
554.016620498615,6.271465671295767e+31
553.9567747528661,6.264819085795947e+31
553.8969419349836,6.221367151788113e+31
553.837122040779,6.211776979997259e+31
553.7773150660656,6.177767763915155e+31
553.7175210066584,6.167919166461801e+31
553.6577398583744,6.203117212409897e+31
553.5979716170319,6.18189815224304e+31
553.5382162784518,6.178461736776069e+31
553.4784738384562,6.217378521753647e+31
553.4187442928692,6.230908169979326e+31
553.3590276375166,6.136480312629087e+31
553.2993238682262,6.179478428559553e+31
553.2396329808274,6.1849775869074895e+31
553.1799549711517,6.179276623073027e+31
553.1202898350318,6.217070886917664e+31
553.0606375683029,6.229723175943713e+31
553.0009981668017,6.221463713890635e+31
552.9413716263665,6.189396560994085e+31
552.8817579428376,6.184282547500354e+31
552.822157112057,6.2262369039592655e+31
552.7625691298688,6.205029937511586e+31
552.7029939921184,6.236208765496152e+31
552.6434316946535,6.24754585864438e+31
552.583882233323,6.295778972464228e+31
552.5243456039782,6.27147142764016e+31
552.4648218024716,6.3194525943685625e+31
552.4053108246583,6.34300851342218e+31
552.3458126663942,6.300847269716683e+31
552.2863273235376,6.2978571757656725e+31
552.2268547919485,6.298375912375291e+31
552.1673950674887,6.287945722688638e+31
552.1079481460215,6.32538798752671e+31
552.0485140234124,6.325173183296929e+31
551.9890926955283,6.2932767024427435e+31
551.9296841582383,6.338577325081743e+31
551.8702884074128,6.3808501876410705e+31
551.8109054389241,6.38522934556829e+31
551.7515352486469,6.375293764130099e+31
551.6921778324567,6.365762097866449e+31
551.6328331862312,6.433037991283468e+31
551.5735013058503,6.436895139068183e+31
551.5141821871949,6.4919950518916845e+31
551.4548758261484,6.471711356695882e+31
551.3955822185952,6.544129385311358e+31
551.3363013604223,6.521989220681329e+31
551.2770332475179,6.49910914530929e+31
551.2177778757721,6.58245092157685e+31
551.1585352410767,6.614507543502548e+31
551.0993053393256,6.607540388731455e+31
551.0400881664141,6.680722736569858e+31
550.9808837182394,6.691863669111088e+31
550.9216919907004,6.709264490018528e+31
550.862512979698,6.732255782353901e+31
550.8033466811344,6.753583278365669e+31
550.7441930909141,6.71361924899292e+31
550.685052204943,6.756761950752314e+31
550.6259240191287,6.782534034298615e+31
550.566808529381,6.8404065508466325e+31
550.5077057316109,6.893796903754441e+31
550.4486156217317,6.836406411111669e+31
550.389538195658,6.834693000189102e+31
550.3304734493063,6.919615550227923e+31
550.2714213785949,6.881420210053932e+31
550.2123819794441,6.917220547845608e+31
550.1533552477753,6.92306762646923e+31
550.0943411795123,6.984363011804167e+31
550.0353397705803,6.9564139823739805e+31
549.9763510169063,6.916529135943371e+31
549.917374914419,6.9813567563716235e+31
549.8584114590493,6.952117734977177e+31
549.7994606467291,6.92492613684601e+31
549.7405224733926,6.967368322036705e+31
549.6815969349755,6.968338823837136e+31
549.6226840274152,6.892737488622714e+31
549.5637837466511,6.87806137165264e+31
549.5048960886242,6.846383707729947e+31
549.4460210492771,6.920157582586029e+31
549.3871586245543,6.841811243105517e+31
549.3283088104021,6.845745933851715e+31
549.2694716027684,6.785119577161597e+31
549.2106469976027,6.782549646742296e+31
549.1518349908566,6.676416246588723e+31
549.0930355784833,6.680924788937126e+31
549.0342487564374,6.567767289435424e+31
548.9754745206758,6.529381138062571e+31
548.9167128671567,6.516214015221884e+31
548.8579637918401,6.402758693364276e+31
548.799227290688,6.3484976195485405e+31
548.7405033596638,6.307886947863911e+31
548.6817919947326,6.221543628758763e+31
548.6230931918617,6.23434197921721e+31
548.5644069470196,6.270882765363643e+31
548.5057332561769,6.170045868113616e+31
548.4470721153054,6.184081833620748e+31
548.3884235203794,6.164206914271298e+31
548.3297874673743,6.150906958237366e+31
548.2711639522674,6.18454085471613e+31
548.2125529710379,6.133261611674454e+31
548.1539545196664,6.169762921685885e+31
548.0953685941354,6.1529709502686155e+31
548.0367951904291,6.137510064425269e+31
547.9782343045334,6.141476317087037e+31
547.919685932436,6.131130006751115e+31
547.8611500701262,6.106639365368283e+31
547.8026267135951,6.132774364286287e+31
547.7441158588354,6.124832880110499e+31
547.6856175018415,6.113871102820674e+31
547.62713163861,6.102813933809737e+31
547.5686582651382,6.076483815924039e+31
547.5101973774262,6.036223946754297e+31
547.451748971475,6.061779791704742e+31
547.3933130432879,6.0370860346268555e+31
547.3348895888694,6.0040610623513785e+31
547.276478604226,5.946190339231709e+31
547.2180800853661,5.951922580262631e+31
547.1596940282991,5.929969248977754e+31
547.1013204290368,5.9599377065929295e+31
547.0429592835925,5.893722044431093e+31
546.984610587981,5.84717286268729e+31
546.9262743382192,5.7889027242331425e+31
546.8679505303252,5.657103364791717e+31
546.8096391603191,5.563659725783655e+31
546.7513402242226,5.475258487854893e+31
546.6930537180594,5.371898605380176e+31
546.6347796378544,5.265059160224513e+31
546.5765179796346,5.275090051677185e+31
546.5182687394282,5.294184683436443e+31
546.4600319132659,5.292913533038816e+31
546.4018074971792,5.340035617638427e+31
546.3435954872019,5.361900646294671e+31
546.2853958793693,5.359893643404685e+31
546.2272086697183,5.37064916992141e+31
546.1690338542876,5.402975448348875e+31
546.1108714291175,5.4007699380699525e+31
546.0527213902502,5.422968074934194e+31
545.9945837337294,5.447108063505723e+31
545.9364584556004,5.444732099391631e+31
545.8783455519103,5.423583407500868e+31
545.820245018708,5.424743948354889e+31
545.7621568520439,5.3943622919022315e+31
545.7040810479701,5.309066490115999e+31
545.6460176025405,5.209668624088405e+31
545.5879665118106,5.241268281837595e+31
545.5299277718376,5.253471830998893e+31
545.4719013786802,5.2929104496227385e+31
545.4138873283991,5.302822147711107e+31
545.3558856170565,5.30949083211292e+31
545.2978962407163,5.339622506137203e+31
545.2399191954439,5.378710203830585e+31
545.1819544773068,5.388486047292246e+31
545.1240020823736,5.401544364787889e+31
545.0660620067151,5.4242401399444575e+31
545.0081342464036,5.452221260805512e+31
544.9502187975128,5.477832619116186e+31
544.8923156561185,5.49282720437082e+31
544.8344248182977,5.501913707494059e+31
544.7765462801295,5.5383474662448055e+31
544.7186800376945,5.554830703410658e+31
544.660826087075,5.5655622025579055e+31
544.6029844243546,5.603409521496405e+31
544.5451550456193,5.61784588674312e+31
544.487337946956,5.543313610714952e+31
544.4295331244539,5.46369598372499e+31
544.3717405742033,5.372458659876977e+31
544.3139602922967,5.283987428603443e+31
544.2561922748276,5.181587259857472e+31
544.1984365178919,5.104918629638207e+31
544.1406930175866,5.012825402568811e+31
544.0829617700107,4.918395012807674e+31
544.0252427712646,4.821618376416289e+31
543.9675360174505,4.74163565005408e+31
543.9098415046722,4.653466815829956e+31
543.8521592290351,4.5648774253002215e+31
543.7944891866466,4.469446172617624e+31
543.7368313736151,4.389054177571457e+31
543.6791857860513,4.289069736675919e+31
543.6215524200672,4.19987505350564e+31
543.5639312717766,4.112525863333723e+31
543.5063223372946,4.00896552922997e+31
543.4487256127385,3.9203252067536667e+31
543.3911410942268,3.8240271477599468e+31
543.3335687778798,3.7367036407117222e+31
543.2760086598196,3.6783464893371786e+31
543.2184607361696,3.6209905406036045e+31
543.1609250030554,3.5650369778381743e+31
543.1034014566034,3.512128655452428e+31
543.0458900929423,3.4523668327078657e+31
542.9883909082024,3.3879487405420653e+31
542.9309038985153,3.3310091677090313e+31
542.8734290600146,3.2695311472665727e+31
542.8159663888354,3.209688024465657e+31
542.7585158811141,3.1614139367467193e+31
542.7010775329894,3.0971298194853245e+31
542.6436513406012,3.0332213600350927e+31
542.5862373000908,2.9713980007882458e+31
542.528835407602,2.9114438748467545e+31
542.4714456592791,2.8535458110294173e+31
542.4140680512689,2.790446145284151e+31
542.3567025797197,2.73112818972565e+31
542.2993492407809,2.669993873547213e+31
542.2420080306041,2.6146970228345877e+31
542.1846789453424,2.551453654908761e+31
542.1273619811502,2.493044132224585e+31
542.070057134184,2.4321267745079434e+31
542.0127644006016,2.400068859727708e+31
541.9554837765626,2.383712415432685e+31
541.8982152582281,2.3624665578315156e+31
541.8409588417608,2.3332207029176444e+31
541.7837145233251,2.3028261431223635e+31
541.7264822990871,2.274172278155389e+31
541.6692621652145,2.255562991372077e+31
541.6120541178765,2.2219952641081056e+31
541.5548581532438,2.199709128469215e+31
541.497674267489,2.164238955322355e+31
541.4405024567862,2.1403945148470443e+31
541.3833427173113,2.10668112726775e+31
541.3261950452413,2.079864727606232e+31
541.2690594367555,2.0494244562950218e+31
541.2119358880341,2.0275835152482198e+31
541.1548243952595,2.0036719408575057e+31
541.0977249546154,1.9736875720557618e+31
541.0406375622873,1.9454474623533173e+31
540.9835622144622,1.9168695127833727e+31
540.9264989073284,1.8950962339203744e+31
540.8694476370766,1.864777923897003e+31
540.8124083998983,1.8379749227251553e+31
540.7553811919871,1.8266740260112495e+31
540.698366009538,1.816082898826654e+31
540.6413628487475,1.7989871735328137e+31
540.584371705814,1.7952420886165104e+31
540.5273925769374,1.7841126737102428e+31
540.4704254583189,1.7687579699399923e+31
540.4134703461618,1.7627086048444638e+31
540.3565272366708,1.7494092444065717e+31
540.2995961260519,1.7425825017807633e+31
540.2426770105131,1.7241503296508584e+31
540.1857698862639,1.7047801646814402e+31
540.1288747495153,1.699672933518319e+31
540.0719915964798,1.6864286152930597e+31
540.0151204233719,1.6824396849405474e+31
539.9582612264072,1.6682144302991095e+31
539.9014140018032,1.654243758644458e+31
539.8445787457791,1.6506259844075607e+31
539.7877554545553,1.63691232447421e+31
539.730944124354,1.6315347562775359e+31
539.6741447513991,1.6073167991182436e+31
539.617357331916,1.6044645037415897e+31
539.5605818621315,1.5926035588143045e+31
539.5038183382743,1.5773968876283888e+31
539.4470667565745,1.587182301180096e+31
539.3903271132639,1.573132500167787e+31
539.3335994045757,1.5845537666698597e+31
539.2768836267448,1.569545091886138e+31
539.220179776008,1.5810552052263744e+31
539.1634878486029,1.5649465077913665e+31
539.1068078407694,1.579428135345564e+31
539.0501397487487,1.5723743252917032e+31
538.9934835687836,1.5831121423771034e+31
538.9368392971186,1.5612756290643314e+31
538.8802069299995,1.570241089775112e+31
538.8235864636738,1.5683367427082692e+31
538.766977894391,1.5711099018447406e+31
538.7103812184013,1.561102644831515e+31
538.6537964319573,1.5699211795747566e+31
538.5972235313127,1.551792967283328e+31
538.540662512723,1.567664659226083e+31
538.4841133724452,1.552471751569526e+31
538.4275761067379,1.5568923362338526e+31
538.3710507118611,1.5567424820234644e+31
538.3145371840767,1.5560304352996233e+31
538.2580355196478,1.5460791309032373e+31
538.2015457148393,1.5580483243178054e+31
538.1450677659177,1.565925047612867e+31
538.0886016691509,1.5531164011740454e+31
538.0321474208084,1.5669394078530935e+31
537.9757050171614,1.567361641962279e+31
537.9192744544825,1.571874936226613e+31
537.8628557290461,1.5656289556541455e+31
537.806448837128,1.5781694326932552e+31
537.7500537750054,1.5729163239369476e+31
537.6936705389572,1.581528659008535e+31
537.6372991252641,1.5827836825871566e+31
537.5809395302081,1.5820656677098486e+31
537.5245917500725,1.5873343209868386e+31
537.468255781143,1.5997012437367715e+31
537.4119316197058,1.5957298685046751e+31
537.3556192620495,1.603510753400669e+31
537.2993187044639,1.6092338798947102e+31
537.2430299432402,1.60852927763745e+31
537.1867529746717,1.6136355608892324e+31
537.1304877950524,1.6245695464075338e+31
537.0742344006788,1.6217893616746157e+31
537.0179927878484,1.6175148755699447e+31
536.9617629528601,1.6343299235831815e+31
536.9055448920149,1.6401363081556853e+31
536.8493386016148,1.6493542557793612e+31
536.7931440779638,1.653153028531916e+31
536.7369613173672,1.6486140140993283e+31
536.6807903161318,1.6681003383583006e+31
536.6246310705661,1.6724106304727635e+31
536.5684835769802,1.6672350594194958e+31
536.5123478316854,1.6742755766673768e+31
536.4562238309948,1.696206883215897e+31
536.4001115712232,1.692110142330221e+31
536.3440110486866,1.6935616531739098e+31
536.2879222597028,1.6980754351943637e+31
536.2318452005909,1.7141626268089206e+31
536.1757798676718,1.7214475765990107e+31
536.1197262572678,1.7266293146982524e+31
536.0636843657027,1.739059780033017e+31
536.0076541893018,1.7305466817834872e+31
535.9516357243922,1.7401013568484885e+31
535.8956289673023,1.7508314952205788e+31
535.8396339143621,1.752263137968419e+31
535.7836505619031,1.7733334527110449e+31
535.7276789062583,1.7744368947574593e+31
535.6717189437626,1.7907375194494469e+31
535.6157706707515,1.7963215109391134e+31
535.5598340835634,1.8091461320686288e+31
535.503909178537,1.7966199848097933e+31
535.4479959520131,1.8075696536707874e+31
535.392094400334,1.8245587113414662e+31
535.3362045198436,1.8252158283915362e+31
535.2803263068869,1.8465124771758554e+31
535.2244597578109,1.8433147833055865e+31
535.1686048689639,1.8509445318330389e+31
535.1127616366958,1.8550197868732913e+31
535.056930057358,1.8645058399542032e+31
535.0011101273035,1.8700613290294975e+31
534.9453018428866,1.8825985562675495e+31
534.8895052004632,1.8821453685715495e+31
534.8337201963909,1.8827651078261498e+31
534.7779468270287,1.9014472952272935e+31
534.7221850887371,1.9059069193563852e+31
534.6664349778782,1.9120676235923674e+31
534.6106964908154,1.9264130169173003e+31
534.5549696239138,1.9326772688471561e+31
534.4992543735401,1.935810720754395e+31
534.4435507360623,1.9600916015815831e+31
534.3878587078501,1.9578558983556545e+31
534.3321782852746,1.949883852018059e+31
534.2765094647084,1.9687227914693186e+31
534.2208522425256,1.9826968584410456e+31
534.1652066151019,1.9850323979039456e+31
534.1095725788146,1.9849919625526317e+31
534.0539501300422,1.9977061401271894e+31
533.9983392651649,2.0156410894812588e+31
533.9427399805645,2.0231940599222272e+31
533.8871522726241,2.024071428029136e+31
533.8315761377285,2.02883128657894e+31
533.7760115722639,2.037740287172747e+31
533.720458572618,2.0394411629180467e+31
533.66491713518,2.048812323456057e+31
533.6093872563406,2.071976618548185e+31
533.553868932492,2.0728099975888662e+31
533.4983621600281,2.0717590377229826e+31
533.442866935344,2.091103331345658e+31
533.3873832548365,2.090065711895669e+31
533.3319111149036,2.1055763118908073e+31
533.2764505119454,2.113449081169406e+31
533.2210014423628,2.1175869031900263e+31
533.1655639025587,2.1202655266563177e+31
533.1101378889372,2.1257929828267785e+31
533.054723397904,2.137644106013967e+31
532.9993204258665,2.1480655459341445e+31
532.9439289692332,2.1602026065804813e+31
532.8885490244143,2.1719505160182536e+31
532.8331805878215,2.1690275193976307e+31
532.7778236558681,2.180356452838771e+31
532.7224782249688,2.184418177579055e+31
532.6671442915393,2.1955243682101747e+31
532.6118218519978,2.1985281884990152e+31
532.5565109027631,2.2084251949053693e+31
532.501211440256,2.222681532857328e+31
532.4459234608985,2.215013527810155e+31
532.3906469611142,2.2340277494553657e+31
532.3353819373282,2.250777321991938e+31
532.2801283859669,2.2567772203089417e+31
532.2248863034587,2.2630817802101973e+31
532.1696556862328,2.268808320739293e+31
532.1144365307204,2.2729780744981725e+31
532.0592288333537,2.282346643556615e+31
532.004032590567,2.2877035974022663e+31
531.9488477987957,2.3015735434545206e+31
531.8936744544766,2.3025080202764026e+31
531.8385125540481,2.3098144023892594e+31
531.7833620939501,2.317179647197067e+31
531.7282230706242,2.334780430582591e+31
531.6730954805129,2.3328282818616547e+31
531.6179793200606,2.3472180016425874e+31
531.5628745857132,2.3520760157176463e+31
531.5077812739179,2.3536937321620813e+31
531.4526993811234,2.363408107173387e+31
531.3976289037798,2.3814733855513852e+31
531.342569838339,2.385236157740184e+31
531.2875221812541,2.3874352546748807e+31
531.2324859289795,2.3979337135257957e+31
531.1774610779715,2.4056343567987475e+31
531.1224476246877,2.4173238972851072e+31
531.0674455655868,2.4210000934171722e+31
531.0124548971296,2.4402063627549973e+31
530.957475615778,2.4470171528181744e+31
530.9025077179951,2.4501715403006903e+31
530.8475512002464,2.4571938956917796e+31
530.7926060589976,2.468701134020963e+31
530.7376722907169,2.479523907193612e+31
530.6827498918734,2.4885422014646758e+31
530.6278388589378,2.49045301163864e+31
530.5729391883825,2.501346527671268e+31
530.5180508766811,2.5213311197392195e+31
530.4631739203085,2.5296330348492627e+31
530.4083083157415,2.5418913184510647e+31
530.3534540594579,2.5485994692098868e+31
530.2986111479373,2.5569950735963627e+31
530.2437795776608,2.563272069023537e+31
530.1889593451106,2.578685460849835e+31
530.1341504467706,2.58321406734074e+31
530.079352879126,2.6027717436407694e+31
530.0245666386637,2.6069076165153833e+31
529.9697917218718,2.6220649003592336e+31
529.9150281252402,2.6346369941804215e+31
529.8602758452596,2.647374629666668e+31
529.8055348784228,2.652492214279397e+31
529.7508052212239,2.657920295739316e+31
529.6960868701583,2.663196815065372e+31
529.6413798217227,2.678060516975484e+31
529.5866840724157,2.691105047723677e+31
529.5319996187369,2.7027220924698136e+31
529.4773264571877,2.71201041435732e+31
529.4226645842708,2.7180421182808853e+31
529.3680139964903,2.734966877372205e+31
529.3133746903517,2.745613934388237e+31
529.258746662362,2.7571759609287394e+31
529.2041299090298,2.760941834284468e+31
529.1495244268649,2.7806474318690832e+31
529.0949302123787,2.7846078065081897e+31
529.040347262084,2.7992885859900244e+31
528.9857755724948,2.8039056106506904e+31
528.931215140127,2.8166991805778814e+31
528.8766659614978,2.8271058896330516e+31
528.8221280331254,2.8397616695953924e+31
528.76760135153,2.8469213222078914e+31
528.7130859132329,2.8380601081422508e+31
528.6585817147569,2.825216331479145e+31
528.6040887526265,2.789154005366709e+31
528.5496070233671,2.7582147385305743e+31
528.4951365235062,2.719834304614453e+31
528.440677249572,2.6832736198697204e+31
528.3862291980946,2.628904108786003e+31
528.3317923656056,2.6019114299841714e+31
528.2773667486376,2.570673829887345e+31
528.2229523437252,2.544829414222856e+31
528.168549147404,2.5176026436732285e+31
528.1141571562109,2.482104006949322e+31
528.0597763666847,2.440291368823961e+31
528.0054067753654,2.4031498814463157e+31
527.9510483787943,2.3599672160598766e+31
527.8967011735143,2.326167690677496e+31
527.8423651560698,2.2836284584327754e+31
527.7880403230063,2.24639423012298e+31
527.733726670871,2.1979245191586466e+31
527.6794241962123,2.1589193871904974e+31
527.6251328955804,2.1183835586780005e+31
527.5708527655264,2.0753713567214956e+31
527.5165838026032,2.031516873865993e+31
527.4623260033652,1.995649634405469e+31
527.4080793643678,1.9448505283227994e+31
527.3538438821681,1.9047208780262026e+31
527.2996195533244,1.8587703642035619e+31
527.2454063743969,1.812157994165083e+31
527.1912043419467,1.769950165643898e+31
527.1370134525365,1.729076599022561e+31
527.0828337027306,1.6969384891985473e+31
527.0286650890941,1.673908936937696e+31
526.9745076081945,1.6465469948872004e+31
526.9203612565997,1.627611632175282e+31
526.8662260308796,1.600439869178248e+31
526.8121019276055,1.5786112834259068e+31
526.7579889433498,1.5584848390393066e+31
526.7038870746866,1.5302783796885404e+31
526.6497963181913,1.5030943620179226e+31
526.5957166704407,1.479354112716012e+31
526.5416481280128,1.4602313087360593e+31
526.4875906874875,1.4315081437586855e+31
526.4335443454456,1.4060353794210604e+31
526.3795090984698,1.3847353596937708e+31
526.3254849431437,1.3539054509778653e+31
526.2714718760525,1.3292640892933424e+31
526.217469893783,1.299995385239807e+31
526.163478992923,1.2749577721000621e+31
526.1094991700622,1.2501277917816357e+31
526.0555304217913,1.2225040818874405e+31
526.0015727447026,1.1949989930474e+31
525.9476261353894,1.1693722004655984e+31
525.8936905904471,1.1441647659836677e+31
525.8397661064721,1.1284567041587704e+31
525.7858526800619,1.112892392397411e+31
525.7319503078161,1.0996955418349833e+31
525.678058986335,1.085694571530113e+31
525.6241787122208,1.0760708842480455e+31
525.5703094820767,1.0611941800531078e+31
525.5164512925077,1.050539801282926e+31
525.4626041401199,1.034313219249048e+31
525.4087680215208,1.0199132288323705e+31
525.3549429333193,1.0056122052375359e+31
525.3011288721259,9.927434614941639e+30
525.2473258345523,9.79668486796519e+30
525.1935338172117,9.623227967397332e+30
525.1397528167183,9.499400061584933e+30
525.0859828296884,9.369638628431468e+30
525.032223852739,9.242619629268929e+30
524.9784758824887,9.090771480788297e+30
524.9247389155579,8.950981731899506e+30
524.8710129485679,8.798849383718378e+30
524.8172979781414,8.680042991989078e+30
524.7635940009026,8.523452795453623e+30
524.7099010134772,8.390610420703317e+30
524.656219012492,8.278261228160921e+30
524.6025479945756,8.137601028094883e+30
524.5488879563575,8.118151000623135e+30
524.4952388944689,8.035910912314307e+30
524.4416008055423,7.968852179173086e+30
524.3879736862115,7.874400683682557e+30
524.3343575331118,7.815233050112148e+30
524.2807523428796,7.778813480932397e+30
524.2271581121531,7.688834651517472e+30
524.1735748375718,7.587352513909776e+30
524.120002515776,7.583114326921479e+30
524.0664411434082,7.465552942275071e+30
524.0128907171116,7.419266562834012e+30
523.9593512335313,7.339612457571815e+30
523.9058226893134,7.251417068415237e+30
523.8523050811054,7.204894364846033e+30
523.7987984055565,7.144037060242255e+30
523.7453026593167,7.065280315157002e+30
523.6918178390381,6.968825764614444e+30
523.6383439413735,6.913650932519106e+30
523.5848809629773,6.844677809843891e+30
523.5314289005055,6.782987980732922e+30
523.4779877506151,6.702387354982429e+30
523.4245575099648,6.617928038676717e+30
523.3711381752141,6.593896951151995e+30
523.3177297430249,6.551936280757073e+30
523.2643322100593,6.576755384041279e+30
523.2109455729814,6.540215920920294e+30
523.1575698284566,6.539908500424313e+30
523.1042049731517,6.506988185021126e+30
523.0508510037346,6.503239125796407e+30
522.9975079168748,6.460714576240707e+30
522.944175709243,6.491460350934444e+30
522.8908543775116,6.43533319031307e+30
522.8375439183537,6.410144293795476e+30
522.7842443284444,6.389386880737001e+30
522.73095560446,6.385652868791853e+30
522.6776777430778,6.377307496693268e+30
522.6244107409769,6.354397752256787e+30
522.5711545948375,6.341568166238986e+30
522.5179093013413,6.289440933579922e+30
522.4646748571712,6.288034955218083e+30
522.4114512590116,6.26144911436052e+30
522.3582385035481,6.242662623444329e+30
522.3050365874678,6.221052584877788e+30
522.251845507459,6.240255060456614e+30
522.1986652602116,6.209641259994272e+30
522.1454958424165,6.14665212128344e+30
522.0923372507661,6.076236822514106e+30
522.0391894819544,6.002068332369645e+30
521.9860525326764,5.913483190764817e+30
521.9329263996284,5.8573959565465e+30
521.8798110795084,5.777837154186559e+30
521.8267065690155,5.735308627794749e+30
521.7736128648502,5.687173594509001e+30
521.7205299637143,5.638778493655954e+30
521.667457862311,5.567910469985616e+30
521.6143965573449,5.51799488595065e+30
521.5613460455219,5.441803280823434e+30
521.5083063235489,5.412655977349471e+30
521.4552773881348,5.366861918527518e+30
521.4022592359893,5.350130979758119e+30
521.3492518638236,5.307913699115641e+30
521.2962552683503,5.298113896662722e+30
521.2432694462833,5.249297170665326e+30
521.1902943943378,5.229206812045783e+30
521.1373301092304,5.204835183638499e+30
521.084376587679,5.181770508310132e+30
521.0314338264027,5.162468244937445e+30
520.9785018221223,5.123671707364231e+30
520.9255805715595,5.092585376555053e+30
520.8726700714377,5.083680022283149e+30
520.8197703184813,5.001019419682533e+30
520.7668813094162,5.0290096083328455e+30
520.7140030409698,4.972839908113275e+30
520.6611355098704,4.968914896160329e+30
520.6082787128481,4.925506719815738e+30
520.555432646634,4.9175120879543035e+30
520.5025973079605,4.894967130375405e+30
520.4497726935618,4.879712850914377e+30
520.3969588001727,4.8759660885994406e+30
520.3441556245301,4.8688262798365796e+30
520.2913631633714,4.8335236532387944e+30
520.2385814134362,4.818285221268803e+30
520.1858103714646,4.8095708477128345e+30
520.1330500341987,4.811678925690517e+30
520.0803003983815,4.7939056082804e+30
520.0275614607574,4.793142851422061e+30
519.9748332180723,4.8096298822728604e+30
519.9221156670731,4.7992155894891475e+30
519.8694088045083,4.7942569759668645e+30
519.8167126271277,4.802362596786015e+30
519.7640271316822,4.795184821240859e+30
519.7113523149243,4.7757831133560697e+30
519.6586881736076,4.750783430493307e+30
519.6060347044871,4.7324184391570687e+30
519.553391904319,4.7260221047847225e+30
519.5007597698611,4.7254981470980196e+30
519.4481382978723,4.7174796410714056e+30
519.3955274851128,4.7588736386998933e+30
519.3429273283441,4.745188216570116e+30
519.2903378243293,4.679643246032493e+30
519.2377589698323,4.6194079709938076e+30
519.1851907616187,4.547035916584423e+30
519.1326331964553,4.4987802554656053e+30
519.0800862711103,4.42582899238169e+30
519.0275499823531,4.3705902429542104e+30
518.9750243269543,4.29101623638902e+30
518.922509301686,4.219825547803591e+30
518.8700049033216,4.1565948617393704e+30
518.8175111286356,4.084517377150404e+30
518.7650279744041,4.082294329797631e+30
518.7125554374044,4.067430558808341e+30
518.6600935144148,4.037952320237226e+30
518.6076422022155,4.002330769833816e+30
518.5552014975874,3.9726778120548936e+30
518.5027713973132,3.984248330799149e+30
518.4503518981763,3.9433532634783675e+30
518.3979429969621,3.917679306189748e+30
518.345544690457,3.9010502319316546e+30
518.2931569754484,3.911356309394832e+30
518.2407798487255,3.8841050661818845e+30
518.1884133070785,3.8460334642802084e+30
518.1360573472988,3.8340167962387854e+30
518.0837119661795,3.8067247091187075e+30
518.0313771605146,3.779800627403547e+30
517.9790529270996,3.7703721480552984e+30
517.9267392627313,3.724583978202073e+30
517.8744361642076,3.704507551800255e+30
517.8221436283279,3.702567818444124e+30
517.7698616518929,3.6726245531702166e+30
517.7175902317045,3.65320932884475e+30
517.6653293645658,3.6273873357189206e+30
517.6130790472813,3.609486982910966e+30
517.560839276657,3.579454958576167e+30
517.5086100494997,3.547694259881994e+30
517.4563913626179,3.50582574333071e+30
517.4041832128213,3.470224625747641e+30
517.3519855969207,3.4356331531350826e+30
517.2997985117285,3.404103134674641e+30
517.247621954058,3.378972102884195e+30
517.1954559207243,3.3328142816615297e+30
517.1433004085432,3.3067360503153524e+30
517.0911554143322,3.271743696837391e+30
517.0390209349099,3.2426231778096155e+30
516.9868969670964,3.2033576048625856e+30
516.9347835077127,3.180352051757149e+30
516.8826805535813,3.1383645661258656e+30
516.8305881015261,3.0988331052624633e+30
516.7785061483722,3.063607134661393e+30
516.7264346909459,3.0421144206071837e+30
516.6743737260747,3.033387006978469e+30
516.6223232505877,2.9793339733606313e+30
516.5702832613148,2.9460787397363254e+30
516.5182537550877,2.910111516397353e+30
516.466234728739,2.8850640963572183e+30
516.4142261791028,2.830027686939913e+30
516.3622281030142,2.8180939687058483e+30
516.31024049731,2.817496991422678e+30
516.2582633588279,2.815843524709119e+30
516.2062966844069,2.784512689502041e+30
516.1543404708875,2.7837296980168605e+30
516.1023947151115,2.773955931340489e+30
516.0504594139214,2.7549165242418403e+30
515.9985345641619,2.7638922285083284e+30
515.946620162678,2.73394508400462e+30
515.8947162063166,2.721618687784795e+30
515.8428226919258,2.735750582275181e+30
515.7909396163548,2.714533807307198e+30
515.739066976454,2.686984459473966e+30
515.6872047690753,2.6897780482032586e+30
515.6353529910717,2.668158861237321e+30
515.5835116392977,2.683116094747492e+30
515.5316807106088,2.6665841391090095e+30
515.4798602018619,2.6433884797597126e+30
515.428050109915,2.6372659319308704e+30
515.3762504316276,2.622151076415679e+30
515.3244611638603,2.631479525222674e+30
515.272682303475,2.5936148045146454e+30
515.2209138473348,2.575567017286568e+30
515.1691557923044,2.5753154678420695e+30
515.1174081352492,2.5899396564472885e+30
515.0656708730363,2.5925386746923585e+30
515.0139440025339,2.572453334865981e+30
514.9622275206113,2.571627890245397e+30
514.9105214241396,2.6008854046365807e+30
514.8588257099904,2.5859548260869236e+30
514.807140375037,2.6112684288837946e+30
514.755465416154,2.6081315687494224e+30
514.7038008302172,2.616544289154208e+30
514.6521466141036,2.6211697765348545e+30
514.6005027646912,2.6234826131043414e+30
514.5488692788598,2.607531308723136e+30
514.49724615349,2.619636483249056e+30
514.4456333854638,2.628335330160618e+30
514.3940309716646,2.6429705431713734e+30
514.3424389089768,2.6364650757248294e+30
514.2908571942862,2.651759869170541e+30
514.2392858244798,2.6389192871837804e+30
514.1877247964459,2.649414169592492e+30
514.136174107074,2.677757748937476e+30
514.0846337532548,2.679678309525841e+30
514.0331037318803,2.6506767769988316e+30
513.9815840398438,2.655871424442668e+30
513.9300746740398,2.660578781163489e+30
513.878575631364,2.6918294917455676e+30
513.8270869087135,2.675479664326475e+30
513.7756085029863,2.685477334132412e+30
513.7241404110821,2.690157615838835e+30
513.6726826299014,2.706728415206464e+30
513.6212351563463,2.679371653505485e+30
513.5697979873199,2.696548108157885e+30
513.5183711197268,2.696730201273066e+30
513.4669545504726,2.6650975409268135e+30
513.4155482764639,2.62180643797193e+30
513.3641522946094,2.5950851804535254e+30
513.3127666018182,2.56455252597604e+30
513.2613911950008,2.526159395822683e+30
513.2100260710694,2.505402262770738e+30
513.1586712269367,2.4552868859008256e+30
513.1073266595173,2.4221132758345417e+30
513.0559923657269,2.390977898094112e+30
513.0046683424819,2.3535706292182613e+30
512.9533545867007,2.3107492183535352e+30
512.9020510953023,2.2869602407210208e+30
512.8507578652075,2.2540473496305843e+30
512.7994748933377,2.2131577818225297e+30
512.7482021766161,2.1817927966690632e+30
512.6969397119668,2.138450184920376e+30
512.6456874963154,2.10664693571209e+30
512.5944455265883,2.0680904554454795e+30
512.5432137997135,2.0322779889099244e+30
512.4919923126201,1.9936409734119414e+30
512.4407810622384,1.9698081944470333e+30
512.3895800455002,1.9466372880356417e+30
512.338389259338,1.9415882681920687e+30
512.2872087006859,1.932321559625037e+30
512.2360383664793,1.910150976799741e+30
512.1848782536543,1.9064594206753017e+30
512.1337283591491,1.8768010416590937e+30
512.0825886799023,1.879022355389258e+30
512.031459212854,1.8502267052232366e+30
511.98033995494575,1.8382549752979438e+30
511.9292309031199,1.832378089885491e+30
511.8781320543205,1.8035828734303784e+30
511.8270434054924,1.8096401156669863e+30
511.77596495358193,1.7866215955814187e+30
511.7248966955365,1.7655449412868212e+30
511.67383862830474,1.744961938999967e+30
511.6227907488367,1.7321748852546894e+30
511.57175305408333,1.7359422041819056e+30
511.5207255409971,1.7017137344437442e+30
511.4697082065315,1.6945392830327302e+30
511.4187010476412,1.674699533968745e+30
511.3677040612823,1.654731004112299e+30
511.3167172444119,1.6373693507087233e+30
511.26574059398854,1.608827979304763e+30
511.21477410697173,1.6095196776160114e+30
511.16381778032223,1.620972199259729e+30
511.1128716110022,1.6189838979577585e+30
511.0619355959749,1.623921143809104e+30
511.0110097322047,1.628602182094341e+30
510.9600940166573,1.6268147662711476e+30
510.9091884462996,1.6210087128614965e+30
510.85829301809974,1.6319350877830573e+30
510.80740772902686,1.6316948994705665e+30
510.7565325760516,1.631379343227541e+30
510.7056675561457,1.624843363069954e+30
510.65481266628194,1.626551122992015e+30
510.6039679034346,1.6362726368124274e+30
510.55313326457883,1.6200763625017505e+30
510.5023087466913,1.6488444644310792e+30
510.45149434674966,1.6417147908822715e+30
510.400690061733,1.6459896864804796e+30
510.34989588862123,1.636779627424153e+30
510.2991118243959,1.6379924785372427e+30
510.2483378660394,1.6366361264785575e+30
510.19757401053556,1.6434854363788973e+30
510.14682025486934,1.6478132349681713e+30
510.0960765960269,1.641833761864601e+30
510.0453430309954,1.6395535456638056e+30
509.99461955676367,1.6422705156676957e+30
509.9439061703212,1.665170702308957e+30
509.8932028686591,1.6590666504363222e+30
509.84250964876946,1.6619962408970663e+30
509.79182650764557,1.6659584030559385e+30
509.74115344228204,1.6657682101703837e+30
509.6904904496744,1.6673332223424843e+30
509.6398375268198,1.6747729901630158e+30
509.58919467071615,1.660320826174528e+30
509.538561878363,1.6679416949774133e+30
509.48793914676054,1.6675420581238987e+30
509.4373264729106,1.6829814011270018e+30
509.38672385381614,1.684548476076635e+30
509.3361312864812,1.6800408632042075e+30
509.28554876791094,1.6943876029347274e+30
509.23497629511184,1.6979590767926208e+30
509.1844138650916,1.6924241407859538e+30
509.1338614748589,1.69288432575947e+30
509.083319121424,1.7015167964160455e+30
509.0327868017979,1.7062625446182427e+30
508.9822645129931,1.7082523222585002e+30
508.931752252023,1.7168050380921924e+30
508.8812500159025,1.7131824645578027e+30
508.83075780164756,1.7143878086753446e+30
508.78027560627527,1.72300473370438e+30
508.7298034268039,1.7183600496248978e+30
508.67934126025307,1.7237257145208193e+30
508.6288891036433,1.729407336637452e+30
508.57844695399655,1.7335202346970178e+30
508.5280148083358,1.7328604803174377e+30
508.4775926636853,1.7344966148865965e+30
508.4271805170704,1.7311468610873863e+30
508.3767783655178,1.7378838557048853e+30
508.3263862060552,1.7492581485623138e+30
508.2760040357115,1.735837517106187e+30
508.22563185151677,1.7455425602244993e+30
508.17526965050246,1.7379428729086524e+30
508.1249174297009,1.741897370061303e+30
508.0745751861458,1.76241600067225e+30
508.02424291687197,1.7565600932546262e+30
507.97392061891543,1.7486664192793228e+30
507.9236082893133,1.7479144607239e+30
507.8733059251039,1.754475779049276e+30
507.82301352332684,1.7544798142054904e+30
507.77273108102276,1.7583104251418813e+30
507.7224585952335,1.7568899987121906e+30
507.6721960630021,1.7647323848851582e+30
507.6219434813728,1.7714131634784564e+30
507.57170084739096,1.7697087132959673e+30
507.52146815810306,1.7676070353685442e+30
507.4712454105569,1.777302786203147e+30
507.4210326018013,1.7843266481460938e+30
507.3708297288864,1.7897236356881396e+30
507.3206367888633,1.7879392863615276e+30
507.27045377878443,1.782622496321602e+30
507.2202806957033,1.7940624272886354e+30
507.1701175366747,1.7931415967394214e+30
507.1199642987545,1.7980256366044286e+30
507.0698209789997,1.786862225372464e+30
507.0196875744685,1.8156946094391842e+30
506.96956408222036,1.8227307480832854e+30
506.91945049931564,1.806858165113401e+30
506.8693468228162,1.8162202966724967e+30
506.8192530497849,1.8254333839175418e+30
506.7691691772856,1.8279077457101985e+30
506.71909520238364,1.8306442440646526e+30
506.6690311221452,1.8363743401420928e+30
506.61897693363795,1.827051862043089e+30
506.5689326339305,1.8366635076843297e+30
506.5188982200926,1.8426912440570498e+30
506.4688736891952,1.8411879792570555e+30
506.4188590383106,1.8402642061276883e+30
506.36885426451187,1.8569765624920905e+30
506.31885936487356,1.8597856111114454e+30
506.26887433647136,1.8533612524541438e+30
506.21889917638185,1.8665120402336713e+30
506.168933881683,1.863023746203455e+30
506.11897844945383,1.8800162697179905e+30
506.0690328767747,1.864179695321372e+30
506.01909716072686,1.872380368012398e+30
505.9691712983928,1.8879203578128423e+30
505.91925528685624,1.8979894195330417e+30
505.8693491232019,1.8908044721127708e+30
505.81945280451595,1.890620764293746e+30
505.76956632788534,1.8938546045964562e+30
505.7196896903984,1.9021820501142202e+30
505.66982288914454,1.9019807736082346e+30
505.61996592121426,1.908025934381507e+30
505.5701187836994,1.910322853260283e+30
505.52028147369276,1.9166088143674267e+30
505.4704539882882,1.92036899337665e+30
505.4206363245811,1.9294050460807716e+30
505.37082847966764,1.9341864829911534e+30
505.32103045064525,1.934666877705734e+30
505.2712422346126,1.9330856906536472e+30
505.2214638286693,1.9338379944416047e+30
505.1716952299163,1.919413423188136e+30
505.1219364354555,1.9350466729058424e+30
505.0721874423902,1.9349799020024405e+30
505.0224482478246,1.9340266016875295e+30
504.9727188488642,1.938429751262225e+30
504.9229992426155,1.944056177089834e+30
504.87328942618626,1.9547278042002082e+30
504.82358939668535,1.950805318658169e+30
504.7738991512227,1.9497486210861618e+30
504.7242186869094,1.9462841512523098e+30
504.67454800085795,1.945625274517155e+30
504.6248870901815,1.9522211864017081e+30
504.5752359519947,1.9588824911475477e+30
504.5255945834132,1.949652231188837e+30
504.47596298155383,1.966816236744748e+30
504.4263411435345,1.9718342454280243e+30
504.37672906647435,1.9627368076631954e+30
504.3271267474935,1.978406724300384e+30
504.2775341837133,1.9850042456749981e+30
504.2279513722563,1.98226514995692e+30
504.17837831024616,1.9876940300158684e+30
504.1288149948075,1.9984930347447579e+30
504.07926142306616,1.9954889303817723e+30
504.0297175921492,2.001872928672027e+30
503.98018349918476,2.0059685782592107e+30
503.93065914130216,2.0059105952917835e+30
503.88114451563166,2.021241725655464e+30
503.8316396193048,2.0195529439412674e+30
503.7821444494543,2.0208479755852493e+30
503.7326590032138,2.026358866521749e+30
503.6831832777183,2.031347037841744e+30
503.6337172701038,2.03044735428853e+30
503.58426097750737,2.035073931795646e+30
503.5348143970674,2.0442185315168742e+30
503.48537752592324,2.0323297711607482e+30
503.4359503612153,2.0026212155745397e+30
503.3865329000853,1.990732370252205e+30
503.33712513967606,1.9761183764455883e+30
503.28772707713136,1.973509187058287e+30
503.23833870959623,1.9666623666280021e+30
503.1889600342168,1.9596067545509683e+30
503.1395910481404,1.945349844813633e+30
503.0902317485153,1.951330219710933e+30
503.04088213249094,1.9303689017109754e+30
502.99154219721794,1.9299333378529824e+30
502.9422119398481,1.9275037110644188e+30
502.8928913575342,1.9248049180906584e+30
502.8435804474302,1.9113297981691554e+30
502.79427920669116,1.901684333288645e+30
502.7449876324733,1.897413923832626e+30
502.69570572193385,1.896284656331712e+30
502.6464334722313,1.8910917540468377e+30
502.59717088052514,1.8701728661406282e+30
502.54791794397596,1.865102843133074e+30
502.4986746597456,1.859181760730814e+30
502.4494410249969,1.851842471997078e+30
502.40021703689376,1.8537683175344306e+30
502.35100269260136,1.837111705185487e+30
502.3017979892859,1.833518707038749e+30
502.2526029241146,1.8223855931227987e+30
502.20341749425603,1.8149098837203303e+30
502.1542416968796,1.7906069034767387e+30
502.105075529156,1.7688923161458113e+30
502.0559189882569,1.7417428878922587e+30
502.0067720713553,1.7198874864997307e+30
501.95763477562497,1.69379596510794e+30
501.90850709824105,1.670811698749932e+30
501.85938903637975,1.6535400881036247e+30
501.8102805872184,1.6261128683361818e+30
501.7611817479352,1.606820458545911e+30
501.71209251570986,1.5872913000274912e+30
501.66301288772274,1.56085317158894e+30
501.6139428611558,1.5345062181670305e+30
501.5648824331916,1.518758832296265e+30
501.5158316010141,1.4907560772364435e+30
501.4667903618083,1.4614874658574025e+30
501.4177587127603,1.4471234536637437e+30
501.36873665105736,1.416571120395055e+30
501.3197241738878,1.3907645478691525e+30
501.2707212784408,1.3747364704042252e+30
501.2217279619071,1.3485219289611565e+30
501.17274422147824,1.3229831609551452e+30
501.12377005434683,1.303429387094837e+30
501.07480545770676,1.276792659142668e+30
501.0258504287529,1.2741533337315972e+30
500.9769049646811,1.2624201001625514e+30
500.92796906268865,1.2652554313174755e+30
500.87904271997354,1.2535785983303703e+30
500.83012593373513,1.2456743658426248e+30
500.7812187011738,1.2358789857693923e+30
500.73232101949094,1.2331844508179311e+30
500.6834328858892,1.2304863543960529e+30
500.63455429757215,1.2227595822424003e+30
500.5856852517445,1.2149426525764376e+30
500.53682574561213,1.2048801943992494e+30
500.487975776382,1.205148794477345e+30
500.43913534126193,1.2003584615996351e+30
500.3903044374612,1.1892295068856319e+30
500.3414830621899,1.178043126635747e+30
500.2926712126594,1.1791981516647097e+30
500.24386888608194,1.1664120948964982e+30
500.195076079671,1.166295490856972e+30
500.14629279064127,1.1656753165277532e+30
500.09751901620814,1.1518844360429398e+30
500.04875475358847,1.142624180933705e+30
