wavelength,luminosity
20000.0,2.072345678997307e+37
19922.303018228908,2.1028767799249499e+37
19845.207382417146,2.1290625794346055e+37
19768.706138183254,2.161303573643407e+37
19692.792437967706,2.196733151935909e+37
19617.4595389897,2.2300373671194256e+37
19542.700801250732,2.2623235694914955e+37
19468.50968558357,2.29386528373926e+37
19394.87975174554,2.324756925469432e+37
19321.804656554923,2.3567453428733814e+37
19249.278152069295,2.3912994437724413e+37
19177.294083804773,2.422152679639716e+37
19105.846388995033,2.4551962224817604e+37
19034.92909488912,2.4848921802905585e+37
18964.536317087048,2.5171102422143204e+37
18894.66225791214,2.545397299392785e+37
18825.301204819276,2.5748073953204038e+37
18756.447528838038,2.6008689562178437e+37
18688.095683049898,2.62862445978998e+37
18620.240201098593,2.639573630516436e+37
18552.875695732837,2.6275511409482645e+37
18485.996857380534,2.620223829734747e+37
18419.59845275373,2.6186386010801326e+37
18353.675323483527,2.6230369657973038e+37
18288.2223847842,2.629760326691684e+37
18223.234624145785,2.61307479002278e+37
18158.70710005448,2.6021160183333244e+37
18094.63494074007,2.628032149411711e+37
18031.013342949875,2.72824976563113e+37
17967.83757074836,2.789995426427263e+37
17905.102954341986,2.806611581520834e+37
17842.80488892854,2.8164634410985565e+37
17780.938833570413,2.8248078772775067e+37
17719.500310091258,2.9252061884106015e+37
17658.48490199541,3.0147536919623164e+37
17597.88825340959,3.053867017464656e+37
17537.7060680463,3.0358913052921657e+37
17477.934108188412,3.0183507750612166e+37
17418.56819369448,3.050066466928726e+37
17359.604201024216,3.1266533674568508e+37
17301.038062283737,3.1736657110739497e+37
17242.865764290025,3.228901661558864e+37
17185.083347654236,3.2951399573435105e+37
17127.68690588336,3.3469822433097367e+37
17070.67258449983,3.469994742058883e+37
17014.036580178647,3.6298281284321393e+37
16957.775139901645,3.72923348550392e+37
16901.884560128452,3.8003005722810906e+37
16846.361185983827,3.852677814680264e+37
16791.20141046092,3.8945618135494737e+37
16736.401673640165,3.931632146962627e+37
16681.95846192343,3.9658334973491745e+37
16627.868307283006,4.0059721080584025e+37
16574.127786525234,4.047736068838476e+37
16520.733520568312,4.0873546617162186e+37
16467.682173734047,4.1236860527962514e+37
16414.970453053185,4.159450042567006e+37
16362.595107584062,4.201659583052153e+37
16310.55292774425,4.247292492889708e+37
16258.840744654906,4.318842753423781e+37
16207.455429497568,4.3941637828895025e+37
16156.393892883107,4.452250986062938e+37
16105.653084232566,4.503383905153476e+37
16055.229991169623,4.555945408441151e+37
16005.121638924456,4.6209787560336875e+37
15955.325089748701,4.690668301271094e+37
15905.837442341339,4.752948182718409e+37
15856.655831285181,4.805988023864161e+37
15807.777426493836,4.857660835883955e+37
15759.19943266882,4.912220051724488e+37
15710.919088766692,4.965567962179767e+37
15662.933667475918,5.023337883783279e+37
15615.240474703309,5.08078845714029e+37
15567.836849069823,5.136929459667694e+37
15520.72016141549,5.194701741217587e+37
15473.887814313346,5.25200817212108e+37
15427.337241592102,5.306752785464469e+37
15381.065907867414,5.360671293916388e+37
15335.07130808158,5.417375734294599e+37
15289.350967051449,5.471987900868546e+37
15243.90243902439,5.529889484420417e+37
15198.723307242191,5.587766565161253e+37
15153.811183512653,5.6527089747686575e+37
15109.163707788774,5.710516130653758e+37
15064.778547755348,5.769970436792387e+37
15020.65339842283,5.828990947670812e+37
14976.78598172832,5.889391986274992e+37
14933.174046143507,5.952638546811116e+37
14889.815366289458,6.021966095408643e+37
14846.707742558088,6.092532075921858e+37
14803.849000740192,6.166663214444163e+37
14761.2369916599,6.237924268857244e+37
14718.869590815424,6.303474159015655e+37
14676.744698025977,6.369194576304746e+37
14634.860237084737,6.428589216476112e+37
14593.21415541773,6.4882277372075425e+37
14551.804423748546,6.551242242489217e+37
14510.629035768701,6.614727700124387e+37
14469.686007813632,6.67620199238683e+37
14428.973378544119,6.733968749766418e+37
14388.489208633096,6.793516473111949e+37
14348.23158045771,6.855129932698535e+37
14308.198597796538,6.919962924021999e+37
14268.388385531856,6.986778563846533e+37
14228.79908935686,7.053037369107046e+37
14189.428875487763,7.119445067268355e+37
14150.275930380643,7.184443536249635e+37
14111.338460452975,7.250898359645888e+37
14072.61469180974,7.310482383555845e+37
14034.10286997404,7.369215608376092e+37
13995.801259622114,7.433233098677863e+37
13957.708144322703,7.497774575964399e+37
13919.821826280626,7.564270239360834e+37
13882.140626084543,7.630362397597218e+37
13844.662882458813,7.699402648679397e+37
13807.386952019331,7.767214390001707e+37
13770.311209033325,7.832538154433286e+37
13733.434045183,7.8871545236387915e+37
13696.75386933297,7.9355935267226245e+37
13660.269107301414,7.98352155229213e+37
13623.978201634878,8.038125357399225e+37
13587.879611386645,8.100147723700574e+37
13551.971811898633,8.164185390756013e+37
13516.253294586742,8.220546904840458e+37
13480.722566729579,8.281531031738222e+37
13445.378151260506,8.340869012434798e+37
13410.218586562962,8.413978348768346e+37
13375.242426268976,8.492324136703545e+37
13340.448239060834,8.616221242508814e+37
13305.834608475818,8.74444910140222e+37
13271.400132714003,8.844370615197448e+37
13237.143424449005,8.926837094067142e+37
13203.06311064167,9.003895335579312e+37
13169.157832356621,9.088841297129678e+37
13135.426244581637,9.179806799788789e+37
13101.867016049788,9.267366307605766e+37
13068.478829064297,9.351548155494704e+37
13035.260379326079,9.436773679067523e+37
13002.210375763882,9.520999119416189e+37
12969.327540367032,9.610383829585885e+37
12936.610608020701,9.699869890422742e+37
12904.058326343637,9.787390826015108e+37
12871.669455528383,9.876631383799865e+37
12839.442768183862,9.967821674981939e+37
12807.37704918033,1.0061234763749362e+38
12775.471095496649,1.0148839598365539e+38
12743.723716069837,1.0231794348873376e+38
12712.133731646858,1.0313505501216491e+38
12680.6999746386,1.0396216696502122e+38
12649.42128897603,1.047873055049348e+38
12618.296529968455,1.0561978193844571e+38
12587.324564163888,1.06549670850153e+38
12556.504269211451,1.0750207210229115e+38
12525.83453372581,1.0854294388123018e+38
12495.314257153568,1.0952924358323933e+38
12464.942349641633,1.1040723034023546e+38
12434.717731907487,1.1132396251299786e+38
12404.639335111333,1.1223607363946265e+38
12374.706100730109,1.131556394940452e+38
12344.916980433307,1.1411680990719637e+38
12315.270935960592,1.1508504549767614e+38
12285.766939001167,1.1604648757086895e+38
12256.403971074888,1.1689713940264313e+38
12227.181023415053,1.1773660649493676e+38
12198.09709685289,1.18600601516735e+38
12169.15120170368,1.1947798152418477e+38
12140.342357654488,1.2038593148443156e+38
12111.669593653487,1.2121071051759132e+38
12083.13194780087,1.2206770466599843e+38
12054.728467241277,1.2306166900201005e+38
12026.458208057727,1.241266831410717e+38
11998.320235167079,1.2514345528341924e+38
11970.313622216903,1.2614477741459369e+38
11942.437451483847,1.271124890752727e+38
11914.690813773383,1.2823709952321688e+38
11887.072808320952,1.2927990371215053e+38
11859.582542694498,1.3032627324948744e+38
11832.21913269834,1.3140682980919092e+38
11804.981702278363,1.3247237307962528e+38
11777.869383428537,1.3354098875653807e+38
11750.881316098707,1.3464848711515898e+38
11724.016648103641,1.3573662161977694e+38
11697.274535033339,1.3674492880534113e+38
11670.654140164557,1.377692347161267e+38
11644.154634373546,1.3877741125022942e+38
11617.775196049957,1.3978199900172004e+38
11591.51501101194,1.4080495265473852e+38
11565.373272422368,1.4187527897633435e+38
11539.34918070621,1.4294897477860662e+38
11513.441943469,1.4406227999890117e+38
11487.650775416429,1.4521870926541009e+38
11461.974898274973,1.4638493124533425e+38
11436.413540713633,1.4749429934029154e+38
11410.965938266676,1.4849716306506953e+38
11385.63133325743,1.4950979665352499e+38
11360.40897472309,1.5054937974991603e+38
11335.298118340514,1.5160186638965681e+38
11310.298026352993,1.5262561779371277e+38
11285.407967498026,1.5359231657288245e+38
11260.627216935984,1.5450368874749393e+38
11235.955056179775,1.5545994277746605e+38
11211.390773025394,1.5643955908427447e+38
11186.933661483388,1.5745185387505332e+38
11162.583021711223,1.585282347241279e+38
11138.338159946536,1.5958627935309448e+38
11114.198388441235,1.6042195192109608e+38
11090.163025396474,1.6144947437747932e+38
11066.231394898468,1.6268731129043312e+38
11042.402826855125,1.6375516438214702e+38
11018.676656933503,1.6477979630293378e+38
10995.052226498075,1.6576208595084514e+38
10971.528882549783,1.6673705551826404e+38
10948.105977665866,1.6811254457916252e+38
10924.78286994046,1.6948970753539882e+38
10901.558922925979,1.70671981740815e+38
10878.433505575198,1.7172475222818454e+38
10855.405992184109,1.7272964828973504e+38
10832.475762335482,1.73758525378045e+38
10809.642200843153,1.7505218366013253e+38
10786.904697696997,1.7678418229618718e+38
10764.262648008611,1.7832896778938866e+38
10741.715451957678,1.7979545751364075e+38
10719.262514738984,1.8111525697162073e+38
10696.903246510135,1.8238375461763877e+38
10674.63706233988,1.8366704691952898e+38
10652.463382157124,1.850078932326976e+38
10630.381630700542,1.8632737290973057e+38
10608.391237468839,1.876622589452387e+38
10586.491636671606,1.8891910113972516e+38
10564.682267180815,1.9014600177909626e+38
10542.96257248287,1.913951019781358e+38
10521.33200063128,1.9263678657482684e+38
10499.790004199916,1.938094848232076e+38
10478.33604023681,1.949817742267986e+38
10456.96957021855,1.9642409859676383e+38
10435.690060005218,1.97899885487818e+38
10414.496979795875,1.9935470859948973e+38
10393.389804084602,2.00781324389292e+38
10372.36801161705,2.0217958898127087e+38
10351.431085347549,2.0351375542340464e+38
10330.578512396694,2.0474001692277115e+38
10309.809784009485,2.0597174461964037e+38
10289.124395513942,2.071894970266756e+38
10268.52184628023,2.0850751119287048e+38
10248.001639680264,2.098742540408223e+38
10227.563283047815,2.1127329572188015e+38
10207.206287639074,2.1271384777358433e+38
10186.930168593695,2.1415857435442807e+38
10166.7344448963,2.155589051011432e+38
10146.618639338441,2.1693181537651347e+38
10126.582278481013,2.1831817990783135e+38
10106.62489261711,2.196284198155312e+38
10086.746015735325,2.2086873270236376e+38
10066.945185483466,2.221315314811073e+38
10047.221943132723,2.2347196392543328e+38
10027.57583354224,2.247194480935807e+38
10008.006405124099,2.2590175592444474e+38
9988.513209808722,2.2703345937111974e+38
9969.095803010667,2.2820390633218922e+38
9949.753743594847,2.2931455885553733e+38
9930.486593843098,2.3038067580368377e+38
9911.293919421181,2.3143844431016107e+38
9892.175289346129,2.32468714516971e+38
9873.130275953992,2.335780140073642e+38
9854.158454867955,2.3469669549508416e+38
9835.259404966806,2.357249580756402e+38
9816.432708353785,2.366971724870722e+38
9797.677950325773,2.3766247317418555e+38
9778.99471934285,2.3856701427203826e+38
9760.382606998195,2.3811091121371657e+38
9741.84120798831,2.3724115238132613e+38
9723.370120083622,2.3613733629430016e+38
9704.968944099379,2.3539272849233756e+38
9686.637283866905,2.347263091712559e+38
9668.374746205162,2.3408518440634777e+38
9650.180940892642,2.3410714909488865e+38
9632.055480639568,2.339724628294789e+38
9613.997981060424,2.344414279840997e+38
9596.008060646773,2.3500312203739617e+38
9578.085340740385,2.3600156076322677e+38
9560.229445506693,2.367665767082899e+38
9542.44000190849,2.3792570439495617e+38
9524.71663967997,2.391139200294276e+38
9507.05899130104,2.406077965625143e+38
9489.466691971911,2.4239394055836087e+38
9471.939379587971,2.5230471095421145e+38
9454.476694714947,2.610695339328747e+38
9437.078280564338,2.6776659698346384e+38
9419.743782969103,2.726996106342048e+38
9402.472850359645,2.762590303866755e+38
9385.265133740028,2.7882656862212983e+38
9368.120286664482,2.811129907208817e+38
9351.037965214138,2.831743094685505e+38
9334.017827974052,2.8507002711401967e+38
9317.059536010434,2.868904274542835e+38
9300.162752848175,2.8866440697534763e+38
9283.32714444857,2.9033352582837404e+38
9266.552379187324,2.919006145298677e+38
9249.838127832763,2.934541236708906e+38
9233.184063524306,2.9498004824343492e+38
9216.589861751152,2.96465891166851e+38
9200.055200331202,2.9785641141681186e+38
9183.57975939021,2.9922514475229923e+38
9167.163221341156,3.006148872317487e+38
9150.805270863837,3.0205631215386584e+38
9134.505594884677,3.0327147756779667e+38
9118.263882556761,3.0394961530059515e+38
9102.079825240067,3.037969576147326e+38
9085.953116481918,3.0298572615099383e+38
9069.883451997643,3.022030558804427e+38
9053.870529651425,3.014151082663336e+38
9037.91404943739,3.011282201822682e+38
9022.013713460845,3.0071598456018256e+38
9006.169225919755,3.0056775383490586e+38
8990.380293086399,3.006683448799537e+38
8974.646623289209,3.0087827736324673e+38
8958.967926894822,3.0149195995754285e+38
8943.343916290301,3.021567597546285e+38
8927.774305865549,3.0330142540688152e+38
8912.2588119959,3.045284790162296e+38
8896.79715302491,3.056921595777936e+38
8881.389049247302,3.0696982627566738e+38
8866.0342228921,3.0938243654331215e+38
8850.732398105944,3.12501989731287e+38
8835.483300936561,3.1883046503440422e+38
8820.286659316427,3.2731069849961966e+38
8805.142203046578,3.3416644445382533e+38
8790.0496637806,3.3938994206151706e+38
8775.008775008775,3.434676687559428e+38
8760.019272042398,3.467593397996804e+38
8745.080891998252,3.4958496901660716e+38
8730.19337378323,3.521988530172083e+38
8715.356458079135,3.545892326375922e+38
8700.56988732762,3.568996329440065e+38
8685.833405715279,3.591643052670246e+38
8671.146759158899,3.613697827639917e+38
8656.509695290859,3.634667303976018e+38
8641.92196344467,3.655206668273455e+38
8627.383314640669,3.675738870509286e+38
8612.893501571853,3.696399017258908e+38
8598.452278589853,3.717607310389036e+38
8584.05940169106,3.739041337400285e+38
8569.714628502872,3.760163308747936e+38
8555.417718270095,3.7809134024059204e+38
8541.168431841475,3.801079749830961e+38
8526.966531656362,3.820167703156449e+38
8512.811781731505,3.838683133076176e+38
8498.703947647984,3.857019468134008e+38
8484.642796538266,3.875215168846932e+38
8470.628097073397,3.892877217520686e+38
8456.659619450318,3.910249989994561e+38
8442.73713537929,3.927025935036199e+38
8428.860418071477,3.9435300537756575e+38
8415.029242226616,3.9579700810576714e+38
8401.243384020836,3.972263596902073e+38
8387.502621094569,3.986158291884501e+38
8373.806732540612,3.9989058093646656e+38
8360.15549889228,4.0111561233700936e+38
8346.548702111677,4.022827073236785e+38
8332.986125578102,4.0341962137541e+38
8319.46755407654,4.041345781701061e+38
8305.992773786287,4.048021754344679e+38
8292.561572269675,4.0562056092870015e+38
8279.1737384609,4.066825585724855e+38
8265.829062654984,4.078007915412005e+38
8252.527336496802,4.089035361811928e+38
8239.268352970255,4.101319020482123e+38
8226.051906387529,4.114106365370156e+38
8212.87779237845,4.126122963384896e+38
8199.745807879955,4.1381360999164684e+38
8186.655751125665,4.150159161454581e+38
8173.607421635538,4.169621332000804e+38
8160.600620205647,4.1913200878936986e+38
8147.635148898032,4.215064405967358e+38
8134.710811030667,4.240024707766966e+38
8121.827411167513,4.266414551527559e+38
8108.98475510866,4.294125995861836e+38
8096.182649880581,4.321237870858243e+38
8083.420903726457,4.352168679506517e+38
8070.6993260966065,4.383938306666971e+38
8058.017727639,4.4154096996963705e+38
8045.37592018987,4.4479896339551475e+38
8032.773716764399,4.480947997752188e+38
8020.2109315475,4.5135412725373194e+38
8007.68737988469,4.546036484895959e+38
7995.202878273038,4.5791336553111804e+38
7982.7572443522,4.612166993677297e+38
7970.350296895549,4.645435346682332e+38
7957.98185580137,4.680405277718284e+38
7945.651742084146,4.716551604304531e+38
7933.359777865927,4.751967386481197e+38
7921.105786367778,4.788474673868102e+38
7908.889591901298,4.826896020941935e+38
7896.711019860229,4.864157908640024e+38
7884.569896712135,4.9022407709076504e+38
7872.46604999016,4.940444458832358e+38
7860.399308284863,4.976779851529264e+38
7848.369501236119,5.010998676726403e+38
7836.376459525117,5.043730990663654e+38
7824.420014866399,5.074708574541232e+38
7812.500000000001,5.104047812761335e+38
7800.6162486836465,5.1321950511158186e+38
7788.768595685023,5.1576478296269275e+38
7776.956876774119,5.181659505052496e+38
7765.18092871564,5.205278354076789e+38
7753.440589261486,5.2291421781595395e+38
7741.7356971433,5.252200846650856e+38
7730.066092065088,5.274569347070891e+38
7718.4316146958945,5.2966639637087075e+38
7706.832106662557,5.318425336145964e+38
7695.267410542517,5.3393148731727775e+38
7683.737369856699,5.359907198848947e+38
7672.241829062453,5.380039250778498e+38
7660.780633546559,5.375800831012886e+38
7649.353629618298,5.356898193569033e+38
7637.960664502579,5.330107187992162e+38
7626.60158633313,5.298492222894669e+38
7615.276244145758,5.2700477789708824e+38
7603.984487871646,5.238553645242967e+38
7592.72616833074,5.200280423013373e+38
7581.501137225171,5.166197015612196e+38
7570.309247132746,5.129523847950004e+38
7559.150351500492,5.090068956808912e+38
7548.024304638262,5.0575329362478524e+38
7536.930961712392,5.022119650224159e+38
7525.8701787394175,4.98919791554137e+38
7514.841812579846,4.959315287875785e+38
7503.845720931979,4.929593617868488e+38
7492.881762325792,4.9055035440974764e+38
7481.949796116869,4.879862492597978e+38
7471.0496824803895,4.858387143063034e+38
7460.181282405163,4.838064391693777e+38
7449.344457687725,4.82325904896467e+38
7438.539070926471,4.8845958602648516e+38
7427.764985515859,4.967108628309883e+38
7417.022065640646,5.0567339951351556e+38
7406.310176270184,5.146539779600554e+38
7395.629183152757,5.2394143613762184e+38
7384.9789528099855,5.325939555118214e+38
7374.35935253125,5.410050262889181e+38
7363.770250368189,5.4906714460703526e+38
7353.211515129234,5.562582345300905e+38
7342.683016374184,5.631226627607314e+38
7332.184624408843,5.696590017471647e+38
7321.71621027969,5.757434326798311e+38
7311.277645768599,5.815570785576367e+38
7300.868803387603,5.867894462032432e+38
7290.489556373712,5.916603261318895e+38
7280.1397786837515,5.960339945425604e+38
7269.819344989278,5.999845476337132e+38
7259.528130671507,6.0373347338973126e+38
7249.266011816305,6.0699820759146364e+38
7239.032865209209,6.0969340907586e+38
7228.828568330503,6.122843396883584e+38
7218.652999350322,6.14756288857699e+38
7208.506037123808,6.17192143655852e+38
7198.387561186295,6.196377047644608e+38
7188.2974517485545,6.220569048668312e+38
7178.2355896920535,6.243214035822821e+38
7168.201856564282,6.263675706371962e+38
7158.196134574087,6.282559704333066e+38
7148.218306587084,6.299180376948674e+38
7138.268256121066,6.293395278242625e+38
7128.345867341483,6.2266940955343925e+38
7118.451025056948,6.1338328755296e+38
7108.583614714769,6.034117441576318e+38
7098.743522396537,5.921012237076872e+38
7088.930634813739,5.800955106470623e+38
7079.144839303413,5.671993145910127e+38
7069.386023823831,5.536563870247479e+38
7059.65407695023,5.383404456855372e+38
7049.948887870563,5.238319941028086e+38
7040.270346381302,5.0875998137063516e+38
7030.618342883256,4.940406902659945e+38
7020.9927683774495,4.803478843548005e+38
7011.393514461,4.6578407735373806e+38
7001.820473323064,4.538616723351368e+38
6992.273537740797,4.422186294748749e+38
6982.752601075345,4.3143417959148816e+38
6973.257557267878,4.2263487843388605e+38
6963.788300835656,4.150787450929153e+38
6954.344726868112,4.0826309015521596e+38
6944.926731022989,4.033402785035924e+38
6935.53420952249,4.0018548829426336e+38
6926.167059149468,4.16191718016697e+38
6916.825177243645,4.3952971746271905e+38
6907.508461697866,4.7068738979659005e+38
6898.216810954369,5.045413360369141e+38
6888.950124001103,5.408426934907566e+38
6879.708300368065,5.762264274852914e+38
6870.491240123669,6.0962004002308204e+38
6861.298843871145,6.366476147163015e+38
6852.131012744964,6.605026552069263e+38
6842.987648407296,6.7884247728110626e+38
6833.868653044489,6.9465551157263e+38
6824.7739293635905,7.069345701856453e+38
6815.703380588878,7.180809839889952e+38
6806.65691045843,7.29922871473682e+38
6797.634423220719,7.400556664883603e+38
6788.635823631242,7.494444921953169e+38
6779.661016949153,7.578423160936362e+38
6770.709908933953,7.661440726672706e+38
6761.782405842181,7.744321574543303e+38
6752.878414424149,7.824912987588866e+38
6743.997841920692,7.90727913930138e+38
6735.140596059943,7.99193682382766e+38
6726.306585054148,8.075899696832891e+38
6717.49571759648,8.159549004852315e+38
6708.70790285791,8.24626368786195e+38
6699.943050484071,8.333266318610762e+38
6691.201070592172,8.417794615443201e+38
6682.481873767918,8.495599163880031e+38
6673.785371062468,8.573272907521662e+38
6665.111473989403,8.651436460268205e+38
6656.460094521734,8.729527543435553e+38
6647.831145088916,8.802971233403045e+38
6639.224538573895,8.877146706001566e+38
6630.640188310182,8.946021772482558e+38
6622.078008078935,9.010373077409904e+38
6613.537912106081,9.071353016522295e+38
6605.019815059446,9.129409509817655e+38
6596.523632045913,9.180297822850114e+38
6588.049278608604,9.226756461120313e+38
6579.596670724085,9.266371827396332e+38
6571.16572479958,9.306233799638668e+38
6562.756357670222,9.347033149946775e+38
6554.368486596317,9.388694874240295e+38
6546.00202926063,9.430806396595387e+38
6537.656903765691,9.472658719395011e+38
6529.333028631126,9.513615289171478e+38
6521.030322791002,9.555685622774996e+38
6512.748705591196,9.599559545248347e+38
6504.488096786783,9.646599525927053e+38
6496.248416539449,9.70238443389667e+38
6488.02958541491,9.705180934044104e+38
6479.831524380366,9.671219283770995e+38
6471.654154801968,9.582701316865563e+38
6463.497398442298,9.46571189804438e+38
6455.361177457879,9.342686519945644e+38
6447.2454143967,9.195922696506156e+38
6439.15003219575,9.029773116308758e+38
6431.074954178592,8.86440417468964e+38
6423.020104052926,8.671431639416555e+38
6414.985405908202,8.46753835669691e+38
6406.970784213225,8.240575936184409e+38
6398.976163813791,8.00932210586735e+38
6391.001469930338,7.763287993368363e+38
6383.046628155619,7.508931518051845e+38
6375.111564452378,7.249138792718756e+38
6367.196205151063,6.984639673990674e+38
6359.3004769475365,6.722849874746888e+38
6351.4243069008235,6.457760803088396e+38
6343.567622430856,6.212069812754064e+38
6335.730351316249,5.9674864577138866e+38
6327.9124216920845,5.7393107719125945e+38
6320.113762047717,5.535664650482668e+38
6312.334301224594,5.340129071793516e+38
6304.573968414085,5.209335770544511e+38
6296.832693155343,5.2027225315538266e+38
6289.110405333166,5.249965835265835e+38
6281.407035175879,5.382927036262817e+38
6273.722513253239,5.5684407712205716e+38
6266.056770474341,5.806275052592983e+38
6258.409738085553,6.098073825726633e+38
6250.781347668459,6.4168521254617026e+38
6243.171531137818,6.770148947467823e+38
6235.58022073954,7.13704859890641e+38
6228.007349048672,7.495187114420046e+38
6220.452848967405,7.839905529383679e+38
6212.916653723091,8.129757659225053e+38
6205.398696866274,8.38436140522211e+38
6197.898912268741,8.577664512089258e+38
6190.41723412158,8.746242756117086e+38
6182.9535969332555,8.892164526277768e+38
6175.507935527697,9.021713292943097e+38
6168.080185042407,9.113646726136163e+38
6160.670280926565,9.195296008365475e+38
6153.278158939175,9.255641035520072e+38
6145.903755147195,9.310189803140798e+38
6138.547005923698,9.3524756939806e+38
6131.207847946046,9.392537532030678e+38
6123.886218194066,9.425553397357178e+38
6116.582053948255,9.456218628056637e+38
6109.295292787977,9.481977897275932e+38
6102.0258725897,9.508833490788828e+38
6094.773731525217,9.535851608763414e+38
6087.538808059901,9.561766501991757e+38
6080.321040950963,9.58836283350358e+38
6073.120369245718,9.62210093771522e+38
6065.936732279883,9.65150787645125e+38
6058.770069675857,9.677981575205579e+38
6051.620321341039,9.70483706899251e+38
6044.4874274661515,9.733317166068755e+38
6037.371328523562,9.765591884967708e+38
6030.271965265634,9.802172417728815e+38
6023.189278723084,9.839340385466632e+38
6016.123210203345,9.880061453481329e+38
6009.073701288947,9.919216829749675e+38
6002.040693835905,9.959174771963924e+38
5995.024129972123,1.0001278922057638e+39
5988.023952095809,1.004486517001272e+39
5981.040102873891,1.008810572007347e+39
5974.072525240456,1.0129726174482263e+39
5967.121162395203,1.0171854154011252e+39
5960.185957801884,1.021409935599001e+39
5953.266855186784,1.0255426214333314e+39
5946.363798537194,1.0293754710201486e+39
5939.476732099903,1.0330642635070015e+39
5932.6056003796875,1.0367027299235275e+39
5925.7503481378335,1.0401432439599285e+39
5918.910920390648,1.0434991093568765e+39
5912.087262407993,1.0469028316332276e+39
5905.279319711823,1.0502747949655433e+39
5898.487038074734,1.0538069132629909e+39
5891.71036351853,1.057728109215068e+39
5884.949242312785,1.0630482462715773e+39
5878.2036209734315,1.0682140050950364e+39
5871.473446261339,1.0727985703825576e+39
5864.758665180928,1.0771080485749853e+39
5858.059224978765,1.0808770245444271e+39
5851.375073142189,1.0844801229232593e+39
5844.706157397937,1.0878268616827547e+39
5838.052425710783,1.0911582565745705e+39
5831.4138262821825,1.0945181831155309e+39
5824.790307548929,1.097920162307601e+39
5818.181818181818,1.1013200306731392e+39
5811.5883070843265,1.1039465207346017e+39
5805.0097233912875,1.1040019880788813e+39
5798.4460164675875,1.1036788854787214e+39
5791.897135906866,1.1030243246208503e+39
5785.363031530229,1.1021264101442848e+39
5778.843653384958,1.100752990728961e+39
5772.338951743246,1.1007439588983343e+39
5765.8488771009315,1.1011976518932337e+39
5759.373380176236,1.1014686344775228e+39
5752.912411908529,1.1013356330471728e+39
5746.465923457074,1.1023436290532733e+39
5740.033866199811,1.1034434147279544e+39
5733.616191732126,1.1046909477891422e+39
5727.212851865639,1.1059731498531993e+39
5720.823798627002,1.1078825229221284e+39
5714.448984256694,1.1102848699581035e+39
5708.088361207831,1.1123489802596597e+39
5701.7418821449955,1.114766887965008e+39
5695.409499943046,1.1174869584767908e+39
5689.091167685962,1.1201254670497433e+39
5682.786838665682,1.1231647063201292e+39
5676.49646638095,1.1263897986255845e+39
5670.220004536176,1.1294186000840348e+39
5663.9574070403,1.132626922946048e+39
5657.708628005658,1.135861986290853e+39
5651.473621746871,1.1389553233989e+39
5645.252342779723,1.1421347694035751e+39
5639.044745820058,1.1533100531618639e+39
5632.850785782685,1.1681072419472334e+39
5626.6704177802785,1.1815039898636887e+39
5620.503597122302,1.1938850567302182e+39
5614.350279313927,1.2045886316527169e+39
5608.21042005496,1.2138308454691349e+39
5602.083975238789,1.2219323210009619e+39
5595.970900951316,1.22864701599428e+39
5589.871153469913,1.23453304929126e+39
5583.784689262382,1.2388028762897064e+39
5577.711464985917,1.2423373499257021e+39
5571.651437486071,1.2453226024946765e+39
5565.604563795742,1.2473469422011365e+39
5559.570801134153,1.2478649847258999e+39
5553.55010690584,1.2476195976717883e+39
5547.5424386996565,1.2471484331987793e+39
5541.5477542877725,1.2462792444950713e+39
5535.566011624688,1.2447834551931058e+39
5529.59716884625,1.2426151885149543e+39
5523.641184268669,1.2395778038540054e+39
5517.698016387563,1.236136315669098e+39
5511.767623876978,1.2324124892932959e+39
5505.849965588438,1.2282880844610236e+39
5499.945000549994,1.2241622738583607e+39
5494.052687965278,1.220035556054104e+39
5488.172987212558,1.2157906616919093e+39
5482.3058578438095,1.2110312655135343e+39
5476.45125958379,1.2061396761485544e+39
5470.6091523291125,1.2010978338047765e+39
5464.77949614733,1.1955129274403953e+39
5458.962251276033,1.1901634445841233e+39
5453.157378121933,1.184049416730744e+39
5447.364837259976,1.1780845005782486e+39
5441.584589432443,1.1722497471052777e+39
5435.816595548066,1.1663723906346566e+39
5430.060816681147,1.1600329333669651e+39
5424.317214070679,1.1560071439753572e+39
5418.58574911948,1.1544197025855953e+39
5412.866383393327,1.1533271004301e+39
5407.159078620093,1.1536764927703798e+39
5401.463796688903,1.155896499104923e+39
5395.780499649274,1.1598277576969208e+39
5390.109149710282,1.164057863646244e+39
5384.449709239716,1.1682148856463286e+39
5378.802140763251,1.172860142051115e+39
5373.166406963624,1.1773570521510825e+39
5367.542470679799,1.1857404713455076e+39
5361.930294906166,1.1959468008121476e+39
5356.329842791719,1.2060091602684379e+39
5350.7410776392535,1.214965213091135e+39
5345.163962904562,1.2235138366290103e+39
5339.598462195643,1.2318506864352933e+39
5334.044539271903,1.2396364261406924e+39
5328.502158043375,1.2468248267449907e+39
5322.971282569931,1.2543898530667533e+39
5317.451877060513,1.2615320987708924e+39
5311.943905872355,1.2683525391520742e+39
5306.447333510215,1.2740484171207732e+39
5300.96212462562,1.2804230698573513e+39
5295.488244016098,1.2873975978970416e+39
5290.025656624434,1.2936696891654978e+39
5284.574327537917,1.2997685792390556e+39
5279.134221987594,1.3054951948286598e+39
5273.705305347537,1.3114159359270794e+39
5268.287543134104,1.3159072685068637e+39
5262.88090100521,1.319896500716448e+39
5257.4853447596015,1.3234032890008798e+39
5252.100840336135,1.3263714814393888e+39
5246.7273538130585,1.328762133704699e+39
5241.3648514073075,1.3311512467414107e+39
5236.0132994737805,1.3335544142121113e+39
5230.672664504656,1.3357522348875687e+39
5225.342913128675,1.3377408602293817e+39
5220.024012110455,1.3427231431765749e+39
5214.715928349803,1.3479981373785522e+39
5209.418628881018,1.3534537910387678e+39
5204.132080872213,1.3589231449718207e+39
5198.856251624643,1.366581411230743e+39
5193.591108572022,1.3746983334323164e+39
5188.336619279859,1.38286686507264e+39
5183.092751444787,1.3908534429916033e+39
5177.859472893906,1.398875198222455e+39
5172.63675158412,1.406386322760168e+39
5167.4245556014885,1.413938304976115e+39
5162.222853160571,1.4210062702426855e+39
5157.031612603785,1.427928996681761e+39
5151.850802400763,1.43457768498993e+39
5146.68039114771,1.4411473420057884e+39
5141.520347566776,1.4470613943996804e+39
5136.370640505418,1.4516277963758807e+39
5131.231238935783,1.4558715693529148e+39
5126.102111954071,1.4589904358612474e+39
5120.983228779926,1.4622017449103047e+39
5115.874558755819,1.4671089683489528e+39
5110.776071346433,1.4727229796310735e+39
5105.6877361380575,1.4783340030463735e+39
5100.609522837979,1.4837303566186408e+39
5095.541401273885,1.4892316410454316e+39
5090.483341393266,1.4947570906584664e+39
5085.435313262816,1.500299525945016e+39
5080.397287067849,1.5050173636230294e+39
5075.369233111709,1.5093518043748557e+39
5070.351121815186,1.512420581148468e+39
5065.342923715936,1.515317004371968e+39
5060.344609467906,1.5175031539943274e+39
5055.356149840757,1.5192935139639188e+39
5050.3775157192995,1.5206646181539524e+39
5045.408678102926,1.5219197937762216e+39
5040.449608105044,1.5231291047348565e+39
5035.500276952515,1.523862639406951e+39
5030.560655985109,1.5244834361653987e+39
5025.63071665494,1.52490527300443e+39
5020.71043052592,1.525406614883052e+39
5015.799769273211,1.5260608162134845e+39
5010.898704682685,1.5265673002263958e+39
5006.00720865038,1.5274525163083585e+39
5001.125253181966,1.5282838669432048e+39
4996.252810392206,1.5293056308863697e+39
4991.38985250443,1.53214864855307e+39
4986.536351850005,1.5367895657060073e+39
4981.692280867811,1.5421464014819137e+39
4976.857612103718,1.548608723617464e+39
4972.032318210068,1.5552884150587154e+39
4967.216371945162,1.561315271937315e+39
4962.409746172742,1.5668566216842026e+39
4957.612413861484,1.5715909646402075e+39
4952.824348084495,1.5762371108904433e+39
4948.045522018802,1.580656552942521e+39
4943.275908944857,1.5842755309654735e+39
4938.515482246036,1.587540735381327e+39
4933.764215408146,1.5910417446927188e+39
4929.022082018928,1.5946347794691002e+39
4924.289055767573,1.5993294297147753e+39
4919.565110444238,1.6036517184589358e+39
4914.850219939547,1.6084543527347172e+39
4910.1443582441325,1.6135772330952846e+39
4905.447499448137,1.619845002259435e+39
4900.7596177407495,1.6264874704901968e+39
4896.080687409729,1.6334463052346586e+39
4891.410682840932,1.639903731978097e+39
4886.749578517849,1.6466215127474288e+39
4882.097349021139,1.653487027014657e+39
4877.453969028168,1.660542956266568e+39
4872.819413312543,1.6677538376571445e+39
4868.193656743665,1.6753056046829258e+39
4863.576674286271,1.6831010086269313e+39
4858.968440999976,1.6909388407278123e+39
4854.368932038836,1.6989161115840855e+39
4849.77812265089,1.7070545991947803e+39
4845.195988177722,1.7150332983099118e+39
4840.622504054022,1.7228482242688738e+39
4836.057645807138,1.731793467053128e+39
4831.50138905665,1.7406232368221566e+39
4826.953709513926,1.7500588048959386e+39
4822.414582981699,1.759736095531515e+39
4817.883985353633,1.7711982567558134e+39
4813.361892613897,1.783903137337683e+39
4808.84828083674,1.7969261686359727e+39
4804.3431261860715,1.809416672153411e+39
4799.8464049150425,1.8230452981805263e+39
4795.358093365622,1.8370482217051882e+39
4790.878167968189,1.8505432629463877e+39
4786.406605241115,1.8636289765047583e+39
4781.943381790359,1.8764729930088234e+39
4777.488474309055,1.8894098688671094e+39
4773.041859577109,1.9013581030203702e+39
4768.60351446079,1.912889235825802e+39
4764.173415912339,1.9236833814003968e+39
4759.751540969562,1.9333410162984567e+39
4755.337866755433,1.9427039360375016e+39
4750.932370477706,1.951243411449907e+39
4746.535029428517,1.9582262086734925e+39
4742.145820983995,1.9645903095757335e+39
4737.764722603875,1.9703789269944717e+39
4733.391711831113,1.9761847515941363e+39
4729.026766291498,1.982086196676523e+39
4724.669863693275,1.9879035651160602e+39
4720.320981826764,1.993460074617007e+39
4715.980098563984,2.0000394350231387e+39
4711.647191858274,2.0076041387194748e+39
4707.322239743921,2.0155014964821318e+39
4703.005220335795,2.0233799601761896e+39
4698.696111828967,2.0313109474660464e+39
4694.394892498357,2.0392336687812402e+39
4690.101540698356,2.0472130779427492e+39
4685.8160348624715,2.05504787831326e+39
4681.538353502961,2.0581863243916557e+39
4677.268475210477,2.0546090000482514e+39
4673.006378653707,2.0463713074529938e+39
4668.752042579019,2.0330385056487367e+39
4664.505445810108,2.017437685852984e+39
4660.266567247647,1.998984870755491e+39
4656.035385868933,1.9796837340972806e+39
4651.811880727543,1.958168829055306e+39
4647.59603095299,1.9336255979400658e+39
4643.387815750371,1.9096065507111798e+39
4639.187214400037,1.88320704451614e+39
4634.994206257242,1.85558770420468e+39
4630.808770751812,1.825585945219332e+39
4626.630887387804,1.7962827793889186e+39
4622.4605357431765,1.7646719741601588e+39
4618.2976954694495,1.7335623342877502e+39
4614.142346291383,1.702173817627249e+39
4609.994468006638,1.6718597978169525e+39
4605.8540404854575,1.638877579106193e+39
4601.721043670333,1.6073820842267136e+39
4597.595457575688,1.5770412014413883e+39
4593.477262287552,1.5464311693294786e+39
4589.366437963239,1.5166343430859792e+39
4585.262964831033,1.4883964755363555e+39
4581.166823189867,1.459038507216508e+39
4577.077993409008,1.431564558809478e+39
4572.996455927747,1.4043388809072196e+39
4568.922191255083,1.3773569483519395e+39
4564.855179969416,1.3519254871880436e+39
4560.795402718234,1.32795581454014e+39
4556.742840217812,1.3047974573610447e+39
4552.6974732529025,1.2839236578614967e+39
4548.659282676431,1.2640178818370331e+39
4544.628249409198,1.2610077014436892e+39
4540.604354439576,1.2625780581167638e+39
4536.58757882321,1.2690779270153704e+39
4532.57790368272,1.2890694265320753e+39
4528.575310207409,1.3115318974177579e+39
4524.579779652965,1.341530291625168e+39
4520.591293341169,1.3790323671955176e+39
4516.609832659606,1.4185504712257002e+39
4512.635379061372,1.463409051367392e+39
4508.667914064789,1.5102107011280705e+39
4504.70741925312,1.5578700308245613e+39
4500.753876274276,1.6032617778930252e+39
4496.807266840543,1.649498751793007e+39
4492.867572728294,1.6901317853181433e+39
4488.934775777708,1.727549249571534e+39
4485.008857892494,1.7623737449205287e+39
4481.089801039612,1.7896666873504278e+39
4477.177587248998,1.8164037028445427e+39
4473.272198613286,1.8383427129508747e+39
4469.373617287537,1.855582343284636e+39
4465.481825488971,1.872283197505079e+39
4461.596805496687,1.8852200560284513e+39
4457.718539651407,1.897105919491417e+39
4453.8470103551945,1.9081168499194585e+39
4449.982200071199,1.9192498182899383e+39
4446.124091323389,1.9304088589604047e+39
4442.272666696282,1.9413162964334546e+39
4438.427908834691,1.9512135201613852e+39
4434.589800443458,1.9606837127313952e+39
4430.7583242872015,1.967776991491563e+39
4426.933463190048,1.974447279390975e+39
4423.115200035385,1.9802459379994175e+39
4419.3035177656,1.9849075384331647e+39
4415.4983993818305,1.989510900739149e+39
4411.699827943707,1.9935513256337172e+39
4407.907786569105,1.99715193059963e+39
4404.122258433894,2.0005111251007422e+39
4400.343226771688,2.0034426540441884e+39
4396.570674873598,2.006543547280882e+39
4392.804586087987,2.0096013230997777e+39
4389.044943820225,2.0124059951953813e+39
4385.29173153244,2.0152283293620124e+39
4381.544932743285,2.0179267270153567e+39
4377.804531027689,2.0206737845238365e+39
4374.0705100166215,2.0236820330141316e+39
4370.342853396849,2.0266104519801718e+39
4366.621544910702,2.0293984508548705e+39
4362.906568355839,2.03175508419147e+39
4359.197907585004,2.0349755481274148e+39
4355.495546505804,2.038255888875679e+39
4351.799469080464,2.0408928512203022e+39
4348.109659325608,2.0426524380318454e+39
4344.426101312017,2.0444455644160695e+39
4340.748779164406,2.0459628795057882e+39
4337.077677061196,2.0471506445481078e+39
4333.412779234286,2.0485862869915465e+39
4329.754069968826,2.0507030851143038e+39
4326.101533602993,2.0531998877832957e+39
4322.455154527772,2.0556503706166317e+39
4318.814917186724,2.0579022990559295e+39
4315.180806075775,2.059852818789974e+39
4311.552805742988,2.0617161543613388e+39
4307.930900788351,2.0637600462903464e+39
4304.315075863553,2.06553026046415e+39
4300.70531567177,2.0666244048891822e+39
4297.101604967449,2.0676523488015714e+39
4293.503928556094,2.0683758302897707e+39
4289.912271294052,2.068773494337772e+39
4286.326618088298,2.068605123839645e+39
4282.746953896229,2.067837099601915e+39
4279.173263725448,2.067117442255512e+39
4275.605532633559,2.0667240720608753e+39
4272.043745727956,2.065349094696858e+39
4268.487888165618,2.0638591607107566e+39
4264.9379451528985,2.0620952923019108e+39
4261.393901945326,2.060405441000298e+39
4257.855743847398,2.0584323057005508e+39
4254.323456212376,2.056187102934714e+39
4250.797024442083,2.0536861235860032e+39
4247.276433986705,2.0509724204815562e+39
4243.761670344594,2.0488531153133864e+39
4240.252719062056,2.0468282207748703e+39
4236.749565733169,2.0446033787155084e+39
4233.2521959995765,2.0425961151130553e+39
4229.760595550291,2.0414263553853822e+39
4226.274750121505,2.0416639178803723e+39
4222.794645496389,2.0414641319492182e+39
4219.320267504905,2.0405324687722605e+39
4215.851602023608,2.0388713622680387e+39
4212.388634975463,2.0372127746774917e+39
4208.931352329643,2.027965072236407e+39
4205.479740101352,2.0108280138036652e+39
4202.033784351626,1.993989898911881e+39
4198.593471187152,1.9766667201451387e+39
4195.158786760079,1.9593582726708885e+39
4191.72971726783,1.9409799560291415e+39
4188.306248952924,1.9193920467409212e+39
4184.888368102781,1.897923828997358e+39
4181.4760610495505,1.8786677531178705e+39
4178.069314169922,1.8601679576401422e+39
4174.668113884946,1.839235011279955e+39
4171.272446659853,1.8193527225113557e+39
4167.882299003876,1.7988971328828698e+39
4164.497657470068,1.779750504836788e+39
4161.118508655127,1.7626607731914403e+39
4157.744839199218,1.747825384836647e+39
4154.3766357858,1.7336218537455214e+39
4151.013885141446,1.7162577901224817e+39
4147.65657403567,1.7018762225078546e+39
4144.304689280756,1.6943811736723286e+39
4140.958217731583,1.684225381861224e+39
4137.6171462854545,1.6729716692075308e+39
4134.281461881925,1.6632246190723747e+39
4130.951151502633,1.6571855340735504e+39
4127.626202171131,1.6524985697072888e+39
4124.306600952715,1.6466561704665405e+39
4120.992334954257,1.6411447055343562e+39
4117.683391324041,1.6366328160538493e+39
4114.379757251594,1.632197762112231e+39
4111.081419967522,1.6305663117778907e+39
4107.788366743345,1.628904004342361e+39
4104.500584891333,1.6286527602701772e+39
4101.218061764344,1.6304660332039055e+39
4097.94078475566,1.6327391668246557e+39
4094.6687412988285,1.635740785068204e+39
4091.4019188675,1.6412672994448726e+39
4088.1403049752666,1.6491280851173263e+39
4084.883887175507,1.711455163665566e+39
4081.6326530612246,1.7755479487978154e+39
4078.3865902648913,1.8414264772955875e+39
4075.1456864582906,1.9073348814069303e+39
4071.9099293523623,1.9754680119836737e+39
4068.6793066970463,2.0393074047736902e+39
4065.453806281126,2.094855815819004e+39
4062.2334159320794,2.1517937406742027e+39
4059.0181235159216,2.2001134269521396e+39
4055.8079169370535,2.238869666597256e+39
4052.602784138113,2.2774578473564532e+39
4049.4027130998174,2.3077868002504546e+39
4046.207691840822,2.3314468373387487e+39
4043.017708417563,2.355170023247306e+39
4039.8327509241117,2.3732170007720192e+39
4036.6528074920275,2.3887392669649048e+39
4033.4778662902086,2.4040405152632314e+39
4030.307915524746,2.415418778458427e+39
4027.1429434387774,2.425620552328717e+39
4023.982938312341,2.4358000773413714e+39
4020.8278884622346,2.443851604294317e+39
4017.6777822418644,2.4513490362218398e+39
4014.5326080411087,2.4586620141923707e+39
4011.3923542861726,2.465111308273728e+39
4008.257009439445,2.4713462923574523e+39
4005.1265619993587,2.4778628798117762e+39
4002.00100050025,2.48336781679206e+39
3998.880313512216,2.48897413366927e+39
3995.76448964098,2.4948495179690393e+39
3992.653517527749,2.500444490360077e+39
3989.5473858490755,2.506385376506094e+39
3986.446083316723,2.513323413624639e+39
3983.3495986775274,2.5208301390453914e+39
3980.257920713262,2.5284876091295212e+39
3977.171038240499,2.5354708381174935e+39
3974.0889401104796,2.5432439944691694e+39
3971.0116152089745,2.550665985045571e+39
3967.939052456154,2.5583167771460397e+39
3964.871240806455,2.566106410989273e+39
3961.8081692484448,2.573502638921123e+39
3958.7498268046947,2.5804856674610058e+39
3955.6962025316457,2.5873080945335914e+39
3952.6472855194766,2.594427662619973e+39
3949.603064891978,2.6005093361499978e+39
3946.5635298064212,2.6070888029896903e+39
3943.528669453427,2.6129478496679904e+39
3940.4984730568417,2.619174415187748e+39
3937.4729298736074,2.6242719884390853e+39
3934.4520291936337,2.6289305304746144e+39
3931.4357603396757,2.6331829546025566e+39
3928.4241126672036,2.6374999641122748e+39
3925.4170755642785,2.641400451022913e+39
3922.4146384514306,2.645038702442478e+39
3919.4167907815317,2.6482596647136047e+39
3916.4235220396736,2.6513804272647214e+39
3913.434821743044,2.6522073872656766e+39
3910.4506794408057,2.6515410533594027e+39
3907.4710847139727,2.6504793957809595e+39
3904.496027175292,2.6486121957790533e+39
3901.5254964691194,2.6470762976965544e+39
3898.5594822713006,2.645286846897661e+39
3895.5979742890536,2.643737844387592e+39
3892.6409622608458,2.6413444754634664e+39
3889.68843595628,2.6389722188772137e+39
3886.7403851759723,2.6358166521922514e+39
3883.796799751437,2.6321802503539605e+39
3880.857669544969,2.6269840806739328e+39
3877.922984449529,2.617409074999966e+39
3874.992734388623,2.60780251387697e+39
3872.066909316193,2.5963073145322626e+39
3869.145499216498,2.584153738123526e+39
3866.2284941040016,2.5658569113342693e+39
3863.315884023257,2.544759918324731e+39
3860.4076590487957,2.5233570448047617e+39
3857.503809285012,2.5008013083237723e+39
3854.6043248660526,2.4778788394784532e+39
3851.7091959557056,2.453761976962299e+39
3848.8184127472864,2.4291129389211398e+39
3845.931965463531,2.403451636095017e+39
3843.049844356481,2.3778973760415675e+39
3840.172039707379,2.3509907499236875e+39
3837.298541826554,2.325155624871848e+39
3834.429341053318,2.297923999555086e+39
3831.5644277558526,2.269901372629431e+39
3828.7037923311063,2.2414760557011217e+39
3825.847425204683,2.214728197855039e+39
3822.995316830737,2.1887104292794722e+39
3820.1474576918667,2.161174712520744e+39
3817.3038382990094,2.1344328021657492e+39
3814.4644491913336,2.1077129028961104e+39
3811.629280936136,2.0811714606893465e+39
3808.7983241287375,2.0554197017437463e+39
3805.9715693923768,2.0301427374071044e+39
3803.1490073781088,2.005481013761268e+39
3800.3306287647024,1.9840594036813486e+39
3797.516424258535,1.965975507890261e+39
3794.706384593492,1.9498416544138584e+39
3791.900500530866,1.9347461498296437e+39
3789.098762859254,1.9199005033126996e+39
3786.3011623944567,1.904462286057061e+39
3783.50768997938,1.8892401609717346e+39
3780.718336483932,1.875972294291734e+39
3777.9330928049267,1.8609575888000113e+39
3775.1519498659823,1.8484312866464423e+39
3772.3748986174246,1.8346348423635362e+39
3769.6019300361877,1.8223642905284295e+39
3766.8330351257177,1.819983607325137e+39
3764.0682049158727,1.8214136008239515e+39
3761.307430462829,1.8256340015135472e+39
3758.5507028489815,1.833195314187777e+39
3755.798013182851,1.8467701929968935e+39
3753.0493525989864,1.878602115917487e+39
3750.304712257871,1.914758039894958e+39
3747.564083345825,1.9521031672551014e+39
3744.827457074915,1.9893397589406104e+39
3742.0948246828575,2.0265816854973092e+39
3739.366177432925,2.0638891663043387e+39
3736.641506613855,2.09723971269062e+39
3733.920803539757,2.1295712086587124e+39
3731.2040595500166,2.1624669586215975e+39
3728.491266009209,2.190316526466539e+39
3725.7824143070043,2.2161312915793272e+39
3723.077495858076,2.2404957581328424e+39
3720.3765021020126,2.261922985458119e+39
3717.679424503225,2.2810988426709997e+39
3714.986254550858,2.2999363560181846e+39
3712.2969837587007,2.3178342234884487e+39
3709.611603665096,2.3337957617394427e+39
3706.9301058328547,2.3487441389308037e+39
3704.2524818491625,2.3629750988984373e+39
3701.5787233254982,2.3758821850574985e+39
3698.90882189754,2.3884203119667008e+39
3696.2427692250826,2.4005330284549553e+39
3693.5805569919476,2.412421841901196e+39
3690.9221769059,2.4244945314815937e+39
3688.2676206985575,2.4357470729520692e+39
3685.6168801253107,2.447072924632697e+39
3682.969946965233,2.4589905856111862e+39
3680.3268130209963,2.4693209603461286e+39
3677.687470118789,2.4804129011635503e+39
3675.05191010823,2.495278906008151e+39
3672.420124862284,2.5093058557583853e+39
3669.792106277179,2.523710581591867e+39
3667.1678462723235,2.538273830237425e+39
3664.5473367902227,2.551976689721214e+39
3661.9305697963964,2.565011912391989e+39
3659.317537279297,2.5775335681664936e+39
3656.7082312502284,2.5893318191572575e+39
3654.102643743263,2.6010426989096786e+39
3651.500766815161,2.612464826882295e+39
3648.9025925452916,2.6241654115180306e+39
3646.3081130355513,2.6357149913145237e+39
3643.7173204102824,2.6496763748189777e+39
3641.130206816196,2.6638759972710592e+39
3638.5467644222895,2.6769831832411308e+39
3635.9669854197723,2.685951143468554e+39
3633.390862021982,2.6949988014687267e+39
3630.8183864643092,2.7043212009421505e+39
3628.249551004118,2.7132145295469468e+39
3625.68434792067,2.7219899557042724e+39
3623.122769515045,2.731402509464715e+39
3620.564808110065,2.742062484473539e+39
3618.010456050218,2.7537133099395684e+39
3615.45970570158,2.76556202561135e+39
3612.9125494517407,2.7768312042713653e+39
3610.3689797097263,2.7882745495947655e+39
3607.8289889059256,2.799506711091035e+39
3605.292569492014,2.8061744891184827e+39
3602.7597139408786,2.8091259444839317e+39
3600.230414746544,2.811864249274214e+39
3597.7046644240972,2.814030811818954e+39
3595.182455509617,2.8158212331876015e+39
3592.6637805600963,2.817361685168231e+39
3590.1486321533707,2.819064252093071e+39
3587.6370028880474,2.821112086209376e+39
3585.1288853834294,2.8223739909978065e+39
3582.6242722794445,2.823114980507147e+39
3580.1231562365742,2.8236525351360435e+39
3577.6255299357813,2.824352155712059e+39
3575.1313860784385,2.8252819201885905e+39
3572.640717386256,2.825517933198385e+39
3570.1535166012136,2.825971738219005e+39
3567.6697764854885,2.8267099631887064e+39
3565.189489821384,2.827359960873419e+39
3562.7126494112613,2.8279459177505736e+39
3560.2392480774706,2.829412404283428e+39
3557.769278662279,2.831323965271055e+39
3555.302734027802,2.833322684835227e+39
3552.8396070559393,2.835136515527063e+39
3550.3798906482994,2.837734869708869e+39
3547.9235777261356,2.840803481874933e+39
3545.4706612302784,2.843954819590797e+39
3543.0211341210647,2.8477505857377175e+39
3540.5749893782745,2.851110087914976e+39
3538.1322200010613,2.85422370347682e+39
3535.6928190078843,2.857460889813984e+39
3533.2567794364454,2.8603827821971197e+39
3530.8240943436194,2.863674372145612e+39
3528.394756805391,2.866358246692057e+39
3525.968759916787,2.8689190635450295e+39
3523.546096791811,2.8718748771848006e+39
3521.1267605633802,2.875351708111958e+39
3518.710744383258,2.8786908252373864e+39
3516.298041421991,2.8816003870053204e+39
3513.888644868844,2.8846767373031054e+39
3511.4825479317365,2.887789849929184e+39
3509.0797438371783,2.890777485540441e+39
3506.6802258302064,2.894306625723487e+39
3504.2839871743204,2.8981331714823366e+39
3501.8910211514217,2.90196344327176e+39
3499.5013210617485,2.9054328418684247e+39
3497.1148802238154,2.908815778460038e+39
3494.731691974349,2.9159151689103645e+39
3492.3517496682266,2.9237953225034223e+39
3489.9750466784158,2.9314921622741693e+39
3487.601576395912,2.9390082541840356e+39
3485.231332229677,2.9464758554141774e+39
3482.8643076065755,2.9548049881340716e+39
3480.5004959713206,2.963725416774555e+39
3478.1398907864072,2.972550800562909e+39
3475.782485532055,2.9815360531628606e+39
3473.4282737061476,2.990082898261843e+39
3471.0772488241723,2.99777671710709e+39
3468.729404419161,3.0051437041739064e+39
3466.384734041631,3.012548475427994e+39
3464.0432312595262,3.019451848845823e+39
3461.7048896581564,3.025561293502107e+39
3459.369702840142,3.0317166216334345e+39
3457.0376644253533,3.037754086376964e+39
3454.708768050853,3.0428740235976716e+39
3452.3830073708373,3.0474151796179957e+39
3450.060376056581,3.0518905957534484e+39
3447.7408677963763,3.055815280625533e+39
3445.4244762954795,3.059030837982861e+39
3443.111195276051,3.062018547697107e+39
3440.8010184771015,3.0648241905789106e+39
3438.4939396544314,3.0673875017539487e+39
3436.1899525805784,3.069939433910263e+39
3433.8890510447604,3.0726491687725975e+39
3431.591228852819,3.0752237562892905e+39
3429.2964798271632,3.0776507806552796e+39
3427.004797806717,3.080051318666743e+39
3424.7161766468603,3.0824462514111077e+39
3422.4306102193777,3.0846758605643266e+39
3420.148092412401,3.0869316922619474e+39
3417.8686171303575,3.0891030627527027e+39
3415.5921782939117,3.09137277978352e+39
3413.318769839915,3.0935076454802276e+39
3411.0483857213517,3.0955997672212017e+39
3408.781019907281,3.097671603276795e+39
3406.51666638279,3.099553639531861e+39
3404.255319148936,3.101461382591956e+39
3401.9969722226947,3.1032472532534e+39
3399.7416196369077,3.1052048646213317e+39
3397.4892554402295,3.1069143459275396e+39
3395.2398736970767,3.1085736378831867e+39
3392.9934684875734,3.1103557782347154e+39
3390.7500339075,3.111952459262928e+39
3388.5095640682443,3.11338010463291e+39
3386.272053096746,3.114759640299214e+39
3384.0374951354456,3.115959748513833e+39
3381.8058843422386,3.1167999987972945e+39
3379.577214890417,3.1178344632158e+39
3377.3514809686244,3.118375370898856e+39
3375.1286767808024,3.118887679161981e+39
3372.9087965461413,3.119254179619936e+39
3370.6918344990304,3.1193428448895875e+39
3368.4777848890085,3.1192221349314016e+39
3366.266641980711,3.119135398006495e+39
3364.0584000538247,3.119326205260664e+39
3361.853053403035,3.119248254538186e+39
3359.650596337981,3.11882182485719e+39
3357.4510231831996,3.1181568712653144e+39
3355.2543282780834,3.117789077880408e+39
3353.0605059768304,3.118112057111878e+39
3350.8695506483928,3.1189100776812035e+39
3348.6814566764333,3.119505052602636e+39
3346.4962184592728,3.12011818924052e+39
3344.313830409845,3.120573323160963e+39
3342.1342869556497,3.120992771757427e+39
3339.957582538702,3.1211954588926917e+39
3337.783711615487,3.121181055494745e+39
3335.6126686569155,3.120754929957956e+39
3333.444448148271,3.1201799354213045e+39
3331.2790445891696,3.119347657744694e+39
3329.116452493508,3.1183892742371444e+39
3326.9566663894198,3.1171550055584644e+39
3324.7996808192306,3.1159677743367474e+39
3322.645490339408,3.114692379299994e+39
3320.4940895205204,3.113226160771611e+39
3318.3454729471887,3.110906516917679e+39
3316.1996352180404,3.108207610907839e+39
3314.056570945666,3.104772915192738e+39
3311.916274756574,3.1013053820495527e+39
3309.778741291145,3.0975333182783246e+39
3307.643965203585,3.0935102814102015e+39
3305.511941161887,3.089278618295257e+39
3303.38266384778,3.0844329604090493e+39
3301.256127956687,3.079379269463939e+39
3299.132328197684,3.0744043480706095e+39
3297.0112592934506,3.069251924812058e+39
3294.89291598023,3.063885379611234e+39
3292.777293007787,3.058554634190172e+39
3290.664385139359,3.0529455263615845e+39
3288.554187151619,3.047425908725956e+39
3286.4466938346254,3.041793560428605e+39
3284.341899991789,3.036136634295155e+39
3282.23980043982,3.030201784235706e+39
3280.140390008692,3.02403201981233e+39
3278.0436635415986,3.017414392639241e+39
3275.9496158949073,3.010762026010079e+39
3273.8582419381237,3.00415644620989e+39
3271.769536553845,2.997198810741662e+39
3269.683494637719,2.99017437667565e+39
3267.6001110984034,2.982793805783434e+39
3265.519380857525,2.975422761076023e+39
3263.441298849637,2.9686110653875945e+39
3261.365860022177,2.961928227128364e+39
3259.29305933543,2.955449758770644e+39
3257.222891762483,2.948568955128615e+39
3255.1553522891877,2.9419747000575584e+39
3253.090435914118,2.93576319476266e+39
3251.0281376485314,2.9295108822271525e+39
3248.9684525163257,2.9233744783153465e+39
3246.9113755540043,2.91764308089825e+39
3244.85690181063,2.912299366168489e+39
3242.8050263477908,2.9075485772765225e+39
3240.755744239557,2.9026741369326683e+39
3238.709050572442,2.8975698455553014e+39
3236.6649404453647,2.892880299452209e+39
3234.6234089696104,2.888279212774524e+39
3232.5844512687895,2.8838099509100405e+39
3230.5480624787992,2.8797422645208237e+39
3228.5142377477882,2.875815580286133e+39
3226.482972236114,2.8724196199740565e+39
3224.4542611163056,2.8698311739443664e+39
3222.428099573028,2.8678564459780363e+39
3220.4044828030396,2.865411186637484e+39
3218.383406015158,2.8647727597550206e+39
3216.3648644302207,2.8648723796274547e+39
3214.3488532810466,2.865163045925156e+39
3212.3353678123995,2.865313615427848e+39
3210.3244032809516,2.865496890467784e+39
3208.315954955244,2.8650232042805017e+39
3206.3100181156515,2.865381203279611e+39
3204.306588054345,2.8657378120490694e+39
3202.305660075254,2.866097211205183e+39
3200.307229494031,2.867501728057715e+39
3198.311291638015,2.869203674622917e+39
3196.317841846193,2.8713058895958e+39
3194.3268754691667,2.874030280931626e+39
3192.3383878691143,2.87718426459187e+39
3190.3523744197546,2.880293740316763e+39
3188.368830506313,2.883109882284522e+39
3186.387751525483,2.885772791968972e+39
3184.409132885393,2.889067026925095e+39
3182.4329700055687,2.8924226972827e+39
3180.4592583169006,2.895658096308832e+39
3178.4879932616054,2.8994406142021044e+39
3176.5191702931925,2.902714241839873e+39
3174.55278487643,2.905964336217017e+39
3172.5888324873094,2.909579746290559e+39
3170.627308613009,2.9137060788852186e+39
3168.6682087518616,2.91815793164897e+39
3166.7115284133192,2.922469658499505e+39
3164.7572631179187,2.928853636049113e+39
3162.8054083972484,2.93550942838022e+39
3160.855959793912,2.94211943684596e+39
3158.9089128614974,2.948142683193335e+39
3156.964263164541,2.954384278082898e+39
3155.022006278494,2.961002156994781e+39
3153.082137789689,2.9678541168652796e+39
3151.144653295309,2.9744272118020284e+39
3149.2095484033507,2.9818573826927956e+39
3147.2768187325914,2.9912125211227263e+39
3145.346459912559,3.0012734807238987e+39
3143.4184675834967,3.011308801490795e+39
3141.4928373963307,3.0220380427208693e+39
3139.5695650126368,3.033390673478238e+39
3137.6486461046093,3.044982974594559e+39
3135.7300763550274,3.055358375217906e+39
3133.8138514572233,3.065169142109883e+39
3131.89996711505,3.0751823113241605e+39
3129.9884190428493,3.085025939054974e+39
3128.0792029654185,3.095185226850321e+39
3126.1723146179816,3.105053159665089e+39
3124.267749746153,3.114425707288476e+39
3122.3655041059105,3.1226185529333484e+39
3120.4655734635603,3.132020837535138e+39
3118.567953595709,3.141109268015186e+39
3116.672640289227,3.150300021210998e+39
3114.779629341224,3.159457124750929e+39
3112.8889165590126,3.1687505167234254e+39
3111.0004977600797,3.178858034473885e+39
3109.114368772055,3.189502941583412e+39
3107.2305254326816,3.200006949665296e+39
3105.348963589783,3.209556134050418e+39
3103.4696791012348,3.219496667991466e+39
3101.592667834933,3.230123062467494e+39
3099.7179256687637,3.240355482874748e+39
3097.8454484905747,3.2508965914114894e+39
3095.9752321981423,3.263220983129386e+39
3094.1072726991442,3.27722648560796e+39
3092.241565911129,3.29093937756033e+39
3090.3781077614844,3.3047061930951e+39
3088.5168941874113,3.317938448669762e+39
3086.65792113589,3.330843795776109e+39
3084.8011845636547,3.343397200220648e+39
3082.946680437162,3.356370933899085e+39
3081.094404732561,3.368988556763295e+39
3079.2443534356667,3.38039900205978e+39
3077.3965225419292,3.391527449294665e+39
3075.550908056405,3.4035102768455973e+39
3073.7075059937297,3.415137130592824e+39
3071.8663123780852,3.42713806396369e+39
3070.027323243177,3.438812193141227e+39
3068.1905346322,3.4482685037260026e+39
3066.3559425978165,3.458971227953969e+39
3064.5235432021204,3.469343302542237e+39
3062.693332516615,3.4784899005073566e+39
3060.8653066221823,3.488192319647133e+39
3059.039461609055,3.4972359867319137e+39
3057.2157935767896,3.5057691277335997e+39
3055.3942986342386,3.515008896607163e+39
3053.574972899522,3.5228606994618124e+39
3051.7578125,3.5312085426371387e+39
3049.9428135722455,3.5391442266386036e+39
3048.129972262017,3.546710162991018e+39
3046.319284724232,3.5551180461054204e+39
3044.510747122937,3.5635356967969924e+39
3042.7043556312847,3.571429814780636e+39
3040.9001064315034,3.578903895007038e+39
3039.097995714872,3.586375836131143e+39
3037.2980196816907,3.5936610445141804e+39
3035.5001745412596,3.600769023587911e+39
3033.7044565118467,3.6090299354510797e+39
3031.910861820662,3.619691013730758e+39
3030.119386703836,3.631725769949761e+39
3028.3300274063868,3.643865227150609e+39
3026.5427801821975,3.655209171438221e+39
3024.757641293991,3.6657698938854926e+39
3022.974607013301,3.676522203030695e+39
3021.1936736204475,3.68650651744005e+39
3019.414837404511,3.696086505262931e+39
3017.6380946633067,3.705007582784916e+39
3015.8634417033595,3.713302914429766e+39
3014.090874839876,3.721606223021418e+39
3012.3203903967224,3.7290292590347906e+39
3010.5519847063956,3.7354357716684354e+39
3008.785654110001,3.741768780009344e+39
3007.021394957225,3.748365298107275e+39
3005.2592036063106,3.7538543506086796e+39
3003.499076424034,3.7585711907683175e+39
3001.7410097856755,3.763695188744428e+39
2999.9850000749993,3.768619407558137e+39
2998.2310436842263,3.7733835788445456e+39
2996.4791370140083,3.7762421206493783e+39
2994.7292764734066,3.781900766731134e+39
2992.9814584798646,3.7839023483269096e+39
2991.2356794591847,3.785974324155708e+39
2989.491935845503,3.79235288572609e+39
2987.7502240812664,3.7952830598632454e+39
2986.010540617208,3.798598963768062e+39
2984.272881912322,3.801855053843396e+39
2982.5372444338395,3.804746847191584e+39
2980.8036246572074,3.8078467922819096e+39
2979.0720190660604,3.8108734892559365e+39
2977.3424241522016,3.814181626828358e+39
2975.6148364155742,3.817395189761506e+39
2973.8892523642417,3.820914628290575e+39
2972.165668514363,3.8247244837744414e+39
2970.4440813901674,3.828015646139251e+39
2968.724487523935,3.829911052635182e+39
2967.0068834559697,3.831638077099472e+39
2965.2912657345764,3.832744075977223e+39
2963.5776309160415,3.8334896027049666e+39
2961.865975564606,3.8350114664291945e+39
2960.1562962524417,3.836359109082703e+39
2958.448589559635,3.8374708390360205e+39
2956.7428520741546,3.839029999223526e+39
2955.039080391838,3.841861494990823e+39
2953.3372711163615,3.844535656935637e+39
2951.6374208592215,3.844753855288829e+39
2949.9395262397115,3.8452138911302624e+39
2948.2435838849005,3.8446983532543034e+39
2946.5495904296067,3.84483732936331e+39
2944.857542516381,3.8427164339605544e+39
2943.167436795479,3.835470255141873e+39
2941.479269924845,3.8263866965874555e+39
2939.7930385700847,3.811467013062235e+39
2938.1087394044453,3.797120088427342e+39
2936.4263691087945,3.778488857701707e+39
2934.745924371597,3.757093289458587e+39
2933.0674018888953,3.73320469366466e+39
2931.390798364284,3.7099259774645604e+39
2929.7161105088912,3.684187515652359e+39
2928.043335041358,3.65520944908262e+39
2926.3724686878145,3.6287400659663815e+39
2924.7035081818576,3.5984148992494187e+39
2923.0364502645343,3.566899807027984e+39
2921.3712916843165,3.536874186244037e+39
2919.7080291970797,3.505494470147586e+39
2918.046659566086,3.471653349985252e+39
2916.3871795619584,3.438940815470008e+39
2914.7295859626624,3.4015280219153624e+39
2913.073875553484,3.3648564596085314e+39
2911.420045127011,3.328132715634864e+39
2909.7680914831085,3.2891398534820714e+39
2908.1180114289036,3.250445485627334e+39
2906.4698017787596,3.212053160390093e+39
2904.8234593542575,3.1706482505694364e+39
2903.178980984177,3.1278777774639404e+39
2901.5363635044755,3.085131633006492e+39
2899.8956037582648,3.0444508188638365e+39
2898.256698595794,3.000239299873424e+39
2896.6196448744313,2.955320830808427e+39
2894.9844394586376,2.911207307709901e+39
2893.351079219952,2.8647100128014976e+39
2891.7195610369704,2.8179362819648356e+39
2890.0898817953234,2.770588250567944e+39
2888.4620383876604,2.7236888223778185e+39
2886.8360277136258,2.6745734749221454e+39
2885.211846679842,2.6255532826909005e+39
2883.58949219989,2.5781713274965612e+39
2881.9689611942877,2.532775347649711e+39
2880.3502505904717,2.4866086373287408e+39
2878.733357322778,2.4396158744052314e+39
2877.118278332422,2.3938191684900196e+39
2875.5050105674804,2.3473191627352906e+39
2873.893550982871,2.3011487604847275e+39
2872.283896540334,2.2537444140223846e+39
2870.676044208411,2.206178303313981e+39
2869.0699909624295,2.1562771203406177e+39
2867.4657337844815,2.1081165352889152e+39
2865.8632696634045,2.07124012011982e+39
2864.262595594764,2.039506182118235e+39
2862.6637085808343,2.0080494500415156e+39
2861.066605630579,1.977565894928099e+39
2859.471283759633,1.945300549459603e+39
2857.8777399902833,1.9281082223536966e+39
2856.285971351452,1.9123736006240406e+39
2854.6959748786758,1.897516315036053e+39
2853.107747614089,1.8823079658982002e+39
2851.5212866064044,1.8770672291134785e+39
2849.9365889108967,1.8742444862758454e+39
2848.353651589381,1.8705507015599807e+39
2846.7724717101987,1.8697716603330126e+39
2845.193046348195,1.8738813661076863e+39
2843.6153725847043,1.8811314858274132e+39
2842.039447507532,1.8898329123420625e+39
2840.465268210933,1.8988497016084884e+39
2838.8928317956,1.914769764417049e+39
2837.3221353686395,1.9319780044660497e+39
2835.7531760435572,1.9514432225549967e+39
2834.185950940241,1.9725217357757125e+39
2832.6204571849416,1.999630650838355e+39
2831.0566919102557,2.028020294040968e+39
2829.4946522551077,2.059178206474985e+39
2827.934335364733,2.090508703851279e+39
2826.3757383906614,2.1268867847492033e+39
2824.8188584906993,2.1666501897310514e+39
2823.2636928289103,2.20635938940304e+39
2821.7102385756007,2.2484172326412666e+39
2820.1584929073015,2.2926271502125194e+39
2818.6084530067506,2.339349784731659e+39
2817.060116062877,2.38735927434254e+39
2815.5134792707818,2.4356084496937887e+39
2813.9685398317247,2.4879802235149088e+39
2812.4252949531033,2.5399668761943507e+39
2810.8837418484372,2.5932715032590362e+39
2809.343877737355,2.6471766836345894e+39
2807.8056998455704,2.703122217009893e+39
2806.269205404875,2.755639425604826e+39
2804.734391653111,2.8081878703172197e+39
2803.2012558341626,2.8630922173290007e+39
2801.6697951979377,2.918496392129372e+39
2800.14000700035,2.9687010878532053e+39
2798.611888503302,3.016961144581716e+39
2797.0854369746726,3.060183004140542e+39
2795.560649688295,3.1034583972158025e+39
2794.0375239239465,3.1381028831339246e+39
2792.516056967328,3.1685601130174967e+39
2790.996246110049,3.2004029626697635e+39
2789.4780886496137,3.230036608507886e+39
2787.9615818894013,3.2571942237641626e+39
2786.446723138654,3.2785013084294976e+39
2784.933509712456,3.296801213464256e+39
2783.4219389317227,3.317378905075997e+39
2781.912008123183,3.335051556105064e+39
2780.4037146193627,3.344119914076115e+39
2778.8970557585694,3.353760503104499e+39
2777.392028884877,3.361072612678784e+39
2775.8886313481107,3.36968396795951e+39
2774.3868605038288,3.37142772995046e+39
2772.8867137133116,3.366987643058153e+39
2771.3881883435415,3.3661779285388805e+39
2769.891281767191,3.3636816800041905e+39
2768.3959913626045,3.357429315945365e+39
2766.902314513786,3.348671165515118e+39
2765.410248610381,3.3371941521193884e+39
2763.919791047664,3.329020967382907e+39
2762.4309392265195,3.317285467675311e+39
2760.943690553431,3.3014734000059945e+39
2759.458042440465,3.283751296906679e+39
2757.9739923052525,3.267159285097128e+39
2756.4915375709797,3.2494840552200066e+39
2755.010675666368,3.228840535399987e+39
2753.531404025663,3.2020795633768764e+39
2752.0537200886165,3.176809334322766e+39
2750.5776213004733,3.150881606306758e+39
2749.1031051119576,3.122370447144838e+39
2747.6301689792554,3.08947317930486e+39
2746.1588103640033,3.056096045974119e+39
2744.689026733271,3.0224116938839407e+39
2743.2208155595486,2.988825656274533e+39
2741.7541743207303,2.951898807384516e+39
2740.289100500103,2.9138298262097564e+39
2738.825591586328,2.8779078250446395e+39
2737.36364507343,2.8375541926009504e+39
2735.9032584607808,2.79644912315265e+39
2734.4444292530866,2.747185671851193e+39
2732.987154960372,2.6993072838645496e+39
2731.5314330979663,2.6493529814997492e+39
2730.077261186492,2.6003410310379618e+39
2728.624636751845,2.5515972442822936e+39
2727.173557325188,2.5023796883903576e+39
2725.7240204429304,2.451394268785739e+39
2724.276023646716,2.4025071119577133e+39
2722.8295644834116,2.351243430937032e+39
2721.3846405050895,2.3003116500731662e+39
2719.941249269016,2.2495754724842817e+39
2718.499388337638,2.199405723530815e+39
2717.0590552785666,2.1552548084085673e+39
2715.6202476645667,2.1114534248656263e+39
2714.182963073541,2.066264615923296e+39
2712.7471990885174,2.021640004584262e+39
2711.3129532976345,1.990717807747017e+39
2709.8802232941307,1.961593695571779e+39
2708.449006676327,1.9330671352701753e+39
2707.0193010476164,1.9040873492187998e+39
2705.5911040164506,1.881760430614328e+39
2704.1644131963226,1.8660713246997944e+39
2702.7392262057597,1.8507239124583326e+39
2701.3155406683054,1.8352634048285782e+39
2699.893354212509,1.8218698406875218e+39
2698.4726644719094,1.8154713370356414e+39
2697.0534690850245,1.8097031348630994e+39
2695.635765695339,1.8045714973597508e+39
2694.2195519512884,1.7994648647178267e+39
2692.804825506247,1.79959712580758e+39
2691.391584018517,1.8014228493111355e+39
2689.9798251513116,1.804375232284818e+39
2688.569546572746,1.8069932672933432e+39
2687.160745955823,1.8119212141122877e+39
2685.7534209784203,1.818389234655474e+39
2684.347569323276,1.825571546595955e+39
2682.94318867798,1.8329533586793513e+39
2681.5402767349565,1.84072935067864e+39
2680.138831191456,1.8481030941046698e+39
2678.738849749538,1.8546878954545864e+39
2677.3403301160624,1.8625788293551888e+39
2675.943270002676,1.8708325054357214e+39
2674.5476671257975,1.878142823035292e+39
2673.153519206608,1.883290741238392e+39
2671.7608239710385,1.8892485987327067e+39
2670.3695791497544,1.896215260277933e+39
2668.979782478148,1.9017758898106552e+39
2667.5914316963217,1.9051405416654982e+39
2666.204524549078,1.9082797323385337e+39
2664.8190587859085,1.9118899814566534e+39
2663.4350321609777,1.914616036575054e+39
2662.052442433116,1.9145614911162688e+39
2660.6712873658025,1.9130919491766847e+39
2659.2915647271566,1.9136133265777255e+39
2657.9132722899253,1.913606535953209e+39
2656.536407831469,1.9136568773700003e+39
2655.1609691337535,1.9106926339586962e+39
2653.7869539833346,1.9083473680002308e+39
2652.4143601713463,1.906123145184133e+39
2651.0431854934914,1.9036970683254044e+39
2649.67342775003,1.9003781154424084e+39
2648.3050847457625,1.896444694867487e+39
2646.938154290025,1.8921906314159186e+39
2645.572634196672,1.8889461224933522e+39
2644.2085222840674,1.8841799749875198e+39
2642.8458163750724,1.8799425116862912e+39
2641.4845142970353,1.8751864870737326e+39
2640.1246138817755,1.87196055758319e+39
2638.766112965577,1.8686434162159195e+39
2637.409009389176,1.8657408603532283e+39
2636.053300997746,1.862113916970872e+39
2634.698985640891,1.8590575919420748e+39
2633.346061172629,1.8580041845286036e+39
2631.9945254513873,1.856643203421063e+39
2630.644376339985,1.858339322012191e+39
2629.295611705624,1.861687591610034e+39
2627.9482294198806,1.8645958446889343e+39
2626.6022273586887,1.8682334736045463e+39
2625.2576034023336,1.8705106080034987e+39
2623.9143554354387,1.872669202080698e+39
2622.5724813469533,1.8742574990048887e+39
2621.2319790301444,1.8764580295971492e+39
2619.8928463825832,1.8778554558066494e+39
2618.5550813061354,1.8779078469442055e+39
2617.21868170695,1.8773577847105796e+39
2615.8836454954485,1.8762952570374404e+39
2614.5499705863126,1.8750099688878804e+39
2613.217654898476,1.8735729912759093e+39
2611.8866963551122,1.870303595946414e+39
2610.5570928836214,1.867265375075057e+39
2609.2288424156245,1.8640770749976183e+39
2607.9019428869474,1.861466181847451e+39
2606.5763922376154,1.857714553801703e+39
2605.2521884118387,1.854484438947662e+39
2603.9293293580013,1.85053483952128e+39
2602.6078130286546,1.8475672579675748e+39
2601.2876373805034,1.8438318942816332e+39
2599.9688003743954,1.8409488057706288e+39
2598.651299975313,1.8359329205137285e+39
2597.33513415236,1.832039995285006e+39
2596.020300878753,1.827961263739226e+39
2594.7067981318114,1.824047921251624e+39
2593.3946238929448,1.821299458897837e+39
2592.083776147645,1.8177634900100747e+39
2590.7742528854747,1.8143426677694073e+39
2589.4660521000574,1.8131234026093498e+39
2588.1591717890647,1.81363939173348e+39
2586.8536099542125,1.819053402546103e+39
2585.5493646012433,1.8238987445157443e+39
2584.2464337399215,1.8300448509263172e+39
2582.9448153840194,1.8374000750406115e+39
2581.64450755131,1.8465589593989717e+39
2580.3455082635564,1.8572995104135253e+39
2579.0478155465003,1.8687777553907374e+39
2577.7514274298533,1.881786715558483e+39
2576.4563419472856,1.8947879198662297e+39
2575.1625571364193,1.908898004027779e+39
2573.870071038814,1.924377418274595e+39
2572.57888169996,1.940832615008721e+39
2571.288987169268,1.9578398100161273e+39
2570.0003855000577,1.974552084696119e+39
2568.7130747495507,1.987707210370076e+39
2567.4270529788573,1.9996688233438933e+39
2566.14231825297,2.011583381088896e+39
2564.858868640753,2.023631874124758e+39
2563.5767022149307,2.035428001761297e+39
2562.2958170520783,2.0374814988776588e+39
2561.016211232617,2.0341376512438236e+39
2559.7378828407973,2.0301355983418928e+39
2558.4608299646934,2.0249448080712335e+39
2557.1850506961937,2.019992995430555e+39
2555.9105431309904,2.0143261738918052e+39
2554.63730536857,2.007694423935532e+39
2553.365335512205,2.0015073436914776e+39
2552.0946316689424,1.9934431714307147e+39
2550.8251919495956,1.9870232720092524e+39
2549.557014468736,1.980270695161338e+39
2548.2900973446817,1.9727483909612666e+39
2547.0244386994896,1.9646396152280938e+39
2545.760036658945,1.9562538185609148e+39
2544.496889352553,1.949087630567335e+39
2543.23499491353,1.940714808062547e+39
2541.974351478794,1.9321507766003583e+39
2540.714957188953,1.922469264716192e+39
2539.456810188301,1.9131255270029466e+39
2538.1999086248034,1.9043536576254884e+39
2536.944250650092,1.8945972822137776e+39
2535.689834419454,1.8831961799835773e+39
2534.4366580918227,1.870577939291354e+39
2533.1847198297696,1.8593320651780834e+39
2531.9340177994964,1.8463305348934274e+39
2530.684550170821,1.8333063224325513e+39
2529.436315117176,1.8210281657161964e+39
2528.1893108155937,1.809160959174585e+39
2526.943535446701,1.79786100466062e+39
2525.698987194706,1.7845508633213967e+39
2524.4556642473967,1.7699278571811964e+39
2523.213564796124,1.7558266556704055e+39
2521.9726870357995,1.740096046507933e+39
2520.7330291648814,1.724976392954723e+39
2519.494589385369,1.7066680205338974e+39
2518.2573659027953,1.6880223685344286e+39
2517.0213569262137,1.666666094019606e+39
2515.786560668193,1.64607420169281e+39
2514.552975344808,1.6260867554594855e+39
2513.320599175631,1.6052244621875596e+39
2512.0894303837213,1.5841334511518485e+39
2510.859467195621,1.56102855306758e+39
2509.630707841341,1.5380312250170842e+39
2508.4031505543576,1.515151453921781e+39
2507.176793571599,1.4915555138136e+39
2505.951635133442,1.469133712657539e+39
2504.7276734837005,1.447315017986398e+39
2503.5049068696176,1.42732111996453e+39
2502.283333541857,1.4071251007468667e+39
2501.0629517544953,1.3866984866025536e+39
2499.8437597650145,1.3664919657430065e+39
2498.6257558342913,1.3459751300633664e+39
2497.40893822659,1.3261341740509317e+39
2496.1933052095555,1.3066200430451517e+39
2494.9788550542034,1.2872812122396975e+39
2493.7655860349128,1.2674378422769223e+39
2492.553496429417,1.2469034264557784e+39
2491.3425845187976,1.2262933404757616e+39
2490.1328485874724,1.205549700665076e+39
2488.9242869231916,1.1852855570232324e+39
2487.7168978170284,1.1636149553785797e+39
2486.5106795633687,1.142409857718863e+39
2485.305630459906,1.1212442056700569e+39
2484.101748807631,1.1005335752651044e+39
2482.899032910827,1.0799107309716791e+39
2481.6974810770566,1.0592659321492121e+39
2480.49709161716,1.0391057344361627e+39
2479.2978628452424,1.0194644855192258e+39
2478.0997930786675,1.0013308483852692e+39
2476.90288063805,9.836960493806235e+38
2475.707123847249,9.663398040191094e+38
2474.5125210333563,9.494732338077709e+38
2473.3190705266934,9.335615771915417e+38
2472.126770660799,9.179566845072835e+38
2470.935619772427,9.042782435885743e+38
2469.7456162015314,8.877665210968849e+38
2468.5567582912654,8.705403767663059e+38
2467.369044387969,8.537534888565356e+38
2466.1824728411657,8.383333608987946e+38
2464.9970420035497,8.231824390878092e+38
2463.8127502309826,8.081779724413968e+38
2462.629595882483,7.932863514531414e+38
2461.447577320222,7.78905378830424e+38
2460.266692909511,7.660328920276404e+38
2459.0869410188,7.54085214197934e+38
2457.9083200196633,7.419871616926205e+38
2456.730828286799,7.302168890412764e+38
2455.554464198016,7.191829814236642e+38
2454.37922613423,7.087593430452249e+38
2453.2051124794543,6.979430427621272e+38
2452.0321216207935,6.882139168381665e+38
2450.860251948434,6.780646092116254e+38
2449.6895018556397,6.6887836458210895e+38
2448.519869738743,6.605899346679414e+38
2447.351353997137,6.525907778009934e+38
2446.183953033268,6.449034439357925e+38
2445.0176652526316,6.377026368660695e+38
2443.8524890637605,6.311392373646052e+38
2442.68842287822,6.249620621414717e+38
2441.5254651106015,6.1664653009586515e+38
2440.3636141785123,6.062111128058246e+38
2439.2028685025734,5.9586042539727195e+38
2438.043226506406,5.86541904525753e+38
2436.8846866166296,5.7754907658599414e+38
2435.7272472628515,5.687660117182432e+38
2434.5709068776628,5.5990389690451254e+38
2433.4156638966288,5.5147418965262066e+38
2432.2615167582817,5.433882607401792e+38
2431.108463904117,5.3563689660129544e+38
2429.9565037785824,5.278586011436003e+38
2428.805634829073,5.2040527390520916e+38
2427.6558555059237,5.131515132517253e+38
2426.5071642624025,5.07015856084601e+38
2425.359559554704,5.0088800314226524e+38
2424.2130398419413,4.952457482156071e+38
2423.06760358614,4.8963854964582264e+38
2421.9232492522315,4.84145710473977e+38
2420.7799753080444,4.792864237641486e+38
2419.6377802243005,4.746845100350408e+38
2418.4966624746057,4.705516641375039e+38
2417.356620535444,4.6615732261898034e+38
2416.217652886172,4.620428034388893e+38
2415.0797580090084,4.590535002645046e+38
2413.942934389031,4.5571912700964434e+38
2412.8071805141694,4.528285226623776e+38
2411.672494875196,4.492891120840615e+38
2410.538875965722,4.458525560302639e+38
2409.4063222821896,4.4300490521602165e+38
2408.274832323865,4.399631650324517e+38
2407.1444045928315,4.372744675348305e+38
2406.015037593985,4.346791478194352e+38
2404.8867298350247,4.324588525489023e+38
2403.7594798264486,4.306297634195155e+38
2402.6332860815455,4.28933266728086e+38
2401.508147116389,4.276651009476923e+38
2400.384061449832,4.2633321824738425e+38
2399.2610276034984,4.252847900737965e+38
2398.1390441017775,4.2452201352637854e+38
2397.018109471817,4.241063409480193e+38
2395.8982222435193,4.229283507356945e+38
2394.7793809495297,4.217409142553093e+38
2393.6615841252365,4.2077322197548785e+38
2392.544830308758,4.205283550371848e+38
2391.4291180409414,4.201136427958012e+38
2390.3144458653537,4.1972894754567605e+38
2389.2008123282762,4.195920733189341e+38
2388.088215978698,4.196548285254209e+38
2386.9766553683107,4.20174848875887e+38
2385.8661290514992,4.207394023489805e+38
2384.7566355853382,4.212663006729926e+38
2383.648173529587,4.221932925816006e+38
2382.5407414466786,4.23079183746779e+38
2381.434337901718,4.240972823496501e+38
2380.328961462474,4.255250035485151e+38
2379.224610699373,4.267716228711133e+38
2378.1212841854936,4.28222579986091e+38
2377.0189804965594,4.297693242996907e+38
2375.917698210934,4.318735245661014e+38
2374.8174359096147,4.340212642760113e+38
2373.718192176225,4.361016805334465e+38
2372.6199655970104,4.379780546538404e+38
2371.522754760832,4.404133235852351e+38
2370.426558259159,4.4321814875311125e+38
2369.3313746860636,4.460389763549726e+38
2368.2372026382163,4.488352647867381e+38
2367.1440407148775,4.518829901874566e+38
2366.051887517893,4.549523242223668e+38
2364.9607416516887,4.56793093620784e+38
2363.8706017232616,4.578662654120528e+38
2362.781466342178,4.598134442755927e+38
2361.6933341205645,4.612523796484555e+38
2360.606203673103,4.633942863021385e+38
2359.5200736170264,4.6573125603013436e+38
2358.4349425721093,4.681098974681424e+38
2357.3508091606654,4.704577715516907e+38
2356.26767200754,4.735363107979981e+38
2355.1855297401053,4.764396867001969e+38
2354.104380988253,4.800362106712175e+38
2353.02422438439,4.834458395180844e+38
2351.9450585634318,4.8686521188015564e+38
2350.8668821627975,4.9085350902951295e+38
2349.789693822403,4.936819664006321e+38
2348.713492184656,4.964091082109579e+38
2347.63827589445,4.992601748851001e+38
2346.56404359916,5.024346922392568e+38
2345.490793948634,5.046875302100583e+38
2344.4185255951893,5.073075816944206e+38
2343.3472371936073,5.0990024580573174e+38
2342.2769274011266,5.123740392609756e+38
2341.2075948774377,5.150672153570295e+38
2340.139238284678,5.178178678283212e+38
2339.0718562874254,5.213558888909015e+38
2338.0054475526927,5.24532803197241e+38
2336.940010749924,5.2812629168973564e+38
2335.8755445509864,5.316488471170107e+38
2334.8120476301656,5.355223046759073e+38
2333.7495186641618,5.39605711970624e+38
2332.6879563320813,5.43517116398224e+38
2331.627359315434,5.4748489573725536e+38
2330.567726298126,5.5151204368853956e+38
2329.509055966455,5.5440300495547645e+38
2328.451347009104,5.5788869201288554e+38
2327.394598117138,5.609797270465384e+38
2326.3388079839947,5.643680008382903e+38
2325.283975305484,5.675639810600422e+38
2324.2300987797794,5.712260562661537e+38
2323.1771771074123,5.756992324817793e+38
2322.1252089912687,5.799348264393233e+38
2321.0741931365837,5.842207733852233e+38
2320.0241282509337,5.888464377668653e+38
2318.9750130442344,5.935837685269505e+38
2317.9268462287328,5.96437721169536e+38
2316.879626519004,5.960215039689929e+38
2315.8333526319448,5.9591014173625196e+38
2314.7880232867674,5.948276395434769e+38
2313.743637204998,5.918520120375807e+38
2312.7001931104664,5.8931388614702526e+38
2311.657689729305,5.868273387051775e+38
2310.616125789942,5.845043772455576e+38
2309.5755000230956,5.819693733829202e+38
2308.5358111617707,5.793402517058205e+38
2307.497057941251,5.77435522162133e+38
2306.459239099097,5.747562230156491e+38
2305.4223533751383,5.713582097637541e+38
2304.3863995114702,5.682070907747678e+38
2303.351376252447,5.6526574062306135e+38
2302.31728234468,5.627404000220203e+38
2301.284116537028,5.567376009188093e+38
2300.251877580595,5.5037922917578805e+38
2299.2205642287263,5.440479406442951e+38
2298.190175237001,5.378752248327694e+38
2297.160709363227,5.300771931964814e+38
2296.1321653674386,5.223692112494302e+38
2295.1045420118885,5.150176490473969e+38
2294.0778380610454,5.0786004414464084e+38
2293.052052281587,5.012501982026732e+38
2292.0271834423957,4.94731656522059e+38
2291.0032303145545,4.885906037218775e+38
2289.9801916713423,4.824396923515569e+38
2288.9580662882254,4.762577779011353e+38
2287.936852942859,4.707205569729921e+38
2286.9165504150756,4.651724157526763e+38
2285.8971574868847,4.598211186052414e+38
2284.878672942467,4.5457592860185404e+38
2283.8610955681675,4.496704627813102e+38
2282.844424152494,4.447664593329354e+38
2281.8286574861095,4.402911060960598e+38
2280.8137943618285,4.358543928800815e+38
2279.7998335746124,4.314224501883016e+38
2278.786773921564,4.263196234841887e+38
2277.774614201925,4.20347477068967e+38
2276.7633532170667,4.145602836281322e+38
2275.7529897704903,4.088479821494924e+38
2274.7435226678194,4.0357081313822925e+38
2273.734950716795,3.983837437765498e+38
2272.7272727272725,3.932474508085789e+38
2271.7204875112166,3.885901012330025e+38
2270.7145938826948,3.841008215770488e+38
2269.709590657875,3.7970066886994334e+38
2268.7054766550204,3.753507857249397e+38
2267.7022506944836,3.713346253635775e+38
2266.6999115987037,3.670186246156905e+38
2265.6984581921993,3.6312909314772834e+38
2264.697889301567,3.59218305523166e+38
2263.6982037554753,3.5559024325714756e+38
2262.699400384659,3.521058436856576e+38
2261.701478021916,3.485155454737548e+38
2260.7044355021026,3.454918071621497e+38
2259.7082716621285,3.423661555336744e+38
2258.712985340953,3.387729695001275e+38
2257.718575379579,3.354175391418178e+38
2256.7250406210505,3.3230073716757145e+38
2255.7323799104474,3.291421543185194e+38
2254.7405920948795,3.2644274389792445e+38
2253.749676023484,3.2370381104497386e+38
2252.759630547421,3.2117308067459644e+38
2251.7704545198662,3.18764215823011e+38
2250.7821467960116,3.1677641623860667e+38
2249.7947062330563,3.1494347085847534e+38
2248.8081316902044,3.1317787053714365e+38
2247.8224220286597,3.113796965369595e+38
2246.8375761116226,3.099596728099761e+38
2245.853592804285,3.081978878792904e+38
2244.870470973825,3.0651481773211748e+38
2243.8882094894034,3.0487028305366857e+38
2242.90680722216,3.029168229568455e+38
2241.9262630452085,3.0110458776554996e+38
2240.9465758336323,2.9932926972846606e+38
2239.9677444644794,2.9766317758963122e+38
2238.9897678167613,2.9580650149677356e+38
2238.012644771443,2.942658146012693e+38
2237.0363742114446,2.9266138321216022e+38
2236.060955021634,2.913643254148974e+38
2235.0863860888226,2.9027613585199046e+38
2234.1126663017617,2.8857315901754253e+38
2233.139794551139,2.8697935213873794e+38
2232.1677697295727,2.8538347967267124e+38
2231.1965907316094,2.8393075241467606e+38
2230.2262564537173,2.8286965521114696e+38
2229.256765794284,2.8155172904643524e+38
2228.2881176536125,2.8036746114047007e+38
2227.3203109339156,2.7948052045604583e+38
2226.353344539312,2.7846106490173656e+38
2225.3872173758236,2.778691303011976e+38
2224.42192835137,2.771454377184597e+38
2223.457476375764,2.7672208609140713e+38
2222.4938603607106,2.763443662214978e+38
2221.5310792197984,2.7610875857408903e+38
2220.5691318684976,2.75967155294145e+38
2219.608017224158,2.760269100479955e+38
2218.6477342060016,2.7612962524717938e+38
2217.6882817351193,2.7632990136755256e+38
2216.729658734469,2.764519205607157e+38
2215.7718641288693,2.765917986871582e+38
2214.814896844996,2.7633352213725477e+38
2213.858755811379,2.7611189100967292e+38
2212.9034399583975,2.7597709145846452e+38
2211.9489482182753,2.7587576340992833e+38
2210.9952795250783,2.756504540860054e+38
2210.04243281471,2.755975611060387e+38
2209.0904070249076,2.7561484284629072e+38
2208.1392010952372,2.754853533949301e+38
2207.188813967091,2.752409959355699e+38
2206.2392445836826,2.748319629527361e+38
2205.2904918900444,2.7462642036029448e+38
2204.342554833021,2.7445131401484826e+38
2203.395432361269,2.7400946274129318e+38
2202.4491234252487,2.7377592320677334e+38
2201.5036269772254,2.737564033537793e+38
2200.558941971261,2.7374239471395287e+38
2199.6150673632114,2.741132356227001e+38
2198.672002110725,2.743393331594934e+38
2197.729745173236,2.7458561882189123e+38
2196.7882955119617,2.745893433494605e+38
2195.847652089898,2.748133474349981e+38
2194.9078138718173,2.7513678864596407e+38
2193.968779824263,2.756319196308488e+38
2193.0305489155467,2.7642245462630496e+38
2192.0931201157423,2.7686495270987125e+38
2191.1564923966866,2.775966243318567e+38
2190.2206647319717,2.781134733239994e+38
2189.2856360969417,2.786525253001372e+38
2188.3514054686902,2.7920805544580337e+38
2187.4179718260566,2.795500329371324e+38
2186.4853341496214,2.7994052259118444e+38
2185.553491421703,2.805149481771777e+38
2184.622442626353,2.807554498262488e+38
2183.6921867493556,2.8119721438497805e+38
2182.7627227782204,2.8128056505573167e+38
2181.8340497021795,2.8171537973089048e+38
2180.906166512186,2.817426742119874e+38
2179.979072200907,2.8076623569739613e+38
2179.052765762723,2.7979895941568294e+38
2178.1272461937224,2.7877198850650395e+38
2177.2025124916995,2.776231694762964e+38
2176.278563656148,2.7711244431631837e+38
2175.3553986882607,2.7644788376680604e+38
2174.433016590924,2.7576277518173986e+38
2173.5114163687144,2.750651450402142e+38
2172.590597027896,2.7457480407210024e+38
2171.670557576416,2.745153097093489e+38
2170.7512970239,2.7442442381207376e+38
2169.832814381652,2.745422302686463e+38
2168.915108662647,2.7461339638877e+38
2167.99817888153,2.74677404115759e+38
2167.0820240546104,2.7458143886806423e+38
2166.166643199861,2.738488885121342e+38
2165.252035336913,2.7318469692527243e+38
2164.338199487052,2.7239989777033873e+38
2163.4251346732144,2.7168033968189284e+38
2162.512839919987,2.709870760619996e+38
2161.601314253599,2.7100637989860895e+38
2160.690556701922,2.7096465294855292e+38
2159.7805662944643,2.708613327487177e+38
2158.87134206237,2.7095300494307405e+38
2157.9628830384117,2.7071953097605066e+38
2157.0551882569916,2.7035088285072897e+38
2156.1482567541343,2.701577948503338e+38
2155.242087567486,2.7010849113109883e+38
2154.336679736309,2.6999537555129718e+38
2153.4320323014804,2.7008512660367627e+38
2152.528144305487,2.7024740163775727e+38
2151.625014792422,2.698505119374283e+38
2150.7226428079834,2.6980541898214306e+38
2149.821027399469,2.6922076995932925e+38
2148.920167615773,2.686332906922504e+38
2148.020062507384,2.6791875302731102e+38
2147.1207111263793,2.6736184419445217e+38
2146.2221125264255,2.6677650626716562e+38
2145.32426576277,2.6637469924035853e+38
2144.4271698922425,2.6599790973605965e+38
2143.5308239732485,2.6559884276029704e+38
2142.635227065768,2.6561161555920936e+38
2141.740378231351,2.652226798272672e+38
2140.8462765331137,2.6518986981830435e+38
2139.9529210357373,2.649806352596095e+38
2139.0603108054634,2.6474428368021112e+38
2138.16844491009,2.644715420893848e+38
2137.2773224189705,2.6478202739358854e+38
2136.386942403008,2.6494990277621727e+38
2135.4973039346537,2.650081012303533e+38
2134.608406087903,2.653331682431249e+38
2133.7202479382927,2.653792879669054e+38
2132.8328285628972,2.6552269185658653e+38
2131.9461470403257,2.6537989880088604e+38
2131.0602024507193,2.650636558630592e+38
2130.174993875747,2.64675848627501e+38
2129.2905203986033,2.6421523422031345e+38
2128.4067811040045,2.639756608060832e+38
2127.5237750781866,2.640799766810803e+38
2126.6415014089,2.6421416190828415e+38
2125.7599591854087,2.644342185562613e+38
2124.879147498486,2.6446294094818163e+38
2123.9990654404114,2.6480742471502404e+38
2123.119712104967,2.64758311528624e+38
2122.2410865874363,2.6488401863427394e+38
2121.363187984599,2.6503319646715117e+38
2120.4860153947284,2.6502484307628746e+38
2119.6095679175896,2.6512732330186706e+38
2118.7338446544345,2.6511256165069192e+38
2117.858844708,2.6525428005912825e+38
2116.984567182505,2.6528432529309828e+38
2116.1110111836465,2.654401220990121e+38
2115.238175818597,2.6540570854055256e+38
2114.3660601960014,2.6529844038456055e+38
2113.494663425975,2.6563136560144365e+38
2112.6239846200974,2.6580165594624456e+38
2111.7540228914136,2.6627199893187493e+38
2110.884777354428,2.664116068063601e+38
2110.016247125103,2.67163522012172e+38
2109.1484313208543,2.673772578573059e+38
2108.2813290605495,2.679685925822673e+38
2107.4149394645056,2.685205393196571e+38
2106.5492616544834,2.6889617684532862e+38
2105.6842947536875,2.6941330289962333e+38
2104.820037886761,2.6963603623782083e+38
2103.956490179783,2.6988944388232664e+38
2103.0936507602682,2.701392065932939e+38
2102.2315187571608,2.705419294855075e+38
2101.370093300832,2.708419126897012e+38
2100.5093735230794,2.7137835794864087e+38
2099.649358557121,2.7198771080953538e+38
2098.7900475375945,2.72721317620356e+38
2097.931439600554,2.7353528802872563e+38
2097.0735338834656,2.7427220880040064e+38
2096.216329525207,2.751353450227971e+38
2095.3598256660625,2.750477333040471e+38
2094.5040214477212,2.7477802689546528e+38
2093.6489160132737,2.7513289456014594e+38
2092.7945085072097,2.753414430421288e+38
2091.9407980754145,2.756479832041764e+38
2091.087783865167,2.760151669207667e+38
2090.235465025135,2.7645933529424813e+38
2089.383840705376,2.7707659081750196e+38
2088.5329100573304,2.772751040535349e+38
2087.6826722338205,2.7714254563263624e+38
2086.833126389048,2.7727499316494294e+38
2085.9842716785915,2.774591928222e+38
2085.1361072594013,2.7804360199955665e+38
2084.2886322897994,2.7882954324753177e+38
2083.441845929475,2.7954923152055663e+38
2082.595747339484,2.8013480114324296e+38
2081.7503356822417,2.808838904700541e+38
2080.9056101215247,2.8110328278467358e+38
2080.061569822467,2.8113664799512253e+38
2079.2182139515544,2.8164479189258557e+38
2078.3755416766253,2.817568733112345e+38
2077.5335521668676,2.820997530881824e+38
2076.6922445928126,2.8243674613777283e+38
2075.8516181263362,2.8254589608739167e+38
2075.0116719406547,2.8185280851906e+38
2074.1724052103214,2.814421085428746e+38
2073.333817111224,2.8117067631548766e+38
2072.495906820584,2.811130338262554e+38
2071.6586735169512,2.8061830696452685e+38
2070.822116380203,2.807032735166055e+38
2069.98623459154,2.8096082439844673e+38
2069.151027333485,2.811702817076209e+38
2068.3164937898796,2.8148727913192913e+38
2067.4826331458817,2.817499369280526e+38
2066.6494445879616,2.8255479895119783e+38
2065.8169273039025,2.8191805509964436e+38
2064.9850804827934,2.812159981557045e+38
2064.153903315031,2.8064842753382963e+38
2063.3233949923138,2.799787335731932e+38
2062.4935547076416,2.79758248367715e+38
2061.66438165531,2.796473953893901e+38
2060.8358750309126,2.794312995249235e+38
2060.0080340313325,2.7951366475614883e+38
2059.1808578547457,2.799020508820771e+38
2058.354345700612,2.799154706071763e+38
2057.5284967696803,2.798126285050602e+38
2056.703310263978,2.795204792814262e+38
2055.8787853868134,2.7946171853232535e+38
2055.054921342773,2.7961528900508253e+38
2054.2317173377155,2.799148868469438e+38
2053.409172578774,2.801616499288738e+38
2052.5872862743486,2.8061866532654844e+38
2051.7660576341086,2.814473172883023e+38
2050.9454858689855,2.8166917082665957e+38
2050.125570191174,2.8276319779395508e+38
2049.306309814128,2.84044838574996e+38
2048.4877039525572,2.8529179171221964e+38
2047.669751822426,2.8698482499498846e+38
2046.8524526409515,2.885691416328001e+38
2046.0358056265984,2.9022270055127808e+38
2045.2198099990796,2.9205583868003286e+38
2044.4044649793514,2.9432218068172298e+38
2043.5897697896123,2.9652318693409234e+38
2042.7757236533002,2.988455388342599e+38
2041.962325795089,3.0084999492867462e+38
2041.1495754408882,3.037870754984884e+38
2040.3374718178386,3.0613322001826252e+38
2039.5260141543104,3.083997765604893e+38
2038.7152016799012,3.1111229877327566e+38
2037.905033625433,3.1347306536025907e+38
2037.0955092229499,3.1601934145371446e+38
2036.2866277057158,3.191796697564624e+38
2035.478388308212,3.2171745848934637e+38
2034.6707902661349,3.2501637135839047e+38
2033.863832816393,3.2814200575369806e+38
2033.0575151971047,3.3139682418937238e+38
2032.2518366475972,3.3404358573558056e+38
2031.446796408402,3.360743829246436e+38
2030.6423937212537,3.383248783910283e+38
2029.8386278290875,3.403587316020672e+38
2029.035497976037,3.429440920339024e+38
2028.2330034074314,3.451334708009037e+38
2027.4311433697933,3.474864956884232e+38
2026.6299171108362,3.4994316287537704e+38
2025.8293238794631,3.527430762932994e+38
2025.0293629257624,3.551444070130738e+38
2024.230033501007,3.5788062790852794e+38
2023.4313348576516,3.606379081837959e+38
2022.6332662493298,3.62167099892737e+38
2021.835826930853,3.6402394424687915e+38
2021.0390161582068,3.662055780725381e+38
2020.2428331885494,3.684217624143535e+38
2019.4472772802083,3.705091077880735e+38
2018.6523476926802,3.726222299390739e+38
2017.8580436866266,3.749068747442447e+38
2017.064364523872,3.765430242996281e+38
2016.2713094674018,3.7825559373698826e+38
2015.4788777813608,3.805964049977493e+38
2014.6870687310493,3.828795160741892e+38
2013.895881582922,3.8528526381317565e+38
2013.1053156045857,3.8720999759803935e+38
2012.3153700647965,3.903788953379177e+38
2011.5260442334577,3.932419752516213e+38
2010.7373373816179,3.960362192422459e+38
2009.9492487814684,3.98565305800733e+38
2009.161777706341,4.016506911216735e+38
2008.3749234307058,4.048437177594786e+38
2007.58868523017,4.0792797838431616e+38
2006.8030623814732,4.1148113692040366e+38
2006.0180541624875,4.149855488030162e+38
2005.233659852214,4.184343699378167e+38
2004.449878730782,4.220614874310403e+38
2003.6667100794452,4.2591193550533984e+38
2002.88415318058,4.298405779480314e+38
2002.1022073176835,4.3325719930740345e+38
2001.3208717753716,4.370410929277788e+38
2000.5401458393767,4.40778670383821e+38
1999.7600287965445,4.445209968166298e+38
1998.9805199348332,4.4801844391673356e+38
1998.201618543311,4.5236403660955084e+38
1997.4233239121534,4.5664186251878104e+38
1996.6456353326412,4.606584862609284e+38
1995.8685520971587,4.65216213134128e+38
1995.0920734991919,4.698375619091267e+38
1994.3161988333252,4.743599333879546e+38
1993.5409273952394,4.782613826951983e+38
1992.7662584817115,4.82692843345153e+38
1991.9921913906096,4.868740448026127e+38
1991.2187254208939,4.91197327216647e+38
1990.4458598726114,4.952467728055941e+38
1989.6735940468966,4.9956548362605205e+38
1988.9019272459675,5.0433909705260055e+38
1988.1308587731244,5.0817923191512165e+38
1987.3603879327477,5.1233889797178604e+38
1986.5905140302955,5.165486895400109e+38
1985.8212363723017,5.206054563731881e+38
1985.0525542663743,5.212917072529114e+38
1984.284467021192,5.206229993346259e+38
1983.5169739465043,5.2008363868951865e+38
1982.7500743531277,5.193836529651241e+38
1981.9837675529436,5.189400951746783e+38
1981.2180528588976,5.1811834192404105e+38
1980.4529295849961,5.1710560189588624e+38
1979.6883970463048,5.162028734221715e+38
1978.9244545589472,5.1491192432477146e+38
1978.1611014401012,5.135269226211632e+38
1977.3983370079984,5.120403558880361e+38
1976.6361605819216,5.103567723874303e+38
1975.874571482202,5.0884078804381376e+38
1975.1135690302192,5.072821814689309e+38
1974.353152548396,5.054245780248802e+38
1973.5933213602004,5.0388755359428095e+38
1972.8340747901398,5.022414740920125e+38
1972.0754121637613,5.005461082484658e+38
1971.3173328076487,4.987598881938479e+38
1970.5598360494216,4.972345108771357e+38
1969.802921217732,4.954622210230228e+38
1969.0465876422636,4.937579622901028e+38
1968.2908346537283,4.920959498384672e+38
1967.535661583866,4.903942472963751e+38
1966.7810677654418,4.885758230611339e+38
1966.0270525322426,4.869484143462999e+38
1965.2736152190787,4.850773106259911e+38
1964.5207551617782,4.834698900376053e+38
1963.768471697187,4.8201706802971235e+38
1963.016764163166,4.8062918050739196e+38
1962.26563189859,4.794099883698426e+38
1961.5150742433455,4.780485984763433e+38
1960.765090538328,4.764939064215541e+38
1960.0156801254411,4.748871214844742e+38
1959.2668423475934,4.733117954272553e+38
1958.5185765486985,4.718969681133632e+38
1957.770882073671,4.703517375228991e+38
1957.0237582684254,4.6906767208644676e+38
1956.2772044798749,4.673943503613643e+38
1955.531220055928,4.659197844418004e+38
1954.7858043454887,4.646270291856119e+38
1954.0409566984524,4.633636876324423e+38
1953.2966764657049,4.6200415277508725e+38
1952.5529629991213,4.607572811039446e+38
1951.809815651563,4.592873379677657e+38
1951.0672337768758,4.574362343317902e+38
1950.3252167298895,4.550963958961857e+38
1949.5837638664145,4.531692238502213e+38
1948.84287454324,4.5097030065803536e+38
1948.1025481181327,4.487459914665211e+38
1947.3627839498358,4.4634764176552415e+38
1946.6235813980652,4.440322372041326e+38
1945.8849398235084,4.417134790149228e+38
1945.1468585878233,4.398148220186894e+38
1944.4093370536364,4.379952993799712e+38
1943.67237458454,4.361357193673879e+38
1942.9359705450906,4.343383316500438e+38
1942.200124300808,4.3246422147907706e+38
1941.464835218172,4.305801790781602e+38
1940.7301026646223,4.2879031903777476e+38
1939.9959260085554,4.268635219720092e+38
1939.2623046193225,4.249616135919034e+38
1938.5292378672302,4.230583838397257e+38
1937.7967251235345,4.20960789828522e+38
1937.0647657604432,4.188198764084208e+38
1936.3333591511114,4.165191019764711e+38
1935.602504669641,4.1445029456971955e+38
1934.8722016910783,4.123022653228774e+38
1934.1424495914125,4.0982735019478945e+38
1933.4132477475737,4.07473719650518e+38
1932.6845955374313,4.0518060373490495e+38
1931.9564923397925,4.022177674045223e+38
1931.2289375343998,3.996949237222275e+38
1930.5019305019305,3.9697702358158174e+38
1929.7754706239928,3.941937035991498e+38
1929.0495572831267,3.916184329300932e+38
1928.3241898627996,3.889114340011289e+38
1927.5993677474073,3.864503901548884e+38
1926.8750903222697,3.838133006576828e+38
1926.1513569736308,3.813462251124249e+38
1925.4281670886564,3.785551273547707e+38
1924.7055200554314,3.760716672908232e+38
1923.9834152629605,3.7386748752230795e+38
1923.2618521011634,3.712727048188033e+38
1922.5408299608764,3.685886496878027e+38
1921.8203482338472,3.658196096371954e+38
1921.100406312736,3.629094714875286e+38
1920.3810035911124,3.602726490821816e+38
1919.6621394634542,3.57790486997284e+38
1918.9438133251456,3.550856039888823e+38
1918.2260245724754,3.5235526524706414e+38
1917.5087726026345,3.4967560772835096e+38
1916.7920568137165,3.468766537451507e+38
1916.0758766047136,3.442897572683987e+38
1915.360231375516,3.415256267400661e+38
1914.6451205269102,3.391293324025606e+38
1913.9305434605776,3.3655535386360584e+38
1913.2164995790922,3.3414373193976206e+38
1912.5029882859192,3.317671784406999e+38
1911.790008985413,3.290342788857425e+38
1911.0775610828164,3.2689199818783167e+38
1910.3656439842587,3.2478531200626905e+38
1909.6542570967526,3.2269409570304023e+38
1908.943399828195,3.205842145485842e+38
1908.2330715873636,3.1831853889377937e+38
1907.5232717839158,3.165298391356481e+38
1906.8139998283866,3.143102699007439e+38
1906.1052551321882,3.12447199397192e+38
1905.3970371076073,3.106279018366703e+38
1904.6893451678031,3.0880350630812777e+38
1903.982178726807,3.071075540360329e+38
1903.2755371995204,3.0498198523996715e+38
1902.5694200017124,3.0333931063856187e+38
1901.863826550019,3.0214798449754098e+38
1901.1587562619416,3.0078720111770476e+38
1900.4542085558446,2.995398872501826e+38
1899.7501828509548,2.984528782770297e+38
1899.046678567359,2.9756576434377417e+38
1898.3436951260026,2.96282728103529e+38
1897.6412319486876,2.9568614824658708e+38
1896.939288458073,2.94942936334512e+38
1896.2378640776699,2.9444166652943446e+38
1895.536958231843,2.940268403101125e+38
1894.8365703458076,2.9364158830410034e+38
1894.1366998456278,2.931792334757446e+38
1893.4373461582154,2.9262686494142727e+38
1892.738508711329,2.9184078812756777e+38
1892.0401869335703,2.9094213280235928e+38
1891.3423802543855,2.899979631269632e+38
1890.6450881040612,2.891347345438225e+38
1889.9483099137237,2.8795858763321064e+38
1889.252045115339,2.867826982465974e+38
1888.5562931417078,2.861054173107862e+38
1887.8610534264678,2.8523034991270395e+38
1887.1663254040893,2.8382917971786873e+38
1886.4721085098756,2.8273586195233543e+38
1885.7784021799598,2.8127982529733297e+38
1885.0852058513044,2.8003202225642407e+38
1884.3925189616998,2.78923782916574e+38
1883.7003409497615,2.7778478629381353e+38
1883.0086712549312,2.7681360069477957e+38
1882.3175093174718,2.7590662680140412e+38
1881.6268545784685,2.7477607119737357e+38
1880.9367064798269,2.7382308135284162e+38
1880.2470644642706,2.7290457384900077e+38
1879.5579279753401,2.723172028328591e+38
1878.8692964573918,2.7180513569892383e+38
1878.181169355596,2.7134239020659345e+38
1877.4935461159353,2.7085617053203235e+38
1876.806426185203,2.703917297926014e+38
1876.1198090110033,2.7008835696422244e+38
1875.4336940417472,2.6974289006705973e+38
1874.7480807266522,2.6990902726566194e+38
1874.062968515742,2.698273743522555e+38
1873.378356859843,2.7011465323784314e+38
1872.6942452105843,2.7007546794387316e+38
1872.0106330203955,2.701001941746989e+38
1871.3275197425053,2.7051885615887408e+38
1870.6449048309405,2.7117734960786957e+38
1869.962787740524,2.716638976687994e+38
1869.2811679268736,2.7248637726890948e+38
1868.6000448464008,2.7300216109084276e+38
1867.9194179563092,2.7375354962574043e+38
1867.2392867145923,2.7452087093867236e+38
1866.5596505800333,2.749561712186162e+38
1865.8805090122028,2.7552178101866878e+38
1865.2018614714577,2.7607033753557382e+38
1864.5237074189397,2.7691737378281876e+38
1863.8460463165743,2.7757137627705945e+38
1863.168877627068,2.7841085275047344e+38
1862.492200813909,2.7947431964802405e+38
1861.816015341364,2.8064006553404456e+38
1861.1403206744772,2.8167220198199083e+38
1860.4651162790697,2.829897608248662e+38
1859.7904016217374,2.8431370508920116e+38
1859.1161761698486,2.855232389151083e+38
1858.4424393915458,2.8668524419691938e+38
1857.7691907557405,2.8772329502792564e+38
1857.0964297321136,2.8826876489231402e+38
1856.424155791115,2.8826110252623573e+38
1855.7523684039602,2.879852090268266e+38
1855.0810670426297,2.8776502616467455e+38
1854.4102511798685,2.878498420443439e+38
1853.7399202891834,2.8654068655626514e+38
1853.0700738448425,2.851223622991063e+38
1852.4007113218731,2.840598676552658e+38
1851.7318321960613,2.8310734081765393e+38
1851.0634359439498,2.8209569111281266e+38
1850.3955220428365,2.8105168604640503e+38
1849.7280899707744,2.802067062440733e+38
1849.061139206568,2.7929472180168575e+38
1848.3946692297739,2.785657127348648e+38
1847.7286795206992,2.7804188124602045e+38
1847.0631695603988,2.7766559034222122e+38
1846.398138830676,2.7722883907807896e+38
1845.7335868140792,2.769088604882314e+38
1845.069512993902,2.766085778012921e+38
1844.4059168541812,2.762343978447519e+38
1843.742797879696,2.7374392192125796e+38
1843.080155555965,2.709709306349354e+38
1842.417989369248,2.683429035580022e+38
1841.756298806542,2.658938861178046e+38
1841.0950833555798,2.6342855708118755e+38
1840.434342504831,2.6088814544063894e+38
1839.7740757434988,2.5846409187570576e+38
1839.1142825615184,2.560542348944907e+38
1838.4549624495573,2.5369424279486728e+38
1837.796114899013,2.516186607564626e+38
1837.1377394020117,2.495753414733595e+38
1836.4798354514069,2.472947454656041e+38
1835.8224025407783,2.4526083924543876e+38
1835.1654401644307,2.4314253777193517e+38
1834.508947817393,2.4109775876879877e+38
1833.8529249954154,2.3908270736812897e+38
1833.1973711949697,2.3713469796159427e+38
1832.5422859132475,2.351959676036278e+38
1831.8876686481585,2.3331553013679567e+38
1831.2335188983297,2.3144124835139873e+38
1830.5798361631048,2.294428239692489e+38
1829.9266199425404,2.2757336732189625e+38
1829.2738697374077,2.260368716300024e+38
1828.62158504919,2.2452030751010313e+38
1827.9697653800806,2.2300890035053134e+38
1827.318410232983,2.214305286920176e+38
1826.6675191115087,2.2000650835566867e+38
1826.0170915199765,2.1856080584701655e+38
1825.3671269634103,2.171845120495268e+38
1824.7176249475392,2.1603410621276155e+38
1824.0685849787951,2.1471129353044762e+38
1823.4200065643117,2.1374859098842935e+38
1822.7718892119244,2.125418233539683e+38
1822.124232430167,2.1149824134591187e+38
1821.477035728272,2.105627090944689e+38
1820.8302986161689,2.0967964608833138e+38
1820.184020604483,2.0892439397624146e+38
1819.5382012045343,2.079965180793128e+38
1818.8928399283357,2.073377876728918e+38
1818.2479362885922,2.0656952746462147e+38
1817.6034897987004,2.0582457139696555e+38
1816.9594999727456,2.0529644117199134e+38
1816.315966325502,2.046921410458684e+38
1815.6728883724309,2.0411002997009173e+38
1815.0302656296794,2.036205862301066e+38
1814.3880976140795,2.0320878824412735e+38
1813.7463838431472,2.0273655226663705e+38
1813.10512383508,2.0238701880558486e+38
1812.4643171087569,2.0202204564214557e+38
1811.823963183737,2.0180038186022168e+38
1811.184061580258,2.0151481420828983e+38
1810.5446118192351,2.0137697735265655e+38
1809.90561342226,2.011844297605816e+38
1809.267065911599,2.012324013948566e+38
1808.6289688101933,2.012777360239112e+38
1807.991321641656,2.0137116284482774e+38
1807.3541239302722,2.0157510064996533e+38
1806.7173752009974,2.0174013858259092e+38
1806.081074979456,2.021088773406348e+38
1805.4452227919403,2.0228777640480602e+38
1804.8098181654107,2.0264248159882944e+38
1804.1748606274919,2.030362137697077e+38
1803.5403497064738,2.0360713744229185e+38
1802.906284931309,2.041726262337653e+38
1802.2726658316135,2.0470040956426157e+38
1801.6394919376633,2.052788190285938e+38
1801.0067627803942,2.0603605115174157e+38
1800.3744778914013,2.067453867893657e+38
1799.742636802937,2.075767280827561e+38
1799.1112390479102,2.085709713603762e+38
1798.4802841598848,2.094190542928829e+38
1797.8497716730787,2.1056779773667154e+38
1797.2197011223636,2.1158641988012756e+38
1796.590072043262,2.12593584140296e+38
1795.960883971947,2.1365794998723132e+38
1795.3321364452422,2.148980501008365e+38
1794.703829000619,2.1630251360920785e+38
1794.075961176196,2.176144294255989e+38
1793.448532510738,2.186858076903069e+38
1792.821542543655,2.1995616448158932e+38
1792.1949908150007,2.21037836407246e+38
1791.5688768654709,2.223470120700501e+38
1790.9432002364044,2.2375556689385473e+38
1790.3179604697793,2.2521932470014093e+38
1789.6931571082139,2.2659451290554104e+38
1789.0687896949637,2.280939103893826e+38
1788.4448577739226,2.2956168731960515e+38
1787.8213608896199,2.3114065697386218e+38
1787.1982985872196,2.3272895172297017e+38
1786.5756704125204,2.3402563680027235e+38
1785.9534759119524,2.355450795951898e+38
1785.3317146325787,2.3694172876614352e+38
1784.710386122092,2.3843599567287864e+38
1784.0894899288146,2.399307353938709e+38
1783.469025601698,2.4121004561119826e+38
1782.8489926903192,2.430906784160651e+38
1782.2293907448827,2.447783611500164e+38
1781.610219316218,2.465546720902472e+38
1780.991477955778,2.485430925611751e+38
1780.3731662156385,2.5035134374371022e+38
1779.755283648498,2.521785608251963e+38
1779.1378298076752,2.5384451227068668e+38
1778.5208042471074,2.5521105572651636e+38
1777.9042065213525,2.5668688597401683e+38
1777.2880361855844,2.5801568184630494e+38
1776.6722927955939,2.5936789963267036e+38
1776.056975907787,2.6080198750886875e+38
1775.4420850791846,2.6230126239999466e+38
1774.8276198674203,2.637828109670678e+38
1774.21357983074,2.652503934786491e+38
1773.5999645280008,2.666309673252496e+38
1772.9867735186695,2.6813031336613496e+38
1772.3740063628227,2.6963117250763337e+38
1771.761662621144,2.7120206290345327e+38
1771.149741854925,2.725323539243048e+38
1770.5382436260625,2.7388645398456967e+38
1769.9271674970573,2.7547146814118733e+38
1769.3165130310158,2.769727855652614e+38
1768.7062797916462,2.7865142894777947e+38
1768.0964673432584,2.800610663374802e+38
1767.487075250762,2.813969127798809e+38
1766.8781030796686,2.823791866649706e+38
1766.2695503960858,2.8362617491137697e+38
1765.6614167667205,2.8485699057168528e+38
1765.053701758876,2.8591723840409e+38
1764.4464049404498,2.869825694546302e+38
1763.8395258799355,2.8791840398293703e+38
1763.2330641464187,2.8895322561074167e+38
1762.6270193095788,2.8998436215224254e+38
1762.021390939686,2.908724315435894e+38
1761.4161786076004,2.9179991857782114e+38
1760.8113818847723,2.927706418672558e+38
1760.2070003432402,2.9372563066374252e+38
1759.6030335556297,2.947956074109814e+38
1758.999481095153,2.9570448454001515e+38
1758.3963425356076,2.9660057017563772e+38
1757.7936174513748,2.9733947702609616e+38
1757.1913054174208,2.9795188115428705e+38
1756.5894060092924,2.9863766718067694e+38
1755.9879188031184,2.993758729938911e+38
1755.3868433756088,3.0028767251317805e+38
1754.7861793040518,3.009481957975691e+38
1754.1859261663142,3.0132694907449927e+38
1753.586083540841,3.0132423708338196e+38
1752.9866510066524,3.012171502457621e+38
1752.3876281433452,3.0102299370735336e+38
1751.7890145310898,3.0081563408963085e+38
1751.1908097506303,3.0065361729706613e+38
1750.5930133832833,3.0062478965772617e+38
1749.9956250109374,3.0060409174780092e+38
1749.3986442160508,3.004521081732422e+38
1748.8020705816516,3.000494257466725e+38
1748.2059036913367,2.9952298106672542e+38
1747.6101431292707,2.9929164179763413e+38
1747.0147884801845,2.990171376576606e+38
1746.4198393293746,2.988907503650359e+38
1745.825295262703,2.9866690690817582e+38
1745.2311558665942,2.9823862732045813e+38
1744.6374207280371,2.9769230131850067e+38
1744.0440894345809,2.971925823098206e+38
1743.4511615743363,2.9672660680711372e+38
1742.8586367359742,2.9632523376904086e+38
1742.2665145087242,2.959024217538028e+38
1741.674794482374,2.9561695599893695e+38
1741.0834762472687,2.9505472217682175e+38
1740.4925593943085,2.94358344976544e+38
1739.90204351495,2.9366120286534715e+38
1739.3119282012035,2.9306869236830786e+38
1738.7222130456328,2.925706783960111e+38
1738.1328976413536,2.9197594025113383e+38
1737.5439815820337,2.91497636334094e+38
1736.955464461891,2.8961285834477247e+38
1736.3673458756932,2.8728879713536435e+38
1735.7796254187567,2.849497048471843e+38
1735.1923026869451,2.8265327141247684e+38
1734.6053772766695,2.804372134455503e+38
1734.0188487848864,2.7817856485686318e+38
1733.4327168090967,2.76085669452749e+38
1732.8469809473474,2.7396205406083735e+38
1732.2616407982262,2.7172484146745502e+38
1731.676695960864,2.6954610775256833e+38
1731.0921460349334,2.674303269708113e+38
1730.5079906206465,2.6538520651121106e+38
1729.9242293187558,2.6327255963197115e+38
1729.3408617305513,2.6124904105878548e+38
1728.7578874578617,2.5930776552629525e+38
1728.1753061030508,2.572757076105556e+38
1727.5931172690207,2.5523055562273495e+38
1727.011320559206,2.5307666170067713e+38
1726.429915577577,2.511577613738994e+38
1725.848901928636,2.4920416918582186e+38
1725.2682792174182,2.47375105541691e+38
1724.6880470494898,2.4555174497792818e+38
1724.1082050309476,2.4368453360635712e+38
1723.528752768418,2.4185349392052744e+38
1722.9496898690556,2.3989830248965367e+38
1722.3710159405439,2.381942668327208e+38
1721.7927305910914,2.3637522641942894e+38
1721.2148334294345,2.34621167617322e+38
1720.6373240648336,2.3305590380423798e+38
1720.0602021070736,2.3142140809904354e+38
1719.483467166463,2.2964583419969546e+38
1718.9071188538326,2.2794956837668417e+38
1718.3311567805347,2.263914980740838e+38
1717.755580558442,2.246924007112693e+38
1717.1803897999484,2.2317873493582596e+38
1716.605584117965,2.2162473792738592e+38
1716.0311631259224,2.2006012795659444e+38
1715.4571264377676,2.185989487116613e+38
1714.8834736679642,2.1703561505299543e+38
1714.3102044314917,2.1550422538626544e+38
1713.7373183438442,2.138896538104685e+38
1713.164815021029,2.124281204521216e+38
1712.5926940795669,2.109520815951557e+38
1712.0209551364908,2.095323702209703e+38
1711.4495978093444,2.0794853761789755e+38
1710.8786217161821,2.0643129393237365e+38
1710.3080264755683,2.0509286386065197e+38
1709.7378117065748,2.0365702824057577e+38
1709.1679770287824,2.0223317474360464e+38
1708.598522062278,2.0087390293696034e+38
1708.0294464276562,1.9951048485346843e+38
1707.4607497460152,1.9813214995627857e+38
1706.892431638958,1.9678958356603138e+38
1706.324491728592,1.9527921879905496e+38
1705.7569296375266,1.938138121759218e+38
1705.1897449888734,1.924701026660597e+38
1704.6229374062457,1.9092180804574586e+38
1704.0565065137557,1.89521259548699e+38
1703.4904519360168,1.880829030081725e+38
1702.9247732981394,1.8656731954864613e+38
1702.3594702257328,1.8515790138978117e+38
1701.7945423449025,1.8364666905498773e+38
1701.229989282251,1.8226723147583285e+38
1700.6658106648752,1.8086289762182823e+38
1700.1020061203672,1.7945308311132937e+38
1699.5385752768123,1.781843195439821e+38
1698.975517762789,1.767778203656691e+38
1698.4128332073676,1.751389099199777e+38
1697.85052124011,1.7339611814799843e+38
1697.2885814910678,1.718003667963084e+38
1696.7270135907831,1.7013319080995803e+38
1696.1658171702866,1.6861531658260304e+38
1695.6049918610959,1.6709985931743397e+38
1695.0445372952174,1.6562748103732147e+38
1694.4844531051428,1.6403454109649992e+38
1693.9247389238494,1.6245188825915962e+38
1693.3653943848,1.6106579820365194e+38
1692.8064191219412,1.5971164358808455e+38
1692.247812769702,1.5838662495043399e+38
1691.6895749629941,1.5713795712244821e+38
1691.1317053372118,1.5597675153386463e+38
1690.5742035282283,1.546291648751711e+38
1690.0170691723986,1.5328508260243728e+38
1689.4603019065557,1.5221603363261579e+38
1688.903901368012,1.5104669058180228e+38
1688.3478671945568,1.499761723411189e+38
1687.792199024456,1.4901817832700429e+38
1687.2368964964526,1.4792311562373332e+38
1686.6819592497638,1.4694107340743923e+38
1686.127386924082,1.4576954535881163e+38
1685.573179159573,1.4476112978767881e+38
1685.0193355968759,1.4369657595533046e+38
1684.4658558771014,1.427788061396497e+38
1683.9127396418316,1.4180255520132394e+38
1683.35998653312,1.4075684224149e+38
1682.8075961934892,1.3988219306334683e+38
1682.2555682659308,1.3891633091570637e+38
1681.7039023939055,1.3805319278933796e+38
1681.1525982213404,1.3717530879884144e+38
1680.6016553926304,1.3662239934405787e+38
1680.0510735526361,1.3593604240860149e+38
1679.5008523466827,1.352903583155998e+38
1678.9509914205605,1.3465347849442875e+38
1678.4014904205233,1.339459689690417e+38
1677.8523489932886,1.3344473618376379e+38
1677.3035667860345,1.3291574697879006e+38
1676.7551434464024,1.3235578142127577e+38
1676.2070786224929,1.3207433925534325e+38
1675.6593719628675,1.3174164819010233e+38
1675.112023116546,1.3139010850256139e+38
1674.5650317330073,1.3114096701209298e+38
1674.018397462188,1.3091714379513466e+38
1673.4721199544815,1.3075294118625186e+38
1672.926198860737,1.3060265862346845e+38
1672.3806338322602,1.3056074485531284e+38
1671.8354245208102,1.305159658559913e+38
1671.2905705786009,1.3048632084449404e+38
1670.746071658299,1.303810830802328e+38
1670.2019274130241,1.3029384852650293e+38
1669.6581374963478,1.302952773177013e+38
1669.1147015622912,1.303500363915888e+38
1668.5716192653279,1.3037722919230203e+38
1668.0288902603793,1.3045577248340577e+38
1667.4865142028164,1.3048891642486029e+38
1666.944490748458,1.3055266510085813e+38
1666.4028195535705,1.3075912381557232e+38
1665.861500274867,1.308794449695554e+38
1665.3205325695062,1.3095374911391992e+38
1664.7799160950922,1.3088731862238865e+38
1664.2396505096733,1.3098133902417477e+38
1663.699735471742,1.3101937862521621e+38
1663.1601706402334,1.3116492440324987e+38
1662.6209556745252,1.311774555505886e+38
1662.0820902344367,1.3131448650456139e+38
1661.5435739802276,1.3161852661739848e+38
1661.0054065725983,1.3175024104831549e+38
1660.4675876726885,1.3208972244470409e+38
1659.9301169420767,1.3216848187272312e+38
1659.392994042779,1.324752336936032e+38
1658.8562186372496,1.3262288276397502e+38
1658.3197903883784,1.3291954121192497e+38
1657.783708959492,1.3316791840437239e+38
1657.2479740143515,1.3360964681743586e+38
1656.7125852171534,1.3392460331235438e+38
1656.1775422325275,1.3409487598027825e+38
1655.6428447255357,1.3452149226405308e+38
1655.1084923616743,1.3481585841635262e+38
1654.5744848068696,1.3492503316523815e+38
1654.0408217274803,1.3488542940656715e+38
1653.5075027902938,1.3483182565588741e+38
1652.9745276625285,1.3446907456005172e+38
1652.4418960118312,1.3400843115323153e+38
1651.9096075062773,1.3364842315517366e+38
1651.3776618143686,1.3309095415709998e+38
1650.8460586050348,1.3269167645064232e+38
1650.3147975476322,1.3241237898129516e+38
1649.783878311941,1.3213538670298312e+38
1649.2533005681678,1.318949716849205e+38
1648.7230639869422,1.3169116435194329e+38
1648.1931682393176,1.3145611809325275e+38
1647.6636129967703,1.3119427306215082e+38
1647.1343979311991,1.3101942255620606e+38
1646.605522714923,1.311103965251555e+38
1646.076987020683,1.3095821820778133e+38
1645.5487905216387,1.3090528816987695e+38
1645.0209328913709,1.308728821653356e+38
1644.4934138038775,1.3083661613532414e+38
1643.9662329335754,1.3097680890100798e+38
1643.4393899552983,1.3090078542100042e+38
1642.912884544297,1.3096993722949087e+38
1642.386716376238,1.3124605672284326e+38
1641.8608851272031,1.3137347239686124e+38
1641.3353904736894,1.3148403368255662e+38
1640.8102320926073,1.3178170665102259e+38
1640.285409661281,1.3189827493608858e+38
1639.7609228574474,1.32220133197164e+38
1639.236771359255,1.3221779940903307e+38
1638.7129548452644,1.3221910253567131e+38
1638.1894729944465,1.3224919426596715e+38
1637.6663254861821,1.3197828362281214e+38
1637.1435120002618,1.3190020051552514e+38
1636.621032216885,1.3181229432158706e+38
1636.0988858166586,1.319166263162701e+38
1635.577072480598,1.3179966931924968e+38
1635.0555918901243,1.3180288017105959e+38
1634.5344437270653,1.31874381814361e+38
1634.0136276736548,1.3187998867241072e+38
1633.4931434125303,1.3175419121618675e+38
1632.972990626735,1.3177789458476896e+38
1632.4531689997143,1.3184486754893614e+38
1631.9336782153173,1.3207193736391738e+38
1631.4145179577952,1.3205797832787878e+38
1630.895687911801,1.3221644172299768e+38
1630.3771877623888,1.324800456445305e+38
1629.8590171950127,1.3251104474059918e+38
1629.3411758955265,1.326729950955751e+38
1628.823663550184,1.3293933878767136e+38
1628.3064798456364,1.3315435540273115e+38
1627.7896244689337,1.3325666817075132e+38
1627.273097107522,1.3362994348374981e+38
1626.7568974492451,1.3389460332112137e+38
1626.2410251823421,1.341593441225771e+38
1625.7254799954478,1.3446731764675703e+38
1625.2102615775916,1.3445454530911385e+38
1624.6953696181965,1.3450092492018097e+38
1624.1808038070797,1.3469595416916977e+38
1623.666563834451,1.348234565361872e+38
1623.1526493909118,1.3499998537563605e+38
1622.6390601674564,1.3527941168066844e+38
1622.1257958554684,1.3543305561568992e+38
1621.6128561467235,1.3552591567808088e+38
1621.1002407333856,1.3572670727977528e+38
1620.5879493080088,1.3622167932157177e+38
1620.0759815635352,1.3653146205899046e+38
1619.564337193295,1.3683891325518009e+38
1619.0530158910053,1.374029825919536e+38
1618.5420173507703,1.3769943254632299e+38
1618.0313412670803,1.3821011800343832e+38
1617.5209873348103,1.3872245559371773e+38
1617.0109552492218,1.3928355685567893e+38
1616.5012447059582,1.3963115426561049e+38
1615.9918554010487,1.4029750313963956e+38
1615.482787030904,1.4104810173069932e+38
1614.9740392923184,1.417462173839532e+38
1614.4656118824669,1.4238131610801524e+38
1613.9575044989065,1.4315392345176641e+38
1613.4497168395746,1.440017817200054e+38
1612.9422486027888,1.4457247966595976e+38
1612.4350994872455,1.4536456009617124e+38
1611.928269192021,1.4620852682429671e+38
1611.4217574165687,1.4710214706330532e+38
1610.91556386072,1.4806828762654286e+38
1610.409688224684,1.4887271572515494e+38
1609.904130209046,1.499067636953553e+38
1609.398889514766,1.5101057529098519e+38
1608.893965843181,1.5214053471288193e+38
1608.3893588960013,1.5341638286099945e+38
1607.8850683753126,1.5461892696137738e+38
1607.3810939835726,1.5571892611374015e+38
1606.877435423613,1.571074814266029e+38
1606.3740923986377,1.581581270853101e+38
1605.8710646122222,1.5959763582374396e+38
1605.3683517683132,1.6093721737481403e+38
1604.865953571228,1.6240710599138833e+38
1604.3638697256536,1.6382834564063658e+38
1603.8620999366474,1.6514989422271159e+38
1603.3606439096343,1.6654167053532172e+38
1602.8595013504091,1.681520374081564e+38
1602.3586719651325,1.6958475178398885e+38
1601.858155460334,1.708995190992931e+38
1601.3579515429083,1.723553743179991e+38
1600.858059920117,1.7367683123149323e+38
1600.358480299587,1.7521800335146248e+38
1599.8592123893097,1.7672716256654703e+38
1599.360255897641,1.7838359620408734e+38
1598.8616105333,1.8019182596509803e+38
1598.3632760053704,1.8213290278908436e+38
1597.8652520232968,1.8394588348891813e+38
1597.3675382968868,1.858232322534549e+38
1596.8701345363088,1.8781429301665865e+38
1596.3730404520927,1.897458601976306e+38
1595.8762557551286,1.906297404559045e+38
1595.3797801566661,1.9152868908193677e+38
1594.8836133683142,1.92193524980847e+38
1594.3877551020407,1.9314715800510335e+38
1593.892205070171,1.940679853648607e+38
1593.3969629853887,1.9503247037946924e+38
1592.9020285607335,1.961934415932622e+38
1592.407401509602,1.9727628105678737e+38
1591.9130815457474,1.9851111229364363e+38
1591.4190683832774,1.9978333297930125e+38
1590.9253617366542,2.010069289117443e+38
1590.4319613206944,2.023023055240298e+38
1589.9388668505696,2.0358128970867445e+38
1589.4460780418021,2.051012520922517e+38
1588.9535946102692,2.066354102305938e+38
1588.4614162721987,2.083217504141564e+38
1587.96954274417,2.0988070247799708e+38
1587.4779737431143,2.1164840508473417e+38
1586.9867089863121,2.1346819001236077e+38
1586.4957481913948,2.153296748644654e+38
1586.005091076342,2.1725583725051196e+38
1585.5147373594834,2.1920159322486897e+38
1585.0246867594963,2.21255013707248e+38
1584.5349389954047,2.235099924193791e+38
1584.0454937865813,2.256440243569037e+38
1583.556350852745,2.2788624597344997e+38
1583.06750991396,2.30124272915473e+38
1582.5789706906373,2.3270069375677142e+38
1582.090732903532,2.3515167771352212e+38
1581.6027962737437,2.3770265686602973e+38
1581.1151605227167,2.402891805902754e+38
1580.6278253722378,2.429767439364567e+38
1580.1407905444376,2.4576700412609697e+38
1579.6540557617882,2.4869953726643233e+38
1579.167620747104,2.514446209581851e+38
1578.6814852235414,2.5429806336521553e+38
1578.1956489145957,2.5729815740444864e+38
1577.7101115441048,2.6019379100124184e+38
1577.2248728362447,2.6336680690178227e+38
1576.7399325155307,2.6641077994299746e+38
1576.255290306818,2.6962237861094207e+38
1575.7709459352989,2.727771087277959e+38
1575.2868991265032,2.7610425087920383e+38
1574.803149606299,2.7934219232166554e+38
1574.3196971008902,2.8275781290517528e+38
1573.8365413368167,2.864049923727562e+38
1573.3536820409543,2.9005974188336482e+38
1572.871118940514,2.9372489422295335e+38
1572.3888517630407,2.973999719287666e+38
1571.9068802364147,3.013696864543422e+38
1571.4252040888482,3.0513864804815687e+38
1570.9438230488877,3.0909509366194164e+38
1570.4627368454114,3.1324992737338877e+38
1569.9819452076301,3.174078105270648e+38
1569.5014478650855,3.2171841741076955e+38
1569.0212445476511,3.2612960868004815e+38
1568.54133498553,3.3058777526950094e+38
1568.0617189092563,3.350390892794776e+38
1567.582396049692,3.39677035789807e+38
1567.1033661380304,3.4427663442322474e+38
1566.624628905791,3.479518659533107e+38
1566.1461840848224,3.5139701141761345e+38
1565.6680314073005,3.550317789567688e+38
1565.1901706057283,3.58683072242254e+38
1564.7126014129356,3.6217995771495695e+38
1564.2353235620765,3.6558505468817e+38
1563.7583367866328,3.691711406964634e+38
1563.2816408204103,3.726846053336129e+38
1562.8052353975386,3.762431693406443e+38
1562.3291202524724,3.79807317792541e+38
1561.8532951199893,3.834640739577487e+38
1561.3777597351902,3.8702822863362645e+38
1560.9025138334985,3.901135098605937e+38
1560.4275571506594,3.930333045176044e+38
1559.9528894227394,3.960477712127813e+38
1559.4785103861268,3.99092068830093e+38
1559.0044197775298,4.020887425415042e+38
1558.5306173339775,4.051914642266812e+38
1558.0571027928174,4.08241808101592e+38
1557.5838758917166,4.112855463460162e+38
1557.1109363686614,4.143563368706218e+38
1556.6382839619557,4.175294417568583e+38
1556.165918410221,4.206445470825692e+38
1555.6938394523959,4.238413926501364e+38
1555.2220468277358,4.2712935488120696e+38
1554.7505402758127,4.301378815870814e+38
1554.2793195365139,4.330254484228853e+38
1553.808384350042,4.357517768484138e+38
1553.3377344569142,4.385601623154897e+38
1552.8673695979624,4.412703189461774e+38
1552.3972895143324,4.44026777462621e+38
1551.9274939474826,4.468580782359152e+38
1551.457982639185,4.496295593915717e+38
1550.9887553315236,4.5192122638489326e+38
1550.5198117668947,4.540162569635271e+38
1550.0511516880056,4.5611791913885184e+38
1549.5827748378747,4.581754295603676e+38
1549.1146809598313,4.6023895401046676e+38
1548.6468697975145,4.6215000120388605e+38
1548.1793410948724,4.641749765471965e+38
1547.7120945961633,4.659680196336399e+38
1547.2451300459531,4.6756196091446824e+38
1546.7784471891168,4.69058399744836e+38
1546.3120457708364,4.704969805563149e+38
1545.8459255366017,4.719913748963219e+38
1545.380086232209,4.734397705337045e+38
1544.9145276037602,4.750728901580721e+38
1544.4492493976647,4.7679497142395774e+38
1543.9842513606359,4.782621631137e+38
1543.5195332396931,4.797247230149964e+38
1543.055094782159,4.8097759766838875e+38
1542.5909357356616,4.821679793951395e+38
1542.127055848131,4.83354686167283e+38
1541.6634548678023,4.844700396690659e+38
1541.2001325432113,4.858825276442403e+38
1540.7370886231975,4.871408712761039e+38
1540.2743228569009,4.882001423185283e+38
1539.8118349937638,4.892749361812565e+38
1539.3496247835292,4.904367323781409e+38
1538.8876919762397,4.9147264141461144e+38
1538.4260363222388,4.925381441299205e+38
1537.964657572169,4.9354535664489915e+38
1537.5035554769722,4.946104108848048e+38
1537.0427297878882,4.9562608430277e+38
1536.5821802564558,4.96497751716432e+38
1536.1219066345107,4.974108723384897e+38
1535.6619086741864,4.9831060912290595e+38
1535.2021861279131,4.990337841667455e+38
1534.7427387484174,4.99976773547505e+38
1534.2835662887214,5.007667946161834e+38
1533.8246685021436,5.0149512036599875e+38
1533.3660451422963,5.0199122659257746e+38
1532.9076959630877,5.024075892476186e+38
1532.449620718719,5.030760255747179e+38
1531.991819163686,5.035380971585817e+38
1531.5342910527768,5.03980624218577e+38
1531.0770361410737,5.042759600764753e+38
1530.62005418395,5.04520972671531e+38
1530.1633449370722,5.0464380133599576e+38
1529.7069081563973,5.04484473009817e+38
1529.2507435981743,5.044953147286034e+38
1528.794851018942,5.0456121091456256e+38
1528.33923017553,5.045098380253769e+38
1527.8838808250573,5.042897408064807e+38
1527.428802724933,5.041917298749537e+38
1526.9739956328547,5.042823546780905e+38
1526.5194593068074,5.037621896790901e+38
1526.0651935050666,5.0310272225765545e+38
1525.6111979861935,5.025095205797139e+38
1525.1574725090368,5.018848830085138e+38
1524.7040168327323,5.0086254440998306e+38
1524.250830716703,5.002428879942167e+38
1523.797913920656,4.991914028541167e+38
1523.3452662045854,4.982346293036504e+38
1522.8928873287698,4.9717848118313864e+38
1522.4407770537728,4.956830065993632e+38
1521.9889351404415,4.93538764325631e+38
1521.5373613499082,4.916059261447895e+38
1521.086055443587,4.898007827139882e+38
1520.6350171831757,4.875677025844167e+38
1520.1842463306555,4.854321159725397e+38
1519.7337426482882,4.833114955530271e+38
1519.2835058986184,4.805273790550858e+38
1518.8335358444717,4.775096495809659e+38
1518.3838322489541,4.732355440489067e+38
1517.9343948754536,4.690079535413195e+38
1517.4852234876364,4.647517194288409e+38
1517.0363178494492,4.603245413575855e+38
1516.5876777251185,4.558873288387639e+38
1516.1393028791488,4.513988513032074e+38
1515.6911930763226,4.46894225843522e+38
1515.243348081702,4.42411143226236e+38
1514.7957676606252,4.378559059511553e+38
1514.3484515787084,4.3299335005199106e+38
1513.901399601844,4.283946807328884e+38
1513.4546114962013,4.237220327110194e+38
1513.0080870282252,4.192779366692439e+38
1512.5618259646365,4.145274783828388e+38
1512.1158280724305,4.097763423040778e+38
1511.6700931188777,4.0501245756609e+38
1511.2246208715233,4.000464832066585e+38
1510.7794110981856,3.9497200249135575e+38
1510.3344635669569,3.901969553750577e+38
1509.8897780462028,3.853239908806605e+38
1509.4453543045609,3.80548900887996e+38
1509.0011921109417,3.759158269367302e+38
1508.557291234528,3.713202547419181e+38
1508.113651444773,3.6655489356940125e+38
1507.670272511402,3.619511590063113e+38
1507.2271542044102,3.574870495118462e+38
1506.784296294064,3.530384072065152e+38
1506.3416985508995,3.487550528326749e+38
1505.8993607457214,3.44526760732046e+38
1505.457282649605,3.4033572886615864e+38
1505.015464033893,3.3557275969067466e+38
1504.5739046701976,3.309591745375655e+38
1504.132604330398,3.264931624217772e+38
1503.6915627866413,3.2187074078733958e+38
1503.250779811342,3.1764566481210163e+38
1502.8102551771813,3.1355389876447494e+38
1502.3699886571067,3.0895533245340355e+38
1501.9299800243314,3.039204069998309e+38
1501.4902290523346,2.98861085883668e+38
1501.0507355148607,2.940614070342998e+38
1500.6114991859185,2.8919500375264663e+38
1500.1725198397817,2.8442476253129183e+38
1499.7337972509881,2.8004931518991795e+38
1499.2953311943388,2.7567916659161612e+38
1498.8571214448982,2.714504145597784e+38
1498.4191677779943,2.6718615043167615e+38
1497.9814699692165,2.6294531678568925e+38
1497.5440277944174,2.5878234552262804e+38
1497.1068410297103,2.546482371796882e+38
1496.6699094514704,2.5069093895368895e+38
1496.2332328363345,2.470442166346077e+38
1495.7968109611993,2.432871400489441e+38
1495.3606436032212,2.3948552168035024e+38
1494.9247305398176,2.3570641365350376e+38
1494.4890715486642,2.3182393666200977e+38
1494.0536664076974,2.281010025089172e+38
1493.6185148951108,2.243757882773664e+38
1493.1836167893566,2.2078871810728506e+38
1492.7489718691456,2.1734871091632637e+38
1492.3145799134459,2.141084979663723e+38
1491.8804407014823,2.1082942300515153e+38
1491.446554012737,2.0753875274157717e+38
1491.0129196269488,2.0419135223753395e+38
1490.5795373241117,2.0097957006177678e+38
1490.1464068844766,1.9775431811906857e+38
1489.7135280885486,1.9464436613982055e+38
1489.2809007170888,1.9166161137998853e+38
1488.8485245511122,1.8867211932375814e+38
1488.4163993718885,1.858202424211106e+38
1487.9845249609405,1.829111191679781e+38
1487.5529011000453,1.8004077978260995e+38
1487.1215275712332,1.7722068120374708e+38
1486.6904041567864,1.744186717371381e+38
1486.2595306392402,1.71913589150724e+38
1485.828906801382,1.6947211980761291e+38
1485.39853242625,1.6716974495199191e+38
1484.968407297135,1.648032417977412e+38
1484.5385311975774,1.6246738724361738e+38
1484.108903911369,1.6021957028988363e+38
1483.6795252225518,1.5803571749646034e+38
1483.2503949154177,1.55799697933236e+38
1482.8215127745075,1.5389950473860153e+38
1482.3928785846113,1.5199727223370859e+38
1481.9644921307686,1.5024009480451474e+38
1481.5363531982666,1.4837302894835613e+38
1481.108461572641,1.4672463496541003e+38
1480.680817039675,1.4494017166408485e+38
1480.253419385399,1.432546711792776e+38
1479.8262683960904,1.4163243013530107e+38
1479.3993638582735,1.4007263650627704e+38
1478.972705558719,1.3864321074761355e+38
1478.5462932844428,1.3741085230337182e+38
1478.120126822707,1.3602406092230144e+38
1477.6942059610187,1.3471763341890595e+38
1477.2685304871295,1.3348222820929164e+38
1476.843100189036,1.3201480578571395e+38
1476.417914854979,1.3089075527679032e+38
1475.9929742734425,1.2961381705424233e+38
1475.5682782331546,1.2865006169970828e+38
1475.143826523086,1.2768536192217341e+38
1474.7196189324504,1.2678707861221532e+38
1474.295655250704,1.2575939747478854e+38
1473.8719352675446,1.2466890687063279e+38
1473.4484587729123,1.2365569861466895e+38
1473.0252255569876,1.2283196724138361e+38
1472.6022354101933,1.2190096676691161e+38
1472.1794881231922,1.2109870235169355e+38
1471.7569834868866,1.2014428141132393e+38
1471.3347212924205,1.1918059063765783e+38
1470.912701331176,1.1826830811405257e+38
1470.4909233947753,1.1724073450170905e+38
1470.0693872750794,1.1634327684685037e+38
1469.6480927641876,1.154086026083444e+38
1469.227039654438,1.1454269485719963e+38
1468.8062277384058,1.1378380586321413e+38
1468.3856568089045,1.1296364173260108e+38
1467.9653266589842,1.1215915681533396e+38
1467.5452370819332,1.1129371657123111e+38
1467.1253878712746,1.1061400763130348e+38
1466.7057788207687,1.0987806609482986e+38
1466.2864097244114,1.0912738329702206e+38
1465.8672803764348,1.0848180338089671e+38
1465.448390571305,1.079696134785553e+38
1465.0297401037244,1.0739039697903706e+38
1464.611328768628,1.0669975770276666e+38
1464.1931563611874,1.0610854438936086e+38
1463.7752226768057,1.0557712166597873e+38
1463.3575275111216,1.0498231653050266e+38
1462.9400706600054,1.0442985929873052e+38
1462.5228519195612,1.0372587851639167e+38
1462.1058710861255,1.032031438388537e+38
1461.6891279562665,1.0271784062100228e+38
1461.2726223267846,1.0220712642880915e+38
1460.8563539947118,1.0169052983530835e+38
1460.4403227573114,1.010953366745325e+38
1460.0245284120774,1.006060007050604e+38
1459.6089707567344,1.0004956980805886e+38
1459.193649589237,9.957648035907904e+37
1458.7785647077703,9.912202162977216e+37
1458.3637159107482,9.87658057542799e+37
1457.9491029968146,9.835028984827032e+37
1457.5347257648416,9.79908567398544e+37
1457.12058401393,9.763767003705307e+37
1456.7066775434098,9.723831946324898e+37
1456.293006152838,9.668823033324617e+37
1455.8795696419993,9.634297595950189e+37
1455.466367810906,9.615712281245845e+37
1455.0534004597969,9.586011230398467e+37
1454.6406673891383,9.557669345919477e+37
1454.2281683996218,9.527493726655374e+37
1453.8159032921662,9.52326632453867e+37
1453.4038718679146,9.496119776390415e+37
1452.9920739282368,9.483223480791818e+37
1452.5805092747266,9.459615416019945e+37
1452.1691777092033,9.450415544778132e+37
1451.7580790337097,9.448771035527151e+37
1451.3472130505143,9.447084815745537e+37
1450.9365795621075,9.459881495483992e+37
1450.5261783712042,9.454086671717514e+37
1450.1160092807427,9.469062793397021e+37
1449.706072093883,9.479342048663909e+37
1449.296366614009,9.484105966238327e+37
1448.8868926447258,9.505992399972993e+37
1448.4776499898608,9.518077782414286e+37
1448.0686384534629,9.560994483003925e+37
1447.659857839802,9.581873312148347e+37
1447.2513079533696,9.617054222084687e+37
1446.8429885988774,9.644132706175797e+37
1446.4348995812572,9.671252191969977e+37
1446.0270407056612,9.703856773414534e+37
1445.6194117774614,9.745753845857835e+37
1445.212012602249,9.765443904830084e+37
1444.8048429858336,9.780325789155936e+37
1444.3979027342452,9.777090601693808e+37
1443.991191653731,9.79049647983521e+37
1443.5847095507565,9.79960386754159e+37
1443.1784562320054,9.797031245334499e+37
1442.7724315043788,9.720389167533775e+37
1442.366635174995,9.650768408997861e+37
1441.9610670511897,9.58983031512663e+37
1441.5557269405142,9.532888804108338e+37
1441.150614650737,9.435372239115576e+37
1440.7457299898429,9.329907295237323e+37
1440.341072766031,9.236445478054723e+37
1439.9366427877173,9.129099468888499e+37
1439.5324398635323,9.029408613792256e+37
1439.1284638023212,8.934294680344332e+37
1438.7247144131443,8.83457936375617e+37
1438.3211915052752,8.753362951729806e+37
1437.917894888202,8.677632311854198e+37
1437.5148243716264,8.595010349230173e+37
1437.1119797654633,8.507717337922705e+37
1436.709360879841,8.427823517209782e+37
1436.3069675250995,8.3356799388705745e+37
1435.9047995117924,8.233170168289965e+37
1435.5028566506846,8.137622009109281e+37
1435.1011387527535,8.0657962571416e+37
1434.6996456291874,7.99626621270342e+37
1434.2983770913863,7.910025946182079e+37
1433.8973329509608,7.849212145413139e+37
1433.4965130197322,7.771930531639917e+37
1433.0959171097322,7.701489587185663e+37
1432.6955450332027,7.641965436749045e+37
1432.2953966025955,7.563575526646278e+37
1431.895471630571,7.520707800689148e+37
1431.49576993,7.469459497913637e+37
1431.096291313961,7.421767562335977e+37
1430.6970355957424,7.372502732770384e+37
1430.2980025888394,7.316439437551649e+37
1429.8991921069564,7.270515496505133e+37
1429.5006039640052,7.207833990182015e+37
1429.1022379741046,7.159908095786832e+37
1428.7040939515814,7.114672252305174e+37
1428.3061717109679,7.08152084527661e+37
1427.9084710670047,7.035803631060612e+37
1427.5109918346373,6.99917081422073e+37
1427.1137338290175,6.954546603722181e+37
1426.7166968655033,6.904302175307551e+37
1426.319880759658,6.863865630352371e+37
1425.9232853272495,6.818509381632537e+37
1425.5269103842509,6.764540199079271e+37
1425.13075574684,6.7468592211692e+37
1424.7348212313984,6.721993105173474e+37
1424.3391066545125,6.701865343322495e+37
1423.9436118329716,6.669335209006408e+37
1423.5483365837688,6.645011141165076e+37
1423.1532807241006,6.606163733706658e+37
1422.7584440713656,6.576198892586865e+37
1422.3638264431659,6.529781948736221e+37
1421.9694276573055,6.504349993396381e+37
1421.5752475317902,6.4614517477011305e+37
1421.1812858848275,6.439992576276611e+37
1420.787542534827,6.399058599654643e+37
1420.3940173003994,6.368665292588468e+37
1420.0007100003552,6.342485295889685e+37
1419.6076204537069,6.305564895635658e+37
1419.2147484796662,6.276406785047579e+37
1418.8220938976463,6.240531013801265e+37
1418.4296565272589,6.219616773597709e+37
1418.0374361883153,6.18811033032997e+37
1417.6454327008273,6.167075626723618e+37
1417.253645885004,6.140558859340198e+37
1416.8620755612546,6.11368654805026e+37
1416.4707215501855,6.094595297780276e+37
1416.0795836726024,6.066233851981985e+37
1415.6886617495081,6.040513613454456e+37
1415.2979556021032,6.026977734836258e+37
1414.9074650517855,6.018171531994685e+37
1414.5171899201505,6.000541455801877e+37
1414.1271300289895,5.990741182321446e+37
1413.7372852002914,5.9847278758474e+37
1413.34765525624,5.971063236930704e+37
1412.9582400192162,5.962249145953322e+37
1412.5690393117964,5.952090454193844e+37
1412.180052956752,5.940712435294771e+37
1411.79128077705,5.933644035327615e+37
1411.4027225958519,5.93315874713182e+37
1411.0143782365144,5.935476555476028e+37
1410.6262475225878,5.928002304184342e+37
1410.238330277817,5.922531972527482e+37
1409.8506263261409,5.922402354685189e+37
1409.4631354916912,5.917525083386676e+37
1409.0758575987938,5.913457975227259e+37
1408.6887924719672,5.924772149581799e+37
1408.3019399359223,5.938128594962495e+37
1407.915299815563,5.958496435706491e+37
1407.5288719359858,5.972773622134481e+37
1407.1426561224778,5.991640080096329e+37
1406.7566522005193,6.015584011431974e+37
1406.3708599957808,6.02913851423132e+37
1405.9852793341256,6.048896801272684e+37
1405.5999100416057,6.061793128356661e+37
1405.214751944466,6.064621090398605e+37
1404.8298048691402,6.062555529798489e+37
1404.4450686422526,6.061170092804903e+37
1404.060543090618,6.055471952995817e+37
1403.6762280412402,6.057621094850395e+37
1403.292123321312,6.049513516331814e+37
1402.908228758216,6.048320721577648e+37
1402.5245441795232,6.055226887176279e+37
1402.1410694129938,6.079705119865074e+37
1401.7578042865753,6.098002735129387e+37
1401.3747486284044,6.11552278656051e+37
1400.9919022668048,6.133493408349154e+37
1400.6092650302883,6.160780438214876e+37
1400.226836747553,6.179578598571828e+37
1399.8446172474858,6.19972751587973e+37
1399.4626063591584,6.230675922719991e+37
1399.08080391183,6.186404204292842e+37
1398.6992097349464,6.134687951540208e+37
1398.3178236581393,6.091212634620674e+37
1397.9366455112256,6.041396959070184e+37
1397.5556751242077,5.998604907720385e+37
1397.1749123272743,5.9492090035881645e+37
1396.794356950798,5.899354309618667e+37
1396.4140088253366,5.859474726521135e+37
1396.0338677816324,5.8146000442787e+37
1395.653933650612,5.774201239625391e+37
1395.274206263386,5.734343072335709e+37
1394.8946854512485,5.695462582439822e+37
1394.5153710456773,5.659164603772815e+37
1394.1362628783338,5.619679976403693e+37
1393.7573607810616,5.58465350981092e+37
1393.378664585888,5.549995526953027e+37
1393.0001741250219,5.520920724616776e+37
1392.621889230855,5.497127328065016e+37
1392.2438097359611,5.466221755850448e+37
1391.8659354730953,5.437956703624053e+37
1391.4882662751947,5.414625918415133e+37
1391.1108019753774,5.39149799001223e+37
1390.7335424069427,5.3672413989359135e+37
1390.3564874033702,5.346885363849475e+37
1389.979636798321,5.325732955168454e+37
1389.6029904256354,5.311997431181192e+37
1389.2265481193347,5.295378531393717e+37
1388.8503097136193,5.283233330462762e+37
1388.4742750428693,5.269707198449814e+37
1388.0984439416445,5.25873667221137e+37
1387.7228162446831,5.244113019438221e+37
1387.3473917869035,5.237316855495094e+37
1386.972170403401,5.228371967267564e+37
1386.5971519294499,5.219129347811317e+37
1386.2223362005034,5.218584420805362e+37
1385.847723052191,5.216671279349832e+37
1385.4733123203214,5.211337538020127e+37
1385.09910384088,5.208033748525679e+37
1384.7250974500287,5.205295038034643e+37
1384.3512929841077,5.191656085542677e+37
1383.977690279633,5.186684166964453e+37
1383.6042891732966,5.182068462441858e+37
1383.2310895019677,5.176702117066759e+37
1382.8580911026909,5.170652908055099e+37
1382.4852938126871,5.160692020059872e+37
1382.1126974693516,5.155507958860153e+37
1381.740301910256,5.15038454402034e+37
1381.3681069731463,5.148638702223073e+37
1380.9961124959434,5.149697211272711e+37
1380.624318316743,5.14621745722285e+37
1380.2527242738147,5.14774510244902e+37
1379.8813302056024,5.148178498336045e+37
1379.510135950724,5.151719201642301e+37
1379.1391413479707,5.156725634994486e+37
1378.7683462363073,5.157466553348871e+37
1378.3977504548714,5.165136982047642e+37
1378.027353842974,5.164373333349027e+37
1377.6571562400982,5.176487995452982e+37
1377.2871574859,5.177808463657619e+37
1376.9173574202077,5.18736262530441e+37
1376.547755883021,5.191971123313649e+37
1376.178352714512,5.201832908906306e+37
1375.8091477550233,5.211047864025139e+37
1375.4401408450706,5.214440931724064e+37
1375.0713318253386,5.224158711511274e+37
1374.7027205366842,5.228930116653274e+37
1374.334306820134,5.23432724658716e+37
1373.966090516886,5.234485506864846e+37
1373.5980714683078,5.230725566786361e+37
1373.2302495159363,5.214943641952603e+37
1372.8626245014793,5.200132552825146e+37
1372.495196266813,5.186562394815487e+37
1372.1279646539836,5.170213307391935e+37
1371.760929505206,5.163172092847934e+37
1371.3940906628634,5.135134890399035e+37
1371.0274479695083,5.115516365717306e+37
1370.6610012678616,5.0931246723949885e+37
1370.2947504008114,5.075814280747974e+37
1369.9286952114144,5.056314728624115e+37
1369.5628355428948,5.03919644125006e+37
1369.1971712386442,5.01927688136258e+37
1368.8317021422215,5.0048126838384085e+37
1368.466428097353,4.996409356479871e+37
1368.10134894793,4.984613405707717e+37
1367.7364645380128,4.970500262128232e+37
1367.3717747118264,4.948928070454384e+37
1367.0072793137624,4.922885079007924e+37
1366.6429781883783,4.90338066394679e+37
1366.2788711803967,4.8809524066306915e+37
1365.9149581347065,4.858993796016553e+37
1365.5512388963616,4.837741525312013e+37
1365.1877133105804,4.820095281294128e+37
1364.8243812227463,4.8030209187224295e+37
1364.4612424784073,4.782090469866598e+37
1364.0982969232762,4.770177428287004e+37
1363.7355444032294,4.756804614870723e+37
1363.372984764307,4.743502440317811e+37
1363.010617852713,4.740035138160862e+37
1362.6484435148154,4.725006231641945e+37
1362.2864615971448,4.7231159733355085e+37
1361.9246719463947,4.715484480962898e+37
1361.5630744094221,4.715597530281054e+37
1361.201668833246,4.712414796214439e+37
1360.8404550650482,4.707692930518432e+37
1360.4794329521724,4.712866619738201e+37
1360.1186023421242,4.713840165366583e+37
1359.7579630825712,4.716061616902377e+37
1359.3975150213428,4.719062500158818e+37
1359.0372580064284,4.729152046820992e+37
1358.67719188598,4.733202421769519e+37
1358.3173165083094,4.7465131086936255e+37
1357.9576317218903,4.760343184868174e+37
1357.5981373753555,4.766975787725902e+37
1357.2388333174988,4.775589270350607e+37
1356.8797193972741,4.780033188873659e+37
1356.5207954637945,4.786320053260629e+37
1356.1620613663335,4.7955047915570225e+37
1355.803516954323,4.810494260833161e+37
1355.4451620773552,4.822229762037475e+37
1355.0869965851807,4.838813688957013e+37
1354.7290203277091,4.843895384202285e+37
1354.371233155008,4.867715407738786e+37
1354.0136349173038,4.873406614517759e+37
1353.656225464981,4.886438424122761e+37
1353.299004648582,4.903747861136875e+37
1352.941972318807,4.913498669260873e+37
1352.585128326514,4.927855236391548e+37
1352.2284725227173,4.9429000998526425e+37
1351.8720047585894,4.959216295642021e+37
1351.5157248854591,4.975260109638506e+37
1351.1596327548118,4.988671369971144e+37
1350.80372821829,5.003371392504405e+37
1350.4480111276916,5.023127899133052e+37
1350.0924813349714,5.036579425798482e+37
1349.7371386922398,5.048666014775278e+37
1349.3819830517623,5.060168633237985e+37
1349.0270142659608,5.068763852964099e+37
1348.6722321874115,5.082041046783364e+37
1348.3176366688465,5.091948994390631e+37
1347.963227563152,5.113363209461403e+37
1347.6090047233697,5.122048483096232e+37
1347.2549680026946,5.142286968575766e+37
1346.9011172544767,5.160692476781988e+37
1346.54745233222,5.184772699859416e+37
1346.1939730895824,5.201130458648372e+37
1345.840679380375,5.225018860353142e+37
1345.4875710585625,5.245071799302621e+37
1345.1346479782626,5.262601159303724e+37
1344.7819099937467,5.282742639251619e+37
1344.4293569594386,5.3054639856315005e+37
1344.0769887299145,5.318960524165843e+37
1343.724805159903,5.325284884847536e+37
1343.3728061042862,5.323502402490583e+37
1343.020991418096,5.325183904526896e+37
1342.6693609565177,5.332786934589148e+37
1342.317914574888,5.33988016175142e+37
1341.9666521286947,5.341461673992541e+37
1341.615573473577,5.351286897583789e+37
1341.264678465325,5.355460072729039e+37
1340.9139669598799,5.353479031824926e+37
1340.5634388133333,5.37261265407539e+37
1340.2130938819273,5.378704542958507e+37
1339.8629320220543,5.389392473655634e+37
1339.5129530902564,5.399973031009898e+37
1339.163156943226,5.416941978373442e+37
1338.8135434378055,5.430247423863355e+37
1338.4641124309853,5.435302168164819e+37
1338.114863779907,5.452045887476923e+37
1337.7657973418593,5.466847864697144e+37
1337.4169129742816,5.480721051218643e+37
1337.0682105347605,5.502125430020652e+37
1336.7196898810319,5.524314199297475e+37
1336.37135087098,5.5484467213264885e+37
1336.023193362637,5.5716961352100385e+37
1335.6752172141823,5.593010630776757e+37
1335.327422283944,5.62027615486059e+37
1334.9798084303975,5.642976278899094e+37
1334.6323755121653,5.671635537468744e+37
1334.285123388017,5.698019734576342e+37
1333.9380519168692,5.724204052447632e+37
1333.5911609577852,5.736420798859805e+37
1333.2444503699753,5.714260226453514e+37
1332.8979200127958,5.690686307278607e+37
1332.5515697457492,5.664748790569034e+37
1332.2053994284838,5.647255304248058e+37
1331.8594089207943,5.628859549159948e+37
1331.5135980826205,5.61414950357042e+37
1331.1679667740477,5.588251242868517e+37
1330.8225148553063,5.573441450941354e+37
1330.4772421867724,5.552552025261961e+37
1330.1321486289664,5.533098980200653e+37
1329.7872340425533,5.5284865601669315e+37
1329.442498288343,5.524833599442755e+37
1329.097941227289,5.522545644781923e+37
1328.75356272049,5.514859505454013e+37
1328.4093626291879,5.504459150819559e+37
1328.0653408147682,5.4921891283548365e+37
1327.72149713876,5.491628147719231e+37
1327.3778314628369,5.484329192817575e+37
1327.0343436488138,5.460417367223091e+37
1326.6910335586497,5.445351433618156e+37
1326.3479010544468,5.420619849568423e+37
1326.0049459984486,5.402657335933685e+37
1325.6621682530424,5.385418604498606e+37
1325.319567680757,5.367742182799627e+37
1324.9771441442635,5.352643532562419e+37
1324.634897506375,5.334146592321607e+37
1324.2928276300456,5.314043706727259e+37
1323.9509343783718,5.296808555973468e+37
1323.6092176145914,5.281181275568792e+37
1323.267677202083,5.266004592588283e+37
1322.9263130043657,5.257492613963191e+37
1322.5851248851004,5.241678623550879e+37
1322.244112708088,5.223557192944548e+37
1321.9032763372704,5.215493070983664e+37
1321.562615636729,5.205534206141343e+37
1321.2221304706854,5.195800039744355e+37
1320.8818207035017,5.18572130288645e+37
1320.5416861996794,5.18979799975372e+37
1320.2017268238587,5.1878035269737745e+37
1319.8619424408207,5.185343107928527e+37
1319.5223329154846,5.186238415550234e+37
1319.1828981129088,5.181768733928173e+37
1318.843637898291,5.188161050686356e+37
1318.5045521369664,5.185024702525756e+37
1318.1656406944098,5.186653429142705e+37
1317.8269034362338,5.180822885291037e+37
1317.4883402281891,5.187886478366831e+37
1317.1499509361643,5.190062329602366e+37
1316.8117354261863,5.191997054562386e+37
1316.4736935644185,5.193632740288741e+37
1316.1358252171626,5.197529361379188e+37
1315.798130250857,5.199967046550015e+37
1315.4606085320775,5.206748510503013e+37
1315.1232599275368,5.2108716893135605e+37
1314.7860843040837,5.225728877527084e+37
1314.4490815287043,5.227522967048246e+37
1314.1122514685205,5.2417854129337e+37
1313.7755939907904,5.259415421691935e+37
1313.4391089629087,5.270433572790961e+37
1313.1027962524047,5.2874392835447e+37
1312.7666557269445,5.30262492835938e+37
1312.4306872543293,5.323112874317185e+37
1312.0948907024958,5.33992746005755e+37
1311.7592659395148,5.359977779239015e+37
1311.4238128335935,5.372658131109225e+37
1311.088531253073,5.399621535801594e+37
1310.753421066429,5.418812278276925e+37
1310.4184821422723,5.449287431230523e+37
1310.083714349347,5.4701314517029965e+37
1309.749117556532,5.483790977828925e+37
1309.4146916328402,5.512459663281765e+37
1309.0804364474175,5.533809804660577e+37
1308.7463518695442,5.565371723993571e+37
1308.4124377686335,5.593719020269642e+37
1308.078694014232,5.625782005427511e+37
1307.7451204760193,5.662243085040521e+37
1307.411717023808,5.695062255331254e+37
1307.0784835275435,5.724393101054012e+37
1306.7454198573034,5.75704069416584e+37
1306.4125258832983,5.790250724484102e+37
1306.0798014758702,5.834178014118362e+37
1305.7472465054939,5.869207712048259e+37
1305.4148608427759,5.904878469543904e+37
1305.082644358454,5.942325455130469e+37
1304.750596923398,5.977672576232639e+37
1304.4187184086093,6.011362461331408e+37
1304.0870086852194,6.052583949749489e+37
1303.7554676244924,6.090545530412808e+37
1303.424095097822,6.121449041791147e+37
1303.0928909767333,6.154182303765842e+37
1302.761855132882,6.1708799318071125e+37
1302.430987438053,6.18259820194518e+37
1302.1002877641636,6.1984406469575555e+37
1301.7697559832593,6.203705483341912e+37
1301.4393919675163,6.18199565333973e+37
1301.1091955892398,6.147112157462183e+37
1300.7791667208658,6.119770357357493e+37
1300.4493052349585,6.092517769209073e+37
1300.1196110042124,6.064723124481583e+37
1299.7900839014499,6.034927332859786e+37
1299.460723799623,6.0084141554428435e+37
1299.1315305718126,5.979863303199914e+37
1298.802504091228,5.96400241830719e+37
1298.4736442312062,5.944453437072284e+37
1298.1449508652138,5.93570225195163e+37
1297.816423866844,5.915202666614239e+37
1297.4880631098194,5.89563238966558e+37
1297.1598684679893,5.888434733476849e+37
1296.831839815331,5.873380847868254e+37
1296.5039770259498,5.863001373805592e+37
1296.1762799740766,5.850272775498028e+37
1295.848748534071,5.84054603085411e+37
1295.5213825804196,5.840572341290758e+37
1295.1941819877345,5.829085651197662e+37
1294.8671466307558,5.829897850401127e+37
1294.540276384349,5.8187083382469425e+37
1294.2135711235069,5.814477408092724e+37
1293.8870307233476,5.802983717216546e+37
1293.5606550591158,5.798061370388963e+37
1293.2344440061818,5.773734627970359e+37
1292.9083974400414,5.727559623344826e+37
1292.5825152363166,5.692449181089135e+37
1292.2567972707536,5.64785937062912e+37
1291.9312434192252,5.614818724473679e+37
1291.6058535577283,5.581026440660973e+37
1291.280627562385,5.547791780350547e+37
1290.9555653094421,5.50117620976278e+37
1290.630666675271,5.461500908957636e+37
1290.3059315363673,5.427819798639121e+37
1289.9813597693512,5.38740547859221e+37
1289.6569512509673,5.352812400324142e+37
1289.332705858083,5.317417252854389e+37
1289.008623467691,5.289972588430966e+37
1288.6847039569066,5.260060819342505e+37
1288.3609472029684,5.235650995380167e+37
1288.0373530832394,5.213275782593919e+37
1287.713921475205,5.184828566647423e+37
1287.3906522564741,5.162633893309138e+37
1287.0675453047775,5.131890367363929e+37
1286.7446004979702,5.110121530824429e+37
1286.4218177140285,5.084231529803211e+37
1286.0991968310516,5.061479947739269e+37
1285.7767377272612,5.038819443619275e+37
1285.4544402810004,5.012762624657171e+37
1285.132304370735,4.992645192002073e+37
1284.8103298750523,4.970614557949337e+37
1284.4885166726608,4.952261174813003e+37
1284.1668646423918,4.929248802677534e+37
1283.8453736631961,4.922481534821848e+37
1283.524043614147,4.907656688939141e+37
1283.2028743744386,4.892824061217181e+37
1282.8818658233856,4.883498455470721e+37
1282.5610178404236,4.884692149616518e+37
1282.2403303051092,4.868084491475489e+37
1281.9198030971181,4.865658754074111e+37
1281.5994360962482,4.85412038709642e+37
1281.2792291824157,4.835211216449272e+37
1280.959182235658,4.833259167935191e+37
1280.639295136132,4.821601420870337e+37
1280.3195677641138,4.817029263665025e+37
1280.0,4.815510041507554e+37
1279.6805917243055,4.806632167338434e+37
1279.3613428176654,4.80222559455712e+37
1279.042253160833,4.795665094178029e+37
1278.7233226346816,4.797879293371963e+37
1278.404551120202,4.802907233280762e+37
1278.0859384985044,4.807527682022839e+37
1277.7674846508182,4.791229158305379e+37
1277.4491894584892,4.800886251311675e+37
1277.1310528029833,4.806484477545758e+37
1276.8130745658837,4.802563238743847e+37
1276.495254628891,4.790868892305082e+37
1276.1775928738243,4.7830700943969355e+37
1275.8600891826204,4.777455749468959e+37
1275.5427434373328,4.763694636782287e+37
1275.2255555201327,4.756826412461628e+37
1274.908525313309,4.749069937023965e+37
1274.5916526992667,4.757182800323907e+37
1274.274937560528,4.755688360669028e+37
1273.9583797797327,4.745325819516379e+37
1273.6419792396357,4.738585998450018e+37
1273.3257358231097,4.741193626890569e+37
1273.0096494131426,4.740337203425665e+37
1272.6937198928392,4.737672862826253e+37
1272.37794714542,4.731910233769287e+37
1272.0623310542219,4.733480375874467e+37
1271.746871502696,4.742920461894375e+37
1271.4315683744112,4.739989279357193e+37
1271.11642155305,4.749513204113226e+37
1270.8014309224113,4.757012704919864e+37
1270.4865963664083,4.765446298259164e+37
1270.17191776907,4.770990829704389e+37
1269.8573950145399,4.782471221260086e+37
1269.543027987076,4.791435881408361e+37
1269.2288165710515,4.79575300412428e+37
1268.9147606509532,4.804858889560925e+37
1268.600860111383,4.814319290080303e+37
1268.2871148370566,4.835592760004544e+37
1267.973524712804,4.842169842464626e+37
1267.6600896235684,4.864248031117253e+37
1267.346809454407,4.870428972327835e+37
1267.0336840904915,4.890077602797672e+37
1266.720713417106,4.904445915902763e+37
1266.4078973196476,4.92521002394013e+37
1266.0952356836283,4.942367710240999e+37
1265.782728394671,4.923731316419026e+37
1265.4703753385133,4.908700348350011e+37
1265.1581764010045,4.899120961869063e+37
1264.846131468107,4.882028940387645e+37
1264.5342404258952,4.873763852733805e+37
1264.2225031605562,4.870274039509994e+37
1263.9109195583897,4.857731418852799e+37
1263.5994895058063,4.848929715559237e+37
1263.2882128893298,4.8504265182842e+37
1262.9770895955949,4.841345410605051e+37
1262.6661195113484,4.835214639751998e+37
1262.3553025234485,4.839198677894038e+37
1262.0446385188645,4.836218886622274e+37
1261.7341273846775,4.84044164888725e+37
1261.4237690080795,4.842468854558024e+37
1261.113563276373,4.844458145420522e+37
1260.803510076972,4.850308244397958e+37
1260.4936092974008,4.858782267644129e+37
1260.1838608252945,4.870551211126023e+37
1259.8742645483983,4.880610040188696e+37
1259.5648203545675,4.884909225595555e+37
1259.2555281317686,4.885811875334756e+37
1258.9463877680769,4.891426393924838e+37
1258.6373991516782,4.902816355911222e+37
1258.3285621708683,4.919778157552106e+37
1258.019876714052,4.936709494659065e+37
1257.711342669744,4.951245293522941e+37
1257.4029599265675,4.966272519388337e+37
1257.0947283732567,4.984770986924286e+37
1256.7866478986525,5.002632029163715e+37
1256.4787183917074,5.013180259711299e+37
1256.17093974148,5.029208270766921e+37
1255.8633118371397,5.047179053526594e+37
1255.5558345679633,4.97316159013509e+37
1255.2485078233362,4.900386147331857e+37
1254.9413314927526,4.829198913329831e+37
1254.6343054658144,4.753412883736606e+37
1254.3274296322313,4.683589406710857e+37
1254.0207038818212,4.609139027167809e+37
1253.7141281045094,4.541150189820763e+37
1253.4077021903302,4.46949879922246e+37
1253.1014260294228,4.402836304528345e+37
1252.7952995120363,4.344853772548126e+37
1252.4893225285255,4.283564925545525e+37
1252.1834949693528,4.2183286563355444e+37
1251.8778167250878,4.1593872409936763e+37
1251.572287686406,4.097464128801366e+37
1251.2669077440908,4.033457355867006e+37
1250.9616767890316,3.971025328061867e+37
1250.656594712224,3.9146786241871023e+37
1250.35166140477,3.8511561802181087e+37
1250.0468767578784,3.799424647651432e+37
1249.7422406628632,3.7431787621553356e+37
1249.437753011145,3.692878176835161e+37
1249.1334136942498,3.6337887936808398e+37
1248.829222603809,3.5812585305040475e+37
1248.5251796315601,3.5233355925203445e+37
1248.221284669346,3.468197396866565e+37
1247.9175376091148,3.4147627615988995e+37
1247.6139383429193,3.366271432996143e+37
1247.3104867629174,3.3161689093406733e+37
1247.0071827613729,3.27546247001087e+37
1246.7040262306527,3.2305042104629364e+37
1246.40101706323,3.1900013570980804e+37
1246.0981551516813,3.143710995107275e+37
1245.7954403886881,3.1019088737665364e+37
1245.4928726670362,3.058485402442777e+37
1245.190451879615,3.015962639064343e+37
1244.8881779194185,2.9788205988632078e+37
1244.586050679544,2.9344866441525485e+37
1244.284070053193,2.8963553588977736e+37
1243.9822359336708,2.862132882630557e+37
1243.6805482143855,2.821786171587481e+37
1243.3790067888494,2.783712138855134e+37
1243.0776115506771,2.746099104742928e+37
1242.7763623935873,2.7082127069725397e+37
1242.475259211401,2.670649901188237e+37
1242.1743018980424,2.632942142895908e+37
1241.8734903475383,2.595483400896136e+37
1241.5728244540182,2.5681254740639575e+37
1241.2723041117144,2.542980554503175e+37
1240.9719292149614,2.5213714331068664e+37
1240.671699658195,2.495871518230431e+37
1240.3716153359546,2.471583052075914e+37
1240.071676142881,2.4466712631346802e+37
1239.771881973717,2.4232626198162243e+37
1239.4722327233062,2.3990749003053404e+37
1239.1727282865959,2.3744118730658214e+37
1238.8733685586328,2.3519203060111213e+37
1238.5741534345661,2.3319215368931097e+37
1238.2750828096462,2.3082326125023376e+37
1237.9761565792244,2.2901304526601375e+37
1237.677374638753,2.265552583256484e+37
1237.3787368837855,2.2458866951372236e+37
1237.0802432099758,2.22175705390653e+37
1236.781893513079,2.2018691304119243e+37
1236.48368768895,2.1797431479976396e+37
1236.1856256335452,2.1587719396478087e+37
1235.88770724292,2.139953079992772e+37
1235.5899324132308,2.126844532179611e+37
1235.292301040734,2.1098081854075179e+37
1234.9948130217854,2.0969421021429681e+37
1234.6974682528414,2.0816853446871047e+37
1234.4002666304575,2.0702905411162055e+37
1234.1032080512896,2.054145012415263e+37
1233.8062924120914,2.041298884962129e+37
1233.5095196097175,2.0246080210333028e+37
1233.2128895411213,2.010556712254764e+37
1232.9164021033555,1.9952320299274678e+37
1232.6200571935706,1.9782467913835443e+37
1232.3238547090175,1.9615090736883142e+37
1232.027794547045,1.9444693357722979e+37
1231.7318766051005,1.929772673578434e+37
1231.4361007807306,1.910967412334227e+37
1231.1404669715791,1.8931267603414289e+37
1230.8449750753894,1.8792322263753462e+37
1230.5496249900016,1.862211279118052e+37
1230.2544166133557,1.8461887213638595e+37
1229.9593498434876,1.8358489292679913e+37
1229.6644245785326,1.8311199951367865e+37
1229.3696407167226,1.8247192301509418e+37
1229.0749981563874,1.8182143877093436e+37
1228.7804967959548,1.8117978586052344e+37
1228.4861365339493,1.809038105619357e+37
1228.1919172689923,1.801571519260838e+37
1227.8978388998037,1.79525132852213e+37
1227.6039013251984,1.790881260746178e+37
1227.31010444409,1.7846708109252388e+37
1227.0164481554875,1.7804500553499985e+37
1226.7229323584975,1.7793405880952171e+37
1226.4295569523224,1.7730104566196524e+37
1226.136321836262,1.773055369897989e+37
1225.8432269097107,1.7697495054154236e+37
1225.5502720721604,1.7663481045551982e+37
1225.257457223199,1.7639823903776854e+37
1224.96478226251,1.7622351593189484e+37
1224.6722470898726,1.7581896338731027e+37
1224.3798516051618,1.7557999430609984e+37
1224.087595708349,1.7517080053134028e+37
1223.7954792994994,1.7516709250074336e+37
1223.5035022787752,1.7482482839673445e+37
1223.2116645464332,1.7426801111009313e+37
1222.9199660028248,1.7304276621188926e+37
1222.6284065483978,1.7182598152523155e+37
1222.3369860836935,1.703340348612706e+37
1222.0457045093485,1.6922056464795202e+37
1221.754561726095,1.6810422453132286e+37
1221.463557634758,1.6720355787559857e+37
1221.1726921362585,1.6622222914660063e+37
1220.8819651316112,1.6531900279633727e+37
1220.591376521925,1.6443339862917541e+37
1220.3009262084029,1.6353659501243685e+37
1220.0106140923428,1.6258827023969863e+37
1219.7204400751348,1.6178967860224704e+37
1219.4304040582645,1.6128447006724732e+37
1219.14050594331,1.6084190295362085e+37
1218.8507456319437,1.6034754970489985e+37
1218.561123025931,1.5993495874254802e+37
1218.2716380271308,1.597313155634427e+37
1217.9822905374956,1.5929861537421817e+37
1217.6930804590704,1.5881340778107654e+37
1217.4040076939934,1.5847007187675502e+37
1217.115072144496,1.5792940678182366e+37
1216.826273712902,1.5743125427906258e+37
1216.5376123016283,1.5612326564452386e+37
1216.2490878131841,1.5482941674343223e+37
1215.960700150171,1.5366003972546577e+37
1215.6724492152835,1.5255022298082233e+37
1215.3843349113074,1.517319470433449e+37
1215.0963571411212,1.5078793886686802e+37
1214.8085158076958,1.4970871795671606e+37
1214.5208108140935,1.4883472032347476e+37
1214.2332420634682,1.479491878341799e+37
1213.9458094590657,1.469737473395006e+37
1213.6585129042242,1.4609038215940765e+37
1213.3713523023723,1.4510361380162423e+37
1213.0843275570303,1.4403405256441418e+37
1212.7974385718096,1.4342796444864492e+37
1212.5106852504139,1.4265246756015391e+37
1212.2240674966363,1.4197777288480067e+37
1211.9375852143614,1.4116871959597882e+37
1211.6512383075656,1.405321206450117e+37
1211.3650266803147,1.3997223622958011e+37
1211.078950236766,1.3928524847810593e+37
1210.7930088811668,1.3847090175054844e+37
1210.507202517855,1.3791567228702455e+37
1210.221531051259,1.3724758291537124e+37
1209.935994385897,1.3709750265948904e+37
1209.6505924263774,1.3685984271923713e+37
1209.3653250773993,1.3673417692143155e+37
1209.0801922437506,1.364529597790357e+37
1208.7951938303092,1.3630770296598135e+37
1208.5103297420435,1.359469841583856e+37
1208.2255998840103,1.3586334569513963e+37
1207.941004161357,1.3560483637557273e+37
1207.656542479319,1.3548279284592445e+37
1207.3722147432222,1.3511403089566658e+37
1207.088020858481,1.3454329922104082e+37
1206.803960730599,1.3375733577412748e+37
1206.520034265169,1.3313898566801455e+37
1206.2362413678718,1.3232481194102812e+37
1205.9525819444777,1.315783252330606e+37
1205.6690559008457,1.3090240875730256e+37
1205.3856631429228,1.3041706981951876e+37
1205.1024035767439,1.3019808946378026e+37
1204.8192771084337,1.2983351704252242e+37
1204.536283644204,1.2937954046614938e+37
1204.2534230903552,1.2902924454487835e+37
1203.970695353275,1.2875499581017693e+37
1203.68810033944,1.285191708883343e+37
1203.4056379554138,1.2815679459704736e+37
1203.1233081078478,1.2784592126670475e+37
1202.8411107034815,1.2770628397059482e+37
1202.5590456491414,1.275339264978191e+37
1202.2771128517413,1.2734769477971404e+37
1201.9953122182824,1.2742041667685893e+37
1201.7136436558533,1.2732826922194562e+37
1201.4321070716294,1.2729778575143414e+37
1201.1507023728732,1.2710326441763184e+37
1200.869429466934,1.2698909836596858e+37
1200.588288261248,1.2706042246841658e+37
1200.3072786633377,1.2671731476132574e+37
1200.0264005808128,1.2678383278336488e+37
1199.7456539213688,1.2658601812948182e+37
1199.4650385927876,1.2650650094908593e+37
1199.184554502938,1.264220074301773e+37
1198.9042015597743,1.26230085701242e+37
1198.6239796713373,1.262351486560974e+37
1198.3438887457532,1.2626712073496845e+37
1198.0639286912349,1.25934676036565e+37
1197.7840994160802,1.2595648867114387e+37
1197.5044008286732,1.2590908105905363e+37
1197.2248328374828,1.2572423391143923e+37
1196.945395351064,1.2583438177237632e+37
1196.6660882780575,1.256719146741761e+37
1196.386911527188,1.2565492963690395e+37
1196.1078650072664,1.2539658110791932e+37
1195.8289486271883,1.2530159061473353e+37
1195.5501622959346,1.2547486208157268e+37
1195.2715059225702,1.2558854500247574e+37
1194.9929794162458,1.2553974196599536e+37
1194.7145826861963,1.2554811706114607e+37
1194.4363156417407,1.2563953402857403e+37
1194.1581781922835,1.2546832053981093e+37
1193.8801702473124,1.2542679792192513e+37
1193.6022917164003,1.2548523166163862e+37
1193.3245425092036,1.2566228331298808e+37
1193.0469225354634,1.2574874297441584e+37
1192.7694317050043,1.2586340226202886e+37
1192.4920699277352,1.2613481339163107e+37
1192.2148371136477,1.2609072170129237e+37
1191.937733172819,1.2616133373716887e+37
1191.6607580154082,1.2617220799938032e+37
1191.3839115516585,1.2622368640337977e+37
1191.1071936918963,1.2636039561630604e+37
1190.8306043465318,1.2641915756599495e+37
1190.5541434260576,1.2661905267368648e+37
1190.2778108410503,1.2653932224724797e+37
1190.001606502169,1.2672957814284497e+37
1189.7255303201553,1.2692835787656278e+37
1189.4495822058343,1.27103663275013e+37
1189.1737620701138,1.2720377900520707e+37
1188.8980698239836,1.2742928625198071e+37
1188.622505378517,1.2767802918102957e+37
1188.3470686448684,1.2784061770731212e+37
1188.071759534276,1.2788222530218703e+37
1187.7965779580588,1.279984785146965e+37
1187.5215238276194,1.281566911782024e+37
1187.2465970544413,1.2841807564259826e+37
1186.9717975500903,1.2865058419532854e+37
1186.6971252262142,1.2860555348058935e+37
1186.4225799945425,1.2902379695777277e+37
1186.1481617668862,1.291608869701934e+37
1185.8738704551383,1.2923858822338114e+37
1185.599705971273,1.293172332032765e+37
1185.3256682273454,1.2967066125827427e+37
1185.0517571354928,1.2990391212429838e+37
1184.7779726079332,1.3002204627385115e+37
1184.5043145569657,1.3031703990802177e+37
1184.2307828949706,1.3052647839628138e+37
1183.9573775344088,1.3083535045473444e+37
1183.6840983878221,1.3075700960486484e+37
1183.4109453678338,1.3089961955477298e+37
1183.1379183871463,1.3109694451645695e+37
1182.8650173585443,1.3124391616156925e+37
1182.5922421948912,1.3117829400826234e+37
1182.3195928091322,1.3104684487681403e+37
1182.047069114292,1.3151040284658783e+37
1181.774671023476,1.3136629150972578e+37
1181.502398449869,1.314477830668918e+37
1181.230251306736,1.3131042395433845e+37
1180.9582295074224,1.3137233347173036e+37
1180.686332965353,1.3152343791823652e+37
1180.4145615940317,1.3140999788832924e+37
1180.1429153070437,1.3149871552014551e+37
1179.8713940180521,1.3156462046329833e+37
1179.5999976408,1.315422203816637e+37
1179.3287260891102,1.314368040586696e+37
1179.0575792768839,1.3148486978710328e+37
1178.7865571181026,1.31045231814634e+37
1178.515659526826,1.3064595350134052e+37
1178.244886417193,1.3023134993475216e+37
1177.9742377034215,1.297988539210596e+37
1177.7037132998082,1.295151508412643e+37
1177.4333131207281,1.2886397214565982e+37
1177.1630370806356,1.2858795427084786e+37
1176.892885094063,1.2832046036192897e+37
1176.6228570756216,1.2773710179425116e+37
1176.35295294,1.273814109604134e+37
1176.0831726019665,1.2694830572771732e+37
1175.8135159763663,1.2662220939183357e+37
1175.543982978123,1.2643178466909778e+37
1175.2745735222393,1.2560341412688006e+37
1175.0052875237939,1.247538402777591e+37
1174.7361248979448,1.2395094667416536e+37
1174.4670855599272,1.2314583955728538e+37
1174.198169425054,1.2226367838538258e+37
1173.9293764087154,1.2141525037372252e+37
1173.6607064263792,1.206325080758198e+37
1173.3921593935909,1.1964241900428958e+37
1173.123735225973,1.189058442734828e+37
1172.855433839225,1.1817471566972191e+37
1172.5872551491238,1.1749756214336202e+37
1172.3191990715231,1.1696809151191151e+37
1172.051265522354,1.1644238106930346e+37
1171.7834544176237,1.1573248634047333e+37
1171.5157656734166,1.1518971202173806e+37
1171.2481992058938,1.1474404890029076e+37
1170.9807549312927,1.1441602694705436e+37
1170.7134327659276,1.1365491146922574e+37
1170.4462326261887,1.1311257380863514e+37
1170.179154428543,1.1295243107435102e+37
1169.9121980895334,1.1247993509314253e+37
1169.645363525779,1.1240814842526843e+37
1169.378650653975,1.1219540071855782e+37
1169.1120593908925,1.1187305262803607e+37
1168.845589653379,1.1147689390103628e+37
1168.5792413583565,1.1117596684015312e+37
1168.3130144228242,1.1116417251263464e+37
1168.046908763856,1.1103535289994094e+37
1167.7809242986016,1.1090556441941078e+37
1167.5150609442862,1.1092101181518566e+37
1167.2493186182103,1.1092928594323435e+37
1166.9836972377495,1.1090605639392652e+37
1166.718196720355,1.1099968203410735e+37
1166.452816983553,1.1101722582748473e+37
1166.1875579449443,1.1108709111526085e+37
1165.922419522205,1.1113232435383068e+37
1165.657401633086,1.1112269807701653e+37
1165.392504195413,1.110740012395433e+37
1165.1277271270862,1.1125716456307193e+37
1164.8630703460808,1.1135642442504226e+37
1164.598533770446,1.1115929679658e+37
1164.3341173183057,1.1137072061568378e+37
1164.069820907858,1.112884377869886e+37
1163.8056444573756,1.110980245867733e+37
1163.541587885205,1.1115793842094355e+37
1163.2776511097668,1.1113696633342593e+37
1163.0138340495562,1.1100063391717239e+37
1162.750136623141,1.1109960498124524e+37
1162.4865587491645,1.1095934322740986e+37
1162.2231003463426,1.1116210052970976e+37
1161.959761333465,1.1119494902384382e+37
1161.6965416293956,1.1139636428617425e+37
1161.4334411530713,1.1136838303906443e+37
1161.1704598235021,1.1159114609862227e+37
1160.9075975597723,1.1171367421664595e+37
1160.6448542810385,1.1183263682248292e+37
1160.3822299065312,1.1189256644439393e+37
1160.1197243555534,1.1218254867487675e+37
1159.8573375474816,1.1229577934692038e+37
1159.595069401765,1.1233684943525884e+37
1159.3329198379254,1.127417827288943e+37
1159.0708887755575,1.1260591326449255e+37
1158.8089761343292,1.1282951025797149e+37
1158.5471818339802,1.1301157490610863e+37
1158.2855057943232,1.128335230322236e+37
1158.0239479352433,1.1296760150713075e+37
1157.7625081766978,1.1320292991123614e+37
1157.501186438716,1.135322994653433e+37
1157.2399826414003,1.1374129159328173e+37
1156.9788967049242,1.1396837135573614e+37
1156.7179285495336,1.142214336219498e+37
1156.4570780955464,1.1438290708898983e+37
1156.1963452633527,1.148848404317222e+37
1155.9357299734136,1.1508406004601604e+37
1155.6752321462623,1.153228986502918e+37
1155.4148517025037,1.1569668708657085e+37
1155.1545885628145,1.1604443179623855e+37
1154.894442647942,1.1609960977696927e+37
1154.6344138787058,1.163031821562189e+37
1154.374502175996,1.1656128676181122e+37
1154.1147074607745,1.1668893021248746e+37
1153.8550296540743,1.1696929319587091e+37
1153.5954686769992,1.1699051437934717e+37
1153.3360244507237,1.1716902575646205e+37
1153.076696896494,1.1716486726362064e+37
1152.8174859356268,1.1725790736016182e+37
1152.558391489509,1.173781901773962e+37
1152.2994134795986,1.1734952656498822e+37
1152.0405518274242,1.1743988668944652e+37
1151.7818064545854,1.1781808112405937e+37
1151.5231772827508,1.1837783118677373e+37
1151.2646642336606,1.1887255037101161e+37
1151.0062672291251,1.193734242375424e+37
1150.7479861910242,1.198541532513403e+37
1150.4898210413085,1.2030814423815901e+37
1150.231771701998,1.206963535189503e+37
1149.9738380951833,1.214276346561034e+37
1149.7160201430247,1.2176847861485607e+37
1149.4583177677519,1.2236006832403278e+37
1149.2007308916648,1.226880460361224e+37
1148.9432594371326,1.2304531639965518e+37
1148.6859033265944,1.2325920630781258e+37
1148.4286624825584,1.2356170818113243e+37
1148.171536827602,1.2402251266040573e+37
1147.9145262843729,1.2430758676204266e+37
1147.657630775587,1.246227692295661e+37
1147.4008502240301,1.249805454863622e+37
1147.1441845525565,1.252847987366513e+37
1146.88763368409,1.2559535505346696e+37
1146.6311975416227,1.2595735248067162e+37
1146.3748760482165,1.2624758789706993e+37
1146.1186691270013,1.2590172286735098e+37
1145.8625767011763,1.252331844880786e+37
1145.6065986940084,1.2459611241255666e+37
1145.3507350288342,1.2385980478543261e+37
1145.0949856290579,1.23253904743093e+37
1144.8393504181524,1.225006901585278e+37
1144.5838293196593,1.2172174489504369e+37
1144.3284222571879,1.2134990629638783e+37
1144.0731291544155,1.206627516368235e+37
1143.8179499350883,1.2004246134863075e+37
1143.5628845230199,1.1960607031942328e+37
1143.307932842092,1.189348505452154e+37
1143.0530948162543,1.1849785212504488e+37
1142.7983703695238,1.1804468168004324e+37
1142.543759425986,1.175530585724939e+37
1142.2892619097934,1.1725169718041392e+37
1142.0348777451663,1.165492299100531e+37
1141.7806068563925,1.160130155847796e+37
1141.5264491678272,1.1568490652139293e+37
1141.272404603893,1.1523983393204663e+37
1141.0184730890794,1.1482526557649597e+37
1140.7646545479436,1.143366973880514e+37
1140.5109489051094,1.1403345572188733e+37
1140.2573560852684,1.1345330152865042e+37
1140.0038760131783,1.1315760718279496e+37
1139.7505086136646,1.1264572734490286e+37
1139.4972538116183,1.1245350237655936e+37
1139.2441115319984,1.1184258849009897e+37
1138.9910816998304,1.1163492986870363e+37
1138.7381642402054,1.1133273021536985e+37
1138.4853590782823,1.1102348801383081e+37
1138.2326661392856,1.1076366185103943e+37
1137.9800853485062,1.106546782752874e+37
1137.7276166313022,1.1067311552880066e+37
1137.475259913097,1.1058396757448664e+37
1137.2230151193799,1.1052183378876796e+37
1136.9708821757074,1.1044847864070654e+37
1136.7188610077012,1.1034165830049326e+37
1136.4669515410492,1.1018954263210787e+37
1136.215153701505,1.1014904781992802e+37
1135.963467414888,1.1018171205283378e+37
1135.7118926070834,1.1014169179046986e+37
1135.4604292040422,1.0993781826921129e+37
1135.2090771317808,1.100011359019429e+37
1134.9578363163807,1.0985155447951508e+37
1134.70670668399,1.0977683646693938e+37
1134.4556881608205,1.0970864742067734e+37
1134.2047806731505,1.0970325386274636e+37
1133.9539841473234,1.0951067091280165e+37
1133.7032985097471,1.094589522936941e+37
1133.452723686895,1.0946490627552208e+37
1133.2022596053057,1.0955386967656564e+37
1132.951906191582,1.0967668093903342e+37
1132.7016633723927,1.1003629000937445e+37
1132.45153107447,1.1023684759199613e+37
1132.2015092246118,1.104100545034951e+37
1131.95159774968,1.105971483876961e+37
1131.7017965766022,1.109074040806742e+37
1131.4521056323686,1.1101308124593842e+37
1131.2025248440355,1.1124699344570432e+37
1130.9530541387228,1.1153302015482632e+37
1130.7036934436146,1.117505212568892e+37
1130.4544426859597,1.1159520115355676e+37
1130.2053017930707,1.111831095235483e+37
1129.9562706923243,1.1050882682218765e+37
1129.707349311161,1.0975299886953386e+37
1129.4585375770855,1.08865887827328e+37
1129.2098354176665,1.081885439600996e+37
1128.9612427605362,1.0740277526812328e+37
1128.7127595333902,1.0662076272329802e+37
1128.4643856639884,1.0585734354911377e+37
1128.2161210801542,1.0516961511631634e+37
1127.9679657097738,1.0455160255634607e+37
1127.719919480798,1.0384161962930707e+37
1127.4719823212392,1.0323237973822957e+37
1127.2241541591752,1.025338931886762e+37
1126.9764349227457,1.0180422009126558e+37
1126.728824540154,1.0122013740896363e+37
1126.4813229396657,1.004593064749777e+37
1126.2339300496105,9.968320726742498e+36
1125.9866457983808,9.87310162313041e+36
1125.7394701144315,9.795131109082944e+36
1125.4924029262802,9.720741934928483e+36
1125.245444162508,9.648706464395089e+36
1124.9985937517579,9.578834938933959e+36
1124.7518516227358,9.52174131168651e+36
1124.5052177042103,9.449073091889492e+36
1124.2586919250118,9.357135316746672e+36
1124.0122742140345,9.274400485693847e+36
1123.7659645002332,9.197836099277742e+36
1123.519762712626,9.130239951291598e+36
1123.2736687802933,9.040691157465293e+36
1123.0276826323768,8.962106185654152e+36
1122.781804198081,8.897715551538902e+36
1122.5360334066722,8.838226064816233e+36
1122.2903701874786,8.764098695091497e+36
1122.0448144698898,8.691692429086057e+36
1121.7993661833582,8.637372376078286e+36
1121.5540252573967,8.560564632318038e+36
1121.3087916215807,8.478884484041041e+36
1121.063665205547,8.423700436408844e+36
1120.8186459389938,8.353994774266292e+36
1120.573733751681,8.306637286937035e+36
1120.3289285734293,8.256814929986727e+36
1120.0842303341212,8.219390183302946e+36
1119.8396389637005,8.16364170362623e+36
1119.5951543921717,8.08918976371461e+36
1119.3507765496013,8.042910920474062e+36
1119.1065053661157,7.976675789393292e+36
1118.8623407719033,7.91581857195008e+36
1118.6182826972124,7.875279816375417e+36
1118.3743310723532,7.826088417431172e+36
1118.130485827696,7.77608866951969e+36
1117.8867468936721,7.724764902010488e+36
1117.6431142007734,7.70231433468732e+36
1117.399587679552,7.688913418363353e+36
1117.1561672606213,7.638883537059165e+36
1116.9128528746544,7.620991238737361e+36
1116.6696444523852,7.599423795666745e+36
1116.4265419246078,7.564512099060836e+36
1116.1835452221762,7.536081971470383e+36
1115.9406542760057,7.513974446721858e+36
1115.6978690170702,7.487672475979429e+36
1115.4551893764046,7.456143292251111e+36
1115.2126152851042,7.426931828315444e+36
1114.9701466743227,7.398330776039101e+36
1114.7277834752754,7.380576456683964e+36
1114.4855256192361,7.362148890052211e+36
1114.2433730375387,7.336981714462879e+36
1114.0013256615775,7.296529296647417e+36
1113.7593834228053,7.271965153184131e+36
1113.517546252735,7.249540645821971e+36
1113.275814082939,7.23241846126255e+36
1113.034186845049,7.204706969860425e+36
1112.7926644707557,7.177814989466022e+36
1112.5512468918098,7.155838413444122e+36
1112.309934040021,7.147024405272656e+36
1112.0687258472574,7.13260044048448e+36
1111.827622245447,7.12508195840603e+36
1111.5866231665768,7.103439604734738e+36
1111.3457285426923,7.074203048976577e+36
1111.1049383058983,7.057149229254294e+36
1110.8642523883582,7.047953219476411e+36
1110.6236707222943,7.051833435327407e+36
1110.3831932399871,7.042224654846967e+36
1110.1428198737767,7.028790775069699e+36
1109.9025505560612,7.016267527049764e+36
1109.662385219297,7.01703499624587e+36
1109.4223237959995,6.999653052287552e+36
1109.182366218742,7.000368882584848e+36
1108.9425124201562,6.983986516151664e+36
1108.7027623329323,6.973041929012283e+36
1108.4631158898187,6.965525242330474e+36
1108.2235730236218,6.946139084750892e+36
1107.984133667206,6.933229952865189e+36
1107.7447977534935,6.928618273813383e+36
1107.5055652154651,6.903702444294649e+36
1107.2664359861592,6.894409923371463e+36
1107.0274099986716,6.865017963842253e+36
1106.7884871861563,6.850010785353333e+36
1106.5496674818248,6.83700990016942e+36
1106.3109508189466,6.823232509556954e+36
1106.0723371308484,6.800793789263384e+36
1105.8338263509143,6.780630839425781e+36
1105.595418412586,6.776973064313134e+36
1105.357113249363,6.767356988848755e+36
1105.1189107948016,6.760012871027355e+36
1104.8808109825154,6.7503226093663e+36
1104.6428137461753,6.736935977472304e+36
1104.4049190195092,6.729426614391395e+36
1104.1671267363029,6.723079002625326e+36
1103.929436830398,6.750570056918175e+36
1103.6918492356933,6.77009900798083e+36
1103.4543638861455,6.778156449556545e+36
1103.2169807157672,6.812900554796236e+36
1102.9796996586279,6.828338626738106e+36
1102.7425206488538,6.845861411423702e+36
1102.5054436206278,6.87721450883728e+36
1102.26846850819,6.893098912138939e+36
1102.0315952458357,6.918783141407901e+36
1101.794823767918,6.954486169332185e+36
1101.5581540088456,6.958593583136951e+36
1101.3215859030838,6.977089477634266e+36
1101.085119385154,6.989844472677242e+36
1100.8487543896345,7.000963298345746e+36
1100.6124908511588,6.994410205694087e+36
1100.376328704417,6.98164811111337e+36
1100.1402678841553,6.968598208836892e+36
1099.9043083251756,6.978444054800618e+36
1099.6684499623364,6.996986144080355e+36
1099.432692730551,7.014961075030485e+36
1099.1970365647894,7.025869071081526e+36
1098.961481400077,7.045170494627854e+36
1098.7260271714947,7.057454632200287e+36
1098.4906738141794,7.06988423768918e+36
1098.2554212633231,7.085479045730969e+36
1098.020269454174,7.112890143991481e+36
1097.7852183220352,7.123299150755375e+36
1097.5502678022654,7.133717548819258e+36
1097.3154178302782,7.153291594865794e+36
1097.080668341543,7.182838432309841e+36
1096.8460192715845,7.208361021486847e+36
1096.611470555982,7.226484439937818e+36
1096.3770221303703,7.24671233422871e+36
1096.1426739304388,7.280260494261055e+36
1095.9084258919324,7.302943880895149e+36
1095.6742779506508,7.32997165885383e+36
1095.4402300424483,7.349782740138096e+36
1095.2062821032341,7.376597279880379e+36
1094.9724340689722,7.400513213703424e+36
1094.7386858756813,7.429062285923893e+36
1094.505037459435,7.463060941239909e+36
1094.2714887563604,7.479635036983942e+36
1094.0380397026404,7.490874806513251e+36
1093.8046902345118,7.512404298746991e+36
1093.5714402882654,7.524620340587122e+36
1093.3382898002471,7.549601900497554e+36
1093.1052387068567,7.565952249040002e+36
1092.8722869445476,7.589905177055031e+36
1092.6394344498287,7.610574715603985e+36
1092.406681159262,7.629650971133454e+36
1092.1740270094635,7.650164335116584e+36
1091.941471937104,7.676211178525054e+36
1091.7090158789076,7.694333503637822e+36
1091.4766587716522,7.718151421102217e+36
1091.2444005521697,7.736709659553693e+36
1091.0122411573457,7.756535701941374e+36
1090.78018052412,7.73671865223094e+36
1090.5482185894848,7.696149105752854e+36
1090.3163552904875,7.65807055993542e+36
1090.0845905642277,7.613158929509404e+36
1089.8529243478592,7.569858260775093e+36
1089.621356578589,7.524553986866311e+36
1089.3898871936772,7.47776848024272e+36
1089.1585161304376,7.434622089678894e+36
1088.9272433262372,7.390700414283733e+36
1088.6960687184958,7.338828512660699e+36
1088.464992244687,7.29369728600756e+36
1088.2340138423367,7.250863734274792e+36
1088.0031334490243,7.202236801071273e+36
1087.7723510023823,7.154639861424133e+36
1087.5416664400955,7.105064912564967e+36
1087.3110796999022,7.057263651094398e+36
1087.0805907195931,7.012335119942234e+36
1086.8501994370115,6.973134338893654e+36
1086.6199057900542,6.919721803948588e+36
1086.3897097166696,6.879375521821655e+36
1086.1596111548592,6.817056954534861e+36
1085.929610042677,6.777239457877411e+36
1085.6997063182296,6.747025771502147e+36
1085.469899919675,6.702382459399035e+36
1085.2401907852256,6.682750063048884e+36
1085.0105788531437,6.662529022306805e+36
1084.7810640617458,6.628034978904393e+36
1084.551646349399,6.608616491665572e+36
1084.322325654524,6.587307076130725e+36
1084.0931019155926,6.558057274945144e+36
1083.8639750711286,6.552552923155449e+36
1083.6349450597083,6.530598770641447e+36
1083.4060118199595,6.517296778882398e+36
1083.1771752905622,6.491020171173067e+36
1082.9484354102478,6.462838126510667e+36
1082.7197921178,6.447951137217837e+36
1082.4912453520533,6.419246045290437e+36
1082.2627950518945,6.391164446432498e+36
1082.034441156262,6.372534833280679e+36
1081.8061836041454,6.334426706685135e+36
1081.5780223345862,6.315214922525228e+36
1081.3499572866767,6.274769891321224e+36
1081.1219883995611,6.246744702820257e+36
1080.8941156124347,6.227082548288994e+36
1080.6663388645438,6.200948282042979e+36
1080.4386580951866,6.177602189087047e+36
1080.2110732437118,6.15097481283652e+36
1079.9835842495193,6.138472688139877e+36
1079.7561910520606,6.121437491274915e+36
1079.528893590837,6.102049532633803e+36
1079.3016918054018,6.096727362014894e+36
1079.074585635359,6.07333978963413e+36
1078.8475750203631,6.062615476767014e+36
1078.6206599001198,6.039951634860299e+36
1078.3938402143847,6.024287207743755e+36
1078.167115902965,6.012086547747041e+36
1077.940486905718,5.999464059312185e+36
1077.7139531625517,5.994535359912408e+36
1077.4875146134243,5.982127845255663e+36
1077.2611711983452,5.973917874417085e+36
1077.0349228573737,5.972902310402347e+36
1076.808769530619,5.961129707491244e+36
1076.5827111582414,5.958395341881672e+36
1076.3567476804512,5.949165668398488e+36
1076.1308790375085,5.93799129084895e+36
1075.905105169724,5.932922000030356e+36
1075.6794260174584,5.929119485220963e+36
1075.4538415211218,5.92256042256934e+36
1075.2283516211755,5.916278307153808e+36
1075.0029562581299,5.916212579978883e+36
1074.7776553725448,5.916566969235641e+36
1074.552448905031,5.911227626999675e+36
1074.3273367962486,5.92170038145479e+36
1074.1023189869068,5.914393710309526e+36
1073.877395417765,5.919448312714658e+36
1073.6525660296327,5.911168881419964e+36
1073.427830763368,5.91856078574352e+36
1073.2031895598793,5.907819119083481e+36
1072.9786423601238,5.922890123440335e+36
1072.7541891051085,5.919577293282159e+36
1072.5298297358895,5.922909480471442e+36
1072.3055641935725,5.934372167579866e+36
1072.0813924193124,5.933614927984195e+36
1071.857314354313,5.947767591070911e+36
1071.6333299398277,5.954133821996417e+36
1071.4094391171586,5.95914266170355e+36
1071.185641827657,5.975042530206968e+36
1070.961938012723,5.989594233037141e+36
1070.7383276138062,5.984546894654025e+36
1070.5148105724043,6.006566298821067e+36
1070.2913868300645,6.00621583001499e+36
1070.0680563283825,6.004919372224305e+36
1069.8448190090028,6.008057273417819e+36
1069.6216748136185,6.01504225514776e+36
1069.3986236839712,6.00865300101944e+36
1069.1756655618517,6.010183005261648e+36
1068.952800389099,6.007375426891011e+36
1068.7300281075998,5.985776227105253e+36
1068.5073486592903,5.975087746416014e+36
1068.284761986155,5.954159580391647e+36
1068.062268030226,5.935890711993353e+36
1067.8398667335846,5.924722715895041e+36
1067.6175580383594,5.909426451778289e+36
1067.395341886728,5.89145205448742e+36
1067.1732182209155,5.869624924134119e+36
1066.9511869831954,5.845104967139093e+36
1066.7292481158895,5.796910096172511e+36
1066.5074015613668,5.770286578365283e+36
1066.285647262045,5.724038383645949e+36
1066.0639851603894,5.698047697242879e+36
1065.8424151989127,5.669736769607294e+36
1065.6209373201766,5.631083430978223e+36
1065.3995514667888,5.606841383174725e+36
1065.1782575814061,5.58936097097977e+36
1064.9570556067326,5.565457664616043e+36
1064.7359454855196,5.538395984243439e+36
1064.514927160566,5.510647509498498e+36
1064.2940005747187,5.500012235256174e+36
1064.0731656708715,5.462435159942311e+36
1063.8524223919658,5.455138094105137e+36
1063.6317706809903,5.433428505319304e+36
1063.4112104809808,5.42115221944887e+36
1063.190741735021,5.398994207132637e+36
1062.970364386241,5.403531457131165e+36
1062.7500783778182,5.389252496720033e+36
1062.5298836529778,5.370471881622364e+36
1062.309780154991,5.36773627578478e+36
1062.0897678271767,5.361059088970266e+36
1061.8698466129006,5.338394348700175e+36
1061.6500164555753,5.32963503793064e+36
1061.4302772986598,5.323716343658722e+36
1061.210629085661,5.315239217450612e+36
1060.9910717601313,5.3026996463328807e+36
1060.7716052656704,5.2832785545523284e+36
1060.5522295459245,5.279562706257863e+36
1060.332944544587,5.267195480244444e+36
1060.113750205397,5.2618483689496475e+36
1059.8946464721407,5.2535296196565824e+36
1059.6756332886503,5.246296368122958e+36
1059.4567105988049,5.2452162448683897e+36
1059.2378783465297,5.240816465981671e+36
1059.0191364757961,5.2322124037399836e+36
1058.8004849306221,5.230136988590196e+36
1058.5819236550717,5.22785986458012e+36
1058.363452593255,5.2372798464074284e+36
1058.1450716893287,5.2355219610506975e+36
1057.9267808874947,5.236610599316227e+36
1057.708580132002,5.223025301221463e+36
1057.490469367145,5.225888651961606e+36
1057.2724485372635,5.21655905770709e+36
1057.0545175867444,5.2226542028594105e+36
1056.8366764600198,5.205272703934324e+36
1056.6189251015674,5.2007010630273777e+36
1056.401263455911,5.197798614142806e+36
1056.18369146762,5.184276343952744e+36
1055.9662090813094,5.170678117910945e+36
1055.7488162416398,5.098959372035401e+36
1055.5315128933173,5.0434393501991897e+36
1055.314298981094,4.9968127146840344e+36
1055.097174449767,4.933589712887206e+36
1054.8801392441783,4.887158303951764e+36
1054.6631933092167,4.8291755524829904e+36
1054.446336589815,4.768212672875778e+36
1054.2295690309522,4.7359430418978296e+36
1054.0128905776517,4.6897191098189335e+36
1053.7963011749828,4.6413029506681e+36
1053.5798007680596,4.6099338933712483e+36
1053.3633893020415,4.56535685212097e+36
1053.1470667221324,4.516467328778913e+36
1052.930832973582,4.481441251941613e+36
1052.7146880016842,4.4425020621037894e+36
1052.4986317517787,4.404193811302517e+36
1052.282664169249,4.353229507678129e+36
1052.0667851995245,4.3259344261142535e+36
1051.8509947880782,4.2889868358253574e+36
1051.635292880429,4.2503433482522873e+36
1051.4196794221398,4.225133589106944e+36
1051.204154358818,4.1838119986332807e+36
1050.9887176361162,4.1516525304724904e+36
1050.773369199731,4.121681068796961e+36
1050.5581089954037,4.0895460236211674e+36
1050.3429369689204,4.049744120601641e+36
1050.1278530661107,4.0251549972083845e+36
1049.9128572328495,3.988050483545071e+36
1049.6979494150557,3.957173439037504e+36
1049.4831295586923,3.939945721184886e+36
1049.2683976097665,3.9145909750678514e+36
1049.05375351433,3.895037171111957e+36
1048.8391972184784,3.869473825553598e+36
1048.6247286683515,3.8517870173343715e+36
1048.4103478101329,3.832434059978716e+36
1048.1960545900504,3.81730835576232e+36
1047.9818489543761,3.8034338721114144e+36
1047.7677308494253,3.771070398732132e+36
1047.5537002215576,3.7509388790841585e+36
1047.3397570171765,3.7270713383124417e+36
1047.1259011827287,3.7052295867086046e+36
1046.9121326647055,3.6900585220312515e+36
1046.6984514096412,3.670943111476105e+36
1046.4848573641139,3.6422095161912656e+36
1046.2713504747455,3.6204353188545245e+36
1046.0579306882014,3.5957952455959904e+36
1045.8445979511903,3.5817303418793747e+36
1045.6313522104647,3.550434825073585e+36
1045.41819341282,3.5264459145065754e+36
1045.2051215050953,3.5062529380470134e+36
1044.9921364341733,3.4790161643498644e+36
1044.7792381469794,3.4618783869256583e+36
1044.566426590483,3.4472606196876695e+36
1044.3537017116957,3.4375262172377227e+36
1044.141063457673,3.423927409844497e+36
1043.9285117755137,3.4172815116658457e+36
1043.7160466123587,3.3953497521328546e+36
1043.5036679153927,3.3984723864458496e+36
1043.2913756318433,3.388037827602681e+36
1043.0791697089808,3.3726721997123907e+36
1042.8670500941187,3.3573695534065835e+36
1042.655016734613,3.3595652839379374e+36
1042.4430695778626,3.349072620903681e+36
1042.2312085713095,3.3290055778317036e+36
1042.0194336624377,3.3296092633645604e+36
1041.8077447987748,3.3109669929710396e+36
1041.5961419278901,3.2947926730023515e+36
1041.3846249973965,3.290080442669759e+36
1041.1731939549484,3.2801227038633424e+36
1040.9618487482433,3.266493505349653e+36
1040.750589325021,3.2537290875566834e+36
1040.5394156330642,3.243238249373459e+36
1040.328327620197,3.23290130038443e+36
1040.1173252342865,3.2126867417042754e+36
1039.9064084232418,3.213960513047968e+36
1039.695577135015,3.1988412541603905e+36
1039.484831317599,3.204281225185155e+36
1039.27417091903,3.2093631533215335e+36
1039.0635958873863,3.204337553365475e+36
1038.8531061707874,3.19583319944537e+36
1038.6427017173958,3.1956279372533714e+36
1038.4323824754151,3.199875111428541e+36
1038.2221483930916,3.205200164345216e+36
1038.0119994187132,3.2026742144066243e+36
1037.8019355006097,3.20385833860794e+36
1037.5919565871525,3.1982039679372716e+36
1037.3820626267552,3.1956369378210597e+36
1037.1722535678725,3.2051766167499126e+36
1036.9625293590016,3.202456798094482e+36
1036.7528899486806,3.1953917574852974e+36
1036.54333528549,3.189941824924954e+36
1036.3338653180508,3.199781444590338e+36
1036.1244799950266,3.1948022650216075e+36
1035.9151792651217,3.1976034808826124e+36
1035.7059630770825,3.194312883301351e+36
1035.496831379696,3.188041839230603e+36
1035.2877841217912,3.1817250034186825e+36
1035.0788212522384,3.1829569525950075e+36
1034.8699427199488,3.1835179731035714e+36
1034.6611484738748,3.1706895559575454e+36
1034.4524384630106,3.178278910155967e+36
1034.2438126363909,3.1853603955896284e+36
1034.0352709430917,3.1688357732844287e+36
1033.8268133322306,3.1731830895419986e+36
1033.618439752965,3.180620146613434e+36
1033.4101501544949,3.1676830925569577e+36
1033.2019444860593,3.1699631788295683e+36
1032.9938226969402,3.177228821979877e+36
1032.785784736459,3.1704174393670625e+36
1032.577830553978,3.1836598758787186e+36
1032.3699600989012,3.1915335075946945e+36
1032.162173320672,3.198394989155467e+36
1031.9544701687762,3.213349693810237e+36
1031.7468505927386,3.217247023363971e+36
1031.5393145421253,3.228360443402079e+36
1031.3318619665436,3.2473303367568975e+36
1031.12449281564,3.243006323751434e+36
1030.9172070391028,3.253830468069564e+36
1030.7100045866596,3.2608046595030556e+36
1030.502885408079,3.2715237867393096e+36
1030.2958494531704,3.26800301584195e+36
1030.0888966717828,3.2726549750028605e+36
1029.8820270138056,3.268976280876368e+36
1029.6752404291685,3.27213980230166e+36
1029.468536867842,3.2676161060670815e+36
1029.2619162798358,3.272244796432797e+36
1029.0553786152002,3.2712201772146386e+36
1028.8489238240256,3.2761918655068217e+36
1028.6425518564427,3.254860436747114e+36
1028.4362626626214,3.240093008636514e+36
1028.2300561927725,3.2223101695805747e+36
1028.0239323971462,3.2109390357012584e+36
1027.8178912260325,3.200721218048021e+36
1027.6119326297617,3.186826420375835e+36
1027.4060565587033,3.173179377475398e+36
1027.2002629632673,3.160168482494545e+36
1026.9945517939027,3.1522614268428036e+36
1026.7889230010987,3.1428179285156624e+36
1026.5833765353836,3.142435125404468e+36
1026.3779123473262,3.128073127499751e+36
1026.1725303875342,3.111771816640067e+36
1025.9672306066543,3.11087405554607e+36
1025.762012955374,3.102095546633654e+36
1025.5568773844197,3.0905823775202564e+36
1025.3518238445565,3.083740977937166e+36
1025.14685228659,3.071802807844631e+36
1024.9419626613642,3.062102709444299e+36
1024.737154919763,3.065339212784657e+36
1024.5324290127091,3.0557617340428155e+36
1024.327784891165,3.046493479201449e+36
1024.123222506132,3.050331944201559e+36
1023.9187418086501,3.049917580939293e+36
1023.714342749799,3.0391272754814334e+36
1023.5100252806976,3.02648437103185e+36
1023.3057893525032,3.030367120664706e+36
1023.1016349164125,3.0132990126143606e+36
1022.8975619236611,3.0123462973345744e+36
1022.6935703255233,3.012330289667573e+36
1022.4896600733125,3.0025831708289324e+36
1022.2858311183808,2.999491724270682e+36
1022.0820834121188,2.998627621731447e+36
1021.8784169059566,3.008415623935037e+36
1021.6748315513622,3.01601600521415e+36
1021.4713272998426,3.020807290045169e+36
1021.2679041029438,3.0303365977292656e+36
1021.0645619122497,3.042205716450125e+36
1020.8613006793832,3.050020138797803e+36
1020.6581203560055,3.0636416185545164e+36
1020.4550208938166,3.0674607285547444e+36
1020.2520022445544,3.0695883761620776e+36
1020.0490643599957,3.0656454573970584e+36
1019.8462071919555,3.058200170522316e+36
1019.6434306922869,3.0701862138987016e+36
1019.4407348128817,3.072721708727448e+36
1019.2381195056695,3.082043146248556e+36
1019.0355847226184,3.0869015220364237e+36
1018.8331304157348,3.087919199997663e+36
1018.6307565370629,3.097136359703304e+36
1018.428463038685,3.102157642879048e+36
1018.2262498727217,3.101400574238722e+36
1018.0241169913315,3.110172029039473e+36
1017.8220643467109,3.11995649594271e+36
1017.6200918910943,3.128148507458903e+36
1017.4181995767541,3.132286516367327e+36
1017.2163873560003,3.139001771693115e+36
1017.0146551811811,3.1410071050843856e+36
1016.8130030046824,3.1475675403837945e+36
1016.6114307789276,3.1621737267489067e+36
1016.4099384563782,3.1589526011315204e+36
1016.2085259895331,3.1736111832492646e+36
1016.0071933309288,3.181154492873825e+36
1015.8059404331397,3.184549461291162e+36
1015.6047672487775,3.1669809949209203e+36
1015.4036737304915,3.1555025345602054e+36
1015.2026598309687,3.1410795489101676e+36
1015.0017255029334,3.133326843687704e+36
1014.800870699147,3.113459305821414e+36
1014.600095372409,3.103290902996057e+36
1014.3993994755555,3.095698357254629e+36
1014.1987829614604,3.07609389961762e+36
1013.9982457830347,3.0674774372899145e+36
1013.7977878932268,3.0603651950551093e+36
1013.5974092450219,3.0388489209546334e+36
1013.3971097914429,3.032461367031986e+36
1013.1968894855493,3.021395772003898e+36
1012.9967482804379,3.0028887177955586e+36
1012.796686129243,2.998228771447071e+36
1012.596702985135,2.993329328401748e+36
1012.3967988013222,2.998445828869577e+36
1012.1969735310491,3.000569769115453e+36
1011.9972271275976,2.998265790982118e+36
1011.7975595442864,3.0010496796531753e+36
1011.5979707344708,2.993000173746671e+36
1011.3984606515429,2.997980455402856e+36
1011.1990292489319,2.996545380307314e+36
1010.9996764801034,2.9922838298770204e+36
1010.80040229856,2.992152953688828e+36
1010.6012066578406,2.9930778713889736e+36
1010.4020895115211,2.9999083961056036e+36
1010.2030508132135,2.991029469679413e+36
1010.0040905165666,2.988049516442682e+36
1009.8052085752659,2.9802116943119246e+36
1009.6064049430329,2.9734862702881195e+36
1009.4076795736262,2.963974418694299e+36
1009.2090324208401,2.9622298286598124e+36
1009.0104634385059,2.9486988737504114e+36
1008.8119725804906,2.936478699646167e+36
1008.613559800698,2.930090833784674e+36
1008.4152250530678,2.925397126439671e+36
1008.2169682915763,2.9194980348588585e+36
1008.0187894702357,2.9078635644857e+36
1007.8206885430943,2.900666760078507e+36
1007.622665464237,2.8979672710851346e+36
1007.4247201877839,2.881032154783827e+36
1007.2268526678921,2.882830698657006e+36
1007.0290628587541,2.875371446424647e+36
1006.8313507145986,2.870557828940807e+36
1006.6337161896901,2.8601702468709405e+36
1006.4361592383291,2.851480804497945e+36
1006.238679814852,2.8496125136982665e+36
1006.0412778736311,2.8526074885580826e+36
1005.8439533690743,2.851738306223986e+36
1005.6467062556253,2.846964890404932e+36
1005.4495364877637,2.844811614374868e+36
1005.2524440200045,2.842512608764805e+36
1005.0554288068987,2.845296060673878e+36
1004.8584908030327,2.8434154057251046e+36
1004.6616299630284,2.844164152271377e+36
1004.4648462415436,2.8357354401028724e+36
1004.2681395932715,2.8382043908944786e+36
1004.0715099729402,2.8395719562679046e+36
1003.8749573353143,2.8267819063416796e+36
1003.6784816351931,2.830128437921936e+36
1003.4820828274111,2.82999382377111e+36
1003.2857608668388,2.828234666127857e+36
1003.0895157083818,2.8228037416652744e+36
1002.8933473069806,2.8210642024725715e+36
1002.6972556176113,2.818659139057126e+36
1002.5012405952851,2.814550958412563e+36
1002.3053021950486,2.816842507150579e+36
1002.1094403719829,2.810174771829154e+36
1001.913655081205,2.8077456680102773e+36
1001.7179462778665,2.810021572246493e+36
1001.5223139171541,2.801884434799494e+36
1001.3267579542894,2.8023963781578335e+36
1001.1312783445293,2.7959121560124976e+36
1000.9358750431653,2.792751953580571e+36
1000.740548005524,2.7865396989054695e+36
1000.545297186967,2.7831792442279935e+36
1000.35012254289,2.775672121245685e+36
1000.1550240287244,2.766150187020685e+36
999.960001599936,2.763497645920558e+36
999.7650552120251,2.7566684760968994e+36
999.5701848205272,2.751607340440573e+36
999.3753903810119,2.735072637375029e+36
999.1806718490838,2.723134870121173e+36
998.9860291803819,2.7175360396120904e+36
998.7914623305801,2.707086203165641e+36
998.596971255386,2.69152881112593e+36
998.4025559105431,2.688528921694314e+36
998.208216251828,2.675909081906268e+36
998.0139522350522,2.668266152144461e+36
997.8197638160618,2.6571534632966322e+36
997.6256509507373,2.641115872974304e+36
997.4316135949929,2.6263516625397355e+36
997.2376517047777,2.608400079573218e+36
997.0437652360749,2.5869874305621417e+36
996.8499541449021,2.569204297188778e+36
996.6562183873106,2.5516999321242142e+36
996.4625579193861,2.5402144739008084e+36
996.2689726972488,2.529391155613886e+36
996.0754626770524,2.5187590775416818e+36
995.882027814985,2.5052310924148227e+36
995.6886680672686,2.4940495892970986e+36
995.4953833901595,2.4841928778660612e+36
995.3021737399474,2.4726114439125082e+36
995.1090390729564,2.4564355339632448e+36
994.9159793455443,2.4468303431725885e+36
994.7229945141027,2.436182576422376e+36
994.5300845350572,2.4171936711864053e+36
994.337249364867,2.4085953173038748e+36
994.1444889600255,2.378866911230782e+36
993.9518032770592,2.3574822519727922e+36
993.7591922725285,2.331072485233033e+36
993.5666559030278,2.3034339452184502e+36
993.374194125185,2.2775516511891828e+36
993.1818068956612,2.2511489483991525e+36
992.9894941711517,2.2305409289131798e+36
992.7972559083846,2.19862072879173e+36
992.6050920641223,2.1728584515174324e+36
992.41300259516,2.141069838852886e+36
992.2209874583267,2.1161677260382197e+36
992.0290466104848,2.0823609121188457e+36
991.8371800085298,2.059456090244939e+36
991.6453876093909,2.0392902691316375e+36
991.4536693700303,2.0257324435187874e+36
991.2620252474437,2.007548289040055e+36
991.07045519866,1.9907205648459045e+36
990.8789591807412,1.974896943084699e+36
990.6875371507826,1.9560321162904326e+36
990.4961890659125,1.9390247714914003e+36
990.3049148832926,1.921739610456151e+36
990.1137145601172,1.9019189257376713e+36
989.9225880536143,1.8843424924310058e+36
989.7315353210441,1.8678542383889868e+36
989.5405563197007,1.8576554866226282e+36
989.3496510069106,1.8651603757018333e+36
989.1588193400332,1.86674653712486e+36
988.968061276461,1.8707649267820985e+36
988.7773767736194,1.8773027858184175e+36
988.5867657889663,1.8797545272373892e+36
988.3962282799929,1.882849195105876e+36
988.2057642042226,1.8879274323161858e+36
988.015373519212,1.8899958184808792e+36
987.82505618255,1.89746983231984e+36
987.6348121518588,1.9035979519080226e+36
987.4446413847922,1.904312862278656e+36
987.2545438390381,1.9017423498464822e+36
987.0645194723153,1.8862639893711217e+36
986.8745682423763,1.873367646041323e+36
986.6846901070058,1.8497487065699698e+36
986.4948850240211,1.8343319897619673e+36
986.3051529512715,1.8127477192318487e+36
986.1154938466393,1.8023788558765167e+36
985.9259076680387,1.787418025009905e+36
985.7363943734167,1.783246685652009e+36
985.5469539207521,1.7694339099195127e+36
985.3575862680567,1.7644180029092067e+36
985.1682913733738,1.752277845453179e+36
984.9790691947795,1.7384860553259502e+36
984.789919690382,1.7359203924440434e+36
984.6008428183214,1.7254223445691774e+36
984.4118385367702,1.7145408137856005e+36
984.2229068039329,1.7060679060746386e+36
984.0340475780462,1.693015203486202e+36
983.8452608173786,1.688648290999517e+36
983.6565464802309,1.675480530657009e+36
983.4679045249358,1.6630821583044436e+36
983.2793349098578,1.6560993262661746e+36
983.0908375933936,1.6459353646918136e+36
982.9024125339715,1.6412360816447342e+36
982.714059690052,1.6282460130380498e+36
982.525779020127,1.614570748099305e+36
982.3375704827207,1.6053252068551266e+36
982.1494340363886,1.5923611700941646e+36
981.9613696397184,1.5761915778113088e+36
981.7733772513291,1.5673304682770443e+36
981.5854568298716,1.5573163836535944e+36
981.3976083340285,1.5456444857747804e+36
981.2098317225139,1.5430355963149932e+36
981.0221269540733,1.5348482921233347e+36
980.8344939874845,1.5187192713566025e+36
980.646932781556,1.5104216957308554e+36
980.459443295128,1.5084848002218234e+36
980.2720254870726,1.497608587390714e+36
980.0846793162929,1.4883696971167924e+36
979.8974047417234,1.4828988800934027e+36
979.7102017223305,1.474314871901612e+36
979.5230702171112,1.468905547080062e+36
979.3360101850944,1.4563096035363306e+36
979.1490215853402,1.4576603220445464e+36
978.9621043769396,1.4509860361304547e+36
978.7752585190151,1.445544682142658e+36
978.5884839707205,1.4348059398600175e+36
978.4017806912408,1.434021783117092e+36
978.2151486397919,1.4285867959681722e+36
978.0285877756206,1.4216743366911948e+36
977.8420980580056,1.4155356292452504e+36
977.6556794462558,1.4087929489758673e+36
977.4693318997116,1.410907758811155e+36
977.2830553777443,1.401662773306305e+36
977.0968498397561,1.3965098772957828e+36
976.9107152451802,1.392124443267666e+36
976.7246515534806,1.380717043171679e+36
976.5386587241522,1.3740822052659062e+36
976.352736716721,1.370015064454088e+36
976.1668854907434,1.3655798960049763e+36
975.9811050058071,1.3609835218583052e+36
975.7953952215299,1.3576740546807804e+36
975.6097560975609,1.351892370866349e+36
975.4241875935797,1.3461975778119387e+36
975.2386896692965,1.343091577146689e+36
975.0532622844522,1.335174941676004e+36
974.8679053988184,1.3322467866926497e+36
974.6826189721971,1.3257639129401724e+36
974.4974029644211,1.3219889988691715e+36
974.3122573353534,1.3215278596861329e+36
974.1271820448878,1.3160709764951089e+36
973.9421770529483,1.3123006913768304e+36
973.7572423194897,1.3044645499855723e+36
973.5723778044969,1.2999073305738518e+36
973.3875834679853,1.2933763984828623e+36
973.2028592700005,1.2942751505879797e+36
973.0182051706188,1.28962904044557e+36
972.8336211299463,1.286878934983147e+36
972.6491071081196,1.2835802569345909e+36
972.4646630653058,1.276628052534423e+36
972.2802889617018,1.2744840576897412e+36
972.095984757535,1.2737371739870682e+36
971.9117504130625,1.2664087030058529e+36
971.727585888572,1.263381088036019e+36
971.543491144381,1.2556934635277792e+36
971.3594661408373,1.2489222100472488e+36
971.1755108383187,1.2410593834907756e+36
970.9916251972326,1.2392248025476032e+36
970.807809178017,1.2301034650685331e+36
970.6240627411394,1.2217119058378968e+36
970.4403858470973,1.2120031699449886e+36
970.2567784564184,1.2043628117309876e+36
970.07324052966,1.1977483166024157e+36
969.8897720274091,1.1898400677496344e+36
969.7063729102827,1.181183621871022e+36
969.5230431389277,1.1761434353555582e+36
969.3397826740207,1.1713120378864946e+36
969.1565914762677,1.1610605581524839e+36
968.9734695064049,1.1553300087681206e+36
968.7904167251977,1.14835820837813e+36
968.6074330934415,1.1422109013252021e+36
968.4245185719611,1.1364482399985829e+36
968.2416731216111,1.1351772569700328e+36
968.0588967032754,1.127323186334435e+36
967.8761892778675,1.1218701342805039e+36
967.6935508063306,1.1184915190217329e+36
967.5109812496372,1.117086050704347e+36
967.328480568789,1.1128579043573936e+36
967.1460487248179,1.111483433149478e+36
966.9636856787843,1.1094533047649161e+36
966.7813913917785,1.1097104050733535e+36
966.5991658249199,1.106316812745552e+36
966.4170089393573,1.1047160597225195e+36
966.2349206962689,1.1051170541223631e+36
966.0529010568617,1.099506728733426e+36
965.8709499823728,1.0958150841115105e+36
965.6890674340676,1.0966279429979227e+36
965.507253373241,1.092897206058792e+36
965.3255077612171,1.0922469194876976e+36
965.1438305593491,1.0910712060750706e+36
964.9622217290192,1.084284119101279e+36
964.780681231639,1.0837504666721608e+36
964.5992090286486,1.0856756185852911e+36
964.4178050815174,1.0804977818815805e+36
964.2364693517437,1.0771617801230508e+36
964.0552018008551,1.0770281718172553e+36
963.8740023904074,1.0759915620466611e+36
963.6928710819861,1.0745285714492175e+36
963.5118078372051,1.0698180960947774e+36
963.3308126177069,1.0654309310166487e+36
963.1498853851637,1.069973027792379e+36
962.9690261012755,1.0613515977564658e+36
962.7882347277715,1.0586508977796902e+36
962.6075112264101,1.05863475981472e+36
962.4268555589774,1.0589306956486761e+36
962.2462676872891,1.0507893565781917e+36
962.0657475731891,1.0480133847781386e+36
961.8852951785499,1.0473527082725865e+36
961.7049104652727,1.0403822152024217e+36
961.5245933952875,1.0370775689467894e+36
961.3443439305526,1.0359334866111764e+36
961.1641620330544,1.0249186887888827e+36
960.9840476648088,1.0243067527918447e+36
960.8040007878592,1.0192123467372199e+36
960.6240213642783,1.009728133444946e+36
960.4441093561663,1.009971622672947e+36
960.2642647256524,1.0034402776766348e+36
960.0844874348943,9.961913656101087e+35
959.9047774460773,9.942462524695177e+35
959.7251347214158,9.899544366584248e+35
959.5455592231519,9.831365791779905e+35
959.3660509135563,9.77077664856109e+35
959.1866097549278,9.699482973722343e+35
959.0072357095934,9.659835386732773e+35
958.8279287399083,9.5518300541595e+35
958.6486888082559,9.537722642706579e+35
958.4695158770475,9.517880364740036e+35
958.2904099087228,9.51469816499182e+35
958.1113708657494,9.441908020124707e+35
957.9323987106229,9.443943900951335e+35
957.7534934058672,9.412281366178233e+35
957.5746549140338,9.420396792752015e+35
957.3958831977021,9.394232966214674e+35
957.2171782194803,9.356599658119511e+35
957.0385399420035,9.29404004639961e+35
956.859968327935,9.235855734370519e+35
956.6814633399663,9.193604022865324e+35
956.5030249408163,9.146109596265771e+35
956.3246530932321,9.12468262229844e+35
956.1463477599881,9.057267126360178e+35
955.968108903887,9.007173318898409e+35
955.7899364877587,8.969412365977863e+35
955.6118304744613,8.943580167634335e+35
955.4337908268801,8.94798341219128e+35
955.2558175079286,8.86791280219901e+35
955.0779104805475,8.887936277149723e+35
954.900069707705,8.827584386806936e+35
954.7222951523976,8.807287385940635e+35
954.5445867776484,8.794726718776857e+35
954.3669445465086,8.757948268315214e+35
954.189368422057,8.731974878716732e+35
954.0118583673994,8.748163904862368e+35
953.8344143456695,8.682803457409916e+35
953.6570363200282,8.652341980049281e+35
953.4797242536637,8.683225252024396e+35
953.3024781097919,8.6259868878497e+35
953.1252978516555,8.560796228034748e+35
952.9481834425252,8.566010700066138e+35
952.7711348456986,8.536493025429273e+35
952.5941520245007,8.45394777023857e+35
952.4172349422835,8.470663984957277e+35
952.2403835624265,8.485995193646651e+35
952.0635978483363,8.422777821834085e+35
951.8868777634465,8.404261468164388e+35
951.7102232712183,8.336020299146626e+35
951.5336343351396,8.297059448466169e+35
951.3571109187257,8.318115153554187e+35
951.1806529855182,8.23957419821741e+35
951.0042604990871,8.19268624817043e+35
950.8279334230281,8.129365026953147e+35
950.6516717209646,8.063575504278882e+35
950.4754753565471,8.012736527577995e+35
950.2993442934525,7.997790542092199e+35
950.1232784953847,7.951046927981566e+35
949.947277926075,7.881087374116313e+35
949.7713425492813,7.861805581227514e+35
949.595472328788,7.811598876426719e+35
949.4196672284066,7.747127317629755e+35
949.2439272119756,7.707469436857535e+35
949.06825224336,7.646273079413122e+35
948.8926422864517,7.615737325932902e+35
948.7170973051691,7.559555110333759e+35
948.5416172634574,7.509213072722116e+35
948.3662021252886,7.470829626386911e+35
948.1908518546613,7.403747646354178e+35
948.0155664156006,7.390134568122614e+35
947.8403457721581,7.356280171434614e+35
947.6651898884124,7.298966154182966e+35
947.4900987284683,7.246766862786557e+35
947.3150722564571,7.205093773786496e+35
947.1401104365369,7.170182328504401e+35
946.9652132328919,7.13591088596245e+35
946.7903806097329,7.10857916983265e+35
946.6156125312974,7.058553494865872e+35
946.4409089618489,6.997472074371011e+35
946.2662698656775,6.97296027381052e+35
946.0916952070994,6.954596603501801e+35
945.9171849504576,6.87839248322206e+35
945.7427390601208,6.8489267072731e+35
945.5683575004845,6.805770704958579e+35
945.3940402359704,6.741794933715902e+35
945.2197872310259,6.733523656105626e+35
945.0455984501252,6.691911313532471e+35
944.8714738577685,6.645600690838741e+35
944.697413418482,6.600096937583876e+35
944.5234170968183,6.583028223170384e+35
944.349484857356,6.531053720202599e+35
944.1756166646996,6.5072569896362335e+35
944.00181248348,6.480129711889382e+35
943.8280722783537,6.464830796786676e+35
943.6543960140037,6.426149587398586e+35
943.4807836551389,6.432328482101997e+35
943.3072351664937,6.384286930653924e+35
943.1337505128289,6.3834749364670494e+35
942.9603296589312,6.359299783296811e+35
942.786972569613,6.332135243323098e+35
942.6136792097126,6.3053809070685e+35
942.4404495440943,6.31256280958755e+35
942.2672835376482,6.320080881183323e+35
942.09418115529,6.355116740588433e+35
941.9211423619614,6.3358764884076095e+35
941.7481671226298,6.3490364624527864e+35
941.5752554022879,6.335709439235318e+35
941.4024071659551,6.3970238882001994e+35
941.2296223786755,6.362264067008285e+35
941.0569010055192,6.40157134226796e+35
940.8842430115823,6.3660939339134454e+35
940.7116483619858,6.4449887354590894e+35
940.5391170218769,6.444838086416673e+35
940.3666489564281,6.467041833365293e+35
940.1942441308374,6.5205702590113946e+35
940.0219025103285,6.496077756946936e+35
939.8496240601503,6.502833348474766e+35
939.6774087455776,6.510726072828961e+35
939.5052565319103,6.509306417611179e+35
939.3331673844738,6.53228834160989e+35
939.1611412686188,6.5285235352020616e+35
938.9891781497217,6.553817042859971e+35
938.8172779931842,6.583497212424133e+35
938.6454407644328,6.6065693624566054e+35
938.47366642892,6.622259317265216e+35
938.3019549521231,6.618593753920367e+35
938.130306299545,6.602803684825826e+35
937.9587204367136,6.653922755287067e+35
937.7871973291819,6.693779819137852e+35
937.6157369425289,6.708256887776005e+35
937.4443392423574,6.727179017970867e+35
937.2730041942966,6.744662050728038e+35
937.1017317640002,6.781793199738125e+35
936.9305219171473,6.7967998283832e+35
936.7593746194415,6.82390263248252e+35
936.5882898366121,6.85347683907159e+35
936.4172675344133,6.87327035899621e+35
936.246307678624,6.905371049663128e+35
936.0754102350485,6.924670351380116e+35
935.9045751695157,6.94224451317973e+35
935.7338024478795,6.949438226858133e+35
935.5630920360192,6.950034161929229e+35
935.3924438998381,6.947472878708743e+35
935.2218580052653,6.927003189799699e+35
935.051334318254,6.889450948146003e+35
934.8808728047828,6.855899629875631e+35
934.7104734308548,6.874751602032336e+35
934.5401361624978,6.856499613567992e+35
934.3698609657646,6.813482487924273e+35
934.1996478067327,6.841377177790161e+35
934.0294966515042,6.842661040365504e+35
933.859407466206,6.83217427399795e+35
933.6893802169893,6.802774462152989e+35
933.5194148700307,6.825311224509853e+35
933.3495113915308,6.810850758794473e+35
933.1796697477148,6.801726174447347e+35
933.009889904833,6.79432983780581e+35
932.8401718291597,6.81801465561482e+35
932.6705154869938,6.792213522118091e+35
932.5009208446593,6.779049080102563e+35
932.331387868504,6.829826023532726e+35
932.1619165249003,6.858251166722291e+35
931.9925067802454,6.829718451619071e+35
931.8231586009607,6.882657217803424e+35
931.6538719534918,6.919206830241061e+35
931.484646804309,6.938988858387933e+35
931.3154831199068,6.973705883143285e+35
931.1463808668042,6.997210321903018e+35
930.9773400115441,7.039711496285171e+35
930.8083605206941,7.014982492246718e+35
930.6394423608461,7.04205514606847e+35
930.470585498616,7.053218969866632e+35
930.3017899006437,7.053542086376384e+35
930.1330555335941,7.057480743580291e+35
929.9643823641554,7.060168148835432e+35
929.7957703590406,7.07736553750144e+35
929.6272194849865,7.078154799805952e+35
929.458729708754,7.112624710326623e+35
929.2903009971285,7.154513895914685e+35
929.1219333169188,7.159490818234204e+35
928.9536266349584,7.199542219752327e+35
928.7853809181042,7.257644714478427e+35
928.6171961332379,7.269145482386012e+35
928.4490722472646,7.28520915153616e+35
928.2810092271133,7.31651588310986e+35
928.1130070397371,7.339539697124293e+35
927.9450656521133,7.336580724732957e+35
927.7771850312429,7.267624091962586e+35
927.6093651441504,7.232132433601513e+35
927.4416059578849,7.15823045322304e+35
927.2739074395186,7.131351474069854e+35
927.1062695561478,7.086775145118813e+35
926.9386922748929,7.008603791109804e+35
926.7711755628976,6.964670590756744e+35
926.6037193873296,6.900042658665015e+35
926.4363237153802,6.873450283315934e+35
926.2689885142645,6.791082249734383e+35
926.1017137512212,6.759677122237976e+35
925.9344993935129,6.662800277681747e+35
925.7673454084253,6.6122523832870976e+35
925.6002517632685,6.572489992847454e+35
925.4332184253753,6.536344662964346e+35
925.266245362103,6.528279215136642e+35
925.0993325408315,6.497531831672768e+35
924.9324799289652,6.49896913900891e+35
924.7656874939312,6.4294336424136836e+35
924.5989552031805,6.401397149025221e+35
924.4322830241878,6.35661771156254e+35
924.2656709244505,6.3218663306599296e+35
924.0991188714902,6.2722671218250805e+35
923.9326268328513,6.239617000504764e+35
923.7661947761022,6.1651597465980236e+35
923.599822668834,6.125546311800507e+35
923.4335104786617,6.0794265882921535e+35
923.2672581732234,6.040949249365528e+35
923.1010657201804,5.982862754898326e+35
922.9349330872172,5.915775230426953e+35
922.7688602420423,5.904231739841263e+35
922.6028471523863,5.834221291806061e+35
922.4368937860039,5.792077179431277e+35
922.2710001106725,5.7130580306946526e+35
922.105166094193,5.637760370021266e+35
921.9393917043893,5.558867884731318e+35
921.7736769091085,5.509158856613158e+35
921.6080216762207,5.471590383189813e+35
921.442425973619,5.4400898612901265e+35
921.2768897692201,5.4251252339046766e+35
921.1114130309631,5.3953258428035e+35
920.9459957268106,5.3910519984524026e+35
920.7806378247478,5.373479278159115e+35
920.6153392927832,5.339407619358245e+35
920.4501000989484,5.3334786116802884e+35
920.2849202112974,5.29488012343195e+35
920.1197995979076,5.269956166272306e+35
919.9547382268793,5.245604146585929e+35
919.7897360663352,5.2452259671503845e+35
919.6247930844215,5.212371807149964e+35
919.459909249307,5.212672863332148e+35
919.295084529183,5.199294158125592e+35
919.1303188922641,5.228768487631028e+35
918.9656123067874,5.234320336369922e+35
918.800964741013,5.230283628278161e+35
918.6363761632233,5.215996961254614e+35
918.471846541724,5.222698413100796e+35
918.3073758448428,5.205630727671878e+35
918.1429640409308,5.213152542268044e+35
917.9786110983613,5.213188574036861e+35
917.8143169855307,5.228978095722172e+35
917.6500816708572,5.246704890273443e+35
917.4859051227825,5.209393919268298e+35
917.3217873097705,5.247911556092838e+35
917.1577282003071,5.266057373264244e+35
916.9937277629022,5.290621753431115e+35
916.8297859660864,5.258153948859397e+35
916.6659027784143,5.257001630784239e+35
916.5020781684623,5.25964549354847e+35
916.3383121048291,5.24327050703064e+35
916.1746045561363,5.2350878452214e+35
916.0109554910276,5.238757749823971e+35
915.8473648781694,5.260946433923984e+35
915.6838326862501,5.260569355475498e+35
915.5203588839806,5.238079154905549e+35
915.3569434400944,5.26225297251528e+35
915.193586323347,5.264862255063163e+35
915.0302875025162,5.2701001889451804e+35
914.8670469464024,5.278850131342266e+35
914.7038646238279,5.279397331647959e+35
914.5407405036375,5.318160911233398e+35
914.3776745546979,5.2988439135499476e+35
914.2146667458985,5.303721151398987e+35
914.0517170461504,5.328358379638847e+35
913.8888254243872,5.3205730797898005e+35
913.7259918495641,5.326586791131795e+35
913.5632162906593,5.351317002915026e+35
913.4004987166724,5.343554177283043e+35
913.2378390966251,5.3645979768402824e+35
913.0752373995616,5.3790939863541e+35
912.912693594548,5.3893338651424485e+35
912.7502076506721,5.4085274839795424e+35
912.5877795370442,5.429271611927986e+35
912.4254092227959,5.411522134999867e+35
912.2630966770816,5.397536869675291e+35
912.1008418690769,5.417294179136596e+35
911.93864476798,5.424389767836786e+35
911.7765053430103,5.435028302157897e+35
911.6144235634096,5.474795547313199e+35
911.4523993984413,5.47190811592542e+35
911.2904328173911,5.457280501282947e+35
911.1285237895657,5.497550754293441e+35
910.9666722842945,5.538160037601063e+35
910.8048782709279,5.5520553673953906e+35
910.6431417188389,5.557696539662399e+35
910.4814625974215,5.58056063679318e+35
910.3198408760918,5.608160711383225e+35
910.1582765242875,5.61063765765323e+35
909.9967695114682,5.632836114265582e+35
909.835319807115,5.653500818907755e+35
909.6739273807303,5.636388725627975e+35
909.512592201839,5.642763667860165e+35
909.3513142399868,5.656390311165899e+35
909.1900934647415,5.63568382733469e+35
909.0289298456922,5.648822553610043e+35
908.8678233524498,5.631497020603254e+35
908.7067739546465,5.63250257128185e+35
908.5457816219359,5.637003680351081e+35
908.3848463239937,5.631665337283945e+35
908.2239680305163,5.632556897687e+35
908.0631467112223,5.6334628199709875e+35
907.9023823358511,5.660948652685562e+35
907.7416748741642,5.690271281508218e+35
907.5810242959441,5.6874069886963e+35
907.4204305709943,5.702652711975996e+35
907.2598936691404,5.722444136997837e+35
907.0994135602291,5.7514733171380666e+35
906.9389902141282,5.770077930481776e+35
906.7786236007272,5.792857947463218e+35
906.6183136899365,5.825426983994642e+35
906.458060451688,5.843169994709891e+35
906.2978638559348,5.861891972951114e+35
906.1377238726513,5.8565976262786464e+35
905.9776404718331,5.824360317347479e+35
905.8176136234969,5.81758022452215e+35
905.6576432976806,5.7645053797979e+35
905.4977294644434,5.760238032410171e+35
905.3378720938655,5.7343981100024244e+35
905.1780711560482,5.7294327189054056e+35
905.018326621114,5.7072638445058224e+35
904.8586384592066,5.681935105044751e+35
904.6990066404906,5.65111491081553e+35
904.5394311351517,5.6348197854654624e+35
904.3799119133965,5.631119892358933e+35
904.2204489454529,5.617878951806737e+35
904.0610422015694,5.599787881098573e+35
903.9016916520159,5.591855331509761e+35
903.7423972670829,5.5758227410015856e+35
903.5831590170822,5.559343199025633e+35
903.4239768723462,5.535048676641436e+35
903.2648508032281,5.5224740458371736e+35
903.1057807801027,5.506891397304269e+35
902.9467667733649,5.466725128347741e+35
902.7878087534306,5.4837311414157745e+35
902.6289066907367,5.453800825448786e+35
902.470060555741,5.4275224581885846e+35
902.3112703189219,5.410917659051586e+35
902.1525359507785,5.3798920709157216e+35
901.993857421831,5.3716107951319034e+35
901.8352347026198,5.36250991647298e+35
901.6766677637066,5.323743367743977e+35
901.5181565756735,5.311682836255934e+35
901.3597011091231,5.2822318845936636e+35
901.2013013346791,5.241704014075343e+35
901.0429572229856,5.219433729724299e+35
900.8846687447073,5.195788995657031e+35
900.7264358705295,5.160252433036729e+35
900.5682585711584,5.135292288608455e+35
900.4101368173203,5.1061547836746005e+35
900.2520705797624,5.059201181178572e+35
900.0940598292522,5.017464574749748e+35
899.9361045365779,5.022185670378339e+35
899.7782046725481,5.001008694209535e+35
899.6203602079921,4.9725111276349184e+35
899.4625711137594,4.949186580950431e+35
899.3048373607202,4.947897899360553e+35
899.1471589197645,4.941335040746116e+35
898.9895357618037,4.930332295465413e+35
898.8319678577687,4.918292486046163e+35
898.6744551786115,4.9326973054659876e+35
898.5169976953039,4.9106719990876666e+35
898.3595953788382,4.928400469610558e+35
898.2022482002271,4.9050401660750494e+35
898.0449561305038,4.9201981016383845e+35
897.8877191407215,4.885755105819274e+35
897.7305372019534,4.901600775448566e+35
897.5734102852937,4.900259140766015e+35
897.4163383618562,4.921247011428911e+35
897.2593214027752,4.894826932603684e+35
897.1023593792052,4.8878756451374904e+35
896.9454522623207,4.90132459227218e+35
896.7886000233166,4.92799266851804e+35
896.6318026334076,4.937487660975772e+35
896.475060063829,4.9484690509247845e+35
896.3183722858358,4.966248230115464e+35
896.1617392707035,4.9768211433523386e+35
896.0051609897273,5.0042361939787004e+35
895.8486374142225,5.032071744924063e+35
895.6921685155245,5.054425836022635e+35
895.535754264989,5.064557474433897e+35
895.3793946339913,5.023245280500605e+35
895.2230895939267,5.002686645119088e+35
895.066839116211,4.9919282107780805e+35
894.9106431722792,4.972363350280189e+35
894.7545017335868,4.945656138757638e+35
894.598414771609,4.921442784176951e+35
894.4423822578409,4.900935457102036e+35
894.2864041637974,4.8940553689604444e+35
894.1304804610136,4.899534345972388e+35
893.9746111210442,4.895168314531831e+35
893.8187961154634,4.8713929905437624e+35
893.6630354158661,4.864575896899915e+35
893.507328993866,4.8637539007598235e+35
893.3516768210974,4.860085432790608e+35
893.1960788692138,4.856391932402381e+35
893.0405351098885,4.839842993217143e+35
892.8850455148151,4.8267167214938754e+35
892.7296100557063,4.834750010738682e+35
892.5742287042946,4.811692401723163e+35
892.4189014323323,4.821049266406382e+35
892.2636282115914,4.8153400046720045e+35
892.1084090138634,4.836428025952307e+35
891.9532438109594,4.843316142818307e+35
891.7981325747103,4.861330493722204e+35
891.6430752769666,4.863250781253386e+35
891.4880718895981,4.88053863460096e+35
891.3331223844943,4.892382355165333e+35
891.1782267335644,4.9119324027024715e+35
891.023384908737,4.944027183692552e+35
890.8685968819599,4.953319714942046e+35
890.7138626252009,4.976545006975293e+35
890.5591821104471,4.943118491318902e+35
890.404555309705,4.943376198659165e+35
890.2499821950004,4.922313547908518e+35
890.0954627383787,4.910568633769612e+35
889.9409969119047,4.899117087011182e+35
889.7865846876626,4.8907512160334305e+35
889.632226037756,4.857916270465271e+35
889.4779209343076,4.8436111538669344e+35
889.3236693494597,4.813171108868087e+35
889.169471255374,4.808827910343356e+35
889.015326624231,4.794148658916668e+35
888.8612354282311,4.7935958889998076e+35
888.7071976395937,4.787637507499071e+35
888.5532132305573,4.776639838024638e+35
888.3992821733799,4.77178366601921e+35
888.2454044403387,4.7761900446594185e+35
888.09158000373,4.7504904281999906e+35
887.9378088358691,4.763296567131009e+35
887.7840909090908,4.760340185988302e+35
887.630426195749,4.747480947941633e+35
887.4768146682168,4.7580440731808596e+35
887.3232562988859,4.75212896032245e+35
887.1697510601679,4.744229894828032e+35
887.0162989244927,4.733884691566003e+35
886.8628998643098,4.7290198493583906e+35
886.7095538520879,4.717927354980155e+35
886.5562608603142,4.713584831228014e+35
886.4030208614951,4.7027053249226405e+35
886.2498338281562,4.6911198140985614e+35
886.0966997328419,4.677443614923177e+35
885.9436185481155,4.6732883142428224e+35
885.7905902465598,4.665427006787556e+35
885.6376148007757,4.650601290349117e+35
885.4846921833838,4.627887222824476e+35
885.331822367023,4.59174419432374e+35
885.1790053243517,4.552636259230143e+35
885.0262410280465,4.515437999204031e+35
884.8735294508033,4.477407994313453e+35
884.7208705653366,4.449366869166346e+35
884.56826434438,4.413224908711997e+35
884.4157107606859,4.371018085182708e+35
884.2632097870252,4.333780914803886e+35
884.1107613961877,4.30188509554166e+35
883.958365560982,4.28517961739175e+35
883.8060222542356,4.258779516258818e+35
883.6537314487944,4.240721183043677e+35
883.5014931175233,4.228737259232345e+35
883.3493072333057,4.21470476294162e+35
883.1971737690438,4.177385214701868e+35
883.0450926976586,4.161868245784721e+35
882.8930639920893,4.125144132308721e+35
882.741087625294,4.104977105199892e+35
882.5891635702496,4.102010175611731e+35
882.4372917999515,4.059887141338939e+35
882.2854722874132,4.043083012739277e+35
882.1337050056677,4.0173725788742594e+35
881.9819899277657,3.986779663209418e+35
881.8303270267767,3.973709286849772e+35
881.678716275789,3.947791612676856e+35
881.5271576479092,3.953219950313022e+35
881.3756511162622,3.940498868987138e+35
881.2241966539916,3.899658224519575e+35
881.0727942342596,3.9120788066726695e+35
880.9214438302464,3.881624490289114e+35
880.770145415151,3.8566249871909066e+35
880.6188989621905,3.8379641364727185e+35
880.4677044446009,3.838595636001603e+35
880.316561835636,3.825066379459027e+35
880.1654711085683,3.802293107521837e+35
880.0144322366887,3.782076708669917e+35
879.863445193306,3.786657985212653e+35
879.7125099517477,3.752434116117582e+35
879.5616264853596,3.7419255900561115e+35
879.4107947675058,3.706352489971434e+35
879.2600147715682,3.68931350221621e+35
879.1092864709476,3.6633263721154335e+35
878.9586098390625,3.6346212439810534e+35
878.8079848493503,3.635271527687942e+35
878.6574114752657,3.609775719038719e+35
878.5068896902823,3.60206927186884e+35
878.3564194678917,3.5875613811604e+35
878.2060007816033,3.56904937889133e+35
878.0556336049452,3.5467936436206955e+35
877.9053179114632,3.5287966277727796e+35
877.7550536747215,3.512782216757498e+35
877.6048408683022,3.490562526262188e+35
877.4546794658055,3.4774962981425366e+35
877.30456944085,3.4626070152221744e+35
877.1545107670717,3.4582670535734164e+35
877.004503418125,3.422450320434794e+35
876.8545473676826,3.413356600710969e+35
876.7046425894348,3.391701843476315e+35
876.5547890570899,3.37963510404182e+35
876.4049867443745,3.362764498856684e+35
876.2552356250328,3.366338862552602e+35
876.105535672827,3.349567443529591e+35
875.9558868615377,3.3347561553297094e+35
875.8062891649624,3.315885943928524e+35
875.6567425569177,3.3116826403103e+35
875.5072470112372,3.3107428567395012e+35
875.3578025017725,3.3139846706373532e+35
875.2084090023936,3.304624800035293e+35
875.0590664869878,3.2865891606824056e+35
874.9097749294604,3.267529436165283e+35
874.7605343037343,3.271988414691114e+35
874.6113445837506,3.2498129091080867e+35
874.4622057434677,3.2592800160846414e+35
874.3131177568622,3.2494545995203273e+35
874.1640805979282,3.238144828720522e+35
874.0150942406775,3.2318632590122633e+35
873.8661586591397,3.22246079743727e+35
873.7172738273621,3.218472925825671e+35
873.5684397194098,3.2152406401761726e+35
873.4196563093651,3.2028132518690324e+35
873.2709235713287,3.205724651909625e+35
873.1222414794183,3.1916068209019267e+35
872.9736100077694,3.184085054404824e+35
872.8250291305353,3.1598542290869854e+35
872.6764988218868,3.1654264595419875e+35
872.528019056012,3.1487552093732022e+35
872.3795898071168,3.1515545963550948e+35
872.2312110494249,3.11566817052644e+35
872.0828827571772,3.116737652699195e+35
871.9346049046321,3.106501543016731e+35
871.7863774660657,3.104750246046894e+35
871.6382004157713,3.0947107445061726e+35
871.4900737280602,3.1075087546845585e+35
871.3419973772606,3.1089788786322182e+35
871.1939713377183,3.1227669411998987e+35
871.0459955837968,3.1186209013440483e+35
870.8980700898766,3.1395334814129217e+35
870.750194830356,3.1376093155383544e+35
870.6023697796505,3.156726821070586e+35
870.4545949121929,3.1389460501330508e+35
870.3068702024334,3.156457614811144e+35
870.1591956248395,3.164205140860085e+35
870.0115711538963,3.1699641933848806e+35
869.8639967641059,3.1788168575224827e+35
869.7164724299878,3.181354924024598e+35
869.5689981260788,3.1859852420668064e+35
869.4215738269329,3.1782216943179192e+35
869.2741995071215,3.169988336553714e+35
869.126875141233,3.1593320214569737e+35
868.9796007038734,3.1578064804787834e+35
868.8323761696655,3.14904095995747e+35
868.6852015132496,3.1318224009686886e+35
868.5380767092829,3.131599666428348e+35
868.3910017324399,3.1019211506365814e+35
868.2439765574126,3.103245141134354e+35
868.0970011589094,3.0997409691432428e+35
867.9500755116565,3.0831117448109384e+35
867.8031995903968,3.077162758085234e+35
867.6563733698905,3.0724901479834918e+35
867.5095968249148,3.060472237279124e+35
867.362869930264,3.067234598867719e+35
867.2161926607494,3.0466048368910885e+35
867.0695649911992,3.048305654991961e+35
866.922986896459,3.0233837905938818e+35
866.7764583513912,3.0266943075500742e+35
866.629979330875,3.0272417051030345e+35
866.4835498098068,3.0164292884643314e+35
866.3371697631001,3.0213455389284423e+35
866.190839165685,3.0157535672468417e+35
866.0445579925087,2.9851831026496397e+35
865.8983262185353,2.9893527360146558e+35
865.7521438187462,2.990346079672369e+35
865.6060107681388,2.977144470167209e+35
865.4599270417282,2.975970736768929e+35
865.3138926145459,2.9701867681214912e+35
865.1679074616407,2.9758717642583725e+35
865.0219715580776,2.9935504373772396e+35
864.876084878939,2.9771646391809204e+35
864.7302473993237,2.993730208891001e+35
864.5844590943478,3.0155383035217575e+35
864.4387199391434,3.023493986869157e+35
864.2930299088603,3.003853249517566e+35
864.1473889786643,2.9869386864456077e+35
864.001797123738,2.9890561937671794e+35
863.8562543192812,2.9858935450081893e+35
863.7107605405103,2.9813505535930237e+35
863.5653157626576,2.963959427986695e+35
863.4199199609734,2.9693472536178394e+35
863.2745731107235,2.984129290391834e+35
863.1292751871911,2.9671117321815903e+35
862.9840261656756,2.9811008731787804e+35
862.8388260214933,2.9957511504864784e+35
862.6936747299768,3.0085846159967682e+35
862.5485722664757,3.0093012435724946e+35
862.4035186063559,3.018435394235407e+35
862.258513725,3.0250787416129006e+35
862.1135575978067,3.0299903679905115e+35
861.9686502001922,3.0365994633267238e+35
861.8237915075883,3.027428091516115e+35
861.6789814954438,3.0297094384905245e+35
861.5342201392239,3.0411516671911845e+35
861.3895074144101,3.0559143723366063e+35
861.2448432965007,3.061359767009333e+35
861.1002277610103,3.0531166751527186e+35
860.9556607834696,3.0554388910439258e+35
860.8111423394264,3.06363112472782e+35
860.6666724044444,3.045823417066303e+35
860.522250954104,3.0438167317701705e+35
860.3778779640018,3.0386308682634943e+35
860.2335534097507,3.0407675393392647e+35
860.0892772669803,3.038308574611444e+35
859.9450495113363,3.0473689413477516e+35
859.8008701184805,3.0331432497807746e+35
859.6567390640917,3.0295130425441302e+35
859.5126563238643,3.0149725383929866e+35
859.3686218735095,2.9981223657878264e+35
859.2246356887545,2.9894970746306477e+35
859.0806977453427,2.9880137809284493e+35
858.9368080190341,2.987591205115771e+35
858.7929664856044,2.998640246403635e+35
858.6491731208463,2.991853969330256e+35
858.5054279005678,2.991317037494648e+35
858.361730800594,2.989909552082503e+35
858.2180817967653,2.972260972101549e+35
858.074480864939,2.9682887692489517e+35
857.9309279809883,2.9776804489641474e+35
857.7874231208021,2.9689468691153483e+35
857.6439662602863,2.9618837800273832e+35
857.5005573753623,2.965797450897661e+35
857.3571964419676,2.9513016688767065e+35
857.213883436056,2.9480789932711378e+35
857.0706183335975,2.9538166496863503e+35
856.9274011105779,2.9605368824626223e+35
856.7842317429989,2.960534465361448e+35
856.6411102068787,2.9478136971943814e+35
856.4980364782513,2.9459141283402284e+35
856.3550105331666,2.94883035059227e+35
856.2120323476905,2.9447458802556256e+35
856.0691018979052,2.936102767176323e+35
855.9262191599084,2.933634385083649e+35
855.7833841098142,2.920600739589244e+35
855.6405967237521,2.9133381866206475e+35
855.4978569778682,2.920435563037896e+35
855.3551648483242,2.9165990868369803e+35
855.2125203112973,2.8940262316897777e+35
855.0699233429813,2.8902663839295685e+35
854.9273739195854,2.8925570504016872e+35
854.784872017335,2.894088320606721e+35
854.6424176124709,2.8962679358436927e+35
854.50001068125,2.8694307539076056e+35
854.3576511999453,2.880723871854571e+35
854.2153391448451,2.8775708660991996e+35
854.0730744922536,2.8863272470476856e+35
853.930857218491,2.8820082569782196e+35
853.7886872998932,2.8719410207832296e+35
853.6465647128119,2.872353438466609e+35
853.5044894336144,2.8795762834048616e+35
853.3624614386837,2.887183448344775e+35
853.2204807044188,2.8826860199355907e+35
853.078547207234,2.8739775794761274e+35
852.9366609235598,2.8735800819199566e+35
852.7948218298419,2.8752436868145142e+35
852.6530299025417,2.87542174739768e+35
852.5112851181367,2.8743150527144117e+35
852.3695874531197,2.8615573423105996e+35
852.227936883999,2.8687776511331104e+35
852.0863333872987,2.8605218483905096e+35
851.9447769395588,2.8715059586388096e+35
851.8032675173341,2.8582519484382597e+35
851.6618050971958,2.8663587125882136e+35
851.5203896557302,2.8608410758757105e+35
851.3790211695393,2.8615445256386535e+35
851.2376996152406,2.8655966436924966e+35
851.096424969467,2.8661932799118385e+35
850.9551972088669,2.8635033571025353e+35
850.8140163101046,2.8619495499831554e+35
850.6728822498596,2.8685241177931966e+35
850.5317950048268,2.8595299722485702e+35
850.3907545517164,2.8681416553469547e+35
850.2497608672547,2.867476402971952e+35
850.1088139281827,2.8541005074119847e+35
849.9679137112573,2.855324338449813e+35
849.8270601932506,2.8557764859613137e+35
849.6862533509501,2.8509493652571342e+35
849.5454931611587,2.822709060929949e+35
849.4047796006948,2.8281820330401787e+35
849.2641126463918,2.8165242017687906e+35
849.123492275099,2.7959706562200857e+35
848.9829184636804,2.7699046606410615e+35
848.842391189016,2.7398151887614425e+35
848.7019104280004,2.7330170152013067e+35
848.5614761575439,2.712144302814736e+35
848.4210883545721,2.6760544768381974e+35
848.2807469960258,2.6521958082611847e+35
848.1404520588609,2.6265703060770268e+35
848.0002035200488,2.6052385595880267e+35
847.8600013565759,2.5872995663713824e+35
847.7198455454442,2.555333174130589e+35
847.5797360636701,2.5371363116624185e+35
847.4396728882862,2.496384849455205e+35
847.2996559963397,2.4778507946712326e+35
847.1596853648929,2.4745323602883374e+35
847.0197609710234,2.4639256837170645e+35
846.8798827918242,2.447022320497008e+35
846.740050804403,2.42330459003888e+35
846.600264985883,2.4072328045773553e+35
846.460525313402,2.4034579955596957e+35
846.3208317641134,2.3952445649938714e+35
846.1811843151855,2.376526014209695e+35
846.0415829438017,2.376627541036682e+35
845.9020276271601,2.372631374332767e+35
845.7625183424746,2.3540369204057856e+35
845.6230550669733,2.3498770553388246e+35
845.4836377778998,2.3381957100592265e+35
845.3442664525128,2.3418475476373728e+35
845.2049410680854,2.3393651461517056e+35
845.0656616019065,2.3220188520664443e+35
844.9264280312792,2.327755514798804e+35
844.787240333522,2.323083182309767e+35
844.6480984859683,2.3192135645428516e+35
844.5090024659662,2.3236035301835995e+35
844.3699522508791,2.318448296622569e+35
844.230947818085,2.3146379445542456e+35
844.0919891449769,2.3072654076375413e+35
843.9530762089627,2.304028696542216e+35
843.8142089874651,2.2965942915832986e+35
843.6753874579216,2.292236043372316e+35
843.5366115977848,2.2998882030218162e+35
843.3978813845218,2.304327407218574e+35
843.259196795615,2.3052505375912856e+35
843.120557808561,2.3118387059355144e+35
842.9819644008717,2.321870788361073e+35
842.8434165500732,2.3279791015999667e+35
842.7049142337073,2.3377784319082355e+35
842.5664574293297,2.3472550684846144e+35
842.4280461145113,2.33894624756149e+35
842.2896802668373,2.3501869439565482e+35
842.1513598639083,2.342303637110907e+35
842.013084883339,2.3344189112542457e+35
841.8748553027592,2.3180198833892093e+35
841.7366710998132,2.3067207722972014e+35
841.5985322521598,2.301764931787355e+35
841.4604387374727,2.2848215732842776e+35
841.3223905334404,2.2693024836997567e+35
841.1843876177658,2.2551142394366903e+35
841.0464299681663,2.2393479937412963e+35
840.9085175623743,2.245828060369489e+35
840.7706503781366,2.2376741851448548e+35
840.6328283932143,2.239127546845248e+35
840.4950515853837,2.2407642775377526e+35
840.3573199324353,2.2350029048204653e+35
840.219633412174,2.240156012365545e+35
840.0819920024194,2.236428620813878e+35
839.9443956810059,2.2347579537544877e+35
839.8068444257821,2.2346593308414507e+35
839.6693382146111,2.239875890124227e+35
839.5318770253707,2.2299630308128114e+35
839.3944608359529,2.2373865327276512e+35
839.2570896242646,2.238954907329048e+35
839.1197633682267,2.2413207054326215e+35
838.9824820457749,2.2395192848090316e+35
838.8452456348591,2.2425432869038883e+35
838.7080541134436,2.2347321113704993e+35
838.5709074595075,2.2299495489433843e+35
838.4338056510437,2.2182547379928336e+35
838.2967486660602,2.223027280991653e+35
838.1597364825788,2.217453488792618e+35
838.0227690786359,2.2118378728312993e+35
837.8858464322819,2.1995270986631385e+35
837.7489685215825,2.2097913030902123e+35
837.6121353246166,2.205441483566288e+35
837.4753468194779,2.1980534476196715e+35
837.3386029842748,2.191950535990792e+35
837.2019037971291,2.1890606919274776e+35
837.0652492361779,2.187366779111923e+35
836.9286392795717,2.1802804433358584e+35
836.792073905476,2.1854871375258834e+35
836.6555530920697,2.176639049036265e+35
836.5190768175468,2.1726799190728836e+35
836.382645060115,2.171224483913557e+35
836.2462577979963,2.1797465207062236e+35
836.109915009427,2.1848611413635916e+35
835.9736166726578,2.1927665635300363e+35
835.837362765953,2.194163971528101e+35
835.7011532675915,2.1968360809098353e+35
835.5649881558662,2.192970615289469e+35
835.4288674090844,2.1807548570396502e+35
835.2927910055672,2.1774596077382657e+35
835.1567589236498,2.168920899196641e+35
835.0207711416821,2.163139404216622e+35
834.8848276380273,2.1512271107076566e+35
834.748928391063,2.1414779729301274e+35
834.6130733791814,2.126527455217317e+35
834.4772625807877,2.1327881053047703e+35
834.3414959743022,2.1235044468776415e+35
834.2057735381587,2.1315454380783196e+35
834.0700952508048,2.1214802824642763e+35
833.9344610907028,2.1281036759174932e+35
833.7988710363286,2.1216754667560345e+35
833.663325066172,2.1203388733818457e+35
833.527823158737,2.1275669120590417e+35
833.3923652925415,2.124116099158957e+35
833.2569514461175,2.1222062437611397e+35
833.1215815980105,2.1161765805364726e+35
832.9862557267804,2.114692887723877e+35
832.850973811001,2.1187151829235915e+35
832.7157358292599,2.12368668440806e+35
832.5805417601586,2.12135155689115e+35
832.4453915823121,2.120363481164015e+35
832.3102852743502,2.1205802256949853e+35
832.1752228149159,2.118249524653207e+35
832.040204182666,2.1135481123357877e+35
831.9052293562717,2.111481751890426e+35
831.7702983144175,2.103412136213101e+35
831.6354110358018,2.0976107649787633e+35
831.5005674991372,2.0827205653202192e+35
831.3657676831498,2.0769384852856384e+35
831.2310115665795,2.0324886974570714e+35
831.0962991281799,2.0380158200899685e+35
830.9616303467187,2.0361571454885197e+35
830.8270052009769,2.0229678607918005e+35
830.6924236697499,2.0292675473993915e+35
830.5578857318461,2.023660570810604e+35
830.4233913660879,2.037586983770067e+35
830.2889405513118,2.0364449361621443e+35
830.1545332663676,2.0425893719139727e+35
830.0201694901185,2.0139284200242554e+35
829.8858492014423,2.009660974385216e+35
829.7515723792296,2.0093332987724623e+35
829.617339002385,2.00221814454452e+35
829.483149049827,2.0200446413739125e+35
829.3490025004871,2.0187288510217666e+35
829.2148993333111,2.027630275209517e+35
829.080839527258,2.026062738270533e+35
828.9468230613005,1.983848870259114e+35
828.812849914425,1.975888011790638e+35
828.6789200656312,1.9809260346894085e+35
828.545033493933,1.9952833378178917e+35
828.411190178357,1.9849614940117397e+35
828.2773900979437,1.9839562049902992e+35
828.1436332317476,1.9593431711772677e+35
828.0099195588363,1.963079923609881e+35
827.8762490582908,1.976333340621139e+35
827.7426217092058,1.976212677568014e+35
827.6090374906894,1.973915164734582e+35
827.4754963818633,1.9450994222738938e+35
827.3419983618628,1.95984007741499e+35
827.2085434098364,1.974446298670748e+35
827.0751315049458,1.9684486934596514e+35
826.941762626367,1.97205759479643e+35
826.8084367532886,1.9468114798851242e+35
826.675153864913,1.965706866116379e+35
826.5419139404559,1.967798279756573e+35
826.4087169591464,1.9681643461559178e+35
826.2755629002272,1.9666738471215292e+35
826.142451742954,1.945109498650736e+35
826.0093834665961,1.948725422388127e+35
825.8763580504362,1.9483528048548632e+35
825.7433754737702,1.956359553790106e+35
825.6104357159074,1.9314096823300454e+35
825.4775387561704,1.9350265447081363e+35
825.344684573895,1.9323898729859642e+35
825.2118731484308,1.93641228899088e+35
825.07910445914,1.9101125759939093e+35
824.9463784853983,1.9201143581987836e+35
824.8136952065952,1.926559174267116e+35
824.6810546021325,1.9283914103836226e+35
824.5484566514262,1.908876406294742e+35
824.4159013339049,1.9128655489410236e+35
824.2833886290106,1.9162735843103357e+35
824.1509185161987,1.8929310474159692e+35
824.0184909749374,1.8889450474379437e+35
823.8861059847086,1.8938098948810714e+35
823.7537635250071,1.901938658015602e+35
823.6214635753407,1.8647878912088865e+35
823.4892061152308,1.8691652284854323e+35
823.3569911242116,1.8775270863804267e+35
823.2248185818306,1.8456959987600457e+35
823.0926884676483,1.8442543822899524e+35
822.9606007612384,1.8470883014311608e+35
822.828555442188,1.818407573503682e+35
822.6965524900967,1.8118964341399684e+35
822.5645918845777,1.8222630657191474e+35
822.4326736052569,1.7827832805023755e+35
822.3007976317737,1.7829018368508995e+35
822.16896394378,1.7936210002140422e+35
822.0371725209413,1.7462413956594376e+35
821.9054233429358,1.7635932916601706e+35
821.773716389455,1.7612415820225885e+35
821.6420516402029,1.718261234452872e+35
821.510429074897,1.723500291312567e+35
821.3788486732677,1.7353162321869666e+35
821.2473104150583,1.7076843548735946e+35
821.1158142800251,1.7014623849059964e+35
820.9843602479373,1.715934863926311e+35
820.8529482985771,1.6935517993504402e+35
820.7215784117396,1.717580496591305e+35
820.5902505672329,1.7004326590049834e+35
820.4589647448782,1.7081645887718706e+35
820.3277209245093,1.739683990089953e+35
820.1965190859729,1.7030983241708833e+35
820.0653592091289,1.72288030103714e+35
819.9342412738498,1.699906624597588e+35
819.803165260021,1.707521951441828e+35
819.6721311475409,1.7012666360238436e+35
819.5411389163207,1.6767858322974312e+35
819.4101885462844,1.6730737679809323e+35
819.2792800173687,1.6423119606389127e+35
819.1484133095233,1.6343444592735637e+35
819.0175884027109,1.6287171952626881e+35
818.8868052769064,1.5837162833764197e+35
818.7560639120983,1.5822271992900463e+35
818.6253642882871,1.5777800732543142e+35
818.4947063854864,1.5593049628300292e+35
818.3640901837227,1.5666571746528742e+35
818.2335156630351,1.5541518853268632e+35
818.1029828034752,1.5567321554748679e+35
817.972491585108,1.5544092463920157e+35
817.8420419880104,1.5535359133051283e+35
817.7116339922725,1.541606674686969e+35
817.5812675779972,1.544292205225336e+35
817.4509427252997,1.5397833354172533e+35
817.320659414308,1.5313918317785874e+35
817.1904176251628,1.5267301860013827e+35
817.0602173380178,1.5313538128092515e+35
816.9300585330387,1.5194696131895714e+35
816.7999411904043,1.5148170665696683e+35
816.6698652903058,1.4972330703267024e+35
816.539830812947,1.487969293055259e+35
816.4098377385448,1.4763059685589996e+35
816.2798860473279,1.4612960073044614e+35
816.1499757195381,1.4392768928913943e+35
816.02010673543,1.4306242315267234e+35
815.8902790752699,1.4075986869171456e+35
815.7604927193375,1.395696094465032e+35
815.6307476479249,1.3776624834035853e+35
815.501043841336,1.3485012814102452e+35
815.3713812798884,1.3510060208023496e+35
815.2417599439113,1.340025944010074e+35
815.1121798137468,1.3393227418874511e+35
814.9826408697494,1.33678306747527e+35
814.8531430922861,1.3309164384320078e+35
814.7236864617364,1.3306430037689586e+35
814.5942709584923,1.3193817345675717e+35
814.4648965629581,1.3176521065821496e+35
814.3355632555506,1.319215224234523e+35
814.2062710166992,1.3175257705076077e+35
814.0770198268458,1.3109163950446901e+35
813.9478096664442,1.3015785814761504e+35
813.818640515961,1.3062610924093434e+35
813.6895123558752,1.3107423978549764e+35
813.5604251666782,1.3048218140754527e+35
813.4313789288735,1.2888970456038883e+35
813.3023736229774,1.2934422528161962e+35
813.1734092295181,1.2892803696316471e+35
813.0444857290365,1.2941776715641522e+35
812.9156031020858,1.2908243564474533e+35
812.7867613292315,1.2801736721337622e+35
812.657960391051,1.2793402150317857e+35
812.5292002681346,1.2779824023884784e+35
812.4004809410847,1.2715943096417866e+35
812.2718023905159,1.2739545911155168e+35
812.1431645970551,1.2712784292398426e+35
812.0145675413416,1.2659407911692759e+35
811.886011204027,1.26726034159511e+35
811.7574955657747,1.2659717944170664e+35
811.6290206072608,1.2619230409863082e+35
811.5005863091735,1.2575583900775205e+35
811.3721926522134,1.2594686938690768e+35
811.2438396170928,1.2535687601214518e+35
811.1155271845369,1.2548121106743257e+35
810.9872553352824,1.2561506437365791e+35
810.8590240500787,1.2564177737429166e+35
810.730833309687,1.2522459075390737e+35
810.602683094881,1.2452940273327525e+35
810.4745733864464,1.2550550507820064e+35
810.3465041651809,1.2508982095361225e+35
810.2184754118947,1.2545829532099676e+35
810.0904871074099,1.2481117368420627e+35
809.9625392325605,1.2506183700702411e+35
809.8346317681929,1.244061395389185e+35
809.7067646951656,1.249149710953233e+35
809.5789379943491,1.2511724925209929e+35
809.451151646626,1.2423969184154641e+35
809.3234056328909,1.2436530011488706e+35
809.1956999340505,1.2540852080331791e+35
809.0680345310236,1.2419904240295294e+35
808.9404094047412,1.2378866503690706e+35
808.8128245361459,1.2388003266827172e+35
808.6852799061925,1.245398482373687e+35
808.557775495848,1.2460371168349916e+35
808.4303112860914,1.2412835450981204e+35
808.3028872579132,1.2336524389607036e+35
808.1755033923166,1.2342737484611793e+35
808.0481596703163,1.2438622959470712e+35
807.920856072939,1.2413895389575571e+35
807.7935925812236,1.227139826648013e+35
807.6663691762207,1.2292924723960775e+35
807.5391858389928,1.2300338377358024e+35
807.4120425506146,1.239423449567744e+35
807.2849392921726,1.2323214559862174e+35
807.157876044765,1.231406530865592e+35
807.0308527895021,1.2211255371980249e+35
806.9038695075062,1.215760810965945e+35
806.7769261799111,1.2233205269859967e+35
806.6500227878631,1.2188914667687539e+35
806.5231593125196,1.211629916165686e+35
806.3963357350503,1.2059168076429676e+35
806.2695520366369,1.1953065881507807e+35
806.1428081984723,1.1958642014595195e+35
806.0161042017619,1.1873325597835888e+35
805.8894400277226,1.1893348588748238e+35
805.762815657583,1.1766325034714222e+35
805.6362310725838,1.1743830750894639e+35
805.5096862539772,1.1668225744521464e+35
805.3831811830272,1.163052421031836e+35
805.25671584101,1.1667968667122967e+35
805.1302902092131,1.158519232457702e+35
805.0039042689357,1.1565860663098199e+35
804.877558001489,1.1689420192896589e+35
804.7512513881958,1.1578306388228229e+35
804.6249844103909,1.1543968329018057e+35
804.4987570494203,1.1482286256710586e+35
804.3725692866421,1.1507772891181852e+35
804.246421103426,1.1428012303350004e+35
804.1203124811534,1.1365699434822444e+35
803.9942434012172,1.1390423798077872e+35
803.8682138450222,1.1395880805100207e+35
803.7422237939847,1.134193118630534e+35
803.6162732295329,1.1289000243262804e+35
803.4903621331061,1.1229957259213626e+35
803.364490486156,1.118804315094438e+35
803.2386582701453,1.1105816316848045e+35
803.1128654665483,1.1129508202635123e+35
802.9871120568515,1.1020082177800054e+35
802.8613980225523,1.0994481166019413e+35
802.7357233451602,1.0954710297852755e+35
802.6100880061961,1.0880493437765406e+35
802.4844919871923,1.0775257478962461e+35
802.3589352696929,1.076938379263187e+35
802.2334178352534,1.0773482014810358e+35
802.1079396654408,1.0749215591278596e+35
801.9825007418337,1.0738030704391303e+35
801.8571010460225,1.0768164849478297e+35
801.7317405596086,1.0711425879420075e+35
801.6064192642054,1.0735986262508492e+35
801.4811371414373,1.0738905437382719e+35
801.3558941729407,1.069057504897381e+35
801.2306903403629,1.06742389423709e+35
801.105525625363,1.0689772810792884e+35
800.9804000096119,1.0642234975173636e+35
800.8553134747912,1.0610556439836638e+35
800.7302660025945,1.0516286406869628e+35
800.6052575747266,1.052214181154271e+35
800.4802881729038,1.045102953287325e+35
800.3553577788538,1.0471794244492581e+35
800.2304663743158,1.0450301136911689e+35
800.1056139410402,1.0413229213274593e+35
799.980800460789,1.0356351895891213e+35
799.8560259153353,1.0379074448765418e+35
799.7312902864637,1.0362032366547302e+35
799.6065935559704,1.0322615649273232e+35
799.4819357056629,1.0325031035692747e+35
799.3573167173593,1.032571182803793e+35
799.2327365728901,1.0299077510360525e+35
799.1081952540965,1.0278768973585482e+35
798.9836927428312,1.0220488195484008e+35
798.8592290209582,1.0165296395530987e+35
798.7348040703525,1.0165707315302801e+35
798.6104178729012,1.0157143281672647e+35
798.4860704105017,1.0180568058949547e+35
798.3617616650633,1.0131458033401223e+35
798.2374916185063,1.0119312829190946e+35
798.1132602527626,1.0048580471475642e+35
797.9890675497746,1.0065878128428366e+35
797.8649134914968,1.0054607528969726e+35
797.7407980598944,1.0084616565720442e+35
797.616721236944,1.0064192195616537e+35
797.4926830046335,1.0038759002800524e+35
797.3686833449617,1.0085362794579413e+35
797.2447222399389,9.910809130773356e+34
797.1207996715863,9.886961288346768e+34
796.9969156219365,9.866742900213394e+34
796.8730700730334,9.838057133516379e+34
796.7492630069318,9.894384911129295e+34
796.6254944056975,9.717533436442004e+34
796.5017642514078,9.794800437732524e+34
796.3780725261511,9.728759525460165e+34
796.2544192120267,9.71957190708336e+34
796.1308042911451,9.67430817672365e+34
796.007227745628,9.620792379557008e+34
795.8836895576081,9.595874338600292e+34
795.7601897092293,9.616143290075471e+34
795.6367281826465,9.599424212864843e+34
795.5133049600255,9.51061106495207e+34
795.3899200235436,9.437120330870994e+34
795.2665733553887,9.393676701243906e+34
795.1432649377603,9.476776588377944e+34
795.0199947528681,9.345051543631407e+34
794.8967627829336,9.334324340091247e+34
794.773569010189,9.404031196979005e+34
794.6504134168777,9.344648664267116e+34
794.5272959852537,9.283012944891396e+34
794.4042166975823,9.329291673617281e+34
794.2811755361398,9.31361780645246e+34
794.1581724832135,9.278402327888967e+34
794.0352075211015,9.29423938999259e+34
793.912280632113,9.349109053237654e+34
793.7893917985681,9.247421064279095e+34
793.6665410027978,9.208979042615048e+34
793.543728227144,9.254005231833252e+34
793.4209534539598,9.242715115343129e+34
793.298216665609,9.207633871678247e+34
793.1755178444663,9.182100068106098e+34
793.0528569729173,9.181059166228329e+34
792.9302340333586,9.224982956715682e+34
792.8076490081977,9.240081731876397e+34
792.6851018798528,9.29434680598234e+34
792.5625926307531,9.255114348812683e+34
792.4401212433386,9.238128141077175e+34
792.3176877000603,9.198404015105063e+34
792.1952919833798,9.280539974286079e+34
792.0729340757697,9.29027936464269e+34
791.9506139597136,9.3364233969621e+34
791.8283316177053,9.270031498335828e+34
791.7060870322503,9.240739891537304e+34
791.5838801858639,9.22547702695225e+34
791.4617110610733,9.236236781235461e+34
791.3395796404153,9.184856362515787e+34
791.2174859064387,9.21697829706509e+34
791.095429841702,9.116839957630817e+34
790.973411428775,9.133058105447547e+34
790.8514306502381,9.152686199009987e+34
790.7294874886828,9.125963306004047e+34
790.6075819267108,9.152667518588466e+34
790.4857139469348,9.18785398645877e+34
790.3638835319782,9.225539789746765e+34
790.2420906644751,9.225634599893826e+34
790.1203353270703,9.197385746224414e+34
789.9986175024194,9.15242279772178e+34
789.8769371731885,9.157759243353188e+34
789.7552943220543,9.176634185914325e+34
789.6336889317046,9.10850301122565e+34
789.5121209848375,9.218181109365129e+34
789.3905904641617,9.183081045181104e+34
789.2690973523969,9.178561243315277e+34
789.147641632273,9.116509368748808e+34
789.026223286531,9.151137710935071e+34
788.9048422979221,9.062345329820174e+34
788.7834986492084,9.093255806448942e+34
788.6621923231622,9.05511218129526e+34
788.5409233025672,9.06965959904576e+34
788.4196915702167,9.11669806313845e+34
788.2984971089153,9.019632852212818e+34
788.1773399014779,8.979741910756836e+34
788.0562199307299,8.982684586072734e+34
787.9351371795074,8.9195491378181e+34
787.8140916306571,9.031161697008927e+34
787.6930832670358,8.986591134553095e+34
787.5721120715116,8.92166960337284e+34
787.4511780269623,9.00231661254116e+34
787.330281116277,8.91282794954401e+34
787.2094213223544,8.882423864076275e+34
787.0885986281047,8.897594853274793e+34
786.9678130164477,8.867656268953964e+34
786.8470644703143,8.827687279869591e+34
786.7263529726456,8.799807139214938e+34
786.6056785063931,8.758292188454408e+34
786.4850410545191,8.716916302325407e+34
786.3644405999962,8.75871003806792e+34
786.243877125807,8.734677854760203e+34
786.1233506149451,8.674052169912206e+34
786.0028610504143,8.699242406337724e+34
785.8824084152288,8.708064046160555e+34
785.7619926924135,8.64387156328798e+34
785.6416138650033,8.687326482542162e+34
785.5212719160436,8.677228850331166e+34
785.4009668285903,8.631082223487976e+34
785.2806985857095,8.583787658589582e+34
785.1604671704781,8.559491723406773e+34
785.0402725659827,8.597139072642097e+34
784.9201147553209,8.569175199108634e+34
784.7999937216001,8.567961426244745e+34
784.6799094479385,8.541611571253782e+34
784.5598619174643,8.556310378746263e+34
784.4398511133163,8.504257345686872e+34
784.3198770186434,8.52010302588376e+34
784.1999396166048,8.43827029629226e+34
784.08003889037,8.443061332782765e+34
783.960174823119,8.486607969768768e+34
783.840347398042,8.43596297669056e+34
783.7205565983394,8.469753758759125e+34
783.6008024072217,8.457985586033792e+34
783.4810848079101,8.395500481993664e+34
783.3614037836356,8.409854375985137e+34
783.2417593176399,8.433498457325742e+34
783.1221513931745,8.384886598009898e+34
783.0025799935012,8.419768779943072e+34
782.8830451018923,8.395024885168065e+34
782.7635467016303,8.391784811477818e+34
782.6440847760073,8.378523107712915e+34
782.5246593083265,8.360045618018925e+34
782.4052702819007,8.356160729440832e+34
782.2859176800529,8.31791238678162e+34
782.1666014861165,8.317485201546267e+34
782.047321683435,8.27275794674159e+34
781.928078255362,8.287232150006661e+34
781.8088711852614,8.287516128527451e+34
781.6897004565068,8.250584645777879e+34
781.5705660524825,8.23817839296998e+34
781.4514679565825,8.249625798573581e+34
781.3324061522113,8.205150123536726e+34
781.2133806227833,8.237089847601687e+34
781.0943913517231,8.243298811965603e+34
780.9754383224648,8.233359480366449e+34
780.8565215184536,8.171478632579469e+34
780.7376409231442,8.228217402137598e+34
780.6187965200014,8.237756266715684e+34
780.4999882925002,8.192423813790544e+34
780.3812162241255,8.177890929020902e+34
780.2624802983723,8.151479585042654e+34
780.1437804987461,8.194538605800823e+34
780.0251168087613,8.151038191988717e+34
779.9064892119435,8.196070730534047e+34
779.7878976918279,8.120821678522655e+34
779.6693422319595,8.185316101861632e+34
779.5508228158935,8.1978945437642315e+34
779.4323394271953,8.07244869026186e+34
779.3138920494397,8.132384541271234e+34
779.1954806662122,8.1352943692091105e+34
779.0771052611077,8.056016076643494e+34
778.9587658177315,8.043933709801358e+34
778.8404623196985,7.991376488588072e+34
778.7221947506338,7.900910389942745e+34
778.6039630941722,7.935134443424182e+34
778.4857673339587,7.817734166625063e+34
778.3676074536482,7.833814099419764e+34
778.2494834369055,7.76402140774289e+34
778.1313952674049,7.77876966869322e+34
778.0133429288312,7.799559113031203e+34
777.895326404879,7.75925155456458e+34
777.7773456792526,7.705512884095479e+34
777.6594007356658,7.774389508550365e+34
777.5414915578433,7.741193496080018e+34
777.4236181295188,7.727668267168869e+34
777.3057804344363,7.750469474696607e+34
777.1879784563494,7.688406071367933e+34
777.0702121790215,7.653570105431711e+34
776.9524815862262,7.626397101480887e+34
776.8347866617468,7.562878956039382e+34
776.7171273893762,7.5873395215377405e+34
776.5995037529171,7.540698027683255e+34
776.4819157361825,7.555753404771751e+34
776.3643633229948,7.568750805139537e+34
776.2468464971862,7.5869113369109575e+34
776.1293652425987,7.533036162044587e+34
776.0119195430842,7.555183461206944e+34
775.8945093825043,7.5498044303363335e+34
775.7771347447306,7.52885268346262e+34
775.6597956136438,7.511595454393213e+34
775.5424919731353,7.574375359517945e+34
775.4252238071053,7.544782874284258e+34
775.3079910994643,7.536894454259534e+34
775.1907938341325,7.50612789287278e+34
775.0736319950396,7.461467215635698e+34
774.9565055661252,7.405256474821784e+34
774.8394145313384,7.358063238527011e+34
774.7223588746384,7.368797294178473e+34
774.6053385799936,7.362413512243021e+34
774.4883536313823,7.361645099977441e+34
774.3714040127926,7.281942603398887e+34
774.2544897082222,7.3077746502303465e+34
774.1376107016783,7.301290915897579e+34
774.0207669771781,7.269832436743891e+34
773.9039585187478,7.319206825426949e+34
773.7871853104241,7.244885441819209e+34
773.6704473362528,7.214058380684973e+34
773.553744580289,7.260871546508495e+34
773.4370770265984,7.2364965414035085e+34
773.3204446592557,7.273075109267957e+34
773.203847462345,7.313464329212393e+34
773.0872854199604,7.235812971610751e+34
772.9707585162055,7.281429536840325e+34
772.854266735193,7.256920094175379e+34
772.7378100610464,7.255324688298951e+34
772.6213884778973,7.229291749228836e+34
772.5050019698878,7.3170186126374565e+34
772.3886505211692,7.258878019650861e+34
772.2723341159027,7.285055939544399e+34
772.1560527382585,7.319615095972195e+34
772.0398063724167,7.287625875263233e+34
771.9235950025667,7.2691461997410565e+34
771.8074186129078,7.268756900499566e+34
771.6912771876483,7.275780959815247e+34
771.5751707110066,7.319020470536346e+34
771.4590991672098,7.31464895002783e+34
771.3430625404955,7.324879402885192e+34
771.22706081511,7.3377737910377985e+34
771.1110939753091,7.351059182627103e+34
770.9951620053585,7.403016519043803e+34
770.879264889533,7.417453326182671e+34
770.7634026121173,7.379361566898618e+34
770.6475751574048,7.425375097539685e+34
770.5317825096992,7.447770140350595e+34
770.4160246533128,7.415662929185866e+34
770.3003015725682,7.371456072404767e+34
770.1846132517966,7.415127857406418e+34
770.068959675339,7.389389701579968e+34
769.953340827546,7.388982993735709e+34
769.8377566927771,7.39061043009683e+34
769.7222072554015,7.372077322980866e+34
769.606692499798,7.397534578190246e+34
769.4912124103544,7.349540666642186e+34
769.3757669714678,7.349858359682416e+34
769.260356167545,7.350740187106772e+34
769.1449799830019,7.339310324499859e+34
769.0296384022641,7.316890907535224e+34
768.9143314097661,7.344537594807927e+34
768.7990589899518,7.350353111328016e+34
768.6838211272749,7.313502705897579e+34
768.5686178061977,7.340625925042693e+34
768.4534490111926,7.332531789836144e+34
768.3383147267405,7.315595812230332e+34
768.2232149373323,7.327973339514947e+34
768.1081496274677,7.307859900007478e+34
767.9931187816558,7.329465461034539e+34
767.8781223844153,7.295823959678216e+34
767.7631604202736,7.280256938463106e+34
767.648232873768,7.233369799061568e+34
767.5333397294445,7.1660284112034185e+34
767.4184809718588,7.11671661464131e+34
767.3036565855755,6.996600185884232e+34
767.1888665551686,6.925731736306656e+34
767.0741108652213,6.803217130794152e+34
766.959389500326,6.685951649373632e+34
766.8447024450844,6.608862993078106e+34
766.7300496841073,6.389329089348128e+34
766.6154312020147,6.124209712598871e+34
766.500846983436,5.85890620572072e+34
766.3862970130094,5.546291533491313e+34
766.2717812753828,5.226537797418679e+34
766.1572997552128,4.902735367080721e+34
766.0428524371654,4.695489525779688e+34
765.9284393059157,4.5570178209763895e+34
765.814060346148,4.4324845606274e+34
765.6997155425557,4.3689137835239865e+34
765.5854048798413,4.341872340855844e+34
765.4711283427168,4.282537170321721e+34
765.3568859159027,4.229774066083499e+34
765.242677584129,4.241982499181507e+34
765.1285033321348,4.266528057396776e+34
765.0143631446681,4.281190026396522e+34
764.9002570064864,4.284608089085279e+34
764.786184902356,4.294435329617354e+34
764.6721468170522,4.274035148861526e+34
764.5581427353596,4.279219757501387e+34
764.444172642072,4.272396315739964e+34
764.3302365219918,4.255853299880705e+34
764.2163343599307,4.263980943346747e+34
764.1024661407095,4.259679693379697e+34
763.9886318491582,4.291035286614303e+34
763.8748314701154,4.291908327360322e+34
763.7610649884291,4.30364676702677e+34
763.6473323889562,4.326064225313056e+34
763.5336336565626,4.303542877402392e+34
763.4199687761234,4.321059576942036e+34
763.3063377325223,4.317447270059089e+34
763.1927405106524,4.349333880357866e+34
763.0791770954155,4.326023761933888e+34
762.9656474717226,4.348997848957774e+34
762.8521516244938,4.355894556017083e+34
762.7386895386576,4.366014082698594e+34
762.625261199152,4.368612118885749e+34
762.5118665909239,4.374934510749627e+34
762.3985056989288,4.40077206342087e+34
762.2851785081317,4.388846272890574e+34
762.171885003506,4.405477572435009e+34
762.0586251700344,4.38885009994958e+34
761.9453989927083,4.377666600336589e+34
761.832206456528,4.3663145451067755e+34
761.719047546503,4.373065852431573e+34
761.6059222476515,4.346633240824779e+34
761.4928305450004,4.346612833408951e+34
761.3797724235861,4.340547842402276e+34
761.2667478684531,4.335425903286849e+34
761.1537568646554,4.302182001382281e+34
761.0407993972558,4.312276884987234e+34
760.9278754513253,4.300148252935839e+34
760.8149850119448,4.301777622524247e+34
760.7021280642033,4.303602820836145e+34
760.5893045931988,4.269046218315587e+34
760.4765145840383,4.28105909487209e+34
760.3637580218377,4.267526933232269e+34
760.2510348917212,4.277719312287157e+34
760.1383451788225,4.247491291542115e+34
760.0256888682839,4.25218232817377e+34
759.9130659452559,4.228833052386662e+34
759.8004763948987,4.231085477414411e+34
759.6879202023808,4.218999796660245e+34
759.5753973528798,4.227550056432647e+34
759.4629078315816,4.229866721964037e+34
759.3504516236811,4.223690405656482e+34
759.2380287143823,4.195842958792963e+34
759.1256390888974,4.184291176626657e+34
759.0132827324479,4.198116687815586e+34
758.9009596302635,4.183130939156647e+34
758.7886697675831,4.194545378435323e+34
758.6764131296541,4.176094513774877e+34
758.5641897017325,4.182598281443644e+34
758.4519994690837,4.153795741414411e+34
758.3398424169808,4.159988263914831e+34
758.2277185307064,4.1430795421958364e+34
758.1156277955514,4.1572510979030405e+34
758.0035701968156,4.152097201787401e+34
757.8915457198075,4.1257661850959377e+34
757.7795543498441,4.1336014633432653e+34
757.6675960722513,4.125753805609855e+34
757.5556708723633,4.119335169976563e+34
757.4437787355234,4.1176644743413977e+34
757.3319196470833,4.1017005320484805e+34
757.2200935924036,4.08371851117202e+34
757.1083005568532,4.0377126038593507e+34
756.9965405258098,3.951590547716436e+34
756.8848134846598,3.8969598032040257e+34
756.7731194187983,3.8317405081961176e+34
756.6614583136287,3.7673824966988685e+34
756.5498301545631,3.737905558637805e+34
756.4382349270226,3.7105207471761772e+34
756.3266726164366,3.684087186945742e+34
756.2151432082427,3.6773267877597224e+34
756.1036466878879,3.681884840901631e+34
755.9921830408275,3.66988663479946e+34
755.8807522525248,3.681042690014861e+34
755.7693543084522,3.6755077906397753e+34
755.6579891940908,3.6613467141429255e+34
755.5466568949299,3.6640533142872756e+34
755.4353573964677,3.6543362731700717e+34
755.3240906842103,3.653887513996476e+34
755.2128567436732,3.6361469329934575e+34
755.1016555603799,3.648348035382033e+34
754.9904871198623,3.640084053262226e+34
754.8793514076614,3.627826202371949e+34
754.7682484093259,3.631501591860739e+34
754.657178110414,3.616343842922236e+34
754.5461404964914,3.6113012619282423e+34
754.435135553133,3.607562656613029e+34
754.3241632659219,3.608982025784046e+34
754.2132236204498,3.601428070531354e+34
754.1023166023166,3.591429691471657e+34
753.9914421971312,3.575855274811447e+34
753.8806003905102,3.575426747225753e+34
753.7697911680793,3.556706149594447e+34
753.6590145154727,3.5482024571015464e+34
753.5482704183323,3.522656011103742e+34
753.4375588623093,3.5213139509113407e+34
753.3268798330629,3.4892577730472554e+34
753.2162333162605,3.4793402254114354e+34
753.1056192975784,3.4593570505752725e+34
752.9950377627013,3.4480590234604986e+34
752.8844886973216,3.408801689928019e+34
752.7739720871413,3.382811687410387e+34
752.6634879178694,3.363984336210199e+34
752.5530361752245,3.3263210599975457e+34
752.4426168449329,3.2956462551241607e+34
752.3322299127295,3.289840659459002e+34
752.2218753643574,3.2981166073152137e+34
752.1115531855685,3.2998127670069755e+34
752.0012633621225,3.272733397795074e+34
751.8910058797877,3.251395316528836e+34
751.7807807243408,3.2650175974623315e+34
751.6705878815668,3.2471686408936614e+34
751.560427337259,3.2384257361331688e+34
751.450299077219,3.228030509615746e+34
751.3402030872569,3.2058006996218004e+34
751.2301393531909,3.2042586242432216e+34
751.1201078608476,3.202675112195367e+34
751.0101085960617,3.1814675956896472e+34
750.9001415446767,3.189009825956902e+34
750.7902066925438,3.1704994361701795e+34
750.6803040255231,3.1513631897039302e+34
750.5704335294824,3.150195280678409e+34
750.4605951902981,3.1251593424179824e+34
750.3507889938547,3.1300062886561733e+34
750.2410149260451,3.128003936716212e+34
750.1312729727704,3.123836866493664e+34
750.0215631199397,3.112406679206939e+34
749.911885353471,3.116162705166335e+34
749.80223965929,3.1027238407367803e+34
749.6926260233305,3.1132817893799335e+34
749.583044431535,3.0959992908234716e+34
749.4734948698539,3.0946819960108793e+34
749.3639773242461,3.0843552192975383e+34
749.2544917806782,3.0824536877892895e+34
749.1450382251256,3.0785453185692508e+34
749.0356166435714,3.0833916217915714e+34
748.9262270220073,3.0703510786706125e+34
748.8168693464327,3.0620773476908898e+34
748.7075436028556,3.050547289182247e+34
748.5982497772922,3.052804023774389e+34
748.4889878557663,3.036792809895056e+34
748.3797578243104,3.039659782863848e+34
748.2705596689651,3.037825279902285e+34
748.161393375779,3.021734127300887e+34
748.052258930809,3.0136415175909232e+34
747.9431563201197,3.007629983459731e+34
747.8340855297845,3.008273427381288e+34
747.7250465458842,2.9799122498863145e+34
747.6160393545083,2.977229057258367e+34
747.5070639417544,2.9655976606100294e+34
747.3981202937274,2.9680625300109844e+34
747.2892083965415,2.9494030249611036e+34
747.1803282363182,2.935337345251131e+34
747.0714797991872,2.9246365582138812e+34
746.9626630712864,2.914132256783893e+34
746.8538780387618,2.911780945399932e+34
746.7451246877673,2.8949109422980167e+34
746.6364030044649,2.8830744405252045e+34
746.527712975025,2.870087061042361e+34
746.4190545856255,2.859086312537619e+34
746.3104278224529,2.864880010824603e+34
746.201832671701,2.849607671573928e+34
746.0932691195726,2.845562593433174e+34
745.984737152278,2.842775275166152e+34
745.8762367560352,2.8363107932874825e+34
745.7677679170707,2.8253021974847296e+34
745.659330621619,2.8221030545265975e+34
745.5509248559223,2.807030345578452e+34
745.4425506062312,2.8174030586077523e+34
745.3342078588039,2.800389117763431e+34
745.2258965999068,2.7935390343765087e+34
745.1176168158144,2.8008197167270184e+34
745.0093684928089,2.776008274670638e+34
744.9011516171804,2.7890903864065675e+34
744.7929661752275,2.770762040163167e+34
744.6848121532562,2.77240063201221e+34
744.5766895375807,2.762523887275574e+34
744.4685983145231,2.761129735829524e+34
744.3605384704136,2.7505822938449316e+34
744.25250999159,2.7543231748442396e+34
744.1445128643984,2.7426256974184867e+34
744.0365470751923,2.723789241881392e+34
743.928612610334,2.709188612556636e+34
743.8207094561927,2.6901191626916255e+34
743.7128375991462,2.69315700660621e+34
743.60499702558,2.682081682108307e+34
743.4971877218876,2.68457149305044e+34
743.3894096744699,2.6778891972882027e+34
743.2816628697362,2.660650254798344e+34
743.1739472941036,2.6714187529869764e+34
743.0662629339971,2.656576057298704e+34
742.9586097758495,2.661687526331943e+34
742.8509878061011,2.645172093612725e+34
742.7433970112006,2.6408165696321713e+34
742.6358373776044,2.6325758824780303e+34
742.5283088917765,2.6188621139675773e+34
742.4208115401891,2.6147896623100964e+34
742.313345309322,2.6056409495453697e+34
742.2059101856629,2.594916404063043e+34
742.0985061557071,2.58996400230145e+34
741.9911332059581,2.585243103919575e+34
741.8837913229272,2.580805210513496e+34
741.776480493133,2.5725791908301406e+34
741.6692007031024,2.568034467556774e+34
741.5619519393699,2.56773286562507e+34
741.4547341884779,2.571251484487677e+34
741.3475474369762,2.5563852294696954e+34
741.240391671423,2.569048874017047e+34
741.1332668783838,2.5470782765444554e+34
741.026173044432,2.5444109266317686e+34
740.9191101561487,2.542245476289382e+34
740.812078200123,2.5346570206077057e+34
740.7050771629514,2.529899214607689e+34
740.5981070312386,2.5353261807550736e+34
740.4911677915961,2.5289072146362245e+34
740.3842594306445,2.529351001422113e+34
740.2773819350111,2.511181784276605e+34
740.1705352913311,2.529305647245284e+34
740.0637194862478,2.508066950646154e+34
739.9569345064117,2.502061014742702e+34
739.8501803384814,2.5024416244537947e+34
739.7434569691231,2.502776245624984e+34
739.6367643850106,2.5014306429692643e+34
739.5301025728252,2.4963371037392764e+34
739.4234715192564,2.4948796002482555e+34
739.3168712110011,2.4888577698478993e+34
739.2103016347636,2.489091964287673e+34
739.1037627772563,2.4928700301705004e+34
738.997254625199,2.4799689425751728e+34
738.8907771653195,2.4719363640451893e+34
738.7843303843526,2.4668010117314017e+34
738.6779142690414,2.46006879651525e+34
738.5715288061361,2.440816557076494e+34
738.4651739823951,2.4390802775077e+34
738.3588497845839,2.4339695873873125e+34
738.2525561994759,2.426747936025459e+34
738.146293213852,2.4152958125574357e+34
738.0400608145011,2.4120946754330906e+34
737.9338589882188,2.404701536558531e+34
737.8276877218095,2.390151858915238e+34
737.7215470020841,2.3914048068264964e+34
737.6154368158617,2.3858888406041857e+34
737.509357149969,2.3782991280295676e+34
737.4033079912397,2.3784210384029226e+34
737.2972893265159,2.3667691132363975e+34
737.1913011426466,2.3614068326591367e+34
737.0853434264886,2.3522763706747005e+34
736.9794161649065,2.347461701445127e+34
736.873519344772,2.343454698749125e+34
736.7676529529648,2.332397755126538e+34
736.6618169763717,2.3367233412259392e+34
736.5560114018871,2.3253448906905983e+34
736.4502362164133,2.317027635167814e+34
736.3444914068599,2.319130169658915e+34
736.2387769601437,2.3063082982423924e+34
736.1330928631896,2.302287148458541e+34
736.0274391029297,2.2966205958065407e+34
735.9218156663036,2.285947407279472e+34
735.8162225402584,2.2774793634817286e+34
735.7106597117487,2.273699058542721e+34
735.6051271677363,2.2643437185667583e+34
735.4996248951913,2.255932132254404e+34
735.3941528810905,2.257763307155077e+34
735.2887111124184,2.250234552487725e+34
735.1832995761669,2.242146204290943e+34
735.0779182593355,2.2419366429219875e+34
734.9725671489313,2.2401434552107985e+34
734.8672462319682,2.2310676952343384e+34
734.7619554954684,2.217901838168259e+34
734.656694926461,2.2126969487513776e+34
734.5514645119824,2.208329049980148e+34
734.446264239077,2.208804014400796e+34
734.3410940947961,2.2024795949901993e+34
734.2359540661987,2.198229432343357e+34
734.1308441403511,2.195994989221169e+34
734.0257643043271,2.1813664743088053e+34
733.9207145452077,2.172068660053229e+34
733.8156948500815,2.1715805548084094e+34
733.7107052060444,2.1636061092361634e+34
733.6057456001996,2.15646595797385e+34
733.5008160196578,2.1523720675388804e+34
733.3959164515372,2.136489112408666e+34
733.2910468829631,2.1393177323217904e+34
733.1862073010683,2.135010566404647e+34
733.0813976929929,2.1227459805645472e+34
732.9766180458844,2.111681639117429e+34
732.8718683468976,2.1096157383136705e+34
732.7671485831947,2.0889446684929438e+34
732.6624587419453,2.086864141748458e+34
732.5577988103262,2.079512918642454e+34
732.4531687755214,2.072855289114582e+34
732.3485686247227,2.0809927222378197e+34
732.2439983451286,2.0595524140943322e+34
732.1394579239454,2.0672659281636947e+34
732.0349473483865,2.0419766079565814e+34
731.9304666056726,2.0363441414777826e+34
731.8260156830316,2.034217255892973e+34
731.721594567699,2.0239813293472846e+34
731.6172032469171,2.0133838048981346e+34
731.5128417079362,2.0083545405496231e+34
731.4085099380131,2.0020881788064008e+34
731.3042079244125,1.9949493531548427e+34
731.1999356544057,1.9909440330645144e+34
731.0956931152718,1.9841411553897666e+34
730.9914802942972,1.9729708674032447e+34
730.887297178775,1.9621898815062634e+34
730.7831437560061,1.9563252915630148e+34
730.6790200132984,1.9469139044282884e+34
730.5749259379669,1.956102432165647e+34
730.470861517334,1.9582053254653339e+34
730.3668267387296,1.9674972395209208e+34
730.2628215894902,1.9760530651686356e+34
730.1588460569598,1.9666818765672727e+34
730.0549001284897,1.9703906369339393e+34
729.9509837914384,1.9602261136861196e+34
729.8470970331716,1.9564160590379274e+34
729.743239841062,1.9490812045549466e+34
729.6394122024897,1.9447417286256855e+34
729.5356141048416,1.9378082029359198e+34
729.4318455355124,1.9344008249017766e+34
729.3281064819035,1.927683957639879e+34
729.2243969314237,1.915335549334188e+34
729.1207168714889,1.9059901545906833e+34
729.0170662895218,1.9097158797635232e+34
728.913445172953,1.905968194558157e+34
728.8098535092195,1.9001028611453507e+34
728.7062912857659,1.8909247876297903e+34
728.6027584900437,1.8947519648257664e+34
728.4992551095118,1.8866469114145685e+34
728.3957811316358,1.885431930226695e+34
728.2923365438887,1.8734987991383986e+34
728.1889213337508,1.8733803211788058e+34
728.0855354887092,1.8650612205133099e+34
727.9821789962582,1.8628515942583053e+34
727.878851843899,1.8606329217812063e+34
727.7755540191406,1.8541131983527283e+34
727.672285509498,1.8475755862155256e+34
727.5690463024941,1.8445020274236998e+34
727.4658363856588,1.8377131986266343e+34
727.3626557465287,1.8302980567231484e+34
727.2595043726478,1.8317506440178119e+34
727.156382251567,1.8209964164892375e+34
727.0532893708445,1.806481183590553e+34
726.9502257180451,1.803951818689261e+34
726.8471912807411,1.791517629660805e+34
726.7441860465116,1.792118421256898e+34
726.6412100029429,1.780643210752076e+34
726.5382631376282,1.7751933320837444e+34
726.4353454381677,1.7657028972754444e+34
726.3324568921687,1.760992046700107e+34
726.2295974872457,1.7498933117328864e+34
726.1267672110197,1.736070974826079e+34
726.0239660511195,1.7354651917113665e+34
725.9211939951799,1.7198491704696641e+34
725.8184510308438,1.7054275962470403e+34
725.71573714576,1.7059418352362293e+34
725.6130523275853,1.7041534492021613e+34
725.5103965639828,1.7023712772397093e+34
725.4077698426229,1.6855691830339122e+34
725.3051721511827,1.6909831459554512e+34
725.2026034773465,1.6792285591173842e+34
725.1000638088057,1.674739575451058e+34
724.9975531332582,1.6648664367822344e+34
724.8950714384093,1.6627675654541953e+34
724.792618711971,1.6580610699820598e+34
724.6901949416625,1.6520658585377123e+34
724.5878001152096,1.6431973674180427e+34
724.485434220345,1.6413813185762321e+34
724.3830972448089,1.6324201198809522e+34
724.280789176348,1.6207571426209845e+34
724.1785100027157,1.6182509668480177e+34
724.076259711673,1.6156541990560783e+34
723.974038290987,1.6085485644043907e+34
723.8718457284323,1.6064036360109316e+34
723.7696820117902,1.6015922544258458e+34
723.667547128849,1.5954200684945462e+34
723.5654410674039,1.5922568991787234e+34
723.4633638152565,1.601165863227015e+34
723.3613153602159,1.5880993727786744e+34
723.2592956900979,1.593181293855665e+34
723.1573047927251,1.5993473438424748e+34
723.0553426559269,1.59640609665981e+34
722.9534092675399,1.6044449424003908e+34
722.8515046154068,1.6006756008020911e+34
722.7496286873783,1.596356630160325e+34
722.6477814713109,1.5975417605984252e+34
722.5459629550686,1.6064023520292847e+34
722.4441731265217,1.5967134883518895e+34
722.3424119735479,1.5889337714791871e+34
722.2406794840313,1.5768565402622392e+34
722.1389756458632,1.5809072664658896e+34
722.0373004469412,1.5741979523292805e+34
721.9356538751701,1.5714954276334338e+34
721.8340359184616,1.5623378734250871e+34
721.7324465647341,1.5577703532659198e+34
721.6308858019124,1.5531528221785959e+34
721.5293536179287,1.5462546468280274e+34
721.4278500007214,1.5327117588787706e+34
721.3263749382364,1.5371299566453858e+34
721.224928418426,1.535364641917062e+34
721.1235104292489,1.53116240870194e+34
721.022120958671,1.5289772418843174e+34
720.9207599946652,1.5200710650805217e+34
720.8194275252107,1.5264164990259e+34
720.7181235382935,1.5151910541680537e+34
720.6168480219069,1.5119958203078042e+34
720.51560096405,1.5093221664878581e+34
720.4143823527294,1.5083511666041173e+34
720.3131921759581,1.5050965553528846e+34
720.2120304217563,1.5044993922181415e+34
720.1108970781501,1.5002517067551852e+34
720.009792133173,1.4939236338809963e+34
719.9087155748653,1.484555320961442e+34
719.8076673912732,1.496024751962336e+34
719.7066475704503,1.4917831826855298e+34
719.605656100457,1.4866400046614631e+34
719.5046929693599,1.4901607895258282e+34
719.4037581652327,1.48037915531312e+34
719.3028516761555,1.4811387223909858e+34
719.2019734902152,1.484633845756397e+34
719.1011235955057,1.4774861005653982e+34
719.0003019801268,1.466246456651112e+34
718.8995086321859,1.4708126238462398e+34
718.7987435397963,1.4580323888357646e+34
718.6980066910785,1.4617020952487888e+34
718.5972980741592,1.4620732294187453e+34
718.4966176771723,1.4551306434942616e+34
718.3959654882578,1.4511157413958518e+34
718.2953414955628,1.4446884771468852e+34
718.1947456872406,1.4452876879195621e+34
718.0941780514515,1.4364045821577052e+34
717.9936385763623,1.4392216286568383e+34
717.8931272501463,1.4336650093971623e+34
717.7926440609837,1.4253639448541464e+34
717.6921889970611,1.4338808373160329e+34
717.5917620465718,1.425224037582477e+34
717.4913631977155,1.4186587989068469e+34
717.390992438699,1.4166561986346847e+34
717.2906497577351,1.4167797721171178e+34
717.1903351430436,1.4139287689571743e+34
717.0900485828507,1.4079349789929876e+34
716.9897900653895,1.4051118232064778e+34
716.8895595788991,1.4067691569833886e+34
716.7893571116257,1.3953137142741405e+34
716.6891826518216,1.3941482512683466e+34
716.5890361877464,1.3887181999079247e+34
716.4889177076653,1.392642397529434e+34
716.388827199851,1.3797176154745853e+34
716.288764652582,1.3698299244133406e+34
716.188730054144,1.3669595383797244e+34
716.0887233928285,1.3552622269863484e+34
715.988744656934,1.3487045258915846e+34
715.8887938347657,1.350872010304901e+34
715.788870914635,1.3437634879275344e+34
715.6889758848599,1.3449109766762146e+34
715.5891087337651,1.3367571156174065e+34
715.4892694496815,1.33190783601009e+34
715.3894580209466,1.3298717313778865e+34
715.2896744359047,1.331441005765211e+34
715.1899186829063,1.321681629000669e+34
715.0901907503084,1.3234763436533227e+34
714.9904906264748,1.3141815407690016e+34
714.8908182997752,1.3144355734236965e+34
714.7911737585864,1.3097125721184907e+34
714.6915569912916,1.308173792302556e+34
714.5919679862799,1.3049036846173021e+34
714.4924067319475,1.2939987418483087e+34
714.3928732166969,1.2959166193594904e+34
714.2933674289367,1.2923849554918447e+34
714.1938893570828,1.2878137571782205e+34
714.0944389895564,1.2907714217118878e+34
713.9950163147862,1.285137750213078e+34
713.8956213212067,1.2737134229760877e+34
713.7962539972591,1.2787260355581305e+34
713.6969143313909,1.2688743493429138e+34
713.5976023120562,1.2663811726082403e+34
713.4983179277154,1.2618022542920288e+34
713.3990611668356,1.2620300431196736e+34
713.2998320178896,1.2539381783087126e+34
713.2006304693573,1.2481583537591157e+34
713.1014565097249,1.243926770695777e+34
713.0023101274849,1.249323737745909e+34
712.903191311136,1.2468551555178131e+34
712.8041000491836,1.2465468307951757e+34
712.7050363301393,1.25088621300112e+34
712.6060001425212,1.2467229094499734e+34
712.5069914748539,1.2573904821947484e+34
712.408010315668,1.2473393356023698e+34
712.3090566535008,1.2509841826335431e+34
712.2101304768959,1.2611303748077806e+34
712.1112317744032,1.2521264028378072e+34
712.0123605345789,1.2489798600916578e+34
711.9135167459857,1.24471240299054e+34
711.8147003971926,1.2480693360493222e+34
711.7159114767749,1.24982030101293e+34
711.6171499733143,1.2551447401913424e+34
711.518415875399,1.2555485863685874e+34
711.419709171623,1.2570815400709828e+34
711.321029850587,1.2637611682699406e+34
711.2223779008982,1.256138147533705e+34
711.12375331117,1.251628326714401e+34
711.0251560700218,1.2524773537469898e+34
710.9265861660796,1.249408309572125e+34
710.8280435879757,1.2466040279291739e+34
710.7295283243485,1.2403963577585755e+34
710.6310403638431,1.239448705540953e+34
710.5325796951105,1.2420119826431603e+34
710.4341463068082,1.2368857111684785e+34
710.3357401875996,1.2346982841199406e+34
710.2373613261552,1.2342609774640904e+34
710.1390097111511,1.235348033964008e+34
710.0406853312696,1.2310964555000674e+34
709.9423881751997,1.2315318272286864e+34
709.8441182316365,1.2330574060360386e+34
709.7458754892812,1.233880027926156e+34
709.6476599368414,1.2288612462387166e+34
709.549471563031,1.2306858852184303e+34
709.4513103565703,1.2218447808541558e+34
709.3531763061852,1.2163434666901332e+34
709.2550694006086,1.2192339746684556e+34
709.156989628579,1.2162089975783457e+34
709.0589369788416,1.2102838900250322e+34
708.9609114401478,1.2128154955176318e+34
708.8629130012548,1.2084265014449974e+34
708.7649416509262,1.2009684928356053e+34
708.6669973779321,1.202465832817655e+34
708.5690801710485,1.1993121130592756e+34
708.4711900190579,1.195627529862133e+34
708.3733269107486,1.1937996660921218e+34
708.2754908349152,1.191033812198128e+34
708.1776817803586,1.1869258327771903e+34
708.0798997358862,1.1831832384975496e+34
707.982144690311,1.1856933921278527e+34
707.8844166324523,1.1793050542221409e+34
707.7867155511359,1.1763923519902712e+34
707.6890414351934,1.1782697784760528e+34
707.5913942734628,1.1740075003277942e+34
707.4937740547883,1.1657690811973763e+34
707.3961807680201,1.1618717476045576e+34
707.2986144020144,1.1587841577414407e+34
707.2010749456339,1.156633454563145e+34
707.1035623877473,1.1563726448931814e+34
707.0060767172295,1.156263222438628e+34
706.9086179229611,1.1492540200864416e+34
706.8111859938296,1.152222948821241e+34
706.7137809187279,1.1470314301863513e+34
706.6164026865556,1.1447097563489836e+34
706.519051286218,1.143760019902014e+34
706.4217267066267,1.1430721494670047e+34
706.3244289366993,1.1462388921521146e+34
706.2271579653597,1.1448389644799675e+34
706.1299137815377,1.140929329800486e+34
706.0326963741691,1.1397364182130355e+34
705.9355057321964,1.1366962460475194e+34
705.8383418445674,1.1361557656247993e+34
705.7412047002364,1.1272440365033137e+34
705.644094288164,1.1227933899076461e+34
705.5470105973161,1.120780322463651e+34
705.4499536166657,1.115826988886084e+34
705.3529233351908,1.1129822977754627e+34
705.2559197418764,1.1049545810175984e+34
705.158942825713,1.1020285517015845e+34
705.0619925756972,1.0993940206411642e+34
704.965068980832,1.0952281223848915e+34
704.8681720301261,1.094815919456099e+34
704.7713017125943,1.0881472271484992e+34
704.6744580172575,1.0831774880096634e+34
704.5776409331427,1.079996046558856e+34
704.4808504492827,1.0783897045033662e+34
704.3840865547166,1.0747975190001877e+34
704.2873492384894,1.0727452325117996e+34
704.190638489652,1.073343555019901e+34
704.0939542972615,1.0761812034766912e+34
703.9972966503809,1.0770774632007598e+34
703.9006655380792,1.0766495290097144e+34
703.8040609494317,1.073453813915092e+34
703.7074828735192,1.0717142457421156e+34
703.6109312994287,1.0706957014894958e+34
703.5144062162533,1.060698826598866e+34
703.417907613092,1.0518849398785923e+34
703.3214354790498,1.0521645090815986e+34
703.2249898032377,1.046688234792984e+34
703.1285705747724,1.041467033861498e+34
703.0321777827772,1.0335518384971434e+34
702.9358114163805,1.0349175831321545e+34
702.8394714647175,1.0298478722588375e+34
702.7431579169287,1.022013118556814e+34
702.646870762161,1.0193139357457213e+34
702.5506099895672,1.0202495817266543e+34
702.4543755883055,1.022907567702604e+34
702.3581675475409,1.020184048446016e+34
702.2619858564436,1.0182064032685658e+34
702.1658305041902,1.0157227624860475e+34
702.069701479963,1.0178861595010467e+34
701.9735987729503,1.0192566561697733e+34
701.8775223723461,1.0193961607911691e+34
701.7814722673508,1.0143684441024131e+34
701.6854484471701,1.0086785443045955e+34
701.5894509010163,1.0065433125410632e+34
701.4934796181069,9.977696866073102e+33
701.397534587666,9.928500302952743e+33
701.3016157989227,9.835768892286443e+33
701.2057232411131,9.806876234036554e+33
701.1098569034782,9.777170977190098e+33
701.0140167752654,9.720330945472974e+33
700.9182028457278,9.702978282556304e+33
700.8224151041247,9.648698519413713e+33
700.7266535397207,9.574971481555718e+33
700.6309181417867,9.613839655724394e+33
700.5352088995993,9.536072265945874e+33
700.439525802441,9.52242550865262e+33
700.3438688396002,9.489393853998083e+33
700.2482380003711,9.470482489460026e+33
700.1526332740538,9.511679442295588e+33
700.057054649954,9.522819325437213e+33
699.9615021173836,9.550753594649919e+33
699.86597566566,9.481381199931702e+33
699.7704752841069,9.445421449683124e+33
699.6750009620532,9.408461141285409e+33
699.579552688834,9.417511541630659e+33
699.4841304537904,9.330124969871842e+33
699.3887342462689,9.321683838074426e+33
699.2933640556219,9.289228969449106e+33
699.1980198712077,9.262373728211744e+33
699.1027016823907,9.206642007420881e+33
699.0074094785406,9.215225308658589e+33
698.912143249033,9.170419448247143e+33
698.8169029832494,9.162084834061881e+33
698.7216886705772,9.124742037958651e+33
698.6265003004095,9.10817085612485e+33
698.5313378621449,9.098534573777251e+33
698.4362013451881,9.08500657678971e+33
698.3410907389497,9.07005124011144e+33
698.2460060328455,9.042185404663618e+33
698.1509472162976,8.998026771318766e+33
698.0559142787338,8.990852181049717e+33
697.9609072095872,8.954099383123167e+33
697.8659259982973,8.899242221702098e+33
697.7709706343087,8.870242312547647e+33
697.6760411070724,8.887025949765856e+33
697.5811374060446,8.822350130474481e+33
697.4862595206876,8.82811130387229e+33
697.391407440469,8.787893931131754e+33
697.2965811548627,8.756140601142792e+33
697.2017806533478,8.672845203317153e+33
697.1070059254097,8.611993229297571e+33
697.0122569605387,8.52525987856597e+33
696.9175337482316,8.46950955706224e+33
696.8228362779906,8.34921340666756e+33
696.7281645393234,8.360458631953632e+33
696.6335185217437,8.349024315770166e+33
696.5388982147708,8.285336178512437e+33
696.4443036079298,8.278551878869894e+33
696.3497346907511,8.255760673367966e+33
696.2551914527713,8.210160968279878e+33
696.1606738835324,8.166678197785569e+33
696.066181972582,8.120506199075762e+33
695.9717157094735,8.068103256450373e+33
695.8772750837663,8.02740762824821e+33
695.7828600850247,8.001911015996984e+33
695.6884707028192,7.965829096219355e+33
695.5941069267261,7.94334001225444e+33
695.4997687463269,7.847627351607998e+33
695.405456151209,7.820182800259513e+33
695.3111691309654,7.813138923942757e+33
695.2169076751946,7.782909087512913e+33
695.1226717735012,7.766711877777657e+33
695.0284614154949,7.709957765644802e+33
694.9342765907915,7.716839317649133e+33
694.8401172890118,7.67029327056966e+33
694.7459834997829,7.660058885563448e+33
694.6518752127372,7.622361875363794e+33
694.5577924175127,7.563852123660315e+33
694.4637351037529,7.566918034998792e+33
694.3697032611072,7.550804536539258e+33
694.2756968792307,7.513812087355601e+33
694.1817159477838,7.476847141616964e+33
694.0877604564321,7.443018055220417e+33
693.9938303948478,7.410484199237064e+33
693.899925752708,7.381649376177882e+33
693.8060465196954,7.336511484078548e+33
693.7121926854987,7.323675750163828e+33
693.6183642398116,7.245388563543599e+33
693.524561172334,7.247024126670557e+33
693.4307834727707,7.243188995740726e+33
693.3370311308328,7.233897704758682e+33
693.2433041362361,7.270512642272375e+33
693.1496024787031,7.237057571034547e+33
693.0559261479605,7.230114284635722e+33
692.9622751337417,7.182534387635215e+33
692.8686494257852,7.152108487835887e+33
692.7750490138347,7.071151563462442e+33
692.6814738876402,7.019369034208299e+33
692.5879240369565,6.946497776060355e+33
692.4943994515445,6.925500011698695e+33
692.4009001211701,6.833461568773051e+33
692.3074260356053,6.778902483759646e+33
692.2139771846273,6.720424833431719e+33
692.1205535580187,6.633876886458064e+33
692.0271551455679,6.632447762323902e+33
691.9337819370686,6.602389512547433e+33
691.8404339223201,6.522468005452902e+33
691.7471110911274,6.527151991348492e+33
691.6538134333003,6.457985096965007e+33
691.5605409386552,6.421264185719731e+33
691.4672935970129,6.410870526112445e+33
691.3740713982003,6.35942811680201e+33
691.2808743320498,6.355928063879524e+33
691.1877023883992,6.317569241043749e+33
691.0945555570913,6.267705116821303e+33
691.0014338279752,6.282308102356881e+33
690.908337190905,6.222586854902232e+33
690.81526563574,6.235996608490538e+33
690.7222191523458,6.186634266290376e+33
690.6291977305924,6.187764251070561e+33
690.5362013603564,6.220156764660592e+33
690.4432300315187,6.168827551853784e+33
690.3502837339666,6.151066231659366e+33
690.2573624575923,6.16773561172984e+33
690.1644661922937,6.137646792008768e+33
690.0715949279737,6.12545196862643e+33
689.9787486545414,6.161306493429842e+33
689.8859273619107,6.103330110439832e+33
689.7931310400012,6.057865307693481e+33
689.7003596787376,6.073268281568978e+33
689.6076132680505,6.063581794629319e+33
689.5148917978756,6.050473968963506e+33
689.4221952581541,6.006377720804565e+33
689.3295236388327,6.002460903711181e+33
689.2368769298632,5.950223645432817e+33
689.1442551212033,5.933863641855194e+33
689.0516582028155,5.871771439394649e+33
688.9590861646682,5.859812162725171e+33
688.8665389967348,5.784529587656082e+33
688.7740166889945,5.739961201611652e+33
688.6815192314315,5.71198788928567e+33
688.5890466140355,5.653689222073314e+33
688.4965988268019,5.65717199361098e+33
688.4041758597308,5.632762047416286e+33
688.3117777028283,5.571510101601291e+33
688.2194043461055,5.591820403259316e+33
688.1270557795792,5.508342097843174e+33
688.0347319932711,5.45853069773471e+33
687.9424329772086,5.413323917702174e+33
687.8501587214241,5.412883918543304e+33
687.757909215956,5.355756431692023e+33
687.6656844508474,5.319855661383079e+33
687.573484416147,5.28154745375459e+33
687.4813091019088,5.224760874803232e+33
687.3891584981923,5.252341652742872e+33
687.2970325950618,5.262516955536504e+33
687.2049313825877,5.250574918025232e+33
687.1128548508451,5.188636658953483e+33
687.0208029899146,5.159410889090798e+33
686.9287757898823,5.109851179294947e+33
686.8367732408394,5.0671914677846735e+33
686.7447953328824,5.018816077473572e+33
686.6528420561133,4.9863899239953307e+33
686.5609134006392,4.947490762200535e+33
686.4690093565727,4.880536689844362e+33
686.3771299140313,4.846870314297564e+33
686.2852750631383,4.8118390361640316e+33
686.1934447940218,4.7602641884715085e+33
686.1016390968158,4.712889120750865e+33
686.009857961659,4.6638053104037333e+33
685.9181013786954,4.6095543785052927e+33
685.8263693380746,4.570269043062307e+33
685.7346618299515,4.5515705477085024e+33
685.6429788444858,4.4916380597151826e+33
685.5513203718431,4.4731307324493555e+33
685.4596864021935,4.4331833118265296e+33
685.368076925713,4.4325939450639917e+33
685.2764919325825,4.439502457794547e+33
685.1849314129884,4.402181429309e+33
685.0933953571222,4.3749056397494823e+33
685.0018837551803,4.383374604984689e+33
684.9103965973652,4.361094498153366e+33
684.8189338738838,4.360393320114622e+33
684.7274955749486,4.337634688779284e+33
684.6360816907774,4.3508720981517007e+33
684.5446922115927,4.340568035833966e+33
684.4533271276232,4.325795234015376e+33
684.3619864291018,4.3212977997725566e+33
684.2706701062673,4.309287197488184e+33
684.1793781493632,4.2886365030967494e+33
684.0881105486386,4.28572665107401e+33
683.9968672943479,4.2640396461901905e+33
683.9056483767499,4.250450745023084e+33
683.8144537861097,4.2344119656471786e+33
683.7232835126969,4.2219210098512425e+33
683.6321375467861,4.194986709509103e+33
683.5410158786578,4.159902792473814e+33
683.4499184985972,4.144264158285618e+33
683.3588453968948,4.103854388682919e+33
683.2677965638463,4.0964338266267806e+33
683.1767719897524,4.065709750511171e+33
683.0857716649192,4.031684643703079e+33
682.9947955796578,4.026708417884066e+33
682.9038437242843,3.977363349321589e+33
682.8129160891208,3.973290151612569e+33
682.7220126644934,3.998504128288377e+33
682.631133440734,3.9763792501075225e+33
682.5402784081797,3.984043408480307e+33
682.4494475571722,3.9579994462716895e+33
682.3586408780591,3.925732180162544e+33
682.2678583611927,3.8675681859917057e+33
682.1770999969302,3.852462784112266e+33
682.0863657756346,3.8334780654052666e+33
681.9956556876732,3.7998924871334695e+33
681.9049697234193,3.7551754668114167e+33
681.8143078732508,3.7282456084566206e+33
681.7236701275505,3.6657010355974276e+33
681.6330564767069,3.6435285987320506e+33
681.5424669111133,3.587147209568319e+33
681.4519014211679,3.5617442131896353e+33
681.3613599972746,3.5127369664362285e+33
681.2708426298417,3.471921040680728e+33
681.1803493092831,3.423720658187181e+33
681.0898800260177,3.372155709855156e+33
680.9994347704692,3.314350982348329e+33
680.9090135330666,3.2781522981903773e+33
680.8186163042443,3.220476920481624e+33
680.7282430744411,3.1830826626125886e+33
680.6378938341013,3.1327048644204914e+33
680.5475685736743,3.0841804940423445e+33
680.4572672836146,3.0455041250017735e+33
680.3669899543814,3.060676124234508e+33
680.2767365764394,3.048096808840045e+33
680.1865071402578,3.057464216909318e+33
680.0963016363116,3.054769672336759e+33
680.0061200550805,3.068630496034006e+33
679.915962387049,3.057758324786132e+33
679.8258286227068,3.0583647467307806e+33
679.735718752549,3.076441378295609e+33
679.6456327670752,3.0560837556987304e+33
679.5555706567906,3.072210380932038e+33
679.4655324122047,3.087914910419798e+33
679.3755180238326,3.079807502163664e+33
679.2855274821942,3.092315204010795e+33
679.1955607778148,3.0969513032300886e+33
679.105617901224,3.08725852810689e+33
679.0156988429574,3.0811829833310947e+33
678.9258035935543,3.064587008694622e+33
678.8359321435603,3.0490938005162175e+33
678.7460844835251,3.0273560503522644e+33
678.6562606040042,3.0098702051570314e+33
678.5664604955571,3.002307832809181e+33
678.4766841487492,2.970424145659499e+33
678.3869315541506,2.9647923539617303e+33
678.297202702336,2.941018872366576e+33
678.2074975838858,2.929608912867255e+33
678.1178161893847,2.9238249836682114e+33
678.0281585094228,2.893715294633371e+33
677.9385245345952,2.8989868910771367e+33
677.8489142555015,2.875119626396661e+33
677.759327662747,2.8583111237833116e+33
677.6697647469412,2.853650407776975e+33
677.5802254986991,2.83033842340505e+33
677.4907099086404,2.8343895681674465e+33
677.4012179673899,2.8253368695954425e+33
677.3117496655774,2.806913836164597e+33
677.2223049938374,2.8130049454554184e+33
677.1328839428094,2.8133052635544034e+33
677.0434865031381,2.8008126627622177e+33
676.954112665473,2.7765634991769585e+33
676.8647624204684,2.775794501242792e+33
676.7754357587837,2.7670397466158876e+33
676.6861326710831,2.7398058181627186e+33
676.596853148036,2.739141247515177e+33
676.5075971803163,2.7084287337070916e+33
676.4183647586033,2.715950468111175e+33
676.3291558735806,2.6894640718542714e+33
676.2399705159373,2.656959779845671e+33
676.1508086763672,2.6414788836583374e+33
676.0616703455689,2.638878889567382e+33
675.9725555142461,2.613040249472395e+33
675.8834641731073,2.6029837895917815e+33
675.7943963128658,2.6040671271379427e+33
675.70535192424,2.6071884005457786e+33
675.6163309979529,2.6052073891496937e+33
675.5273335247327,2.5913592198218845e+33
675.4383594953125,2.590093873158763e+33
675.3494089004299,2.5885259192557624e+33
675.2604817308277,2.5882755606770552e+33
675.1715779772536,2.5890305286561148e+33
675.0826976304597,2.5689648315398285e+33
674.9938406812038,2.5775314718349266e+33
674.9050071202478,2.585321993908904e+33
674.816196938359,2.575962723992281e+33
674.727410126309,2.5730281486577997e+33
674.6386466748747,2.5737006646350295e+33
674.5499065748379,2.571157130433646e+33
674.4611898169849,2.5591071482038006e+33
674.3724963921071,2.583284841013228e+33
674.2838262910008,2.5793382820630337e+33
674.1951795044665,2.564785463955455e+33
674.1065560233105,2.559062448259944e+33
674.0179558383436,2.548801294601984e+33
673.9293789403808,2.5745705943981148e+33
673.8408253202429,2.5397746696085263e+33
673.7522949687548,2.5277218028883292e+33
673.6637878767466,2.5090188110950442e+33
673.5753040350528,2.507675683690868e+33
673.4868434345135,2.478325804984916e+33
673.3984060659728,2.4769978859779933e+33
673.3099919202801,2.445602276971577e+33
673.2216009882893,2.4291339461828464e+33
673.1332332608594,2.4090213383877816e+33
673.0448887288537,2.397145656194136e+33
672.9565673831412,2.4026668535887116e+33
672.8682692145946,2.391567787874895e+33
672.7799942140921,2.3978180996464182e+33
672.6917423725165,2.3982806817241883e+33
672.6035136807554,2.4005186529114413e+33
672.5153081297012,2.38284470741582e+33
672.4271257102512,2.4015266076043626e+33
672.3389664133069,2.386957879669791e+33
672.2508302297754,2.3996247850741372e+33
672.1627171505678,2.3917674033454895e+33
672.0746271666005,2.3999994250073232e+33
671.9865602687946,2.4109642437977785e+33
671.8985164480757,2.3943155302742304e+33
671.8104956953742,2.4095177045615446e+33
671.7224980016256,2.4009542511066805e+33
671.6345233577697,2.3845103508548602e+33
671.5465717547513,2.4163678260589442e+33
671.4586431835197,2.416801435297615e+33
671.3707376350294,2.4114258948056615e+33
671.2828551002393,2.4210795722430405e+33
671.1949955701131,2.382453763975062e+33
671.107159035619,2.359015109994197e+33
671.0193454877304,2.3422215872915796e+33
670.9315549174252,2.3260017046860281e+33
670.8437873156856,2.3034959285480113e+33
670.7560426734995,2.290106830634478e+33
670.6683209818585,2.253517716057484e+33
670.5806222317594,2.2561690404852832e+33
670.4929464142037,2.2336227189613682e+33
670.4052935201977,2.2252110583104676e+33
670.317663540752,2.2099564566400082e+33
670.2300564668823,2.198433738950381e+33
670.1424722896088,2.1955024626419096e+33
670.0549109999564,2.181130178407581e+33
669.9673725889548,2.1769334114683826e+33
669.8798570476386,2.1598636835040016e+33
669.7923643670462,2.138605741267851e+33
669.7048945382218,2.1189378297045228e+33
669.6174475522134,2.1063741777340574e+33
669.5300234000742,2.0830576074183103e+33
669.4426220728622,2.0610203674991432e+33
669.3552435616392,2.039393160977871e+33
669.2678878574727,2.0130261042565812e+33
669.1805549514343,2.0008917851286585e+33
669.0932448346002,1.9855283712854957e+33
669.0059574980515,1.9463955023008192e+33
668.918692932874,1.9323918602755695e+33
668.8314511301579,1.9457183388604902e+33
668.7442320809982,1.940470906907649e+33
668.6570357764948,1.940005774040501e+33
668.5698622077515,1.935031362675309e+33
668.4827113658773,1.9169374186725806e+33
668.395583241986,1.904403859926058e+33
668.3084778271955,1.8917539196526964e+33
668.2213951126287,1.8627360104323784e+33
668.1343350894131,1.8602371462984034e+33
668.0472977486806,1.836546067188769e+33
667.960283081568,1.8364375727820696e+33
667.8732910792165,1.8294234107883916e+33
667.786321732772,1.8387031726075608e+33
667.699375033385,1.8341226211469217e+33
667.6124509722107,1.8279655848987057e+33
667.5255495404086,1.8442326144013555e+33
667.4386707291434,1.8380158510420818e+33
667.3518145295837,1.8229217733774097e+33
667.2649809329032,1.8337881257307124e+33
667.17816993028,1.8289312055748462e+33
667.0913815128965,1.8330137000248121e+33
667.0046156719404,1.8212671734075238e+33
666.9178723986035,1.8033730785506084e+33
666.8311516840821,1.8081391511444804e+33
666.7444535195773,1.7849921899754985e+33
666.6577778962948,1.774833234741307e+33
666.5711248054446,1.7728809233590915e+33
666.4844942382416,1.7743223748818695e+33
666.3978861859051,1.7790780232937246e+33
666.3113006396588,1.7703983240412446e+33
666.2247375907315,1.764773935728958e+33
666.138197030356,1.7711427013061357e+33
666.0516789497698,1.773368284436721e+33
665.9651833402149,1.7680695752642193e+33
665.8787101929383,1.765433157641189e+33
665.7922594991911,1.7637348067631118e+33
665.7058312502289,1.7631163519948255e+33
665.619425437312,1.7697911579407827e+33
665.5330420517053,1.774564959233426e+33
665.4466810846782,1.773606200780674e+33
665.3603425275044,1.7697434063696533e+33
665.2740263714625,1.762207187771717e+33
665.1877326078352,1.7496872820934674e+33
665.1014612279104,1.7338117997186173e+33
665.0152122229797,1.7343373237478457e+33
664.9289855843396,1.7129509060472303e+33
664.8427813032913,1.7106071515993532e+33
664.7565993711403,1.694643667926881e+33
664.6704397791965,1.6850279210185936e+33
664.5843025187745,1.6644527111238417e+33
664.4981875811933,1.644332122241428e+33
664.4120949577766,1.627847855536127e+33
664.3260246398523,1.6075689765743737e+33
664.2399766187528,1.5954186559473303e+33
664.1539508858153,1.5805971882639038e+33
664.0679474323813,1.56343297636261e+33
663.9819662497966,1.5671339338125827e+33
663.8960073294119,1.566533462410667e+33
663.810070662582,1.5540141883616202e+33
663.7241562406664,1.5503981416377193e+33
663.6382640550289,1.5428725028750353e+33
663.552394097038,1.5395981616896555e+33
663.4665463580662,1.5256910475521928e+33
663.3807208294912,1.529624782341055e+33
663.2949175026947,1.5290377867154309e+33
663.2091363690625,1.5256601287059653e+33
663.123377419986,1.5230253334124956e+33
663.0376406468595,1.5199720421992678e+33
662.9519260410831,1.5263053648903463e+33
662.8662335940608,1.5156530030321423e+33
662.7805632972008,1.5227437070091132e+33
662.6949151419162,1.5225674768634648e+33
662.6092891196242,1.5182032701671474e+33
662.5236852217466,1.5291288824494034e+33
662.4381034397098,1.521609025193222e+33
662.3525437649444,1.5211324430846084e+33
662.2670061888851,1.521411365812262e+33
662.1814907029718,1.5311672795161067e+33
662.0959972986484,1.5193957217683354e+33
662.0105259673629,1.5091732403021905e+33
661.9250767005682,1.4944361107547384e+33
661.8396494897216,1.488012109711209e+33
661.7542443262846,1.4804115610656347e+33
661.6688612017231,1.49847223584746e+33
661.5835001075073,1.4834037783582984e+33
661.4981610351124,1.4667336893595143e+33
661.4128439760173,1.46329471122356e+33
661.3275489217054,1.446823406380278e+33
661.2422758636651,1.443273510224407e+33
661.1570247933885,1.423630180403879e+33
661.0717957023724,1.418812871067262e+33
660.9865885821176,1.409296742864705e+33
660.9014034241301,1.4059610218818105e+33
660.8162402199196,1.393374153740818e+33
660.7310989610004,1.3822050326660466e+33
660.6459796388909,1.3747875965701898e+33
660.5608822451144,1.3648395898401015e+33
660.475806771198,1.3480240138925837e+33
660.3907532086737,1.3409119371068776e+33
660.3057215490772,1.3167922614813185e+33
660.2207117839494,1.3046816413962238e+33
660.1357239048348,1.2975951671294794e+33
660.0507579032828,1.2832768484364552e+33
659.9658137708466,1.2723882978917178e+33
659.8808914990844,1.2577764044859764e+33
659.7959910795582,1.2548464161936663e+33
659.7111125038347,1.2485532534180514e+33
659.6262557634844,1.243410164385161e+33
659.541420850083,1.2350522148120233e+33
659.4566077552097,1.2281505172323873e+33
659.3718164704487,1.217941258629822e+33
659.2870469873878,1.2153802795455435e+33
659.20229929762,1.2056946403550795e+33
659.1175733927419,1.1974466549010335e+33
659.0328692643545,1.1886449884927764e+33
658.9481869040637,1.185617607939302e+33
658.8635263034791,1.1800948239642128e+33
658.7788874542149,1.16795350407213e+33
658.6942703478893,1.1697878677838698e+33
658.6096749761255,1.1738196382760115e+33
658.52510133055,1.1638386053378173e+33
658.4405494027944,1.1524960615048378e+33
658.3560191844944,1.140295693424806e+33
658.2715106672898,1.1295179905957306e+33
658.1870238428249,1.1170747543167582e+33
658.1025587027482,1.1071340224526306e+33
658.0181152387125,1.0968298979952022e+33
657.9336934423749,1.0799927826938104e+33
657.8492933053966,1.0728790587650237e+33
657.7649148194436,1.0576351984333941e+33
657.6805579761854,1.0500066494491174e+33
657.5962227672965,1.0343434594117663e+33
657.511909184455,1.0249497002760285e+33
657.4276172193441,1.0149609557139624e+33
657.3433468636506,1.0028120529171481e+33
657.2590981090656,9.90472289562206e+32
657.1748709472847,9.836221025097902e+32
657.0906653700079,9.747377595896405e+32
657.0064813689387,9.65458540003996e+32
656.9223189357858,9.612182664790088e+32
656.8381780622617,9.500392111494085e+32
656.754058740083,9.462058227245055e+32
656.6699609609708,9.421974400120386e+32
656.5858847166504,9.39269725056497e+32
656.5018299988512,9.312821946802337e+32
656.4177967993069,9.225093185062082e+32
656.3337851097555,9.203566487689334e+32
656.2497949219392,9.161522334702911e+32
656.1658262276043,8.987108094677627e+32
656.0818790185016,8.907381640548148e+32
655.9979532863858,8.826930075441832e+32
655.914049023016,8.745657610721373e+32
655.8301662201557,8.633639476967871e+32
655.746304869572,8.546164773632778e+32
655.6624649630371,8.404868410649736e+32
655.5786464923265,8.29862112488332e+32
655.4948494492205,8.2382639555978e+32
655.4110738255034,8.156884836022642e+32
655.3273196129637,8.128906140094912e+32
655.2435868033942,8.078023554892467e+32
655.1598753885917,7.977303597213631e+32
655.0761853603575,7.907571520364129e+32
654.9925167104966,7.771917701870855e+32
654.9088694308188,7.70853159484987e+32
654.8252435131375,7.612545020761012e+32
654.7416389492706,7.538365034032266e+32
654.6580557310403,7.401546472810731e+32
654.5744938502726,7.324144832395241e+32
654.4909532987981,7.242028797436642e+32
654.4074340684512,7.145750081022173e+32
654.3239361510704,7.064626873131102e+32
654.2404595384988,6.929052006510845e+32
654.1570042225834,6.830842600342358e+32
654.0735701951755,6.735350798196663e+32
653.9901574481304,6.64072182660149e+32
653.9067659733075,6.531440764974196e+32
653.8233957625706,6.390951839949217e+32
653.7400468077874,6.3129130722240416e+32
653.6567191008298,6.2282580591420375e+32
653.5734126335741,6.1950984111943095e+32
653.4901273979003,6.11818518238162e+32
653.406863385693,6.066403614220758e+32
653.3236205888406,6.0033913505993295e+32
653.2403989992357,5.896988884411081e+32
653.1571986087752,5.7787060972011174e+32
653.07401940936,5.690521237984212e+32
652.9908613928949,5.629141575580229e+32
652.9077245512891,5.519824251521863e+32
652.8246088764563,5.441059537393546e+32
652.7415143603133,5.40801806961095e+32
652.6584409947819,5.341595411300772e+32
652.5753887717879,5.283882675543837e+32
652.4923576832606,5.2500155642026484e+32
652.4093477211342,5.173126997814195e+32
652.3263588773464,5.113885364485797e+32
652.2433911438393,5.072711033332369e+32
652.160444512559,5.02309091409513e+32
652.0775189754557,5.002938055076981e+32
651.994614524484,4.971639257850298e+32
651.9117311516021,4.931957738798536e+32
651.8288688487725,4.932813519355727e+32
651.7460276079618,4.80233446106171e+32
651.6632074211406,4.773368268748897e+32
651.5804082802838,4.741782742085801e+32
651.4976301773703,4.7357620906921175e+32
651.4148731043828,4.753756095978517e+32
651.3321370533083,4.7158177731871196e+32
651.2494220161379,4.74225543301676e+32
651.1667279848668,4.710914574646485e+32
651.0840549514943,4.708105392501862e+32
651.0014029080234,4.7240652378028245e+32
650.9187718464613,4.6960590608537846e+32
650.8361617588197,4.686304776725821e+32
650.7535726371137,4.685037784618337e+32
650.6710044733632,4.633807162254661e+32
650.5884572595913,4.568630230418696e+32
650.5059309878258,4.526732043544311e+32
650.4234256500982,4.473032193298843e+32
650.3409412384443,4.416626130072359e+32
650.2584777449036,4.3668348177329854e+32
650.1760351615201,4.279214396146957e+32
650.0936134803412,4.220469887514315e+32
650.011212693419,4.171648827180533e+32
649.9288327928092,4.132518697789874e+32
649.8464737705717,4.0665291253721846e+32
649.7641356187704,4.047465912637823e+32
649.6818183294732,4.030992075235994e+32
649.5995218947519,4.0448362985689536e+32
649.5172463066825,4.036710073260756e+32
649.4349915573451,4.055392534336074e+32
649.3527576388235,4.027366011665563e+32
649.2705445432057,4.025530240544728e+32
649.1883522625836,4.025330808340659e+32
649.1061807890535,4.0400828083316945e+32
649.0240301147151,4.045131204491628e+32
648.9419002316722,4.0626919802999336e+32
648.8597911320333,4.0455698176359405e+32
648.7777028079099,4.032489523053467e+32
648.6956352514183,3.975419829532145e+32
648.6135884546782,3.9346491911898476e+32
648.5315624098137,3.9212993669557e+32
648.4495571089525,3.86611316217617e+32
648.3675725442268,3.832377985185525e+32
648.2856087077723,3.81249196161088e+32
648.2036655917288,3.7841946749933454e+32
648.1217431882404,3.748902095452698e+32
648.0398414894547,3.731676304749711e+32
647.9579604875236,3.68503605751758e+32
647.8761001746026,3.68232078095958e+32
647.7942605428516,3.6377675631623055e+32
647.7124415844341,3.6259012008579834e+32
647.630643291518,3.5921164284973295e+32
647.5488656562746,3.561046474417298e+32
647.4671086708796,3.533948017514181e+32
647.3853723275123,3.5008156342521924e+32
647.3036566183563,3.48120334328963e+32
647.2219615355989,3.4769433161841844e+32
647.1402870714313,3.438933165795768e+32
647.0586332180491,3.445503137591666e+32
646.9769999676512,3.443478164333437e+32
646.8953873124408,3.442484811959498e+32
646.8137952446249,3.433747409883363e+32
646.7322237564148,3.4474372666082696e+32
646.6506728400251,3.472115458060021e+32
646.5691424876748,3.454605712851702e+32
646.4876326915867,3.460186301462286e+32
646.4061434439873,3.483113481230101e+32
646.3246747371074,3.499323396028821e+32
646.2432265631816,3.4886689667503215e+32
646.1617989144482,3.505049798903457e+32
646.0803917831496,3.512009594442685e+32
645.9990051615321,3.5215996230369376e+32
645.9176390418457,3.5364736915498715e+32
645.8362934163448,3.526463751857466e+32
645.7549682772872,3.545709393895265e+32
645.6736636169347,3.564880700552002e+32
645.5923794275533,3.555409895042025e+32
645.5111157014123,3.585525686875538e+32
645.4298724307857,3.585070727240687e+32
645.3486496079507,3.586718001338641e+32
645.2674472251887,3.5870467581042764e+32
645.1862652747848,3.612841666418715e+32
645.1051037490283,3.628072285727484e+32
645.0239626402122,3.6329826992498605e+32
644.942841940633,3.6425750030546054e+32
644.8617416425918,3.6650647045692715e+32
644.7806617383932,3.666856319961784e+32
644.6996022203455,3.683494378823115e+32
644.6185630807611,3.69948767817933e+32
644.5375443119561,3.7267278154606094e+32
644.4565459062509,3.726486879019941e+32
644.3755678559693,3.7385161298667384e+32
644.2946101534387,3.735393477396733e+32
644.2136727909913,3.765974667702153e+32
644.1327557609624,3.742902731660329e+32
644.0518590556911,3.6644014686153584e+32
643.9709826675211,3.622200221845873e+32
643.8901265887989,3.5700129595980606e+32
643.8092908118757,3.530930068910341e+32
643.7284753291062,3.483193031832637e+32
643.6476801328489,3.4263235573442615e+32
643.5669052154662,3.375965730965757e+32
643.4861505693244,3.3233105844632805e+32
643.4054161867934,3.283630978703697e+32
643.3247020602473,3.230581203041888e+32
643.2440081820638,3.1901081385213836e+32
643.1633345446244,3.1537784478017577e+32
643.0826811403142,3.1324309518759016e+32
643.0020479615227,3.1077700600504354e+32
642.9214350006429,3.084573074624675e+32
642.8408422500715,3.0835160014092558e+32
642.7602697022093,3.1042595842077062e+32
642.6797173494604,3.110760938391404e+32
642.5991851842332,3.1224548629902884e+32
642.51867319894,3.1404362271206836e+32
642.4381813859961,3.147074900008647e+32
642.3577097378217,3.158031307156069e+32
642.27725824684,3.1757053522422895e+32
642.1968269054784,3.1939808909859048e+32
642.1164157061676,3.1987789877926387e+32
642.0360246413427,3.2140110921351928e+32
641.9556537034422,3.2192483726791036e+32
641.8753028849086,3.231699167581782e+32
641.794972178188,3.2440810372444954e+32
641.7146615757304,3.243097278879016e+32
641.6343710699895,3.255957035160617e+32
641.5541006534229,3.2550462071842244e+32
641.4738503184917,3.2792747055648415e+32
641.3936200576613,3.304172251636909e+32
641.3134098634002,3.3028776496620805e+32
641.2332197281812,3.323669852188015e+32
641.1530496444807,3.319018106189823e+32
641.0728996047785,3.343797461620256e+32
640.9927696015588,3.3540142233412195e+32
640.9126596273094,3.368007727689616e+32
640.8325696745211,3.375925868987655e+32
640.7524997356896,3.389043983792729e+32
640.6724498033136,3.3862926470618266e+32
640.5924198698957,3.420040357637192e+32
640.5124099279424,3.432520190454787e+32
640.4324199699637,3.405082349369019e+32
640.3524499884737,3.352732122370915e+32
640.2724999759898,3.264726969587775e+32
640.1925699250334,3.206422442727882e+32
640.1126598281297,3.149474673555301e+32
640.0327696778076,3.104438697322461e+32
639.9528994665993,3.0747994154952562e+32
639.8730491870413,3.0334058086605335e+32
639.7932188316737,3.012377748756974e+32
639.71340839304,2.9538217018468767e+32
639.6336178636876,2.9297891127266307e+32
639.553847236168,2.9137780041119268e+32
639.4740965030359,2.8739725451603548e+32
639.3943656568498,2.8382727398625828e+32
639.3146546901721,2.8112260632635074e+32
639.2349635955688,2.788851820828574e+32
639.1552923656096,2.7383894403500343e+32
639.075640992868,2.7139761991786944e+32
638.9960094699209,2.6977085487763146e+32
638.9163977893493,2.6523409711389254e+32
638.8368059437377,2.6305012723742607e+32
638.7572339256742,2.5930212022555827e+32
638.6776817277508,2.5674803782895676e+32
638.5981493425631,2.5351576659103553e+32
638.5186367627106,2.5213975157441446e+32
638.4391439807957,2.4961396398255978e+32
638.3596709894256,2.4831499653112953e+32
638.2802177812104,2.4654545337971476e+32
638.2007843487639,2.4563015012153265e+32
638.1213706847042,2.4434213675002337e+32
638.0419767816525,2.429265046878753e+32
637.9626026322336,2.4151453345692724e+32
637.8832482290766,2.422647543660366e+32
637.8039135648137,2.4170231080990453e+32
637.7245986320806,2.3947487597902415e+32
637.6453034235177,2.377938256180327e+32
637.5660279317677,2.379110405244686e+32
637.4867721494779,2.3757345544756863e+32
637.407536069299,2.3540012582557664e+32
637.3283196838851,2.3434650927135e+32
637.2491229858945,2.344935254021678e+32
637.1699459679885,2.327875516099804e+32
637.0907886228327,2.324846526756397e+32
637.0116509430958,2.3275827167147473e+32
636.9325329214503,2.3313315418386676e+32
636.8534345505726,2.3313155304422273e+32
636.7743558231423,2.3216430386216066e+32
636.6952967318431,2.3148537707780407e+32
636.6162572693619,2.3141943759419937e+32
636.5372374283896,2.3030486193530604e+32
636.4582372016205,2.2669112347033545e+32
636.3792565817525,2.282214652141838e+32
636.3002955614872,2.2554328108986843e+32
636.2213541335302,2.2630912717750527e+32
636.1424322905899,2.2243768018717968e+32
636.063530025379,2.2444864299175754e+32
635.9846473306135,2.229099416176932e+32
635.905784199013,2.2375208783378407e+32
635.8269406233012,2.2147417906227955e+32
635.7481165962047,2.225428897107883e+32
635.669312110454,2.2220287593256266e+32
635.5905271587833,2.21526851835249e+32
635.5117617339304,2.2211801694418532e+32
635.4330158286365,2.2131262779154153e+32
635.3542894356466,2.218462567215545e+32
635.2755825477093,2.2103754513022178e+32
635.1968951575765,2.2150081527612185e+32
635.1182272580041,2.2134158371724276e+32
635.0395788417513,2.201291694501508e+32
634.960949901581,2.2068428813750457e+32
634.8823404302598,2.19330138723703e+32
634.8037504205575,2.2047462693140088e+32
634.7251798652478,2.1934296661232804e+32
634.646628757108,2.177665817415531e+32
634.5680970889189,2.192200566087488e+32
634.4895848534646,2.192489221992799e+32
634.4110920435334,2.202447018351193e+32
634.3326186519163,2.2001196461494443e+32
634.2541646714088,2.214413925281339e+32
634.1757300948093,2.20594762297514e+32
634.0973149149199,2.206864674272898e+32
634.0189191245466,2.226625994381885e+32
633.9405427164986,2.2190041348395854e+32
633.8621856835887,2.22911300575778e+32
633.7838480186333,2.2336953392329446e+32
633.7055297144524,2.224067605336831e+32
633.6272307638694,2.2200604515295837e+32
633.5489511597114,2.1937595801175635e+32
633.4706908948091,2.1828852766586892e+32
633.3924499619965,2.1594317805807186e+32
633.3142283541114,2.150462254146563e+32
633.2360260639948,2.128646038495922e+32
633.1578430844917,2.1275872937978354e+32
633.0796794084504,2.108791711677328e+32
633.0015350287224,2.0968237194167248e+32
632.9234099381634,2.0930965632190548e+32
632.845304129632,2.0894903353849353e+32
632.7672175959908,2.0819795624868994e+32
632.6891503301056,2.0737331377215627e+32
632.6111023248458,2.075611209664901e+32
632.5330735730844,2.0563211624611624e+32
632.455064067698,2.0719261486012953e+32
632.3770738015664,2.049994097087918e+32
632.2991027675732,2.0360349174468605e+32
632.2211509586053,2.04097716813433e+32
632.1432183675535,2.0376261968709154e+32
632.0653049873113,2.0371526282725132e+32
631.9874108107766,2.0214927094647126e+32
631.9095358308505,2.0212162335626045e+32
631.8316800404373,2.0142599526232533e+32
631.753843432445,2.008379560807544e+32
631.6760259997853,2.0175816052268634e+32
631.5982277353729,2.0092854895626215e+32
631.5204486321268,2.025858383581996e+32
631.4426886829684,2.027739498676794e+32
631.3649478808236,2.0315033164364057e+32
631.2872262186211,2.0174133626764242e+32
631.2095236892934,2.023276416505674e+32
631.1318402857764,2.0297296828948357e+32
631.0541760010096,2.0439324092269085e+32
630.9765308279359,2.0384701191191577e+32
630.8989047595013,2.0638556237333806e+32
630.8212977886559,2.0634277163811334e+32
630.743709908353,2.055211673800067e+32
630.6661411115491,2.0855944101629806e+32
630.5885913912045,2.0905080619332805e+32
630.511060740283,2.083917698060784e+32
630.4335491517517,2.091941689767752e+32
630.3560566185811,2.1005163463404773e+32
630.2785831337452,2.1072085515604616e+32
630.2011286902215,2.108145973655223e+32
630.1236932809911,2.108335371740935e+32
630.0462768990382,2.129398251797049e+32
629.9688795373509,2.1357248513430214e+32
629.8915011889202,2.137777310995951e+32
629.814141846741,2.1421381926191333e+32
629.7368015038115,2.140248499646273e+32
629.6594801531331,2.146695664942761e+32
629.5821777877112,2.151645713663586e+32
629.5048944005539,2.1329389522827353e+32
629.4276299846734,2.1302277146262e+32
629.3503845330849,2.1461412177932604e+32
629.2731580388073,2.1460741683643733e+32
629.1959504948626,2.1497412408184286e+32
629.1187618942765,2.1464215935458043e+32
629.0415922300783,2.1768483607039443e+32
628.9644414953,2.19647671491474e+32
628.8873096829778,2.200472135813755e+32
628.8101967861511,2.1939826848052643e+32
628.7331027978623,2.2092946585798936e+32
628.6560277111577,2.2188135710661253e+32
628.5789715190868,2.2227020291564154e+32
628.5019342147025,2.232643407635638e+32
628.4249157910613,2.2216170413675373e+32
628.3479162412228,2.234509994892413e+32
628.2709355582501,2.2544200753174365e+32
628.1939737352101,2.269008411731899e+32
628.1170307651721,2.2621675717851245e+32
628.0401066412101,2.292174862313678e+32
627.9632013564005,2.399252853313565e+32
627.8863149038235,2.4135197883189375e+32
627.8094472765627,2.4060814812015828e+32
627.7325984677047,2.42995800750725e+32
627.6557684703401,2.44340251643298e+32
627.5789572775625,2.424772426937456e+32
627.5021648824688,2.4841798909841346e+32
627.4253912781596,2.6331634513693615e+32
627.3486364577386,2.7725421046368712e+32
627.2719004143131,2.7674933186746992e+32
627.1951831409934,2.786868376732934e+32
627.1184846308938,2.792699293839676e+32
627.0418048771312,2.7873670292620302e+32
626.9651438728264,2.8081764050927055e+32
626.8885016111035,2.8436123319431138e+32
626.8118780850897,2.9805329055768726e+32
626.7352732879159,2.9813003833845627e+32
626.6586872127162,2.9849704506117194e+32
626.5821198526279,2.9965443335103574e+32
626.5055712007919,3.1555538189919294e+32
626.4290412503524,3.1863933166210703e+32
626.3525299944569,3.3274482276451294e+32
626.276037426256,3.311076170889503e+32
626.1995635389042,3.336711228553891e+32
626.123108325559,3.327065726732869e+32
626.0466717793811,3.382242210020648e+32
625.9702538935351,3.4995198884960125e+32
625.893854661188,3.503450730685214e+32
625.8174740755112,3.5101273787332035e+32
625.7411121296786,3.518138684477119e+32
625.664768816868,3.564764370450321e+32
625.58844413026,3.6877116221874294e+32
625.5121380630392,3.702874168950101e+32
625.4358506083928,3.695484983160265e+32
625.3595817595117,3.746045412932281e+32
625.2833315095903,3.855469467510029e+32
625.2070998518259,3.8740450140564314e+32
625.1308867794195,3.861633461645046e+32
625.054692285575,3.91878124130003e+32
624.9785163635,4.032733060648524e+32
624.9023590064053,4.034404973718785e+32
624.8262202075048,4.045254152293416e+32
624.750099960016,4.076324292670066e+32
624.6739982571595,4.217946226540505e+32
624.5979150921595,4.204712901977041e+32
624.5218504582429,4.218749600148062e+32
624.4458043486405,4.361049945043952e+32
624.3697767565864,4.381465344040215e+32
624.2937676753173,4.356190393204029e+32
624.2177770980741,4.415006928162538e+32
624.1418050181002,4.5273000386343175e+32
624.0658514286428,4.5267780577172205e+32
623.9899163229522,4.5550627866906676e+32
623.9139996942821,4.6815009851415874e+32
623.8381015358893,4.6821215248560764e+32
623.7622218410341,4.6838149477768316e+32
623.68636060298,4.700159802890209e+32
623.6105178149934,4.693853176238625e+32
623.5346934703447,4.7321325791080625e+32
623.4588875623069,4.843550615725434e+32
623.3831000841567,4.843298775713537e+32
623.307331029174,4.872675648259429e+32
623.2315803906415,4.988590881552171e+32
623.155848161846,4.995253296275134e+32
623.080134336077,5.143219366725629e+32
623.0044389066271,5.146667748430575e+32
622.9287618667929,5.1419835753867574e+32
622.8531032098736,5.155789952635232e+32
622.7774629291715,5.146061444283931e+32
622.701841017993,5.286316430236824e+32
622.626237469647,5.297758085740373e+32
622.5506522774459,5.287193500432569e+32
622.4750854347054,5.43837169775797e+32
622.3995369347444,5.430136629032541e+32
622.3240067708853,5.582714358620752e+32
622.2484949364529,5.446971999530432e+32
622.1730014247762,5.4850119091132365e+32
622.097526229187,5.600864319842338e+32
622.0220693430203,5.601525837208288e+32
621.9466307596145,5.73848322728094e+32
621.8712104723112,5.733811838649269e+32
621.795808474455,5.734806548100885e+32
621.7204247593943,5.7410501115593086e+32
621.6450593204798,5.878433272048419e+32
621.5697121510664,5.873864982068528e+32
621.4943832445114,6.020147998852799e+32
621.419072594176,5.889670948387442e+32
621.3437801934243,6.019175844620983e+32
621.2685060356235,6.017989111647018e+32
621.1932501141442,6.157056804561666e+32
621.1180124223603,6.147819720468888e+32
621.0427929536486,6.140746326565404e+32
620.9675917013891,6.12841447945632e+32
620.8924086589655,6.2465188165401865e+32
620.8172438197644,6.2199759645439295e+32
620.7420971771753,6.223740603084217e+32
620.6669687245915,6.2093043561204344e+32
620.591858455409,6.3338715157606405e+32
620.5167663630272,6.4536056540256595e+32
620.4416924408487,6.306013855766676e+32
620.3666366822792,6.444144701197791e+32
620.2915990807279,6.43356844477585e+32
620.2165796296067,6.583413935404905e+32
620.141578322331,6.42969159948067e+32
620.0665951523193,6.562137743332703e+32
619.9916301129934,6.694483723869786e+32
619.9166831977783,6.692938261033454e+32
619.8417544001018,6.6987024533278e+32
619.766843713395,6.783598491149604e+32
619.6919511310927,6.81316420164513e+32
619.6170766466324,6.819687088781597e+32
619.5422202534547,6.812487449418866e+32
619.4673819450037,6.924961837968043e+32
619.3925617147263,6.939512465520126e+32
619.317759556073,6.9323089379078e+32
619.242975462497,7.063951616013915e+32
619.1682094274552,7.05480943611942e+32
619.0934614444069,7.164972534481396e+32
619.0187315068154,7.180831792666653e+32
618.9440196081466,7.184861428810274e+32
618.8693257418696,7.30482565888326e+32
618.794649901457,7.303294858223761e+32
618.7199920803841,7.30886555678248e+32
618.6453522721298,7.432912866665385e+32
618.5707304701757,7.404883198108181e+32
618.4961266680068,7.430757342687562e+32
618.4215408591112,7.54036477338903e+32
618.3469730369802,7.543136457746902e+32
618.2724231951083,7.634698472199997e+32
618.1978913269927,7.529294773139077e+32
618.1233774261343,7.665566574135049e+32
618.0488814860366,7.780513149507696e+32
617.974403500207,7.779339174242002e+32
617.8999434621552,7.86522255718018e+32
617.8255013653944,7.768564769601222e+32
617.7510772034408,7.87525155324878e+32
617.6766709698142,7.849489024018043e+32
617.6022826580368,7.961787904699669e+32
617.5279122616342,7.969292621375964e+32
617.4535597741354,8.006201579827859e+32
617.3792251890724,7.995172709481865e+32
617.3049084999799,8.00591448563997e+32
617.2306097003963,7.986907866955586e+32
617.1563287838627,8.060775614781557e+32
617.0820657439233,8.06468123777766e+32
617.0078205741257,8.178217284997954e+32
616.9335932680207,8.109688693986656e+32
616.8593838191615,8.221066590079312e+32
616.7851922211051,8.231064470405106e+32
616.7110184674115,8.253411098908536e+32
616.6368625516434,8.248675627487916e+32
616.5627244673669,8.308967297133018e+32
616.4886042081512,8.292150733973868e+32
616.4145017675686,8.400636421595516e+32
616.3404171391943,8.387567437920336e+32
616.2663503166069,8.337224227729959e+32
616.1923012933876,8.429273317827792e+32
616.1182700631214,8.430545178038486e+32
616.0442566193956,8.467641267503523e+32
615.9702609558011,8.46038598331372e+32
615.8962830659317,8.587145864856314e+32
615.8223229433844,8.578527082116325e+32
615.7483805817591,8.506214850280268e+32
615.6744559746588,8.616044698222918e+32
615.6005491156899,8.592194657076753e+32
615.5266599984612,8.58597738367541e+32
615.4527886165853,8.67501005843891e+32
615.3789349636772,8.65462151255625e+32
615.3050990333558,8.658129415915786e+32
615.231280819242,8.7624707064331e+32
615.1574803149607,8.751315144686736e+32
615.0836975141393,8.680365586235704e+32
615.0099324104085,8.84357276207593e+32
614.9361849974018,8.820063548539366e+32
614.8624552687564,8.814473270971092e+32
614.7887432181118,8.8152716017751e+32
614.7150488391106,8.904553483001454e+32
614.6413721253991,8.948292554675032e+32
614.567713070626,8.88364498079673e+32
614.4940716684436,8.872990037977085e+32
614.4204479125066,9.026053535915044e+32
614.346841796473,9.000317253276264e+32
614.2732533140043,8.986684694989203e+32
614.1996824587642,9.024332505864141e+32
614.1261292244201,9.121540229612457e+32
614.0525936046423,9.113115264975623e+32
613.9790755931037,9.147365552405981e+32
613.905575183481,9.14613450751588e+32
613.8320923694532,9.170745388459138e+32
613.7586271447028,9.159555293929294e+32
613.685179502915,9.258954377581371e+32
613.6117494377783,9.274746406302563e+32
613.5383369429838,9.266001228853997e+32
613.4649420122264,9.301677132926658e+32
613.391564639203,9.305922042415728e+32
613.3182048176145,9.311728970195087e+32
613.244862541164,9.30974191484401e+32
613.1715378035583,9.334237662353215e+32
613.0982305985066,9.414040103936137e+32
613.0249409197213,9.486772988219219e+32
612.9516687609182,9.526979100326118e+32
612.8784141158156,9.512712227253497e+32
612.8051769781351,9.526798858904534e+32
612.7319573416012,9.566708172199512e+32
612.6587551999412,9.59767724843615e+32
612.5855705468858,9.610948251996561e+32
612.5124033761683,9.649269422301615e+32
612.4392536815254,9.677755000917886e+32
612.3661214566966,9.664794758555608e+32
612.293006695424,9.717839677480431e+32
612.2199093914534,9.649145165913106e+32
612.1468295385331,9.6894504628478e+32
612.0737671304146,9.750669139960429e+32
612.0007221608522,9.771586589617407e+32
611.9276946236033,9.810451805214928e+32
611.8546845124283,9.866393422505993e+32
611.7816918210905,9.897249122590138e+32
611.7087165433563,9.866144417398884e+32
611.635758672995,9.977598900774743e+32
611.5628182037789,9.902689727202351e+32
611.4898951294831,9.971231035361554e+32
611.4169894438857,9.983321345435011e+32
611.3441011407681,1.0035430798417112e+33
611.2712302139144,1.006507492932745e+33
611.1983766571116,1.002724791938354e+33
611.1255404641498,1.0040616152118524e+33
611.0527216288222,1.0154595820563228e+33
610.9799201449244,1.0174112814810563e+33
610.9071360062557,1.0124132373865893e+33
610.8343692066178,1.021117857538495e+33
610.7616197398156,1.0242246022612063e+33
610.6888875996568,1.0204997463390079e+33
610.6161727799523,1.02915215943114e+33
610.5434752745156,1.0296348485115365e+33
610.4707950771635,1.0300835834340644e+33
610.3981321817156,1.0349563708229513e+33
610.3254865819943,1.0316580219748798e+33
610.2528582718248,1.0400414073132294e+33
610.1802472450362,1.0456009612057246e+33
610.1076534954593,1.0451428046292178e+33
610.0350770169285,1.0512319447551694e+33
609.962517803281,1.0509696446669753e+33
609.8899758483569,1.0583797257644575e+33
609.8174511459995,1.0585755030395125e+33
609.7449436900545,1.0564073005888252e+33
609.672453474371,1.0642493890755762e+33
609.5999804928007,1.0629076548238154e+33
609.5275247391984,1.0686897179899758e+33
609.4550862074219,1.0677799133938395e+33
609.382664891332,1.0686933060475257e+33
609.3102607847916,1.0748016149889177e+33
609.2378738816677,1.0739215389257502e+33
609.1655041758296,1.0742159654377086e+33
609.0931516611492,1.0870534412326176e+33
609.0208163315023,1.0843171423326218e+33
608.9484981807664,1.0842541222047286e+33
608.8761972028228,1.0881773511635708e+33
608.8039133915553,1.088724642111001e+33
608.7316467408508,1.0911700003494995e+33
608.659397244599,1.0993589316196442e+33
608.5871648966923,1.1037248045127662e+33
608.5149496910265,1.1023181034129757e+33
608.4427516215,1.1056449587110036e+33
608.3705706820139,1.1101476895067539e+33
608.2984068664724,1.1089310082561312e+33
608.2262601687828,1.113124427018549e+33
608.154130582855,1.117545320751793e+33
608.0820181026016,1.1122014848647902e+33
608.0099227219388,1.116770428872931e+33
607.9378444347849,1.1203612806983932e+33
607.8657832350617,1.1252721398532813e+33
607.7937391166934,1.1296866455856786e+33
607.7217120736073,1.1265457304733811e+33
607.6497020997335,1.1313891941038927e+33
607.5777091890052,1.135863516673792e+33
607.5057333353583,1.1369923658535098e+33
607.4337745327316,1.1394981897512296e+33
607.3618327750665,1.1421111503615836e+33
607.2899080563079,1.1484431230869278e+33
607.2180003704029,1.1453037321342048e+33
607.146109711302,1.1538188271306524e+33
607.0742360729581,1.1543165531291464e+33
607.0023794493275,1.1471398951674734e+33
606.9305398343687,1.1358370894609298e+33
606.8587172220435,1.1190831315088743e+33
606.7869116063166,1.1029267923857692e+33
606.7151229811554,1.0915004265573438e+33
606.6433513405301,1.0766307010870145e+33
606.5715966784139,1.0603558724936097e+33
606.4998589887828,1.044688145279452e+33
606.4281382656155,1.0310980530026236e+33
606.3564345028939,1.0183844608164295e+33
606.2847476946022,9.987143594453829e+32
606.2130778347281,9.865091961207854e+32
606.1414249172617,9.727114095808446e+32
606.069788936196,9.568041147047992e+32
605.998169885527,9.388924156550722e+32
605.9265677592533,9.28457376769912e+32
605.8549825513766,9.12403641184212e+32
605.7834142559011,8.951820644683465e+32
605.7118628668343,8.81590082912499e+32
605.640328378186,8.673523644320126e+32
605.5688107839693,8.480224135322769e+32
605.4973100781999,8.27409858691097e+32
605.4258262548964,7.990965057073281e+32
605.35435930808,7.755847887684909e+32
605.282909231775,7.490370771631323e+32
605.2114760200083,7.219343186100326e+32
605.1400596668099,6.923311677762551e+32
605.0686601662125,6.688529157137693e+32
604.9972775122512,6.409016135353957e+32
604.9259116989647,6.134579218802296e+32
604.8545627203939,5.877585778606099e+32
604.7832305705828,5.5999882748138586e+32
604.711915243578,5.330368537941307e+32
604.640616733429,5.0582950006792424e+32
604.5693350341885,4.757014766742992e+32
604.4980701399111,4.5032804838735234e+32
604.4268220446551,4.223465254569499e+32
604.355590742481,3.932561925747497e+32
604.2843762274526,3.681039114485076e+32
604.2131784936361,3.392955389214599e+32
604.1419975351006,3.113174350433657e+32
604.0708333459181,3.034166729390988e+32
603.9996859201633,2.992807965473074e+32
603.9285552519136,2.9579112649025186e+32
603.8574413352496,2.9163681475318456e+32
603.786344164254,2.8923946140077543e+32
603.715263733013,2.8573069595036947e+32
603.644200035615,2.8204756717868722e+32
603.5731530661516,2.7817248297258603e+32
603.502122818717,2.7546064529642132e+32
603.4311092874082,2.7289789856470703e+32
603.360112466325,2.6835408189377263e+32
603.2891323495699,2.6493086512572838e+32
603.2181689312482,2.6189860068355997e+32
603.1472222054682,2.5926779627092544e+32
603.0762921663405,2.542316830658421e+32
603.005378807979,2.5223285625890383e+32
602.9344821244999,2.481511254918985e+32
602.8636021100226,2.4486749631224478e+32
602.792738758669,2.413272889872283e+32
602.7218920645635,2.3887279156545267e+32
602.651062021834,2.362319552486261e+32
602.5802486246106,2.3477673005509098e+32
602.5094518670262,2.3310052654612016e+32
602.4386717432166,2.3125073608806907e+32
602.3679082473202,2.294525683138169e+32
602.2971613734784,2.284966000527818e+32
602.2264311158352,2.2668764832298853e+32
602.1557174685373,2.2579970483593105e+32
602.0850204257342,2.2395218946402703e+32
602.0143399815784,2.209188099975992e+32
601.9436761302245,2.2007161395556555e+32
601.8730288658305,2.1844788472331984e+32
601.8023981825568,2.1718553696740766e+32
601.7317840745667,2.156404341815413e+32
601.661186536026,2.1259074080158614e+32
601.5906055611036,2.119926947406553e+32
601.5200411439707,2.1076804474932336e+32
601.4494932788019,2.082612923968302e+32
601.3789619597737,2.0760906602539747e+32
601.308447181066,2.0496456480977788e+32
601.237948936861,2.0529545781573876e+32
601.1674672213438,2.0405021280200926e+32
601.0970020287024,2.0333752731584213e+32
601.026553353127,2.0268493152203785e+32
600.9561211888114,2.0164942058564466e+32
600.8857055299511,2.0160029831937073e+32
600.8153063707451,1.9945413967287097e+32
600.7449237053947,2.0074801979630754e+32
600.6745575281041,1.9923131912435734e+32
600.6042078330801,1.992234240404251e+32
600.5338746145324,1.973872067270289e+32
600.463557866673,1.9781980480800237e+32
600.3932575837173,1.9642256500060866e+32
600.3229737598829,1.9623460604233664e+32
600.25270638939,1.9509563665576596e+32
600.1824554664618,1.9552669855601345e+32
600.1122209853243,1.9347259283045532e+32
600.0420029402057,1.9359432691217072e+32
599.9718013253378,1.926067154208083e+32
599.9016161349539,1.9262386873805806e+32
599.8314473632909,1.9166635487137205e+32
599.7612950045882,1.921831206585737e+32
599.6911590530877,1.9204990457822477e+32
599.6210395030341,1.920338201195612e+32
599.5509363486749,1.9223788270425484e+32
599.48084958426,1.93039173072877e+32
599.4107792040425,1.9249557958246163e+32
599.3407252022776,1.932262791102198e+32
599.2706875732234,1.9363708325006918e+32
599.2006663111409,1.925090445342753e+32
599.1306614102937,1.932987775488379e+32
599.0606728649477,1.936533040857937e+32
598.990700669372,1.9332944489279897e+32
598.9207448178382,1.948472578449119e+32
598.8508053046204,1.9397060990877743e+32
598.7808821239955,1.9457499659459904e+32
598.7109752702431,1.9435476961491716e+32
598.6410847376455,1.9502432119587225e+32
598.5712105204875,1.9518450668385134e+32
598.501352613057,1.9528812589334868e+32
598.4315110096438,1.9468566002985013e+32
598.361685704541,1.956514677558426e+32
598.2918766920442,1.952220813948701e+32
598.2220839664517,1.954161525571134e+32
598.1523075220643,1.9690168107621337e+32
598.0825473531856,1.9566276859686864e+32
598.0128034541219,1.9580264961250583e+32
597.943075819182,1.9678755710521757e+32
597.8733644426775,1.9584032447109594e+32
597.8036693189223,1.9461166068542045e+32
597.7339904422334,1.9519610369542064e+32
597.6643278069305,1.945500388083104e+32
597.5946814073355,1.940751147335621e+32
597.5250512377733,1.930002346931252e+32
597.4554372925709,1.924988205807123e+32
597.385839566059,1.927359074526249e+32
597.3162580525698,1.9163758525017917e+32
597.2466927464388,1.9131614177405853e+32
597.1771436420042,1.906562404148608e+32
597.1076107336064,1.900144956300391e+32
597.0380940155886,1.9055781959365412e+32
596.9685934822969,1.8970393734939255e+32
596.8991091280797,1.8826562892939935e+32
596.829640947288,1.8722961272743195e+32
596.7601889342759,1.8636537704834526e+32
596.6907530833995,1.8517644108615133e+32
596.621333389018,1.838452433323802e+32
596.551929845493,1.827486136599328e+32
596.482542447189,1.8152004489002155e+32
596.4131711884726,1.801567096512427e+32
596.3438160637133,1.7851966654214008e+32
596.2744770672837,1.7782728790666315e+32
596.205154193558,1.771535596522192e+32
596.1358474369139,1.7642989696749014e+32
596.0665567917314,1.7520845567911617e+32
595.9972822523929,1.7425500840701926e+32
595.9280238132839,1.7412196516434903e+32
595.8587814687919,1.7343362531080295e+32
595.7895552133076,1.7260165112782074e+32
595.7203450412238,1.712578653667528e+32
595.6511509469365,1.702006351404376e+32
595.5819729248435,1.7002120404056824e+32
595.512810969346,1.687608615472024e+32
595.4436650748473,1.680915516239382e+32
595.3745352357535,1.6668837811713574e+32
595.3054214464731,1.6561328985551228e+32
595.2363237014176,1.6539316573355526e+32
595.1672419950006,1.635656678090883e+32
595.0981763216387,1.627092121820451e+32
595.0291266757508,1.6231070615845474e+32
594.9600930517586,1.6099708353223579e+32
594.8910754440861,1.6001860721039143e+32
594.8220738471605,1.5951552882701476e+32
594.7530882554107,1.5870506437842926e+32
594.684118663269,1.5882357990248772e+32
594.6151650651698,1.5851583897982232e+32
594.5462274555503,1.580009902239811e+32
594.47730582885,1.577518642543875e+32
594.4084001795113,1.5670788864134983e+32
594.3395105019791,1.5650659785529108e+32
594.2706367907008,1.5735004842023648e+32
594.2017790401264,1.5650978349262105e+32
594.1329372447085,1.5506831941062695e+32
594.0641113989021,1.5367745649731538e+32
593.9953014971652,1.5296627150523075e+32
593.9265075339578,1.5172593208218469e+32
593.8577295037428,1.5028036588498776e+32
593.7889674009857,1.4885245112988689e+32
593.7202212201545,1.4843336179066266e+32
593.6514909557195,1.4738059627320227e+32
593.5827766021541,1.4548246204063452e+32
593.5140781539338,1.4486723314195525e+32
593.4453956055369,1.430796532875037e+32
593.376728951444,1.4160054520249952e+32
593.3080781861386,1.4102279690545969e+32
593.2394433041064,1.3961386876560778e+32
593.170824299836,1.3909407115704696e+32
593.1022211678182,1.3884466612835403e+32
593.0336339025469,1.3822699896651874e+32
592.9650624985176,1.3717317795762972e+32
592.8965069502293,1.3618857012812437e+32
592.8279672521832,1.3593365011235693e+32
592.7594433988827,1.3542635773156254e+32
592.6909353848342,1.347705464863322e+32
592.6224432045466,1.346651037310237e+32
592.5539668525311,1.3384222297856453e+32
592.4855063233016,1.3368152771480172e+32
592.4170616113744,1.3362100540523423e+32
592.3486327112686,1.3278866762506157e+32
592.2802196175054,1.3238012832776626e+32
592.2118223246091,1.3104334160541212e+32
592.143440827106,1.3157871084992789e+32
592.0750751195251,1.308950787883821e+32
592.0067251963982,1.307795498767408e+32
591.9383910522594,1.299944624442093e+32
591.870072681645,1.291521108747285e+32
591.8017700790942,1.284182632214747e+32
591.7334832391491,1.2763588671398785e+32
591.6652121563535,1.2722329289061405e+32
591.5969568252541,1.2548641099059521e+32
591.5287172404002,1.2469863715635635e+32
591.4604933963436,1.2397643246043617e+32
591.3922852876384,1.2330948550924063e+32
591.3240929088415,1.223797274777871e+32
591.255916254512,1.2133483514518924e+32
591.1877553192118,1.2055416216390998e+32
591.1196100975052,1.1998672908807996e+32
591.0514805839589,1.195056205136279e+32
590.9833667731422,1.1908373386568163e+32
590.9152686596269,1.196990921428698e+32
590.8471862379873,1.1909415439163902e+32
590.7791195028003,1.1888448185406653e+32
590.711068448645,1.189917482575546e+32
590.6430330701035,1.1949429648496075e+32
590.5750133617596,1.2014241840412614e+32
590.5070093182006,1.2026153494683493e+32
590.4390209340155,1.2037151273820407e+32
590.3710482037961,1.204095896860202e+32
590.3030911221366,1.2043487323351681e+32
590.235149683634,1.2061395542867857e+32
590.1672238828872,1.20430021378416e+32
590.0993137144982,1.2077380434845976e+32
590.031419173071,1.2060277050703824e+32
589.9635402532123,1.2084681708392387e+32
589.8956769495314,1.2055331041222353e+32
589.82782925664,1.20532336043006e+32
589.759997169152,1.20237972872507e+32
589.6921806816842,1.2055758187552956e+32
589.6243797888555,1.203823095253462e+32
589.5565944852876,1.1942575358968894e+32
589.4888247656046,1.1799088075270982e+32
589.4210706244327,1.1748900562999392e+32
589.3533320564012,1.1645499075866224e+32
589.2856090561412,1.1524258745486736e+32
589.217901618287,1.1424336904689499e+32
589.1502097374746,1.1311589761507093e+32
589.0825334083432,1.1210831553587467e+32
589.0148726255338,1.1132689105725933e+32
588.9472273836902,1.1041095618854762e+32
588.8795976774588,1.1020515043717848e+32
588.8119835014883,1.0906431202259307e+32
588.7443848504295,1.0838005409066123e+32
588.6768017189362,1.076651216668323e+32
588.6092341016646,1.069782078943825e+32
588.541681993273,1.0633359468850867e+32
588.4741453884224,1.0580465030808207e+32
588.4066242817761,1.0478510449810712e+32
588.3391186680002,1.0413385990025215e+32
588.2716285417629,1.0444318544029885e+32
588.2041538977348,1.0422161158481813e+32
588.1366947305893,1.036985558697959e+32
588.0692510350019,1.042734786192616e+32
588.0018228056507,1.0421135814790902e+32
587.9344100372163,1.0456847774671129e+32
587.8670127243814,1.0457206141124768e+32
587.7996308618318,1.046402261781325e+32
587.7322644442551,1.0511907268985642e+32
587.6649134663414,1.0861180224583743e+32
587.5975779227838,1.0904040887023503e+32
587.5302578082772,1.1287169806007574e+32
587.462953117519,1.1293345646150847e+32
587.3956638452095,1.163650791908448e+32
587.328389986051,1.1298053858866281e+32
587.2611315347483,1.1676344970740912e+32
587.1938884860086,1.2035711988331555e+32
587.1266608345419,1.2083450302272692e+32
587.05944857506,1.2521874799079627e+32
586.9922517022775,1.2430973639585053e+32
586.9250702109116,1.270437841829201e+32
586.8579040956813,1.2588667613101331e+32
586.7907533513087,1.2870430563297037e+32
586.7236179725179,1.2739513129182266e+32
586.6564979540354,1.253578625467424e+32
586.5893932905906,1.2777958017945263e+32
586.5223039769145,1.2720550999842237e+32
586.4552300077412,1.2973414055025688e+32
586.388171377807,1.2935997021216322e+32
586.3211280818504,1.3109282455464167e+32
586.2541001146127,1.2982511834146637e+32
586.1870874708372,1.3356683369137565e+32
586.1200901452698,1.3209907189881548e+32
586.053108132659,1.3483952674556363e+32
585.9861414277552,1.340404722897622e+32
585.9191900253118,1.3642935134233858e+32
585.852253920084,1.358657245696549e+32
585.7853331068297,1.3769389276771265e+32
585.7184275803094,1.3746184171938485e+32
585.6515373352855,1.4071535794822098e+32
585.5846623665233,1.38844017964746e+32
585.5178026687902,1.4313984217413579e+32
585.4509582368559,1.471782227212537e+32
585.3841290654927,1.462845201607106e+32
585.3173151494755,1.4601040096128439e+32
585.2505164835808,1.4555948298661035e+32
585.1837330625883,1.4910841838004483e+32
585.1169648812797,1.4776256324907867e+32
585.0502119344393,1.5200691304606942e+32
584.9834742168533,1.5209590876417404e+32
584.916751723311,1.4998021795658623e+32
584.8500444486034,1.5437725600016085e+32
584.7833523875242,1.5428367140229015e+32
584.7166755348695,1.5748713409051516e+32
584.6500138854378,1.5657727830895372e+32
584.5833674340298,1.608032869078359e+32
584.5167361754485,1.6304511411172435e+32
584.4501201044997,1.6793586586701282e+32
584.3835192159911,1.6735873524510808e+32
584.316933504733,1.70519241295376e+32
584.250362965538,1.7026436694832223e+32
584.1838075932211,1.735675165630896e+32
584.1172673825997,1.734622566975773e+32
584.0507423284935,1.7695366055281277e+32
583.9842324257245,1.757915052778349e+32
583.9177376691172,1.8015486076956474e+32
583.8512580534983,1.801431794060092e+32
583.784793573697,1.8117654214198237e+32
583.7183442245448,1.824931824359332e+32
583.6519100008755,1.8365800617085484e+32
583.5854908975253,1.891437892831761e+32
583.5190869093328,1.8609062278187053e+32
583.4526980311389,1.9218277261752752e+32
583.3863242577868,1.8841209965174138e+32
583.3199655841221,1.8997206226107413e+32
583.2536220049926,1.9137466148324014e+32
583.1872935152488,1.9358289803511697e+32
583.1209801097434,1.982536669599209e+32
583.054681783331,1.9644759802046943e+32
582.9883985308692,2.0113526326506745e+32
582.9221303472176,1.991872128581359e+32
582.855877227238,1.9850681250651783e+32
582.7896391657949,2.038942449013354e+32
582.723416157755,2.0084426858207867e+32
582.657208197987,2.0611303282399895e+32
582.5910152813624,2.058317704745781e+32
582.5248374027548,2.0307468253222475e+32
582.4586745570401,2.0867413497575968e+32
582.3925267390969,2.0533838434014995e+32
582.3263939438056,2.1076784739497737e+32
582.2602761660489,2.108321214719605e+32
582.1941734007127,2.0951833442482595e+32
582.1280856426839,2.1370752244424762e+32
582.0620128868529,2.148839689652172e+32
581.9959551281119,2.17804969676922e+32
581.9299123613552,2.1751379893390226e+32
581.8638845814799,2.1927826519786662e+32
581.7978717833851,2.1980741080124647e+32
581.7318739619722,2.1999686540869035e+32
581.6658911121452,2.214159958883002e+32
581.5999232288101,2.23925849809424e+32
581.5339703068754,2.246103336507747e+32
581.468032341252,2.2593781460781997e+32
581.4021093268526,2.2680601477629253e+32
581.3362012585928,2.26767811621039e+32
581.2703081313904,2.3437402398919685e+32
581.204429940165,2.3030374884097056e+32
581.1385666798392,2.299164265885157e+32
581.0727183453373,2.3546021086122255e+32
581.0068849315865,2.3346022850831237e+32
580.9410664335156,2.3398332203084997e+32
580.8752628460564,2.397413594367797e+32
580.8094741641426,2.3585515499736666e+32
580.7437003827101,2.39571409546623e+32
580.6779414966974,2.4497110128948037e+32
580.6121975010451,2.4195619803949414e+32
580.5464683906962,2.425178098672072e+32
580.4807541605958,2.497719646728878e+32
580.4150548056915,2.5322968131468667e+32
580.3493703209332,2.510464920126896e+32
580.2837007012728,2.5513691447163103e+32
580.2180459416649,2.56897757632919e+32
580.1524060370659,2.547854053412734e+32
580.086780982435,2.5573733048711598e+32
580.0211707727332,2.6414893303095264e+32
579.9555754029242,2.6447247634337072e+32
579.8899948679735,2.663724400825275e+32
579.8244291628495,2.7084498725899174e+32
579.7588782825223,2.7137303898061657e+32
579.6933422219646,2.733334418724562e+32
579.6278209761512,2.7506392902236006e+32
579.5623145400593,2.792434171177721e+32
579.4968229086684,2.8198298558218203e+32
579.43134607696,2.8586567445901818e+32
579.3658840399183,2.9082868631800987e+32
579.3004367925294,2.9058613340450394e+32
579.2350043297816,2.9398564468612536e+32
579.169586646666,2.96726864970628e+32
579.1041837381754,2.977787348477188e+32
579.0387955993051,3.0477054661313053e+32
578.9734222250528,3.0488273690111554e+32
578.908063610418,3.077730896559255e+32
578.842719750403,3.1151786105687267e+32
578.7773906400121,3.139671892166384e+32
578.7120762742517,3.143619894956603e+32
578.6467766481306,3.213914478366198e+32
578.5814917566602,3.298845594892272e+32
578.5162215948535,3.2269794392413324e+32
578.4509661577263,3.281124770578511e+32
578.3857254402961,3.3122616037992406e+32
578.3204994375833,3.3872035136648944e+32
578.2552881446101,3.445284932986776e+32
578.190091556401,3.4332059046251976e+32
578.1249096679828,3.4483168605121695e+32
578.0597424743847,3.464552849322158e+32
577.9945899706379,3.574293950433744e+32
577.9294521517759,3.629162917835311e+32
577.8643290128343,3.599083525401166e+32
577.7992205488515,3.6709676704300704e+32
577.7341267548675,3.706248697099026e+32
577.6690476259247,3.750724412579153e+32
577.6039831570679,3.78125766436916e+32
577.538933343344,3.86100228754072e+32
577.4738981798023,3.855284730148526e+32
577.408877661494,3.891608638521491e+32
577.343871783473,3.9096213577099156e+32
577.2788805407948,3.999742778646837e+32
577.2139039285178,4.0707117290396665e+32
577.1489419417022,4.0661890020481825e+32
577.0839945754104,4.1376887477518434e+32
577.0190618247074,4.178025897255979e+32
576.9541436846599,4.212753528883524e+32
576.8892401503374,4.22679429090412e+32
576.824351216811,4.247921727859333e+32
576.7594768791545,4.290053338414864e+32
576.6946171324437,4.3327077575578135e+32
576.6297719717567,4.376537217339493e+32
576.5649413921738,4.4404236574993495e+32
576.5001253887773,4.521225688099572e+32
576.435323956652,4.571864256596291e+32
576.370537090885,4.565757357924829e+32
576.3057647865651,4.59185904887385e+32
576.2410070387839,4.613591089292613e+32
576.1762638426347,4.630566452744311e+32
576.1115351932134,4.7651811569973276e+32
576.0468210856178,4.7798536839568494e+32
575.9821215149482,4.811680615746888e+32
575.9174364763068,4.869712199568316e+32
575.8527659647981,4.888176125918739e+32
575.788109975529,4.947738994426251e+32
575.7234685036084,4.9578153042586374e+32
575.6588415441473,5.0283674854989114e+32
575.5942290922592,5.096587024164764e+32
575.5296311430594,5.1289147790183856e+32
575.4650476916659,5.188077961756987e+32
575.4004787331983,5.2571458276241255e+32
575.3359242627789,5.24121568291229e+32
575.271384275532,5.307115936902051e+32
575.206858766584,5.37125049706563e+32
575.1423477310634,5.391210237376253e+32
575.0778511641013,5.432186418780187e+32
575.0133690608307,5.5094285832135514e+32
574.9489014163865,5.497284469425121e+32
574.8844482259066,5.578711889915684e+32
574.8200094845301,5.6313469044558984e+32
574.755585187399,5.6556756359358815e+32
574.6911753296572,5.706567814445147e+32
574.6267799064508,5.792238949402242e+32
574.562398912928,5.858616175837189e+32
574.4980323442393,5.8723583906962484e+32
574.4336801955372,5.9137302012865596e+32
574.3693424619768,5.9346551516356745e+32
574.3050191387148,5.98296705604465e+32
574.2407102209104,6.0036841488990515e+32
574.176415703725,6.060844826420348e+32
574.1121355823219,6.1238930960492884e+32
574.047869851867,6.1379484285955156e+32
573.9836185075278,6.194727930614477e+32
573.9193815444744,6.194342808335717e+32
573.855158957879,6.2630393003143044e+32
573.7909507429158,6.3049562816241204e+32
573.7267568947614,6.3749443967098476e+32
573.6625774085941,6.415742830007544e+32
573.5984122795949,6.445768350007371e+32
573.5342615029465,6.465145262609613e+32
573.4701250738343,6.389621287641073e+32
573.4060029874453,6.3647452816511255e+32
573.3418952389688,6.30377324595091e+32
573.2778018235967,6.280634484199312e+32
573.2137227365223,6.2396135658047545e+32
573.1496579729417,6.166987506085229e+32
573.0856075280525,6.084349923493634e+32
573.0215713970553,5.959783179734014e+32
572.9575495751519,5.848047131180351e+32
572.8935420575472,5.740561608998734e+32
572.8295488394474,5.617748202733453e+32
572.7655699160613,5.4747940657988054e+32
572.7016052825996,5.3543305988205984e+32
572.6376549342755,5.248217283391506e+32
572.573718866304,5.119669594713035e+32
572.5097970739024,5.0126978269063215e+32
572.44588955229,4.872919434822675e+32
572.3819962966885,4.756875122173086e+32
572.3181173023213,4.664788250560241e+32
572.2542525644144,4.644222248672841e+32
572.1904020781956,4.687057014096545e+32
572.1265658388949,4.688094632806342e+32
572.0627438417446,4.7260189336471494e+32
571.9989360819789,4.716246038188587e+32
571.9351425548343,4.780500328410298e+32
571.8713632555493,4.797707828955562e+32
571.8075981793646,4.873499482291695e+32
571.743847321523,4.9062013978623215e+32
571.6801106772695,4.934457713098302e+32
571.6163882418509,4.9805368872015596e+32
571.5526800105166,5.003463622668408e+32
571.4889859785177,5.002676346849525e+32
571.4253061411077,5.050695186654276e+32
571.3616404935422,5.079426144968208e+32
571.2979890310786,5.138716841989435e+32
571.2343517489768,5.167121562033268e+32
571.1707286424985,5.218640614812459e+32
571.1071197069078,5.256768741558828e+32
571.0435249374707,5.234990294911561e+32
570.9799443294554,5.3222337044977676e+32
570.9163778781322,5.343697096208989e+32
570.8528255787735,5.378361126013538e+32
570.7892874266536,5.4163545314462404e+32
570.7257634170493,5.437542542108519e+32
570.6622535452393,5.464593418328269e+32
570.5987578065043,5.509360713199354e+32
570.5352761961273,5.574185927946015e+32
570.4718087093931,5.595643000684907e+32
570.4083553415891,5.601434182907986e+32
570.3449160880042,5.620634113315534e+32
570.28149094393,5.7026058981122065e+32
570.2180799046596,5.7262278764778994e+32
570.1546829654885,5.7840069661494196e+32
570.0913001217145,5.7771109016257466e+32
570.027931368637,5.841034957728772e+32
569.964576701558,5.837727987896515e+32
569.9012361157811,5.930605880649093e+32
569.8379096066124,5.929675877011763e+32
569.7745971693598,5.959966572394712e+32
569.7112987993335,6.047709437320928e+32
569.6480144918454,6.041735313328771e+32
569.5847442422101,6.075656819814511e+32
569.5214880457439,6.133007790533162e+32
569.4582458977652,6.190969392952817e+32
569.3950177935943,6.148643593050469e+32
569.331803728554,6.245875235269876e+32
569.2686036979688,6.2810581513766425e+32
569.2054176971657,6.321647674868195e+32
569.1422457214732,6.35424395982301e+32
569.0790877662223,6.3695733790658756e+32
569.015943826746,6.438747032299315e+32
568.9528138983793,6.450975474781423e+32
568.8896979764594,6.511683568040116e+32
568.8265960563252,6.56023201775132e+32
568.7635081333182,6.579603577402238e+32
568.7004342027815,6.620936276548409e+32
568.6373742600606,6.636007305615629e+32
568.5743283005029,6.708551569758694e+32
568.5112963194579,6.79784267416992e+32
568.448278312277,6.883660683965016e+32
568.3852742743142,6.9147382075028e+32
568.3222842009246,7.094059265050888e+32
568.2593080874665,7.123009980877791e+32
568.1963459292994,7.246675200296972e+32
568.1333977217851,7.246444224783052e+32
568.0704634602876,7.415561983082225e+32
568.007543140173,7.474385689230025e+32
567.9446367568089,7.503172482366995e+32
567.8817443055658,7.634148869512483e+32
567.8188657818156,7.692196913507644e+32
567.7560011809325,7.781511719968405e+32
567.6931504982927,7.834896134987793e+32
567.6303137292743,7.961648404154628e+32
567.567490869258,7.995125501170802e+32
567.5046819136257,8.100328426444546e+32
567.4418868577621,8.19710177660711e+32
567.3791056970537,8.283769481418226e+32
567.3163384268886,8.302424093670585e+32
567.2535850426575,8.404430245761415e+32
567.190845539753,8.528399025086383e+32
567.1281199135697,8.553434419577204e+32
567.0654081595042,8.664263362520945e+32
567.0027102729551,8.723899742938388e+32
566.9400262493232,8.809336861070967e+32
566.8773560840112,8.931120751005766e+32
566.8146997724239,8.975125184537917e+32
566.7520573099681,9.044542763392622e+32
566.6894286920525,9.169348766903131e+32
566.6268139140881,9.20433031266043e+32
566.5642129714877,9.298165940145645e+32
566.5016258596662,9.414579985398458e+32
566.4390525740406,9.496549028427443e+32
566.37649311003,9.575040414488644e+32
566.3139474630551,9.650628835944866e+32
566.2514156285391,9.751184523744846e+32
566.1888976019069,9.796648495616902e+32
566.1263933785857,9.853462477495477e+32
566.0639029540044,9.955394522595451e+32
566.0014263235944,1.008635495889857e+33
565.9389634827884,1.0217335778234324e+33
565.8765144270217,1.0252188829700573e+33
565.8140791517316,1.0326378520601181e+33
565.7516576523569,1.0431712013744427e+33
565.689249924339,1.0508800356765465e+33
565.6268559631211,1.0612572211306172e+33
565.5644757641483,1.0688513207105407e+33
565.5021093228678,1.0751114209236971e+33
565.4397566347287,1.0826525276260303e+33
565.3774176951824,1.0942743654925424e+33
565.315092499682,1.1033473978611284e+33
565.2527810436827,1.1137115331392349e+33
565.1904833226419,1.1224079397832235e+33
565.1281993320184,1.134661689535805e+33
565.0659290672739,1.1465429077536702e+33
565.0036725238714,1.15867927860663e+33
564.9414296972761,1.1745893831432226e+33
564.8792005829554,1.167218569888358e+33
564.8169851763782,1.1381085758556586e+33
564.754783473016,1.120560796955681e+33
564.6925954683419,1.101811818229075e+33
564.6304211578312,1.085284552906711e+33
564.5682605369609,1.0716211412943675e+33
564.5061136012102,1.0522217385510672e+33
564.4439803460606,1.0352731424542885e+33
564.3818607669949,1.017983683282835e+33
564.3197548594984,1.000692728535148e+33
564.2576626190584,9.82034255708449e+32
564.1955840411638,9.636937268879008e+32
564.1335191213057,9.426914317223364e+32
564.0714678549772,9.20557506291529e+32
564.0094302376735,8.984078585103279e+32
563.9474062648917,8.745727602008966e+32
563.8853959321307,8.511390680311024e+32
563.8233992348917,8.243125959569221e+32
563.7614161686774,8.02236593055266e+32
563.699446728993,7.75336359353627e+32
563.6374909113455,7.48391427408763e+32
563.5755487112436,7.251198529922116e+32
563.5136201241984,7.091698351941598e+32
563.4517051457227,7.01357298310037e+32
563.3898037713313,6.903129144302424e+32
563.3279159965412,6.797365836602432e+32
563.2660418168709,6.719207393752776e+32
563.2041812278414,6.608657906352689e+32
563.1423342249753,6.497692489000273e+32
563.0805008037975,6.411376922191244e+32
563.0186809598342,6.301452119489293e+32
562.9568746886144,6.200523418376967e+32
562.8950819856688,6.114632094029546e+32
562.8333028465295,5.9797481675644786e+32
562.7715372667312,5.889751445478524e+32
562.7097852418104,5.7798934514810604e+32
562.6480467673056,5.694470035637586e+32
562.5863218387572,5.582649581897529e+32
562.5246104517073,5.494306379519988e+32
562.4629126017003,5.362595871317627e+32
562.4012282842826,5.273516098717084e+32
562.3395574950022,5.1527640842094896e+32
562.2779002294094,5.065547191428068e+32
562.2162564830562,4.981334585859038e+32
562.1546262514967,4.900339048259286e+32
562.093009530287,4.828727819518052e+32
562.0314063149849,4.7445299539022686e+32
561.9698166011503,4.673201443125806e+32
561.9082403843453,4.596753176915225e+32
561.8466776601333,4.499740821871314e+32
561.7851284240804,4.4409364624484325e+32
561.723592671754,4.371252240197571e+32
561.6620703987239,4.278529365361497e+32
561.6005616005616,4.22089284236331e+32
561.5390662728406,4.1288255993246215e+32
561.4775844111364,4.0589566144729594e+32
561.4161160110262,3.969328496352817e+32
561.3546610680895,3.898803063872152e+32
561.2932195779075,3.809536150061491e+32
561.2317915360634,3.743111539454087e+32
561.1703769381422,3.644017675777207e+32
561.108975779731,3.556031890964246e+32
561.0475880564189,3.482222885920095e+32
560.9862137637967,3.410663003551245e+32
560.9248528974573,3.330979955173263e+32
560.8635054529954,3.2816994894695725e+32
560.8021714260077,3.2336655144653286e+32
560.740850812093,3.1542526387049782e+32
560.6795436068514,3.100315676948709e+32
560.618249805886,3.054608706131708e+32
560.5569694048006,2.99401769968872e+32
560.4957023992018,2.925974048131766e+32
560.4344487846979,2.867056293520892e+32
560.3732085568989,2.8110028666800443e+32
560.3119817114169,2.7358174698171025e+32
560.250768243866,2.6759332957822536e+32
560.1895681498619,2.6176248586095666e+32
560.1283814250226,2.560599221177485e+32
560.0672080649679,2.5000008879430046e+32
560.0060480653191,2.4552163631858687e+32
559.9449014217001,2.3905406620704327e+32
559.8837681297363,2.3305713302178717e+32
559.822648185055,2.2500786841924285e+32
559.7615415832855,2.2023427901200512e+32
559.7004483200591,2.149781030645908e+32
559.6393683910088,2.0883847674646796e+32
559.5783017917697,2.0495968127739044e+32
559.5172485179787,2.0442836978868036e+32
559.4562085652746,2.0189630622920733e+32
559.395181929298,2.011302601742535e+32
559.3341686056918,1.9942033754669728e+32
559.2731685901003,1.9845800438583706e+32
559.21218187817,1.9672590653060932e+32
559.1512084655493,1.9482718705138436e+32
559.0902483478883,1.9446996468513014e+32
559.0293015208392,1.9225944028515103e+32
558.968367980056,1.910119477212817e+32
558.9074477211947,1.8942545070196022e+32
558.8465407399128,1.875628730006717e+32
558.7856470318703,1.8641738750041367e+32
558.7247665927288,1.8567821381051508e+32
558.6638994181516,1.8293872427058632e+32
558.6030455038041,1.813208964768799e+32
558.5422048453536,1.804983589683185e+32
558.4813774384693,1.7848475290747778e+32
558.4205632788222,1.777200891551308e+32
558.3597623620851,1.7599216123235847e+32
558.298974683933,1.73310112894344e+32
558.2382002400424,1.6669924898788984e+32
558.177439026092,1.6028157395669318e+32
558.1166910377622,1.5387271807958195e+32
558.0559562707352,1.4646355819636791e+32
557.9952347206955,1.4048563288142757e+32
557.934526383329,1.3338097523261778e+32
557.8738312543235,1.2663014627481418e+32
557.8131493293691,1.2008447481525345e+32
557.7524806041574,1.1371488224550996e+32
557.6918250743822,1.065862867398928e+32
557.6311827357385,9.986172665619704e+31
557.5705535839242,9.327688553300515e+31
557.5099376146379,8.632535007103778e+31
557.4493348235812,7.980842579488341e+31
557.3887452064567,7.289150931889806e+31
557.3281687589695,6.633766715445729e+31
557.267605476826,5.925184491108204e+31
557.207055355735,5.2402595967565805e+31
557.1465183914066,4.562646593937512e+31
557.0859945795532,3.87872479141006e+31
557.0254839158891,3.188275182106545e+31
556.9649863961303,3.0513463637027076e+31
556.9045020159944,3.03779076005666e+31
556.8440307712011,3.003737936351877e+31
556.7835726574723,2.9958239630360855e+31
556.7231276705312,2.965774817341916e+31
556.6626958061032,2.9538637906162566e+31
556.6022770599155,2.921858589226761e+31
556.5418714276968,2.895301791617766e+31
556.4814789051784,2.876048877361438e+31
556.4210994880926,2.860398135473175e+31
556.3607331721742,2.835936032990772e+31
556.3003799531596,2.8192148948285947e+31
556.2400398267869,2.8028227232688344e+31
556.1797127887963,2.774721656574213e+31
556.1193988349298,2.743011729514118e+31
556.0590979609312,2.7326287910983917e+31
555.9988101625462,2.7011434545827344e+31
555.9385354355222,2.6942990684167696e+31
555.8782737756086,2.658364891858597e+31
555.8180251785566,2.652848815232812e+31
555.757789640119,2.623744876445843e+31
555.6975671560509,2.615177224811125e+31
555.6373577221091,2.5987076174552032e+31
555.5771613340519,2.5987144966674512e+31
555.5169779876397,2.59441264279485e+31
555.456807678635,2.589979912165578e+31
555.3966504028014,2.57590478210193e+31
555.3365061559051,2.5681921589825536e+31
555.2763749337139,2.5666489238137946e+31
555.2162567319971,2.563001251439822e+31
555.1561515465263,2.5507524340376776e+31
555.0960593730746,2.5402542823745253e+31
555.035980207417,2.5250340899210125e+31
554.9759140453305,2.531166529716323e+31
554.9158608825936,2.5332096734871555e+31
554.8558207149872,2.5181516564428523e+31
554.7957935382934,2.5103972140032125e+31
554.7357793482964,2.501550159140558e+31
554.6757781407822,2.4894480890377204e+31
554.6157899115389,2.4859255388909187e+31
554.5558146563556,2.4879897607607027e+31
554.4958523710243,2.4699116985786763e+31
554.435903051338,2.4696324786686126e+31
554.3759666930919,2.476167700503703e+31
554.316043292083,2.4700975415688887e+31
554.2561328441099,2.478868451065992e+31
554.1962353449733,2.493149005072599e+31
554.1363507904755,2.481132305727718e+31
554.0764791764208,2.4959865797014507e+31
554.016620498615,2.502095651723526e+31
553.9567747528661,2.5124916214688374e+31
553.8969419349836,2.5063096589291974e+31
553.837122040779,2.5183783121140895e+31
553.7773150660656,2.521905716640758e+31
553.7175210066584,2.522466017327851e+31
553.6577398583744,2.5294234560739486e+31
553.5979716170319,2.527312694301746e+31
553.5382162784518,2.5353631858952716e+31
553.4784738384562,2.545582363962264e+31
553.4187442928692,2.559958979538236e+31
553.3590276375166,2.55632498060921e+31
553.2993238682262,2.5541199078395754e+31
553.2396329808274,2.5685122015999884e+31
553.1799549711517,2.5781636894552514e+31
553.1202898350318,2.571484853704653e+31
553.0606375683029,2.5801676565277057e+31
553.0009981668017,2.600925518003459e+31
552.9413716263665,2.611314492921891e+31
552.8817579428376,2.6041051196428225e+31
552.822157112057,2.6201230112017155e+31
552.7625691298688,2.6212140941015504e+31
552.7029939921184,2.6424355669243103e+31
552.6434316946535,2.651967847856044e+31
552.583882233323,2.666897431587537e+31
552.5243456039782,2.6660903279085934e+31
552.4648218024716,2.6790836428626316e+31
552.4053108246583,2.6894343169132327e+31
552.3458126663942,2.7106301574047214e+31
552.2863273235376,2.709167183876626e+31
552.2268547919485,2.7291406863077507e+31
552.1673950674887,2.7310045957284787e+31
552.1079481460215,2.7492461870494e+31
552.0485140234124,2.742970551727375e+31
551.9890926955283,2.7636224243107422e+31
551.9296841582383,2.759429847886021e+31
551.8702884074128,2.772332356276073e+31
551.8109054389241,2.781639146823395e+31
551.7515352486469,2.793450757644358e+31
551.6921778324567,2.806750993005223e+31
551.6328331862312,2.814671983005849e+31
551.5735013058503,2.8359136104248623e+31
551.5141821871949,2.846973904104129e+31
551.4548758261484,2.856808099772204e+31
551.3955822185952,2.8750847047782095e+31
551.3363013604223,2.871126454906621e+31
551.2770332475179,2.8810407618829044e+31
551.2177778757721,2.89782597131575e+31
551.1585352410767,2.907213793503224e+31
551.0993053393256,2.9189866496542657e+31
551.0400881664141,2.9340172027861944e+31
550.9808837182394,2.94870427764567e+31
550.9216919907004,2.9586575368316775e+31
550.862512979698,2.967647961278268e+31
550.8033466811344,2.9731391188925953e+31
550.7441930909141,2.9933817802096093e+31
550.685052204943,3.0073751338571652e+31
550.6259240191287,3.013742000861392e+31
550.566808529381,3.018926299040019e+31
550.5077057316109,3.0324329276799656e+31
550.4486156217317,3.043603130409218e+31
550.389538195658,3.0429008609751063e+31
550.3304734493063,3.0597995102943788e+31
550.2714213785949,3.0442589731754375e+31
550.2123819794441,3.047756963576446e+31
550.1533552477753,3.056627470271689e+31
550.0943411795123,3.069533965021134e+31
550.0353397705803,3.062735271424388e+31
549.9763510169063,3.0583688414516958e+31
549.917374914419,3.063602404402792e+31
549.8584114590493,3.0720855507308126e+31
549.7994606467291,3.0696495635339846e+31
549.7405224733926,3.081932112894309e+31
549.6815969349755,3.0778457796485435e+31
549.6226840274152,3.073210907582434e+31
549.5637837466511,3.0920806323445194e+31
549.5048960886242,3.085517543563675e+31
549.4460210492771,3.1144550355990393e+31
549.3871586245543,3.1104808540190476e+31
549.3283088104021,3.117693226062037e+31
549.2694716027684,3.1166830789288492e+31
549.2106469976027,3.1238025844821904e+31
549.1518349908566,3.125812527949728e+31
549.0930355784833,3.1472490176066022e+31
549.0342487564374,3.1425965088319086e+31
548.9754745206758,3.1536705035755935e+31
548.9167128671567,3.169208483313175e+31
548.8579637918401,3.1664129007133897e+31
548.799227290688,3.1804692070261892e+31
548.7405033596638,3.189152534251501e+31
548.6817919947326,3.1883550499467565e+31
548.6230931918617,3.2042102745877526e+31
548.5644069470196,3.206104735531008e+31
548.5057332561769,3.2147233371843766e+31
548.4470721153054,3.22126683070837e+31
548.3884235203794,3.229697041454674e+31
548.3297874673743,3.2307663124497923e+31
548.2711639522674,3.2416515074160423e+31
548.2125529710379,3.2591054666749857e+31
548.1539545196664,3.2802943543148043e+31
548.0953685941354,3.2815828291493886e+31
548.0367951904291,3.2933207668036936e+31
547.9782343045334,3.3201992391549855e+31
547.919685932436,3.329390311353387e+31
547.8611500701262,3.3513726780807326e+31
547.8026267135951,3.362243749966057e+31
547.7441158588354,3.389881829655606e+31
547.6856175018415,3.383629985653538e+31
547.62713163861,3.402228332044369e+31
547.5686582651382,3.419517000343598e+31
547.5101973774262,3.431479682142408e+31
547.451748971475,3.4476557640496635e+31
547.3933130432879,3.4632986882247397e+31
547.3348895888694,3.4855751709569985e+31
547.276478604226,3.498537339589482e+31
547.2180800853661,3.4986306236882934e+31
547.1596940282991,3.513787906178854e+31
547.1013204290368,3.54135935951978e+31
547.0429592835925,3.555021845302957e+31
546.984610587981,3.564469241752421e+31
546.9262743382192,3.5856013269895715e+31
546.8679505303252,3.6114014897329163e+31
546.8096391603191,3.615979634280513e+31
546.7513402242226,3.6431021922103034e+31
546.6930537180594,3.6591602666379967e+31
546.6347796378544,3.6664893982501665e+31
546.5765179796346,3.6786091585999845e+31
546.5182687394282,3.6926329818206624e+31
546.4600319132659,3.7064020740642544e+31
546.4018074971792,3.725205404670674e+31
546.3435954872019,3.7401576223426303e+31
546.2853958793693,3.7569999664872424e+31
546.2272086697183,3.7623672796785202e+31
546.1690338542876,3.7943230843842837e+31
546.1108714291175,3.8038460455580083e+31
546.0527213902502,3.821176943649671e+31
545.9945837337294,3.8314456135246063e+31
545.9364584556004,3.8495180071294415e+31
545.8783455519103,3.868236820489927e+31
545.820245018708,3.89181422244418e+31
545.7621568520439,3.9013499563824183e+31
545.7040810479701,3.911905601478803e+31
545.6460176025405,3.9270103946609305e+31
545.5879665118106,3.9599183256445204e+31
545.5299277718376,3.964396309085573e+31
545.4719013786802,3.9938664852102556e+31
545.4138873283991,4.006544033373471e+31
545.3558856170565,4.011443455955031e+31
545.2978962407163,4.0396423754856444e+31
545.2399191954439,4.062006637977633e+31
545.1819544773068,4.058581100643002e+31
545.1240020823736,4.034120208674495e+31
545.0660620067151,4.0103458167940333e+31
545.0081342464036,4.006358967128459e+31
544.9502187975128,3.98392679467881e+31
544.8923156561185,3.9520186833934496e+31
544.8344248182977,3.9263473884850097e+31
544.7765462801295,3.9121408909104195e+31
544.7186800376945,3.878605546764295e+31
544.660826087075,3.859620719175089e+31
544.6029844243546,3.8575378748699117e+31
544.5451550456193,3.844236657060356e+31
544.487337946956,3.807876454100035e+31
544.4295331244539,3.7843227729755295e+31
544.3717405742033,3.7465645150004862e+31
544.3139602922967,3.7105297033923975e+31
544.2561922748276,3.6696748878400235e+31
544.1984365178919,3.6523070414097095e+31
544.1406930175866,3.613550532094456e+31
544.0829617700107,3.5844787929116327e+31
544.0252427712646,3.5477930331485645e+31
543.9675360174505,3.526475294732102e+31
543.9098415046722,3.499842495277545e+31
543.8521592290351,3.4656437299598712e+31
543.7944891866466,3.4290542479517524e+31
543.7368313736151,3.416077130902029e+31
543.6791857860513,3.377128127545471e+31
543.6215524200672,3.3517929571934014e+31
543.5639312717766,3.316043172258384e+31
543.5063223372946,3.2825089948873115e+31
543.4487256127385,3.258788327314225e+31
543.3911410942268,3.2314347012242695e+31
543.3335687778798,3.1961048350684057e+31
543.2760086598196,3.1720709077114984e+31
543.2184607361696,3.139647771916406e+31
543.1609250030554,3.1190431036343102e+31
543.1034014566034,3.097478460276757e+31
543.0458900929423,3.070162949395429e+31
542.9883909082024,3.0339769872179627e+31
542.9309038985153,3.0180838709684205e+31
542.8734290600146,2.9854750770068084e+31
542.8159663888354,2.953474184260839e+31
542.7585158811141,2.9381741642460085e+31
542.7010775329894,2.9073092348970445e+31
542.6436513406012,2.877240316087184e+31
542.5862373000908,2.8539564826057075e+31
542.528835407602,2.8227784876116405e+31
542.4714456592791,2.806359969704252e+31
542.4140680512689,2.7737772041579837e+31
542.3567025797197,2.7525848499806153e+31
542.2993492407809,2.7207279483793174e+31
542.2420080306041,2.7087105570998025e+31
542.1846789453424,2.681372076375835e+31
542.1273619811502,2.6543764346538405e+31
542.070057134184,2.62604222258817e+31
542.0127644006016,2.6101118325207756e+31
541.9554837765626,2.6220184124679345e+31
541.8982152582281,2.621562289429725e+31
541.8409588417608,2.6046475339802398e+31
541.7837145233251,2.5891196416728013e+31
541.7264822990871,2.5787405480064873e+31
541.6692621652145,2.5839384806383235e+31
541.6120541178765,2.562665500705027e+31
541.5548581532438,2.5639578304480663e+31
541.497674267489,2.5446222036292285e+31
541.4405024567862,2.540693939117075e+31
541.3833427173113,2.521501904310434e+31
541.3261950452413,2.5073274134316677e+31
541.2690594367555,2.4960676102592226e+31
541.2119358880341,2.494289212463714e+31
541.1548243952595,2.4919785952961675e+31
541.0977249546154,2.477319351396019e+31
541.0406375622873,2.463775672199059e+31
540.9835622144622,2.456758062830096e+31
540.9264989073284,2.4609644635693783e+31
540.8694476370766,2.448829663463142e+31
540.8124083998983,2.444878015399769e+31
540.7553811919871,2.44763948741091e+31
540.698366009538,2.4408677217611397e+31
540.6413628487475,2.4293681465384784e+31
540.584371705814,2.4450041685836855e+31
540.5273925769374,2.4391576404985195e+31
540.4704254583189,2.4338702827307535e+31
540.4134703461618,2.442963342526778e+31
540.3565272366708,2.435321805650857e+31
540.2995961260519,2.4421548223770357e+31
540.2426770105131,2.4318310180443893e+31
540.1857698862639,2.421153559081838e+31
540.1288747495153,2.4292999544343203e+31
540.0719915964798,2.426734977215814e+31
540.0151204233719,2.435193566963599e+31
539.9582612264072,2.428143741418322e+31
539.9014140018032,2.422623032201536e+31
539.8445787457791,2.431838324666601e+31
539.7877554545553,2.4275868280551194e+31
539.730944124354,2.4380332397148067e+31
539.6741447513991,2.412791160419898e+31
539.617357331916,2.4210692612247593e+31
539.5605818621315,2.4189300114809964e+31
539.5038183382743,2.406200718727905e+31
539.4470667565745,2.426811150089142e+31
539.3903271132639,2.409890617764258e+31
539.3335994045757,2.436114132078654e+31
539.2768836267448,2.4144462902854113e+31
539.220179776008,2.436052153062747e+31
539.1634878486029,2.418146143532723e+31
539.1068078407694,2.4395345774382234e+31
539.0501397487487,2.435542450118201e+31
538.9934835687836,2.4521262532313546e+31
538.9368392971186,2.4265162771182153e+31
538.8802069299995,2.4412799879293058e+31
538.8235864636738,2.4418942662609597e+31
538.766977894391,2.455711557962662e+31
538.7103812184013,2.45417793786241e+31
538.6537964319573,2.4753483502642076e+31
538.5972235313127,2.454414353994993e+31
538.540662512723,2.4829696967838903e+31
538.4841133724452,2.4714842769359154e+31
538.4275761067379,2.491344376332238e+31
538.3710507118611,2.493789921871111e+31
538.3145371840767,2.4976328139868306e+31
538.2580355196478,2.492907502061968e+31
538.2015457148393,2.518227190052451e+31
538.1450677659177,2.532268924825272e+31
538.0886016691509,2.520342753500767e+31
538.0321474208084,2.540302279183639e+31
537.9757050171614,2.5417619725757393e+31
537.9192744544825,2.557314015250619e+31
537.8628557290461,2.5497474207116427e+31
537.806448837128,2.5740649436701828e+31
537.7500537750054,2.5719122665047453e+31
537.6936705389572,2.585226483638928e+31
537.6372991252641,2.592934970778448e+31
537.5809395302081,2.599451306749801e+31
537.5245917500725,2.6139444380346755e+31
537.468255781143,2.6325120417800923e+31
537.4119316197058,2.630460946733254e+31
537.3556192620495,2.6380329443808764e+31
537.2993187044639,2.6518989096280533e+31
537.2430299432402,2.654001585857895e+31
537.1867529746717,2.660076134672712e+31
537.1304877950524,2.684189759057339e+31
537.0742344006788,2.6777409864151603e+31
537.0179927878484,2.680966996364008e+31
536.9617629528601,2.7079786080079325e+31
536.9055448920149,2.7080179851440474e+31
536.8493386016148,2.725157056708769e+31
536.7931440779638,2.728821397947466e+31
536.7369613173672,2.7303345331159012e+31
536.6807903161318,2.759419280408307e+31
536.6246310705661,2.7702778253412363e+31
536.5684835769802,2.759178313797097e+31
536.5123478316854,2.774104270287881e+31
536.4562238309948,2.801810175174756e+31
536.4001115712232,2.804052214489261e+31
536.3440110486866,2.7992087383559115e+31
536.2879222597028,2.807657169655366e+31
536.2318452005909,2.8339162062453465e+31
536.1757798676718,2.8519078515600444e+31
536.1197262572678,2.8587519019204515e+31
536.0636843657027,2.8763116800382406e+31
536.0076541893018,2.863087874812524e+31
535.9516357243922,2.8798492429705398e+31
535.8956289673023,2.898704804156484e+31
535.8396339143621,2.903710249909505e+31
535.7836505619031,2.929143155006004e+31
535.7276789062583,2.937259026120975e+31
535.6717189437626,2.9623398667410854e+31
535.6157706707515,2.9731704096568313e+31
535.5598340835634,2.9896020788985036e+31
535.503909178537,2.9713794153548636e+31
535.4479959520131,2.9936765900496966e+31
535.392094400334,3.018526678473774e+31
535.3362045198436,3.0242320090577522e+31
535.2803263068869,3.0496641333373447e+31
535.2244597578109,3.0477118583634724e+31
535.1686048689639,3.0645901675162255e+31
535.1127616366958,3.0723757538320073e+31
535.056930057358,3.0837772199052102e+31
535.0011101273035,3.0948357453577117e+31
534.9453018428866,3.1144731974657686e+31
534.8895052004632,3.112122411961407e+31
534.8337201963909,3.1147705530209616e+31
534.7779468270287,3.1441567000344747e+31
534.7221850887371,3.1572636477060153e+31
534.6664349778782,3.1703406474289488e+31
534.6106964908154,3.1873452763464337e+31
534.5549696239138,3.19670023941854e+31
534.4992543735401,3.2102859763138025e+31
534.4435507360623,3.2403410354489015e+31
534.3878587078501,3.2360054142185805e+31
534.3321782852746,3.2346191692007107e+31
534.2765094647084,3.267436206739853e+31
534.2208522425256,3.285573562016033e+31
534.1652066151019,3.2884034465207934e+31
534.1095725788146,3.2937931736753675e+31
534.0539501300422,3.313632447312584e+31
533.9983392651649,3.3494854931422263e+31
533.9427399805645,3.3556302842620752e+31
533.8871522726241,3.3600472959024334e+31
533.8315761377285,3.36859484604042e+31
533.7760115722639,3.391644721664441e+31
533.720458572618,3.3869070703237176e+31
533.66491713518,3.413637394807172e+31
533.6093872563406,3.4478376607864473e+31
533.553868932492,3.4445325624162996e+31
533.4983621600281,3.449502580991902e+31
533.442866935344,3.4806768526989273e+31
533.3873832548365,3.4849364368341317e+31
533.3319111149036,3.5095260830885212e+31
533.2764505119454,3.52317588412561e+31
533.2210014423628,3.5323170547985086e+31
533.1655639025587,3.5379252815056782e+31
533.1101378889372,3.5559124742613468e+31
533.054723397904,3.580483712112912e+31
532.9993204258665,3.590435590513397e+31
532.9439289692332,3.605858042808251e+31
532.8885490244143,3.6263182879054375e+31
532.8331805878215,3.6288275179182433e+31
532.7778236558681,3.6576912614929222e+31
532.7224782249688,3.660054314144632e+31
532.6671442915393,3.680921724813858e+31
532.6118218519978,3.6897469400077255e+31
532.5565109027631,3.705776852398616e+31
532.501211440256,3.7287118585980135e+31
532.4459234608985,3.7213340712926407e+31
532.3906469611142,3.753869372662677e+31
532.3353819373282,3.782341383246597e+31
532.2801283859669,3.789646372344768e+31
532.2248863034587,3.798306695782682e+31
532.1696556862328,3.815410501467943e+31
532.1144365307204,3.826985258437974e+31
532.0592288333537,3.8415551092354393e+31
532.004032590567,3.853662887174297e+31
531.9488477987957,3.8732857661354838e+31
531.8936744544766,3.8860905452287234e+31
531.8385125540481,3.887961576423006e+31
531.7833620939501,3.9035222280939717e+31
531.7282230706242,3.9329758820680437e+31
531.6730954805129,3.9388676376111e+31
531.6179793200606,3.9557555233470154e+31
531.5628745857132,3.9685109875506954e+31
531.5077812739179,3.970836047930966e+31
531.4526993811234,3.987343421313426e+31
531.3976289037798,4.016164380819192e+31
531.342569838339,4.0298172175267313e+31
531.2875221812541,4.035486344809851e+31
531.2324859289795,4.0505747650070066e+31
531.1774610779715,4.062895831225193e+31
531.1224476246877,4.080006404892173e+31
531.0674455655868,4.088665548123319e+31
531.0124548971296,4.122383859322831e+31
530.957475615778,4.138874046985483e+31
530.9025077179951,4.1466561635723425e+31
530.8475512002464,4.158590172033135e+31
530.7926060589976,4.177581622707986e+31
530.7376722907169,4.200867353171908e+31
530.6827498918734,4.217926833317384e+31
530.6278388589378,4.223857730318909e+31
530.5729391883825,4.244625119191705e+31
530.5180508766811,4.271700534388798e+31
530.4631739203085,4.293448559587882e+31
530.4083083157415,4.311219890173247e+31
530.3534540594579,4.326331648641365e+31
530.2986111479373,4.34331966719631e+31
530.2437795776608,4.35166854900535e+31
530.1889593451106,4.38332005407581e+31
530.1341504467706,4.385436522762861e+31
530.079352879126,4.414856418096287e+31
530.0245666386637,4.427197773785165e+31
529.9697917218718,4.453694036520449e+31
529.9150281252402,4.474737303897794e+31
529.8602758452596,4.4886022323469775e+31
529.8055348784228,4.503763166815281e+31
529.7508052212239,4.52356809538066e+31
529.6960868701583,4.528277315216763e+31
529.6413798217227,4.557372618545785e+31
529.5866840724157,4.576215293816801e+31
529.5319996187369,4.591869032040961e+31
529.4773264571877,4.616067024614529e+31
529.4226645842708,4.624999399319558e+31
529.3680139964903,4.648787809552173e+31
529.3133746903517,4.673923538689289e+31
529.258746662362,4.685287329240399e+31
529.2041299090298,4.697857708996661e+31
529.1495244268649,4.727791951904512e+31
529.0949302123787,4.741137895474298e+31
529.040347262084,4.758319443907805e+31
528.9857755724948,4.772768385682886e+31
528.931215140127,4.795668785119618e+31
528.8766659614978,4.80499941878852e+31
528.8221280331254,4.828693911364346e+31
528.76760135153,4.839788421678867e+31
528.7130859132329,4.831476484582845e+31
528.6585817147569,4.816455557443955e+31
528.6040887526265,4.775164354405983e+31
528.5496070233671,4.720830792587821e+31
528.4951365235062,4.664767585795793e+31
528.440677249572,4.597104553959093e+31
528.3862291980946,4.516792988550492e+31
528.3317923656056,4.46395286144765e+31
528.2773667486376,4.406760597510049e+31
528.2229523437252,4.3616511046911465e+31
528.168549147404,4.306801121785943e+31
528.1141571562109,4.236718319113749e+31
528.0597763666847,4.161561809382817e+31
528.0054067753654,4.091948664711489e+31
527.9510483787943,4.0081562251045106e+31
527.8967011735143,3.9499158262129275e+31
527.8423651560698,3.870649737216897e+31
527.7880403230063,3.7949429649111998e+31
527.733726670871,3.716657689104788e+31
527.6794241962123,3.6463777571118027e+31
527.6251328955804,3.5764477128256938e+31
527.5708527655264,3.5045515815838054e+31
527.5165838026032,3.4336617036360065e+31
527.4623260033652,3.37205891562046e+31
527.4080793643678,3.2907291536939024e+31
527.3538438821681,3.226710603747935e+31
527.2996195533244,3.153047618272327e+31
527.2454063743969,3.070972009489793e+31
527.1912043419467,3.009961749694297e+31
527.1370134525365,2.942971260955067e+31
527.0828337027306,2.8834793572401233e+31
527.0286650890941,2.8245062596405102e+31
526.9745076081945,2.7675447251374804e+31
526.9203612565997,2.7157487110959626e+31
526.8662260308796,2.6570045637754124e+31
526.8121019276055,2.6082877421183916e+31
526.7579889433498,2.564078894885771e+31
526.7038870746866,2.5108420312152576e+31
526.6497963181913,2.4629958369891377e+31
526.5957166704407,2.4090819187666776e+31
526.5416481280128,2.3711110459467704e+31
526.4875906874875,2.3136221205401515e+31
526.4335443454456,2.2606452747436945e+31
526.3795090984698,2.217966826897785e+31
526.3254849431437,2.1577309909382066e+31
526.2714718760525,2.1117977829128603e+31
526.217469893783,2.061271986541493e+31
526.163478992923,2.0056710671493506e+31
526.1094991700622,1.9559061805872553e+31
526.0555304217913,1.9091430223827807e+31
526.0015727447026,1.8557835935929133e+31
525.9476261353894,1.8075858454376043e+31
525.8936905904471,1.7592079459073918e+31
525.8397661064721,1.7252500564366337e+31
525.7858526800619,1.6947786989516084e+31
525.7319503078161,1.666504813856393e+31
525.678058986335,1.6353850829517186e+31
525.6241787122208,1.6188290481735444e+31
525.5703094820767,1.5858528253221994e+31
525.5164512925077,1.563983511391979e+31
525.4626041401199,1.5387616407528737e+31
525.4087680215208,1.513601502840463e+31
525.3549429333193,1.4891435404303072e+31
525.3011288721259,1.4594779791290674e+31
525.2473258345523,1.4403194265051903e+31
525.1935338172117,1.4099981121994732e+31
525.1397528167183,1.3890982224139788e+31
525.0859828296884,1.3656947555233823e+31
525.032223852739,1.346111438680496e+31
524.9784758824887,1.322483976858254e+31
524.9247389155579,1.3019436430235867e+31
524.8710129485679,1.2753556470547926e+31
524.8172979781414,1.2559524464300926e+31
524.7635940009026,1.2316417713370715e+31
524.7099010134772,1.2123239507569217e+31
524.656219012492,1.1920449254170132e+31
524.6025479945756,1.1688447185861127e+31
524.5488879563575,1.1631623299275358e+31
524.4952388944689,1.1432042995225524e+31
524.4416008055423,1.1339213638709812e+31
524.3879736862115,1.1162071657141622e+31
524.3343575331118,1.103607508317556e+31
524.2807523428796,1.0977690339597866e+31
524.2271581121531,1.0806787263368465e+31
524.1735748375718,1.0636811050131861e+31
524.120002515776,1.061797560961369e+31
524.0664411434082,1.0412320013132674e+31
524.0128907171116,1.0363231472194881e+31
523.9593512335313,1.019033421053133e+31
523.9058226893134,1.0092713716988426e+31
523.8523050811054,9.955984814329298e+30
523.7987984055565,9.908117692452651e+30
523.7453026593167,9.781012694545908e+30
523.6918178390381,9.672542062420448e+30
523.6383439413735,9.574690983459247e+30
523.5848809629773,9.479314115108048e+30
523.5314289005055,9.343626972096257e+30
523.4779877506151,9.280018713387762e+30
523.4245575099648,9.124409180012236e+30
523.3711381752141,9.064371049233408e+30
523.3177297430249,8.922889290480298e+30
523.2643322100593,8.964576375698227e+30
523.2109455729814,8.834411396689074e+30
523.1575698284566,8.801665347932242e+30
523.1042049731517,8.676036321963926e+30
523.0508510037346,8.687763095101858e+30
522.9975079168748,8.564954207556731e+30
522.944175709243,8.58960376816118e+30
522.8908543775116,8.458463120730853e+30
522.8375439183537,8.450588595187347e+30
522.7842443284444,8.367585090255317e+30
522.73095560446,8.349842637119238e+30
522.6776777430778,8.287072534787882e+30
522.6244107409769,8.272672467549434e+30
522.5711545948375,8.23815923977773e+30
522.5179093013413,8.137511336994928e+30
522.4646748571712,8.107618733644712e+30
522.4114512590116,8.044856665857104e+30
522.3582385035481,8.060784286353468e+30
522.3050365874678,7.961267906470566e+30
522.251845507459,7.996602405816396e+30
522.1986652602116,7.894695908437139e+30
522.1454958424165,7.882676611041985e+30
522.0923372507661,7.826527578171586e+30
522.0391894819544,7.789017511572715e+30
521.9860525326764,7.730724886817893e+30
521.9329263996284,7.749301508817495e+30
521.8798110795084,7.700549154385624e+30
521.8267065690155,7.719098767660762e+30
521.7736128648502,7.707340283358717e+30
521.7205299637143,7.706351387685666e+30
521.667457862311,7.668176185245967e+30
521.6143965573449,7.655805505383449e+30
521.5613460455219,7.636099601159977e+30
521.5083063235489,7.660294024381938e+30
521.4552773881348,7.634603741389209e+30
521.4022592359893,7.631636342052787e+30
521.3492518638236,7.61652776030097e+30
521.2962552683503,7.680502214975095e+30
521.2432694462833,7.591509134569204e+30
521.1902943943378,7.614961632248533e+30
521.1373301092304,7.613939040980916e+30
521.084376587679,7.626785026358003e+30
521.0314338264027,7.619447781643722e+30
520.9785018221223,7.583468288224331e+30
520.9255805715595,7.620007546581247e+30
520.8726700714377,7.635864992029629e+30
520.8197703184813,7.549101989595748e+30
520.7668813094162,7.641502330726498e+30
520.7140030409698,7.567239768478744e+30
520.6611355098704,7.616570925103449e+30
520.6082787128481,7.560006137905911e+30
520.555432646634,7.586912105008562e+30
520.5025973079605,7.577062765202373e+30
520.4497726935618,7.585172778447893e+30
520.3969588001727,7.598829278240266e+30
520.3441556245301,7.616649873735756e+30
520.2913631633714,7.577652105419904e+30
520.2385814134362,7.577961323744706e+30
520.1858103714646,7.595176509411747e+30
520.1330500341987,7.614224939784806e+30
520.0803003983815,7.608492602734668e+30
520.0275614607574,7.612871420738e+30
519.9748332180723,7.666028672378343e+30
519.9221156670731,7.643412869083457e+30
519.8694088045083,7.678144762019162e+30
519.8167126271277,7.72316470799988e+30
519.7640271316822,7.708130751304114e+30
519.7113523149243,7.722996264557487e+30
519.6586881736076,7.659863113285342e+30
519.6060347044871,7.673288566726003e+30
519.553391904319,7.695590200058071e+30
519.5007597698611,7.70598492364503e+30
519.4481382978723,7.680521274279411e+30
519.3955274851128,7.7577290626136e+30
519.3429273283441,7.73702057002355e+30
519.2903378243293,7.636741398751384e+30
519.2377589698323,7.580401044933832e+30
519.1851907616187,7.451277090390891e+30
519.1326331964553,7.393765720370865e+30
519.0800862711103,7.307141266025914e+30
519.0275499823531,7.228988117186708e+30
518.9750243269543,7.110234923707874e+30
518.922509301686,6.980024475153433e+30
518.8700049033216,6.928622732858972e+30
518.8175111286356,6.825328087393454e+30
518.7650279744041,6.79776911248986e+30
518.7125554374044,6.752915593339625e+30
518.6600935144148,6.690455795398911e+30
518.6076422022155,6.617935492367052e+30
518.5552014975874,6.553857409072168e+30
518.5027713973132,6.586287511228688e+30
518.4503518981763,6.481436786063565e+30
518.3979429969621,6.431708064572865e+30
518.345544690457,6.413575309461716e+30
518.2931569754484,6.409724190262372e+30
518.2407798487255,6.368160776314566e+30
518.1884133070785,6.2845888730055e+30
518.1360573472988,6.24788849141079e+30
518.0837119661795,6.193027700895458e+30
518.0313771605146,6.13584056539446e+30
517.9790529270996,6.137760160042346e+30
517.9267392627313,6.035021337681533e+30
517.8744361642076,5.984206029626928e+30
517.8221436283279,5.991479201971157e+30
517.7698616518929,5.894774383588436e+30
517.7175902317045,5.857607724558373e+30
517.6653293645658,5.826435430273053e+30
517.6130790472813,5.791279256783104e+30
517.560839276657,5.758661573314458e+30
517.5086100494997,5.740550674428116e+30
517.4563913626179,5.706571547668536e+30
517.4041832128213,5.684471732674308e+30
517.3519855969207,5.670439465571201e+30
517.2997985117285,5.64583894304539e+30
517.247621954058,5.663169841415982e+30
517.1954559207243,5.608287323425655e+30
517.1433004085432,5.611769263310429e+30
517.0911554143322,5.614686536043373e+30
517.0390209349099,5.576321623986198e+30
516.9868969670964,5.553601889069291e+30
516.9347835077127,5.577886770470563e+30
516.8826805535813,5.548516068096847e+30
516.8305881015261,5.496192343331122e+30
516.7785061483722,5.513693505076021e+30
516.7264346909459,5.519116287684071e+30
516.6743737260747,5.564787440043705e+30
516.6223232505877,5.497531541533915e+30
516.5702832613148,5.454698694595654e+30
516.5182537550877,5.436386004905109e+30
516.466234728739,5.458978470540078e+30
516.4142261791028,5.386593865700903e+30
516.3622281030142,5.394896093122411e+30
516.31024049731,5.428728386314524e+30
516.2582633588279,5.441766593526148e+30
516.2062966844069,5.380653773547346e+30
516.1543404708875,5.414321801809443e+30
516.1023947151115,5.416602519008751e+30
516.0504594139214,5.400189727407474e+30
515.9985345641619,5.432226099119715e+30
515.946620162678,5.37607041296177e+30
515.8947162063166,5.375093599094743e+30
515.8428226919258,5.439251935222275e+30
515.7909396163548,5.422615929149405e+30
515.739066976454,5.369496025624971e+30
515.6872047690753,5.412719373218833e+30
515.6353529910717,5.392731156190469e+30
515.5835116392977,5.419695353571079e+30
515.5316807106088,5.41190119659395e+30
515.4798602018619,5.383320179212582e+30
515.428050109915,5.397071380858698e+30
515.3762504316276,5.391308799361532e+30
515.3244611638603,5.44482128724669e+30
515.272682303475,5.40771631520218e+30
515.2209138473348,5.355465153438231e+30
515.1691557923044,5.365002275100977e+30
515.1174081352492,5.429695190371349e+30
515.0656708730363,5.428272482501803e+30
515.0139440025339,5.396520717640213e+30
514.9622275206113,5.371844419389733e+30
514.9105214241396,5.418485342585649e+30
514.8588257099904,5.395228138048478e+30
514.807140375037,5.451120027081057e+30
514.755465416154,5.459452078428383e+30
514.7038008302172,5.475071891765077e+30
514.6521466141036,5.441733957884157e+30
514.6005027646912,5.45083911010973e+30
514.5488692788598,5.457022718398779e+30
514.49724615349,5.477283895614099e+30
514.4456333854638,5.496720816672263e+30
514.3940309716646,5.498508041957518e+30
514.3424389089768,5.488757826673412e+30
514.2908571942862,5.513658474659234e+30
514.2392858244798,5.497434038100248e+30
514.1877247964459,5.506756850403137e+30
514.136174107074,5.566002165144023e+30
514.0846337532548,5.577213409947932e+30
514.0331037318803,5.510169511298342e+30
513.9815840398438,5.524014937046344e+30
513.9300746740398,5.515005672543378e+30
513.878575631364,5.584319257957701e+30
513.8270869087135,5.562325711003562e+30
513.7756085029863,5.574741094801841e+30
513.7241404110821,5.585918603275703e+30
513.6726826299014,5.638169585418413e+30
513.6212351563463,5.58467488916418e+30
513.5697979873199,5.590559692222729e+30
513.5183711197268,5.597132145149036e+30
513.4669545504726,5.52153177994998e+30
513.4155482764639,5.472057066312804e+30
513.3641522946094,5.389635372533713e+30
513.3127666018182,5.313466282586387e+30
513.2613911950008,5.235321901802404e+30
513.2100260710694,5.15551368433035e+30
513.1586712269367,5.072833714277497e+30
513.1073266595173,4.990601793551747e+30
513.0559923657269,4.8988026969945384e+30
513.0046683424819,4.8299485508906456e+30
512.9533545867007,4.7335266110111724e+30
512.9020510953023,4.6964801892668614e+30
512.8507578652075,4.6149749485402314e+30
512.7994748933377,4.530941562773538e+30
512.7482021766161,4.446905342124886e+30
512.6969397119668,4.357429066667838e+30
512.6456874963154,4.3076455042812633e+30
512.5944455265883,4.2179595521093624e+30
512.5432137997135,4.1393046969493737e+30
512.4919923126201,4.0585994595172123e+30
512.4407810622384,4.0098645338317533e+30
512.3895800455002,3.961036188082961e+30
512.338389259338,3.923429298256351e+30
512.2872087006859,3.9215455646602876e+30
512.2360383664793,3.883522658642848e+30
512.1848782536543,3.8465607508358287e+30
512.1337283591491,3.7998264445597897e+30
512.0825886799023,3.770140064599355e+30
512.031459212854,3.7190299220178945e+30
511.98033995494575,3.692582498588734e+30
511.9292309031199,3.675690661185451e+30
511.8781320543205,3.6354113506834636e+30
511.8270434054924,3.619088715139796e+30
511.77596495358193,3.5687787155641894e+30
511.7248966955365,3.527302809468672e+30
511.67383862830474,3.48067187990718e+30
511.6227907488367,3.453926609035704e+30
511.57175305408333,3.4533291129533104e+30
511.5207255409971,3.3981905483517266e+30
511.4697082065315,3.3667664594325387e+30
511.4187010476412,3.31842593108828e+30
511.3677040612823,3.2770037230293534e+30
511.3167172444119,3.243978037264815e+30
511.26574059398854,3.1891889152795716e+30
511.21477410697173,3.1879416735822474e+30
511.16381778032223,3.19169421967231e+30
511.1128716110022,3.220756727342853e+30
511.0619355959749,3.219777252718161e+30
511.0110097322047,3.2362091355601833e+30
510.9600940166573,3.221923150649994e+30
510.9091884462996,3.2220749324967865e+30
510.85829301809974,3.224464964477173e+30
510.80740772902686,3.221680916151525e+30
510.7565325760516,3.216521185598279e+30
510.7056675561457,3.2119731760585055e+30
510.65481266628194,3.217099623193564e+30
510.6039679034346,3.2194535846728503e+30
510.55313326457883,3.2071381973927843e+30
510.5023087466913,3.2609018773054154e+30
510.45149434674966,3.263034124709287e+30
510.400690061733,3.2621632310540217e+30
510.34989588862123,3.239335159564716e+30
510.2991118243959,3.2440661263426414e+30
510.2483378660394,3.2425289735964505e+30
510.19757401053556,3.2340977858805473e+30
510.14682025486934,3.2515015906016477e+30
510.0960765960269,3.2334133908408584e+30
510.0453430309954,3.2321881905070675e+30
509.99461955676367,3.2312794084135017e+30
509.9439061703212,3.272651535277542e+30
509.8932028686591,3.2793732488349377e+30
509.84250964876946,3.2783811095102854e+30
509.79182650764557,3.2858403287276915e+30
509.74115344228204,3.2935801577752177e+30
509.6904904496744,3.28101120721097e+30
509.6398375268198,3.2806441851943103e+30
509.58919467071615,3.274720943265305e+30
509.538561878363,3.2748498131182965e+30
509.48793914676054,3.282244776500277e+30
509.4373264729106,3.287630657101748e+30
509.38672385381614,3.324337867616123e+30
509.3361312864812,3.323037330592053e+30
509.28554876791094,3.326707028587656e+30
509.23497629511184,3.337835918569033e+30
509.1844138650916,3.327752015681993e+30
509.1338614748589,3.332915497378634e+30
509.083319121424,3.330879293893689e+30
509.0327868017979,3.3387610780238116e+30
508.9822645129931,3.376464634207352e+30
508.931752252023,3.380523592017122e+30
508.8812500159025,3.374283611709808e+30
508.83075780164756,3.358931145239752e+30
508.78027560627527,3.3711923630021854e+30
508.7298034268039,3.3653454398927866e+30
508.67934126025307,3.3775167909787006e+30
508.6288891036433,3.4026728189229026e+30
508.57844695399655,3.406941273600034e+30
508.5280148083358,3.392977148864932e+30
508.4775926636853,3.387790260534904e+30
508.4271805170704,3.3902780210937e+30
508.3767783655178,3.38964919841715e+30
508.3263862060552,3.4280679498841236e+30
508.2760040357115,3.415766940805664e+30
508.22563185151677,3.420877489475222e+30
508.17526965050246,3.4104443137456196e+30
508.1249174297009,3.415569697571675e+30
508.0745751861458,3.457202107325924e+30
508.02424291687197,3.440585808602665e+30
507.97392061891543,3.432358546463553e+30
507.9236082893133,3.435360548334942e+30
507.8733059251039,3.4107024615231905e+30
507.82301352332684,3.427692482011881e+30
507.77273108102276,3.432773925959243e+30
507.7224585952335,3.4317980627148503e+30
507.6721960630021,3.4387816072682174e+30
507.6219434813728,3.461896363086156e+30
507.57170084739096,3.461376229688771e+30
507.52146815810306,3.457819984618426e+30
507.4712454105569,3.45561279100213e+30
507.4210326018013,3.488740087662853e+30
507.3708297288864,3.484334159908704e+30
507.3206367888633,3.4650184229727256e+30
507.27045377878443,3.4560301388257984e+30
507.2202806957033,3.489962277018772e+30
507.1701175366747,3.488604747571786e+30
507.1199642987545,3.497366593555328e+30
507.0698209789997,3.467486174538351e+30
507.0196875744685,3.520742689100446e+30
506.96956408222036,3.5352035635455034e+30
506.91945049931564,3.4946092799230887e+30
506.8693468228162,3.5258015932191056e+30
506.8192530497849,3.525609967088447e+30
506.7691691772856,3.53160963498876e+30
506.71909520238364,3.5533939181640173e+30
506.6690311221452,3.558007987007824e+30
506.61897693363795,3.5247666106075625e+30
506.5689326339305,3.534411533963641e+30
506.5188982200926,3.566129560587129e+30
506.4688736891952,3.5514783327708117e+30
506.4188590383106,3.551657721975592e+30
506.36885426451187,3.584258086264517e+30
506.31885936487356,3.5678005008745364e+30
506.26887433647136,3.559552265084262e+30
506.21889917638185,3.590783580230957e+30
506.168933881683,3.5850790923333707e+30
506.11897844945383,3.622291372521063e+30
506.0690328767747,3.5886273417475813e+30
506.01909716072686,3.5936634391147575e+30
505.9691712983928,3.630653091822541e+30
505.91925528685624,3.641105424227337e+30
505.8693491232019,3.6301230441580795e+30
505.81945280451595,3.627798292869306e+30
505.76956632788534,3.632297729537032e+30
505.7196896903984,3.6656380467811015e+30
505.66982288914454,3.6498182568000154e+30
505.61996592121426,3.667280032205361e+30
505.5701187836994,3.6604684711678957e+30
505.52028147369276,3.6671541292452855e+30
505.4704539882882,3.698088722887134e+30
505.4206363245811,3.700848526335896e+30
505.37082847966764,3.7084335484236823e+30
505.32103045064525,3.7062816483839236e+30
505.2712422346126,3.700341453084311e+30
505.2214638286693,3.7165968806815236e+30
505.1716952299163,3.6774718773089984e+30
505.1219364354555,3.7153778794805334e+30
505.0721874423902,3.7052827672218644e+30
505.0224482478246,3.706615227863054e+30
504.9727188488642,3.708966387467693e+30
504.9229992426155,3.736883873964529e+30
504.87328942618626,3.7467411039701084e+30
504.82358939668535,3.74157949190101e+30
504.7738991512227,3.741601446909762e+30
504.7242186869094,3.761472743859092e+30
504.67454800085795,3.735684048992332e+30
504.6248870901815,3.759005180541251e+30
504.5752359519947,3.763336055955765e+30
504.5255945834132,3.74774925539614e+30
504.47596298155383,3.770744517461952e+30
504.4263411435345,3.790740877537967e+30
504.37672906647435,3.766362314091646e+30
504.3271267474935,3.7909512436693774e+30
504.2775341837133,3.802739860641411e+30
504.2279513722563,3.7955020157961987e+30
504.17837831024616,3.818359294971294e+30
504.1288149948075,3.8252953264454287e+30
504.07926142306616,3.8262931810306484e+30
504.0297175921492,3.8304255741286525e+30
503.98018349918476,3.84608732307756e+30
503.93065914130216,3.8420320371650276e+30
503.88114451563166,3.8553347189829884e+30
503.8316396193048,3.8522612346275413e+30
503.7821444494543,3.8492625971412346e+30
503.7326590032138,3.874262183266233e+30
503.6831832777183,3.8739258556876586e+30
503.6337172701038,3.8730229293963293e+30
503.58426097750737,3.878982931500114e+30
503.5348143970674,3.904940535162904e+30
503.48537752592324,3.8802784521363344e+30
503.4359503612153,3.825679978686123e+30
503.3865329000853,3.8180443378910914e+30
503.33712513967606,3.761365571925326e+30
503.28772707713136,3.7687234334214296e+30
503.23833870959623,3.744114703201218e+30
503.1889600342168,3.71815983192293e+30
503.1395910481404,3.688100478762057e+30
503.0902317485153,3.700085761704865e+30
503.04088213249094,3.6369916837771267e+30
502.99154219721794,3.637725550326199e+30
502.9422119398481,3.639924825480307e+30
502.8928913575342,3.613648693070917e+30
502.8435804474302,3.585507303760846e+30
502.79427920669116,3.5587436077504376e+30
502.7449876324733,3.5547524348201756e+30
502.69570572193385,3.538382317574144e+30
502.6464334722313,3.5311197903161605e+30
502.59717088052514,3.4734780276504854e+30
502.54791794397596,3.453498722487523e+30
502.4986746597456,3.4490972976281807e+30
502.4494410249969,3.4230222107636374e+30
502.40021703689376,3.427574794558794e+30
502.35100269260136,3.3719909938904117e+30
502.3017979892859,3.3715062770009326e+30
502.2526029241146,3.340437898566911e+30
502.20341749425603,3.3460760150145573e+30
502.1542416968796,3.327607118496047e+30
502.105075529156,3.3345145512707067e+30
502.0559189882569,3.3148696172691617e+30
502.0067720713553,3.303283213968804e+30
501.95763477562497,3.2897429953446706e+30
501.90850709824105,3.270778084331118e+30
501.85938903637975,3.288673747220301e+30
501.8102805872184,3.269157948615243e+30
501.7611817479352,3.2617946324042853e+30
501.71209251570986,3.2695703532062225e+30
501.66301288772274,3.254427198246079e+30
501.6139428611558,3.233429125060384e+30
501.5648824331916,3.250203245434257e+30
501.5158316010141,3.2311586786085007e+30
501.4667903618083,3.207188535892219e+30
501.4177587127603,3.221913967487692e+30
501.36873665105736,3.1994929303156467e+30
501.3197241738878,3.1792753669734246e+30
501.2707212784408,3.196569004221238e+30
501.2217279619071,3.17626405551591e+30
501.17274422147824,3.165574014334095e+30
501.12377005434683,3.172330491746466e+30
501.07480545770676,3.155598847455215e+30
501.0258504287529,3.1738082342598805e+30
500.9769049646811,3.153549781696294e+30
500.92796906268865,3.179372893517037e+30
500.87904271997354,3.164330538692645e+30
500.83012593373513,3.15881004396268e+30
500.7812187011738,3.1507424826946957e+30
500.73232101949094,3.1630081525665635e+30
500.6834328858892,3.1780792681532865e+30
500.63455429757215,3.1676913953906803e+30
500.5856852517445,3.163129652240946e+30
500.53682574561213,3.151757774606178e+30
500.487975776382,3.183502289477593e+30
500.43913534126193,3.1803828042083285e+30
500.3903044374612,3.1653292043699765e+30
500.3414830621899,3.155300356290793e+30
500.2926712126594,3.170902345261945e+30
500.24386888608194,3.1553794590123893e+30
500.195076079671,3.175593020593478e+30
500.14629279064127,3.190684145332909e+30
500.09751901620814,3.173634742798514e+30
500.04875475358847,3.164058033958185e+30
