wavelength,luminosity
20000.0,1.9284728324631187e+37
19922.303018228908,1.9528574600825836e+37
19845.207382417146,1.9796899253595598e+37
19768.706138183254,2.0063101921143573e+37
19692.792437967706,2.0354175522442137e+37
19617.4595389897,2.0654447891067273e+37
19542.700801250732,2.0961125455362931e+37
19468.50968558357,2.1259578294398225e+37
19394.87975174554,2.1534694634720233e+37
19321.804656554923,2.180809864507081e+37
19249.278152069295,2.2083200978172485e+37
19177.294083804773,2.2389396367702364e+37
19105.846388995033,2.2720812404500116e+37
19034.92909488912,2.3034094439991277e+37
18964.536317087048,2.3349645695958163e+37
18894.66225791214,2.3640438841201345e+37
18825.301204819276,2.3935211323646724e+37
18756.447528838038,2.4211079262288897e+37
18688.095683049898,2.444831465979567e+37
18620.240201098593,2.4575190434157703e+37
18552.875695732837,2.4552335389785244e+37
18485.996857380534,2.4576721671181614e+37
18419.59845275373,2.4678003275393437e+37
18353.675323483527,2.4865310484005236e+37
18288.2223847842,2.506216203309449e+37
18223.234624145785,2.5112948943278222e+37
18158.70710005448,2.518465546529261e+37
18094.63494074007,2.55187539593644e+37
18031.013342949875,2.6319287230750754e+37
17967.83757074836,2.679781153051557e+37
17905.102954341986,2.694644445377117e+37
17842.80488892854,2.7036021043497963e+37
17780.938833570413,2.71617583861049e+37
17719.500310091258,2.7800936642426067e+37
17658.48490199541,2.834658339889532e+37
17597.88825340959,2.8600561933273435e+37
17537.7060680463,2.8532963747433883e+37
17477.934108188412,2.847933127989718e+37
17418.56819369448,2.89039678816697e+37
17359.604201024216,2.9542780648161773e+37
17301.038062283737,2.9967167340570424e+37
17242.865764290025,3.050123587540612e+37
17185.083347654236,3.1175821922949127e+37
17127.68690588336,3.169154474976819e+37
17070.67258449983,3.2689875915921175e+37
17014.036580178647,3.3857557430111067e+37
16957.775139901645,3.4605678425254993e+37
16901.884560128452,3.5130169866708434e+37
16846.361185983827,3.5551066587131123e+37
16791.20141046092,3.596970718575317e+37
16736.401673640165,3.635671564724286e+37
16681.95846192343,3.6729970564203203e+37
16627.868307283006,3.7142197513013933e+37
16574.127786525234,3.755946171655153e+37
16520.733520568312,3.7991274579344874e+37
16467.682173734047,3.840850256327655e+37
16414.970453053185,3.8810414657664595e+37
16362.595107584062,3.9214892406626166e+37
16310.55292774425,3.96476725467371e+37
16258.840744654906,4.0200197061301126e+37
16207.455429497568,4.0788352944191447e+37
16156.393892883107,4.1294515748569396e+37
16105.653084232566,4.1810524458697644e+37
16055.229991169623,4.2268848902197493e+37
16005.121638924456,4.281133747271999e+37
15955.325089748701,4.3332810407621695e+37
15905.837442341339,4.383993402055888e+37
15856.655831285181,4.436273734769888e+37
15807.777426493836,4.490787805002496e+37
15759.19943266882,4.547169718924934e+37
15710.919088766692,4.60294077416796e+37
15662.933667475918,4.654010953468547e+37
15615.240474703309,4.705233845872736e+37
15567.836849069823,4.751966808187726e+37
15520.72016141549,4.798675190102554e+37
15473.887814313346,4.848308362421448e+37
15427.337241592102,4.89821699242088e+37
15381.065907867414,4.945799255285769e+37
15335.07130808158,4.991614593752774e+37
15289.350967051449,5.039853821586333e+37
15243.90243902439,5.089178528912349e+37
15198.723307242191,5.142465861596926e+37
15153.811183512653,5.195684172497175e+37
15109.163707788774,5.249503074088151e+37
15064.778547755348,5.303658463618185e+37
15020.65339842283,5.3585797856290095e+37
14976.78598172832,5.409542129529255e+37
14933.174046143507,5.457800972813734e+37
14889.815366289458,5.51041882885945e+37
14846.707742558088,5.5645965314678155e+37
14803.849000740192,5.62091208010752e+37
14761.2369916599,5.676902219944967e+37
14718.869590815424,5.734056920850999e+37
14676.744698025977,5.790397624679225e+37
14634.860237084737,5.8461095604662825e+37
14593.21415541773,5.905551154834985e+37
14551.804423748546,5.962266809463623e+37
14510.629035768701,6.019684730303123e+37
14469.686007813632,6.080257049872402e+37
14428.973378544119,6.141456241455321e+37
14388.489208633096,6.195636839900783e+37
14348.23158045771,6.249105527756046e+37
14308.198597796538,6.29884673936052e+37
14268.388385531856,6.355414451494885e+37
14228.79908935686,6.416288817100681e+37
14189.428875487763,6.477801308094101e+37
14150.275930380643,6.535438082028788e+37
14111.338460452975,6.590695616518783e+37
14072.61469180974,6.645038158040068e+37
14034.10286997404,6.702781702191325e+37
13995.801259622114,6.770267845652358e+37
13957.708144322703,6.839749494939987e+37
13919.821826280626,6.905403419659081e+37
13882.140626084543,6.970172993950543e+37
13844.662882458813,7.036438902033972e+37
13807.386952019331,7.105475525108102e+37
13770.311209033325,7.177504833906618e+37
13733.434045183,7.238665434570595e+37
13696.75386933297,7.295844143989399e+37
13660.269107301414,7.357418350771543e+37
13623.978201634878,7.421665157840767e+37
13587.879611386645,7.48480169713829e+37
13551.971811898633,7.546250200275897e+37
13516.253294586742,7.606887919040011e+37
13480.722566729579,7.669629962178351e+37
13445.378151260506,7.733315044841863e+37
13410.218586562962,7.797696784001912e+37
13375.242426268976,7.865270528291463e+37
13340.448239060834,7.964782881495869e+37
13305.834608475818,8.0716703132206945e+37
13271.400132714003,8.1529978447728375e+37
13237.143424449005,8.225861822467881e+37
13203.06311064167,8.297563996385133e+37
13169.157832356621,8.368681690420681e+37
13135.426244581637,8.444512911542829e+37
13101.867016049788,8.521194934602387e+37
13068.478829064297,8.599147902110287e+37
13035.260379326079,8.670195920869763e+37
13002.210375763882,8.740851221155885e+37
12969.327540367032,8.80901765668519e+37
12936.610608020701,8.878719699597109e+37
12904.058326343637,8.94726857441134e+37
12871.669455528383,9.008734159728329e+37
12839.442768183862,9.080115687930618e+37
12807.37704918033,9.157211507186838e+37
12775.471095496649,9.23252405111126e+37
12743.723716069837,9.305316044217784e+37
12712.133731646858,9.377379095324663e+37
12680.6999746386,9.451630631141302e+37
12649.42128897603,9.523926450797905e+37
12618.296529968455,9.598567288525428e+37
12587.324564163888,9.688053456944257e+37
12556.504269211451,9.77855053277833e+37
12525.83453372581,9.867243955226674e+37
12495.314257153568,9.956860524282962e+37
12464.942349641633,1.0042960779444669e+38
12434.717731907487,1.012452672069935e+38
12404.639335111333,1.0206266808713767e+38
12374.706100730109,1.0283970172296536e+38
12344.916980433307,1.0361041018692536e+38
12315.270935960592,1.044208973549318e+38
12285.766939001167,1.0522937532939099e+38
12256.403971074888,1.0603529657892217e+38
12227.181023415053,1.0686426268158661e+38
12198.09709685289,1.0772729993285126e+38
12169.15120170368,1.085464404399624e+38
12140.342357654488,1.0934992971495559e+38
12111.669593653487,1.1018916044472977e+38
12083.13194780087,1.1107109216398638e+38
12054.728467241277,1.1194779785321476e+38
12026.458208057727,1.1287443164838148e+38
11998.320235167079,1.1380849893017487e+38
11970.313622216903,1.1471657553635965e+38
11942.437451483847,1.1562240612771821e+38
11914.690813773383,1.1667892618763804e+38
11887.072808320952,1.1768939262678005e+38
11859.582542694498,1.1867555418987108e+38
11832.21913269834,1.196582951033315e+38
11804.981702278363,1.2065152335707628e+38
11777.869383428537,1.2164310511865662e+38
11750.881316098707,1.225950052482487e+38
11724.016648103641,1.2360075340318431e+38
11697.274535033339,1.2458811447655443e+38
11670.654140164557,1.255581430710819e+38
11644.154634373546,1.2655419858363962e+38
11617.775196049957,1.2754038991096044e+38
11591.51501101194,1.2849293193749211e+38
11565.373272422368,1.2937239605180377e+38
11539.34918070621,1.3025505701589639e+38
11513.441943469,1.3117239029817793e+38
11487.650775416429,1.3209047731110623e+38
11461.974898274973,1.3301667492470823e+38
11436.413540713633,1.3399410746036494e+38
11410.965938266676,1.3491173148318935e+38
11385.63133325743,1.3578956092509732e+38
11360.40897472309,1.3668429024324435e+38
11335.298118340514,1.3765660505225638e+38
11310.298026352993,1.3862304027734525e+38
11285.407967498026,1.3958465565046674e+38
11260.627216935984,1.4048909661277854e+38
11235.955056179775,1.4145434991449603e+38
11211.390773025394,1.424628246920469e+38
11186.933661483388,1.4346638424996011e+38
11162.583021711223,1.444302045981235e+38
11138.338159946536,1.4536619320906796e+38
11114.198388441235,1.4603586891997908e+38
11090.163025396474,1.4679503568129865e+38
11066.231394898468,1.4772075788747326e+38
11042.402826855125,1.4857583539625427e+38
11018.676656933503,1.493717751215151e+38
10995.052226498075,1.5013675322188748e+38
10971.528882549783,1.5090714883409229e+38
10948.105977665866,1.5187890439307915e+38
10924.78286994046,1.5292565118346825e+38
10901.558922925979,1.5395006814999659e+38
10878.433505575198,1.5497104901817059e+38
10855.405992184109,1.5596741660756794e+38
10832.475762335482,1.569931288077147e+38
10809.642200843153,1.5831273502374298e+38
10786.904697696997,1.6027989888011538e+38
10764.262648008611,1.6198889614740528e+38
10741.715451957678,1.634626183276202e+38
10719.262514738984,1.6481492970264212e+38
10696.903246510135,1.6612609982546657e+38
10674.63706233988,1.6732581787221658e+38
10652.463382157124,1.6847520503522705e+38
10630.381630700542,1.6959440280178748e+38
10608.391237468839,1.707645642526159e+38
10586.491636671606,1.7189846633826335e+38
10564.682267180815,1.7300024430082846e+38
10542.96257248287,1.7409088663411295e+38
10521.33200063128,1.7511826284182466e+38
10499.790004199916,1.7619366539386034e+38
10478.33604023681,1.7727708605510093e+38
10456.96957021855,1.784322650712059e+38
10435.690060005218,1.7959182745803574e+38
10414.496979795875,1.8070984077990718e+38
10393.389804084602,1.8175791519517056e+38
10372.36801161705,1.8281548324316747e+38
10351.431085347549,1.838575554426395e+38
10330.578512396694,1.84895397871694e+38
10309.809784009485,1.859439296733894e+38
10289.124395513942,1.870923422038415e+38
10268.52184628023,1.8826453512911073e+38
10248.001639680264,1.8941520864903473e+38
10227.563283047815,1.9060859881320685e+38
10207.206287639074,1.918846138502587e+38
10186.930168593695,1.9313122568058113e+38
10166.7344448963,1.943240831464065e+38
10146.618639338441,1.955063341844531e+38
10126.582278481013,1.9668170858400263e+38
10106.62489261711,1.9788660364147456e+38
10086.746015735325,1.991087262101628e+38
10066.945185483466,2.002696894971802e+38
10047.221943132723,2.0148637833091454e+38
10027.57583354224,2.02735666082959e+38
10008.006405124099,2.039644214113261e+38
9988.513209808722,2.0508448556670102e+38
9969.095803010667,2.061592443587168e+38
9949.753743594847,2.0720138378154743e+38
9930.486593843098,2.08233823883792e+38
9911.293919421181,2.0928628873977414e+38
9892.175289346129,2.1037451279411316e+38
9873.130275953992,2.1142727895944113e+38
9854.158454867955,2.1248491273028316e+38
9835.259404966806,2.135611626870259e+38
9816.432708353785,2.1461616432242484e+38
9797.677950325773,2.156149700919005e+38
9778.99471934285,2.1655341164915323e+38
9760.382606998195,2.1663236135548283e+38
9741.84120798831,2.164616300920346e+38
9723.370120083622,2.1618592942968253e+38
9704.968944099379,2.1625753251138165e+38
9686.637283866905,2.163999988968273e+38
9668.374746205162,2.16545218144677e+38
9650.180940892642,2.172274935632165e+38
9632.055480639568,2.178698336435829e+38
9613.997981060424,2.188880007434874e+38
9596.008060646773,2.1994064499044548e+38
9578.085340740385,2.2113397581787715e+38
9560.229445506693,2.2216710657767558e+38
9542.44000190849,2.2344833801973654e+38
9524.71663967997,2.24801646551488e+38
9507.05899130104,2.2636629692542077e+38
9489.466691971911,2.280614206992584e+38
9471.939379587971,2.350336727454193e+38
9454.476694714947,2.408198794030833e+38
9437.078280564338,2.4503869599602153e+38
9419.743782969103,2.4808151425213276e+38
9402.472850359645,2.504078445543187e+38
9385.265133740028,2.5240750648071287e+38
9368.120286664482,2.543389335883367e+38
9351.037965214138,2.56153887174943e+38
9334.017827974052,2.5784895402194723e+38
9317.059536010434,2.5947519606692004e+38
9300.162752848175,2.6109761603108067e+38
9283.32714444857,2.627142479869387e+38
9266.552379187324,2.6421515396720833e+38
9249.838127832763,2.6569340253518105e+38
9233.184063524306,2.6717947915173593e+38
9216.589861751152,2.6864074311150734e+38
9200.055200331202,2.700249764622897e+38
9183.57975939021,2.7139069605643037e+38
9167.163221341156,2.7277401974772834e+38
9150.805270863837,2.7417252197562395e+38
9134.505594884677,2.753176112279686e+38
9118.263882556761,2.7583737900897987e+38
9102.079825240067,2.7578982009557024e+38
9085.953116481918,2.753484670584932e+38
9069.883451997643,2.7494456906198295e+38
9053.870529651425,2.7450367894581456e+38
9037.91404943739,2.7442732580281584e+38
9022.013713460845,2.743453229074807e+38
9006.169225919755,2.745845491758959e+38
8990.380293086399,2.750904032199593e+38
8974.646623289209,2.7560471049636946e+38
8958.967926894822,2.7634396341703453e+38
8943.343916290301,2.770737481535495e+38
8927.774305865549,2.7811236903530958e+38
8912.2588119959,2.791657442255568e+38
8896.79715302491,2.802386130596683e+38
8881.389049247302,2.8138253006261155e+38
8866.0342228921,2.8375991244116826e+38
8850.732398105944,2.868513974286665e+38
8835.483300936561,2.918868949537442e+38
8820.286659316427,2.9809645686379593e+38
8805.142203046578,3.0290961653406804e+38
8790.0496637806,3.066126263403383e+38
8775.008775008775,3.0967796141995292e+38
8760.019272042398,3.1230721153469934e+38
8745.080891998252,3.1464622752536165e+38
8730.19337378323,3.1674988228222386e+38
8715.356458079135,3.1871176181147034e+38
8700.56988732762,3.2065017730878984e+38
8685.833405715279,3.2248037699386986e+38
8671.146759158899,3.242987728707922e+38
8656.509695290859,3.2614049668140553e+38
8641.92196344467,3.2808902311910362e+38
8627.383314640669,3.3007803042701196e+38
8612.893501571853,3.320989805979546e+38
8598.452278589853,3.3416407092317644e+38
8584.05940169106,3.3612645083963747e+38
8569.714628502872,3.3804228939237174e+38
8555.417718270095,3.399682291300534e+38
8541.168431841475,3.417349229709611e+38
8526.966531656362,3.432406312147855e+38
8512.811781731505,3.446572338012377e+38
8498.703947647984,3.460614556176594e+38
8484.642796538266,3.4745938865293745e+38
8470.628097073397,3.4879566304782076e+38
8456.659619450318,3.5004101517257456e+38
8442.73713537929,3.512410128098789e+38
8428.860418071477,3.524131714333005e+38
8415.029242226616,3.532013848917789e+38
8401.243384020836,3.538174097085965e+38
8387.502621094569,3.5440930856727224e+38
8373.806732540612,3.5490469699275136e+38
8360.15549889228,3.553260530190389e+38
8346.548702111677,3.556570091797917e+38
8332.986125578102,3.559119610487873e+38
8319.46755407654,3.557208949816608e+38
8305.992773786287,3.553570988952244e+38
8292.561572269675,3.552549443197925e+38
8279.1737384609,3.556161302435427e+38
8265.829062654984,3.561339229575255e+38
8252.527336496802,3.566803953680982e+38
8239.268352970255,3.573010173038627e+38
8226.051906387529,3.579130592071605e+38
8212.87779237845,3.5851568933416974e+38
8199.745807879955,3.591934120630718e+38
8186.655751125665,3.5973128534184074e+38
8173.607421635538,3.614502030509005e+38
8160.600620205647,3.636608210457011e+38
8147.635148898032,3.6612428144055544e+38
8134.710811030667,3.6859824366752955e+38
8121.827411167513,3.711066140231015e+38
8108.98475510866,3.737666086343481e+38
8096.182649880581,3.763978209618151e+38
8083.420903726457,3.796256486481172e+38
8070.6993260966065,3.830888703008155e+38
8058.017727639,3.864414949185176e+38
8045.37592018987,3.897434768129913e+38
8032.773716764399,3.931226405434988e+38
8020.2109315475,3.965635166047976e+38
8007.68737988469,4.000468031459763e+38
7995.202878273038,4.035901518975595e+38
7982.7572443522,4.07188953168117e+38
7970.350296895549,4.107755037390376e+38
7957.98185580137,4.145811467453547e+38
7945.651742084146,4.1849064435673576e+38
7933.359777865927,4.221882176077757e+38
7921.105786367778,4.2594413591536945e+38
7908.889591901298,4.299572932393859e+38
7896.711019860229,4.338179675893471e+38
7884.569896712135,4.37671023008094e+38
7872.46604999016,4.415107908056336e+38
7860.399308284863,4.452628005282445e+38
7848.369501236119,4.487389423376724e+38
7836.376459525117,4.520720703057881e+38
7824.420014866399,4.5500422645297605e+38
7812.500000000001,4.5758650388620516e+38
7800.6162486836465,4.600561817562577e+38
7788.768595685023,4.621935533384308e+38
7776.956876774119,4.641634581092349e+38
7765.18092871564,4.660320870731778e+38
7753.440589261486,4.679157480240924e+38
7741.7356971433,4.697785386559847e+38
7730.066092065088,4.716799488119873e+38
7718.4316146958945,4.73629874944763e+38
7706.832106662557,4.7554464025118136e+38
7695.267410542517,4.774639097284695e+38
7683.737369856699,4.794451087989294e+38
7672.241829062453,4.813575460952e+38
7660.780633546559,4.804339429158395e+38
7649.353629618298,4.779486799966783e+38
7637.960664502579,4.747605107715007e+38
7626.60158633313,4.709573424563963e+38
7615.276244145758,4.673108407927165e+38
7603.984487871646,4.631170912586772e+38
7592.72616833074,4.580835194943431e+38
7581.501137225171,4.535517672820929e+38
7570.309247132746,4.487368549090509e+38
7559.150351500492,4.435467850742478e+38
7548.024304638262,4.3898907927759594e+38
7536.930961712392,4.339584889293317e+38
7525.8701787394175,4.2919911588891644e+38
7514.841812579846,4.24765023096781e+38
7503.845720931979,4.202106301654863e+38
7492.881762325792,4.16272416435746e+38
7481.949796116869,4.122174666694268e+38
7471.0496824803895,4.088082138578028e+38
7460.181282405163,4.055245567479182e+38
7449.344457687725,4.027259594345911e+38
7438.539070926471,4.083729693692685e+38
7427.764985515859,4.164440821016627e+38
7417.022065640646,4.2566076978662045e+38
7406.310176270184,4.347899325711824e+38
7395.629183152757,4.442112986220552e+38
7384.9789528099855,4.530234262599422e+38
7374.35935253125,4.617792846640215e+38
7363.770250368189,4.703020932255228e+38
7353.211515129234,4.775747345826444e+38
7342.683016374184,4.844824675658522e+38
7332.184624408843,4.910826750543642e+38
7321.71621027969,4.9717736892213976e+38
7311.277645768599,5.029853709068639e+38
7300.868803387603,5.080183734087656e+38
7290.489556373712,5.127759671367403e+38
7280.1397786837515,5.1705423764546986e+38
7269.819344989278,5.208137783350021e+38
7259.528130671507,5.244043235226008e+38
7249.266011816305,5.2746418288786445e+38
7239.032865209209,5.301152236410941e+38
7228.828568330503,5.325728423254965e+38
7218.652999350322,5.3470128933140815e+38
7208.506037123808,5.368029667543203e+38
7198.387561186295,5.390909248887013e+38
7188.2974517485545,5.4140582117082804e+38
7178.2355896920535,5.435756591974584e+38
7168.201856564282,5.4553937722676694e+38
7158.196134574087,5.4735550550345536e+38
7148.218306587084,5.489173063493823e+38
7138.268256121066,5.483841142003745e+38
7128.345867341483,5.426291599174053e+38
7118.451025056948,5.346810217774398e+38
7108.583614714769,5.263036921127674e+38
7098.743522396537,5.168135116686883e+38
7088.930634813739,5.068452673737522e+38
7079.144839303413,4.963711128015254e+38
7069.386023823831,4.853893486672491e+38
7059.65407695023,4.733658712185257e+38
7049.948887870563,4.627492661863388e+38
7040.270346381302,4.519767811963538e+38
7030.618342883256,4.419511276031815e+38
7020.9927683774495,4.336670052896882e+38
7011.393514461,4.246240895295667e+38
7001.820473323064,4.182065090833766e+38
6992.273537740797,4.119887731622794e+38
6982.752601075345,4.064791394071602e+38
6973.257557267878,4.025260472569157e+38
6963.788300835656,3.996418925202717e+38
6954.344726868112,3.967227106364042e+38
6944.926731022989,3.949851977472435e+38
6935.53420952249,3.947681009115912e+38
6926.167059149468,4.116304273736698e+38
6916.825177243645,4.352206766668357e+38
6907.508461697866,4.645026661619084e+38
6898.216810954369,4.95039101777448e+38
6888.950124001103,5.247096898241211e+38
6879.708300368065,5.510086153361697e+38
6870.491240123669,5.7321621710666445e+38
6861.298843871145,5.894093811290778e+38
6852.131012744964,6.03032012022521e+38
6842.987648407296,6.128709334971945e+38
6833.868653044489,6.2141285812034285e+38
6824.7739293635905,6.284023625993411e+38
6815.703380588878,6.3483471275178416e+38
6806.65691045843,6.417710462788843e+38
6797.634423220719,6.479032625969196e+38
6788.635823631242,6.536338415470131e+38
6779.661016949153,6.589824328423069e+38
6770.709908933953,6.643416974308019e+38
6761.782405842181,6.69943925881406e+38
6752.878414424149,6.756706705462533e+38
6743.997841920692,6.816116734620823e+38
6735.140596059943,6.879173625280807e+38
6726.306585054148,6.944117128155215e+38
6717.49571759648,7.010668976519631e+38
6708.70790285791,7.08022597377954e+38
6699.943050484071,7.150117480643198e+38
6691.201070592172,7.218068985875552e+38
6682.481873767918,7.282657919553218e+38
6673.785371062468,7.348065316582522e+38
6665.111473989403,7.416918968352937e+38
6656.460094521734,7.486898164034623e+38
6647.831145088916,7.55269964702235e+38
6639.224538573895,7.617445557816745e+38
6630.640188310182,7.677772864949128e+38
6622.078008078935,7.734114323351403e+38
6613.537912106081,7.786976269017747e+38
6605.019815059446,7.83699532651717e+38
6596.523632045913,7.880715092579722e+38
6588.049278608604,7.919553224022844e+38
6579.596670724085,7.954119743293846e+38
6571.16572479958,7.989220747428518e+38
6562.756357670222,8.023828002351544e+38
6554.368486596317,8.058081930718003e+38
6546.00202926063,8.092660264506559e+38
6537.656903765691,8.127469067519674e+38
6529.333028631126,8.162227897444182e+38
6521.030322791002,8.197688819256246e+38
6512.748705591196,8.233301023838125e+38
6504.488096786783,8.270110423039784e+38
6496.248416539449,8.311605964329918e+38
6488.02958541491,8.300998919675786e+38
6479.831524380366,8.25950245226458e+38
6471.654154801968,8.171700161050533e+38
6463.497398442298,8.062939706149494e+38
6455.361177457879,7.951017484686668e+38
6447.2454143967,7.820217468717607e+38
6439.15003219575,7.675761639216973e+38
6431.074954178592,7.532628766388506e+38
6423.020104052926,7.36865011304882e+38
6414.985405908202,7.198492919810576e+38
6406.970784213225,7.014106383887738e+38
6398.976163813791,6.826033478064534e+38
6391.001469930338,6.631890542940046e+38
6383.046628155619,6.436287636446122e+38
6375.111564452378,6.238730773661934e+38
6367.196205151063,6.051020865530984e+38
6359.3004769475365,5.86985107357958e+38
6351.4243069008235,5.68808207141469e+38
6343.567622430856,5.536069389690431e+38
6335.730351316249,5.385632963500143e+38
6327.9124216920845,5.246286691240588e+38
6320.113762047717,5.126466313081143e+38
6312.334301224594,5.013723116709782e+38
6304.573968414085,4.9543359736711876e+38
6296.832693155343,5.0054115006257555e+38
6289.110405333166,5.1010081567286096e+38
6281.407035175879,5.262985837387083e+38
6273.722513253239,5.464085653311224e+38
6266.056770474341,5.7088734395562816e+38
6258.409738085553,5.987950852680301e+38
6250.781347668459,6.282948767030005e+38
6243.171531137818,6.5799959411758026e+38
6235.58022073954,6.858538894389271e+38
6228.007349048672,7.101320909083401e+38
6220.452848967405,7.31218172748405e+38
6212.916653723091,7.480633511918194e+38
6205.398696866274,7.62398207204028e+38
6197.898912268741,7.724748853425977e+38
6190.41723412158,7.808949764150057e+38
6182.9535969332555,7.883017721033722e+38
6175.507935527697,7.947810658336235e+38
6168.080185042407,7.988540366584548e+38
6160.670280926565,8.022429548209041e+38
6153.278158939175,8.046098987289607e+38
6145.903755147195,8.06637773694072e+38
6138.547005923698,8.081621558653601e+38
6131.207847946046,8.097205302958886e+38
6123.886218194066,8.112883920669006e+38
6116.582053948255,8.127613675676109e+38
6109.295292787977,8.141198318162705e+38
6102.0258725897,8.157599631873787e+38
6094.773731525217,8.177596692224937e+38
6087.538808059901,8.197407728699226e+38
6080.321040950963,8.218692171922851e+38
6073.120369245718,8.251037307068618e+38
6065.936732279883,8.281284940178015e+38
6058.770069675857,8.309706525876296e+38
6051.620321341039,8.337927256640667e+38
6044.4874274661515,8.367906718999175e+38
6037.371328523562,8.404603199234919e+38
6030.271965265634,8.445382482239717e+38
6023.189278723084,8.485274759236999e+38
6016.123210203345,8.528435092767885e+38
6009.073701288947,8.569967932893389e+38
6002.040693835905,8.610617313993962e+38
5995.024129972123,8.65130980680952e+38
5988.023952095809,8.69187084505658e+38
5981.040102873891,8.731980559986052e+38
5974.072525240456,8.770179567455846e+38
5967.121162395203,8.808354110536065e+38
5960.185957801884,8.845641813962019e+38
5953.266855186784,8.881291945013607e+38
5946.363798537194,8.914189673274948e+38
5939.476732099903,8.945991654553769e+38
5932.6056003796875,8.977470863624163e+38
5925.7503481378335,9.007629507279116e+38
5918.910920390648,9.03699826765151e+38
5912.087262407993,9.065675386528548e+38
5905.279319711823,9.093245605699023e+38
5898.487038074734,9.121927891850308e+38
5891.71036351853,9.153992109682341e+38
5884.949242312785,9.194299313577789e+38
5878.2036209734315,9.233424686373271e+38
5871.473446261339,9.268166626074568e+38
5864.758665180928,9.300709632491344e+38
5858.059224978765,9.330092598352951e+38
5851.375073142189,9.358723618574542e+38
5844.706157397937,9.386076373851771e+38
5838.052425710783,9.413467242097471e+38
5831.4138262821825,9.441857207959189e+38
5824.790307548929,9.470662586880172e+38
5818.181818181818,9.499735719093998e+38
5811.5883070843265,9.522977627315343e+38
5805.0097233912875,9.529002319485062e+38
5798.4460164675875,9.53372812458018e+38
5791.897135906866,9.536655291939585e+38
5785.363031530229,9.537606540329639e+38
5778.843653384958,9.535802229373426e+38
5772.338951743246,9.545557757823756e+38
5765.8488771009315,9.558336080540787e+38
5759.373380176236,9.569718145704852e+38
5752.912411908529,9.578312558247278e+38
5746.465923457074,9.595647796523349e+38
5740.033866199811,9.613403369460084e+38
5733.616191732126,9.633343954537072e+38
5727.212851865639,9.654182231264289e+38
5720.823798627002,9.67994659688946e+38
5714.448984256694,9.708894373051469e+38
5708.088361207831,9.734779650226987e+38
5701.7418821449955,9.762403465526803e+38
5695.409499943046,9.792769814431178e+38
5689.091167685962,9.822281245345802e+38
5682.786838665682,9.85320349433808e+38
5676.49646638095,9.884860398890505e+38
5670.220004536176,9.913785980053218e+38
5663.9574070403,9.943468874684162e+38
5657.708628005658,9.974224026377108e+38
5651.473621746871,1.0004082119871602e+39
5645.252342779723,1.0032967816157717e+39
5639.044745820058,1.0117362615863836e+39
5632.850785782685,1.0226927502706893e+39
5626.6704177802785,1.031994346024143e+39
5620.503597122302,1.0401853784488954e+39
5614.350279313927,1.0470673152906022e+39
5608.21042005496,1.0527697395153747e+39
5602.083975238789,1.0578318816985955e+39
5595.970900951316,1.0621306721848048e+39
5589.871153469913,1.0659315017223143e+39
5583.784689262382,1.0684428523618798e+39
5577.711464985917,1.0701502965213949e+39
5571.651437486071,1.071452442377619e+39
5565.604563795742,1.0715730287986874e+39
5559.570801134153,1.0701313899061927e+39
5553.55010690584,1.0676698785759264e+39
5547.5424386996565,1.0650793943346124e+39
5541.5477542877725,1.062047772481536e+39
5535.566011624688,1.0582198682144183e+39
5529.59716884625,1.0534663474866734e+39
5523.641184268669,1.0476297966775223e+39
5517.698016387563,1.0414533199371057e+39
5511.767623876978,1.0351320863873267e+39
5505.849965588438,1.0284207167228705e+39
5499.945000549994,1.0217161225651742e+39
5494.052687965278,1.0147676822410885e+39
5488.172987212558,1.0075500330144905e+39
5482.3058578438095,9.998488590589124e+38
5476.45125958379,9.921534092635519e+38
5470.6091523291125,9.844050748331165e+38
5464.77949614733,9.760917743748012e+38
5458.962251276033,9.682121629703464e+38
5453.157378121933,9.595087913790437e+38
5447.364837259976,9.51084762843822e+38
5441.584589432443,9.429976387822672e+38
5435.816595548066,9.349698398669072e+38
5430.060816681147,9.264320118297476e+38
5424.317214070679,9.213019088668184e+38
5418.58574911948,9.19694390256196e+38
5412.866383393327,9.188175966901195e+38
5407.159078620093,9.197027457219356e+38
5401.463796688903,9.23030757789625e+38
5395.780499649274,9.284441135846455e+38
5390.109149710282,9.341213639203818e+38
5384.449709239716,9.395304031641136e+38
5378.802140763251,9.45598612882389e+38
5373.166406963624,9.514103376036256e+38
5367.542470679799,9.622262739357197e+38
5361.930294906166,9.75397619034559e+38
5356.329842791719,9.883130238387483e+38
5350.7410776392535,9.995203398588915e+38
5345.163962904562,1.0100539001923465e+39
5339.598462195643,1.0201754943737402e+39
5334.044539271903,1.0296545361401482e+39
5328.502158043375,1.0379114627192205e+39
5322.971282569931,1.0466156585274533e+39
5317.451877060513,1.0542719807123218e+39
5311.943905872355,1.0613928693445959e+39
5306.447333510215,1.0667934334038465e+39
5300.96212462562,1.0731362131840197e+39
5295.488244016098,1.0802110509126834e+39
5290.025656624434,1.0861323405663241e+39
5284.574327537917,1.0918737433492797e+39
5279.134221987594,1.0971531312311804e+39
5273.705305347537,1.1028554826528248e+39
5268.287543134104,1.1069845366917383e+39
5262.88090100521,1.1105355378737216e+39
5257.4853447596015,1.1135707222589594e+39
5252.100840336135,1.1159085868951063e+39
5246.7273538130585,1.1174769409135217e+39
5241.3648514073075,1.119192860757746e+39
5236.0132994737805,1.1209551125819689e+39
5230.672664504656,1.1226643982602655e+39
5225.342913128675,1.1240730397271805e+39
5220.024012110455,1.1297562665604078e+39
5214.715928349803,1.1355861759928275e+39
5209.418628881018,1.1416432354421971e+39
5204.132080872213,1.147817777250024e+39
5198.856251624643,1.1569160756521807e+39
5193.591108572022,1.1668194374393821e+39
5188.336619279859,1.1764937023910321e+39
5183.092751444787,1.1858063206024166e+39
5177.859472893906,1.1950997347633243e+39
5172.63675158412,1.2035920200544915e+39
5167.4245556014885,1.211986082537449e+39
5162.222853160571,1.219818877724881e+39
5157.031612603785,1.2272797492954786e+39
5151.850802400763,1.2339526683493626e+39
5146.68039114771,1.240346020105949e+39
5141.520347566776,1.2457520244134695e+39
5136.370640505418,1.2495391022173383e+39
5131.231238935783,1.2528989799949072e+39
5126.102111954071,1.2548741371391905e+39
5120.983228779926,1.256949229476669e+39
5115.874558755819,1.2609485397636944e+39
5110.776071346433,1.265327570793951e+39
5105.6877361380575,1.2691662330654626e+39
5100.609522837979,1.2727703689195687e+39
5095.541401273885,1.2763170600758973e+39
5090.483341393266,1.2801324183421564e+39
5085.435313262816,1.28332014963081e+39
5080.397287067849,1.2851354410914838e+39
5075.369233111709,1.2866436468382566e+39
5070.351121815186,1.2867356917926643e+39
5065.342923715936,1.286557423079036e+39
5060.344609467906,1.2859540598670532e+39
5055.356149840757,1.2842607905916829e+39
5050.3775157192995,1.2819062744511772e+39
5045.408678102926,1.2793936002457716e+39
5040.449608105044,1.2764350979975164e+39
5035.500276952515,1.2727478313624635e+39
5030.560655985109,1.2689599183064483e+39
5025.63071665494,1.2653983413557982e+39
5020.71043052592,1.2614582220014889e+39
5015.799769273211,1.2572457983268342e+39
5010.898704682685,1.2528865306723191e+39
5006.00720865038,1.2488856200654917e+39
5001.125253181966,1.2450401927432525e+39
4996.252810392206,1.2409380004282229e+39
4991.38985250443,1.2392698686466878e+39
4986.536351850005,1.2397267168613456e+39
4981.692280867811,1.2413895845545768e+39
4976.857612103718,1.2442268515972534e+39
4972.032318210068,1.2480587205189293e+39
4967.216371945162,1.2510223502233055e+39
4962.409746172742,1.2533515040398394e+39
4957.612413861484,1.254664918528492e+39
4952.824348084495,1.2556025403173661e+39
4948.045522018802,1.2568181780975921e+39
4943.275908944857,1.2570790052494677e+39
4938.515482246036,1.2578006862040228e+39
4933.764215408146,1.2613054384561066e+39
4929.022082018928,1.2648099230462299e+39
4924.289055767573,1.2683183671491764e+39
4919.565110444238,1.2710732808009659e+39
4914.850219939547,1.2737591190475472e+39
4910.1443582441325,1.277797387347556e+39
4905.447499448137,1.2842902129537089e+39
4900.7596177407495,1.290283612192361e+39
4896.080687409729,1.2963315817900529e+39
4891.410682840932,1.3019477783659004e+39
4886.749578517849,1.307332361555393e+39
4882.097349021139,1.3127449094422742e+39
4877.453969028168,1.3181909032394361e+39
4872.819413312543,1.323436235188258e+39
4868.193656743665,1.3298069111678995e+39
4863.576674286271,1.3360458201619935e+39
4858.968440999976,1.3424006917245176e+39
4854.368932038836,1.3490526134805514e+39
4849.77812265089,1.3557050794592641e+39
4845.195988177722,1.3621670481820854e+39
4840.622504054022,1.3685544198581044e+39
4836.057645807138,1.375440276544653e+39
4831.50138905665,1.38205046402205e+39
4826.953709513926,1.3889433758193714e+39
4822.414582981699,1.395711705170439e+39
4817.883985353633,1.4044213028959583e+39
4813.361892613897,1.4137809379808633e+39
4808.84828083674,1.4236559569021875e+39
4804.3431261860715,1.4335081733539973e+39
4799.8464049150425,1.444909563373314e+39
4795.358093365622,1.4571911373175566e+39
4790.878167968189,1.46932066389579e+39
4786.406605241115,1.481422977134172e+39
4781.943381790359,1.4934102481264056e+39
4777.488474309055,1.505658007887903e+39
4773.041859577109,1.5170711184357536e+39
4768.60351446079,1.528156124141239e+39
4764.173415912339,1.538492333288421e+39
4759.751540969562,1.5479643186053947e+39
4755.337866755433,1.5570182994860783e+39
4750.932370477706,1.5651892213331607e+39
4746.535029428517,1.5719462362371318e+39
4742.145820983995,1.578117782481573e+39
4737.764722603875,1.5830343035835455e+39
4733.391711831113,1.586633766974704e+39
4729.026766291498,1.5902259551522404e+39
4724.669863693275,1.593699110863028e+39
4720.320981826764,1.597021695918923e+39
4715.980098563984,1.6017986335758227e+39
4711.647191858274,1.608148072439598e+39
4707.322239743921,1.6149581755205264e+39
4703.005220335795,1.6218086790669777e+39
4698.696111828967,1.628698885904444e+39
4694.394892498357,1.6354944191078784e+39
4690.101540698356,1.6423802306051774e+39
4685.8160348624715,1.6489611957247682e+39
4681.538353502961,1.6514486037668074e+39
4677.268475210477,1.6489230012979163e+39
4673.006378653707,1.6428880679676426e+39
4668.752042579019,1.632794638421017e+39
4664.505445810108,1.6207788785789846e+39
4660.266567247647,1.606742639784304e+39
4656.035385868933,1.5919585684995756e+39
4651.811880727543,1.5753277076261776e+39
4647.59603095299,1.5565447507006927e+39
4643.387815750371,1.538056066783233e+39
4639.187214400037,1.5179349076260352e+39
4634.994206257242,1.4969821822594606e+39
4630.808770751812,1.4743585715502963e+39
4626.630887387804,1.452698591938384e+39
4622.4605357431765,1.4293779578348657e+39
4618.2976954694495,1.406884624328506e+39
4614.142346291383,1.384674704473142e+39
4609.994468006638,1.3652607986680716e+39
4605.8540404854575,1.3443903464301809e+39
4601.721043670333,1.3254020708254914e+39
4597.595457575688,1.3066033455184523e+39
4593.477262287552,1.288256259105398e+39
4589.366437963239,1.2709919093602519e+39
4585.262964831033,1.2555841242131751e+39
4581.166823189867,1.2394677955828044e+39
4577.077993409008,1.2252590668980753e+39
4572.996455927747,1.2114125999778123e+39
4568.922191255083,1.1975957155230555e+39
4564.855179969416,1.184883964949969e+39
4560.795402718234,1.1732530938645144e+39
4556.742840217812,1.1617378421278865e+39
4552.6974732529025,1.1519592868680406e+39
4548.659282676431,1.1422655409040945e+39
4544.628249409198,1.1470177802900437e+39
4540.604354439576,1.1555586400464977e+39
4536.58757882321,1.16763161612486e+39
4532.57790368272,1.190144953011626e+39
4528.575310207409,1.2146783114163597e+39
4524.579779652965,1.2442712442147768e+39
4520.591293341169,1.2791664291271615e+39
4516.609832659606,1.3153975158193472e+39
4512.635379061372,1.3530413722919444e+39
4508.667914064789,1.3910213410418022e+39
4504.70741925312,1.427657063772665e+39
4500.753876274276,1.4588829178414023e+39
4496.807266840543,1.490111796433689e+39
4492.867572728294,1.5154129396586207e+39
4488.934775777708,1.537741493523413e+39
4485.008857892494,1.557965050524097e+39
4481.089801039612,1.5735019308397386e+39
4477.177587248998,1.588685648866989e+39
4473.272198613286,1.601349397615607e+39
4469.373617287537,1.611324798031764e+39
4465.481825488971,1.620973311211004e+39
4461.596805496687,1.6282779606176686e+39
4457.718539651407,1.6351333440747938e+39
4453.8470103551945,1.6412822365127956e+39
4449.982200071199,1.6466573304628886e+39
4446.124091323389,1.6517889778291128e+39
4442.272666696282,1.6563882915508756e+39
4438.427908834691,1.660431912987495e+39
4434.589800443458,1.6642907717620658e+39
4430.7583242872015,1.6671688678931603e+39
4426.933463190048,1.6699389004545676e+39
4423.115200035385,1.6721627277515475e+39
4419.3035177656,1.6739266091413912e+39
4415.4983993818305,1.675641786151243e+39
4411.699827943707,1.6772094747978912e+39
4407.907786569105,1.6786973768825337e+39
4404.122258433894,1.6801358722993224e+39
4400.343226771688,1.6812508554203326e+39
4396.570674873598,1.6823414602732234e+39
4392.804586087987,1.6833518346704128e+39
4389.044943820225,1.684196183202018e+39
4385.29173153244,1.685036039130909e+39
4381.544932743285,1.6857710237433898e+39
4377.804531027689,1.6866824626216404e+39
4374.0705100166215,1.6876587953676847e+39
4370.342853396849,1.6883212994069693e+39
4366.621544910702,1.688709441400834e+39
4362.906568355839,1.6889133887795848e+39
4359.197907585004,1.689006391655844e+39
4355.495546505804,1.6883841162809376e+39
4351.799469080464,1.6874317267848857e+39
4348.109659325608,1.6860102558355728e+39
4344.426101312017,1.6847423579018676e+39
4340.748779164406,1.6830430388829195e+39
4337.077677061196,1.6811906442855488e+39
4333.412779234286,1.6796034176322324e+39
4329.754069968826,1.6787103306923246e+39
4326.101533602993,1.677823465836288e+39
4322.455154527772,1.6769574276152962e+39
4318.814917186724,1.6759643979624816e+39
4315.180806075775,1.6748514308186074e+39
4311.552805742988,1.6738719338654993e+39
4307.930900788351,1.6731679090648462e+39
4304.315075863553,1.6720298824973997e+39
4300.70531567177,1.6708696946480814e+39
4297.101604967449,1.6695435795716567e+39
4293.503928556094,1.6680782128256173e+39
4289.912271294052,1.666599379528073e+39
4286.326618088298,1.6651030470369812e+39
4282.746953896229,1.6627431659928536e+39
4279.173263725448,1.660678923455772e+39
4275.605532633559,1.65915112669527e+39
4272.043745727956,1.656955412675271e+39
4268.487888165618,1.654949349851253e+39
4264.9379451528985,1.6529040991861552e+39
4261.393901945326,1.650898276482624e+39
4257.855743847398,1.6486438356605088e+39
4254.323456212376,1.646405433991173e+39
4250.797024442083,1.6441784332869994e+39
4247.276433986705,1.6420850855606578e+39
4243.761670344594,1.6410489786426413e+39
4240.252719062056,1.6413444235057508e+39
4236.749565733169,1.6414347357765355e+39
4233.2521959995765,1.6424951328570978e+39
4229.760595550291,1.6463845572153313e+39
4226.274750121505,1.650671577458871e+39
4222.794645496389,1.6542968235095993e+39
4219.320267504905,1.6574978286854248e+39
4215.851602023608,1.660671652564081e+39
4212.388634975463,1.6632536655492125e+39
4208.931352329643,1.6608380529255863e+39
4205.479740101352,1.65328877935915e+39
4202.033784351626,1.645432752298028e+39
4198.593471187152,1.6370233226622668e+39
4195.158786760079,1.628515333224761e+39
4191.72971726783,1.6189549294343865e+39
4188.306248952924,1.6069672057962568e+39
4184.888368102781,1.5962274004454312e+39
4181.4760610495505,1.5873356522802332e+39
4178.069314169922,1.578814829535995e+39
4174.668113884946,1.5681353138327452e+39
4171.272446659853,1.558192665043155e+39
4167.882299003876,1.5480646732091962e+39
4164.497657470068,1.5398101341205313e+39
4161.118508655127,1.5327543351362238e+39
4157.744839199218,1.5275828958897442e+39
4154.3766357858,1.5225103597592733e+39
4151.013885141446,1.5154222744120752e+39
4147.65657403567,1.5099720195100147e+39
4144.304689280756,1.510079336047483e+39
4140.958217731583,1.508402429984473e+39
4137.6171462854545,1.5057006586212176e+39
4134.281461881925,1.5040452376069896e+39
4130.951151502633,1.5045375293280524e+39
4127.626202171131,1.5057742067818237e+39
4124.306600952715,1.5066015503553157e+39
4120.992334954257,1.507478529665643e+39
4117.683391324041,1.5089882201052982e+39
4114.379757251594,1.5102462693422247e+39
4111.081419967522,1.5133664050877168e+39
4107.788366743345,1.5165384931979027e+39
4104.500584891333,1.5203139577252535e+39
4101.218061764344,1.524264567396365e+39
4097.94078475566,1.5283600249733596e+39
4094.6687412988285,1.5332317058283073e+39
4091.4019188675,1.539601787574427e+39
4088.1403049752666,1.5477014977488356e+39
4084.883887175507,1.599077299278314e+39
4081.6326530612246,1.6518289397778422e+39
4078.3865902648913,1.7047619366288154e+39
4075.1456864582906,1.7524668499650616e+39
4071.9099293523623,1.8015400300075028e+39
4068.6793066970463,1.8453033770003838e+39
4065.453806281126,1.8787304594888103e+39
4062.2334159320794,1.9131350776644395e+39
4059.0181235159216,1.941088576552483e+39
4055.8079169370535,1.9618584282381016e+39
4052.602784138113,1.9827469430326932e+39
4049.4027130998174,1.9992500295650805e+39
4046.207691840822,2.012287314831e+39
4043.017708417563,2.0259097231324848e+39
4039.8327509241117,2.0364435522000144e+39
4036.6528074920275,2.0460000444701345e+39
4033.4778662902086,2.0554408051162043e+39
4030.307915524746,2.0634915131984937e+39
4027.1429434387774,2.0712946347716836e+39
4023.982938312341,2.0789484049992715e+39
4020.8278884622346,2.0860515835001752e+39
4017.6777822418644,2.0927588837100608e+39
4014.5326080411087,2.0992940967884055e+39
4011.3923542861726,2.1056893918334434e+39
4008.257009439445,2.111801418635692e+39
4005.1265619993587,2.118122707510022e+39
4002.00100050025,2.1238515379850028e+39
3998.880313512216,2.1297226143040484e+39
3995.76448964098,2.1357504441620957e+39
3992.653517527749,2.141684083441805e+39
3989.5473858490755,2.1475899143058322e+39
3986.446083316723,2.154634494765155e+39
3983.3495986775274,2.16238533871557e+39
3980.257920713262,2.1702701322430636e+39
3977.171038240499,2.1772598458326832e+39
3974.0889401104796,2.1852175899684617e+39
3971.0116152089745,2.192474299080346e+39
3967.939052456154,2.19990770331054e+39
3964.871240806455,2.207491270790018e+39
3961.8081692484448,2.21482901678998e+39
3958.7498268046947,2.2214985498537623e+39
3955.6962025316457,2.2278791866873887e+39
3952.6472855194766,2.234590214773754e+39
3949.603064891978,2.2401148563868077e+39
3946.5635298064212,2.246175016462206e+39
3943.528669453427,2.2509396748189183e+39
3940.4984730568417,2.2561907233062087e+39
3937.4729298736074,2.2602265497849162e+39
3934.4520291936337,2.2637857509515807e+39
3931.4357603396757,2.2669032581101532e+39
3928.4241126672036,2.2697938857008558e+39
3925.4170755642785,2.2725341404639223e+39
3922.4146384514306,2.2749120286332986e+39
3919.4167907815317,2.27697351679372e+39
3916.4235220396736,2.2790931735626166e+39
3913.434821743044,2.2779361591765515e+39
3910.4506794408057,2.274624751038239e+39
3907.4710847139727,2.2709766892645844e+39
3904.496027175292,2.266055029813628e+39
3901.5254964691194,2.261197316767123e+39
3898.5594822713006,2.255437042679144e+39
3895.5979742890536,2.2495895506393227e+39
3892.6409622608458,2.2431276392999783e+39
3889.68843595628,2.237262722647742e+39
3886.7403851759723,2.2305958664964968e+39
3883.796799751437,2.2233456645097692e+39
3880.857669544969,2.2145484469112583e+39
3877.922984449529,2.2008308327807635e+39
3874.992734388623,2.1871386629410852e+39
3872.066909316193,2.1711760294180675e+39
3869.145499216498,2.1544488999549054e+39
3866.2284941040016,2.134423325486565e+39
3863.315884023257,2.1130479558780012e+39
3860.4076590487957,2.0905860062650046e+39
3857.503809285012,2.06779825698453e+39
3854.6043248660526,2.0442472018138038e+39
3851.7091959557056,2.0201698390078637e+39
3848.8184127472864,1.995349431753914e+39
3845.931965463531,1.969487088626551e+39
3843.049844356481,1.9442129938903783e+39
3840.172039707379,1.91678488515383e+39
3837.298541826554,1.890585213515192e+39
3834.429341053318,1.8625183046650153e+39
3831.5644277558526,1.834482267865816e+39
3828.7037923311063,1.8057226810476288e+39
3825.847425204683,1.7778027667900718e+39
3822.995316830737,1.7495512598944077e+39
3820.1474576918667,1.720507676600305e+39
3817.3038382990094,1.691590634185265e+39
3814.4644491913336,1.6622442639247868e+39
3811.629280936136,1.6326019160968662e+39
3808.7983241287375,1.603017167740219e+39
3805.9715693923768,1.5732375774219577e+39
3803.1490073781088,1.544307819915467e+39
3800.3306287647024,1.519844609333761e+39
3797.516424258535,1.4998664079607805e+39
3794.706384593492,1.4807431404331133e+39
3791.900500530866,1.4626774770580934e+39
3789.098762859254,1.4455787166377534e+39
3786.3011623944567,1.4278636095000398e+39
3783.50768997938,1.4113245644575235e+39
3780.718336483932,1.3959639960222315e+39
3777.9330928049267,1.3801270234844377e+39
3775.1519498659823,1.3658535570018168e+39
3772.3748986174246,1.3510898448115288e+39
3769.6019300361877,1.3375995407548093e+39
3766.8330351257177,1.3351845507560648e+39
3764.0682049158727,1.3379777120639365e+39
3761.307430462829,1.3416388159413178e+39
3758.5507028489815,1.3492288039774686e+39
3755.798013182851,1.3604719607242842e+39
3753.0493525989864,1.379793860550896e+39
3750.304712257871,1.4017329219943744e+39
3747.564083345825,1.4245349562256175e+39
3744.827457074915,1.446271098715525e+39
3742.0948246828575,1.4681979500215125e+39
3739.366177432925,1.490637441916826e+39
3736.641506613855,1.5109067315075556e+39
3733.920803539757,1.5304872379453787e+39
3731.2040595500166,1.5499129876854648e+39
3728.491266009209,1.5669878448838198e+39
3725.7824143070043,1.5839104264903346e+39
3723.077495858076,1.5996369765474475e+39
3720.3765021020126,1.6146804807631934e+39
3717.679424503225,1.629270391923639e+39
3714.986254550858,1.6424760568187762e+39
3712.2969837587007,1.6558121766818164e+39
3709.611603665096,1.6684542490924127e+39
3706.9301058328547,1.6806543324797292e+39
3704.2524818491625,1.6925266590142788e+39
3701.5787233254982,1.704368074760537e+39
3698.90882189754,1.7157867762628528e+39
3696.2427692250826,1.725903392106022e+39
3693.5805569919476,1.7366433777806115e+39
3690.9221769059,1.7482927964100762e+39
3688.2676206985575,1.760144250271146e+39
3685.6168801253107,1.772617269117587e+39
3682.969946965233,1.7858866904813256e+39
3680.3268130209963,1.7984635466083064e+39
3677.687470118789,1.8127054003425793e+39
3675.05191010823,1.8296203885559645e+39
3672.420124862284,1.844514687722232e+39
3669.792106277179,1.86011802856008e+39
3667.1678462723235,1.876296735628135e+39
3664.5473367902227,1.891902557950434e+39
3661.9305697963964,1.9069760179262978e+39
3659.317537279297,1.922499733155411e+39
3656.7082312502284,1.9379385038582875e+39
3654.102643743263,1.9540108143243303e+39
3651.500766815161,1.9703549087151247e+39
3648.9025925452916,1.988323404074634e+39
3646.3081130355513,2.0066741436739138e+39
3643.7173204102824,2.0301906807270803e+39
3641.130206816196,2.0546438516677076e+39
3638.5467644222895,2.0785590255914407e+39
3635.9669854197723,2.0947282059849794e+39
3633.390862021982,2.1106413652063573e+39
3630.8183864643092,2.1274280707390887e+39
3628.249551004118,2.144442078964495e+39
3625.68434792067,2.161495181792944e+39
3623.122769515045,2.1792248438810185e+39
3620.564808110065,2.197692672655628e+39
3618.010456050218,2.2163939967839288e+39
3615.45970570158,2.2356326716816378e+39
3612.9125494517407,2.2541822001914255e+39
3610.3689797097263,2.273790214745641e+39
3607.8289889059256,2.2934471698284102e+39
3605.292569492014,2.3037118162786682e+39
3602.7597139408786,2.3059102386236808e+39
3600.230414746544,2.3088086452264565e+39
3597.7046644240972,2.311736457837718e+39
3595.182455509617,2.3145276169379635e+39
3592.6637805600963,2.317380111756728e+39
3590.1486321533707,2.31998260182189e+39
3587.6370028880474,2.322722046036485e+39
3585.1288853834294,2.32520896824734e+39
3582.6242722794445,2.3275032502051717e+39
3580.1231562365742,2.329908656723621e+39
3577.6255299357813,2.3324870255924738e+39
3575.1313860784385,2.3351956796159998e+39
3572.640717386256,2.337589346286346e+39
3570.1535166012136,2.3397801814027407e+39
3567.6697764854885,2.3420231421007238e+39
3565.189489821384,2.3441319699534576e+39
3562.7126494112613,2.3462854007860438e+39
3560.2392480774706,2.3486131133416126e+39
3557.769278662279,2.3508948565628985e+39
3555.302734027802,2.353051335638011e+39
3552.8396070559393,2.3548104852983515e+39
3550.3798906482994,2.356644247621793e+39
3547.9235777261356,2.3584911810342958e+39
3545.4706612302784,2.3602915432208017e+39
3543.0211341210647,2.362343331876079e+39
3540.5749893782745,2.364140513635367e+39
3538.1322200010613,2.3655248677861227e+39
3535.6928190078843,2.3667517487573464e+39
3533.2567794364454,2.367781150444841e+39
3530.8240943436194,2.369280769166307e+39
3528.394756805391,2.3707045188990745e+39
3525.968759916787,2.3723970232034117e+39
3523.546096791811,2.3740919889266278e+39
3521.1267605633802,2.375970704441243e+39
3518.710744383258,2.3775554530259935e+39
3516.298041421991,2.3791052534410012e+39
3513.888644868844,2.3807920886631085e+39
3511.4825479317365,2.3822030858904733e+39
3509.0797438371783,2.383388564786263e+39
3506.6802258302064,2.3844822867168018e+39
3504.2839871743204,2.3858854677267198e+39
3501.8910211514217,2.3869889391212612e+39
3499.5013210617485,2.3884237657681274e+39
3497.1148802238154,2.3897575219633384e+39
3494.731691974349,2.393127059008528e+39
3492.3517496682266,2.3971627305903824e+39
3489.9750466784158,2.4010933892778454e+39
3487.601576395912,2.404878986626226e+39
3485.231332229677,2.408991996808148e+39
3482.8643076065755,2.41372196320221e+39
3480.5004959713206,2.4186243045475905e+39
3478.1398907864072,2.4236109421639755e+39
3475.782485532055,2.4287022207134906e+39
3473.4282737061476,2.4334708276449902e+39
3471.0772488241723,2.4381366685402818e+39
3468.729404419161,2.4428910507022116e+39
3466.384734041631,2.447957731569221e+39
3464.0432312595262,2.4527842530834127e+39
3461.7048896581564,2.457208559276271e+39
3459.369702840142,2.4617037465861817e+39
3457.0376644253533,2.4663131278512112e+39
3454.708768050853,2.4697761775015692e+39
3452.3830073708373,2.472699283917003e+39
3450.060376056581,2.4763288285634578e+39
3447.7408677963763,2.4803774353593558e+39
3445.4244762954795,2.4832768917341182e+39
3443.111195276051,2.4858231309591025e+39
3440.8010184771015,2.487898151801237e+39
3438.4939396544314,2.4898085603216528e+39
3436.1899525805784,2.491377179409687e+39
3433.8890510447604,2.493724873302418e+39
3431.591228852819,2.4959830047293067e+39
3429.2964798271632,2.4980957071195492e+39
3427.004797806717,2.4999234518986567e+39
3424.7161766468603,2.5016079197740896e+39
3422.4306102193777,2.503241212971189e+39
3420.148092412401,2.5045281835601583e+39
3417.8686171303575,2.5051969443662792e+39
3415.5921782939117,2.5060323889575373e+39
3413.318769839915,2.5066877147963398e+39
3411.0483857213517,2.506956711392691e+39
3408.781019907281,2.507213627250553e+39
3406.51666638279,2.5069168028845206e+39
3404.255319148936,2.506513549456239e+39
3401.9969722226947,2.5056807521708006e+39
3399.7416196369077,2.5050698123097532e+39
3397.4892554402295,2.504033130440394e+39
3395.2398736970767,2.5030239720959846e+39
3392.9934684875734,2.502036585635858e+39
3390.7500339075,2.500791493016601e+39
3388.5095640682443,2.4994448855877228e+39
3386.272053096746,2.497975733139347e+39
3384.0374951354456,2.4963155330725304e+39
3381.8058843422386,2.4941917387774055e+39
3379.577214890417,2.492276089866563e+39
3377.3514809686244,2.4892930927636035e+39
3375.1286767808024,2.486078748946227e+39
3372.9087965461413,2.482460406923169e+39
3370.6918344990304,2.4782537174887818e+39
3368.4777848890085,2.4738461245439882e+39
3366.266641980711,2.469422563610115e+39
3364.0584000538247,2.4655296392522125e+39
3361.853053403035,2.461286704375609e+39
3359.650596337981,2.4570735618907414e+39
3357.4510231831996,2.4528494624770785e+39
3355.2543282780834,2.449367953391056e+39
3353.0605059768304,2.447176877364051e+39
3350.8695506483928,2.4460546521755775e+39
3348.6814566764333,2.444666297473356e+39
3346.4962184592728,2.4433913187675786e+39
3344.313830409845,2.44207934030036e+39
3342.1342869556497,2.4409041598634065e+39
3339.957582538702,2.439527773099166e+39
3337.783711615487,2.437953155998447e+39
3335.6126686569155,2.4356503123153296e+39
3333.444448148271,2.4334486533360344e+39
3331.2790445891696,2.4306774934152396e+39
3329.116452493508,2.4277452520216548e+39
3326.9566663894198,2.4242673620021658e+39
3324.7996808192306,2.4208639118640694e+39
3322.645490339408,2.417315640471021e+39
3320.4940895205204,2.413348547578823e+39
3318.3454729471887,2.407098517919063e+39
3316.1996352180404,2.4001955809979156e+39
3314.056570945666,2.3928092188600393e+39
3311.916274756574,2.3851365755946323e+39
3309.778741291145,2.3772293209250686e+39
3307.643965203585,2.3691022609538238e+39
3305.511941161887,2.3606339708743434e+39
3303.38266384778,2.350793630673896e+39
3301.256127956687,2.3409803623977224e+39
3299.132328197684,2.3313548228060857e+39
3297.0112592934506,2.3216399960333226e+39
3294.89291598023,2.311721471906153e+39
3292.777293007787,2.3015942290564923e+39
3290.664385139359,2.291221830463073e+39
3288.554187151619,2.280903990582852e+39
3286.4466938346254,2.270657596366411e+39
3284.341899991789,2.2606596237183206e+39
3282.23980043982,2.2503209305000617e+39
3280.140390008692,2.2396800401136505e+39
3278.0436635415986,2.228364981514319e+39
3275.9496158949073,2.2169793782518854e+39
3273.8582419381237,2.2055653860796756e+39
3271.769536553845,2.1939066957749303e+39
3269.683494637719,2.1820723340118402e+39
3267.6001110984034,2.169694253940326e+39
3265.519380857525,2.1573071832351526e+39
3263.441298849637,2.1456481149765717e+39
3261.365860022177,2.133900062844017e+39
3259.29305933543,2.1223670362886265e+39
3257.222891762483,2.1109193667944374e+39
3255.1553522891877,2.099774331596376e+39
3253.090435914118,2.0894914013476526e+39
3251.0281376485314,2.0794989616311438e+39
3248.9684525163257,2.069957670054586e+39
3246.9113755540043,2.0605595649946683e+39
3244.85690181063,2.0521884233687945e+39
3242.8050263477908,2.044443310021742e+39
3240.755744239557,2.0371066700074952e+39
3238.709050572442,2.0305207174110288e+39
3236.6649404453647,2.0244142282926593e+39
3234.6234089696104,2.018692542905376e+39
3232.5844512687895,2.013120193656345e+39
3230.5480624787992,2.008053760451937e+39
3228.5142377477882,2.0029765026137346e+39
3226.482972236114,1.9981959410508313e+39
3224.4542611163056,1.9948358788155658e+39
3222.428099573028,1.9914948176494495e+39
3220.4044828030396,1.9869234531050032e+39
3218.383406015158,1.9835002425669443e+39
3216.3648644302207,1.9809282704910214e+39
3214.3488532810466,1.9782401979869366e+39
3212.3353678123995,1.975865138614615e+39
3210.3244032809516,1.9739012818714687e+39
3208.315954955244,1.970008361208089e+39
3206.3100181156515,1.967525842589629e+39
3204.306588054345,1.9655531443492122e+39
3202.305660075254,1.9639456779754277e+39
3200.307229494031,1.9633718763593788e+39
3198.311291638015,1.9636625801731965e+39
3196.317841846193,1.9647213077793898e+39
3194.3268754691667,1.966232096305363e+39
3192.3383878691143,1.968188779225458e+39
3190.3523744197546,1.970101874723583e+39
3188.368830506313,1.972635832379562e+39
3186.387751525483,1.975212997615862e+39
3184.409132885393,1.9782528501554875e+39
3182.4329700055687,1.9809606334522937e+39
3180.4592583169006,1.9831625102408055e+39
3178.4879932616054,1.9859982438181143e+39
3176.5191702931925,1.988048529232764e+39
3174.55278487643,1.9898378582729365e+39
3172.5888324873094,1.9920322320853566e+39
3170.627308613009,1.9946305541456533e+39
3168.6682087518616,1.9977526024976977e+39
3166.7115284133192,2.0006710609946384e+39
3164.7572631179187,2.0046444755939557e+39
3162.8054083972484,2.0089243964313307e+39
3160.855959793912,2.0133798334273014e+39
3158.9089128614974,2.0170776237596865e+39
3156.964263164541,2.020531396769153e+39
3155.022006278494,2.0239210417050916e+39
3153.082137789689,2.028397489685438e+39
3151.144653295309,2.0327881517500726e+39
3149.2095484033507,2.0385065194093705e+39
3147.2768187325914,2.0450950801784098e+39
3145.346459912559,2.0516622222208274e+39
3143.4184675834967,2.058808068847842e+39
3141.4928373963307,2.0666921482076786e+39
3139.5695650126368,2.0754471530010435e+39
3137.6486461046093,2.0843826270623754e+39
3135.7300763550274,2.0919103787181927e+39
3133.8138514572233,2.0994637210741385e+39
3131.89996711505,2.10732745717003e+39
3129.9884190428493,2.1144969444327473e+39
3128.0792029654185,2.1236718980410256e+39
3126.1723146179816,2.132967353175554e+39
3124.267749746153,2.1419048096721383e+39
3122.3655041059105,2.1485951154229035e+39
3120.4655734635603,2.1556607605741894e+39
3118.567953595709,2.1624723144466437e+39
3116.672640289227,2.169577555635809e+39
3114.779629341224,2.1766832680697567e+39
3112.8889165590126,2.183706110010967e+39
3111.0004977600797,2.1913131915483703e+39
3109.114368772055,2.198889296640873e+39
3107.2305254326816,2.206390778771272e+39
3105.348963589783,2.2121555255646112e+39
3103.4696791012348,2.2176942507878817e+39
3101.592667834933,2.2238258700332235e+39
3099.7179256687637,2.2291142575700156e+39
3097.8454484905747,2.2351129736477717e+39
3095.9752321981423,2.241989678286448e+39
3094.1072726991442,2.2497552350923478e+39
3092.241565911129,2.257308381662336e+39
3090.3781077614844,2.2649027168834472e+39
3088.5168941874113,2.2718894374198077e+39
3086.65792113589,2.277533565164055e+39
3084.8011845636547,2.2828997205249294e+39
3082.946680437162,2.288883053514531e+39
3081.094404732561,2.2944864650093748e+39
3079.2443534356667,2.2982950211962826e+39
3077.3965225419292,2.3012026599316384e+39
3075.550908056405,2.304992638665702e+39
3073.7075059937297,2.308591750796304e+39
3071.8663123780852,2.312278633081753e+39
3070.027323243177,2.3139880565084758e+39
3068.1905346322,2.313958244475555e+39
3066.3559425978165,2.314289540644535e+39
3064.5235432021204,2.314335928183262e+39
3062.693332516615,2.313503714148543e+39
3060.8653066221823,2.312875314753816e+39
3059.039461609055,2.312021881874283e+39
3057.2157935767896,2.3108972435883224e+39
3055.3942986342386,2.3101226063371067e+39
3053.574972899522,2.3090515955839117e+39
3051.7578125,2.3084022584382864e+39
3049.9428135722455,2.3073481195538277e+39
3048.129972262017,2.306304084982036e+39
3046.319284724232,2.3058316461584436e+39
3044.510747122937,2.305627912081406e+39
3042.7043556312847,2.3057170568305002e+39
3040.9001064315034,2.306141825306119e+39
3039.097995714872,2.3069626775732007e+39
3037.2980196816907,2.3079497243803385e+39
3035.5001745412596,2.3088905133442657e+39
3033.7044565118467,2.310522758519211e+39
3031.910861820662,2.3133184557963762e+39
3030.119386703836,2.3164741007474625e+39
3028.3300274063868,2.320134341392159e+39
3026.5427801821975,2.3235690722661688e+39
3024.757641293991,2.3266205605817565e+39
3022.974607013301,2.329839015109166e+39
3021.1936736204475,2.3326583103952845e+39
3019.414837404511,2.335417338181157e+39
3017.6380946633067,2.338013384618048e+39
3015.8634417033595,2.340172110877151e+39
3014.090874839876,2.3429363951719988e+39
3012.3203903967224,2.3455082628962872e+39
3010.5519847063956,2.347843715529552e+39
3008.785654110001,2.3503178636725487e+39
3007.021394957225,2.3527848441424098e+39
3005.2592036063106,2.3545174137984305e+39
3003.499076424034,2.356443594787463e+39
3001.7410097856755,2.3587804924458213e+39
2999.9850000749993,2.3612820064196267e+39
2998.2310436842263,2.3644826126917116e+39
2996.4791370140083,2.3669696781830052e+39
2994.7292764734066,2.371375074137934e+39
2992.9814584798646,2.3745172940765072e+39
2991.2356794591847,2.3782941290098734e+39
2989.491935845503,2.384876264576105e+39
2987.7502240812664,2.3903116313270272e+39
2986.010540617208,2.396758021355945e+39
2984.272881912322,2.403016568395519e+39
2982.5372444338395,2.409539176453092e+39
2980.8036246572074,2.416125563109441e+39
2979.0720190660604,2.4234650220778558e+39
2977.3424241522016,2.4314254058945224e+39
2975.6148364155742,2.439538323812843e+39
2973.8892523642417,2.4482641794312533e+39
2972.165668514363,2.4570771248557907e+39
2970.4440813901674,2.4652292029555977e+39
2968.724487523935,2.4730062078655437e+39
2967.0068834559697,2.4799120458222793e+39
2965.2912657345764,2.4862063400201628e+39
2963.5776309160415,2.4918999997799708e+39
2961.865975564606,2.4971447416882334e+39
2960.1562962524417,2.5020856932734364e+39
2958.448589559635,2.5054121147620276e+39
2956.7428520741546,2.5079670761610042e+39
2955.039080391838,2.5110667276663786e+39
2953.3372711163615,2.5144174146641596e+39
2951.6374208592215,2.5173452656751654e+39
2949.9395262397115,2.520531196715654e+39
2948.2435838849005,2.5234623373319372e+39
2946.5495904296067,2.527087698412213e+39
2944.857542516381,2.528043847053664e+39
2943.167436795479,2.525512848935583e+39
2941.479269924845,2.522027489792154e+39
2939.7930385700847,2.5151857622553953e+39
2938.1087394044453,2.5082552573611746e+39
2936.4263691087945,2.500117594373778e+39
2934.745924371597,2.49073833046709e+39
2933.0674018888953,2.4796723408640972e+39
2931.390798364284,2.4698191813463105e+39
2929.7161105088912,2.4570765936131853e+39
2928.043335041358,2.4425510632876018e+39
2926.3724686878145,2.4281411523678286e+39
2924.7035081818576,2.411772561981196e+39
2923.0364502645343,2.3947982699869192e+39
2921.3712916843165,2.3782290606560705e+39
2919.7080291970797,2.360413993412508e+39
2918.046659566086,2.3410457046096303e+39
2916.3871795619584,2.3217653900372014e+39
2914.7295859626624,2.2989046439031206e+39
2913.073875553484,2.2765917659753995e+39
2911.420045127011,2.253845376316088e+39
2909.7680914831085,2.2302931845546253e+39
2908.1180114289036,2.2063809589577878e+39
2906.4698017787596,2.1823748639587146e+39
2904.8234593542575,2.1571885983301924e+39
2903.178980984177,2.1299855345528517e+39
2901.5363635044755,2.1035108445486263e+39
2899.8956037582648,2.077635147065268e+39
2898.256698595794,2.0500411302602243e+39
2896.6196448744313,2.0223483919281952e+39
2894.9844394586376,1.9952963715516907e+39
2893.351079219952,1.966841900473126e+39
2891.7195610369704,1.9382929585220886e+39
2890.0898817953234,1.9093257503918132e+39
2888.4620383876604,1.880981554498387e+39
2886.8360277136258,1.851399870092533e+39
2885.211846679842,1.8247302538521015e+39
2883.58949219989,1.7969749826836855e+39
2881.9689611942877,1.769701257907946e+39
2880.3502505904717,1.7433200330689778e+39
2878.733357322778,1.7166670289110196e+39
2877.118278332422,1.690893873030294e+39
2875.5050105674804,1.6657730007800536e+39
2873.893550982871,1.6413145567050445e+39
2872.283896540334,1.6158568053723574e+39
2870.676044208411,1.5892003091574933e+39
2869.0699909624295,1.5615963825814126e+39
2867.4657337844815,1.5340780228921878e+39
2865.8632696634045,1.5100391692045483e+39
2864.262595594764,1.486965725592035e+39
2862.6637085808343,1.463623798588743e+39
2861.066605630579,1.4404757584650933e+39
2859.471283759633,1.4145493749042894e+39
2857.8777399902833,1.395607132047298e+39
2856.285971351452,1.3772164133186483e+39
2854.6959748786758,1.3587013725757066e+39
2853.107747614089,1.3402419211135923e+39
2851.5212866064044,1.3276120703287898e+39
2849.9365889108967,1.3157441755712707e+39
2848.353651589381,1.3040216903996942e+39
2846.7724717101987,1.2929113371742502e+39
2845.193046348195,1.2859908335804338e+39
2843.6153725847043,1.279860154768061e+39
2842.039447507532,1.274579778319956e+39
2840.465268210933,1.2695906126590365e+39
2838.8928317956,1.2684965613102492e+39
2837.3221353686395,1.2679640354273786e+39
2835.7531760435572,1.2685976325485383e+39
2834.185950940241,1.2695797669656072e+39
2832.6204571849416,1.2740912827735601e+39
2831.0566919102557,1.2795237724619009e+39
2829.4946522551077,1.2853350985596787e+39
2827.934335364733,1.2906668380121295e+39
2826.3757383906614,1.298434199766418e+39
2824.8188584906993,1.3076706521284886e+39
2823.2636928289103,1.3169061970768781e+39
2821.7102385756007,1.3267887355704043e+39
2820.1584929073015,1.3379088417786548e+39
2818.6084530067506,1.350294940158844e+39
2817.060116062877,1.3630225056050206e+39
2815.5134792707818,1.3756924508709194e+39
2813.9685398317247,1.3897373928681972e+39
2812.4252949531033,1.4027687901998603e+39
2810.8837418484372,1.416219077936269e+39
2809.343877737355,1.429775751723677e+39
2807.8056998455704,1.444132194474836e+39
2806.269205404875,1.456112780062132e+39
2804.734391653111,1.4679509968308036e+39
2803.2012558341626,1.4807360175859317e+39
2801.6697951979377,1.493492898417844e+39
2800.14000700035,1.5035227976218183e+39
2798.611888503302,1.5131563057910486e+39
2797.0854369746726,1.5220927711941674e+39
2795.560649688295,1.531258404681003e+39
2794.0375239239465,1.5372807216801546e+39
2792.516056967328,1.5421047795137628e+39
2790.996246110049,1.5473773905401046e+39
2789.4780886496137,1.5522903564264783e+39
2787.9615818894013,1.555894879107463e+39
2786.446723138654,1.5570911392822983e+39
2784.933509712456,1.5580932530172637e+39
2783.4219389317227,1.5598780342941434e+39
2781.912008123183,1.5614875204846628e+39
2780.4037146193627,1.5596218913056438e+39
2778.8970557585694,1.5581944033109786e+39
2777.392028884877,1.5564513150914142e+39
2775.8886313481107,1.555459715274472e+39
2774.3868605038288,1.5518088560891068e+39
2772.8867137133116,1.5475054823700364e+39
2771.3881883435415,1.5441828721399407e+39
2769.891281767191,1.5406212656151454e+39
2768.3959913626045,1.5360800520483844e+39
2766.902314513786,1.530750384662346e+39
2765.410248610381,1.5248441379836418e+39
2763.919791047664,1.520067789430279e+39
2762.4309392265195,1.5148226966866797e+39
2760.943690553431,1.5087878801434242e+39
2759.458042440465,1.501807250572938e+39
2757.9739923052525,1.4964801944493303e+39
2756.4915375709797,1.490476164869523e+39
2755.010675666368,1.484609394173929e+39
2753.531404025663,1.4773374300381593e+39
2752.0537200886165,1.468610587372539e+39
2750.5776213004733,1.4589344844223532e+39
2749.1031051119576,1.449105208840234e+39
2747.6301689792554,1.438954053438261e+39
2746.1588103640033,1.4290762553687468e+39
2744.689026733271,1.4195224925108306e+39
2743.2208155595486,1.4103149550438182e+39
2741.7541743207303,1.4012084976503386e+39
2740.289100500103,1.3919812023907345e+39
2738.825591586328,1.38323585526916e+39
2737.36364507343,1.3739271944169957e+39
2735.9032584607808,1.3586263561235539e+39
2734.4444292530866,1.3381555083536664e+39
2732.987154960372,1.3185042807590957e+39
2731.5314330979663,1.2982932047725457e+39
2730.077261186492,1.2780624058940753e+39
2728.624636751845,1.2583751431220336e+39
2727.173557325188,1.2387820095867901e+39
2725.7240204429304,1.21909876525899e+39
2724.276023646716,1.2002799060286215e+39
2722.8295644834116,1.1804475292942037e+39
2721.3846405050895,1.1605202880291825e+39
2719.941249269016,1.1410799755522976e+39
2718.499388337638,1.1221995861841092e+39
2717.0590552785666,1.1036861026076564e+39
2715.6202476645667,1.0855409419246916e+39
2714.182963073541,1.0675432376967121e+39
2712.7471990885174,1.0496547511795725e+39
2711.3129532976345,1.0355557522606237e+39
2709.8802232941307,1.0226191621606456e+39
2708.449006676327,1.0099301795835767e+39
2707.0193010476164,9.951864716252086e+38
2705.5911040164506,9.818354188840919e+38
2704.1644131963226,9.710586810811446e+38
2702.7392262057597,9.600853298605947e+38
2701.3155406683054,9.477063302236781e+38
2699.893354212509,9.361372890714195e+38
2698.4726644719094,9.25760461593735e+38
2697.0534690850245,9.146654218129247e+38
2695.635765695339,9.033954258437989e+38
2694.2195519512884,8.923049938288766e+38
2692.804825506247,8.82962859620777e+38
2691.391584018517,8.734730694560813e+38
2689.9798251513116,8.646536657340675e+38
2688.569546572746,8.559588563692962e+38
2687.160745955823,8.476449039302944e+38
2685.7534209784203,8.391663364005351e+38
2684.347569323276,8.308464654817728e+38
2682.94318867798,8.223521282466744e+38
2681.5402767349565,8.124803630230982e+38
2680.138831191456,8.019501000494307e+38
2678.738849749538,7.916618255831913e+38
2677.3403301160624,7.817004705618808e+38
2675.943270002676,7.71696166721483e+38
2674.5476671257975,7.616326004292131e+38
2673.153519206608,7.504780930221606e+38
2671.7608239710385,7.402716253307995e+38
2670.3695791497544,7.299779653952059e+38
2668.979782478148,7.190690790300503e+38
2667.5914316963217,7.078651269216476e+38
2666.204524549078,6.972473550768122e+38
2664.8190587859085,6.873236293628344e+38
2663.4350321609777,6.7717520043287754e+38
2662.052442433116,6.668379604644655e+38
2660.6712873658025,6.563279319893884e+38
2659.2915647271566,6.469509056341651e+38
2657.9132722899253,6.378453041456194e+38
2656.536407831469,6.2825545885213424e+38
2655.1609691337535,6.18489983295765e+38
2653.7869539833346,6.095544726454617e+38
2652.4143601713463,6.009029237151494e+38
2651.0431854934914,5.924670879156132e+38
2649.67342775003,5.8409448882477414e+38
2648.3050847457625,5.756294254634535e+38
2646.938154290025,5.680099337353292e+38
2645.572634196672,5.60409989487072e+38
2644.2085222840674,5.5301260355908e+38
2642.8458163750724,5.456608694854165e+38
2641.4845142970353,5.392919732184691e+38
2640.1246138817755,5.325976176151591e+38
2638.766112965577,5.26068207817225e+38
2637.409009389176,5.200669543833369e+38
2636.053300997746,5.138127672748147e+38
2634.698985640891,5.0790622927797915e+38
2633.346061172629,5.026480241748151e+38
2631.9945254513873,4.972165171484727e+38
2630.644376339985,4.918384488539068e+38
2629.295611705624,4.869197898389014e+38
2627.9482294198806,4.817990492094856e+38
2626.6022273586887,4.769756348054491e+38
2625.2576034023336,4.7129171260203934e+38
2623.9143554354387,4.657635853090684e+38
2622.5724813469533,4.608575838157264e+38
2621.2319790301444,4.563969535267406e+38
2619.8928463825832,4.513663428192641e+38
2618.5550813061354,4.4656072716484385e+38
2617.21868170695,4.4202385941879675e+38
2615.8836454954485,4.3792893020223035e+38
2614.5499705863126,4.338659585030915e+38
2613.217654898476,4.295689910145947e+38
2611.8866963551122,4.253527556964635e+38
2610.5570928836214,4.216746144650521e+38
2609.2288424156245,4.179269136087672e+38
2607.9019428869474,4.145322133084904e+38
2606.5763922376154,4.111614606307517e+38
2605.2521884118387,4.078359544812198e+38
2603.9293293580013,4.0452112230507276e+38
2602.6078130286546,4.018586436049203e+38
2601.2876373805034,3.988233491226074e+38
2599.9688003743954,3.960294094851229e+38
2598.651299975313,3.9281851129180856e+38
2597.33513415236,3.897346338667559e+38
2596.020300878753,3.8687522966994206e+38
2594.7067981318114,3.8404190986396656e+38
2593.3946238929448,3.8118975058226214e+38
2592.083776147645,3.788889539360778e+38
2590.7742528854747,3.769397641582341e+38
2589.4660521000574,3.747219035332196e+38
2588.1591717890647,3.726383558843506e+38
2586.8536099542125,3.708103204693966e+38
2585.5493646012433,3.699455607830401e+38
2584.2464337399215,3.688032042771508e+38
2582.9448153840194,3.6792327314051396e+38
2581.64450755131,3.671183644473551e+38
2580.3455082635564,3.6642167513989366e+38
2579.0478155465003,3.662302236047798e+38
2577.7514274298533,3.6610669208357205e+38
2576.4563419472856,3.658411216605623e+38
2575.1625571364193,3.6575629414562475e+38
2573.870071038814,3.6629706946760425e+38
2572.57888169996,3.67201373948216e+38
2571.288987169268,3.680620375667245e+38
2570.0003855000577,3.690692470622086e+38
2568.7130747495507,3.694429489527933e+38
2567.4270529788573,3.700134395835161e+38
2566.14231825297,3.711360518615074e+38
2564.858868640753,3.7237808158918244e+38
2563.5767022149307,3.735536055651508e+38
2562.2958170520783,3.723768632297285e+38
2561.016211232617,3.7024108273797494e+38
2559.7378828407973,3.683615177055992e+38
2558.4608299646934,3.666229401991559e+38
2557.1850506961937,3.645173665997981e+38
2555.9105431309904,3.633794801158755e+38
2554.63730536857,3.618723873731097e+38
2553.365335512205,3.611733245606706e+38
2552.0946316689424,3.601089574564861e+38
2550.8251919495956,3.592140305359966e+38
2549.557014468736,3.5872905590576054e+38
2548.2900973446817,3.5846950853170165e+38
2547.0244386994896,3.5828289041826404e+38
2545.760036658945,3.578762616045554e+38
2544.496889352553,3.579386592059813e+38
2543.23499491353,3.584340107916039e+38
2541.974351478794,3.5908749302670384e+38
2540.714957188953,3.595909212807808e+38
2539.456810188301,3.605850171659717e+38
2538.1999086248034,3.6192691236991975e+38
2536.944250650092,3.630880874334753e+38
2535.689834419454,3.644554374374827e+38
2534.4366580918227,3.6566820240872005e+38
2533.1847198297696,3.6684596639298895e+38
2531.9340177994964,3.685777852509938e+38
2530.684550170821,3.706243207607441e+38
2529.436315117176,3.7279567542347215e+38
2528.1893108155937,3.7496584663570806e+38
2526.943535446701,3.772139656033988e+38
2525.698987194706,3.7972998268831055e+38
2524.4556642473967,3.8177490526905164e+38
2523.213564796124,3.843945247465951e+38
2521.9726870357995,3.8653648768526995e+38
2520.7330291648814,3.8914859785426885e+38
2519.494589385369,3.9178078534770304e+38
2518.2573659027953,3.9434429580358995e+38
2517.0213569262137,3.9655940578909e+38
2515.786560668193,3.9891514967664486e+38
2514.552975344808,4.012702519499253e+38
2513.320599175631,4.031679892055022e+38
2512.0894303837213,4.055516312842394e+38
2510.859467195621,4.047051699084671e+38
2509.630707841341,4.032527389037843e+38
2508.4031505543576,4.009028777839503e+38
2507.176793571599,3.9823118302189744e+38
2505.951635133442,3.963631948091117e+38
2504.7276734837005,3.944392229389446e+38
2503.5049068696176,3.931309377534556e+38
2502.283333541857,3.914479616595997e+38
2501.0629517544953,3.895661445567662e+38
2499.8437597650145,3.865097913306196e+38
2498.6257558342913,3.832113365648899e+38
2497.40893822659,3.798834791932822e+38
2496.1933052095555,3.765005923570666e+38
2494.9788550542034,3.735040720454192e+38
2493.7655860349128,3.705750916984084e+38
2492.553496429417,3.6838614364854216e+38
2491.3425845187976,3.663123523425467e+38
2490.1328485874724,3.641090147735121e+38
2488.9242869231916,3.620174928514254e+38
2487.7168978170284,3.581139009581633e+38
2486.5106795633687,3.544313047847626e+38
2485.305630459906,3.505519963369997e+38
2484.101748807631,3.468033890141196e+38
2482.899032910827,3.430849694659198e+38
2481.6974810770566,3.3976220831882697e+38
2480.49709161716,3.3649435969631264e+38
2479.2978628452424,3.3364551424713943e+38
2478.0997930786675,3.3074484496244513e+38
2476.90288063805,3.279051669699231e+38
2475.707123847249,3.2540087793181557e+38
2474.5125210333563,3.230436205983179e+38
2473.3190705266934,3.2109942884275353e+38
2472.126770660799,3.188062087308938e+38
2470.935619772427,3.1696068784797675e+38
2469.7456162015314,3.138214658348187e+38
2468.5567582912654,3.1039237454805618e+38
2467.369044387969,3.068971651934618e+38
2466.1824728411657,3.0369519421767894e+38
2464.9970420035497,3.0023755873166587e+38
2463.8127502309826,2.9727060781467016e+38
2462.629595882483,2.9434593076228015e+38
2461.447577320222,2.9151252038998676e+38
2460.266692909511,2.88739148744238e+38
2459.0869410188,2.8636066385607207e+38
2457.9083200196633,2.8434717378737605e+38
2456.730828286799,2.8224462605684844e+38
2455.554464198016,2.8063571463957215e+38
2454.37922613423,2.7861206647746176e+38
2453.2051124794543,2.763980919608012e+38
2452.0321216207935,2.748738792103028e+38
2450.860251948434,2.7320366983548993e+38
2449.6895018556397,2.7176318441507994e+38
2448.519869738743,2.7038446821501364e+38
2447.351353997137,2.6922428412572155e+38
2446.183953033268,2.6864777538155114e+38
2445.0176652526316,2.6803494399129845e+38
2443.8524890637605,2.675262548063194e+38
2442.68842287822,2.6675266046672528e+38
2441.5254651106015,2.6473023810548343e+38
2440.3636141785123,2.6192950952414804e+38
2439.2028685025734,2.5917295291004917e+38
2438.043226506406,2.565441589012126e+38
2436.8846866166296,2.5390022474203394e+38
2435.7272472628515,2.513286143715991e+38
2434.5709068776628,2.4928930665204725e+38
2433.4156638966288,2.474501335434187e+38
2432.2615167582817,2.4516859539316478e+38
2431.108463904117,2.4314630313726653e+38
2429.9565037785824,2.4081859175011655e+38
2428.805634829073,2.3936734581882767e+38
2427.6558555059237,2.3786555806059233e+38
2426.5071642624025,2.3630513182679754e+38
2425.359559554704,2.348988566829033e+38
2424.2130398419413,2.336382543546508e+38
2423.06760358614,2.3284441368718974e+38
2421.9232492522315,2.3203300296190708e+38
2420.7799753080444,2.3151738446850666e+38
2419.6377802243005,2.308521763892551e+38
2418.4966624746057,2.304040881208612e+38
2417.356620535444,2.3049111028225588e+38
2416.217652886172,2.305297869778659e+38
2415.0797580090084,2.3076542058147316e+38
2413.942934389031,2.3093259988186025e+38
2412.8071805141694,2.3114500707359163e+38
2411.672494875196,2.3128663881730398e+38
2410.538875965722,2.313750760657842e+38
2409.4063222821896,2.316919605369649e+38
2408.274832323865,2.3174420565069335e+38
2407.1444045928315,2.3185849546372062e+38
2406.015037593985,2.3153175392202325e+38
2404.8867298350247,2.315467613804233e+38
2403.7594798264486,2.3164544852373804e+38
2402.6332860815455,2.3161908219381498e+38
2401.508147116389,2.3186845757116375e+38
2400.384061449832,2.3206046746403003e+38
2399.2610276034984,2.3220841805986903e+38
2398.1390441017775,2.3242464191995305e+38
2397.018109471817,2.32664205770615e+38
2395.8982222435193,2.3286819773434805e+38
2394.7793809495297,2.3311939444033448e+38
2393.6615841252365,2.3327859263415302e+38
2392.544830308758,2.3366852329281273e+38
2391.4291180409414,2.338778586990426e+38
2390.3144458653537,2.340140742743711e+38
2389.2008123282762,2.3368846692478816e+38
2388.088215978698,2.3401973866191513e+38
2386.9766553683107,2.3427918784741986e+38
2385.8661290514992,2.3486711548647105e+38
2384.7566355853382,2.352099061310275e+38
2383.648173529587,2.3560083546019523e+38
2382.5407414466786,2.359623121905322e+38
2381.434337901718,2.3545838288910177e+38
2380.328961462474,2.3515894603711975e+38
2379.224610699373,2.348544878383212e+38
2378.1212841854936,2.3455783168875427e+38
2377.0189804965594,2.343940468775313e+38
2375.917698210934,2.3444936472041585e+38
2374.8174359096147,2.349478745890959e+38
2373.718192176225,2.3522112075022463e+38
2372.6199655970104,2.3541827229713606e+38
2371.522754760832,2.3595654458276705e+38
2370.426558259159,2.362607652515555e+38
2369.3313746860636,2.3648705884223564e+38
2368.2372026382163,2.368913266806409e+38
2367.1440407148775,2.372111323848561e+38
2366.051887517893,2.3768452427306235e+38
2364.9607416516887,2.372621994905712e+38
2363.8706017232616,2.3672743665062314e+38
2362.781466342178,2.3627851488234165e+38
2361.6933341205645,2.357027512108142e+38
2360.606203673103,2.3539215673306314e+38
2359.5200736170264,2.3491837172173857e+38
2358.4349425721093,2.3467151209422697e+38
2357.3508091606654,2.3432612598167562e+38
2356.26767200754,2.3421742214958378e+38
2355.1855297401053,2.3438022269954407e+38
2354.104380988253,2.3467229016032294e+38
2353.02422438439,2.350799739208904e+38
2351.9450585634318,2.353050448519226e+38
2350.8668821627975,2.356628780089659e+38
2349.789693822403,2.3572253603495402e+38
2348.713492184656,2.359902511955583e+38
2347.63827589445,2.3622903856883113e+38
2346.56404359916,2.3650519829997597e+38
2345.490793948634,2.3578927625819463e+38
2344.4185255951893,2.3528586647005492e+38
2343.3472371936073,2.3471837981873165e+38
2342.2769274011266,2.3413672152789322e+38
2341.2075948774377,2.3375107364362487e+38
2340.139238284678,2.336068838069672e+38
2339.0718562874254,2.3363321168565855e+38
2338.0054475526927,2.3354247929924804e+38
2336.940010749924,2.336734308837955e+38
2335.8755445509864,2.3372709809835564e+38
2334.8120476301656,2.3405068662583257e+38
2333.7495186641618,2.3448080487112423e+38
2332.6879563320813,2.348009340935597e+38
2331.627359315434,2.3502717718498294e+38
2330.567726298126,2.3545814661245462e+38
2329.509055966455,2.3539404553084927e+38
2328.451347009104,2.3549275117532693e+38
2327.394598117138,2.354630400692864e+38
2326.3388079839947,2.354316375227962e+38
2325.283975305484,2.3533180904228337e+38
2324.2300987797794,2.3535839077122353e+38
2323.1771771074123,2.356983290274734e+38
2322.1252089912687,2.3613931172364777e+38
2321.0741931365837,2.3659925453206385e+38
2320.0241282509337,2.371940418210417e+38
2318.9750130442344,2.3761864281156184e+38
2317.9268462287328,2.380699853263432e+38
2316.879626519004,2.3832595609780423e+38
2315.8333526319448,2.3864155421546754e+38
2314.7880232867674,2.386784056324524e+38
2313.743637204998,2.3810962806113426e+38
2312.7001931104664,2.377732091501393e+38
2311.657689729305,2.377062903977817e+38
2310.616125789942,2.375931864541771e+38
2309.5755000230956,2.3732071766704884e+38
2308.5358111617707,2.3684896473115225e+38
2307.497057941251,2.36793794181358e+38
2306.459239099097,2.3704860731595267e+38
2305.4223533751383,2.3720320886881787e+38
2304.3863995114702,2.373733303271987e+38
2303.351376252447,2.3750709882735218e+38
2302.31728234468,2.3774546719213095e+38
2301.284116537028,2.376062810733433e+38
2300.251877580595,2.3733064669848063e+38
2299.2205642287263,2.371420197389189e+38
2298.190175237001,2.3698202553602447e+38
2297.160709363227,2.360775537982222e+38
2296.1321653674386,2.356028493031516e+38
2295.1045420118885,2.352629200466271e+38
2294.0778380610454,2.3483693372429556e+38
2293.052052281587,2.3446287884980426e+38
2292.0271834423957,2.3405566043748265e+38
2291.0032303145545,2.337110970334407e+38
2289.9801916713423,2.336054074762392e+38
2288.9580662882254,2.3329020717475873e+38
2287.936852942859,2.3318538099239973e+38
2286.9165504150756,2.330545868220692e+38
2285.8971574868847,2.330087210984639e+38
2284.878672942467,2.3244195002875704e+38
2283.8610955681675,2.3203052924407084e+38
2282.844424152494,2.316888134931401e+38
2281.8286574861095,2.314288815821192e+38
2280.8137943618285,2.311561697006983e+38
2279.7998335746124,2.308860864326007e+38
2278.786773921564,2.3027395584437637e+38
2277.774614201925,2.292067642793547e+38
2276.7633532170667,2.2802158324356076e+38
2275.7529897704903,2.269210776954558e+38
2274.7435226678194,2.257240719330076e+38
2273.734950716795,2.245731607072063e+38
2272.7272727272725,2.2331408458478274e+38
2271.7204875112166,2.2243846482881956e+38
2270.7145938826948,2.2133796366948604e+38
2269.709590657875,2.204228425191258e+38
2268.7054766550204,2.1957978893754303e+38
2267.7022506944836,2.1873201045873793e+38
2266.6999115987037,2.177289654203058e+38
2265.6984581921993,2.1682337761064665e+38
2264.697889301567,2.1591825254304254e+38
2263.6982037554753,2.1524972739369575e+38
2262.699400384659,2.1452491511747762e+38
2261.701478021916,2.1390301513759295e+38
2260.7044355021026,2.1346058730316428e+38
2259.7082716621285,2.127201520056624e+38
2258.712985340953,2.1191994171743754e+38
2257.718575379579,2.1087759701807494e+38
2256.7250406210505,2.0995045540899015e+38
2255.7323799104474,2.0906324530335276e+38
2254.7405920948795,2.0821707881317937e+38
2253.749676023484,2.07330599745331e+38
2252.759630547421,2.063542323823054e+38
2251.7704545198662,2.0542881236725416e+38
2250.7821467960116,2.049393089628531e+38
2249.7947062330563,2.046254399930444e+38
2248.8081316902044,2.041399088706218e+38
2247.8224220286597,2.039847813283067e+38
2246.8375761116226,2.0369309736910685e+38
2245.853592804285,2.0336412276662388e+38
2244.870470973825,2.0309025770629515e+38
2243.8882094894034,2.0278164612128606e+38
2242.90680722216,2.02454510824213e+38
2241.9262630452085,2.021091744660424e+38
2240.9465758336323,2.016782066937655e+38
2239.9677444644794,2.0130855480213615e+38
2238.9897678167613,2.009398690921628e+38
2238.012644771443,2.0071599355201027e+38
2237.0363742114446,2.0023879517664313e+38
2236.060955021634,1.998934605616558e+38
2235.0863860888226,1.9967114136427207e+38
2234.1126663017617,1.9900423499172443e+38
2233.139794551139,1.982555428062574e+38
2232.1677697295727,1.9761185705605026e+38
2231.1965907316094,1.970583425832948e+38
2230.2262564537173,1.96604446185958e+38
2229.256765794284,1.95851224966102e+38
2228.2881176536125,1.9533625681292283e+38
2227.3203109339156,1.9464383713832554e+38
2226.353344539312,1.9428087857819597e+38
2225.3872173758236,1.937833634521775e+38
2224.42192835137,1.932958633787206e+38
2223.457476375764,1.9280965153998687e+38
2222.4938603607106,1.9242525199883808e+38
2221.5310792197984,1.9209177312682555e+38
2220.5691318684976,1.918179111265559e+38
2219.608017224158,1.9158945672395185e+38
2218.6477342060016,1.9137176769073253e+38
2217.6882817351193,1.9111559468447836e+38
2216.729658734469,1.908291726907038e+38
2215.7718641288693,1.9064570938901565e+38
2214.814896844996,1.904207457970223e+38
2213.858755811379,1.9007567930615944e+38
2212.9034399583975,1.898166202197904e+38
2211.9489482182753,1.896026474979055e+38
2210.9952795250783,1.8950558390007368e+38
2210.04243281471,1.891957135237958e+38
2209.0904070249076,1.8903948823205364e+38
2208.1392010952372,1.8885986983827585e+38
2207.188813967091,1.8873979484159325e+38
2206.2392445836826,1.885463791493917e+38
2205.2904918900444,1.8837945176243264e+38
2204.342554833021,1.883384242269425e+38
2203.395432361269,1.880490793009694e+38
2202.4491234252487,1.8782924308865176e+38
2201.5036269772254,1.875201379308893e+38
2200.558941971261,1.872896883494819e+38
2199.6150673632114,1.8700095113387513e+38
2198.672002110725,1.8686387737820656e+38
2197.729745173236,1.8664969323596094e+38
2196.7882955119617,1.864956180577761e+38
2195.847652089898,1.8625287013941107e+38
2194.9078138718173,1.8607822579052923e+38
2193.968779824263,1.8605762830481344e+38
2193.0305489155467,1.8605260040030636e+38
2192.0931201157423,1.8602742417312533e+38
2191.1564923966866,1.85959211137094e+38
2190.2206647319717,1.859541275962613e+38
2189.2856360969417,1.85783617400578e+38
2188.3514054686902,1.8560103758666926e+38
2187.4179718260566,1.8535647289697083e+38
2186.4853341496214,1.8503611884060855e+38
2185.553491421703,1.8493558191455472e+38
2184.622442626353,1.845503490928106e+38
2183.6921867493556,1.8454381682113557e+38
2182.7627227782204,1.843542215468398e+38
2181.8340497021795,1.8423485432437875e+38
2180.906166512186,1.8385208901387294e+38
2179.979072200907,1.8368622513987693e+38
2179.052765762723,1.83469409268092e+38
2178.1272461937224,1.8324618635048654e+38
2177.2025124916995,1.8295062950622977e+38
2176.278563656148,1.8254396930954494e+38
2175.3553986882607,1.8200627085604393e+38
2174.433016590924,1.8149777275606587e+38
2173.5114163687144,1.8108096422117256e+38
2172.590597027896,1.8070712324728932e+38
2171.670557576416,1.8044133764301006e+38
2170.7512970239,1.8019793690196267e+38
2169.832814381652,1.8015490040722722e+38
2168.915108662647,1.8003238916286532e+38
2167.99817888153,1.7974787360002644e+38
2167.0820240546104,1.795048976678907e+38
2166.166643199861,1.7923982711820296e+38
2165.252035336913,1.7906490994936907e+38
2164.338199487052,1.7869424178046897e+38
2163.4251346732144,1.7849053327459043e+38
2162.512839919987,1.7829746640522853e+38
2161.601314253599,1.780710345284657e+38
2160.690556701922,1.7786467365162753e+38
2159.7805662944643,1.7767129184119626e+38
2158.87134206237,1.7751978948740522e+38
2157.9628830384117,1.7729869733254626e+38
2157.0551882569916,1.771152994050628e+38
2156.1482567541343,1.768651576502604e+38
2155.242087567486,1.766291551604103e+38
2154.336679736309,1.7646861985136555e+38
2153.4320323014804,1.7611651987395435e+38
2152.528144305487,1.759193641018223e+38
2151.625014792422,1.7560322176603777e+38
2150.7226428079834,1.754508728852519e+38
2149.821027399469,1.751202078420148e+38
2148.920167615773,1.7488871472290184e+38
2148.020062507384,1.7470567866596817e+38
2147.1207111263793,1.744167218653118e+38
2146.2221125264255,1.7421199206502804e+38
2145.32426576277,1.740319936352002e+38
2144.4271698922425,1.7377294928037853e+38
2143.5308239732485,1.7352967631560064e+38
2142.635227065768,1.7349521745245157e+38
2141.740378231351,1.7330316500703796e+38
2140.8462765331137,1.7304932064547e+38
2139.9529210357373,1.7292946365214316e+38
2139.0603108054634,1.7286956420260043e+38
2138.16844491009,1.7255739551793256e+38
2137.2773224189705,1.7233534651110286e+38
2136.386942403008,1.7222887181947357e+38
2135.4973039346537,1.7201166897611826e+38
2134.608406087903,1.72004774854385e+38
2133.7202479382927,1.716769216286131e+38
2132.8328285628972,1.7150963979629512e+38
2131.9461470403257,1.7129020573372028e+38
2131.0602024507193,1.7115252490414876e+38
2130.174993875747,1.7065952875650435e+38
2129.2905203986033,1.701077209465108e+38
2128.4067811040045,1.698359434951865e+38
2127.5237750781866,1.698535919934644e+38
2126.6415014089,1.6984060856340702e+38
2125.7599591854087,1.6975754207487528e+38
2124.879147498486,1.6969688887264786e+38
2123.9990654404114,1.6961224254162567e+38
2123.119712104967,1.6950091108999753e+38
2122.2410865874363,1.6959758174443322e+38
2121.363187984599,1.6960263655057552e+38
2120.4860153947284,1.696143157404525e+38
2119.6095679175896,1.6968793681475551e+38
2118.7338446544345,1.6978062353729093e+38
2117.858844708,1.69829686430851e+38
2116.984567182505,1.6980231652461063e+38
2116.1110111836465,1.6989939025388217e+38
2115.238175818597,1.696256816067942e+38
2114.3660601960014,1.6953593552202718e+38
2113.494663425975,1.6945825594161871e+38
2112.6239846200974,1.691473217047392e+38
2111.7540228914136,1.6918923995010974e+38
2110.884777354428,1.6911366771671563e+38
2110.016247125103,1.6930734846243925e+38
2109.1484313208543,1.6912323229842126e+38
2108.2813290605495,1.6916770415248806e+38
2107.4149394645056,1.6902828182333594e+38
2106.5492616544834,1.6887266123242531e+38
2105.6842947536875,1.6882714724311343e+38
2104.820037886761,1.6881971729342302e+38
2103.956490179783,1.6881897896785078e+38
2103.0936507602682,1.6879947702471834e+38
2102.2315187571608,1.6880475833792644e+38
2101.370093300832,1.687792248750809e+38
2100.5093735230794,1.6888339906200591e+38
2099.649358557121,1.690253328064704e+38
2098.7900475375945,1.6931241734285769e+38
2097.931439600554,1.6955347461368381e+38
2097.0735338834656,1.697014839310434e+38
2096.216329525207,1.7006544021534159e+38
2095.3598256660625,1.7005469111548699e+38
2094.5040214477212,1.6997084244265086e+38
2093.6489160132737,1.7009354286521973e+38
2092.7945085072097,1.7018483906863104e+38
2091.9407980754145,1.7027823331499682e+38
2091.087783865167,1.7029752298661752e+38
2090.235465025135,1.702952718583385e+38
2089.383840705376,1.704284527629573e+38
2088.5329100573304,1.7032385121785305e+38
2087.6826722338205,1.701775841273398e+38
2086.833126389048,1.7021473665656238e+38
2085.9842716785915,1.7026915606160074e+38
2085.1361072594013,1.7045873825659168e+38
2084.2886322897994,1.7085735876881758e+38
2083.441845929475,1.7110991969836662e+38
2082.595747339484,1.7127011347382345e+38
2081.7503356822417,1.7162734314918372e+38
2080.9056101215247,1.7165092885326737e+38
2080.061569822467,1.7194755522909287e+38
2079.2182139515544,1.7225204365232573e+38
2078.3755416766253,1.7247366530128086e+38
2077.5335521668676,1.7282178791981204e+38
2076.6922445928126,1.731195478108266e+38
2075.8516181263362,1.7339027272821605e+38
2075.0116719406547,1.7316014309092517e+38
2074.1724052103214,1.731321669456652e+38
2073.333817111224,1.7307298570439204e+38
2072.495906820584,1.7317456024653098e+38
2071.6586735169512,1.7305462726976488e+38
2070.822116380203,1.7332501298815806e+38
2069.98623459154,1.7377374935692086e+38
2069.151027333485,1.7409608225810947e+38
2068.3164937898796,1.7454025080400466e+38
2067.4826331458817,1.7492956854341373e+38
2066.6494445879616,1.7558281554090745e+38
2065.8169273039025,1.753635784376305e+38
2064.9850804827934,1.7502476097169717e+38
2064.153903315031,1.7477055406538944e+38
2063.3233949923138,1.743852310948753e+38
2062.4935547076416,1.7449329668164354e+38
2061.66438165531,1.745072733949768e+38
2060.8358750309126,1.7444066295077074e+38
2060.0080340313325,1.746235291156195e+38
2059.1808578547457,1.747310940484359e+38
2058.354345700612,1.746066600528141e+38
2057.5284967696803,1.7358515890793193e+38
2056.703310263978,1.725719149069399e+38
2055.8787853868134,1.716238799972829e+38
2055.054921342773,1.7100544757500305e+38
2054.2317173377155,1.7049979841012928e+38
2053.409172578774,1.6997367545192997e+38
2052.5872862743486,1.69515479607518e+38
2051.7660576341086,1.692383852937735e+38
2050.9454858689855,1.686010121063572e+38
2050.125570191174,1.6870316077761766e+38
2049.306309814128,1.6870179906817765e+38
2048.4877039525572,1.688152681032048e+38
2047.669751822426,1.689274557735721e+38
2046.8524526409515,1.69036917432162e+38
2046.0358056265984,1.6911583454506972e+38
2045.2198099990796,1.6973833409646692e+38
2044.4044649793514,1.7048579215782753e+38
2043.5897697896123,1.7113733101306694e+38
2042.7757236533002,1.717758163995174e+38
2041.962325795089,1.7237339574714223e+38
2041.1495754408882,1.7314271398955855e+38
2040.3374718178386,1.737438497010859e+38
2039.5260141543104,1.7425557187374863e+38
2038.7152016799012,1.7496084020128477e+38
2037.905033625433,1.754683179782475e+38
2037.0955092229499,1.7603994064476934e+38
2036.2866277057158,1.768355508522649e+38
2035.478388308212,1.7742477093607895e+38
2034.6707902661349,1.7817601474317446e+38
2033.863832816393,1.789705627070979e+38
2033.0575151971047,1.7990887952075204e+38
2032.2518366475972,1.804725085797987e+38
2031.446796408402,1.810422596333742e+38
2030.6423937212537,1.8174559625584773e+38
2029.8386278290875,1.822433497730476e+38
2029.035497976037,1.8304342941319327e+38
2028.2330034074314,1.8365248768251435e+38
2027.4311433697933,1.8427149440430397e+38
2026.6299171108362,1.849863128749907e+38
2025.8293238794631,1.8588072760222683e+38
2025.0293629257624,1.8674161439048245e+38
2024.230033501007,1.8758697977039353e+38
2023.4313348576516,1.885074514093012e+38
2022.6332662493298,1.890547466191442e+38
2021.835826930853,1.8969733308477704e+38
2021.0390161582068,1.903656222463957e+38
2020.2428331885494,1.911810446972332e+38
2019.4472772802083,1.9174726631760617e+38
2018.6523476926802,1.9246334709384572e+38
2017.8580436866266,1.929636160088752e+38
2017.064364523872,1.93048157324701e+38
2016.2713094674018,1.9317180318599606e+38
2015.4788777813608,1.935969589620315e+38
2014.6870687310493,1.939934578350356e+38
2013.895881582922,1.9452767040124674e+38
2013.1053156045857,1.9486732314360107e+38
2012.3153700647965,1.956856161940721e+38
2011.5260442334577,1.964100958809236e+38
2010.7373373816179,1.970918264027565e+38
2009.9492487814684,1.9758475913785456e+38
2009.161777706341,1.9842126254509988e+38
2008.3749234307058,1.991571350870991e+38
2007.58868523017,1.9985578759288017e+38
2006.8030623814732,2.008186162021916e+38
2006.0180541624875,2.018331914803916e+38
2005.233659852214,2.0279930965649286e+38
2004.449878730782,2.0389729462940555e+38
2003.6667100794452,2.0493949979936244e+38
2002.88415318058,2.0612490125800974e+38
2002.1022073176835,2.0690620226694475e+38
2001.3208717753716,2.0781776683546496e+38
2000.5401458393767,2.088029802440116e+38
1999.7600287965445,2.0980498116430384e+38
1998.9805199348332,2.106923759602922e+38
1998.201618543311,2.1178094945936852e+38
1997.4233239121534,2.1291473047728962e+38
1996.6456353326412,2.1393116885622385e+38
1995.8685520971587,2.1509861978784838e+38
1995.0920734991919,2.163006357940553e+38
1994.3161988333252,2.17508435249038e+38
1993.5409273952394,2.1839124405048915e+38
1992.7662584817115,2.1966710922835194e+38
1991.9921913906096,2.209553803219121e+38
1991.2187254208939,2.2216626966015547e+38
1990.4458598726114,2.2339839073310287e+38
1989.6735940468966,2.2452297218628704e+38
1988.9019272459675,2.259021415443593e+38
1988.1308587731244,2.270435495578615e+38
1987.3603879327477,2.2829958647193582e+38
1986.5905140302955,2.2956660796161396e+38
1985.8212363723017,2.3064681971482338e+38
1985.0525542663743,2.30731400462073e+38
1984.284467021192,2.3010452244126577e+38
1983.5169739465043,2.2983274915329866e+38
1982.7500743531277,2.2934965925157676e+38
1981.9837675529436,2.290400273430744e+38
1981.2180528588976,2.283217165634869e+38
1980.4529295849961,2.271978592423708e+38
1979.6883970463048,2.2616810436132655e+38
1978.9244545589472,2.247378054564962e+38
1978.1611014401012,2.2294629249559715e+38
1977.3983370079984,2.213555737793717e+38
1976.6361605819216,2.1967156941730673e+38
1975.874571482202,2.1790451082415605e+38
1975.1135690302192,2.1640764103124625e+38
1974.353152548396,2.1491790046151903e+38
1973.5933213602004,2.135760409646733e+38
1972.8340747901398,2.1227797547552612e+38
1972.0754121637613,2.1085324155825612e+38
1971.3173328076487,2.0939300860466054e+38
1970.5598360494216,2.081103645635822e+38
1969.802921217732,2.0694723967509734e+38
1969.0465876422636,2.0594611021040432e+38
1968.2908346537283,2.0500732732475566e+38
1967.535661583866,2.0398814779932087e+38
1966.7810677654418,2.028216878852238e+38
1966.0270525322426,2.019947527187448e+38
1965.2736152190787,2.0121482369051344e+38
1964.5207551617782,2.006178936783062e+38
1963.768471697187,1.9985562400958793e+38
1963.016764163166,1.9928135056670862e+38
1962.26563189859,1.98772862443907e+38
1961.5150742433455,1.982319489112093e+38
1960.765090538328,1.976859331185079e+38
1960.0156801254411,1.969487000855305e+38
1959.2668423475934,1.961816606038518e+38
1958.5185765486985,1.9564926225491408e+38
1957.770882073671,1.949171437979326e+38
1957.0237582684254,1.944122850431661e+38
1956.2772044798749,1.93701953787039e+38
1955.531220055928,1.9317678421078316e+38
1954.7858043454887,1.9263590501587916e+38
1954.0409566984524,1.9213188814602042e+38
1953.2966764657049,1.914294129290084e+38
1952.5529629991213,1.9082872466341373e+38
1951.809815651563,1.9017610999664953e+38
1951.0672337768758,1.8903342314148875e+38
1950.3252167298895,1.8767457290059822e+38
1949.5837638664145,1.8656245166182966e+38
1948.84287454324,1.8513604184693122e+38
1948.1025481181327,1.8344991787779236e+38
1947.3627839498358,1.8176900912233745e+38
1946.6235813980652,1.8004641140109538e+38
1945.8849398235084,1.786558463718385e+38
1945.1468585878233,1.7719567467556274e+38
1944.4093370536364,1.7584736908751065e+38
1943.67237458454,1.74446717104387e+38
1942.9359705450906,1.7317318945368736e+38
1942.200124300808,1.71808550092538e+38
1941.464835218172,1.707773155984469e+38
1940.7301026646223,1.698745975821383e+38
1939.9959260085554,1.688869359398449e+38
1939.2623046193225,1.678773374895433e+38
1938.5292378672302,1.6695840051734115e+38
1937.7967251235345,1.659985939791115e+38
1937.0647657604432,1.6515758969590638e+38
1936.3333591511114,1.6424481408714392e+38
1935.602504669641,1.6345754689212967e+38
1934.8722016910783,1.6253311211474084e+38
1934.1424495914125,1.6149994241223027e+38
1933.4132477475737,1.6043884589418567e+38
1932.6845955374313,1.5979820091273443e+38
1931.9564923397925,1.5864139114379448e+38
1931.2289375343998,1.5791601956363687e+38
1930.5019305019305,1.570340789887785e+38
1929.7754706239928,1.5614777585511056e+38
1929.0495572831267,1.5541107016137026e+38
1928.3241898627996,1.546055742359242e+38
1927.5993677474073,1.539937557443621e+38
1926.8750903222697,1.5347096347867446e+38
1926.1513569736308,1.5310434066902113e+38
1925.4281670886564,1.5239427762990948e+38
1924.7055200554314,1.5195682550458617e+38
1923.9834152629605,1.517298596383063e+38
1923.2618521011634,1.5145763941707965e+38
1922.5408299608764,1.5126302867520329e+38
1921.8203482338472,1.5096745418348857e+38
1921.100406312736,1.506531588198427e+38
1920.3810035911124,1.5039533140523266e+38
1919.6621394634542,1.5016542004160204e+38
1918.9438133251456,1.499272641583693e+38
1918.2260245724754,1.498509456935068e+38
1917.5087726026345,1.4966685121599492e+38
1916.7920568137165,1.4945069229196122e+38
1916.0758766047136,1.4937171082457444e+38
1915.360231375516,1.490921311923392e+38
1914.6451205269102,1.4903131345019229e+38
1913.9305434605776,1.4880491642484747e+38
1913.2164995790922,1.4885708370320262e+38
1912.5029882859192,1.4880304631367659e+38
1911.790008985413,1.4863885551667568e+38
1911.0775610828164,1.4859432613338688e+38
1910.3656439842587,1.4867594724220195e+38
1909.6542570967526,1.4884348779357976e+38
1908.943399828195,1.490299651064341e+38
1908.2330715873636,1.4912331238227625e+38
1907.5232717839158,1.4953171014830982e+38
1906.8139998283866,1.496020392177388e+38
1906.1052551321882,1.4970927410698714e+38
1905.3970371076073,1.4951261415366663e+38
1904.6893451678031,1.4943823281710158e+38
1903.982178726807,1.4947456189090797e+38
1903.2755371995204,1.4923154309580833e+38
1902.5694200017124,1.4917879715929583e+38
1901.863826550019,1.4938718724196312e+38
1901.1587562619416,1.4928488182402862e+38
1900.4542085558446,1.4936237239510661e+38
1899.7501828509548,1.4968131030149314e+38
1899.046678567359,1.5004346749264553e+38
1898.3436951260026,1.5012484338996254e+38
1897.6412319486876,1.5058566581854177e+38
1896.939288458073,1.5101138468943708e+38
1896.2378640776699,1.514530729908802e+38
1895.536958231843,1.5196859623267914e+38
1894.8365703458076,1.5248117479745175e+38
1894.1366998456278,1.5291731804753668e+38
1893.4373461582154,1.535062439487883e+38
1892.738508711329,1.5389483233947638e+38
1892.0401869335703,1.541354423601532e+38
1891.3423802543855,1.5452987324997411e+38
1890.6450881040612,1.5488131591886493e+38
1889.9483099137237,1.550709223731876e+38
1889.252045115339,1.5510361699148902e+38
1888.5562931417078,1.553160218224166e+38
1887.8610534264678,1.5542843422061857e+38
1887.1663254040893,1.552306253003053e+38
1886.4721085098756,1.550379419824216e+38
1885.7784021799598,1.5460225394952016e+38
1885.0852058513044,1.5433109789712196e+38
1884.3925189616998,1.5412256754869661e+38
1883.7003409497615,1.5377847726530706e+38
1883.0086712549312,1.5335228349884308e+38
1882.3175093174718,1.5292552042404522e+38
1881.6268545784685,1.5247081104629379e+38
1880.9367064798269,1.5205500117928736e+38
1880.2470644642706,1.5157161474356484e+38
1879.5579279753401,1.5138225058692423e+38
1878.8692964573918,1.5124636320330622e+38
1878.181169355596,1.510257962457014e+38
1877.4935461159353,1.5085619340437568e+38
1876.806426185203,1.5066185479455437e+38
1876.1198090110033,1.50586644478784e+38
1875.4336940417472,1.5052353259211222e+38
1874.7480807266522,1.5074790745741189e+38
1874.062968515742,1.5090761625025773e+38
1873.378356859843,1.5114936950588864e+38
1872.6942452105843,1.514031734961685e+38
1872.0106330203955,1.5148020476738159e+38
1871.3275197425053,1.5188524987426515e+38
1870.6449048309405,1.5262521814772606e+38
1869.962787740524,1.5302980033553589e+38
1869.2811679268736,1.537215342900184e+38
1868.6000448464008,1.5417782171421727e+38
1867.9194179563092,1.5477628983691711e+38
1867.2392867145923,1.5532412201432662e+38
1866.5596505800333,1.5567809213515269e+38
1865.8805090122028,1.5601401318889204e+38
1865.2018614714577,1.5617026629301592e+38
1864.5237074189397,1.566863341622154e+38
1863.8460463165743,1.5699536822081593e+38
1863.168877627068,1.5751870339226252e+38
1862.492200813909,1.5813982332857151e+38
1861.816015341364,1.5899818043348904e+38
1861.1403206744772,1.594293567719586e+38
1860.4651162790697,1.6026011166416791e+38
1859.7904016217374,1.6097176887957342e+38
1859.1161761698486,1.6181056187484984e+38
1858.4424393915458,1.6241082104173417e+38
1857.7691907557405,1.6331772257636745e+38
1857.0964297321136,1.6405115085215143e+38
1856.424155791115,1.6486277944690829e+38
1855.7523684039602,1.6557155712884183e+38
1855.0810670426297,1.661489473818482e+38
1854.4102511798685,1.6709315922851097e+38
1853.7399202891834,1.6725539439776643e+38
1853.0700738448425,1.6742074589104687e+38
1852.4007113218731,1.6776021224793115e+38
1851.7318321960613,1.6812687916811185e+38
1851.0634359439498,1.6852545293556496e+38
1850.3955220428365,1.6875491177049703e+38
1849.7280899707744,1.6909748969897186e+38
1849.061139206568,1.6957313961873548e+38
1848.3946692297739,1.700078905086442e+38
1847.7286795206992,1.7073455192966212e+38
1847.0631695603988,1.7153444104666938e+38
1846.398138830676,1.7212060872583658e+38
1845.7335868140792,1.728688892125674e+38
1845.069512993902,1.736086161175777e+38
1844.4059168541812,1.7432527616012892e+38
1843.742797879696,1.7349335085926422e+38
1843.080155555965,1.7229869821167392e+38
1842.417989369248,1.711958475034095e+38
1841.756298806542,1.7000696947459935e+38
1841.0950833555798,1.689265729998006e+38
1840.434342504831,1.6767184045375722e+38
1839.7740757434988,1.6646123625023016e+38
1839.1142825615184,1.6517485929041726e+38
1838.4549624495573,1.641366029310458e+38
1837.796114899013,1.6302111526554127e+38
1837.1377394020117,1.6200909416322447e+38
1836.4798354514069,1.6076834011002079e+38
1835.8224025407783,1.5971492425277457e+38
1835.1654401644307,1.5864133397015883e+38
1834.508947817393,1.5756669565005278e+38
1833.8529249954154,1.5617454234910451e+38
1833.1973711949697,1.5469459038458779e+38
1832.5422859132475,1.5334813782694888e+38
1831.8876686481585,1.5193355279686126e+38
1831.2335188983297,1.5051690005812623e+38
1830.5798361631048,1.4901353267709088e+38
1829.9266199425404,1.4756416773889572e+38
1829.2738697374077,1.4611669736825652e+38
1828.62158504919,1.4472418217811718e+38
1827.9697653800806,1.4329372974007953e+38
1827.318410232983,1.4190420754842788e+38
1826.6675191115087,1.4065130648147922e+38
1826.0170915199765,1.391317064400006e+38
1825.3671269634103,1.3787955065488844e+38
1824.7176249475392,1.366906844699639e+38
1824.0685849787951,1.35220846841468e+38
1823.4200065643117,1.3417175261652463e+38
1822.7718892119244,1.3291658387267876e+38
1822.124232430167,1.3173268326411453e+38
1821.477035728272,1.3069045453223121e+38
1820.8302986161689,1.2940131288176577e+38
1820.184020604483,1.2835037821856165e+38
1819.5382012045343,1.269928287297704e+38
1818.8928399283357,1.2602955840306544e+38
1818.2479362885922,1.2487424887912896e+38
1817.6034897987004,1.2389081345246637e+38
1816.9594999727456,1.2286489189388325e+38
1816.315966325502,1.218866131526499e+38
1815.6728883724309,1.2085807570084693e+38
1815.0302656296794,1.1993546016818843e+38
1814.3880976140795,1.1902752902846663e+38
1813.7463838431472,1.181285636859553e+38
1813.10512383508,1.1743741465860589e+38
1812.4643171087569,1.1656142686680064e+38
1811.823963183737,1.1587098368963889e+38
1811.184061580258,1.1501688628951973e+38
1810.5446118192351,1.1437328637305305e+38
1809.90561342226,1.1367437850019282e+38
1809.267065911599,1.1309789168611894e+38
1808.6289688101933,1.1253235871483737e+38
1807.991321641656,1.1195341351582198e+38
1807.3541239302722,1.114639709710176e+38
1806.7173752009974,1.1096176455669006e+38
1806.081074979456,1.1080469975963996e+38
1805.4452227919403,1.1028344634726115e+38
1804.8098181654107,1.1005059321251677e+38
1804.1748606274919,1.0982998155557693e+38
1803.5403497064738,1.0953147021794995e+38
1802.906284931309,1.0932390838650248e+38
1802.2726658316135,1.091464131914115e+38
1801.6394919376633,1.0889949201634291e+38
1801.0067627803942,1.0891983458512996e+38
1800.3744778914013,1.0889623114736331e+38
1799.742636802937,1.0888256129126788e+38
1799.1112390479102,1.0897547235305822e+38
1798.4802841598848,1.0899404987391884e+38
1797.8497716730787,1.093853654307261e+38
1797.2197011223636,1.0957901310342958e+38
1796.590072043262,1.0979311244695485e+38
1795.960883971947,1.1014706171572896e+38
1795.3321364452422,1.1051863180914967e+38
1794.703829000619,1.1100733619982483e+38
1794.075961176196,1.1133246609358264e+38
1793.448532510738,1.1126718895487561e+38
1792.821542543655,1.116817521674545e+38
1792.1949908150007,1.1174441151503016e+38
1791.5688768654709,1.1209587434143094e+38
1790.9432002364044,1.1245005435737724e+38
1790.3179604697793,1.1304185626964453e+38
1789.6931571082139,1.1339837941319209e+38
1789.0687896949637,1.1391974438557978e+38
1788.4448577739226,1.1446712723486741e+38
1787.8213608896199,1.1487895495192129e+38
1787.1982985872196,1.1543784077399967e+38
1786.5756704125204,1.1548584328082117e+38
1785.9534759119524,1.1590208952910272e+38
1785.3317146325787,1.1610103571496337e+38
1784.710386122092,1.1628251422287702e+38
1784.0894899288146,1.1660223061854311e+38
1783.469025601698,1.1663628323985813e+38
1782.8489926903192,1.1721309531473246e+38
1782.2293907448827,1.1767627337363403e+38
1781.610219316218,1.1824514640387786e+38
1780.991477955778,1.1895322235659573e+38
1780.3731662156385,1.1942469057778335e+38
1779.755283648498,1.1986297063521361e+38
1779.1378298076752,1.2018673731740085e+38
1778.5208042471074,1.2018481364423216e+38
1777.9042065213525,1.204276810491931e+38
1777.2880361855844,1.2046626569514905e+38
1776.6722927955939,1.2060463697109103e+38
1776.056975907787,1.2078828476110578e+38
1775.4420850791846,1.2090047891464473e+38
1774.8276198674203,1.211518800696249e+38
1774.21357983074,1.214649066544845e+38
1773.5999645280008,1.2159254545076769e+38
1772.9867735186695,1.2187793770368217e+38
1772.3740063628227,1.2235526452521757e+38
1771.761662621144,1.2282609250306979e+38
1771.149741854925,1.2314490321421729e+38
1770.5382436260625,1.2350184332200594e+38
1769.9271674970573,1.2394676082963101e+38
1769.3165130310158,1.2463960183564133e+38
1768.7062797916462,1.2565521778111384e+38
1768.0964673432584,1.2629637383371105e+38
1767.487075250762,1.27006365696744e+38
1766.8781030796686,1.2765433476374912e+38
1766.2695503960858,1.2850762308431079e+38
1765.6614167667205,1.2924880035753785e+38
1765.053701758876,1.294912772004738e+38
1764.4464049404498,1.2976516291991501e+38
1763.8395258799355,1.2982833275032925e+38
1763.2330641464187,1.301550839381055e+38
1762.6270193095788,1.3045277627498474e+38
1762.021390939686,1.3088316567084445e+38
1761.4161786076004,1.3130056201751517e+38
1760.8113818847723,1.3174827029810576e+38
1760.2070003432402,1.322271597858764e+38
1759.6030335556297,1.3278721027594315e+38
1758.999481095153,1.332415561793843e+38
1758.3963425356076,1.3394828466931907e+38
1757.7936174513748,1.348334673296961e+38
1757.1913054174208,1.3547063637980115e+38
1756.5894060092924,1.3630428698938809e+38
1755.9879188031184,1.3724094656159435e+38
1755.3868433756088,1.3821364848653803e+38
1754.7861793040518,1.3902370929383791e+38
1754.1859261663142,1.3930709105387123e+38
1753.586083540841,1.393083327357356e+38
1752.9866510066524,1.3960878787956532e+38
1752.3876281433452,1.3974147354114426e+38
1751.7890145310898,1.3985817259640283e+38
1751.1908097506303,1.3999038827701094e+38
1750.5930133832833,1.4022255214647418e+38
1749.9956250109374,1.4040992975240328e+38
1749.3986442160508,1.4066453550453961e+38
1748.8020705816516,1.4096262815118255e+38
1748.2059036913367,1.410783975978885e+38
1747.6101431292707,1.4148613253677988e+38
1747.0147884801845,1.4176998101174078e+38
1746.4198393293746,1.4221080689620219e+38
1745.825295262703,1.4256879656669709e+38
1745.2311558665942,1.4300016997436972e+38
1744.6374207280371,1.4355942437842616e+38
1744.0440894345809,1.44126336224779e+38
1743.4511615743363,1.4465245735212636e+38
1742.8586367359742,1.4516864635508308e+38
1742.2665145087242,1.4570385064504172e+38
1741.674794482374,1.4637114015963763e+38
1741.0834762472687,1.4708228092988127e+38
1740.4925593943085,1.478806914795537e+38
1739.90204351495,1.4861996379170006e+38
1739.3119282012035,1.4943031118169536e+38
1738.7222130456328,1.5028300043405713e+38
1738.1328976413536,1.5106103435766113e+38
1737.5439815820337,1.5194156428934235e+38
1736.955464461891,1.5140750258952643e+38
1736.3673458756932,1.5046710360023194e+38
1735.7796254187567,1.4955627791005956e+38
1735.1923026869451,1.4860975618154596e+38
1734.6053772766695,1.4775016032357453e+38
1734.0188487848864,1.4677209133427509e+38
1733.4327168090967,1.4597326838029213e+38
1732.8469809473474,1.4512971103418243e+38
1732.2616407982262,1.443285632353105e+38
1731.676695960864,1.4352261037147848e+38
1731.0921460349334,1.4261968051375587e+38
1730.5079906206465,1.417091198372776e+38
1729.9242293187558,1.407551509736035e+38
1729.3408617305513,1.3978406889963744e+38
1728.7578874578617,1.388613982535768e+38
1728.1753061030508,1.3793737535473826e+38
1727.5931172690207,1.3705944087916689e+38
1727.011320559206,1.3607789201956515e+38
1726.429915577577,1.3524839503037018e+38
1725.848901928636,1.3440655593153662e+38
1725.2682792174182,1.3365017642536224e+38
1724.6880470494898,1.3284239347829788e+38
1724.1082050309476,1.3203666448053857e+38
1723.528752768418,1.311877574312941e+38
1722.9496898690556,1.3031621007243397e+38
1722.3710159405439,1.2953626292199359e+38
1721.7927305910914,1.2868168860869952e+38
1721.2148334294345,1.2784799942015264e+38
1720.6373240648336,1.270821257898927e+38
1720.0602021070736,1.2619546989367627e+38
1719.483467166463,1.251758395266909e+38
1718.9071188538326,1.2427183517846046e+38
1718.3311567805347,1.2332317582363176e+38
1717.755580558442,1.2236026615993533e+38
1717.1803897999484,1.2144624420848692e+38
1716.605584117965,1.2051827804010298e+38
1716.0311631259224,1.1966746996584535e+38
1715.4571264377676,1.1877697273346392e+38
1714.8834736679642,1.1789801784105479e+38
1714.3102044314917,1.171383032349682e+38
1713.7373183438442,1.1623176217564864e+38
1713.164815021029,1.155383269564312e+38
1712.5926940795669,1.1481917912686067e+38
1712.0209551364908,1.1420595954218223e+38
1711.4495978093444,1.1343668352436123e+38
1710.8786217161821,1.1276751786582892e+38
1710.3080264755683,1.1229011330458617e+38
1709.7378117065748,1.1171477645843964e+38
1709.1679770287824,1.1110990028149013e+38
1708.598522062278,1.1060073721176045e+38
1708.0294464276562,1.1005300168256929e+38
1707.4607497460152,1.0951795583029462e+38
1706.892431638958,1.0895636073320539e+38
1706.324491728592,1.0833552752839253e+38
1705.7569296375266,1.0779167796410225e+38
1705.1897449888734,1.0730414447315025e+38
1704.6229374062457,1.0661222488557913e+38
1704.0565065137557,1.0590203622907668e+38
1703.4904519360168,1.0524376581070353e+38
1702.9247732981394,1.04525940801575e+38
1702.3594702257328,1.0392515089344104e+38
1701.7945423449025,1.0328023012228416e+38
1701.229989282251,1.0272060480421916e+38
1700.6658106648752,1.0224764459987389e+38
1700.1020061203672,1.0175681982260671e+38
1699.5385752768123,1.0131153532057275e+38
1698.975517762789,1.007846795603056e+38
1698.4128332073676,1.000482865539872e+38
1697.85052124011,9.916735108838495e+37
1697.2885814910678,9.83836073728983e+37
1696.7270135907831,9.75181114460888e+37
1696.1658171702866,9.67868146175314e+37
1695.6049918610959,9.600854374254408e+37
1695.0445372952174,9.529596051977704e+37
1694.4844531051428,9.455038817640559e+37
1693.9247389238494,9.37737681725784e+37
1693.3653943848,9.31492806716434e+37
1692.8064191219412,9.26103920534881e+37
1692.247812769702,9.202239124108442e+37
1691.6895749629941,9.151676480451942e+37
1691.1317053372118,9.103858717816836e+37
1690.5742035282283,9.048994154629429e+37
1690.0170691723986,8.994848569332403e+37
1689.4603019065557,8.948847819304753e+37
1688.903901368012,8.909969905009963e+37
1688.3478671945568,8.869578511992869e+37
1687.792199024456,8.83428466867427e+37
1687.2368964964526,8.798209965256076e+37
1686.6819592497638,8.762802130023923e+37
1686.127386924082,8.71881538433525e+37
1685.573179159573,8.664302395717969e+37
1685.0193355968759,8.598901595437991e+37
1684.4658558771014,8.550677984987464e+37
1683.9127396418316,8.4975412534739105e+37
1683.35998653312,8.442897513765359e+37
1682.8075961934892,8.397440637457877e+37
1682.2555682659308,8.342641954377398e+37
1681.7039023939055,8.295125993674983e+37
1681.1525982213404,8.246108543373893e+37
1680.6016553926304,8.215839574676694e+37
1680.0510735526361,8.178200558909542e+37
1679.5008523466827,8.139551409403251e+37
1678.9509914205605,8.099526295683514e+37
1678.4014904205233,8.056330881194532e+37
1677.8523489932886,8.021455240522558e+37
1677.3035667860345,7.984694271779027e+37
1676.7551434464024,7.952013661527051e+37
1676.2070786224929,7.930056035432384e+37
1675.6593719628675,7.9056188452085145e+37
1675.112023116546,7.881261070304339e+37
1674.5650317330073,7.864484295068916e+37
1674.018397462188,7.840425643690881e+37
1673.4721199544815,7.814925831349153e+37
1672.926198860737,7.80035610340306e+37
1672.3806338322602,7.798998870901535e+37
1671.8354245208102,7.795584650116344e+37
1671.2905705786009,7.790186576707318e+37
1670.746071658299,7.781122196999405e+37
1670.2019274130241,7.777897885972961e+37
1669.6581374963478,7.775913611817599e+37
1669.1147015622912,7.782491804509711e+37
1668.5716192653279,7.787555499059796e+37
1668.0288902603793,7.796108886964359e+37
1667.4865142028164,7.808964348751221e+37
1666.944490748458,7.820648033836652e+37
1666.4028195535705,7.836343634447401e+37
1665.861500274867,7.8474069718715725e+37
1665.3205325695062,7.852847941362522e+37
1664.7799160950922,7.840432896684265e+37
1664.2396505096733,7.837774660886416e+37
1663.699735471742,7.834632207061824e+37
1663.1601706402334,7.8337880447988395e+37
1662.6209556745252,7.825692714077733e+37
1662.0820902344367,7.8179007113019395e+37
1661.5435739802276,7.825685921208148e+37
1661.0054065725983,7.823603627483647e+37
1660.4675876726885,7.839171395138355e+37
1659.9301169420767,7.840395137323185e+37
1659.392994042779,7.853463433227265e+37
1658.8562186372496,7.861145483789283e+37
1658.3197903883784,7.870209306995417e+37
1657.783708959492,7.88115504712127e+37
1657.2479740143515,7.901943468162676e+37
1656.7125852171534,7.9095924298323125e+37
1656.1775422325275,7.91001758215544e+37
1655.6428447255357,7.923651420214205e+37
1655.1084923616743,7.935527014076089e+37
1654.5744848068696,7.932229768944506e+37
1654.0408217274803,7.932234771559088e+37
1653.5075027902938,7.9107837968843375e+37
1652.9745276625285,7.874342769101974e+37
1652.4418960118312,7.829242949616769e+37
1651.9096075062773,7.78917824535786e+37
1651.3776618143686,7.740111313228417e+37
1650.8460586050348,7.704488293934541e+37
1650.3147975476322,7.67548223103403e+37
1649.783878311941,7.648997832332009e+37
1649.2533005681678,7.625893640657178e+37
1648.7230639869422,7.606045907089748e+37
1648.1931682393176,7.575819290959272e+37
1647.6636129967703,7.546267839957218e+37
1647.1343979311991,7.526171063486098e+37
1646.605522714923,7.526978123811671e+37
1646.076987020683,7.515933801969635e+37
1645.5487905216387,7.508072464406142e+37
1645.0209328913709,7.50184021353426e+37
1644.4934138038775,7.4953578631276405e+37
1643.9662329335754,7.497349214918508e+37
1643.4393899552983,7.486563073726038e+37
1642.912884544297,7.485434713092685e+37
1642.386716376238,7.504777942839678e+37
1641.8608851272031,7.512854721687993e+37
1641.3353904736894,7.517171781516231e+37
1640.8102320926073,7.530045343243937e+37
1640.285409661281,7.534937153183515e+37
1639.7609228574474,7.552302936442827e+37
1639.236771359255,7.548656947834328e+37
1638.7129548452644,7.53128253440083e+37
1638.1894729944465,7.515650315234623e+37
1637.6663254861821,7.488883056808836e+37
1637.1435120002618,7.46584047587887e+37
1636.621032216885,7.442745301660793e+37
1636.0988858166586,7.422145774118487e+37
1635.577072480598,7.393450165676545e+37
1635.0555918901243,7.368944602097246e+37
1634.5344437270653,7.345771001471147e+37
1634.0136276736548,7.316931814735773e+37
1633.4931434125303,7.2817072527898e+37
1632.972990626735,7.255337521163166e+37
1632.4531689997143,7.235922013393377e+37
1631.9336782153173,7.216183553961614e+37
1631.4145179577952,7.188081437390695e+37
1630.895687911801,7.164349447510761e+37
1630.3771877623888,7.148756626288556e+37
1629.8590171950127,7.12431692185668e+37
1629.3411758955265,7.108854245575332e+37
1628.823663550184,7.100016471329938e+37
1628.3064798456364,7.084830315075997e+37
1627.7896244689337,7.068338770173899e+37
1627.273097107522,7.060688175486247e+37
1626.7568974492451,7.054555988821293e+37
1626.2410251823421,7.040109017951597e+37
1625.7254799954478,7.018154162232439e+37
1625.2102615775916,6.988329504663421e+37
1624.6953696181965,6.948907330902526e+37
1624.1808038070797,6.915521674327911e+37
1623.666563834451,6.885325149371231e+37
1623.1526493909118,6.858619026059324e+37
1622.6390601674564,6.833471920844121e+37
1622.1257958554684,6.805416435981349e+37
1621.6128561467235,6.773657428831026e+37
1621.1002407333856,6.745713312895672e+37
1620.5879493080088,6.730181407731921e+37
1620.0759815635352,6.705935623010694e+37
1619.564337193295,6.681936745381215e+37
1619.0530158910053,6.674487052676138e+37
1618.5420173507703,6.655356258891486e+37
1618.0313412670803,6.640837484209197e+37
1617.5209873348103,6.628498550430887e+37
1617.0109552492218,6.623399744796882e+37
1616.5012447059582,6.598982758081065e+37
1615.9918554010487,6.591878742939394e+37
1615.482787030904,6.598071629722852e+37
1614.9740392923184,6.594724092918066e+37
1614.4656118824669,6.5844784521123305e+37
1613.9575044989065,6.579344286759936e+37
1613.4497168395746,6.581035276980723e+37
1612.9422486027888,6.570801290431788e+37
1612.4350994872455,6.562730805343051e+37
1611.928269192021,6.563079758274915e+37
1611.4217574165687,6.5725230121443e+37
1610.91556386072,6.577349647108498e+37
1610.409688224684,6.580062481979385e+37
1609.904130209046,6.590528184725349e+37
1609.398889514766,6.596666397088476e+37
1608.893965843181,6.60483240540592e+37
1608.3893588960013,6.614624283332959e+37
1607.8850683753126,6.6252920873947185e+37
1607.3810939835726,6.633983488502279e+37
1606.877435423613,6.649446831692954e+37
1606.3740923986377,6.65757418255409e+37
1605.8710646122222,6.668383062861698e+37
1605.3683517683132,6.679570183243889e+37
1604.865953571228,6.698412057339209e+37
1604.3638697256536,6.714752493170565e+37
1603.8620999366474,6.728533356132288e+37
1603.3606439096343,6.73801116716986e+37
1602.8595013504091,6.756238963449793e+37
1602.3586719651325,6.762811754573187e+37
1601.858155460334,6.76446432906514e+37
1601.3579515429083,6.767260464565541e+37
1600.858059920117,6.765450892372129e+37
1600.358480299587,6.766334412972311e+37
1599.8592123893097,6.765327390451072e+37
1599.360255897641,6.778927045558579e+37
1598.8616105333,6.793498975965007e+37
1598.3632760053704,6.802718556154603e+37
1597.8652520232968,6.814348960318635e+37
1597.3675382968868,6.829003122104833e+37
1596.8701345363088,6.842735417268757e+37
1596.3730404520927,6.853468367301788e+37
1595.8762557551286,6.796744965887557e+37
1595.3797801566661,6.7417345321954e+37
1594.8836133683142,6.688163736653463e+37
1594.3877551020407,6.637450779794417e+37
1593.892205070171,6.591576110807724e+37
1593.3969629853887,6.543850371649934e+37
1592.9020285607335,6.499012875572424e+37
1592.407401509602,6.451314369200077e+37
1591.9130815457474,6.415520867705251e+37
1591.4190683832774,6.3796751273982735e+37
1590.9253617366542,6.337127163221187e+37
1590.4319613206944,6.296143772849354e+37
1589.9388668505696,6.264440380056436e+37
1589.4460780418021,6.226711956046665e+37
1588.9535946102692,6.19683002215945e+37
1588.4614162721987,6.159671023041764e+37
1587.96954274417,6.136640605392652e+37
1587.4779737431143,6.114071621121331e+37
1586.9867089863121,6.0888174147635375e+37
1586.4957481913948,6.060408188689529e+37
1586.005091076342,6.037663285191987e+37
1585.5147373594834,6.018283939599398e+37
1585.0246867594963,6.000177815702532e+37
1584.5349389954047,5.985772697051876e+37
1584.0454937865813,5.97313424882045e+37
1583.556350852745,5.959654845115337e+37
1583.06750991396,5.952808420758756e+37
1582.5789706906373,5.9439243299870965e+37
1582.090732903532,5.928110455684463e+37
1581.6027962737437,5.91755282359399e+37
1581.1151605227167,5.903069532612855e+37
1580.6278253722378,5.895848843766907e+37
1580.1407905444376,5.8889036045239995e+37
1579.6540557617882,5.880669781302955e+37
1579.167620747104,5.865624560532221e+37
1578.6814852235414,5.853169905806277e+37
1578.1956489145957,5.843345739743028e+37
1577.7101115441048,5.840067228612779e+37
1577.2248728362447,5.833718958917989e+37
1576.7399325155307,5.824243984942339e+37
1576.255290306818,5.817703128131915e+37
1575.7709459352989,5.804917457471886e+37
1575.2868991265032,5.8002620090834415e+37
1574.803149606299,5.789157244329357e+37
1574.3196971008902,5.781527894574482e+37
1573.8365413368167,5.780379824714889e+37
1573.3536820409543,5.782110284894533e+37
1572.871118940514,5.784665885162689e+37
1572.3888517630407,5.79265912967665e+37
1571.9068802364147,5.794309163429534e+37
1571.4252040888482,5.801123266554482e+37
1570.9438230488877,5.801574830584995e+37
1570.4627368454114,5.812728038123402e+37
1569.9819452076301,5.819584063139393e+37
1569.5014478650855,5.826218605145918e+37
1569.0212445476511,5.837884703951746e+37
1568.54133498553,5.844775026532524e+37
1568.0617189092563,5.855587634147065e+37
1567.582396049692,5.864942425508216e+37
1567.1033661380304,5.87377739307762e+37
1566.624628905791,5.8746184546277255e+37
1566.1461840848224,5.876832399135797e+37
1565.6680314073005,5.879261788992719e+37
1565.1901706057283,5.881950166530226e+37
1564.7126014129356,5.880246084190819e+37
1564.2353235620765,5.887170743685842e+37
1563.7583367866328,5.898855194178787e+37
1563.2816408204103,5.910411143486004e+37
1562.8052353975386,5.919305473790214e+37
1562.3291202524724,5.927466865414417e+37
1561.8532951199893,5.940086357772452e+37
1561.3777597351902,5.953483174404502e+37
1560.9025138334985,5.958518369598686e+37
1560.4275571506594,5.966106238081752e+37
1559.9528894227394,5.960721323941997e+37
1559.4785103861268,5.927123037591363e+37
1559.0044197775298,5.897176874010427e+37
1558.5306173339775,5.868852767156433e+37
1558.0571027928174,5.842378615424948e+37
1557.5838758917166,5.817087153177753e+37
1557.1109363686614,5.789266928051857e+37
1556.6382839619557,5.766259821724613e+37
1556.165918410221,5.74608578380485e+37
1555.6938394523959,5.726461503069181e+37
1555.2220468277358,5.703107132591765e+37
1554.7505402758127,5.673800360687061e+37
1554.2793195365139,5.640317867141996e+37
1553.808384350042,5.607699188648503e+37
1553.3377344569142,5.585592963820948e+37
1552.8673695979624,5.555149768636897e+37
1552.3972895143324,5.525950943069409e+37
1551.9274939474826,5.505008011643673e+37
1551.457982639185,5.474062194259828e+37
1550.9887553315236,5.450891548700618e+37
1550.5198117668947,5.424156671203831e+37
1550.0511516880056,5.399240225180675e+37
1549.5827748378747,5.3715698841357565e+37
1549.1146809598313,5.351371938526757e+37
1548.6468697975145,5.332264505584632e+37
1548.1793410948724,5.31088833242345e+37
1547.7120945961633,5.293283441350798e+37
1547.2451300459531,5.275748615893196e+37
1546.7784471891168,5.252664957942252e+37
1546.3120457708364,5.232102964441253e+37
1545.8459255366017,5.213482120970375e+37
1545.380086232209,5.195815487454526e+37
1544.9145276037602,5.171752160446009e+37
1544.4492493976647,5.150309131134329e+37
1543.9842513606359,5.124047545770027e+37
1543.5195332396931,5.10339967790033e+37
1543.055094782159,5.080690906907138e+37
1542.5909357356616,5.053718207973675e+37
1542.127055848131,5.028675498796208e+37
1541.6634548678023,5.009346431916893e+37
1541.2001325432113,4.9928238303549e+37
1540.7370886231975,4.974051920500707e+37
1540.2743228569009,4.959131918475467e+37
1539.8118349937638,4.940468514195184e+37
1539.3496247835292,4.922932567753918e+37
1538.8876919762397,4.90180107195901e+37
1538.4260363222388,4.885797612746399e+37
1537.964657572169,4.878889770028871e+37
1537.5035554769722,4.871023819927128e+37
1537.0427297878882,4.860674355033345e+37
1536.5821802564558,4.849577740856044e+37
1536.1219066345107,4.841120444957723e+37
1535.6619086741864,4.831311010176231e+37
1535.2021861279131,4.824098902020393e+37
1534.7427387484174,4.81948589638113e+37
1534.2835662887214,4.817143644387361e+37
1533.8246685021436,4.813900895383405e+37
1533.3660451422963,4.810285418662917e+37
1532.9076959630877,4.806227786049396e+37
1532.449620718719,4.802746078122224e+37
1531.991819163686,4.800639526360534e+37
1531.5342910527768,4.799905101162238e+37
1531.0770361410737,4.77902940067679e+37
1530.62005418395,4.756848481410689e+37
1530.1633449370722,4.731888762663566e+37
1529.7069081563973,4.710794417036182e+37
1529.2507435981743,4.691313886314581e+37
1528.794851018942,4.672997405457223e+37
1528.33923017553,4.649377645615723e+37
1527.8838808250573,4.637106092388914e+37
1527.428802724933,4.620898815378033e+37
1526.9739956328547,4.613831243207913e+37
1526.5194593068074,4.605765531194839e+37
1526.0651935050666,4.592831928549981e+37
1525.6111979861935,4.587136901533678e+37
1525.1574725090368,4.5759428019955415e+37
1524.7040168327323,4.566772107144144e+37
1524.250830716703,4.563996963339238e+37
1523.797913920656,4.556203230088257e+37
1523.3452662045854,4.548956021840573e+37
1522.8928873287698,4.546851146701454e+37
1522.4407770537728,4.543861177183732e+37
1521.9889351404415,4.5380484984839995e+37
1521.5373613499082,4.533258843216035e+37
1521.086055443587,4.528100724576048e+37
1520.6350171831757,4.513365303301944e+37
1520.1842463306555,4.499876483653996e+37
1519.7337426482882,4.48531453846875e+37
1519.2835058986184,4.469565917318649e+37
1518.8335358444717,4.455775389844222e+37
1518.3838322489541,4.435653786423747e+37
1517.9343948754536,4.418850006367805e+37
1517.4852234876364,4.400164369222197e+37
1517.0363178494492,4.378431443347824e+37
1516.5876777251185,4.368462922407125e+37
1516.1393028791488,4.349777631782549e+37
1515.6911930763226,4.333174454754182e+37
1515.243348081702,4.314994996124818e+37
1514.7957676606252,4.300572645527201e+37
1514.3484515787084,4.288948615016899e+37
1513.901399601844,4.27552048334151e+37
1513.4546114962013,4.263643770469484e+37
1513.0080870282252,4.255458668392131e+37
1512.5618259646365,4.244741997937661e+37
1512.1158280724305,4.2321498801164286e+37
1511.6700931188777,4.2226544677885446e+37
1511.2246208715233,4.2057900690066505e+37
1510.7794110981856,4.1953150239560724e+37
1510.3344635669569,4.180951018934167e+37
1509.8897780462028,4.169635752751674e+37
1509.4453543045609,4.165743291015321e+37
1509.0011921109417,4.15446980278912e+37
1508.557291234528,4.151946877221931e+37
1508.113651444773,4.1449420878067835e+37
1507.670272511402,4.1374224993533165e+37
1507.2271542044102,4.133153670548199e+37
1506.784296294064,4.1333099011854044e+37
1506.3416985508995,4.1285740370091826e+37
1505.8993607457214,4.1277996490440044e+37
1505.457282649605,4.124706151308435e+37
1505.015464033893,4.1210344306523217e+37
1504.5739046701976,4.119810925928994e+37
1504.132604330398,4.1260012612907994e+37
1503.6915627866413,4.1219099061366525e+37
1503.250779811342,4.121716329919508e+37
1502.8102551771813,4.124950254372404e+37
1502.3699886571067,4.124624322600833e+37
1501.9299800243314,4.1226532768456577e+37
1501.4902290523346,4.1237410862363573e+37
1501.0507355148607,4.1268511275694153e+37
1500.6114991859185,4.1250828493281436e+37
1500.1725198397817,4.1287009682172034e+37
1499.7337972509881,4.12702974548999e+37
1499.2953311943388,4.1250530047107034e+37
1498.8571214448982,4.1281830152239644e+37
1498.4191677779943,4.1202793052382743e+37
1497.9814699692165,4.1187702242844003e+37
1497.5440277944174,4.115001622861324e+37
1497.1068410297103,4.10332023376995e+37
1496.6699094514704,4.103862346827253e+37
1496.2332328363345,4.09858564844127e+37
1495.7968109611993,4.1001487701184355e+37
1495.3606436032212,4.0982413026878836e+37
1494.9247305398176,4.0949943171449523e+37
1494.4890715486642,4.0946210183651e+37
1494.0536664076974,4.089023589666571e+37
1493.6185148951108,4.0847468165229217e+37
1493.1836167893566,4.085836215671019e+37
1492.7489718691456,4.0775916554127006e+37
1492.3145799134459,4.075402087392167e+37
1491.8804407014823,4.0723008094629123e+37
1491.446554012737,4.0686459312916497e+37
1491.0129196269488,4.067466357079272e+37
1490.5795373241117,4.0658114966019747e+37
1490.1464068844766,4.0629233177680906e+37
1489.7135280885486,4.0579490821434607e+37
1489.2809007170888,4.0540734526389295e+37
1488.8485245511122,4.0503141874146566e+37
1488.4163993718885,4.05348818957512e+37
1487.9845249609405,4.052100041824582e+37
1487.5529011000453,4.050210756318621e+37
1487.1215275712332,4.044857619336857e+37
1486.6904041567864,4.0417555044081087e+37
1486.2595306392402,4.0422871557021404e+37
1485.828906801382,4.0356844596191563e+37
1485.39853242625,4.029678483022748e+37
1484.968407297135,4.022469064184147e+37
1484.5385311975774,4.0249955175019395e+37
1484.108903911369,4.0259961154981734e+37
1483.6795252225518,4.025656924175342e+37
1483.2503949154177,4.019663473092796e+37
1482.8215127745075,4.012449124568407e+37
1482.3928785846113,4.0025619262112683e+37
1481.9644921307686,3.9951202611018166e+37
1481.5363531982666,3.9869887300867897e+37
1481.108461572641,3.990759145377212e+37
1480.680817039675,3.9892316167005577e+37
1480.253419385399,3.991466305621021e+37
1479.8262683960904,3.9874567237537857e+37
1479.3993638582735,3.9898660830770023e+37
1478.972705558719,3.99186161222795e+37
1478.5462932844428,3.9932496665796383e+37
1478.120126822707,3.9921069411358997e+37
1477.6942059610187,3.9903100309366526e+37
1477.2685304871295,3.9979374984391717e+37
1476.843100189036,4.0016363676869643e+37
1476.417914854979,4.009985032042579e+37
1475.9929742734425,4.0128003769069407e+37
1475.5682782331546,4.0211197671831047e+37
1475.143826523086,4.0293141138246506e+37
1474.7196189324504,4.036967468332802e+37
1474.295655250704,4.0413129902008555e+37
1473.8719352675446,4.0160764019371256e+37
1473.4484587729123,3.993440044196251e+37
1473.0252255569876,3.972671675350641e+37
1472.6022354101933,3.954051804145902e+37
1472.1794881231922,3.9388813201137815e+37
1471.7569834868866,3.9174799071308974e+37
1471.3347212924205,3.894809157349826e+37
1470.912701331176,3.8734337736352785e+37
1470.4909233947753,3.8491747432915324e+37
1470.0693872750794,3.829414078741992e+37
1469.6480927641876,3.80645092834791e+37
1469.227039654438,3.7900977662877513e+37
1468.8062277384058,3.773322663586988e+37
1468.3856568089045,3.756004290288382e+37
1467.9653266589842,3.7397175781427215e+37
1467.5452370819332,3.7226740953424376e+37
1467.1253878712746,3.709816975974631e+37
1466.7057788207687,3.692898782301676e+37
1466.2864097244114,3.6812909334950883e+37
1465.8672803764348,3.6700744737752214e+37
1465.448390571305,3.662165501652439e+37
1465.0297401037244,3.654272093303687e+37
1464.611328768628,3.642809975355167e+37
1464.1931563611874,3.6275548090433233e+37
1463.7752226768057,3.6206223827106216e+37
1463.3575275111216,3.6096160926788037e+37
1462.9400706600054,3.5974191521392495e+37
1462.5228519195612,3.5858039003738834e+37
1462.1058710861255,3.566845198101627e+37
1461.6891279562665,3.554272197386601e+37
1461.2726223267846,3.541093530372672e+37
1460.8563539947118,3.5282265809161074e+37
1460.4403227573114,3.5131541540851403e+37
1460.0245284120774,3.4949126084489076e+37
1459.6089707567344,3.4836937781787715e+37
1459.193649589237,3.4700273525403196e+37
1458.7785647077703,3.463559500660255e+37
1458.3637159107482,3.4577096133503068e+37
1457.9491029968146,3.4523434991838464e+37
1457.5347257648416,3.443626793949604e+37
1457.12058401393,3.437776542511066e+37
1456.7066775434098,3.4286544906691404e+37
1456.293006152838,3.4168657894799016e+37
1455.8795696419993,3.4089423927964734e+37
1455.466367810906,3.4093050146039863e+37
1455.0534004597969,3.4016134914721197e+37
1454.6406673891383,3.39461248812372e+37
1454.2281683996218,3.38877563920739e+37
1453.8159032921662,3.385699332802086e+37
1453.4038718679146,3.3813637329006524e+37
1452.9920739282368,3.3757947592784835e+37
1452.5805092747266,3.3652582710377287e+37
1452.1691777092033,3.3567053584430017e+37
1451.7580790337097,3.353381784387437e+37
1451.3472130505143,3.3524941100273263e+37
1450.9365795621075,3.3535277874566335e+37
1450.5261783712042,3.349211791060687e+37
1450.1160092807427,3.352026792895685e+37
1449.706072093883,3.3487656622507674e+37
1449.296366614009,3.3472682742483637e+37
1448.8868926447258,3.34930153090716e+37
1448.4776499898608,3.3507044964584084e+37
1448.0686384534629,3.3591912928313643e+37
1447.659857839802,3.35791921971269e+37
1447.2513079533696,3.3600370085906345e+37
1446.8429885988774,3.363529016368536e+37
1446.4348995812572,3.3638603403788566e+37
1446.0270407056612,3.3658187051727837e+37
1445.6194117774614,3.3708239665142687e+37
1445.212012602249,3.3745600576265455e+37
1444.8048429858336,3.3814220754739705e+37
1444.3979027342452,3.3782697872315813e+37
1443.991191653731,3.383246899381935e+37
1443.5847095507565,3.389444875387566e+37
1443.1784562320054,3.393267358308653e+37
1442.7724315043788,3.39360659961428e+37
1442.366635174995,3.3981186805245833e+37
1441.9610670511897,3.4001916757930774e+37
1441.5557269405142,3.4048343310520235e+37
1441.150614650737,3.404011045547795e+37
1440.7457299898429,3.403481684204623e+37
1440.341072766031,3.4073080792059277e+37
1439.9366427877173,3.4037785403552086e+37
1439.5324398635323,3.405174065340288e+37
1439.1284638023212,3.408842424181326e+37
1438.7247144131443,3.4092683535620754e+37
1438.3211915052752,3.4102385060940875e+37
1437.917894888202,3.413184564444371e+37
1437.5148243716264,3.41832813172889e+37
1437.1119797654633,3.4169671253120813e+37
1436.709360879841,3.420091334287257e+37
1436.3069675250995,3.4224307256889745e+37
1435.9047995117924,3.4236730651501843e+37
1435.5028566506846,3.4255763337554476e+37
1435.1011387527535,3.4288816189538217e+37
1434.6996456291874,3.4326322359192676e+37
1434.2983770913863,3.433487370276399e+37
1433.8973329509608,3.441304222087359e+37
1433.4965130197322,3.4415736612475867e+37
1433.0959171097322,3.440647477628662e+37
1432.6955450332027,3.443788142529889e+37
1432.2953966025955,3.4421597728031427e+37
1431.895471630571,3.4476169206402417e+37
1431.49576993,3.4480222169051466e+37
1431.096291313961,3.4542041499935514e+37
1430.6970355957424,3.4561055585353045e+37
1430.2980025888394,3.45919132885934e+37
1429.8991921069564,3.4653064796205617e+37
1429.5006039640052,3.4652602452703663e+37
1429.1022379741046,3.4715022818854863e+37
1428.7040939515814,3.4710067987210266e+37
1428.3061717109679,3.46984317296467e+37
1427.9084710670047,3.4654024979481217e+37
1427.5109918346373,3.4630227358114122e+37
1427.1137338290175,3.460303955520135e+37
1426.7166968655033,3.452433252098715e+37
1426.319880759658,3.4489236139867074e+37
1425.9232853272495,3.4447242935356533e+37
1425.5269103842509,3.440378819451536e+37
1425.13075574684,3.4398402207134026e+37
1424.7348212313984,3.4401751245669998e+37
1424.3391066545125,3.440468456617773e+37
1423.9436118329716,3.4359682170249103e+37
1423.5483365837688,3.4340311891513824e+37
1423.1532807241006,3.424342757915293e+37
1422.7584440713656,3.4168235444347033e+37
1422.3638264431659,3.4010171189431272e+37
1421.9694276573055,3.3956457856065735e+37
1421.5752475317902,3.386420680487937e+37
1421.1812858848275,3.382880669806432e+37
1420.787542534827,3.374837849816308e+37
1420.3940173003994,3.3698129939992153e+37
1420.0007100003552,3.3649549278009556e+37
1419.6076204537069,3.357215567589572e+37
1419.2147484796662,3.3532081199892103e+37
1418.8220938976463,3.342065982570781e+37
1418.4296565272589,3.319949468644009e+37
1418.0374361883153,3.2969922166757725e+37
1417.6454327008273,3.2762264483875257e+37
1417.253645885004,3.2570116998545805e+37
1416.8620755612546,3.2349570332405926e+37
1416.4707215501855,3.2172799481360427e+37
1416.0795836726024,3.196533737292452e+37
1415.6886617495081,3.175670026543985e+37
1415.2979556021032,3.1600787789580248e+37
1414.9074650517855,3.1508522182772846e+37
1414.5171899201505,3.13902558939457e+37
1414.1271300289895,3.1297858246006868e+37
1413.7372852002914,3.1225087595720545e+37
1413.34765525624,3.112341936042951e+37
1412.9582400192162,3.103195839882649e+37
1412.5690393117964,3.0954596899329262e+37
1412.180052956752,3.087335323883807e+37
1411.79128077705,3.0842238352263386e+37
1411.4027225958519,3.0834415543834124e+37
1411.0143782365144,3.084729100312451e+37
1410.6262475225878,3.083383220009382e+37
1410.238330277817,3.081340515773444e+37
1409.8506263261409,3.0814460095013887e+37
1409.4631354916912,3.0818637188946047e+37
1409.0758575987938,3.080655413032704e+37
1408.6887924719672,3.0822673672665495e+37
1408.3019399359223,3.0813096633098234e+37
1407.915299815563,3.0832260405422366e+37
1407.5288719359858,3.081081143678249e+37
1407.1426561224778,3.0812401561354264e+37
1406.7566522005193,3.08398996881901e+37
1406.3708599957808,3.0804032814289884e+37
1405.9852793341256,3.0818653723563046e+37
1405.5999100416057,3.077963224889119e+37
1405.214751944466,3.076315528866569e+37
1404.8298048691402,3.072634602721232e+37
1404.4450686422526,3.0699642955836204e+37
1404.060543090618,3.0650332772189153e+37
1403.6762280412402,3.063421325982721e+37
1403.292123321312,3.056808152689838e+37
1402.908228758216,3.0530525770392595e+37
1402.5245441795232,3.050251399937733e+37
1402.1410694129938,3.0539197152314445e+37
1401.7578042865753,3.053879290629284e+37
1401.3747486284044,3.0517006467580288e+37
1400.9919022668048,3.051664585818266e+37
1400.6092650302883,3.053173206461875e+37
1400.226836747553,3.052807099873756e+37
1399.8446172474858,3.0522797865820067e+37
1399.4626063591584,3.055911753859674e+37
1399.08080391183,3.028515841872285e+37
1398.6992097349464,2.9973840296361906e+37
1398.3178236581393,2.9680220529586023e+37
1397.9366455112256,2.9384329277065227e+37
1397.5556751242077,2.9148184787911815e+37
1397.1749123272743,2.886507324625061e+37
1396.794356950798,2.8606026268171453e+37
1396.4140088253366,2.836981732058058e+37
1396.0338677816324,2.811420094621679e+37
1395.653933650612,2.7867579062610127e+37
1395.274206263386,2.7619027971612023e+37
1394.8946854512485,2.7385161183502e+37
1394.5153710456773,2.7188057813800723e+37
1394.1362628783338,2.697926591281949e+37
1393.7573607810616,2.6796789708849494e+37
1393.378664585888,2.6612662155292445e+37
1393.0001741250219,2.6440367050331214e+37
1392.621889230855,2.6302227953722025e+37
1392.2438097359611,2.6151831514768783e+37
1391.8659354730953,2.597842034369798e+37
1391.4882662751947,2.5836879802402313e+37
1391.1108019753774,2.573576503297902e+37
1390.7335424069427,2.5632140310736633e+37
1390.3564874033702,2.5534580146096428e+37
1389.979636798321,2.5447556623334395e+37
1389.6029904256354,2.5389030514487226e+37
1389.2265481193347,2.5306936795745445e+37
1388.8503097136193,2.5255724797983317e+37
1388.4742750428693,2.5188796241112133e+37
1388.0984439416445,2.5119794726018953e+37
1387.7228162446831,2.507894406230861e+37
1387.3473917869035,2.5063480999255232e+37
1386.972170403401,2.504410000289267e+37
1386.5971519294499,2.50242813036362e+37
1386.2223362005034,2.5019206984469395e+37
1385.847723052191,2.5024454511906754e+37
1385.4733123203214,2.501633559446121e+37
1385.09910384088,2.5010357631490513e+37
1384.7250974500287,2.5005566875402106e+37
1384.3512929841077,2.494925791059995e+37
1383.977690279633,2.4926675202011685e+37
1383.6042891732966,2.4909167496584917e+37
1383.2310895019677,2.487032359454931e+37
1382.8580911026909,2.4815683155028773e+37
1382.4852938126871,2.4739018121098465e+37
1382.1126974693516,2.46975404677787e+37
1381.740301910256,2.4642970866103894e+37
1381.3681069731463,2.458985553505853e+37
1380.9961124959434,2.4599408231545154e+37
1380.624318316743,2.454619395323507e+37
1380.2527242738147,2.4511436147147222e+37
1379.8813302056024,2.4504120565515483e+37
1379.510135950724,2.45000944613725e+37
1379.1391413479707,2.451346870516532e+37
1378.7683462363073,2.4510499739045234e+37
1378.3977504548714,2.454253732040929e+37
1378.027353842974,2.4528514272126133e+37
1377.6571562400982,2.4575774567843e+37
1377.2871574859,2.4575675791012816e+37
1376.9173574202077,2.459573687828007e+37
1376.547755883021,2.460019690216589e+37
1376.178352714512,2.4635395813504145e+37
1375.8091477550233,2.4637719073618977e+37
1375.4401408450706,2.4647154439419826e+37
1375.0713318253386,2.463950077571937e+37
1374.7027205366842,2.463213408057583e+37
1374.334306820134,2.4598463734468e+37
1373.966090516886,2.458684804791673e+37
1373.5980714683078,2.4516539984815698e+37
1373.2302495159363,2.4402671533266576e+37
1372.8626245014793,2.4273342343029786e+37
1372.495196266813,2.418144514048493e+37
1372.1279646539836,2.4062211684731356e+37
1371.760929505206,2.39697754471294e+37
1371.3940906628634,2.380153972976867e+37
1371.0274479695083,2.3653119171398493e+37
1370.6610012678616,2.3522136509249793e+37
1370.2947504008114,2.339980986141605e+37
1369.9286952114144,2.328580126697049e+37
1369.5628355428948,2.3177687303803594e+37
1369.1971712386442,2.3041479639624903e+37
1368.8317021422215,2.293671988433072e+37
1368.466428097353,2.286027745862918e+37
1368.10134894793,2.275748720040194e+37
1367.7364645380128,2.2632191859978946e+37
1367.3717747118264,2.2478881942788595e+37
1367.0072793137624,2.230927437732867e+37
1366.6429781883783,2.221063356903903e+37
1366.2788711803967,2.2078147416388784e+37
1365.9149581347065,2.1964395997140313e+37
1365.5512388963616,2.184761594710389e+37
1365.1877133105804,2.1765159028001423e+37
1364.8243812227463,2.164950188233292e+37
1364.4612424784073,2.153429434474824e+37
1364.0982969232762,2.143702307031e+37
1363.7355444032294,2.1362748762848506e+37
1363.372984764307,2.1316744517655326e+37
1363.010617852713,2.1279686085521923e+37
1362.6484435148154,2.120985272753609e+37
1362.2864615971448,2.1169182668074844e+37
1361.9246719463947,2.1097757846888127e+37
1361.5630744094221,2.1066861814497636e+37
1361.201668833246,2.1033627638249292e+37
1360.8404550650482,2.0983997923263788e+37
1360.4794329521724,2.0966249051467704e+37
1360.1186023421242,2.0952795458525021e+37
1359.7579630825712,2.0944726011248586e+37
1359.3975150213428,2.0934952813522356e+37
1359.0372580064284,2.0942527334233022e+37
1358.67719188598,2.092968193771366e+37
1358.3173165083094,2.0936677436968021e+37
1357.9576317218903,2.0949508154797781e+37
1357.5981373753555,2.0949830473783458e+37
1357.2388333174988,2.0909221515635885e+37
1356.8797193972741,2.0888721428650644e+37
1356.5207954637945,2.0864450372329948e+37
1356.1620613663335,2.0852781630379453e+37
1355.803516954323,2.0872311944196586e+37
1355.4451620773552,2.0874876342067804e+37
1355.0869965851807,2.0900638566891796e+37
1354.7290203277091,2.0893871461157186e+37
1354.371233155008,2.0925886668388166e+37
1354.0136349173038,2.0908469144950704e+37
1353.656225464981,2.0946035630531486e+37
1353.299004648582,2.0954289560990556e+37
1352.941972318807,2.096957732318951e+37
1352.585128326514,2.0990893495753667e+37
1352.2284725227173,2.1021633314276378e+37
1351.8720047585894,2.1036056389940463e+37
1351.5157248854591,2.1068697933790052e+37
1351.1596327548118,2.1074404909077519e+37
1350.80372821829,2.1106810948270326e+37
1350.4480111276916,2.112986299350435e+37
1350.0924813349714,2.1131422169362409e+37
1349.7371386922398,2.1123580961386923e+37
1349.3819830517623,2.1139604991828467e+37
1349.0270142659608,2.1115298149779912e+37
1348.6722321874115,2.1128882837188705e+37
1348.3176366688465,2.1128203244431833e+37
1347.963227563152,2.1173759662259902e+37
1347.6090047233697,2.1173647188152024e+37
1347.2549680026946,2.1214237532069945e+37
1346.9011172544767,2.123559129100251e+37
1346.54745233222,2.128642012632593e+37
1346.1939730895824,2.128808856118181e+37
1345.840679380375,2.1324894138687397e+37
1345.4875710585625,2.1351653424420804e+37
1345.1346479782626,2.1358012834129266e+37
1344.7819099937467,2.141239460957101e+37
1344.4293569594386,2.1453092780535678e+37
1344.0769887299145,2.145401750676565e+37
1343.724805159903,2.1419974233820887e+37
1343.3728061042862,2.1346425967441303e+37
1343.020991418096,2.1264344970735106e+37
1342.6693609565177,2.1201637159071875e+37
1342.317914574888,2.11566569948789e+37
1341.9666521286947,2.108863095842614e+37
1341.615573473577,2.1032350130013498e+37
1341.264678465325,2.0964683058840357e+37
1340.9139669598799,2.0889913317892127e+37
1340.5634388133333,2.088451768079119e+37
1340.2130938819273,2.0867847434257014e+37
1339.8629320220543,2.0856979794409613e+37
1339.5129530902564,2.081877362876271e+37
1339.163156943226,2.0823748365787334e+37
1338.8135434378055,2.0786160206986983e+37
1338.4641124309853,2.075445440158204e+37
1338.114863779907,2.0735849033809088e+37
1337.7657973418593,2.0711194027309047e+37
1337.4169129742816,2.0710321995177836e+37
1337.0682105347605,2.0750129766310095e+37
1336.7196898810319,2.0768198798272143e+37
1336.37135087098,2.0802884860411232e+37
1336.023193362637,2.0834822405402454e+37
1335.6752172141823,2.0851381678005654e+37
1335.327422283944,2.08861928469105e+37
1334.9798084303975,2.0904719101419693e+37
1334.6323755121653,2.0938903535997005e+37
1334.285123388017,2.0963341698005127e+37
1333.9380519168692,2.0988310579739248e+37
1333.5911609577852,2.1031513594131794e+37
1333.2444503699753,2.1005180995132322e+37
1332.8979200127958,2.0977040679727717e+37
1332.5515697457492,2.0938033306399073e+37
1332.2053994284838,2.0922994469554322e+37
1331.8594089207943,2.0910623458111503e+37
1331.5135980826205,2.0922413108477183e+37
1331.1679667740477,2.0880530547387362e+37
1330.8225148553063,2.0888126605004462e+37
1330.4772421867724,2.0868780116951767e+37
1330.1321486289664,2.0853179385238682e+37
1329.7872340425533,2.088888066468736e+37
1329.442498288343,2.093435286063803e+37
1329.097941227289,2.0961255554570837e+37
1328.75356272049,2.0975361444774181e+37
1328.4093626291879,2.0981550127328458e+37
1328.0653408147682,2.0992603323313382e+37
1327.72149713876,2.1034699468284681e+37
1327.3778314628369,2.1058728955924171e+37
1327.0343436488138,2.101263576035013e+37
1326.6910335586497,2.0990901663596132e+37
1326.3479010544468,2.0931797184133961e+37
1326.0049459984486,2.0892836457502037e+37
1325.6621682530424,2.0843706732481402e+37
1325.319567680757,2.0802571383699958e+37
1324.9771441442635,2.07567931837532e+37
1324.634897506375,2.0692338448521544e+37
1324.2928276300456,2.0619385479487998e+37
1323.9509343783718,2.0561415473325286e+37
1323.6092176145914,2.0472296392970934e+37
1323.267677202083,2.0388679319765225e+37
1322.9263130043657,2.0272246548714487e+37
1322.5851248851004,2.0146837121140758e+37
1322.244112708088,2.0021920194038628e+37
1321.9032763372704,1.9920008292331534e+37
1321.562615636729,1.9824461050605399e+37
1321.2221304706854,1.9747647950228388e+37
1320.8818207035017,1.9674069329015176e+37
1320.5416861996794,1.9620679417444205e+37
1320.2017268238587,1.9572430600472423e+37
1319.8619424408207,1.951531379735304e+37
1319.5223329154846,1.9455453156542736e+37
1319.1828981129088,1.9367647852648448e+37
1318.843637898291,1.9325777033749947e+37
1318.5045521369664,1.9235801480820948e+37
1318.1656406944098,1.9124376109554674e+37
1317.8269034362338,1.901117784324184e+37
1317.4883402281891,1.8941864186054713e+37
1317.1499509361643,1.8867146836634417e+37
1316.8117354261863,1.8783649830565733e+37
1316.4736935644185,1.8719718875040962e+37
1316.1358252171626,1.8652139868974302e+37
1315.798130250857,1.8571641851230884e+37
1315.4606085320775,1.8509290977684063e+37
1315.1232599275368,1.845450793306399e+37
1314.7860843040837,1.8413440907670594e+37
1314.4490815287043,1.835264276638249e+37
1314.1122514685205,1.8318261909430354e+37
1313.7755939907904,1.829458665672984e+37
1313.4391089629087,1.825684104401335e+37
1313.1027962524047,1.822438595716181e+37
1312.7666557269445,1.8191327933444916e+37
1312.4306872543293,1.816399422519501e+37
1312.0948907024958,1.8117151331819274e+37
1311.7592659395148,1.8131994164062725e+37
1311.4238128335935,1.8090491718733444e+37
1311.088531253073,1.8098426536820051e+37
1310.753421066429,1.809260830388522e+37
1310.4184821422723,1.810845739507545e+37
1310.083714349347,1.8111017174002187e+37
1309.749117556532,1.8067204087209717e+37
1309.4146916328402,1.8085011634892865e+37
1309.0804364474175,1.8078917603808008e+37
1308.7463518695442,1.8121096232562816e+37
1308.4124377686335,1.816978304006486e+37
1308.078694014232,1.8201185954487048e+37
1307.7451204760193,1.825842410199907e+37
1307.411717023808,1.8293881065970016e+37
1307.0784835275435,1.8315679664094363e+37
1306.7454198573034,1.83589161169232e+37
1306.4125258832983,1.839298339702096e+37
1306.0798014758702,1.846992963094388e+37
1305.7472465054939,1.8508635284940469e+37
1305.4148608427759,1.85646203799529e+37
1305.082644358454,1.8620388010319184e+37
1304.750596923398,1.8671274837187227e+37
1304.4187184086093,1.8708603554014765e+37
1304.0870086852194,1.8774877589579507e+37
1303.7554676244924,1.8835470418493768e+37
1303.424095097822,1.8887241574478245e+37
1303.0928909767333,1.8946786289022965e+37
1302.761855132882,1.8990324143444512e+37
1302.430987438053,1.900230930853895e+37
1302.1002877641636,1.9033276046996292e+37
1301.7697559832593,1.905238216362344e+37
1301.4393919675163,1.9029170113376772e+37
1301.1091955892398,1.9024979269942393e+37
1300.7791667208658,1.9038315571486732e+37
1300.4493052349585,1.9055793020955202e+37
1300.1196110042124,1.9052565700429013e+37
1299.7900839014499,1.907372013146744e+37
1299.460723799623,1.9089617891172174e+37
1299.1315305718126,1.9094865792597797e+37
1298.802504091228,1.9126099954407273e+37
1298.4736442312062,1.9141120808483204e+37
1298.1449508652138,1.921520916761018e+37
1297.816423866844,1.9230685458451739e+37
1297.4880631098194,1.9250123716799553e+37
1297.1598684679893,1.931711694046864e+37
1296.831839815331,1.9362306647898433e+37
1296.5039770259498,1.9414593532368165e+37
1296.1762799740766,1.9468544649206976e+37
1295.848748534071,1.9530578803836086e+37
1295.5213825804196,1.9609926819439356e+37
1295.1941819877345,1.9669365030557603e+37
1294.8671466307558,1.9748602524849855e+37
1294.540276384349,1.980969828446888e+37
1294.2135711235069,1.9878127357538428e+37
1293.8870307233476,1.99485721978542e+37
1293.5606550591158,2.001539348493472e+37
1293.2344440061818,2.0044689034022535e+37
1292.9083974400414,1.9973018570676355e+37
1292.5825152363166,1.9925022103334535e+37
1292.2567972707536,1.9845535102981825e+37
1291.9312434192252,1.9831108177829097e+37
1291.6058535577283,1.9758575337971395e+37
1291.280627562385,1.969736540609075e+37
1290.9555653094421,1.9581695003663269e+37
1290.630666675271,1.948275146377331e+37
1290.3059315363673,1.9393354632366967e+37
1289.9813597693512,1.9299796483193555e+37
1289.6569512509673,1.9201591517067067e+37
1289.332705858083,1.910145738215916e+37
1289.008623467691,1.9039886630142714e+37
1288.6847039569066,1.895398069384368e+37
1288.3609472029684,1.8909972042446405e+37
1288.0373530832394,1.8848376173030435e+37
1287.713921475205,1.8793303216639089e+37
1287.3906522564741,1.8749789195971118e+37
1287.0675453047775,1.8676944953331794e+37
1286.7446004979702,1.863898284969192e+37
1286.4218177140285,1.8592631902762296e+37
1286.0991968310516,1.8557242205458982e+37
1285.7767377272612,1.85140752168365e+37
1285.4544402810004,1.8487384527891947e+37
1285.132304370735,1.846202353849251e+37
1284.8103298750523,1.845698662790658e+37
1284.4885166726608,1.8453873340491521e+37
1284.1668646423918,1.8431668039656947e+37
1283.8453736631961,1.8472751368345689e+37
1283.524043614147,1.8464342558266508e+37
1283.2028743744386,1.845700035514205e+37
1282.8818658233856,1.8470622487211488e+37
1282.5610178404236,1.852760999382379e+37
1282.2403303051092,1.8514325873193127e+37
1281.9198030971181,1.8533450979310392e+37
1281.5994360962482,1.8539326155460346e+37
1281.2792291824157,1.8511571098131723e+37
1280.959182235658,1.8547814019791434e+37
1280.639295136132,1.853214090253707e+37
1280.3195677641138,1.8552616875026403e+37
1280.0,1.8583981349383864e+37
1279.6805917243055,1.859688470208226e+37
1279.3613428176654,1.8641032758123123e+37
1279.042253160833,1.864403360041425e+37
1278.7233226346816,1.8689366246413574e+37
1278.404551120202,1.8743622724949208e+37
1278.0859384985044,1.8794661983568168e+37
1277.7674846508182,1.8772989386378205e+37
1277.4491894584892,1.8836623055147096e+37
1277.1310528029833,1.8891963026785022e+37
1276.8130745658837,1.8851766271301713e+37
1276.495254628891,1.8795392018103878e+37
1276.1775928738243,1.8741433393774303e+37
1275.8600891826204,1.8687788449696414e+37
1275.5427434373328,1.8604095874968328e+37
1275.2255555201327,1.8566017110486418e+37
1274.908525313309,1.8520218872036622e+37
1274.5916526992667,1.853215754046777e+37
1274.274937560528,1.8523146097758705e+37
1273.9583797797327,1.846525965239298e+37
1273.6419792396357,1.8445494114725127e+37
1273.3257358231097,1.8427818704239888e+37
1273.0096494131426,1.840585753641585e+37
1272.6937198928392,1.8388369354220538e+37
1272.37794714542,1.8351217934957603e+37
1272.0623310542219,1.8361536226379224e+37
1271.746871502696,1.8409931416372303e+37
1271.4315683744112,1.8430408316588499e+37
1271.11642155305,1.8499033289564676e+37
1270.8014309224113,1.8558208491878124e+37
1270.4865963664083,1.8614847788993207e+37
1270.17191776907,1.866937031483558e+37
1269.8573950145399,1.8734276645764093e+37
1269.543027987076,1.8793989876675076e+37
1269.2288165710515,1.8838988144552433e+37
1268.9147606509532,1.890715428719267e+37
1268.600860111383,1.8975272249058302e+37
1268.2871148370566,1.909505005400586e+37
1267.973524712804,1.9155396677027646e+37
1267.6600896235684,1.9263943370361338e+37
1267.346809454407,1.9309778445964587e+37
1267.0336840904915,1.942190682462585e+37
1266.720713417106,1.9495029681970113e+37
1266.4078973196476,1.9594790857346115e+37
1266.0952356836283,1.9686182894323631e+37
1265.782728394671,1.9685158065455512e+37
1265.4703753385133,1.968595546714311e+37
1265.1581764010045,1.9703902745139307e+37
1264.846131468107,1.972643239435433e+37
1264.5342404258952,1.9765234417868624e+37
1264.2225031605562,1.9811973265958292e+37
1263.9109195583897,1.9817037480810737e+37
1263.5994895058063,1.9846769961803814e+37
1263.2882128893298,1.9914113671188677e+37
1262.9770895955949,1.995012436572274e+37
1262.6661195113484,1.9969746053871525e+37
1262.3553025234485,2.0029266845062286e+37
1262.0446385188645,2.0079476886786131e+37
1261.7341273846775,2.013947858777355e+37
1261.4237690080795,2.022627239028901e+37
1261.113563276373,2.029307048127245e+37
1260.803510076972,2.0375229521037642e+37
1260.4936092974008,2.0455527280112305e+37
1260.1838608252945,2.0553104503693754e+37
1259.8742645483983,2.0648650627260483e+37
1259.5648203545675,2.072478978835346e+37
1259.2555281317686,2.0776762759876846e+37
1258.9463877680769,2.0850361228195144e+37
1258.6373991516782,2.094020493815632e+37
1258.3285621708683,2.1050132336250552e+37
1258.019876714052,2.1150487508480942e+37
1257.711342669744,2.1249155389376747e+37
1257.4029599265675,2.1338458861808466e+37
1257.0947283732567,2.1446352055890404e+37
1256.7866478986525,2.1551043430376063e+37
1256.4787183917074,2.1630105235876036e+37
1256.17093974148,2.172904357560761e+37
1255.8633118371397,2.182151872780719e+37
1255.5558345679633,2.1561243099465694e+37
1255.2485078233362,2.128971087609572e+37
1254.9413314927526,2.1011253847903162e+37
1254.6343054658144,2.07088100009816e+37
1254.3274296322313,2.043298323905569e+37
1254.0207038818212,2.015096478106249e+37
1253.7141281045094,1.9883694445994014e+37
1253.4077021903302,1.9604645338552487e+37
1253.1014260294228,1.9348042569437897e+37
1252.7952995120363,1.9112110400409376e+37
1252.4893225285255,1.885257539096573e+37
1252.1834949693528,1.860763569286021e+37
1251.8778167250878,1.8371505130839523e+37
1251.572287686406,1.8115865268954367e+37
1251.2669077440908,1.7838381818499714e+37
1250.9616767890316,1.760153853191586e+37
1250.656594712224,1.737227528589046e+37
1250.35166140477,1.711464774817111e+37
1250.0468767578784,1.6907357509498696e+37
1249.7422406628632,1.6702029531486595e+37
1249.437753011145,1.6515589815822128e+37
1249.1334136942498,1.6287306110058678e+37
1248.829222603809,1.6100431848037348e+37
1248.5251796315601,1.5869438047281673e+37
1248.221284669346,1.567317817586866e+37
1247.9175376091148,1.546532256653045e+37
1247.6139383429193,1.5270573978949418e+37
1247.3104867629174,1.504514533537581e+37
1247.0071827613729,1.4825039636207163e+37
1246.7040262306527,1.460409877850897e+37
1246.40101706323,1.4401614115482038e+37
1246.0981551516813,1.4164841914795668e+37
1245.7954403886881,1.397184446078125e+37
1245.4928726670362,1.374569592945907e+37
1245.190451879615,1.3524811252328016e+37
1244.8881779194185,1.3345724234937867e+37
1244.586050679544,1.3127293007482665e+37
1244.284070053193,1.2938487374716576e+37
1243.9822359336708,1.2769687384379463e+37
1243.6805482143855,1.2585567190602932e+37
1243.3790067888494,1.239919382503749e+37
1243.0776115506771,1.219517984743801e+37
1242.7763623935873,1.2025154026536492e+37
1242.475259211401,1.1830892521242501e+37
1242.1743018980424,1.1658887267151554e+37
1241.8734903475383,1.1487485082243228e+37
1241.5728244540182,1.1369354909860638e+37
1241.2723041117144,1.1236899220772333e+37
1240.9719292149614,1.1141968175897934e+37
1240.671699658195,1.102072188858442e+37
1240.3716153359546,1.0916826545378775e+37
1240.071676142881,1.0787167776230274e+37
1239.771881973717,1.0681029756906529e+37
1239.4722327233062,1.0567219131095359e+37
1239.1727282865959,1.0468541639063585e+37
1238.8733685586328,1.0378981945204099e+37
1238.5741534345661,1.0290585540134382e+37
1238.2750828096462,1.0215863847245633e+37
1237.9761565792244,1.014253417860272e+37
1237.677374638753,1.0055933857889706e+37
1237.3787368837855,9.983981833866458e+36
1237.0802432099758,9.893017105184016e+36
1236.781893513079,9.819407405593092e+36
1236.48368768895,9.743199133369851e+36
1236.1856256335452,9.671784916468649e+36
1235.88770724292,9.599875519296483e+36
1235.5899324132308,9.560185628410017e+36
1235.292301040734,9.499116557349607e+36
1234.9948130217854,9.458099066179464e+36
1234.6974682528414,9.403736404722549e+36
1234.4002666304575,9.36955614496088e+36
1234.1032080512896,9.313886480775299e+36
1233.8062924120914,9.271634242882375e+36
1233.5095196097175,9.203693866699974e+36
1233.2128895411213,9.133699656577054e+36
1232.9164021033555,9.054728464751986e+36
1232.6200571935706,8.978914012077497e+36
1232.3238547090175,8.918154123279706e+36
1232.027794547045,8.854602149299627e+36
1231.7318766051005,8.786274698522847e+36
1231.4361007807306,8.717740001566667e+36
1231.1404669715791,8.653184550171359e+36
1230.8449750753894,8.598284850668574e+36
1230.5496249900016,8.521003083331021e+36
1230.2544166133557,8.463842026359406e+36
1229.9593498434876,8.423758675292895e+36
1229.6644245785326,8.409221726375363e+36
1229.3696407167226,8.395331363172316e+36
1229.0749981563874,8.386619332623441e+36
1228.7804967959548,8.370106544584249e+36
1228.4861365339493,8.372314621556354e+36
1228.1919172689923,8.353870336979173e+36
1227.8978388998037,8.334649381630692e+36
1227.6039013251984,8.339922492640413e+36
1227.31010444409,8.328190859111829e+36
1227.0164481554875,8.318806731213664e+36
1226.7229323584975,8.325703052921894e+36
1226.4295569523224,8.33348874520458e+36
1226.136321836262,8.336373646335229e+36
1225.8432269097107,8.339656538595115e+36
1225.5502720721604,8.338801571142439e+36
1225.257457223199,8.347332934060617e+36
1224.96478226251,8.352573416608726e+36
1224.6722470898726,8.352875296072565e+36
1224.3798516051618,8.345505290637119e+36
1224.087595708349,8.334793569045217e+36
1223.7954792994994,8.332567728396497e+36
1223.5035022787752,8.339866937185787e+36
1223.2116645464332,8.327321173391323e+36
1222.9199660028248,8.255054264109948e+36
1222.6284065483978,8.186033547500431e+36
1222.3369860836935,8.131169817399045e+36
1222.0457045093485,8.081896645547978e+36
1221.754561726095,8.037035836257726e+36
1221.463557634758,8.00146502513152e+36
1221.1726921362585,7.964505093921579e+36
1220.8819651316112,7.916900500021643e+36
1220.591376521925,7.88213259966266e+36
1220.3009262084029,7.841708897529216e+36
1220.0106140923428,7.802080891217285e+36
1219.7204400751348,7.771883040817576e+36
1219.4304040582645,7.737239622396281e+36
1219.14050594331,7.698861962993541e+36
1218.8507456319437,7.668106295918789e+36
1218.561123025931,7.622507507112606e+36
1218.2716380271308,7.594536146742613e+36
1217.9822905374956,7.56573459511616e+36
1217.6930804590704,7.531851957093897e+36
1217.4040076939934,7.494852720376046e+36
1217.115072144496,7.45343889546473e+36
1216.826273712902,7.414407512891167e+36
1216.5376123016283,7.3538315456608e+36
1216.2490878131841,7.291504439495822e+36
1215.960700150171,7.227321164499453e+36
1215.6724492152835,7.172236486102684e+36
1215.3843349113074,7.128487364903182e+36
1215.0963571411212,7.085097671485511e+36
1214.8085158076958,7.036252384394146e+36
1214.5208108140935,6.991652275412342e+36
1214.2332420634682,6.955517369420661e+36
1213.9458094590657,6.923665447886818e+36
1213.6585129042242,6.890325235804345e+36
1213.3713523023723,6.854509861707438e+36
1213.0843275570303,6.822449707987007e+36
1212.7974385718096,6.802055845493874e+36
1212.5106852504139,6.785775832193155e+36
1212.2240674966363,6.762369874987739e+36
1211.9375852143614,6.743047853436056e+36
1211.6512383075656,6.725162216404646e+36
1211.3650266803147,6.693332966727183e+36
1211.078950236766,6.680957539466902e+36
1210.7930088811668,6.645007046170055e+36
1210.507202517855,6.618529060341099e+36
1210.221531051259,6.591701600126426e+36
1209.935994385897,6.580537094171411e+36
1209.6505924263774,6.565784562120804e+36
1209.3653250773993,6.553239524404385e+36
1209.0801922437506,6.537886758217658e+36
1208.7951938303092,6.529157787657869e+36
1208.5103297420435,6.510062006006203e+36
1208.2255998840103,6.502138894039846e+36
1207.941004161357,6.494422342912565e+36
1207.656542479319,6.484738857329104e+36
1207.3722147432222,6.481931004234016e+36
1207.088020858481,6.467367121745068e+36
1206.803960730599,6.457710307929689e+36
1206.520034265169,6.43488530578798e+36
1206.2362413678718,6.416255366060066e+36
1205.9525819444777,6.405479142062024e+36
1205.6690559008457,6.389897071691916e+36
1205.3856631429228,6.383962159835867e+36
1205.1024035767439,6.372183363397257e+36
1204.8192771084337,6.366147525830306e+36
1204.536283644204,6.354623414680977e+36
1204.2534230903552,6.347080297648536e+36
1203.970695353275,6.338187927036799e+36
1203.68810033944,6.333235474445774e+36
1203.4056379554138,6.321999861201784e+36
1203.1233081078478,6.311872678309659e+36
1202.8411107034815,6.311182624630389e+36
1202.5590456491414,6.308581744679199e+36
1202.2771128517413,6.307437285788627e+36
1201.9953122182824,6.31987041800007e+36
1201.7136436558533,6.327033444418616e+36
1201.4321070716294,6.330706647220961e+36
1201.1507023728732,6.343162265104529e+36
1200.869429466934,6.339630845346716e+36
1200.588288261248,6.352861044324666e+36
1200.3072786633377,6.353480550391843e+36
1200.0264005808128,6.361918878877947e+36
1199.7456539213688,6.353034116151317e+36
1199.4650385927876,6.346876194587248e+36
1199.184554502938,6.34043682831177e+36
1198.9042015597743,6.331261522745483e+36
1198.6239796713373,6.328913837911004e+36
1198.3438887457532,6.326959955772117e+36
1198.0639286912349,6.318363518203999e+36
1197.7840994160802,6.31843128389113e+36
1197.5044008286732,6.331283256501916e+36
1197.2248328374828,6.344880317330266e+36
1196.945395351064,6.362442195983911e+36
1196.6660882780575,6.377064031651734e+36
1196.386911527188,6.39013934111047e+36
1196.1078650072664,6.402277202695498e+36
1195.8289486271883,6.412360864605673e+36
1195.5501622959346,6.426072069493272e+36
1195.2715059225702,6.440873937836775e+36
1194.9929794162458,6.444289876703909e+36
1194.7145826861963,6.464765780920149e+36
1194.4363156417407,6.479316157052741e+36
1194.1581781922835,6.492175102686736e+36
1193.8801702473124,6.505432537212895e+36
1193.6022917164003,6.526900268954162e+36
1193.3245425092036,6.53582201801193e+36
1193.0469225354634,6.53796236212081e+36
1192.7694317050043,6.547972417875152e+36
1192.4920699277352,6.563624687062326e+36
1192.2148371136477,6.57765809759178e+36
1191.937733172819,6.58606583820619e+36
1191.6607580154082,6.59638637977537e+36
1191.3839115516585,6.605627735932689e+36
1191.1071936918963,6.621389900231853e+36
1190.8306043465318,6.620913097243802e+36
1190.5541434260576,6.625460531126307e+36
1190.2778108410503,6.617574914522213e+36
1190.001606502169,6.63413368515717e+36
1189.7255303201553,6.644151759083619e+36
1189.4495822058343,6.655139844823283e+36
1189.1737620701138,6.665563171105295e+36
1188.8980698239836,6.67840268127064e+36
1188.622505378517,6.688302870689202e+36
1188.3470686448684,6.695253021293337e+36
1188.071759534276,6.697930925008681e+36
1187.7965779580588,6.697694492267777e+36
1187.5215238276194,6.704791507251324e+36
1187.2465970544413,6.70560617100293e+36
1186.9717975500903,6.707101173980793e+36
1186.6971252262142,6.70132033979986e+36
1186.4225799945425,6.701008639933806e+36
1186.1481617668862,6.70357505553035e+36
1185.8738704551383,6.700255317488742e+36
1185.599705971273,6.70771869005831e+36
1185.3256682273454,6.703649648868699e+36
1185.0517571354928,6.705855619029775e+36
1184.7779726079332,6.696383212603406e+36
1184.5043145569657,6.697101593611953e+36
1184.2307828949706,6.699011931225019e+36
1183.9573775344088,6.70252491403427e+36
1183.6840983878221,6.698069446266054e+36
1183.4109453678338,6.699741958486402e+36
1183.1379183871463,6.706589244358509e+36
1182.8650173585443,6.705456135036367e+36
1182.5922421948912,6.70844953174366e+36
1182.3195928091322,6.70213111014626e+36
1182.047069114292,6.719085742408263e+36
1181.774671023476,6.718068064477126e+36
1181.502398449869,6.717660987521432e+36
1181.230251306736,6.713828162173878e+36
1180.9582295074224,6.716434730078512e+36
1180.686332965353,6.723057542271934e+36
1180.4145615940317,6.716537565150082e+36
1180.1429153070437,6.719082819494144e+36
1179.8713940180521,6.730342865315116e+36
1179.5999976408,6.73296467898805e+36
1179.3287260891102,6.73357687587831e+36
1179.0575792768839,6.728353362824568e+36
1178.7865571181026,6.71242278660667e+36
1178.515659526826,6.707030361245655e+36
1178.244886417193,6.693691919482132e+36
1177.9742377034215,6.672806810397661e+36
1177.7037132998082,6.668892583959325e+36
1177.4333131207281,6.654180787905838e+36
1177.1630370806356,6.641132114479706e+36
1176.892885094063,6.633777163924123e+36
1176.6228570756216,6.619211194508216e+36
1176.35295294,6.613553077719909e+36
1176.0831726019665,6.599716162465801e+36
1175.8135159763663,6.601285210483095e+36
1175.543982978123,6.601323167318985e+36
1175.2745735222393,6.580500852009839e+36
1175.0052875237939,6.565426342272726e+36
1174.7361248979448,6.557143151516712e+36
1174.4670855599272,6.538969606668158e+36
1174.198169425054,6.517675676586581e+36
1173.9293764087154,6.502748502908792e+36
1173.6607064263792,6.492954187336767e+36
1173.3921593935909,6.465278019832574e+36
1173.123735225973,6.45561427985213e+36
1172.855433839225,6.428656662844856e+36
1172.5872551491238,6.413017656143637e+36
1172.3191990715231,6.393391486837429e+36
1172.051265522354,6.378730984187285e+36
1171.7834544176237,6.355802291512982e+36
1171.5157656734166,6.341089359702389e+36
1171.2481992058938,6.335423379542771e+36
1170.9807549312927,6.328494818805351e+36
1170.7134327659276,6.308713263921902e+36
1170.4462326261887,6.295596049018026e+36
1170.179154428543,6.287078328959226e+36
1169.9121980895334,6.26752980787313e+36
1169.645363525779,6.265422300286865e+36
1169.378650653975,6.26340526394219e+36
1169.1120593908925,6.240986432121598e+36
1168.845589653379,6.230257046559453e+36
1168.5792413583565,6.209364567686642e+36
1168.3130144228242,6.208747475170022e+36
1168.046908763856,6.19424005010505e+36
1167.7809242986016,6.179567309403022e+36
1167.5150609442862,6.178438753174902e+36
1167.2493186182103,6.165750969859034e+36
1166.9836972377495,6.153336928318535e+36
1166.718196720355,6.14688511844082e+36
1166.452816983553,6.137635527368361e+36
1166.1875579449443,6.131371718557757e+36
1165.922419522205,6.11927405850699e+36
1165.657401633086,6.116516800327185e+36
1165.392504195413,6.096750749194382e+36
1165.1277271270862,6.094213268955599e+36
1164.8630703460808,6.088129817542567e+36
1164.598533770446,6.061902729579708e+36
1164.3341173183057,6.059694102113921e+36
1164.069820907858,6.054497644589617e+36
1163.8056444573756,6.03430364661723e+36
1163.541587885205,6.03646611062163e+36
1163.2776511097668,6.022271867876665e+36
1163.0138340495562,6.014715204085705e+36
1162.750136623141,6.00906000964861e+36
1162.4865587491645,6.000865398465508e+36
1162.2231003463426,5.995203801672778e+36
1161.959761333465,5.995251306627287e+36
1161.6965416293956,5.987814270224418e+36
1161.4334411530713,5.966581476633158e+36
1161.1704598235021,5.970001288887479e+36
1160.9075975597723,5.961910209511617e+36
1160.6448542810385,5.947085675589114e+36
1160.3822299065312,5.942078631979336e+36
1160.1197243555534,5.942860439533849e+36
1159.8573375474816,5.933251125411136e+36
1159.595069401765,5.913742672644266e+36
1159.3329198379254,5.913936645684099e+36
1159.0708887755575,5.902181588148763e+36
1158.8089761343292,5.911548549183396e+36
1158.5471818339802,5.904780066657176e+36
1158.2855057943232,5.886168254308732e+36
1158.0239479352433,5.87790167254352e+36
1157.7625081766978,5.885854887294323e+36
1157.501186438716,5.882046727157018e+36
1157.2399826414003,5.87484694679299e+36
1156.9788967049242,5.880189785019781e+36
1156.7179285495336,5.882059938199298e+36
1156.4570780955464,5.875264766180095e+36
1156.1963452633527,5.88810269855384e+36
1155.9357299734136,5.881818382504553e+36
1155.6752321462623,5.884373307275864e+36
1155.4148517025037,5.890167320750648e+36
1155.1545885628145,5.879342471116214e+36
1154.894442647942,5.871847105883161e+36
1154.6344138787058,5.855034089753254e+36
1154.374502175996,5.849129848699999e+36
1154.1147074607745,5.837598746929306e+36
1153.8550296540743,5.823928537645213e+36
1153.5954686769992,5.808124114490534e+36
1153.3360244507237,5.791547487054228e+36
1153.076696896494,5.766533042871838e+36
1152.8174859356268,5.754557759093668e+36
1152.558391489509,5.728543534061002e+36
1152.2994134795986,5.703802602897573e+36
1152.0405518274242,5.691964207523742e+36
1151.7818064545854,5.686951097815406e+36
1151.5231772827508,5.683569465360307e+36
1151.2646642336606,5.691245804771546e+36
1151.0062672291251,5.685042407216053e+36
1150.7479861910242,5.684721586366431e+36
1150.4898210413085,5.681926035819997e+36
1150.231771701998,5.677215581264944e+36
1149.9738380951833,5.681538890410185e+36
1149.7160201430247,5.681809938960747e+36
1149.4583177677519,5.676104964974508e+36
1149.2007308916648,5.670081107015015e+36
1148.9432594371326,5.681736216761486e+36
1148.6859033265944,5.691586730248573e+36
1148.4286624825584,5.698060194725986e+36
1148.171536827602,5.7116956581068e+36
1147.9145262843729,5.718100996931246e+36
1147.657630775587,5.73296755962899e+36
1147.4008502240301,5.739251419837818e+36
1147.1441845525565,5.754462887468799e+36
1146.88763368409,5.754606568195768e+36
1146.6311975416227,5.772130956383149e+36
1146.3748760482165,5.77971855337585e+36
1146.1186691270013,5.738373918562813e+36
1145.8625767011763,5.686418772382982e+36
1145.6065986940084,5.633458945096166e+36
1145.3507350288342,5.57874652891929e+36
1145.0949856290579,5.529522176026677e+36
1144.8393504181524,5.47634132593512e+36
1144.5838293196593,5.415642289458855e+36
1144.3284222571879,5.381564268282273e+36
1144.0731291544155,5.334442620771065e+36
1143.8179499350883,5.291654443685439e+36
1143.5628845230199,5.2548456283728453e+36
1143.307932842092,5.213234995879524e+36
1143.0530948162543,5.1869288564892456e+36
1142.7983703695238,5.144907446079547e+36
1142.543759425986,5.10672615806974e+36
1142.2892619097934,5.077136483961804e+36
1142.0348777451663,5.031611413334144e+36
1141.7806068563925,4.991772330881781e+36
1141.5264491678272,4.963962209258033e+36
1141.272404603893,4.925756353133854e+36
1141.0184730890794,4.8806283198882494e+36
1140.7646545479436,4.835739005184584e+36
1140.5109489051094,4.8031866569706485e+36
1140.2573560852684,4.762314001381701e+36
1140.0038760131783,4.728921621941919e+36
1139.7505086136646,4.6921829323767246e+36
1139.4972538116183,4.6566233884154386e+36
1139.2441115319984,4.6235859426372125e+36
1138.9910816998304,4.592578959348494e+36
1138.7381642402054,4.5616229191481666e+36
1138.4853590782823,4.537503359521781e+36
1138.2326661392856,4.529749001896352e+36
1137.9800853485062,4.5158660234639866e+36
1137.7276166313022,4.512371961857057e+36
1137.475259913097,4.5039463645764684e+36
1137.2230151193799,4.4967352897170276e+36
1136.9708821757074,4.482355928349637e+36
1136.7188610077012,4.47642472409877e+36
1136.4669515410492,4.4642447249593433e+36
1136.215153701505,4.4664688466723803e+36
1135.963467414888,4.456431987049791e+36
1135.7118926070834,4.455854778771007e+36
1135.4604292040422,4.450532972925135e+36
1135.2090771317808,4.454790328330333e+36
1134.9578363163807,4.450955105147372e+36
1134.70670668399,4.4541070524710594e+36
1134.4556881608205,4.4468705078615594e+36
1134.2047806731505,4.453621843785795e+36
1133.9539841473234,4.4503986881322494e+36
1133.7032985097471,4.453986247382631e+36
1133.452723686895,4.4500318803872925e+36
1133.2022596053057,4.454924498635073e+36
1132.951906191582,4.4660799942735856e+36
1132.7016633723927,4.468246650352274e+36
1132.45153107447,4.481289748093589e+36
1132.2015092246118,4.483655230217292e+36
1131.95159774968,4.4985817365121497e+36
1131.7017965766022,4.500482165563527e+36
1131.4521056323686,4.5166809780559545e+36
1131.2025248440355,4.5160417640285527e+36
1130.9530541387228,4.532509479241053e+36
1130.7036934436146,4.5371883058541736e+36
1130.4544426859597,4.5316053951930505e+36
1130.2053017930707,4.529429899083171e+36
1129.9562706923243,4.4971450875694844e+36
1129.707349311161,4.489340561682945e+36
1129.4585375770855,4.465025835827613e+36
1129.2098354176665,4.442058006153303e+36
1128.9612427605362,4.4283580568399237e+36
1128.7127595333902,4.412132913537944e+36
1128.4643856639884,4.395883033399239e+36
1128.2161210801542,4.3780711680940724e+36
1127.9679657097738,4.3664777763485335e+36
1127.719919480798,4.346060902673581e+36
1127.4719823212392,4.3285327505178204e+36
1127.2241541591752,4.3110166122658975e+36
1126.9764349227457,4.298337312537399e+36
1126.728824540154,4.275990203462696e+36
1126.4813229396657,4.2600774350683426e+36
1126.2339300496105,4.247725964603156e+36
1125.9866457983808,4.227889857858906e+36
1125.7394701144315,4.210780457959485e+36
1125.4924029262802,4.186291563049582e+36
1125.245444162508,4.16912771754071e+36
1124.9985937517579,4.148936003541759e+36
1124.7518516227358,4.1292891386525374e+36
1124.5052177042103,4.105864644930904e+36
1124.2586919250118,4.077565969701631e+36
1124.0122742140345,4.055914816422504e+36
1123.7659645002332,4.026238501785118e+36
1123.519762712626,4.000501290796028e+36
1123.2736687802933,3.9682961231605817e+36
1123.0276826323768,3.9395186513390855e+36
1122.781804198081,3.9141782409562643e+36
1122.5360334066722,3.886656663688317e+36
1122.2903701874786,3.860774217042073e+36
1122.0448144698898,3.8341211556351906e+36
1121.7993661833582,3.8031055384182163e+36
1121.5540252573967,3.776753749655425e+36
1121.3087916215807,3.7404679157357385e+36
1121.063665205547,3.7192711355719426e+36
1120.8186459389938,3.695726992250268e+36
1120.573733751681,3.670970587593765e+36
1120.3289285734293,3.655463596098857e+36
1120.0842303341212,3.6360016613532355e+36
1119.8396389637005,3.6098105946928555e+36
1119.5951543921717,3.576967753538746e+36
1119.3507765496013,3.558643193184593e+36
1119.1065053661157,3.5371156443491245e+36
1118.8623407719033,3.5094655485344476e+36
1118.6182826972124,3.484926792781267e+36
1118.3743310723532,3.4690232224130754e+36
1118.130485827696,3.4512930535879143e+36
1117.8867468936721,3.4320235415353634e+36
1117.6431142007734,3.419493626225058e+36
1117.399587679552,3.407228540905463e+36
1117.1561672606213,3.386461466784891e+36
1116.9128528746544,3.3753741585095576e+36
1116.6696444523852,3.364014260158118e+36
1116.4265419246078,3.345661840520393e+36
1116.1835452221762,3.331572919042501e+36
1115.9406542760057,3.317879881861807e+36
1115.6978690170702,3.3148974676757614e+36
1115.4551893764046,3.3063788333893005e+36
1115.2126152851042,3.3020940903020716e+36
1114.9701466743227,3.2961972509151175e+36
1114.7277834752754,3.2955000706265635e+36
1114.4855256192361,3.289260449253104e+36
1114.2433730375387,3.283609501183299e+36
1114.0013256615775,3.27612891852353e+36
1113.7593834228053,3.273938367809446e+36
1113.517546252735,3.2730566378291636e+36
1113.275814082939,3.2667379017887995e+36
1113.034186845049,3.251785310322282e+36
1112.7926644707557,3.231196796785026e+36
1112.5512468918098,3.218941015915417e+36
1112.309934040021,3.205232974176149e+36
1112.0687258472574,3.191917849236147e+36
1111.827622245447,3.177356754516324e+36
1111.5866231665768,3.164781588702655e+36
1111.3457285426923,3.151033923023799e+36
1111.1049383058983,3.133767296602045e+36
1110.8642523883582,3.126144771731279e+36
1110.6236707222943,3.1175165290663564e+36
1110.3831932399871,3.1089225017617325e+36
1110.1428198737767,3.098454241088308e+36
1109.9025505560612,3.0907110121294026e+36
1109.662385219297,3.0829774593915144e+36
1109.4223237959995,3.068441394686527e+36
1109.182366218742,3.0624990842673944e+36
1108.9425124201562,3.0480433874244127e+36
1108.7027623329323,3.0333848165704394e+36
1108.4631158898187,3.0315566677661496e+36
1108.2235730236218,3.0294876499997795e+36
1107.984133667206,3.0317395147555094e+36
1107.7447977534935,3.03438090491332e+36
1107.5055652154651,3.0366818183708966e+36
1107.2664359861592,3.039324919074085e+36
1107.0274099986716,3.0390288890091715e+36
1106.7884871861563,3.0471583963496004e+36
1106.5496674818248,3.042980755530593e+36
1106.3109508189466,3.048856759919789e+36
1106.0723371308484,3.052233425116228e+36
1105.8338263509143,3.054989316213295e+36
1105.595418412586,3.0443484855842646e+36
1105.357113249363,3.033347402656039e+36
1105.1189107948016,3.0216607291092346e+36
1104.8808109825154,3.0080081530244697e+36
1104.6428137461753,2.9926159669724556e+36
1104.4049190195092,2.981432280937599e+36
1104.1671267363029,2.9742577920567596e+36
1103.929436830398,2.968759298881819e+36
1103.6918492356933,2.9652687059066873e+36
1103.4543638861455,2.9669022656179084e+36
1103.2169807157672,2.9594864788000615e+36
1102.9796996586279,2.9497774933931573e+36
1102.7425206488538,2.941920769018862e+36
1102.5054436206278,2.938402305866108e+36
1102.26846850819,2.925953392093209e+36
1102.0315952458357,2.9231317453643265e+36
1101.794823767918,2.910439648967356e+36
1101.5581540088456,2.900223962915705e+36
1101.3215859030838,2.8825653581637423e+36
1101.085119385154,2.867514946521557e+36
1100.8487543896345,2.8441932797307035e+36
1100.6124908511588,2.827175439556027e+36
1100.376328704417,2.811729578453971e+36
1100.1402678841553,2.7884461384678714e+36
1099.9043083251756,2.7920691011691407e+36
1099.6684499623364,2.781419473431487e+36
1099.432692730551,2.785918936485024e+36
1099.1970365647894,2.7798895229563115e+36
1098.961481400077,2.7794043404926285e+36
1098.7260271714947,2.7800993039660484e+36
1098.4906738141794,2.774459737273203e+36
1098.2554212633231,2.775806483159368e+36
1098.020269454174,2.777618424311472e+36
1097.7852183220352,2.7729163234201655e+36
1097.5502678022654,2.7734392314688386e+36
1097.3154178302782,2.7755722600855874e+36
1097.080668341543,2.77434552334315e+36
1096.8460192715845,2.7797902663746826e+36
1096.611470555982,2.7883843828162046e+36
1096.3770221303703,2.7904165811904884e+36
1096.1426739304388,2.79673440328838e+36
1095.9084258919324,2.794672670400976e+36
1095.6742779506508,2.80270379605678e+36
1095.4402300424483,2.8119967717622603e+36
1095.2062821032341,2.813986000984106e+36
1094.9724340689722,2.820291861832791e+36
1094.7386858756813,2.816423007470721e+36
1094.505037459435,2.8217676474505773e+36
1094.2714887563604,2.82116350934118e+36
1094.0380397026404,2.820881261557306e+36
1093.8046902345118,2.8241542520118484e+36
1093.5714402882654,2.826289014594347e+36
1093.3382898002471,2.8285885427984515e+36
1093.1052387068567,2.834601669597973e+36
1092.8722869445476,2.8406505242974175e+36
1092.6394344498287,2.841892470498271e+36
1092.406681159262,2.8489884406893493e+36
1092.1740270094635,2.85802653027785e+36
1091.941471937104,2.865282437424836e+36
1091.7090158789076,2.8674164194889754e+36
1091.4766587716522,2.875757060927706e+36
1091.2444005521697,2.8823376627780154e+36
1091.0122411573457,2.879550947911588e+36
1090.78018052412,2.8668758486402324e+36
1090.5482185894848,2.849679309640016e+36
1090.3163552904875,2.8349097915143966e+36
1090.0845905642277,2.817096782432724e+36
1089.8529243478592,2.803219894404037e+36
1089.621356578589,2.789237865721707e+36
1089.3898871936772,2.775621885921939e+36
1089.1585161304376,2.7611244469390724e+36
1088.9272433262372,2.74537804004118e+36
1088.6960687184958,2.727589832410965e+36
1088.464992244687,2.715270066120534e+36
1088.2340138423367,2.695900659695739e+36
1088.0031334490243,2.675604563339864e+36
1087.7723510023823,2.6551022240268626e+36
1087.5416664400955,2.6381126266268077e+36
1087.3110796999022,2.6189699448553187e+36
1087.0805907195931,2.598755344626245e+36
1086.8501994370115,2.5788510023862234e+36
1086.6199057900542,2.5605551511845866e+36
1086.3897097166696,2.5392853941040774e+36
1086.1596111548592,2.523788077997742e+36
1085.929610042677,2.5050743464920683e+36
1085.6997063182296,2.4905368655658528e+36
1085.469899919675,2.47230598065493e+36
1085.2401907852256,2.4536072151973155e+36
1085.0105788531437,2.4396584225700356e+36
1084.7810640617458,2.42550209872557e+36
1084.551646349399,2.4108612300090706e+36
1084.322325654524,2.3960513542630017e+36
1084.0931019155926,2.3779601130147724e+36
1083.8639750711286,2.3605711829641905e+36
1083.6349450597083,2.3465914231393422e+36
1083.4060118199595,2.329681973056306e+36
1083.1771752905622,2.3054971701734284e+36
1082.9484354102478,2.2822246505187492e+36
1082.7197921178,2.2558763625995865e+36
1082.4912453520533,2.2307975678841996e+36
1082.2627950518945,2.20545497210272e+36
1082.034441156262,2.178799599734595e+36
1081.8061836041454,2.149122436468826e+36
1081.5780223345862,2.1180498101625983e+36
1081.3499572866767,2.0963183599386858e+36
1081.1219883995611,2.0683123252048591e+36
1080.8941156124347,2.0444335617435503e+36
1080.6663388645438,2.0212051474603902e+36
1080.4386580951866,2.0008796580617322e+36
1080.2110732437118,1.9793999098926747e+36
1079.9835842495193,1.962784226679011e+36
1079.7561910520606,1.9455433112948344e+36
1079.528893590837,1.9212097132669046e+36
1079.3016918054018,1.9086610669240223e+36
1079.074585635359,1.888652424007646e+36
1078.8475750203631,1.8665435781992508e+36
1078.6206599001198,1.8433378085304984e+36
1078.3938402143847,1.825949671429066e+36
1078.167115902965,1.8074709289850186e+36
1077.940486905718,1.7940219770835022e+36
1077.7139531625517,1.782694360889986e+36
1077.4875146134243,1.778213182573337e+36
1077.2611711983452,1.7692084692494062e+36
1077.0349228573737,1.763280184037831e+36
1076.808769530619,1.755465629545858e+36
1076.5827111582414,1.7470444663452997e+36
1076.3567476804512,1.7438053908637785e+36
1076.1308790375085,1.7353950441876084e+36
1075.905105169724,1.729181619296115e+36
1075.6794260174584,1.7265261002437504e+36
1075.4538415211218,1.7256301793900086e+36
1075.2283516211755,1.7228991777469884e+36
1075.0029562581299,1.7184309660930538e+36
1074.7776553725448,1.7120094585414334e+36
1074.552448905031,1.7068241852917565e+36
1074.3273367962486,1.7022349826180702e+36
1074.1023189869068,1.6989826409740643e+36
1073.877395417765,1.6913018884196985e+36
1073.6525660296327,1.688048648416553e+36
1073.427830763368,1.666212315924837e+36
1073.2031895598793,1.6447909052285697e+36
1072.9786423601238,1.6373661971736885e+36
1072.7541891051085,1.6314140218770928e+36
1072.5298297358895,1.631322484803259e+36
1072.3055641935725,1.632603700452586e+36
1072.0813924193124,1.6376447118205842e+36
1071.857314354313,1.640469164231486e+36
1071.6333299398277,1.6441991384339526e+36
1071.4094391171586,1.648542992878518e+36
1071.185641827657,1.6512888567674735e+36
1070.961938012723,1.656453284439191e+36
1070.7383276138062,1.660274823258972e+36
1070.5148105724043,1.665120286130818e+36
1070.2913868300645,1.6657160724066207e+36
1070.0680563283825,1.6631798291205065e+36
1069.8448190090028,1.657757729312035e+36
1069.6216748136185,1.6520343841326964e+36
1069.3986236839712,1.6472167221618066e+36
1069.1756655618517,1.6421834707697335e+36
1068.952800389099,1.6385883107882717e+36
1068.7300281075998,1.634177426817984e+36
1068.5073486592903,1.6344314464069717e+36
1068.284761986155,1.63108952279327e+36
1068.062268030226,1.6288451327074012e+36
1067.8398667335846,1.627735894851307e+36
1067.6175580383594,1.6269474872064787e+36
1067.395341886728,1.622449540337723e+36
1067.1732182209155,1.6148618049203473e+36
1066.9511869831954,1.6064282944991185e+36
1066.7292481158895,1.5955508998183684e+36
1066.5074015613668,1.58536894067665e+36
1066.285647262045,1.5742025820955295e+36
1066.0639851603894,1.5615006770906656e+36
1065.8424151989127,1.5491833691647615e+36
1065.6209373201766,1.5349748462354468e+36
1065.3995514667888,1.5254827959443846e+36
1065.1782575814061,1.5115347630324148e+36
1064.9570556067326,1.499156855818138e+36
1064.7359454855196,1.4895278372287696e+36
1064.514927160566,1.4778647039786426e+36
1064.2940005747187,1.4703033072596745e+36
1064.0731656708715,1.46012781896207e+36
1063.8524223919658,1.450840109105174e+36
1063.6317706809903,1.4441219647088386e+36
1063.4112104809808,1.435427223527936e+36
1063.190741735021,1.424952577514163e+36
1062.970364386241,1.41995604522203e+36
1062.7500783778182,1.411921627317939e+36
1062.5298836529778,1.4067420447105345e+36
1062.309780154991,1.399590978901689e+36
1062.0897678271767,1.394356727527239e+36
1061.8698466129006,1.3890806860396294e+36
1061.6500164555753,1.3825652444173933e+36
1061.4302772986598,1.3796871648393437e+36
1061.210629085661,1.3726524386859025e+36
1060.9910717601313,1.3648277281796984e+36
1060.7716052656704,1.358653460513309e+36
1060.5522295459245,1.3536066938666824e+36
1060.332944544587,1.351966108191315e+36
1060.113750205397,1.3514677685034217e+36
1059.8946464721407,1.352975224201253e+36
1059.6756332886503,1.3507625522065438e+36
1059.4567105988049,1.352707216148275e+36
1059.2378783465297,1.3523466528913134e+36
1059.0191364757961,1.3565404184976778e+36
1058.8004849306221,1.3563459636327207e+36
1058.5819236550717,1.3587833372728847e+36
1058.363452593255,1.362615683243207e+36
1058.1450716893287,1.3632183779458284e+36
1057.9267808874947,1.3665047418142952e+36
1057.708580132002,1.3686737515829754e+36
1057.490469367145,1.3713170622575253e+36
1057.2724485372635,1.3718461687718716e+36
1057.0545175867444,1.3766078444152783e+36
1056.8366764600198,1.375764838859225e+36
1056.6189251015674,1.377965275538931e+36
1056.401263455911,1.3791973444056638e+36
1056.18369146762,1.3793259502991853e+36
1055.9662090813094,1.3833288329118702e+36
1055.7488162416398,1.385419840264652e+36
1055.5315128933173,1.3893282540116006e+36
1055.314298981094,1.391743054621069e+36
1055.097174449767,1.3903614449851434e+36
1054.8801392441783,1.3939501637806923e+36
1054.6631933092167,1.396660258065653e+36
1054.446336589815,1.3993479048378234e+36
1054.2295690309522,1.4035291569142122e+36
1054.0128905776517,1.4081588257555234e+36
1053.7963011749828,1.411429124991671e+36
1053.5798007680596,1.414953099833828e+36
1053.3633893020415,1.421671124310048e+36
1053.1470667221324,1.423850365338386e+36
1052.930832973582,1.4267117971221254e+36
1052.7146880016842,1.433435297493123e+36
1052.4986317517787,1.4385927135561146e+36
1052.282664169249,1.435150453574893e+36
1052.0667851995245,1.4312701953272126e+36
1051.8509947880782,1.4297179556334926e+36
1051.635292880429,1.4324861490593645e+36
1051.4196794221398,1.430904666068093e+36
1051.204154358818,1.432412631000127e+36
1050.9887176361162,1.432890616014262e+36
1050.773369199731,1.432526359180442e+36
1050.5581089954037,1.4331107314433983e+36
1050.3429369689204,1.431680907333825e+36
1050.1278530661107,1.4334096472801898e+36
1049.9128572328495,1.435504553386958e+36
1049.6979494150557,1.4347753643714067e+36
1049.4831295586923,1.4345685284254793e+36
1049.2683976097665,1.4333200758325602e+36
1049.05375351433,1.433987250990829e+36
1048.8391972184784,1.4336342505197192e+36
1048.6247286683515,1.4346358020278025e+36
1048.4103478101329,1.432174205637559e+36
1048.1960545900504,1.43203310797576e+36
1047.9818489543761,1.429135250134998e+36
1047.7677308494253,1.4261575008703146e+36
1047.5537002215576,1.4196798102895945e+36
1047.3397570171765,1.4130604435370883e+36
1047.1259011827287,1.4057829700240895e+36
1046.9121326647055,1.397481184359745e+36
1046.6984514096412,1.3888608690505288e+36
1046.4848573641139,1.3795159408252338e+36
1046.2713504747455,1.3699073213928706e+36
1046.0579306882014,1.3635990979820783e+36
1045.8445979511903,1.3571528851086055e+36
1045.6313522104647,1.348910341002934e+36
1045.41819341282,1.345370144085922e+36
1045.2051215050953,1.3326062231775815e+36
1044.9921364341733,1.3263997359721038e+36
1044.7792381469794,1.3168718472413012e+36
1044.566426590483,1.3122434122415154e+36
1044.3537017116957,1.3076683301346001e+36
1044.141063457673,1.3025256016811255e+36
1043.9285117755137,1.29726887988377e+36
1043.7160466123587,1.2933506595254601e+36
1043.5036679153927,1.287146271328099e+36
1043.2913756318433,1.2822803334770584e+36
1043.0791697089808,1.2768709773014352e+36
1042.8670500941187,1.2702537623084187e+36
1042.655016734613,1.2665513533615022e+36
1042.4430695778626,1.2585803342387176e+36
1042.2312085713095,1.2516678159013138e+36
1042.0194336624377,1.2433646922254728e+36
1041.8077447987748,1.2350280589655914e+36
1041.5961419278901,1.2253513025411984e+36
1041.3846249973965,1.2159096656887008e+36
1041.1731939549484,1.2076843414328982e+36
1040.9618487482433,1.199976084963302e+36
1040.750589325021,1.1910386233960656e+36
1040.5394156330642,1.182317677474787e+36
1040.328327620197,1.1732451856546505e+36
1040.1173252342865,1.1651340851196683e+36
1039.9064084232418,1.1584680252079037e+36
1039.695577135015,1.155747179583727e+36
1039.484831317599,1.1522515379806992e+36
1039.27417091903,1.1505853316133149e+36
1039.0635958873863,1.1501697633124415e+36
1038.8531061707874,1.1469133036164852e+36
1038.6427017173958,1.1452133092071196e+36
1038.4323824754151,1.1414930390713094e+36
1038.2221483930916,1.1375670313784004e+36
1038.0119994187132,1.135675105392717e+36
1037.8019355006097,1.1314706850691026e+36
1037.5919565871525,1.1307116957250394e+36
1037.3820626267552,1.1257509174116688e+36
1037.1722535678725,1.1199755443177874e+36
1036.9625293590016,1.1153061525866619e+36
1036.7528899486806,1.1119476688695351e+36
1036.54333528549,1.1089544375919171e+36
1036.3338653180508,1.1064128224594279e+36
1036.1244799950266,1.1028948974397386e+36
1035.9151792651217,1.1024983705939635e+36
1035.7059630770825,1.0984538943062547e+36
1035.496831379696,1.0946864753555402e+36
1035.2877841217912,1.0918759127092496e+36
1035.0788212522384,1.0888214742250614e+36
1034.8699427199488,1.086082831667267e+36
1034.6611484738748,1.083009072654218e+36
1034.4524384630106,1.0796112949599437e+36
1034.2438126363909,1.0749979547619194e+36
1034.0352709430917,1.0729447566843953e+36
1033.8268133322306,1.071068264223918e+36
1033.618439752965,1.0715490139404441e+36
1033.4101501544949,1.068053933810992e+36
1033.2019444860593,1.0670786591504574e+36
1032.9938226969402,1.06714909501975e+36
1032.785784736459,1.0643033970828347e+36
1032.577830553978,1.0621098215126552e+36
1032.3699600989012,1.0587453428900459e+36
1032.162173320672,1.0574291365566628e+36
1031.9544701687762,1.0544137293319258e+36
1031.7468505927386,1.0512268911243468e+36
1031.5393145421253,1.0475191600411405e+36
1031.3318619665436,1.0435881936414746e+36
1031.12449281564,1.038659915847054e+36
1030.9172070391028,1.032076909342711e+36
1030.7100045866596,1.026747837726683e+36
1030.502885408079,1.0214703412276841e+36
1030.2958494531704,1.0204182257395996e+36
1030.0888966717828,1.0159385263173463e+36
1029.8820270138056,1.0146326704106653e+36
1029.6752404291685,1.0121552066581573e+36
1029.468536867842,1.0102871338872874e+36
1029.2619162798358,1.0084363764178013e+36
1029.0553786152002,1.004586424897398e+36
1028.8489238240256,1.00296880169481e+36
1028.6425518564427,9.996125100968033e+35
1028.4362626626214,9.973911367743117e+35
1028.2300561927725,9.919232444554689e+35
1028.0239323971462,9.872329457793155e+35
1027.8178912260325,9.840551132851934e+35
1027.6119326297617,9.801920535269963e+35
1027.4060565587033,9.771110100783374e+35
1027.2002629632673,9.688036812540797e+35
1026.9945517939027,9.654785565576667e+35
1026.7889230010987,9.599368970120233e+35
1026.5833765353836,9.558631603536672e+35
1026.3779123473262,9.498723771134793e+35
1026.1725303875342,9.44861599113399e+35
1025.9672306066543,9.410279665039373e+35
1025.762012955374,9.360005018781241e+35
1025.5568773844197,9.304078269521682e+35
1025.3518238445565,9.269539907638533e+35
1025.14685228659,9.209724556007622e+35
1024.9419626613642,9.188857544302505e+35
1024.737154919763,9.165160249116373e+35
1024.5324290127091,9.174026979724697e+35
1024.327784891165,9.157702905917278e+35
1024.123222506132,9.156434583736104e+35
1023.9187418086501,9.137371330553925e+35
1023.714342749799,9.13892730117016e+35
1023.5100252806976,9.133994169512738e+35
1023.3057893525032,9.12595279340465e+35
1023.1016349164125,9.114529487792493e+35
1022.8975619236611,9.109746680749676e+35
1022.6935703255233,9.093952741245464e+35
1022.4896600733125,9.085735859145898e+35
1022.2858311183808,9.06593936212973e+35
1022.0820834121188,9.067807882264066e+35
1021.8784169059566,9.059530443955244e+35
1021.6748315513622,9.043455838140371e+35
1021.4713272998426,9.051811722532757e+35
1021.2679041029438,9.019512418182304e+35
1021.0645619122497,9.029256426979188e+35
1020.8613006793832,9.03455364267583e+35
1020.6581203560055,9.029609592375168e+35
1020.4550208938166,8.994623673830407e+35
1020.2520022445544,9.016339394212973e+35
1020.0490643599957,9.036921359944694e+35
1019.8462071919555,9.057717131051817e+35
1019.6434306922869,9.05593262019094e+35
1019.4407348128817,9.08198461013173e+35
1019.2381195056695,9.092290621292055e+35
1019.0355847226184,9.10492218944484e+35
1018.8331304157348,9.073730271201999e+35
1018.6307565370629,9.099129479431155e+35
1018.428463038685,9.10302998202182e+35
1018.2262498727217,9.106526661583107e+35
1018.0241169913315,9.100182388964689e+35
1017.8220643467109,9.112241338809419e+35
1017.6200918910943,9.11089309586905e+35
1017.4181995767541,9.13461824826272e+35
1017.2163873560003,9.12972103090712e+35
1017.0146551811811,9.141868186618665e+35
1016.8130030046824,9.151976539140746e+35
1016.6114307789276,9.14548195304619e+35
1016.4099384563782,9.156847554947089e+35
1016.2085259895331,9.143464645364983e+35
1016.0071933309288,9.178986541474011e+35
1015.8059404331397,9.157381922616541e+35
1015.6047672487775,9.0912959367364e+35
1015.4036737304915,9.051529002555997e+35
1015.2026598309687,9.00272112816861e+35
1015.0017255029334,9.000037518178354e+35
1014.800870699147,8.971794481980904e+35
1014.600095372409,8.932608425890243e+35
1014.3993994755555,8.909590337339448e+35
1014.1987829614604,8.895873526432302e+35
1013.9982457830347,8.865059725104205e+35
1013.7977878932268,8.844930954042282e+35
1013.5974092450219,8.817577315823085e+35
1013.3971097914429,8.784250041639562e+35
1013.1968894855493,8.751427493868325e+35
1012.9967482804379,8.741146764180564e+35
1012.796686129243,8.700453371581437e+35
1012.596702985135,8.719116388316853e+35
1012.3967988013222,8.711036438697094e+35
1012.1969735310491,8.696489852780022e+35
1011.9972271275976,8.718986730630761e+35
1011.7975595442864,8.716962393546554e+35
1011.5979707344708,8.712610926311939e+35
1011.3984606515429,8.717895922396114e+35
1011.1990292489319,8.717118603347607e+35
1010.9996764801034,8.719268016074848e+35
1010.80040229856,8.711457846939472e+35
1010.6012066578406,8.697667023750747e+35
1010.4020895115211,8.697355917544589e+35
1010.2030508132135,8.66804253956928e+35
1010.0040905165666,8.686099598880989e+35
1009.8052085752659,8.670476200730945e+35
1009.6064049430329,8.623538179119628e+35
1009.4076795736262,8.609353642230877e+35
1009.2090324208401,8.597031788841383e+35
1009.0104634385059,8.589675444803367e+35
1008.8119725804906,8.569413418982636e+35
1008.613559800698,8.540569581174316e+35
1008.4152250530678,8.514204408336549e+35
1008.2169682915763,8.5042329015074e+35
1008.0187894702357,8.436326509050535e+35
1007.8206885430943,8.406774817001418e+35
1007.622665464237,8.428728648478964e+35
1007.4247201877839,8.43108008153534e+35
1007.2268526678921,8.416138599497713e+35
1007.0290628587541,8.419437831241869e+35
1006.8313507145986,8.441031683544703e+35
1006.6337161896901,8.430196675028181e+35
1006.4361592383291,8.436352473488716e+35
1006.238679814852,8.452249471864815e+35
1006.0412778736311,8.447369951827918e+35
1005.8439533690743,8.438483993672252e+35
1005.6467062556253,8.472650702931457e+35
1005.4495364877637,8.47088792322751e+35
1005.2524440200045,8.454665823797987e+35
1005.0554288068987,8.448236453798285e+35
1004.8584908030327,8.4064565530977e+35
1004.6616299630284,8.374998390989127e+35
1004.4648462415436,8.355152447161804e+35
1004.2681395932715,8.328035489930091e+35
1004.0715099729402,8.316037120147131e+35
1003.8749573353143,8.28326902324702e+35
1003.6784816351931,8.25112650502457e+35
1003.4820828274111,8.261314442513049e+35
1003.2857608668388,8.240523123107173e+35
1003.0895157083818,8.207189086425175e+35
1002.8933473069806,8.214370324924476e+35
1002.6972556176113,8.188065807070867e+35
1002.5012405952851,8.178280368842672e+35
1002.3053021950486,8.150629290156897e+35
1002.1094403719829,8.154126193481654e+35
1001.913655081205,8.130425281464713e+35
1001.7179462778665,8.11426699376277e+35
1001.5223139171541,8.09457058672921e+35
1001.3267579542894,8.11252666095805e+35
1001.1312783445293,8.097563778789573e+35
1000.9358750431653,8.056204274267757e+35
1000.740548005524,8.051993338272484e+35
1000.545297186967,8.052590567647563e+35
1000.35012254289,8.058865970469793e+35
1000.1550240287244,8.022281351222447e+35
999.960001599936,8.028963836893846e+35
999.7650552120251,8.007142900197629e+35
999.5701848205272,7.997981744492188e+35
999.3753903810119,7.977969782580244e+35
999.1806718490838,7.97449074122345e+35
998.9860291803819,7.93022100999025e+35
998.7914623305801,7.913953275901214e+35
998.596971255386,7.870703804771026e+35
998.4025559105431,7.876502965754346e+35
998.208216251828,7.865741723690308e+35
998.0139522350522,7.869510056300705e+35
997.8197638160618,7.848746826732712e+35
997.6256509507373,7.841821226298267e+35
997.4316135949929,7.841351774235206e+35
997.2376517047777,7.852080133886259e+35
997.0437652360749,7.808365995737455e+35
996.8499541449021,7.793675118689385e+35
996.6562183873106,7.76011242801662e+35
996.4625579193861,7.765257616360546e+35
996.2689726972488,7.741592922371139e+35
996.0754626770524,7.734928289645255e+35
995.882027814985,7.673386430360005e+35
995.6886680672686,7.678299296172453e+35
995.4953833901595,7.633232828401386e+35
995.3021737399474,7.631980387457918e+35
995.1090390729564,7.607555356265423e+35
994.9159793455443,7.57563599777722e+35
994.7229945141027,7.570384095412683e+35
994.5300845350572,7.537339315389003e+35
994.337249364867,7.53824869101378e+35
994.1444889600255,7.499589344623528e+35
993.9518032770592,7.484320480726089e+35
993.7591922725285,7.513686283469396e+35
993.5666559030278,7.494460361526703e+35
993.374194125185,7.524200986272534e+35
993.1818068956612,7.520405967650026e+35
992.9894941711517,7.534158646809663e+35
992.7972559083846,7.535496230961019e+35
992.6050920641223,7.527894506923764e+35
992.41300259516,7.491796757740556e+35
992.2209874583267,7.521799308238345e+35
992.0290466104848,7.526731852389869e+35
991.8371800085298,7.541733140842631e+35
991.6453876093909,7.525181486065921e+35
991.4536693700303,7.545133595999796e+35
991.2620252474437,7.545755048438149e+35
991.07045519866,7.547074894462264e+35
990.8789591807412,7.58275139718466e+35
990.6875371507826,7.573879211526123e+35
990.4961890659125,7.596978154142733e+35
990.3049148832926,7.594527094270952e+35
990.1137145601172,7.613011861670242e+35
989.9225880536143,7.644049729936071e+35
989.7315353210441,7.65547617984795e+35
989.5405563197007,7.629454667713238e+35
989.3496510069106,7.630065626281815e+35
989.1588193400332,7.669792261842e+35
988.968061276461,7.682452554789217e+35
988.7773767736194,7.631683770002038e+35
988.5867657889663,7.61831700282936e+35
988.3962282799929,7.661750511750208e+35
988.2057642042226,7.641711395055565e+35
988.015373519212,7.641903402531844e+35
987.82505618255,7.603573192346199e+35
987.6348121518588,7.604963640860065e+35
987.4446413847922,7.576012545415747e+35
987.2545438390381,7.574868366813141e+35
987.0645194723153,7.573031675980758e+35
986.8745682423763,7.565148005009905e+35
986.6846901070058,7.568633820347963e+35
986.4948850240211,7.526709385005363e+35
986.3051529512715,7.500996827522125e+35
986.1154938466393,7.493251641136746e+35
985.9259076680387,7.474044888245172e+35
985.7363943734167,7.451400412703905e+35
985.5469539207521,7.44189556948313e+35
985.3575862680567,7.412452285680684e+35
985.1682913733738,7.401307034188047e+35
984.9790691947795,7.36723987608755e+35
984.789919690382,7.322480884586402e+35
984.6008428183214,7.316858416190676e+35
984.4118385367702,7.281346776805064e+35
984.2229068039329,7.28057815484393e+35
984.0340475780462,7.265037201248054e+35
983.8452608173786,7.218485757648867e+35
983.6565464802309,7.223746122853528e+35
983.4679045249358,7.195238196386015e+35
983.2793349098578,7.178904621318431e+35
983.0908375933936,7.191257512565607e+35
982.9024125339715,7.177935176088276e+35
982.714059690052,7.127238331136002e+35
982.525779020127,7.149400518061447e+35
982.3375704827207,7.145001460175172e+35
982.1494340363886,7.146239414576384e+35
981.9613696397184,7.083250639438183e+35
981.7733772513291,7.074095342916084e+35
981.5854568298716,7.065028362662162e+35
981.3976083340285,7.055623029696183e+35
981.2098317225139,6.998977769695544e+35
981.0221269540733,6.976160007832191e+35
980.8344939874845,6.990954509220261e+35
980.646932781556,6.952767393477956e+35
980.459443295128,6.93724717781934e+35
980.2720254870726,6.916176508131626e+35
980.0846793162929,6.922838350998273e+35
979.8974047417234,6.915476599460777e+35
979.7102017223305,6.874439030724671e+35
979.5230702171112,6.87888667720953e+35
979.3360101850944,6.885706686563145e+35
979.1490215853402,6.852869394401074e+35
978.9621043769396,6.849412423058708e+35
978.7752585190151,6.86884827146169e+35
978.5884839707205,6.856014850731464e+35
978.4017806912408,6.862449698413045e+35
978.2151486397919,6.867560185873664e+35
978.0285877756206,6.852890462496393e+35
977.8420980580056,6.843971664221812e+35
977.6556794462558,6.866468123847063e+35
977.4693318997116,6.876791526196899e+35
977.2830553777443,6.83729112291362e+35
977.0968498397561,6.83069094401751e+35
976.9107152451802,6.787677243878995e+35
976.7246515534806,6.750914261268224e+35
976.5386587241522,6.754183471432896e+35
976.352736716721,6.724959269828225e+35
976.1668854907434,6.740438434129897e+35
975.9811050058071,6.734756869785071e+35
975.7953952215299,6.736402545974892e+35
975.6097560975609,6.697605697267866e+35
975.4241875935797,6.733229263999107e+35
975.2386896692965,6.731172709580883e+35
975.0532622844522,6.769066981296694e+35
974.8679053988184,6.796921094811061e+35
974.6826189721971,6.769158872853454e+35
974.4974029644211,6.799385945023953e+35
974.3122573353534,6.797814086480183e+35
974.1271820448878,6.80272708902165e+35
973.9421770529483,6.818519586216484e+35
973.7572423194897,6.784346025683744e+35
973.5723778044969,6.777790586593644e+35
973.3875834679853,6.791671525429457e+35
973.2028592700005,6.790710152898948e+35
973.0182051706188,6.767076700915818e+35
972.8336211299463,6.756886040291372e+35
972.6491071081196,6.774358947057241e+35
972.4646630653058,6.760327920597143e+35
972.2802889617018,6.742314376270532e+35
972.095984757535,6.762816001795761e+35
971.9117504130625,6.738752506984645e+35
971.727585888572,6.710457458353733e+35
971.543491144381,6.700415391195227e+35
971.3594661408373,6.662448387715467e+35
971.1755108383187,6.648637861216778e+35
970.9916251972326,6.6447628354690865e+35
970.807809178017,6.62403921769891e+35
970.6240627411394,6.586292298017753e+35
970.4403858470973,6.5469169114356665e+35
970.2567784564184,6.54421196608506e+35
970.07324052966,6.49808540373004e+35
969.8897720274091,6.4952057548072376e+35
969.7063729102827,6.4597603738360444e+35
969.5230431389277,6.4046307715384176e+35
969.3397826740207,6.443187221489154e+35
969.1565914762677,6.398243320512595e+35
968.9734695064049,6.3647223239957685e+35
968.7904167251977,6.334931743979476e+35
968.6074330934415,6.324831629905119e+35
968.4245185719611,6.314469376356805e+35
968.2416731216111,6.271680166903611e+35
968.0588967032754,6.246833336996513e+35
967.8761892778675,6.196319052520543e+35
967.6935508063306,6.198441296347004e+35
967.5109812496372,6.165833297485501e+35
967.328480568789,6.1734608885760924e+35
967.1460487248179,6.1270643227281016e+35
966.9636856787843,6.161616211257349e+35
966.7813913917785,6.137896906165315e+35
966.5991658249199,6.111675471753037e+35
966.4170089393573,6.097815707116435e+35
966.2349206962689,6.1087798280149274e+35
966.0529010568617,6.090105422217102e+35
965.8709499823728,6.086886110477768e+35
965.6890674340676,6.072660029837841e+35
965.507253373241,6.061409085183986e+35
965.3255077612171,6.046536160538328e+35
965.1438305593491,6.044498230801506e+35
964.9622217290192,6.025221728617885e+35
964.780681231639,6.0176339271563644e+35
964.5992090286486,6.006668400935354e+35
964.4178050815174,5.997592896788509e+35
964.2364693517437,5.990527966639796e+35
964.0552018008551,5.987461909822032e+35
963.8740023904074,5.967945793125407e+35
963.6928710819861,5.954940102444827e+35
963.5118078372051,5.9493560249263434e+35
963.3308126177069,5.91597662346914e+35
963.1498853851637,5.921723982820572e+35
962.9690261012755,5.906813631598457e+35
962.7882347277715,5.9369457888043826e+35
962.6075112264101,5.943280339375816e+35
962.4268555589774,5.957764225846619e+35
962.2462676872891,5.970627789129318e+35
962.0657475731891,5.9909877668713116e+35
961.8852951785499,5.999793549794344e+35
961.7049104652727,6.009641542055517e+35
961.5245933952875,6.0084658197121155e+35
961.3443439305526,5.998510045684078e+35
961.1641620330544,5.984855928365244e+35
960.9840476648088,5.9994975311660665e+35
960.8040007878592,5.977658199815671e+35
960.6240213642783,5.955548874012174e+35
960.4441093561663,5.947114896064812e+35
960.2642647256524,5.923311694649474e+35
960.0844874348943,5.887504069536537e+35
959.9047774460773,5.920723065034117e+35
959.7251347214158,5.9037410754432434e+35
959.5455592231519,5.906120793482344e+35
959.3660509135563,5.909091104836847e+35
959.1866097549278,5.901838245859443e+35
959.0072357095934,5.915489003345101e+35
958.8279287399083,5.92824670208887e+35
958.6486888082559,5.961633578409046e+35
958.4695158770475,5.942162869545374e+35
958.2904099087228,5.9476524526841435e+35
958.1113708657494,5.915836716467576e+35
957.9323987106229,5.913739893447879e+35
957.7534934058672,5.893907246255432e+35
957.5746549140338,5.9249101440107555e+35
957.3958831977021,5.8927150592048096e+35
957.2171782194803,5.897366060397475e+35
957.0385399420035,5.865673279589666e+35
956.859968327935,5.836164899120512e+35
956.6814633399663,5.8517607765604884e+35
956.5030249408163,5.796633015886169e+35
956.3246530932321,5.821465691310972e+35
956.1463477599881,5.764288350741639e+35
955.968108903887,5.74983705653516e+35
955.7899364877587,5.722152620298162e+35
955.6118304744613,5.695578842801174e+35
955.4337908268801,5.694274438911519e+35
955.2558175079286,5.6871788968039646e+35
955.0779104805475,5.6429830022602725e+35
954.900069707705,5.631588580177677e+35
954.7222951523976,5.59857752766733e+35
954.5445867776484,5.588222555643988e+35
954.3669445465086,5.562329914938432e+35
954.189368422057,5.521575262223752e+35
954.0118583673994,5.517653919219199e+35
953.8344143456695,5.471900639642752e+35
953.6570363200282,5.466447650002869e+35
953.4797242536637,5.445712118510787e+35
953.3024781097919,5.4083473356469315e+35
953.1252978516555,5.429449462436523e+35
952.9481834425252,5.407254441267883e+35
952.7711348456986,5.360087070906868e+35
952.5941520245007,5.392312219731129e+35
952.4172349422835,5.378303878451985e+35
952.2403835624265,5.36023921009012e+35
952.0635978483363,5.317607111666349e+35
951.8868777634465,5.343786952524183e+35
951.7102232712183,5.321847838295253e+35
951.5336343351396,5.2846170065872805e+35
951.3571109187257,5.289971684253592e+35
951.1806529855182,5.283119325279774e+35
951.0042604990871,5.252822678880768e+35
950.8279334230281,5.230187041839693e+35
950.6516717209646,5.2368980409236026e+35
950.4754753565471,5.2192170051767664e+35
950.2993442934525,5.204318081920058e+35
950.1232784953847,5.1938543947425406e+35
949.947277926075,5.186298809260632e+35
949.7713425492813,5.171451816949063e+35
949.595472328788,5.16496346264274e+35
949.4196672284066,5.153937142533657e+35
949.2439272119756,5.144785882024882e+35
949.06825224336,5.1286168285041696e+35
948.8926422864517,5.1122144585129575e+35
948.7170973051691,5.081080876907164e+35
948.5416172634574,5.037286965801598e+35
948.3662021252886,5.068101975448118e+35
948.1908518546613,5.017902395817996e+35
948.0155664156006,5.007976551090823e+35
947.8403457721581,4.966429224792626e+35
947.6651898884124,4.961186085401041e+35
947.4900987284683,4.9783557667232526e+35
947.3150722564571,4.966796463894276e+35
947.1401104365369,4.941134935838305e+35
946.9652132328919,4.9197677595993856e+35
946.7903806097329,4.920151072689307e+35
946.6156125312974,4.891471317623739e+35
946.4409089618489,4.858466227802589e+35
946.2662698656775,4.87530495837217e+35
946.0916952070994,4.8648254847553875e+35
945.9171849504576,4.850734790920428e+35
945.7427390601208,4.8305287321074595e+35
945.5683575004845,4.791427562377792e+35
945.3940402359704,4.7795509270201754e+35
945.2197872310259,4.769286054339091e+35
945.0455984501252,4.728734342982277e+35
944.8714738577685,4.74976405527455e+35
944.697413418482,4.735248851642966e+35
944.5234170968183,4.710007997152151e+35
944.349484857356,4.71184253757431e+35
944.1756166646996,4.711126287668383e+35
944.00181248348,4.725157572714042e+35
943.8280722783537,4.7270861447708064e+35
943.6543960140037,4.689493987220518e+35
943.4807836551389,4.6623178446879164e+35
943.3072351664937,4.699274383991611e+35
943.1337505128289,4.685585950062321e+35
942.9603296589312,4.6859399415856564e+35
942.786972569613,4.6918293498254944e+35
942.6136792097126,4.6911842792681176e+35
942.4404495440943,4.6880874006734146e+35
942.2672835376482,4.686164229170986e+35
942.09418115529,4.696759628769273e+35
941.9211423619614,4.705530364851116e+35
941.7481671226298,4.7190931803372334e+35
941.5752554022879,4.722377625438589e+35
941.4024071659551,4.708585776736571e+35
941.2296223786755,4.7033283889752735e+35
941.0569010055192,4.7506194641086445e+35
940.8842430115823,4.784808146391997e+35
940.7116483619858,4.765274209977713e+35
940.5391170218769,4.771391684039518e+35
940.3666489564281,4.791137246247254e+35
940.1942441308374,4.804109828756271e+35
940.0219025103285,4.786095414091033e+35
939.8496240601503,4.788441747696827e+35
939.6774087455776,4.78653507278653e+35
939.5052565319103,4.8300890656651014e+35
939.3331673844738,4.803328329963512e+35
939.1611412686188,4.812448702292719e+35
938.9891781497217,4.828020321821351e+35
938.8172779931842,4.8552414146467926e+35
938.6454407644328,4.834020722283261e+35
938.47366642892,4.8392971274079335e+35
938.3019549521231,4.84415685010555e+35
938.130306299545,4.827944329655367e+35
937.9587204367136,4.81621623191734e+35
937.7871973291819,4.790182049031658e+35
937.6157369425289,4.783372862885438e+35
937.4443392423574,4.766217387708849e+35
937.2730041942966,4.768585331482916e+35
937.1017317640002,4.74568190394611e+35
936.9305219171473,4.7141419330487635e+35
936.7593746194415,4.711111220734238e+35
936.5882898366121,4.69834507735569e+35
936.4172675344133,4.660827736399468e+35
936.246307678624,4.633393250711071e+35
936.0754102350485,4.644003760632092e+35
935.9045751695157,4.6130890904250304e+35
935.7338024478795,4.637912275590061e+35
935.5630920360192,4.662922220376008e+35
935.3924438998381,4.611364480097245e+35
935.2218580052653,4.614963284181424e+35
935.051334318254,4.612568886061315e+35
934.8808728047828,4.595320205956449e+35
934.7104734308548,4.5670650987667315e+35
934.5401361624978,4.54917744115669e+35
934.3698609657646,4.575478371004024e+35
934.1996478067327,4.5425411920062585e+35
934.0294966515042,4.5258468596440485e+35
933.859407466206,4.546831462372889e+35
933.6893802169893,4.526844561191846e+35
933.5194148700307,4.517805240017652e+35
933.3495113915308,4.5272402598229275e+35
933.1796697477148,4.4972522376930225e+35
933.009889904833,4.494142907531839e+35
932.8401718291597,4.4563772115448375e+35
932.6705154869938,4.4807366045634685e+35
932.5009208446593,4.4320290919404694e+35
932.331387868504,4.4188384937949015e+35
932.1619165249003,4.338913139350536e+35
931.9925067802454,4.330527252941689e+35
931.8231586009607,4.316824499864189e+35
931.6538719534918,4.251992333984847e+35
931.484646804309,4.207101109889647e+35
931.3154831199068,4.1754270664603764e+35
931.1463808668042,4.1116457071538825e+35
930.9773400115441,4.0529518980342315e+35
930.8083605206941,3.988152633260647e+35
930.6394423608461,4.003861335081424e+35
930.470585498616,3.954967164869351e+35
930.3017899006437,3.971711736984194e+35
930.1330555335941,3.928303530965343e+35
929.9643823641554,3.9218332908378034e+35
929.7957703590406,3.927524612688594e+35
929.6272194849865,3.894834795759291e+35
929.458729708754,3.892610913051353e+35
929.2903009971285,3.885869056130363e+35
929.1219333169188,3.8955065361831744e+35
928.9536266349584,3.874509225296017e+35
928.7853809181042,3.882424789840911e+35
928.6171961332379,3.862040047397611e+35
928.4490722472646,3.873091991340444e+35
928.2810092271133,3.853044224802786e+35
928.1130070397371,3.83156908349103e+35
927.9450656521133,3.809927185311555e+35
927.7771850312429,3.7621905074217666e+35
927.6093651441504,3.749241392210431e+35
927.4416059578849,3.7017936669534866e+35
927.2739074395186,3.670072226424881e+35
927.1062695561478,3.6387685450210865e+35
926.9386922748929,3.58592243340245e+35
926.7711755628976,3.5530754210293515e+35
926.6037193873296,3.51349135068282e+35
926.4363237153802,3.4943864156640844e+35
926.2689885142645,3.442620180162937e+35
926.1017137512212,3.402577288829731e+35
925.9344993935129,3.3767068854015085e+35
925.7673454084253,3.3295624048481034e+35
925.6002517632685,3.293213810277035e+35
925.4332184253753,3.2874116443397897e+35
925.266245362103,3.271877696783652e+35
925.0993325408315,3.2412020060589704e+35
924.9324799289652,3.2428164376925235e+35
924.7656874939312,3.2116756850534415e+35
924.5989552031805,3.21508332832105e+35
924.4322830241878,3.210906785918488e+35
924.2656709244505,3.1943292277284482e+35
924.0991188714902,3.1722675559266373e+35
923.9326268328513,3.1679391099784887e+35
923.7661947761022,3.168850922142437e+35
923.599822668834,3.159423357992327e+35
923.4335104786617,3.1448662730106232e+35
923.2672581732234,3.1321931695840992e+35
923.1010657201804,3.106530547831418e+35
922.9349330872172,3.1237381011509105e+35
922.7688602420423,3.116600677027857e+35
922.6028471523863,3.1143768374897986e+35
922.4368937860039,3.09589739949439e+35
922.2710001106725,3.0883771851865657e+35
922.105166094193,3.0903641239037213e+35
921.9393917043893,3.0897701038891567e+35
921.7736769091085,3.082796342248394e+35
921.6080216762207,3.060437706701175e+35
921.442425973619,3.0551224232395806e+35
921.2768897692201,3.0382900842960557e+35
921.1114130309631,3.0110633088935116e+35
920.9459957268106,2.9969981686844203e+35
920.7806378247478,2.971368039635624e+35
920.6153392927832,2.9592576945054647e+35
920.4501000989484,2.9379891737155225e+35
920.2849202112974,2.9191109150147343e+35
920.1197995979076,2.9273044083890243e+35
919.9547382268793,2.8986767157946878e+35
919.7897360663352,2.90590660697487e+35
919.6247930844215,2.8716589679688574e+35
919.459909249307,2.851887985756729e+35
919.295084529183,2.8417395762591326e+35
919.1303188922641,2.8265850477114982e+35
918.9656123067874,2.816210308685286e+35
918.800964741013,2.8176732252222734e+35
918.6363761632233,2.7975596675255227e+35
918.471846541724,2.799102694428904e+35
918.3073758448428,2.7983473647860546e+35
918.1429640409308,2.7751009437314595e+35
917.9786110983613,2.7804476890164576e+35
917.8143169855307,2.7714134552815285e+35
917.6500816708572,2.7763543227934456e+35
917.4859051227825,2.7611612833603163e+35
917.3217873097705,2.7425019747407475e+35
917.1577282003071,2.7574590676489397e+35
916.9937277629022,2.7538851356232942e+35
916.8297859660864,2.7319194457726054e+35
916.6659027784143,2.7412810160745735e+35
916.5020781684623,2.716294786825552e+35
916.3383121048291,2.7108795137135088e+35
916.1746045561363,2.7128151468731367e+35
916.0109554910276,2.7095601372852278e+35
915.8473648781694,2.7027590847792794e+35
915.6838326862501,2.701452854222048e+35
915.5203588839806,2.6914330484225864e+35
915.3569434400944,2.690101279497546e+35
915.193586323347,2.687516792634736e+35
915.0302875025162,2.6895750050806242e+35
914.8670469464024,2.6715543658382154e+35
914.7038646238279,2.6902913226792226e+35
914.5407405036375,2.6868491844245197e+35
914.3776745546979,2.689386922412613e+35
914.2146667458985,2.665816271072664e+35
914.0517170461504,2.643191543891897e+35
913.8888254243872,2.6241031889658866e+35
913.7259918495641,2.599310641558653e+35
913.5632162906593,2.56228274186579e+35
913.4004987166724,2.527974118330432e+35
913.2378390966251,2.4849043146125362e+35
913.0752373995616,2.4544260327877606e+35
912.912693594548,2.4297559396488417e+35
912.7502076506721,2.430646334219091e+35
912.5877795370442,2.4315669149975577e+35
912.4254092227959,2.410349493022813e+35
912.2630966770816,2.416573262396292e+35
912.1008418690769,2.4103533405326788e+35
911.93864476798,2.423767218261126e+35
911.7765053430103,2.407422832913612e+35
911.6144235634096,2.4209818083040238e+35
911.4523993984413,2.4256177810631652e+35
911.2904328173911,2.4132260066282244e+35
911.1285237895657,2.4250769148744554e+35
910.9666722842945,2.421245248295123e+35
910.8048782709279,2.4287780167358753e+35
910.6431417188389,2.4396745748469052e+35
910.4814625974215,2.417471192372241e+35
910.3198408760918,2.4315351158370527e+35
910.1582765242875,2.441544261754648e+35
909.9967695114682,2.4451418316001012e+35
909.835319807115,2.459551254037974e+35
909.6739273807303,2.4567378124590388e+35
909.512592201839,2.453970963906185e+35
909.3513142399868,2.4607467149309162e+35
909.1900934647415,2.4426919409227797e+35
909.0289298456922,2.463947646633779e+35
908.8678233524498,2.4582092928714613e+35
908.7067739546465,2.4532059072995755e+35
908.5457816219359,2.4514639265419976e+35
908.3848463239937,2.44951117061281e+35
908.2239680305163,2.446854589831076e+35
908.0631467112223,2.456303992363311e+35
907.9023823358511,2.4543736439950702e+35
907.7416748741642,2.4603651288479616e+35
907.5810242959441,2.4646929935011912e+35
907.4204305709943,2.4600634621268066e+35
907.2598936691404,2.4771202757699407e+35
907.0994135602291,2.47013034883391e+35
906.9389902141282,2.474010083946682e+35
906.7786236007272,2.4967174263230284e+35
906.6183136899365,2.4837197107336268e+35
906.458060451688,2.4987790252238695e+35
906.2978638559348,2.5197920672490984e+35
906.1377238726513,2.5091003858013782e+35
905.9776404718331,2.512081540787964e+35
905.8176136234969,2.5025861477401284e+35
905.6576432976806,2.5111092456152908e+35
905.4977294644434,2.5011272774045887e+35
905.3378720938655,2.5132163717392888e+35
905.1780711560482,2.5109026846343776e+35
905.018326621114,2.5081763051093306e+35
904.8586384592066,2.494222489041253e+35
904.6990066404906,2.4901733684391433e+35
904.5394311351517,2.4925400388561664e+35
904.3799119133965,2.4888800657420658e+35
904.2204489454529,2.469978640706013e+35
904.0610422015694,2.471482554345695e+35
903.9016916520159,2.468962265115859e+35
903.7423972670829,2.454402112980051e+35
903.5831590170822,2.4601211394896415e+35
903.4239768723462,2.4597812924685752e+35
903.2648508032281,2.461441378510238e+35
903.1057807801027,2.4621700463969057e+35
902.9467667733649,2.474613498193768e+35
902.7878087534306,2.4799425492061325e+35
902.6289066907367,2.478688591036495e+35
902.470060555741,2.4804816745172777e+35
902.3112703189219,2.4730269621177553e+35
902.1525359507785,2.4761409138156106e+35
901.993857421831,2.468024509346705e+35
901.8352347026198,2.4657097479377082e+35
901.6766677637066,2.4694405149014873e+35
901.5181565756735,2.464317441223431e+35
901.3597011091231,2.471057406458323e+35
901.2013013346791,2.455765787480922e+35
901.0429572229856,2.4600729389304213e+35
900.8846687447073,2.4664093068377975e+35
900.7264358705295,2.4643028095102393e+35
900.5682585711584,2.4651908008035303e+35
900.4101368173203,2.4756695923920018e+35
900.2520705797624,2.4724593287901744e+35
900.0940598292522,2.4577113051138738e+35
899.9361045365779,2.4690848776486948e+35
899.7782046725481,2.474878084550738e+35
899.6203602079921,2.468443387606937e+35
899.4625711137594,2.465853068966706e+35
899.3048373607202,2.4495621226597612e+35
899.1471589197645,2.45517767387243e+35
898.9895357618037,2.4552683581788972e+35
898.8319678577687,2.4380077889002905e+35
898.6744551786115,2.4434017640924947e+35
898.5169976953039,2.4307899593009912e+35
898.3595953788382,2.4379349019494525e+35
898.2022482002271,2.428440035669892e+35
898.0449561305038,2.4175121425184025e+35
897.8877191407215,2.4096474207213958e+35
897.7305372019534,2.3876800667010336e+35
897.5734102852937,2.3634431899332493e+35
897.4163383618562,2.3407869586041987e+35
897.2593214027752,2.313701290575765e+35
897.1023593792052,2.2938502805300673e+35
896.9454522623207,2.2732981040004798e+35
896.7886000233166,2.2456963217270397e+35
896.6318026334076,2.1966654777870207e+35
896.475060063829,2.152243666080752e+35
896.3183722858358,2.1002886953860046e+35
896.1617392707035,2.0402534907199484e+35
896.0051609897273,1.998014415141988e+35
895.8486374142225,1.940030390879291e+35
895.6921685155245,1.8885474332774082e+35
895.535754264989,1.852158063806144e+35
895.3793946339913,1.8013143864406118e+35
895.2230895939267,1.774220202660899e+35
895.066839116211,1.7323187607989263e+35
894.9106431722792,1.7160954121353936e+35
894.7545017335868,1.6777182224159455e+35
894.598414771609,1.6775226245960637e+35
894.4423822578409,1.6701870792178553e+35
894.2864041637974,1.6700710674692383e+35
894.1304804610136,1.6633499601689367e+35
893.9746111210442,1.6753258576898895e+35
893.8187961154634,1.662147504401441e+35
893.6630354158661,1.673818722097352e+35
893.507328993866,1.66997373471606e+35
893.3516768210974,1.676727527280435e+35
893.1960788692138,1.6727947593287034e+35
893.0405351098885,1.6709406944623727e+35
892.8850455148151,1.684114976598797e+35
892.7296100557063,1.6894489921711404e+35
892.5742287042946,1.6813580260861854e+35
892.4189014323323,1.702682932235946e+35
892.2636282115914,1.693309921147309e+35
892.1084090138634,1.704095468545864e+35
891.9532438109594,1.716248031468301e+35
891.7981325747103,1.713163195888598e+35
891.6430752769666,1.7163961115737843e+35
891.4880718895981,1.7349482763513284e+35
891.3331223844943,1.7365726531969474e+35
891.1782267335644,1.7448607962706734e+35
891.023384908737,1.750833734125499e+35
890.8685968819599,1.742392746659131e+35
890.7138626252009,1.7552530014873076e+35
890.5591821104471,1.7454655561254407e+35
890.404555309705,1.754847728632351e+35
890.2499821950004,1.742113301635813e+35
890.0954627383787,1.742838757506151e+35
889.9409969119047,1.744177041378271e+35
889.7865846876626,1.749342199944491e+35
889.632226037756,1.7399898464244833e+35
889.4779209343076,1.7375859140832556e+35
889.3236693494597,1.7316034197227158e+35
889.169471255374,1.7235441809439253e+35
889.015326624231,1.738792849836289e+35
888.8612354282311,1.7242827561168002e+35
888.7071976395937,1.710662689822762e+35
888.5532132305573,1.7171998838452102e+35
888.3992821733799,1.7066192902160483e+35
888.2454044403387,1.7114016413280926e+35
888.09158000373,1.7123446017324864e+35
887.9378088358691,1.6985138880570414e+35
887.7840909090908,1.698410422351441e+35
887.630426195749,1.702132226720084e+35
887.4768146682168,1.6798461577084703e+35
887.3232562988859,1.6832979236865106e+35
887.1697510601679,1.6771280802513043e+35
887.0162989244927,1.670014333003089e+35
886.8628998643098,1.6630774301762278e+35
886.7095538520879,1.6531294866531471e+35
886.5562608603142,1.6521365077994716e+35
886.4030208614951,1.6483669079917668e+35
886.2498338281562,1.6446515609214972e+35
886.0966997328419,1.6387223681002879e+35
885.9436185481155,1.6458120152726344e+35
885.7905902465598,1.6398536051153441e+35
885.6376148007757,1.6333232482004062e+35
885.4846921833838,1.628339477023029e+35
885.331822367023,1.6410189261796845e+35
885.1790053243517,1.631473011028785e+35
885.0262410280465,1.6199212195960722e+35
884.8735294508033,1.6194229783826837e+35
884.7208705653366,1.6149993414002187e+35
884.56826434438,1.614742981954846e+35
884.4157107606859,1.6066951529115885e+35
884.2632097870252,1.5984791085449778e+35
884.1107613961877,1.585572395064213e+35
883.958365560982,1.5924392792095807e+35
883.8060222542356,1.5941374651141073e+35
883.6537314487944,1.6058954224476223e+35
883.5014931175233,1.5870058712874728e+35
883.3493072333057,1.5823705312712556e+35
883.1971737690438,1.579418555427643e+35
883.0450926976586,1.5864386370241522e+35
882.8930639920893,1.5837650013237659e+35
882.741087625294,1.5828902451226589e+35
882.5891635702496,1.5842692924276756e+35
882.4372917999515,1.56888877909572e+35
882.2854722874132,1.554289634574159e+35
882.1337050056677,1.5620052660390943e+35
881.9819899277657,1.5525395077184492e+35
881.8303270267767,1.5507088763314102e+35
881.678716275789,1.5547152735608239e+35
881.5271576479092,1.5513427724719729e+35
881.3756511162622,1.539844311220016e+35
881.2241966539916,1.5349283417959914e+35
881.0727942342596,1.5211388062186706e+35
880.9214438302464,1.525779740710279e+35
880.770145415151,1.523525148908083e+35
880.6188989621905,1.5071203032449542e+35
880.4677044446009,1.5089844701466556e+35
880.316561835636,1.5057000562875557e+35
880.1654711085683,1.4917885560387417e+35
880.0144322366887,1.4921137779792815e+35
879.863445193306,1.4926305532351624e+35
879.7125099517477,1.4958172675764598e+35
879.5616264853596,1.4883374182154859e+35
879.4107947675058,1.4838173633318276e+35
879.2600147715682,1.476337194491056e+35
879.1092864709476,1.47581942363674e+35
878.9586098390625,1.4805884367223813e+35
878.8079848493503,1.472457537206205e+35
878.6574114752657,1.470766501685046e+35
878.5068896902823,1.464961578918973e+35
878.3564194678917,1.456024615968915e+35
878.2060007816033,1.4639787063069134e+35
878.0556336049452,1.4597213650940102e+35
877.9053179114632,1.4577261672039592e+35
877.7550536747215,1.449664306611028e+35
877.6048408683022,1.4465534521001628e+35
877.4546794658055,1.4543611987090577e+35
877.30456944085,1.4429091604936359e+35
877.1545107670717,1.4398429428223985e+35
877.004503418125,1.4492929450195431e+35
876.8545473676826,1.4319640183009526e+35
876.7046425894348,1.430701188601772e+35
876.5547890570899,1.4298702852426546e+35
876.4049867443745,1.4220367075464349e+35
876.2552356250328,1.4265620828919444e+35
876.105535672827,1.4233702639652106e+35
875.9558868615377,1.4156098874277836e+35
875.8062891649624,1.4247834049621533e+35
875.6567425569177,1.4136609412379476e+35
875.5072470112372,1.4139130523706148e+35
875.3578025017725,1.4156531865898475e+35
875.2084090023936,1.4029963469101127e+35
875.0590664869878,1.4136335811778983e+35
874.9097749294604,1.406769557482333e+35
874.7605343037343,1.4028155322517255e+35
874.6113445837506,1.4014190145384727e+35
874.4622057434677,1.4059892534437083e+35
874.3131177568622,1.405600611312859e+35
874.1640805979282,1.4057248033658115e+35
874.0150942406775,1.3976666339534412e+35
873.8661586591397,1.387841314501338e+35
873.7172738273621,1.385052885217295e+35
873.5684397194098,1.3879915163974528e+35
873.4196563093651,1.3995629710118098e+35
873.2709235713287,1.3891992603272405e+35
873.1222414794183,1.383967604755237e+35
872.9736100077694,1.3670073839462593e+35
872.8250291305353,1.368494195604315e+35
872.6764988218868,1.3746811686412358e+35
872.528019056012,1.366096657423729e+35
872.3795898071168,1.36126471919235e+35
872.2312110494249,1.3596370576782672e+35
872.0828827571772,1.3560002488549138e+35
871.9346049046321,1.3520050364704287e+35
871.7863774660657,1.3521349286310573e+35
871.6382004157713,1.3490346113280613e+35
871.4900737280602,1.3607677677277293e+35
871.3419973772606,1.3665255887515798e+35
871.1939713377183,1.3622826120853843e+35
871.0459955837968,1.3562222004324604e+35
870.8980700898766,1.3763380994007418e+35
870.750194830356,1.3797631812558063e+35
870.6023697796505,1.3642572294005874e+35
870.4545949121929,1.3696664395243774e+35
870.3068702024334,1.3752187214613833e+35
870.1591956248395,1.3755749676999275e+35
870.0115711538963,1.3706724600125118e+35
869.8639967641059,1.3821939772079159e+35
869.7164724299878,1.3787530363053507e+35
869.5689981260788,1.3667451439958023e+35
869.4215738269329,1.3890201754307588e+35
869.2741995071215,1.3769646220484708e+35
869.126875141233,1.359716682188392e+35
868.9796007038734,1.3800358886021293e+35
868.8323761696655,1.3702695413553989e+35
868.6852015132496,1.3695722896017229e+35
868.5380767092829,1.3656716903080254e+35
868.3910017324399,1.3562198694116885e+35
868.2439765574126,1.3633184853792868e+35
868.0970011589094,1.359093646294907e+35
867.9500755116565,1.3490984429393432e+35
867.8031995903968,1.3611568205167592e+35
867.6563733698905,1.355175619871005e+35
867.5095968249148,1.3537648491736153e+35
867.362869930264,1.3452992470320438e+35
867.2161926607494,1.330417239524725e+35
867.0695649911992,1.3410011809736535e+35
866.922986896459,1.3262324682112309e+35
866.7764583513912,1.333838717351918e+35
866.629979330875,1.3167255058490251e+35
866.4835498098068,1.3261012443291181e+35
866.3371697631001,1.318080905061747e+35
866.190839165685,1.3256246680596806e+35
866.0445579925087,1.311841455963449e+35
865.8983262185353,1.3171506321608307e+35
865.7521438187462,1.3119305435761709e+35
865.6060107681388,1.3142604387880829e+35
865.4599270417282,1.2966294861769397e+35
865.3138926145459,1.3067236203847917e+35
865.1679074616407,1.2993358182304915e+35
865.0219715580776,1.3078686413703617e+35
864.876084878939,1.3037246533242087e+35
864.7302473993237,1.315609536021042e+35
864.5844590943478,1.3125764755242554e+35
864.4387199391434,1.3115312469657755e+35
864.2930299088603,1.3040404205567308e+35
864.1473889786643,1.3003755087569387e+35
864.001797123738,1.2975090452751119e+35
863.8562543192812,1.2878051107986636e+35
863.7107605405103,1.2912758201321992e+35
863.5653157626576,1.2868054269701788e+35
863.4199199609734,1.2761297909268593e+35
863.2745731107235,1.2901116607827553e+35
863.1292751871911,1.2826202346267832e+35
862.9840261656756,1.2953210033440318e+35
862.8388260214933,1.289116835526963e+35
862.6936747299768,1.2869086165078898e+35
862.5485722664757,1.2894222801148404e+35
862.4035186063559,1.2845571943455525e+35
862.258513725,1.286865146795011e+35
862.1135575978067,1.2915509733891246e+35
861.9686502001922,1.297459503824053e+35
861.8237915075883,1.2981361168671918e+35
861.6789814954438,1.2925458484443428e+35
861.5342201392239,1.3064081254010283e+35
861.3895074144101,1.3093168314622477e+35
861.2448432965007,1.2997802100751462e+35
861.1002277610103,1.302579164180774e+35
860.9556607834696,1.3185828108847323e+35
860.8111423394264,1.312247622927876e+35
860.6666724044444,1.3056370577240696e+35
860.522250954104,1.3040482506091294e+35
860.3778779640018,1.3074729933080688e+35
860.2335534097507,1.3065364782996094e+35
860.0892772669803,1.29804833677547e+35
859.9450495113363,1.2946374159693502e+35
859.8008701184805,1.2929413479916604e+35
859.6567390640917,1.2951437351198551e+35
859.5126563238643,1.292168395163337e+35
859.3686218735095,1.2919957252878637e+35
859.2246356887545,1.2863976421908762e+35
859.0806977453427,1.2925375184516274e+35
858.9368080190341,1.2949958554786621e+35
858.7929664856044,1.2900362226691904e+35
858.6491731208463,1.2898656508373698e+35
858.5054279005678,1.2885449420479714e+35
858.361730800594,1.2931798013102232e+35
858.2180817967653,1.288863788070621e+35
858.074480864939,1.2876373622832862e+35
857.9309279809883,1.2876311570032497e+35
857.7874231208021,1.2882599632202733e+35
857.6439662602863,1.281903011677051e+35
857.5005573753623,1.2801194895277117e+35
857.3571964419676,1.2843991859968055e+35
857.213883436056,1.2748617451819938e+35
857.0706183335975,1.2711929453501237e+35
856.9274011105779,1.2735421412538538e+35
856.7842317429989,1.2570647448664275e+35
856.6411102068787,1.25507004762358e+35
856.4980364782513,1.2539538414274402e+35
856.3550105331666,1.250018846867527e+35
856.2120323476905,1.2461211018819273e+35
856.0691018979052,1.2382426159657763e+35
855.9262191599084,1.2386527345958763e+35
855.7833841098142,1.2334495495809892e+35
855.6405967237521,1.2336032890489643e+35
855.4978569778682,1.2260590819086107e+35
855.3551648483242,1.2286806631620711e+35
855.2125203112973,1.2308223197708869e+35
855.0699233429813,1.2244982538757381e+35
854.9273739195854,1.2183396135686422e+35
854.784872017335,1.2067247388932143e+35
854.6424176124709,1.2014954572594749e+35
854.50001068125,1.1967044700705741e+35
854.3576511999453,1.1801385855645654e+35
854.2153391448451,1.1722230273867654e+35
854.0730744922536,1.1619440392269687e+35
853.930857218491,1.1531211706271551e+35
853.7886872998932,1.137840137815869e+35
853.6465647128119,1.1437139652152562e+35
853.5044894336144,1.1365586979879661e+35
853.3624614386837,1.132326738684573e+35
853.2204807044188,1.1250938185310765e+35
853.078547207234,1.1074548569389193e+35
852.9366609235598,1.109198466645195e+35
852.7948218298419,1.085273197213485e+35
852.6530299025417,1.0828686129556168e+35
852.5112851181367,1.0648482963205127e+35
852.3695874531197,1.0642819686625105e+35
852.227936883999,1.061729829056936e+35
852.0863333872987,1.0656963303267086e+35
851.9447769395588,1.0699842199370443e+35
851.8032675173341,1.0655237731726135e+35
851.6618050971958,1.060557348639587e+35
851.5203896557302,1.0587731998138968e+35
851.3790211695393,1.0644348441755903e+35
851.2376996152406,1.0521698921415836e+35
851.096424969467,1.0613811955773e+35
850.9551972088669,1.0532028674213511e+35
850.8140163101046,1.0502800003857484e+35
850.6728822498596,1.0563381062557144e+35
850.5317950048268,1.053028053008388e+35
850.3907545517164,1.0550496325269254e+35
850.2497608672547,1.0508507665066717e+35
850.1088139281827,1.0482722120841403e+35
849.9679137112573,1.0539986378181677e+35
849.8270601932506,1.0490772663602555e+35
849.6862533509501,1.0438246536074007e+35
849.5454931611587,1.0457138432781984e+35
849.4047796006948,1.0494222175723188e+35
849.2641126463918,1.0399106552118704e+35
849.123492275099,1.0457538875332073e+35
848.9829184636804,1.0497472034415927e+35
848.842391189016,1.0522367871637691e+35
848.7019104280004,1.0562843424467887e+35
848.5614761575439,1.0593463119720342e+35
848.4210883545721,1.051903181136043e+35
848.2807469960258,1.0486336195019662e+35
848.1404520588609,1.0569595806226349e+35
848.0002035200488,1.0461670197966389e+35
847.8600013565759,1.0561429677077042e+35
847.7198455454442,1.0552760685490287e+35
847.5797360636701,1.0572649527266896e+35
847.4396728882862,1.062020481496041e+35
847.2996559963397,1.0524550316664671e+35
847.1596853648929,1.055870706601224e+35
847.0197609710234,1.0576540925490467e+35
846.8798827918242,1.054905621805935e+35
846.740050804403,1.0591527746479079e+35
846.600264985883,1.0615932666867203e+35
846.460525313402,1.0580141632741911e+35
846.3208317641134,1.0535452933990048e+35
846.1811843151855,1.0586586862740077e+35
846.0415829438017,1.0581176947917962e+35
845.9020276271601,1.0542962837238006e+35
845.7625183424746,1.0633680531278263e+35
845.6230550669733,1.0653098040205426e+35
845.4836377778998,1.0593593588581163e+35
845.3442664525128,1.0547481830364283e+35
845.2049410680854,1.0584414156761905e+35
845.0656616019065,1.058284022625356e+35
844.9264280312792,1.0605557103297754e+35
844.787240333522,1.0665017858484722e+35
844.6480984859683,1.0632923232117523e+35
844.5090024659662,1.0647157926883865e+35
844.3699522508791,1.0666068611105408e+35
844.230947818085,1.0646905908457588e+35
844.0919891449769,1.0676906547026518e+35
843.9530762089627,1.0646278358706832e+35
843.8142089874651,1.0572645939029616e+35
843.6753874579216,1.0644694811786104e+35
843.5366115977848,1.0711285562935302e+35
843.3978813845218,1.0697971369433814e+35
843.259196795615,1.0733652165261554e+35
843.120557808561,1.0732233737520851e+35
842.9819644008717,1.079578566757728e+35
842.8434165500732,1.0797396918683186e+35
842.7049142337073,1.0791694389934244e+35
842.5664574293297,1.0844633663434904e+35
842.4280461145113,1.0855339229026882e+35
842.2896802668373,1.0906977093548142e+35
842.1513598639083,1.0863755556359712e+35
842.013084883339,1.0892600718091386e+35
841.8748553027592,1.082612914385566e+35
841.7366710998132,1.0832500725438273e+35
841.5985322521598,1.0863937082047084e+35
841.4604387374727,1.0846921323203217e+35
841.3223905334404,1.074945373782676e+35
841.1843876177658,1.0824307648234225e+35
841.0464299681663,1.079617800404191e+35
840.9085175623743,1.0825479547440657e+35
840.7706503781366,1.0809942701285694e+35
840.6328283932143,1.0839378864092829e+35
840.4950515853837,1.0870115893049021e+35
840.3573199324353,1.0824632678675184e+35
840.219633412174,1.0786204596910673e+35
840.0819920024194,1.0849574748742384e+35
839.9443956810059,1.086372350485216e+35
839.8068444257821,1.0824677588598626e+35
839.6693382146111,1.0826114675565196e+35
839.5318770253707,1.08710913569637e+35
839.3944608359529,1.0874141788487177e+35
839.2570896242646,1.0879144924793455e+35
839.1197633682267,1.0993978070718085e+35
838.9824820457749,1.0936138759808888e+35
838.8452456348591,1.0905486393401538e+35
838.7080541134436,1.0901905353508737e+35
838.5709074595075,1.0892118820122126e+35
838.4338056510437,1.082141369039303e+35
838.2967486660602,1.0810750406435818e+35
838.1597364825788,1.0809035773394722e+35
838.0227690786359,1.0774436357378948e+35
837.8858464322819,1.0763565983079024e+35
837.7489685215825,1.0741893006449326e+35
837.6121353246166,1.079636574773517e+35
837.4753468194779,1.073023098018736e+35
837.3386029842748,1.0685824667338575e+35
837.2019037971291,1.0685986877841708e+35
837.0652492361779,1.0695220099511774e+35
836.9286392795717,1.0621310101569788e+35
836.792073905476,1.0559100917996096e+35
836.6555530920697,1.0557657662406965e+35
836.5190768175468,1.0471625757297997e+35
836.382645060115,1.0360042308587688e+35
836.2462577979963,1.0232820296655353e+35
836.109915009427,1.0106271933509122e+35
835.9736166726578,1.0006436578220106e+35
835.837362765953,9.86949279515415e+34
835.7011532675915,9.81711484153897e+34
835.5649881558662,9.77788793669593e+34
835.4288674090844,9.735027757267999e+34
835.2927910055672,9.756543046471057e+34
835.1567589236498,9.700169244295117e+34
835.0207711416821,9.654257985273205e+34
834.8848276380273,9.72348239739603e+34
834.748928391063,9.616133607017766e+34
834.6130733791814,9.523058209217872e+34
834.4772625807877,9.496918366008324e+34
834.3414959743022,9.471386691485396e+34
834.2057735381587,9.496164996954055e+34
834.0700952508048,9.468778012307945e+34
833.9344610907028,9.514115924465964e+34
833.7988710363286,9.482169036257454e+34
833.663325066172,9.452957967696915e+34
833.527823158737,9.487014683400109e+34
833.3923652925415,9.454255836890863e+34
833.2569514461175,9.443648309167874e+34
833.1215815980105,9.46053218204097e+34
832.9862557267804,9.42953391734513e+34
832.850973811001,9.41173299182201e+34
832.7157358292599,9.394044951168059e+34
832.5805417601586,9.452817310803675e+34
832.4453915823121,9.405256959848518e+34
832.3102852743502,9.490899199949587e+34
832.1752228149159,9.448562779653632e+34
832.040204182666,9.435138650069928e+34
831.9052293562717,9.42297967014247e+34
831.7702983144175,9.40305855762954e+34
831.6354110358018,9.343827352087271e+34
831.5005674991372,9.313922225975064e+34
831.3657676831498,9.329512120571533e+34
831.2310115665795,9.26878793745119e+34
831.0962991281799,9.183166214620931e+34
830.9616303467187,9.212354916101217e+34
830.8270052009769,9.131968709643058e+34
830.6924236697499,9.130902232362315e+34
830.5578857318461,9.172950152517848e+34
830.4233913660879,9.06212000197776e+34
830.2889405513118,9.065068598608389e+34
830.1545332663676,9.00635216288219e+34
830.0201694901185,9.036518153109723e+34
829.8858492014423,8.947652014063172e+34
829.7515723792296,9.000481706407417e+34
829.617339002385,8.927803313879818e+34
829.483149049827,8.959472715387735e+34
829.3490025004871,8.938569101449918e+34
829.2148993333111,9.014264556862927e+34
829.080839527258,8.960917895575458e+34
828.9468230613005,9.007465697339925e+34
828.812849914425,8.951255122730828e+34
828.6789200656312,8.95075390251659e+34
828.545033493933,8.910967989736248e+34
828.411190178357,8.949191964051363e+34
828.2773900979437,8.896019572568332e+34
828.1436332317476,8.91296230544096e+34
828.0099195588363,8.920634219326126e+34
827.8762490582908,8.848971747369819e+34
827.7426217092058,8.822977047107068e+34
827.6090374906894,8.710091955552074e+34
827.4754963818633,8.689295429536873e+34
827.3419983618628,8.573581256628643e+34
827.2085434098364,8.565649712698536e+34
827.0751315049458,8.443973277978668e+34
826.941762626367,8.451975863346478e+34
826.8084367532886,8.309561504227818e+34
826.675153864913,8.242211063388786e+34
826.5419139404559,8.2477327214460535e+34
826.4087169591464,8.1300105235461065e+34
826.2755629002272,8.160991659356939e+34
826.142451742954,8.158281334729923e+34
826.0093834665961,8.085431170844953e+34
825.8763580504362,8.153982009410685e+34
825.7433754737702,8.018734362268318e+34
825.6104357159074,8.0045572849043425e+34
825.4775387561704,7.974771447310963e+34
825.344684573895,7.855720405628119e+34
825.2118731484308,7.81160885544092e+34
825.07910445914,7.67544334597542e+34
824.9463784853983,7.668016266206849e+34
824.8136952065952,7.5256706432168e+34
824.6810546021325,7.416610613157712e+34
824.5484566514262,7.264887247162878e+34
824.4159013339049,7.164833468949099e+34
824.2833886290106,7.118300497588863e+34
824.1509185161987,7.145866401946296e+34
824.0184909749374,7.09513721519759e+34
823.8861059847086,7.070593752225157e+34
823.7537635250071,7.113270123411378e+34
823.6214635753407,7.093785485975958e+34
823.4892061152308,7.053886691612559e+34
823.3569911242116,7.085936345130267e+34
823.2248185818306,7.06532724902912e+34
823.0926884676483,7.010213575293348e+34
822.9606007612384,7.051784341040946e+34
822.828555442188,7.000601784483765e+34
822.6965524900967,7.021621018972293e+34
822.5645918845777,7.002883764948021e+34
822.4326736052569,6.995652900007452e+34
822.3007976317737,6.949430481029578e+34
822.16896394378,6.936270865677966e+34
822.0371725209413,6.90764562550603e+34
821.9054233429358,6.94945335800339e+34
821.773716389455,6.855209615025333e+34
821.6420516402029,6.897201163631855e+34
821.510429074897,6.841415156477319e+34
821.3788486732677,6.838767265674625e+34
821.2473104150583,6.763244379918713e+34
821.1158142800251,6.72453631217821e+34
820.9843602479373,6.643687531928289e+34
820.8529482985771,6.593200635624298e+34
820.7215784117396,6.500169242257361e+34
820.5902505672329,6.44356390632606e+34
820.4589647448782,6.3611549412130075e+34
820.3277209245093,6.254506673991149e+34
820.1965190859729,6.196156702804411e+34
820.0653592091289,6.037221429996102e+34
819.9342412738498,6.025863859624115e+34
819.803165260021,5.892171194538231e+34
819.6721311475409,5.846503902805042e+34
819.5411389163207,5.699099049360348e+34
819.4101885462844,5.691683362354442e+34
819.2792800173687,5.564426808943031e+34
819.1484133095233,5.563945966438856e+34
819.0175884027109,5.535083531385239e+34
818.8868052769064,5.542652865789172e+34
818.7560639120983,5.463662704324188e+34
818.6253642882871,5.516344181435305e+34
818.4947063854864,5.496922857132824e+34
818.3640901837227,5.479535937790526e+34
818.2335156630351,5.507370142184174e+34
818.1029828034752,5.501103608847341e+34
817.972491585108,5.466529038606587e+34
817.8420419880104,5.4538998471161875e+34
817.7116339922725,5.475448595152405e+34
817.5812675779972,5.47572775287869e+34
817.4509427252997,5.43495659213741e+34
817.320659414308,5.3297265481134e+34
817.1904176251628,5.330983826111693e+34
817.0602173380178,5.21538082946697e+34
816.9300585330387,5.259648609221121e+34
816.7999411904043,5.24889989415314e+34
816.6698652903058,5.229510795200484e+34
816.539830812947,5.242328942559176e+34
816.4098377385448,5.232087839256078e+34
816.2798860473279,5.22420692231472e+34
816.1499757195381,5.220906652524313e+34
816.02010673543,5.126727927202139e+34
815.8902790752699,5.195161726448218e+34
815.7604927193375,5.148164202504155e+34
815.6307476479249,5.187904182506924e+34
815.501043841336,5.2254421269183435e+34
815.3713812798884,5.168371906467565e+34
815.2417599439113,5.161839167582293e+34
815.1121798137468,5.126122874416453e+34
814.9826408697494,5.0617747457397225e+34
814.8531430922861,5.067514093599657e+34
814.7236864617364,5.043346294046437e+34
814.5942709584923,5.017594389729027e+34
814.4648965629581,4.988257403071748e+34
814.3355632555506,4.955377786090327e+34
814.2062710166992,4.943504469745048e+34
814.0770198268458,4.869560694791591e+34
813.9478096664442,4.819964726702778e+34
813.818640515961,4.827415536993187e+34
813.6895123558752,4.820159509105512e+34
813.5604251666782,4.805734798062877e+34
813.4313789288735,4.80508600063816e+34
813.3023736229774,4.797653069797556e+34
813.1734092295181,4.797778948036782e+34
813.0444857290365,4.7881263323888355e+34
812.9156031020858,4.72738554844785e+34
812.7867613292315,4.732359684578042e+34
812.657960391051,4.760626788368287e+34
812.5292002681346,4.69946397536193e+34
812.4004809410847,4.686419883187661e+34
812.2718023905159,4.666106383963089e+34
812.1431645970551,4.681744001600884e+34
812.0145675413416,4.642837262526342e+34
811.886011204027,4.6323461806184395e+34
811.7574955657747,4.668806264081818e+34
811.6290206072608,4.661992214591859e+34
811.5005863091735,4.621726485686105e+34
811.3721926522134,4.641074791772127e+34
811.2438396170928,4.629399796767091e+34
811.1155271845369,4.649397314123058e+34
810.9872553352824,4.608103789334901e+34
810.8590240500787,4.596332212484883e+34
810.730833309687,4.597260616448997e+34
810.602683094881,4.601566239392405e+34
810.4745733864464,4.590598839688951e+34
810.3465041651809,4.594012890560121e+34
810.2184754118947,4.604323320783679e+34
810.0904871074099,4.593139568356548e+34
809.9625392325605,4.564291517176198e+34
809.8346317681929,4.535954231597859e+34
809.7067646951656,4.532905822416571e+34
809.5789379943491,4.5479344458438215e+34
809.451151646626,4.52388937919569e+34
809.3234056328909,4.556998288195133e+34
809.1956999340505,4.53353707416801e+34
809.0680345310236,4.486270961886789e+34
808.9404094047412,4.532153886564305e+34
808.8128245361459,4.487013614385911e+34
808.6852799061925,4.516486092175898e+34
808.557775495848,4.513501382596991e+34
808.4303112860914,4.486416487595588e+34
808.3028872579132,4.4984796759648985e+34
808.1755033923166,4.497373652414485e+34
808.0481596703163,4.466820923912883e+34
807.920856072939,4.486091557139012e+34
807.7935925812236,4.437899768899347e+34
807.6663691762207,4.434825312368546e+34
807.5391858389928,4.436603986578879e+34
807.4120425506146,4.452036634072959e+34
807.2849392921726,4.469853228554335e+34
807.157876044765,4.43179769938282e+34
807.0308527895021,4.4251509148702255e+34
806.9038695075062,4.439651865130148e+34
806.7769261799111,4.366035264233317e+34
806.6500227878631,4.370594719122696e+34
806.5231593125196,4.3496388865484195e+34
806.3963357350503,4.347763038768941e+34
806.2695520366369,4.328088573498228e+34
806.1428081984723,4.308963349870034e+34
806.0161042017619,4.382729174677196e+34
805.8894400277226,4.332865134648247e+34
805.762815657583,4.319978855987996e+34
805.6362310725838,4.271494665679998e+34
805.5096862539772,4.312975017923819e+34
805.3831811830272,4.282204145554913e+34
805.25671584101,4.288347410983454e+34
805.1302902092131,4.269564212186787e+34
805.0039042689357,4.202421220627336e+34
804.877558001489,4.206248435196435e+34
804.7512513881958,4.172344367952925e+34
804.6249844103909,4.101696347191269e+34
804.4987570494203,4.0890847651863487e+34
804.3725692866421,4.064021938073018e+34
804.246421103426,4.0197347625834616e+34
804.1203124811534,4.0180138871330885e+34
803.9942434012172,3.978772872691202e+34
803.8682138450222,3.970147520019798e+34
803.7422237939847,3.9520773751855746e+34
803.6162732295329,3.9156958369672394e+34
803.4903621331061,3.9462459162690057e+34
803.364490486156,3.9152121471055913e+34
803.2386582701453,3.965271184598219e+34
803.1128654665483,3.901766452940234e+34
802.9871120568515,3.8933299266765876e+34
802.8613980225523,3.9040636449476826e+34
802.7357233451602,3.8567465665384605e+34
802.6100880061961,3.8778580195349436e+34
802.4844919871923,3.87692806435569e+34
802.3589352696929,3.893143759103871e+34
802.2334178352534,3.8604884781488777e+34
802.1079396654408,3.8964132094653073e+34
801.9825007418337,3.8337588119771915e+34
801.8571010460225,3.8736117408788384e+34
801.7317405596086,3.835169345761958e+34
801.6064192642054,3.8469007945860443e+34
801.4811371414373,3.83751418984437e+34
801.3558941729407,3.8451644506053047e+34
801.2306903403629,3.819147944287695e+34
801.105525625363,3.840803555150828e+34
800.9804000096119,3.7758398865872457e+34
800.8553134747912,3.7567391674752728e+34
800.7302660025945,3.7548484784445114e+34
800.6052575747266,3.6895507686670053e+34
800.4802881729038,3.724195755152766e+34
800.3553577788538,3.6841247546118756e+34
800.2304663743158,3.729251822909649e+34
800.1056139410402,3.68769420900474e+34
799.980800460789,3.7461990693649936e+34
799.8560259153353,3.7049236697156055e+34
799.7312902864637,3.662432782038652e+34
799.6065935559704,3.6747168588107944e+34
799.4819357056629,3.6836703001357133e+34
799.3573167173593,3.6919901652987344e+34
799.2327365728901,3.7094545530213966e+34
799.1081952540965,3.6438486631175996e+34
798.9836927428312,3.6510800005619524e+34
798.8592290209582,3.63144006531996e+34
798.7348040703525,3.619894106696158e+34
798.6104178729012,3.627411509561699e+34
798.4860704105017,3.6264660000511202e+34
798.3617616650633,3.5937786470665404e+34
798.2374916185063,3.5419016930530656e+34
798.1132602527626,3.5975830556579184e+34
797.9890675497746,3.5749597694379335e+34
797.8649134914968,3.5159607140723488e+34
797.7407980598944,3.437184568369493e+34
797.616721236944,3.4375061521890375e+34
797.4926830046335,3.429529531137907e+34
797.3686833449617,3.3760813913030355e+34
797.2447222399389,3.3760807360630733e+34
797.1207996715863,3.376027084119945e+34
796.9969156219365,3.3575713610195357e+34
796.8730700730334,3.303407423189718e+34
796.7492630069318,3.2446759457599703e+34
796.6254944056975,3.22261397450595e+34
796.5017642514078,3.2104995809967744e+34
796.3780725261511,3.1836802331124233e+34
796.2544192120267,3.1585870591065044e+34
796.1308042911451,3.142602987345087e+34
796.007227745628,3.1257011109280615e+34
795.8836895576081,3.140029197051876e+34
795.7601897092293,3.128566384497635e+34
795.6367281826465,3.1346094475368536e+34
795.5133049600255,3.1226399489568916e+34
795.3899200235436,3.1103906593318276e+34
795.2665733553887,3.1206348769893835e+34
795.1432649377603,3.0807476378528813e+34
795.0199947528681,3.088512283594678e+34
794.8967627829336,3.0866751278958765e+34
794.773569010189,3.0160707336784913e+34
794.6504134168777,3.0583825904275953e+34
794.5272959852537,3.071168255809087e+34
794.4042166975823,3.0414988383793593e+34
794.2811755361398,3.0239491981307747e+34
794.1581724832135,3.003067493169234e+34
794.0352075211015,2.9979919837615014e+34
793.912280632113,2.9965312447408727e+34
793.7893917985681,2.976711579550598e+34
793.6665410027978,2.994918003142676e+34
793.543728227144,2.997613124102787e+34
793.4209534539598,2.9426139735491886e+34
793.298216665609,2.9429616350650057e+34
793.1755178444663,2.930152736125889e+34
793.0528569729173,2.9429796672505405e+34
792.9302340333586,2.937085388631356e+34
792.8076490081977,2.919270476382905e+34
792.6851018798528,2.900684067889446e+34
792.5625926307531,2.8857148758637357e+34
792.4401212433386,2.9129408107345125e+34
792.3176877000603,2.8578123155023733e+34
792.1952919833798,2.909115152865046e+34
792.0729340757697,2.875161227425351e+34
791.9506139597136,2.881665466106119e+34
791.8283316177053,2.8607963769012203e+34
791.7060870322503,2.8983508542796304e+34
791.5838801858639,2.8393009166084836e+34
791.4617110610733,2.833667919349555e+34
791.3395796404153,2.833841183560762e+34
791.2174859064387,2.85295697739691e+34
791.095429841702,2.832335297413205e+34
790.973411428775,2.816190688215903e+34
790.8514306502381,2.8567162735080977e+34
790.7294874886828,2.78359462193338e+34
790.6075819267108,2.8213130726447396e+34
790.4857139469348,2.8417447555618564e+34
790.3638835319782,2.814920380388024e+34
790.2420906644751,2.8200985905233407e+34
790.1203353270703,2.7843716264354087e+34
789.9986175024194,2.765643212756908e+34
789.8769371731885,2.7969968305673954e+34
789.7552943220543,2.757360398196118e+34
789.6336889317046,2.808477834165367e+34
789.5121209848375,2.8146088038999773e+34
789.3905904641617,2.7660671618019463e+34
789.2690973523969,2.7823547666790765e+34
789.147641632273,2.7674886482988484e+34
789.026223286531,2.791051156856472e+34
788.9048422979221,2.7725014820500104e+34
788.7834986492084,2.7095761082009636e+34
788.6621923231622,2.7194657601100215e+34
788.5409233025672,2.7117304912664875e+34
788.4196915702167,2.690968397095233e+34
788.2984971089153,2.701139323529498e+34
788.1773399014779,2.717573483648758e+34
788.0562199307299,2.694122836581267e+34
787.9351371795074,2.681916403281157e+34
787.8140916306571,2.6740176781796685e+34
787.6930832670358,2.6847303445338117e+34
787.5721120715116,2.668528779266978e+34
787.4511780269623,2.629037933664861e+34
787.330281116277,2.6414277794726504e+34
787.2094213223544,2.665167748302485e+34
787.0885986281047,2.6382408046741585e+34
786.9678130164477,2.63579386888733e+34
786.8470644703143,2.612220111083703e+34
786.7263529726456,2.589067662116285e+34
786.6056785063931,2.5930496213154436e+34
786.4850410545191,2.6036267488925056e+34
786.3644405999962,2.574293899641689e+34
786.243877125807,2.5754611945908504e+34
786.1233506149451,2.571082389313113e+34
786.0028610504143,2.5583177948233107e+34
785.8824084152288,2.538780674192989e+34
785.7619926924135,2.547701242876042e+34
785.6416138650033,2.536149786283355e+34
785.5212719160436,2.534336869778852e+34
785.4009668285903,2.5494274032589783e+34
785.2806985857095,2.5121853509636447e+34
785.1604671704781,2.486566528364442e+34
785.0402725659827,2.484167043450762e+34
784.9201147553209,2.4935193962417973e+34
784.7999937216001,2.505590840746958e+34
784.6799094479385,2.4596915811957485e+34
784.5598619174643,2.4475188509331673e+34
784.4398511133163,2.4671188437194063e+34
784.3198770186434,2.479209087980994e+34
784.1999396166048,2.433272000054388e+34
784.08003889037,2.451574201790531e+34
783.960174823119,2.4227253866625058e+34
783.840347398042,2.438208824847982e+34
783.7205565983394,2.41187100088978e+34
783.6008024072217,2.3980807743075557e+34
783.4810848079101,2.391732476385951e+34
783.3614037836356,2.4077657953840287e+34
783.2417593176399,2.410492394909606e+34
783.1221513931745,2.3876312084899605e+34
783.0025799935012,2.368854645514307e+34
782.8830451018923,2.3799110645559767e+34
782.7635467016303,2.349948840500615e+34
782.6440847760073,2.3675771985658698e+34
782.5246593083265,2.3641885771170937e+34
782.4052702819007,2.3627858422225e+34
782.2859176800529,2.327571195705694e+34
782.1666014861165,2.341005219624294e+34
782.047321683435,2.346575528918731e+34
781.928078255362,2.376228712946271e+34
781.8088711852614,2.3627243534095123e+34
781.6897004565068,2.3716140066194134e+34
781.5705660524825,2.3475343610212336e+34
781.4514679565825,2.383795459368967e+34
781.3324061522113,2.3191448721992363e+34
781.2133806227833,2.365321142783508e+34
781.0943913517231,2.384699715214386e+34
780.9754383224648,2.349710398179358e+34
780.8565215184536,2.3570931983520407e+34
780.7376409231442,2.357454825094807e+34
780.6187965200014,2.352658520672847e+34
780.4999882925002,2.329776670936636e+34
780.3812162241255,2.3392800026053298e+34
780.2624802983723,2.3112848125860377e+34
780.1437804987461,2.326582883888305e+34
780.0251168087613,2.3320431028812777e+34
779.9064892119435,2.3040997734172606e+34
779.7878976918279,2.329298731977535e+34
779.6693422319595,2.312374145747578e+34
779.5508228158935,2.322363128486396e+34
779.4323394271953,2.329338836729708e+34
779.3138920494397,2.339792812497123e+34
779.1954806662122,2.326354502599321e+34
779.0771052611077,2.3072837615623606e+34
778.9587658177315,2.3128364783308294e+34
778.8404623196985,2.305433090069259e+34
778.7221947506338,2.2710698891013843e+34
778.6039630941722,2.304928209498479e+34
778.4857673339587,2.286865521944069e+34
778.3676074536482,2.283812392904036e+34
778.2494834369055,2.2616057852515346e+34
778.1313952674049,2.272218805498925e+34
778.0133429288312,2.2508301152411785e+34
777.895326404879,2.277298295516131e+34
777.7773456792526,2.255064586092159e+34
777.6594007356658,2.2698042140760363e+34
777.5414915578433,2.254126276365173e+34
777.4236181295188,2.262685055046642e+34
777.3057804344363,2.258669846343545e+34
777.1879784563494,2.251161660704632e+34
777.0702121790215,2.261704532874844e+34
776.9524815862262,2.225404510279788e+34
776.8347866617468,2.2006001558788653e+34
776.7171273893762,2.1453329953588705e+34
776.5995037529171,2.1623780035561185e+34
776.4819157361825,2.1434707912836887e+34
776.3643633229948,2.1562379666215024e+34
776.2468464971862,2.125787517827739e+34
776.1293652425987,2.101211014671266e+34
776.0119195430842,2.1203093390903006e+34
775.8945093825043,2.1292456800807846e+34
775.7771347447306,2.1319809089560197e+34
775.6597956136438,2.0880820003711664e+34
775.5424919731353,2.106073467694434e+34
775.4252238071053,2.0972306558038866e+34
775.3079910994643,2.0824534250496577e+34
775.1907938341325,2.100013287063917e+34
775.0736319950396,2.08670917222282e+34
774.9565055661252,2.10350335257287e+34
774.8394145313384,2.075360246446393e+34
774.7223588746384,2.0643004628348953e+34
774.6053385799936,2.0356178412250806e+34
774.4883536313823,1.9832917917674104e+34
774.3714040127926,1.9591992410601688e+34
774.2544897082222,1.9651074428493295e+34
774.1376107016783,1.9550406178146861e+34
774.0207669771781,1.9644078750314363e+34
773.9039585187478,1.9496068420048007e+34
773.7871853104241,1.9528517671627977e+34
773.6704473362528,1.9552890391370515e+34
773.553744580289,1.9552392980067343e+34
773.4370770265984,1.9308640280058706e+34
773.3204446592557,1.9609529033531347e+34
773.203847462345,1.973999857971732e+34
773.0872854199604,1.95341041989675e+34
772.9707585162055,1.9664687943629861e+34
772.854266735193,1.9708173530140486e+34
772.7378100610464,1.9577071457026112e+34
772.6213884778973,1.959931358253239e+34
772.5050019698878,1.954366264801632e+34
772.3886505211692,1.9516891115298741e+34
772.2723341159027,1.9741438250627282e+34
772.1560527382585,1.966059899073659e+34
772.0398063724167,1.9664245025006406e+34
771.9235950025667,1.9586281741204627e+34
771.8074186129078,1.9683639751106564e+34
771.6912771876483,1.960342831511748e+34
771.5751707110066,1.9664768934389545e+34
771.4590991672098,1.9864635729404807e+34
771.3430625404955,1.9728318076233785e+34
771.22706081511,1.971984891170825e+34
771.1110939753091,1.9583666736487308e+34
770.9951620053585,1.9970670082343947e+34
770.879264889533,1.9800126954403671e+34
770.7634026121173,1.9872037206019647e+34
770.6475751574048,1.9906576851138204e+34
770.5317825096992,1.9891782294345177e+34
770.4160246533128,1.9692215436239326e+34
770.3003015725682,1.9764070139185777e+34
770.1846132517966,1.9940034106865862e+34
770.068959675339,1.9779289782529766e+34
769.953340827546,1.9701079278163892e+34
769.8377566927771,1.9525697034101662e+34
769.7222072554015,1.9576577377490628e+34
769.606692499798,1.9651057827851178e+34
769.4912124103544,1.9574558976111673e+34
769.3757669714678,1.9460125663205578e+34
769.260356167545,1.9416540111354134e+34
769.1449799830019,1.9540153471831648e+34
769.0296384022641,1.939906784966689e+34
768.9143314097661,1.9230604797376445e+34
768.7990589899518,1.9168010360845457e+34
768.6838211272749,1.904792052004503e+34
768.5686178061977,1.9138425030730207e+34
768.4534490111926,1.909177102690176e+34
768.3383147267405,1.8981514981901833e+34
768.2232149373323,1.8967895888623068e+34
768.1081496274677,1.8707365845559255e+34
767.9931187816558,1.8170319432517044e+34
767.8781223844153,1.7838476408222232e+34
767.7631604202736,1.7309416040441216e+34
767.648232873768,1.64697752435797e+34
767.5333397294445,1.6132316361703778e+34
767.4184809718588,1.610138610930247e+34
767.3036565855755,1.603470527503289e+34
767.1888665551686,1.6223143324093292e+34
767.0741108652213,1.6185207284179456e+34
766.959389500326,1.6311238228714032e+34
766.8447024450844,1.6279996184499916e+34
766.7300496841073,1.6110236717590998e+34
766.6154312020147,1.6148380076950383e+34
766.500846983436,1.6173763522351522e+34
766.3862970130094,1.6319737537959675e+34
766.2717812753828,1.6344347010644837e+34
766.1572997552128,1.6406309561981157e+34
766.0428524371654,1.6342539869250386e+34
765.9284393059157,1.6422389194785204e+34
765.814060346148,1.6335783108683264e+34
765.6997155425557,1.6226632826161436e+34
765.5854048798413,1.6159014293446603e+34
765.4711283427168,1.602765571497648e+34
765.3568859159027,1.5899886622952234e+34
765.242677584129,1.5928524332831786e+34
765.1285033321348,1.6200574947991675e+34
765.0143631446681,1.6155869030767844e+34
764.9002570064864,1.6167771734594358e+34
764.786184902356,1.6228389566161266e+34
764.6721468170522,1.6165150833691106e+34
764.5581427353596,1.6045340106401492e+34
764.444172642072,1.6061478509647845e+34
764.3302365219918,1.6018344871158156e+34
764.2163343599307,1.597414877251696e+34
764.1024661407095,1.5938914521103156e+34
763.9886318491582,1.5974243518676576e+34
763.8748314701154,1.604978236985759e+34
763.7610649884291,1.6027467958846598e+34
763.6473323889562,1.6107431117040354e+34
763.5336336565626,1.6053670314381188e+34
763.4199687761234,1.6122820732989379e+34
763.3063377325223,1.6170422843324048e+34
763.1927405106524,1.613793218199319e+34
763.0791770954155,1.6089043179014147e+34
762.9656474717226,1.6117455408832177e+34
762.8521516244938,1.6063005261934805e+34
762.7386895386576,1.6129858103795638e+34
762.625261199152,1.6125071657796018e+34
762.5118665909239,1.6138580324238981e+34
762.3985056989288,1.6165947678321567e+34
762.2851785081317,1.6169025145770174e+34
762.171885003506,1.6290669534850505e+34
762.0586251700344,1.6307561122401606e+34
761.9453989927083,1.6216371897427768e+34
761.832206456528,1.6223535274991477e+34
761.719047546503,1.6198237729019216e+34
761.6059222476515,1.6044660931010165e+34
761.4928305450004,1.6262801893074514e+34
761.3797724235861,1.6162124760261822e+34
761.2667478684531,1.615406001657471e+34
761.1537568646554,1.6022238018779004e+34
761.0407993972558,1.5933672716884083e+34
760.9278754513253,1.5736734855375498e+34
760.8149850119448,1.5789175575382695e+34
760.7021280642033,1.5709082900951266e+34
760.5893045931988,1.5674037321214503e+34
760.4765145840383,1.5657950772281923e+34
760.3637580218377,1.5787269359460445e+34
760.2510348917212,1.5736312584717957e+34
760.1383451788225,1.5697407359684225e+34
760.0256888682839,1.5613239413495125e+34
759.9130659452559,1.5408373410838324e+34
759.8004763948987,1.5360875370270054e+34
759.6879202023808,1.5374911304005064e+34
759.5753973528798,1.5389591114654618e+34
759.4629078315816,1.5431637586075673e+34
759.3504516236811,1.537082502500051e+34
759.2380287143823,1.5338506487900146e+34
759.1256390888974,1.5111619688214973e+34
759.0132827324479,1.5105402772643117e+34
758.9009596302635,1.5215989462912847e+34
758.7886697675831,1.51571540363522e+34
758.6764131296541,1.5045432916288497e+34
758.5641897017325,1.5006548319150482e+34
758.4519994690837,1.461899759705828e+34
758.3398424169808,1.4694435695010343e+34
758.2277185307064,1.45676850075734e+34
758.1156277955514,1.447244166809974e+34
758.0035701968156,1.438506659191449e+34
757.8915457198075,1.4182559092728966e+34
757.7795543498441,1.4111494394180597e+34
757.6675960722513,1.3991237801543202e+34
757.5556708723633,1.3962502044659691e+34
757.4437787355234,1.3960416808955674e+34
757.3319196470833,1.389749812788578e+34
757.2200935924036,1.388685399868265e+34
757.1083005568532,1.3925264368302075e+34
756.9965405258098,1.405391193182173e+34
756.8848134846598,1.3898462731984254e+34
756.7731194187983,1.3909200439124073e+34
756.6614583136287,1.3915512134528985e+34
756.5498301545631,1.4179138657502764e+34
756.4382349270226,1.3928025670188818e+34
756.3266726164366,1.391744580245418e+34
756.2151432082427,1.3970768585598812e+34
756.1036466878879,1.382489064702787e+34
755.9921830408275,1.3690976009239433e+34
755.8807522525248,1.3906539854479918e+34
755.7693543084522,1.3752378780676536e+34
755.6579891940908,1.3640561378416448e+34
755.5466568949299,1.3847448952051472e+34
755.4353573964677,1.38170667760915e+34
755.3240906842103,1.3652333357506121e+34
755.2128567436732,1.3638031340379466e+34
755.1016555603799,1.3741145248519225e+34
754.9904871198623,1.3460200665426755e+34
754.8793514076614,1.3632291444324527e+34
754.7682484093259,1.3465768325369325e+34
754.657178110414,1.346344449011498e+34
754.5461404964914,1.3519117303263306e+34
754.435135553133,1.3279882814971372e+34
754.3241632659219,1.3439371228489771e+34
754.2132236204498,1.3371832474820608e+34
754.1023166023166,1.3298634981261e+34
753.9914421971312,1.3333600751889312e+34
753.8806003905102,1.3071272412984632e+34
753.7697911680793,1.3198724440919277e+34
753.6590145154727,1.3199376905040231e+34
753.5482704183323,1.31363010658824e+34
753.4375588623093,1.3200339021669537e+34
753.3268798330629,1.3098885630257438e+34
753.2162333162605,1.3109026569526232e+34
753.1056192975784,1.2996074382248893e+34
752.9950377627013,1.3014429830759822e+34
752.8844886973216,1.3033953301077177e+34
752.7739720871413,1.3015706487453875e+34
752.6634879178694,1.2945449367292387e+34
752.5530361752245,1.294963641021514e+34
752.4426168449329,1.2967668208110096e+34
752.3322299127295,1.2921057480907386e+34
752.2218753643574,1.2967898223642131e+34
752.1115531855685,1.2961273783838232e+34
752.0012633621225,1.3040469489866934e+34
751.8910058797877,1.2921637653032932e+34
751.7807807243408,1.311291097781817e+34
751.6705878815668,1.2887482859758862e+34
751.560427337259,1.2998781602093485e+34
751.450299077219,1.283561348702107e+34
751.3402030872569,1.2951127950703303e+34
751.2301393531909,1.2807756656657087e+34
751.1201078608476,1.2648716900476867e+34
751.0101085960617,1.2821846985091281e+34
750.9001415446767,1.2732331824470562e+34
750.7902066925438,1.2861144609059877e+34
750.6803040255231,1.2622021039455878e+34
750.5704335294824,1.2807410054869573e+34
750.4605951902981,1.2737040817993572e+34
750.3507889938547,1.267085418208513e+34
750.2410149260451,1.2704318175577077e+34
750.1312729727704,1.268341223013351e+34
750.0215631199397,1.2537940480992953e+34
749.911885353471,1.2661339846563486e+34
749.80223965929,1.2588516358334612e+34
749.6926260233305,1.2717234369565526e+34
749.583044431535,1.2597673951310532e+34
749.4734948698539,1.2534490889148518e+34
749.3639773242461,1.2606368094945677e+34
749.2544917806782,1.2492272037319566e+34
749.1450382251256,1.2426545373949868e+34
749.0356166435714,1.2534790854526697e+34
748.9262270220073,1.241784934324061e+34
748.8168693464327,1.2356881544782373e+34
748.7075436028556,1.2274543845587163e+34
748.5982497772922,1.2411446405684938e+34
748.4889878557663,1.2345553744189722e+34
748.3797578243104,1.2381780402051907e+34
748.2705596689651,1.245867792155449e+34
748.161393375779,1.2363350891699739e+34
748.052258930809,1.2217205902714063e+34
747.9431563201197,1.2201653953691805e+34
747.8340855297845,1.213185441364311e+34
747.7250465458842,1.2232238729640653e+34
747.6160393545083,1.2246215232637155e+34
747.5070639417544,1.2144332268754928e+34
747.3981202937274,1.2097762230533594e+34
747.2892083965415,1.1998173598284482e+34
747.1803282363182,1.2150395778192463e+34
747.0714797991872,1.2108703611981152e+34
746.9626630712864,1.2012627290409126e+34
746.8538780387618,1.2008014017367783e+34
746.7451246877673,1.1986129441427653e+34
746.6364030044649,1.1781211080902179e+34
746.527712975025,1.1703796674487823e+34
746.4190545856255,1.1820501168963164e+34
746.3104278224529,1.1889591157737393e+34
746.201832671701,1.1824749413809802e+34
746.0932691195726,1.1773734275647068e+34
745.984737152278,1.1790642609970715e+34
745.8762367560352,1.1682985487129144e+34
745.7677679170707,1.1623029777225333e+34
745.659330621619,1.1560537118626133e+34
745.5509248559223,1.1483559174112816e+34
745.4425506062312,1.1570032550638402e+34
745.3342078588039,1.1495257635264075e+34
745.2258965999068,1.1421344966864583e+34
745.1176168158144,1.1451467059951778e+34
745.0093684928089,1.1331090912211973e+34
744.9011516171804,1.138467130676568e+34
744.7929661752275,1.1344951199595449e+34
744.6848121532562,1.1367428985049207e+34
744.5766895375807,1.1393138171738387e+34
744.4685983145231,1.1438111931024923e+34
744.3605384704136,1.1383382949982618e+34
744.25250999159,1.1392010272100196e+34
744.1445128643984,1.143659161555581e+34
744.0365470751923,1.1416930606989549e+34
743.928612610334,1.1357784876242125e+34
743.8207094561927,1.119317517865547e+34
743.7128375991462,1.1244559867852858e+34
743.60499702558,1.1230003211121833e+34
743.4971877218876,1.1267855353205757e+34
743.3894096744699,1.117161209980517e+34
743.2816628697362,1.1220306969738893e+34
743.1739472941036,1.108348550271684e+34
743.0662629339971,1.1066544939559048e+34
742.9586097758495,1.110506808420103e+34
742.8509878061011,1.1145015991319643e+34
742.7433970112006,1.11232640030171e+34
742.6358373776044,1.093109446643513e+34
742.5283088917765,1.0993856405930576e+34
742.4208115401891,1.0973286920612363e+34
742.313345309322,1.0843003323486615e+34
742.2059101856629,1.086891239707046e+34
742.0985061557071,1.0890808561656812e+34
741.9911332059581,1.0728169660907127e+34
741.8837913229272,1.0806141307130344e+34
741.776480493133,1.0816913664837436e+34
741.6692007031024,1.078655276686052e+34
741.5619519393699,1.078750929973171e+34
741.4547341884779,1.0883704673235607e+34
741.3475474369762,1.0718569775582835e+34
741.240391671423,1.0899132576274022e+34
741.1332668783838,1.06815851455164e+34
741.026173044432,1.0773969234285292e+34
740.9191101561487,1.0605077082912405e+34
740.812078200123,1.067393956850858e+34
740.7050771629514,1.0509863812995114e+34
740.5981070312386,1.0648082707945658e+34
740.4911677915961,1.0550909728240485e+34
740.3842594306445,1.0616926268102699e+34
740.2773819350111,1.053963241955456e+34
740.1705352913311,1.0602772311688686e+34
740.0637194862478,1.046536528694807e+34
739.9569345064117,1.0459224817921366e+34
739.8501803384814,1.0528809027208386e+34
739.7434569691231,1.043382832997685e+34
739.6367643850106,1.040092264121352e+34
739.5301025728252,1.0464900452537953e+34
739.4234715192564,1.0476583202382344e+34
739.3168712110011,1.0289906302033965e+34
739.2103016347636,1.0286889176433871e+34
739.1037627772563,1.0426288657885022e+34
738.997254625199,1.034587541061801e+34
738.8907771653195,1.0284476703879372e+34
738.7843303843526,1.0284780936055177e+34
738.6779142690414,1.0221586026398059e+34
738.5715288061361,1.0150553446982239e+34
738.4651739823951,1.0268005092590111e+34
738.3588497845839,1.0224828492333307e+34
738.2525561994759,1.0197343376840211e+34
738.146293213852,1.0106542931327477e+34
738.0400608145011,9.992467623808584e+33
737.9338589882188,9.96786954206211e+33
737.8276877218095,9.932739394802508e+33
737.7215470020841,9.898843886817963e+33
737.6154368158617,9.976608248043643e+33
737.509357149969,9.803918881413145e+33
737.4033079912397,9.821567986434194e+33
737.2972893265159,9.759538750791585e+33
737.1913011426466,9.792146362420996e+33
737.0853434264886,9.774610240929496e+33
736.9794161649065,9.644606957504352e+33
736.873519344772,9.677102486238327e+33
736.7676529529648,9.570496128406439e+33
736.6618169763717,9.594785653091452e+33
736.5560114018871,9.519190260395835e+33
736.4502362164133,9.53534999551278e+33
736.3444914068599,9.479754154030816e+33
736.2387769601437,9.553183012119393e+33
736.1330928631896,9.468350521953687e+33
736.0274391029297,9.454681909541577e+33
735.9218156663036,9.371008564543663e+33
735.8162225402584,9.416837228922173e+33
735.7106597117487,9.37832390472624e+33
735.6051271677363,9.368544691002988e+33
735.4996248951913,9.425210009021768e+33
735.3941528810905,9.397462659221944e+33
735.2887111124184,9.383468501571306e+33
735.1832995761669,9.31564937059546e+33
735.0779182593355,9.305374389297152e+33
734.9725671489313,9.295607953117236e+33
734.8672462319682,9.199394834206066e+33
734.7619554954684,9.167203441182167e+33
734.656694926461,9.223553997529641e+33
734.5514645119824,9.182286340757908e+33
734.446264239077,9.259319703334287e+33
734.3410940947961,9.137312787981124e+33
734.2359540661987,9.139791230447716e+33
734.1308441403511,9.1724362123742e+33
734.0257643043271,9.083585432684311e+33
733.9207145452077,9.163548017142242e+33
733.8156948500815,9.089255580152956e+33
733.7107052060444,9.008514478737027e+33
733.6057456001996,9.064360642455209e+33
733.5008160196578,9.036953398044251e+33
733.3959164515372,8.94502975195149e+33
733.2910468829631,8.985386907568534e+33
733.1862073010683,8.952888756107115e+33
733.0813976929929,8.926820135082187e+33
732.9766180458844,8.93928609050056e+33
732.8718683468976,8.85792004830786e+33
732.7671485831947,8.838548982710359e+33
732.6624587419453,8.756099039616637e+33
732.5577988103262,8.762562304829636e+33
732.4531687755214,8.704653681712726e+33
732.3485686247227,8.741442964047615e+33
732.2439983451286,8.664666446479913e+33
732.1394579239454,8.752984120456969e+33
732.0349473483865,8.634822398068933e+33
731.9304666056726,8.604410345208928e+33
731.8260156830316,8.586097069167551e+33
731.721594567699,8.570252165915589e+33
731.6172032469171,8.597172562108612e+33
731.5128417079362,8.525230435430196e+33
731.4085099380131,8.491317033574302e+33
731.3042079244125,8.439795343039152e+33
731.1999356544057,8.435580409660951e+33
731.0956931152718,8.423691346334417e+33
730.9914802942972,8.396224349904242e+33
730.887297178775,8.328885970406508e+33
730.7831437560061,8.296296757385299e+33
730.6790200132984,8.278120793664992e+33
730.5749259379669,7.976848674038626e+33
730.470861517334,7.54729617689628e+33
730.3668267387296,7.166253232799302e+33
730.2628215894902,6.75585163017751e+33
730.1588460569598,6.66877706186274e+33
730.0549001284897,6.6949979725121e+33
729.9509837914384,6.627528851288352e+33
729.8470970331716,6.623734366322627e+33
729.743239841062,6.613960414427343e+33
729.6394122024897,6.60408562151049e+33
729.5356141048416,6.530834693747268e+33
729.4318455355124,6.510925502673419e+33
729.3281064819035,6.507948790290239e+33
729.2243969314237,6.49305983302904e+33
729.1207168714889,6.428327773384167e+33
729.0170662895218,6.465295213923127e+33
728.913445172953,6.407876095693381e+33
728.8098535092195,6.420269784722712e+33
728.7062912857659,6.356038389824579e+33
728.6027584900437,6.382447250238069e+33
728.4992551095118,6.363357124188965e+33
728.3957811316358,6.346964995663634e+33
728.2923365438887,6.304432567836261e+33
728.1889213337508,6.309518637374577e+33
728.0855354887092,6.280271330098116e+33
727.9821789962582,6.233816128427855e+33
727.878851843899,6.195547219136963e+33
727.7755540191406,6.187285999526156e+33
727.672285509498,6.114937745349246e+33
727.5690463024941,6.130131977973258e+33
727.4658363856588,6.082699986609597e+33
727.3626557465287,6.04447320768666e+33
727.2595043726478,6.049100504999922e+33
727.156382251567,6.002826027185153e+33
727.0532893708445,5.962210261488531e+33
726.9502257180451,5.948398931106967e+33
726.8471912807411,5.916153280645211e+33
726.7441860465116,5.886515861861294e+33
726.6412100029429,5.847713148619381e+33
726.5382631376282,5.818499149107271e+33
726.4353454381677,5.803577087464687e+33
726.3324568921687,5.778080489729514e+33
726.2295974872457,5.754701519250532e+33
726.1267672110197,5.718664600048422e+33
726.0239660511195,5.730227662503564e+33
725.9211939951799,5.703030917457308e+33
725.8184510308438,5.642056812047053e+33
725.71573714576,5.65426375726547e+33
725.6130523275853,5.63681133489101e+33
725.5103965639828,5.615483615902234e+33
725.4077698426229,5.568254946909253e+33
725.3051721511827,5.609322154650548e+33
725.2026034773465,5.548010115018602e+33
725.1000638088057,5.523455234542811e+33
724.9975531332582,5.50889171540265e+33
724.8950714384093,5.477024528814574e+33
724.792618711971,5.464805774095162e+33
724.6901949416625,5.425661527187349e+33
724.5878001152096,5.409333916267214e+33
724.485434220345,5.38661395591685e+33
724.3830972448089,5.383391258568484e+33
724.280789176348,5.325887112882628e+33
724.1785100027157,5.305090028259831e+33
724.076259711673,5.318532861298024e+33
723.974038290987,5.275327095189657e+33
723.8718457284323,5.302394257879042e+33
723.7696820117902,5.243696995799246e+33
723.667547128849,5.201068255063314e+33
723.5654410674039,5.223973346187886e+33
723.4633638152565,5.263939378300089e+33
723.3613153602159,5.207395411488961e+33
723.2592956900979,5.228534517332659e+33
723.1573047927251,5.236696348838676e+33
723.0553426559269,5.207230205588376e+33
722.9534092675399,5.251455451710544e+33
722.8515046154068,5.279621451824338e+33
722.7496286873783,5.256977221101538e+33
722.6477814713109,5.223959096091725e+33
722.5459629550686,5.270246754311813e+33
722.4441731265217,5.215320496542298e+33
722.3424119735479,5.2130600103605e+33
722.2406794840313,5.130313507555201e+33
722.1389756458632,5.1703443385621994e+33
722.0373004469412,5.1410396324013814e+33
721.9356538751701,5.066460223269168e+33
721.8340359184616,5.0648108495903895e+33
721.7324465647341,5.038028825261942e+33
721.6308858019124,5.0060513960338846e+33
721.5293536179287,4.99571726956668e+33
721.4278500007214,4.9569327016426165e+33
721.3263749382364,4.954770513106585e+33
721.224928418426,4.938930318286561e+33
721.1235104292489,4.946171825886923e+33
721.022120958671,4.920589422480452e+33
720.9207599946652,4.9044677557088516e+33
720.8194275252107,4.915836340115971e+33
720.7181235382935,4.8891119506712583e+33
720.6168480219069,4.898586983744358e+33
720.51560096405,4.8521470568505296e+33
720.4143823527294,4.8945327653481225e+33
720.3131921759581,4.8221973557873876e+33
720.2120304217563,4.857372439254906e+33
720.1108970781501,4.891939205659094e+33
720.009792133173,4.857700519223671e+33
719.9087155748653,4.8378072995136873e+33
719.8076673912732,4.8504470528898895e+33
719.7066475704503,4.8576087771332294e+33
719.605656100457,4.837258991013711e+33
719.5046929693599,4.843397476344215e+33
719.4037581652327,4.843317850177097e+33
719.3028516761555,4.786761244573903e+33
719.2019734902152,4.832339324796015e+33
719.1011235955057,4.7887162470666306e+33
719.0003019801268,4.7865133050867285e+33
718.8995086321859,4.7740663332591554e+33
718.7987435397963,4.737751990465592e+33
718.6980066910785,4.709432755124413e+33
718.5972980741592,4.7072080271948264e+33
718.4966176771723,4.704830970826542e+33
718.3959654882578,4.6977280110150847e+33
718.2953414955628,4.720708241861849e+33
718.1947456872406,4.6578923769595317e+33
718.0941780514515,4.6408433456723685e+33
717.9936385763623,4.654138011737692e+33
717.8931272501463,4.630971610640313e+33
717.7926440609837,4.606802476299756e+33
717.6921889970611,4.6142780305392976e+33
717.5917620465718,4.5615930482119074e+33
717.4913631977155,4.581700886526876e+33
717.390992438699,4.5262209957547944e+33
717.2906497577351,4.56707665361622e+33
717.1903351430436,4.5125534556875526e+33
717.0900485828507,4.5159660893935895e+33
716.9897900653895,4.503073361101532e+33
716.8895595788991,4.4874198565158205e+33
716.7893571116257,4.4571778713550694e+33
716.6891826518216,4.4446223830019233e+33
716.5890361877464,4.4420085722625046e+33
716.4889177076653,4.4395477143793747e+33
716.388827199851,4.4127884786509377e+33
716.288764652582,4.3789064761867104e+33
716.188730054144,4.356063619907161e+33
716.0887233928285,4.3460328429933914e+33
715.988744656934,4.3421968324905636e+33
715.8887938347657,4.327219334845834e+33
715.788870914635,4.3454981560708485e+33
715.6889758848599,4.32399522973527e+33
715.5891087337651,4.332389421153368e+33
715.4892694496815,4.2852364630112224e+33
715.3894580209466,4.287005335179971e+33
715.2896744359047,4.3084867455119195e+33
715.1899186829063,4.2692259598836303e+33
715.0901907503084,4.315804686045243e+33
714.9904906264748,4.247075879771382e+33
714.8908182997752,4.2719019640066e+33
714.7911737585864,4.222569153790604e+33
714.6915569912916,4.25658852236271e+33
714.5919679862799,4.217176731848071e+33
714.4924067319475,4.171559180745715e+33
714.3928732166969,4.18946172675441e+33
714.2933674289367,4.183470413103361e+33
714.1938893570828,4.173915588344777e+33
714.0944389895564,4.1662383350192484e+33
713.9950163147862,4.132778563690326e+33
713.8956213212067,4.1656863001652036e+33
713.7962539972591,4.119746153639311e+33
713.6969143313909,4.1133962823891066e+33
713.5976023120562,4.014624966094325e+33
713.4983179277154,4.002481454928091e+33
713.3990611668356,3.976408446376816e+33
713.2998320178896,3.9115144714604107e+33
713.2006304693573,3.885569226581179e+33
713.1014565097249,3.833109949987385e+33
713.0023101274849,3.835431316050738e+33
712.903191311136,3.842072589138506e+33
712.8041000491836,3.8470865607195917e+33
712.7050363301393,3.851339378842695e+33
712.6060001425212,3.881518849885469e+33
712.5069914748539,3.8899087037858743e+33
712.408010315668,3.9116513552468996e+33
712.3090566535008,3.9125480022784e+33
712.2101304768959,3.912764037849427e+33
712.1112317744032,3.9124070353046177e+33
712.0123605345789,3.925391098670109e+33
711.9135167459857,3.840622076662312e+33
711.8147003971926,3.885918927080073e+33
711.7159114767749,3.9005147177644227e+33
711.6171499733143,3.8781603234771666e+33
711.518415875399,3.890423433352085e+33
711.419709171623,3.904265575159741e+33
711.321029850587,3.9078536753193513e+33
711.2223779008982,3.923213645066824e+33
711.12375331117,3.88288226404314e+33
711.0251560700218,3.8418951055647244e+33
710.9265861660796,3.807463410903263e+33
710.8280435879757,3.793945963009775e+33
710.7295283243485,3.781883437238444e+33
710.6310403638431,3.7338969312259264e+33
710.5325796951105,3.752051197520677e+33
710.4341463068082,3.741062271093593e+33
710.3357401875996,3.7421481401436677e+33
710.2373613261552,3.7607355731973494e+33
710.1390097111511,3.7574622374663116e+33
710.0406853312696,3.767829872517397e+33
709.9423881751997,3.74575268720386e+33
709.8441182316365,3.769906489320535e+33
709.7458754892812,3.739266806581683e+33
709.6476599368414,3.729657544383931e+33
709.549471563031,3.7244225469963567e+33
709.4513103565703,3.7210679272852957e+33
709.3531763061852,3.7190876985532e+33
709.2550694006086,3.6841334785730454e+33
709.156989628579,3.672955561716953e+33
709.0589369788416,3.6892013695972535e+33
708.9609114401478,3.68326627356466e+33
708.8629130012548,3.6473077169147826e+33
708.7649416509262,3.6300920785038493e+33
708.6669973779321,3.6516026856742724e+33
708.5690801710485,3.6546541358052464e+33
708.4711900190579,3.6286336050281806e+33
708.3733269107486,3.6067789995106065e+33
708.2754908349152,3.618116122348195e+33
708.1776817803586,3.632795040568748e+33
708.0798997358862,3.588616030376763e+33
707.982144690311,3.6053521261069113e+33
707.8844166324523,3.5725388808982975e+33
707.7867155511359,3.578737841626333e+33
707.6890414351934,3.572277235590128e+33
707.5913942734628,3.587421062654254e+33
707.4937740547883,3.525026112993149e+33
707.3961807680201,3.4584630930455914e+33
707.2986144020144,3.4410657785626217e+33
707.2010749456339,3.4630888098363195e+33
707.1035623877473,3.44011947104606e+33
707.0060767172295,3.4320259152576936e+33
706.9086179229611,3.391452450373582e+33
706.8111859938296,3.4376709860270667e+33
706.7137809187279,3.4093249505315844e+33
706.6164026865556,3.3992586111182654e+33
706.519051286218,3.408464286523109e+33
706.4217267066267,3.4025214146879986e+33
706.3244289366993,3.401626467003006e+33
706.2271579653597,3.3617920555148766e+33
706.1299137815377,3.401563620157914e+33
706.0326963741691,3.394327858951238e+33
705.9355057321964,3.376631484666451e+33
705.8383418445674,3.366511222891776e+33
705.7412047002364,3.3494257970247795e+33
705.644094288164,3.370104827598448e+33
705.5470105973161,3.3107785163453386e+33
705.4499536166657,3.310633764438137e+33
705.3529233351908,3.3025416760454993e+33
705.2559197418764,3.34266221971012e+33
705.158942825713,3.30137852233527e+33
705.0619925756972,3.2729925798603536e+33
704.965068980832,3.238130977684989e+33
704.8681720301261,3.2489937201650274e+33
704.7713017125943,3.239813354746506e+33
704.6744580172575,3.204593955884689e+33
704.5776409331427,3.152661061423318e+33
704.4808504492827,3.18425884979957e+33
704.3840865547166,3.1605249639366924e+33
704.2873492384894,3.1906819874088994e+33
704.190638489652,3.21024889106225e+33
704.0939542972615,3.177154186475132e+33
703.9972966503809,3.199374114609583e+33
703.9006655380792,3.1858507786587423e+33
703.8040609494317,3.209968909052586e+33
703.7074828735192,3.209718708002373e+33
703.6109312994287,3.217406871459606e+33
703.5144062162533,3.199763263088906e+33
703.417907613092,3.1585754318847585e+33
703.3214354790498,3.168174015097877e+33
703.2249898032377,3.1512968125988045e+33
703.1285705747724,3.1270385621768954e+33
703.0321777827772,3.127836716330286e+33
702.9358114163805,3.105714977774831e+33
702.8394714647175,3.0876784591269844e+33
702.7431579169287,3.050127780069406e+33
702.646870762161,3.0627258634259184e+33
702.5506099895672,3.0604159735828795e+33
702.4543755883055,3.069353953736636e+33
702.3581675475409,3.0889957215702786e+33
702.2619858564436,3.077273381795633e+33
702.1658305041902,3.0708650506536007e+33
702.069701479963,3.090331983215267e+33
701.9735987729503,3.065371161222592e+33
701.8775223723461,3.0754759922004297e+33
701.7814722673508,3.053371661698761e+33
701.6854484471701,3.0316750356597286e+33
701.5894509010163,3.054311074170387e+33
701.4934796181069,3.0515848982790783e+33
701.397534587666,3.042160601005587e+33
701.3016157989227,3.04112905257204e+33
701.2057232411131,3.034208724992098e+33
701.1098569034782,3.015474187881419e+33
701.0140167752654,3.007006224994569e+33
700.9182028457278,2.995177134917441e+33
700.8224151041247,2.980919841292244e+33
700.7266535397207,2.989773326424332e+33
700.6309181417867,2.985893628044199e+33
700.5352088995993,2.9671719249013566e+33
700.439525802441,2.943217172492369e+33
700.3438688396002,2.960900764075207e+33
700.2482380003711,2.920116511894481e+33
700.1526332740538,2.945581345468626e+33
700.057054649954,2.934406946956335e+33
699.9615021173836,2.937452318524132e+33
699.86597566566,2.915048757249223e+33
699.7704752841069,2.918123970478502e+33
699.6750009620532,2.892808739872234e+33
699.579552688834,2.889915339622727e+33
699.4841304537904,2.879433102143489e+33
699.3887342462689,2.880992193451746e+33
699.2933640556219,2.875916729674796e+33
699.1980198712077,2.834491996667937e+33
699.1027016823907,2.859205420347271e+33
699.0074094785406,2.8473235360916674e+33
698.912143249033,2.846371628682738e+33
698.8169029832494,2.862354338557288e+33
698.7216886705772,2.8444268278487075e+33
698.6265003004095,2.854179755803389e+33
698.5313378621449,2.8476794580473026e+33
698.4362013451881,2.8634944049682243e+33
698.3410907389497,2.853146241522605e+33
698.2460060328455,2.853977648714111e+33
698.1509472162976,2.8256562743093466e+33
698.0559142787338,2.846819787677151e+33
697.9609072095872,2.81644834589733e+33
697.8659259982973,2.80790992593668e+33
697.7709706343087,2.780188248304127e+33
697.6760411070724,2.8189561830757185e+33
697.5811374060446,2.804508098140019e+33
697.4862595206876,2.778843717669747e+33
697.391407440469,2.75481828914851e+33
697.2965811548627,2.760368881411434e+33
697.2017806533478,2.73950026833404e+33
697.1070059254097,2.754976183845506e+33
697.0122569605387,2.7194762864600194e+33
696.9175337482316,2.7651989412426935e+33
696.8228362779906,2.737346973323519e+33
696.7281645393234,2.74083260254445e+33
696.6335185217437,2.7277967814836424e+33
696.5388982147708,2.6765185458282973e+33
696.4443036079298,2.6748312545910315e+33
696.3497346907511,2.678860863007487e+33
696.2551914527713,2.6637501215960936e+33
696.1606738835324,2.685164070527145e+33
696.066181972582,2.642380319943536e+33
695.9717157094735,2.6488281245010216e+33
695.8772750837663,2.626049998995135e+33
695.7828600850247,2.626749282814025e+33
695.6884707028192,2.6462043201187583e+33
695.5941069267261,2.6005346544403645e+33
695.4997687463269,2.6148470959618505e+33
695.405456151209,2.5844415567640333e+33
695.3111691309654,2.56213309089213e+33
695.2169076751946,2.5724186145389678e+33
695.1226717735012,2.557126492097683e+33
695.0284614154949,2.5550015436563268e+33
694.9342765907915,2.568550262526811e+33
694.8401172890118,2.5580499551495287e+33
694.7459834997829,2.5196891460097652e+33
694.6518752127372,2.5175805184136817e+33
694.5577924175127,2.5220190254119735e+33
694.4637351037529,2.5268559300182646e+33
694.3697032611072,2.4812573345878185e+33
694.2756968792307,2.4901776721869737e+33
694.1817159477838,2.4740670612459696e+33
694.0877604564321,2.461900564978513e+33
693.9938303948478,2.445632112152845e+33
693.899925752708,2.4408669679977097e+33
693.8060465196954,2.440620381465548e+33
693.7121926854987,2.4287006891968194e+33
693.6183642398116,2.416016103158963e+33
693.524561172334,2.398281243051808e+33
693.4307834727707,2.4057879059382115e+33
693.3370311308328,2.42408969666494e+33
693.2433041362361,2.4067042885281317e+33
693.1496024787031,2.3902444545319497e+33
693.0559261479605,2.4106559567300596e+33
692.9622751337417,2.3963280013428952e+33
692.8686494257852,2.3552413271375578e+33
692.7750490138347,2.3760476457410737e+33
692.6814738876402,2.369478283006598e+33
692.5879240369565,2.330237414219935e+33
692.4943994515445,2.3309283712822588e+33
692.4009001211701,2.3606485874222035e+33
692.3074260356053,2.311139250802814e+33
692.2139771846273,2.3168274655350637e+33
692.1205535580187,2.326629741041162e+33
692.0271551455679,2.302486571514212e+33
691.9337819370686,2.2972353255887237e+33
691.8404339223201,2.2859771694293212e+33
691.7471110911274,2.2960336642997997e+33
691.6538134333003,2.3048362573940968e+33
691.5605409386552,2.2698927247186914e+33
691.4672935970129,2.2823849618807143e+33
691.3740713982003,2.2659726223874286e+33
691.2808743320498,2.287466159144061e+33
691.1877023883992,2.2290483154790205e+33
691.0945555570913,2.254150725818963e+33
691.0014338279752,2.2359006743404607e+33
690.908337190905,2.22972197173422e+33
690.81526563574,2.2425296813863366e+33
690.7222191523458,2.2194817886961347e+33
690.6291977305924,2.2276287034356686e+33
690.5362013603564,2.2194420629340966e+33
690.4432300315187,2.1943694195313025e+33
690.3502837339666,2.200597666641006e+33
690.2573624575923,2.205773071300404e+33
690.1644661922937,2.1898609351324855e+33
690.0715949279737,2.2240888106880947e+33
689.9787486545414,2.2202527483194677e+33
689.8859273619107,2.2051808398834746e+33
689.7931310400012,2.217847999422954e+33
689.7003596787376,2.2069466483252553e+33
689.6076132680505,2.2113192488036747e+33
689.5148917978756,2.2088668490176405e+33
689.4221952581541,2.201799674944067e+33
689.3295236388327,2.1635231346930223e+33
689.2368769298632,2.1795343137743553e+33
689.1442551212033,2.1739912538780652e+33
689.0516582028155,2.1366839092019326e+33
688.9590861646682,2.1687468611558598e+33
688.8665389967348,2.160091145009103e+33
688.7740166889945,2.140725401085791e+33
688.6815192314315,2.1093449313164952e+33
688.5890466140355,2.1180528085095588e+33
688.4965988268019,2.1218069949442247e+33
688.4041758597308,2.1305298089846287e+33
688.3117777028283,2.0935988771521878e+33
688.2194043461055,2.1012291629513992e+33
688.1270557795792,2.0845783061350909e+33
688.0347319932711,2.0676655943049918e+33
687.9424329772086,2.0830391512105162e+33
687.8501587214241,2.0571720413493973e+33
687.757909215956,2.0501710657394617e+33
687.6656844508474,2.0507504566954493e+33
687.573484416147,2.025835543804531e+33
687.4813091019088,2.0271938799042004e+33
687.3891584981923,2.0394055459137764e+33
687.2970325950618,2.0364316307440514e+33
687.2049313825877,2.0259071782517072e+33
687.1128548508451,2.008367957460539e+33
687.0208029899146,2.034278120340086e+33
686.9287757898823,1.9975860800899972e+33
686.8367732408394,1.992120922116625e+33
686.7447953328824,1.959641777128962e+33
686.6528420561133,1.9637329141534493e+33
686.5609134006392,1.9770703101885712e+33
686.4690093565727,1.948746895581329e+33
686.3771299140313,1.9409584941037323e+33
686.2852750631383,1.925038792125006e+33
686.1934447940218,1.9295638335711943e+33
686.1016390968158,1.8960473926903174e+33
686.009857961659,1.9058036723340355e+33
685.9181013786954,1.8835414359160306e+33
685.8263693380746,1.883457170255257e+33
685.7346618299515,1.8493628139652078e+33
685.6429788444858,1.8612111122262465e+33
685.5513203718431,1.8518929343776597e+33
685.4596864021935,1.8495681949618164e+33
685.368076925713,1.855495084623758e+33
685.2764919325825,1.8307753091547531e+33
685.1849314129884,1.827993084472092e+33
685.0933953571222,1.8302649259392678e+33
685.0018837551803,1.8233752779967894e+33
684.9103965973652,1.816897272942258e+33
684.8189338738838,1.8009145746037943e+33
684.7274955749486,1.7944949636407123e+33
684.6360816907774,1.8153780491385607e+33
684.5446922115927,1.8068277550844386e+33
684.4533271276232,1.8091325438284964e+33
684.3619864291018,1.8148484573746477e+33
684.2706701062673,1.8189589985649808e+33
684.1793781493632,1.788021541279024e+33
684.0881105486386,1.7846252092362467e+33
683.9968672943479,1.782337498287974e+33
683.9056483767499,1.7676468125439993e+33
683.8144537861097,1.7670216763520112e+33
683.7232835126969,1.7484293223465286e+33
683.6321375467861,1.7331167173076022e+33
683.5410158786578,1.7226549469247117e+33
683.4499184985972,1.7259839900510372e+33
683.3588453968948,1.698488270665652e+33
683.2677965638463,1.7023464093952542e+33
683.1767719897524,1.6926840569744473e+33
683.0857716649192,1.6862104775688717e+33
682.9947955796578,1.682084073145182e+33
682.9038437242843,1.6714270604981893e+33
682.8129160891208,1.6780172285477245e+33
682.7220126644934,1.7021714531424461e+33
682.631133440734,1.6872309760666197e+33
682.5402784081797,1.7016890432128896e+33
682.4494475571722,1.6581800185757557e+33
682.3586408780591,1.6825023408020773e+33
682.2678583611927,1.6579624322250038e+33
682.1770999969302,1.6602232342386516e+33
682.0863657756346,1.6518627123908932e+33
681.9956556876732,1.6532530644595965e+33
681.9049697234193,1.6636623252625185e+33
681.8143078732508,1.6417255463213282e+33
681.7236701275505,1.638035682987534e+33
681.6330564767069,1.6580228632302944e+33
681.5424669111133,1.6092211846050336e+33
681.4519014211679,1.6194251866964742e+33
681.3613599972746,1.6259259206335716e+33
681.2708426298417,1.615149746164594e+33
681.1803493092831,1.6129468931143164e+33
681.0898800260177,1.6284996770267232e+33
680.9994347704692,1.6216784986568435e+33
680.9090135330666,1.621201435514845e+33
680.8186163042443,1.5895324195259942e+33
680.7282430744411,1.618112988145617e+33
680.6378938341013,1.5922695390298848e+33
680.5475685736743,1.613204582211898e+33
680.4572672836146,1.617266097238307e+33
680.3669899543814,1.6115855300495016e+33
680.2767365764394,1.6102314830021214e+33
680.1865071402578,1.600084998293842e+33
680.0963016363116,1.6131283990805328e+33
680.0061200550805,1.607882785219841e+33
679.915962387049,1.5996010187760622e+33
679.8258286227068,1.6150606879225522e+33
679.735718752549,1.5913492970694454e+33
679.6456327670752,1.6154634714110855e+33
679.5555706567906,1.6149575844218376e+33
679.4655324122047,1.616060890761262e+33
679.3755180238326,1.6103158598160453e+33
679.2855274821942,1.6200236591576556e+33
679.1955607778148,1.6054923882586414e+33
679.105617901224,1.5981445832649973e+33
679.0156988429574,1.6041018895968263e+33
678.9258035935543,1.5731830037644868e+33
678.8359321435603,1.554260961954508e+33
678.7460844835251,1.5690862743947492e+33
678.6562606040042,1.5630083731534773e+33
678.5664604955571,1.5452159813769362e+33
678.4766841487492,1.5419087553836167e+33
678.3869315541506,1.5668731886569084e+33
678.297202702336,1.5447066740452256e+33
678.2074975838858,1.5297616869802125e+33
678.1178161893847,1.5303343859011088e+33
678.0281585094228,1.5139639019117957e+33
677.9385245345952,1.494368036615842e+33
677.8489142555015,1.5014243473793243e+33
677.759327662747,1.5101638640896073e+33
677.6697647469412,1.4906912087804422e+33
677.5802254986991,1.503929660124816e+33
677.4907099086404,1.4866222112659033e+33
677.4012179673899,1.4893388934769e+33
677.3117496655774,1.4856476058824718e+33
677.2223049938374,1.481247688387993e+33
677.1328839428094,1.4721381965046648e+33
677.0434865031381,1.4738667262014973e+33
676.954112665473,1.4715415356357945e+33
676.8647624204684,1.452538006405411e+33
676.7754357587837,1.473761641128904e+33
676.6861326710831,1.466552772189212e+33
676.596853148036,1.458095324427526e+33
676.5075971803163,1.445157167547569e+33
676.4183647586033,1.4639076183522902e+33
676.3291558735806,1.4389564660058593e+33
676.2399705159373,1.4364808730286882e+33
676.1508086763672,1.44825198028449e+33
676.0616703455689,1.433641995105034e+33
675.9725555142461,1.4307932119391983e+33
675.8834641731073,1.4159153895817184e+33
675.7943963128658,1.430104075878682e+33
675.70535192424,1.4170187633809524e+33
675.6163309979529,1.411832979487101e+33
675.5273335247327,1.4294489898761874e+33
675.4383594953125,1.4097704526521498e+33
675.3494089004299,1.4133772143391105e+33
675.2604817308277,1.3934563135557075e+33
675.1715779772536,1.4009767060784408e+33
675.0826976304597,1.3960487559650167e+33
674.9938406812038,1.403641834028168e+33
674.9050071202478,1.398917382732729e+33
674.816196938359,1.3903069469204934e+33
674.727410126309,1.3876672914158153e+33
674.6386466748747,1.3910138833043326e+33
674.5499065748379,1.3843350348940518e+33
674.4611898169849,1.3878642240200187e+33
674.3724963921071,1.388895795338655e+33
674.2838262910008,1.3941293236872425e+33
674.1951795044665,1.3785941250574746e+33
674.1065560233105,1.3770661377407414e+33
674.0179558383436,1.3545823851835526e+33
673.9293789403808,1.3387860463163772e+33
673.8408253202429,1.3309912350284392e+33
673.7522949687548,1.3280598219728886e+33
673.6637878767466,1.316348218709436e+33
673.5753040350528,1.3183984090749718e+33
673.4868434345135,1.2957301159148545e+33
673.3984060659728,1.2990330061047763e+33
673.3099919202801,1.2864196845158909e+33
673.2216009882893,1.283275021715145e+33
673.1332332608594,1.2615493626565627e+33
673.0448887288537,1.2503574790699775e+33
672.9565673831412,1.2617536696920592e+33
672.8682692145946,1.2460767242022386e+33
672.7799942140921,1.230893553623187e+33
672.6917423725165,1.2381652075311519e+33
672.6035136807554,1.219403681995856e+33
672.5153081297012,1.2122905335756157e+33
672.4271257102512,1.209248555319029e+33
672.3389664133069,1.1960593074616949e+33
672.2508302297754,1.1795132995163688e+33
672.1627171505678,1.1812703942963915e+33
672.0746271666005,1.1870492532132547e+33
671.9865602687946,1.1772306424648809e+33
671.8985164480757,1.1843237933231324e+33
671.8104956953742,1.1840910434432694e+33
671.7224980016256,1.1703551846759794e+33
671.6345233577697,1.1785917877472908e+33
671.5465717547513,1.1856300332786363e+33
671.4586431835197,1.183511971868109e+33
671.3707376350294,1.1791045264030871e+33
671.2828551002393,1.1689907375954135e+33
671.1949955701131,1.1640546911771153e+33
671.107159035619,1.1592462023577963e+33
671.0193454877304,1.1455607709451895e+33
670.9315549174252,1.143331263360591e+33
670.8437873156856,1.1382954078812038e+33
670.7560426734995,1.1412858328308674e+33
670.6683209818585,1.1233687245632688e+33
670.5806222317594,1.1328840706929328e+33
670.4929464142037,1.1329815590137424e+33
670.4052935201977,1.1280926593380345e+33
670.317663540752,1.1057820965763715e+33
670.2300564668823,1.0987652491274431e+33
670.1424722896088,1.0989079195171067e+33
670.0549109999564,1.0992944908034617e+33
669.9673725889548,1.0939084939906526e+33
669.8798570476386,1.0812527263212433e+33
669.7923643670462,1.0721633693595455e+33
669.7048945382218,1.0641069152253367e+33
669.6174475522134,1.0586735738408285e+33
669.5300234000742,1.0500185013944304e+33
669.4426220728622,1.0418411255077664e+33
669.3552435616392,1.0354808524552061e+33
669.2678878574727,1.0250674572255044e+33
669.1805549514343,1.0268806773976152e+33
669.0932448346002,1.0311978640156262e+33
669.0059574980515,1.0205745181065886e+33
668.918692932874,1.0178701129214104e+33
668.8314511301579,1.0240585651486002e+33
668.7442320809982,1.0211073995610368e+33
668.6570357764948,1.0117563238407046e+33
668.5698622077515,1.0098892055063384e+33
668.4827113658773,1.004868371785433e+33
668.395583241986,1.004321952512954e+33
668.3084778271955,9.938566265186044e+32
668.2213951126287,9.734378669781542e+32
668.1343350894131,9.734769518294181e+32
668.0472977486806,9.604495673327024e+32
667.960283081568,9.682812055508813e+32
667.8732910792165,9.644755151414733e+32
667.786321732772,9.677333123227562e+32
667.699375033385,9.621779688649968e+32
667.6124509722107,9.624934828118508e+32
667.5255495404086,9.650576502635415e+32
667.4386707291434,9.700428048190053e+32
667.3518145295837,9.583871349263831e+32
667.2649809329032,9.601890091353831e+32
667.17816993028,9.603119045644224e+32
667.0913815128965,9.669549243149504e+32
667.0046156719404,9.609915032166293e+32
666.9178723986035,9.464303422322939e+32
666.8311516840821,9.514415187774576e+32
666.7444535195773,9.494792679235362e+32
666.6577778962948,9.502269124739298e+32
666.5711248054446,9.37645454363118e+32
666.4844942382416,9.44829750892521e+32
666.3978861859051,9.366098575843339e+32
666.3113006396588,9.324557050738948e+32
666.2247375907315,9.109332735989139e+32
666.138197030356,9.06690286571091e+32
666.0516789497698,8.92589452510243e+32
665.9651833402149,8.83083767236129e+32
665.8787101929383,8.818055902011063e+32
665.7922594991911,8.598357943791043e+32
665.7058312502289,8.593041027145999e+32
665.619425437312,8.532203378403515e+32
665.5330420517053,8.432036596238353e+32
665.4466810846782,8.33244332923089e+32
665.3603425275044,8.212011080270322e+32
665.2740263714625,8.197213795085923e+32
665.1877326078352,8.115996221504678e+32
665.1014612279104,8.168174004994469e+32
665.0152122229797,8.09560916725966e+32
664.9289855843396,8.094586370866376e+32
664.8427813032913,7.983664519298243e+32
664.7565993711403,7.951581309417346e+32
664.6704397791965,7.999289805922377e+32
664.5843025187745,7.94398556532635e+32
664.4981875811933,7.908268291030263e+32
664.4120949577766,7.85743057071563e+32
664.3260246398523,7.819793944660936e+32
664.2399766187528,7.86492873574168e+32
664.1539508858153,7.773753498030466e+32
664.0679474323813,7.738056217319024e+32
663.9819662497966,7.721912593731986e+32
663.8960073294119,7.763316607256149e+32
663.810070662582,7.524897898818392e+32
663.7241562406664,7.304629275016954e+32
663.6382640550289,7.069422907176834e+32
663.552394097038,6.832702349433961e+32
663.4665463580662,6.589980815905939e+32
663.3807208294912,6.3852969216977754e+32
663.2949175026947,6.382720492237242e+32
663.2091363690625,6.347206240367602e+32
663.123377419986,6.2863239590156065e+32
663.0376406468595,6.2444945856506645e+32
662.9519260410831,6.2178108124623484e+32
662.8662335940608,6.197802544988208e+32
662.7805632972008,6.109069489949381e+32
662.6949151419162,6.05968138888115e+32
662.6092891196242,6.025816853844881e+32
662.5236852217466,6.0526549780420406e+32
662.4381034397098,5.975754991371445e+32
662.3525437649444,5.927598453277901e+32
662.2670061888851,5.874437950196821e+32
662.1814907029718,5.840626531892013e+32
662.0959972986484,5.855797139070892e+32
662.0105259673629,5.8129008918649295e+32
661.9250767005682,5.760404603835286e+32
661.8396494897216,5.730159812432373e+32
661.7542443262846,5.703279880731652e+32
661.6688612017231,5.802672150177889e+32
661.5835001075073,5.692286751444359e+32
661.4981610351124,5.716932144117168e+32
661.4128439760173,5.687741398642959e+32
661.3275489217054,5.698940708026753e+32
661.2422758636651,5.668004950331814e+32
661.1570247933885,5.611125578039273e+32
661.0717957023724,5.58349681526374e+32
660.9865885821176,5.6028264989011566e+32
660.9014034241301,5.571193329067824e+32
660.8162402199196,5.519815347497954e+32
660.7310989610004,5.482995981030941e+32
660.6459796388909,5.483980937001674e+32
660.5608822451144,5.430043911742028e+32
660.475806771198,5.41352367705999e+32
660.3907532086737,5.3713351203183755e+32
660.3057215490772,5.266781231880479e+32
660.2207117839494,5.233381073972242e+32
660.1357239048348,5.239260934283678e+32
660.0507579032828,5.170973105890336e+32
659.9658137708466,5.17874447697409e+32
659.8808914990844,5.121476908803846e+32
659.7959910795582,5.1000124048492465e+32
659.7111125038347,5.123205743721941e+32
659.6262557634844,5.115942599494352e+32
659.541420850083,5.082572046035148e+32
659.4566077552097,5.0817610701365334e+32
659.3718164704487,5.048963569323803e+32
659.2870469873878,5.0561403221302044e+32
659.20229929762,5.0091670590047155e+32
659.1175733927419,5.023300678645718e+32
659.0328692643545,4.984267196104649e+32
658.9481869040637,5.020293187746585e+32
658.8635263034791,5.012999792380192e+32
658.7788874542149,4.985228817519937e+32
658.6942703478893,4.9438460475200276e+32
658.6096749761255,4.9892873188743396e+32
658.52510133055,4.973462244306e+32
658.4405494027944,4.934912126939063e+32
658.3560191844944,4.901233943212878e+32
658.2715106672898,4.836838584872048e+32
658.1870238428249,4.8163339331928225e+32
658.1025587027482,4.7940890658586405e+32
658.0181152387125,4.732118158436617e+32
657.9336934423749,4.690044322075871e+32
657.8492933053966,4.669883104548946e+32
657.7649148194436,4.636093843749269e+32
657.6805579761854,4.6076652716558736e+32
657.5962227672965,4.364491369595227e+32
657.511909184455,4.1314249080757834e+32
657.4276172193441,3.86738415160649e+32
657.3433468636506,3.600938516910817e+32
657.2590981090656,3.330180921854778e+32
657.1748709472847,3.249487090924875e+32
657.0906653700079,3.2403245171619312e+32
657.0064813689387,3.215268451237421e+32
656.9223189357858,3.2058322937590516e+32
656.8381780622617,3.1740556672055192e+32
656.754058740083,3.1628003925988293e+32
656.6699609609708,3.1590099954131676e+32
656.5858847166504,3.1510557130633505e+32
656.5018299988512,3.1193147213175176e+32
656.4177967993069,3.1002938763870523e+32
656.3337851097555,3.0897145295806933e+32
656.2497949219392,3.0755466146595493e+32
656.1658262276043,3.038158371339522e+32
656.0818790185016,3.013372742701666e+32
655.9979532863858,2.997096835212244e+32
655.914049023016,2.9880001765995692e+32
655.8301662201557,2.948201138164509e+32
655.746304869572,2.923678575382548e+32
655.6624649630371,2.8926204926187153e+32
655.5786464923265,2.864831481452325e+32
655.4948494492205,2.835579649517128e+32
655.4110738255034,2.8215793070399434e+32
655.3273196129637,2.823659567205546e+32
655.2435868033942,2.796955278348338e+32
655.1598753885917,2.7830094847741603e+32
655.0761853603575,2.7652765439602208e+32
654.9925167104966,2.728412182071053e+32
654.9088694308188,2.711731986948208e+32
654.8252435131375,2.696201578291487e+32
654.7416389492706,2.6813564969227866e+32
654.6580557310403,2.6502790364324633e+32
654.5744938502726,2.6251725614803224e+32
654.4909532987981,2.6032012727479603e+32
654.4074340684512,2.5892242891591435e+32
654.3239361510704,2.5694206265292984e+32
654.2404595384988,2.532770857992423e+32
654.1570042225834,2.507128109283085e+32
654.0735701951755,2.4907632701723807e+32
653.9901574481304,2.4673854846924834e+32
653.9067659733075,2.4407575480728878e+32
653.8233957625706,2.3966561136277746e+32
653.7400468077874,2.3792373498459663e+32
653.6567191008298,2.3656803829253376e+32
653.5734126335741,2.355945701762467e+32
653.4901273979003,2.3353439809083398e+32
653.406863385693,2.3232760804901282e+32
653.3236205888406,2.312714137641164e+32
653.2403989992357,2.2708079806069512e+32
653.1571986087752,2.2404027567376495e+32
653.07401940936,2.231036497463106e+32
652.9908613928949,2.206495682268165e+32
652.9077245512891,2.1744911310122207e+32
652.8246088764563,2.147837958993331e+32
652.7415143603133,2.1405833652872087e+32
652.6584409947819,2.122831486360727e+32
652.5753887717879,2.1031268114603695e+32
652.4923576832606,2.093311146855682e+32
652.4093477211342,2.0697254277854317e+32
652.3263588773464,2.0510490306138084e+32
652.2433911438393,2.042512511424327e+32
652.160444512559,2.021927655010343e+32
652.0775189754557,2.0026105772476573e+32
651.994614524484,1.9916211782560962e+32
651.9117311516021,1.9824015277268632e+32
651.8288688487725,1.9889730080663398e+32
651.7460276079618,1.956870988897797e+32
651.6632074211406,1.9347093050947023e+32
651.5804082802838,1.9135376757121418e+32
651.4976301773703,1.912687187625042e+32
651.4148731043828,1.9029923010054055e+32
651.3321370533083,1.8822975936204816e+32
651.2494220161379,1.8921349518946848e+32
651.1667279848668,1.8884153054991167e+32
651.0840549514943,1.887642305650172e+32
651.0014029080234,1.896044469916644e+32
650.9187718464613,1.8851288071872883e+32
650.8361617588197,1.8854630326381097e+32
650.7535726371137,1.880308611594557e+32
650.6710044733632,1.873172228606053e+32
650.5884572595913,1.839721714613809e+32
650.5059309878258,1.8297444093582975e+32
650.4234256500982,1.8026605738127774e+32
650.3409412384443,1.7811814776269176e+32
650.2584777449036,1.7585463649827792e+32
650.1760351615201,1.7326803914077937e+32
650.0936134803412,1.7089299248247823e+32
650.011212693419,1.686048527010711e+32
649.9288327928092,1.6865202948957283e+32
649.8464737705717,1.6654923127940386e+32
649.7641356187704,1.6647682429204286e+32
649.6818183294732,1.6555976833234987e+32
649.5995218947519,1.668482685217261e+32
649.5172463066825,1.668759291055048e+32
649.4349915573451,1.665449412515143e+32
649.3527576388235,1.660561210424322e+32
649.2705445432057,1.662354066634833e+32
649.1883522625836,1.6650997626636286e+32
649.1061807890535,1.6739676535776053e+32
649.0240301147151,1.673371693352068e+32
648.9419002316722,1.68560365408241e+32
648.8597911320333,1.6760779987072086e+32
648.7777028079099,1.6750491911611716e+32
648.6956352514183,1.65483925573278e+32
648.6135884546782,1.645177939918652e+32
648.5315624098137,1.6417810953614396e+32
648.4495571089525,1.6243789441797115e+32
648.3675725442268,1.6209070126784438e+32
648.2856087077723,1.6110662838730392e+32
648.2036655917288,1.6068544083088476e+32
648.1217431882404,1.6022938086357634e+32
648.0398414894547,1.5943075875997522e+32
647.9579604875236,1.578637126683874e+32
647.8761001746026,1.5799792955880362e+32
647.7942605428516,1.5693831958498501e+32
647.7124415844341,1.5681044794056537e+32
647.630643291518,1.5588694537722183e+32
647.5488656562746,1.5548470408438775e+32
647.4671086708796,1.5458884973491087e+32
647.3853723275123,1.5363578177736394e+32
647.3036566183563,1.5359837375145765e+32
647.2219615355989,1.534881544873828e+32
647.1402870714313,1.5318304497423278e+32
647.0586332180491,1.5289616082644912e+32
646.9769999676512,1.5340871537533399e+32
646.8953873124408,1.5345997371182158e+32
646.8137952446249,1.532265373587981e+32
646.7322237564148,1.531523989176844e+32
646.6506728400251,1.5190654529777708e+32
646.5691424876748,1.5019487373912384e+32
646.4876326915867,1.4897373249766623e+32
646.4061434439873,1.4846636791538504e+32
646.3246747371074,1.475913884215317e+32
646.2432265631816,1.4607983772668492e+32
646.1617989144482,1.4610557383216368e+32
646.0803917831496,1.4555391780957536e+32
645.9990051615321,1.4505699458750646e+32
645.9176390418457,1.4473397163533702e+32
645.8362934163448,1.4349278436062272e+32
645.7549682772872,1.4318051049441559e+32
645.6736636169347,1.43414043518508e+32
645.5923794275533,1.4240502141573907e+32
645.5111157014123,1.4310341786602673e+32
645.4298724307857,1.4262736379472762e+32
645.3486496079507,1.424959115999524e+32
645.2674472251887,1.414849704985597e+32
645.1862652747848,1.4191671009642142e+32
645.1051037490283,1.4215626529239684e+32
645.0239626402122,1.4167564434412874e+32
644.942841940633,1.4143466684147771e+32
644.8617416425918,1.4167608127372305e+32
644.7806617383932,1.418624004296654e+32
644.6996022203455,1.4244931639118795e+32
644.6185630807611,1.424813633496841e+32
644.5375443119561,1.4319109164532986e+32
644.4565459062509,1.4236318646127474e+32
644.3755678559693,1.4281041983604874e+32
644.2946101534387,1.425264377817091e+32
644.2136727909913,1.4351418326290854e+32
644.1327557609624,1.4285748177219086e+32
644.0518590556911,1.4017543389844004e+32
643.9709826675211,1.4002549467373709e+32
643.8901265887989,1.3852355421029045e+32
643.8092908118757,1.3750331800647518e+32
643.7284753291062,1.3576741414390162e+32
643.6476801328489,1.344144909521118e+32
643.5669052154662,1.3323223341930266e+32
643.4861505693244,1.3194513794951004e+32
643.4054161867934,1.3112813775130265e+32
643.3247020602473,1.2934104017675887e+32
643.2440081820638,1.2845553710579416e+32
643.1633345446244,1.2778291746408339e+32
643.0826811403142,1.2749414359814972e+32
643.0020479615227,1.2620539167738438e+32
642.9214350006429,1.2658401388024536e+32
642.8408422500715,1.2602137686825736e+32
642.7602697022093,1.2603214074573244e+32
642.6797173494604,1.2508105563620032e+32
642.5991851842332,1.2500093497400426e+32
642.51867319894,1.2583325574455645e+32
642.4381813859961,1.2516699635707527e+32
642.3577097378217,1.247725290798626e+32
642.27725824684,1.2480440038190535e+32
642.1968269054784,1.2486947149615699e+32
642.1164157061676,1.2472112577375276e+32
642.0360246413427,1.2519844690176826e+32
641.9556537034422,1.2530287530189315e+32
641.8753028849086,1.2610554453943414e+32
641.794972178188,1.2607245720299807e+32
641.7146615757304,1.2629767078271661e+32
641.6343710699895,1.2643282944217814e+32
641.5541006534229,1.2658705857659033e+32
641.4738503184917,1.2742076510253383e+32
641.3936200576613,1.2774723912839858e+32
641.3134098634002,1.2796776403104223e+32
641.2332197281812,1.2865338781460048e+32
641.1530496444807,1.2915063934325537e+32
641.0728996047785,1.2926189817393877e+32
640.9927696015588,1.292825227041098e+32
640.9126596273094,1.3073257051927932e+32
640.8325696745211,1.309125194822853e+32
640.7524997356896,1.3066544342351594e+32
640.6724498033136,1.3112492397042169e+32
640.5924198698957,1.318682820216174e+32
640.5124099279424,1.3256928309963482e+32
640.4324199699637,1.3157584575862693e+32
640.3524499884737,1.3042052344033047e+32
640.2724999759898,1.2753031369240355e+32
640.1925699250334,1.2641798798942781e+32
640.1126598281297,1.253310983815676e+32
640.0327696778076,1.2300227851168336e+32
639.9528994665993,1.2292899068205292e+32
639.8730491870413,1.2177644378687007e+32
639.7932188316737,1.2152496664965562e+32
639.71340839304,1.1959847118104181e+32
639.6336178636876,1.1927207102188423e+32
639.553847236168,1.1895201668133095e+32
639.4740965030359,1.1799958288527121e+32
639.3943656568498,1.1677041579392163e+32
639.3146546901721,1.164270117698711e+32
639.2349635955688,1.1614481059276156e+32
639.1552923656096,1.1403188307567084e+32
639.075640992868,1.1397208578327886e+32
638.9960094699209,1.1324597538775528e+32
638.9163977893493,1.123713893978621e+32
638.8368059437377,1.1170888194281377e+32
638.7572339256742,1.1144252143436678e+32
638.6776817277508,1.1089753768266948e+32
638.5981493425631,1.0940399556600103e+32
638.5186367627106,1.0936749325693087e+32
638.4391439807957,1.0826122548745933e+32
638.3596709894256,1.0776488548368435e+32
638.2802177812104,1.0746083948298796e+32
638.2007843487639,1.0744983975207202e+32
638.1213706847042,1.070281997622512e+32
638.0419767816525,1.0661280579348888e+32
637.9626026322336,1.0637516821072157e+32
637.8832482290766,1.0628654749191111e+32
637.8039135648137,1.0670798406064669e+32
637.7245986320806,1.0551362557278325e+32
637.6453034235177,1.0521182415467808e+32
637.5660279317677,1.0538171290303202e+32
637.4867721494779,1.0530537458967496e+32
637.407536069299,1.0476779434406279e+32
637.3283196838851,1.048796677515251e+32
637.2491229858945,1.0480405869661186e+32
637.1699459679885,1.0461655331956614e+32
637.0907886228327,1.0429449208514454e+32
637.0116509430958,1.0392440460027619e+32
636.9325329214503,1.0473336948114318e+32
636.8534345505726,1.0478509490295095e+32
636.7743558231423,1.0452304976814991e+32
636.6952967318431,1.041306551829759e+32
636.6162572693619,1.0423634855076966e+32
636.5372374283896,1.0365377425061425e+32
636.4582372016205,1.0224580376360583e+32
636.3792565817525,1.034409751601805e+32
636.3002955614872,1.0255944651972672e+32
636.2213541335302,1.0293228614081528e+32
636.1424322905899,1.0117340568663397e+32
636.063530025379,1.0192079398636443e+32
635.9846473306135,1.0173126856684312e+32
635.905784199013,1.015336703003243e+32
635.8269406233012,1.0123212866907481e+32
635.7481165962047,1.0159330511326047e+32
635.669312110454,1.0165161682733584e+32
635.5905271587833,1.0098146041963808e+32
635.5117617339304,1.0135485130901884e+32
635.4330158286365,1.012326128810216e+32
635.3542894356466,1.01244163420562e+32
635.2755825477093,1.0149672402113001e+32
635.1968951575765,1.0168478524080145e+32
635.1182272580041,1.0167919601190889e+32
635.0395788417513,1.0181099461486876e+32
634.960949901581,1.0152458092732109e+32
634.8823404302598,1.0123014202640596e+32
634.8037504205575,1.0150452047914033e+32
634.7251798652478,1.0130871259130745e+32
634.646628757108,1.0122464227879876e+32
634.5680970889189,1.0145841534965768e+32
634.4895848534646,1.0152772852363242e+32
634.4110920435334,1.0232414828582392e+32
634.3326186519163,1.0202893394894108e+32
634.2541646714088,1.026158208760597e+32
634.1757300948093,1.0235798184450583e+32
634.0973149149199,1.0240926256503798e+32
634.0189191245466,1.0283365156345335e+32
633.9405427164986,1.0306545080842724e+32
633.8621856835887,1.0313903559844305e+32
633.7838480186333,1.0333643677868768e+32
633.7055297144524,1.0306480309320011e+32
633.6272307638694,1.018405278629145e+32
633.5489511597114,1.0015976099526854e+32
633.4706908948091,9.879248748656179e+31
633.3924499619965,9.653055979532589e+31
633.3142283541114,9.541437238222887e+31
633.2360260639948,9.360575575744971e+31
633.1578430844917,9.240283455485411e+31
633.0796794084504,9.059145564751138e+31
633.0015350287224,8.904199818059e+31
632.9234099381634,8.808144861814037e+31
632.845304129632,8.655206642864321e+31
632.7672175959908,8.493325187195588e+31
632.6891503301056,8.334965158011641e+31
632.6111023248458,8.228343286410999e+31
632.5330735730844,8.122204457754062e+31
632.455064067698,8.133497994567955e+31
632.3770738015664,8.042675001099342e+31
632.2991027675732,7.963706313667842e+31
632.2211509586053,7.943534291081974e+31
632.1432183675535,7.914441919879058e+31
632.0653049873113,7.87137733441822e+31
631.9874108107766,7.795798903149734e+31
631.9095358308505,7.7640422329002e+31
631.8316800404373,7.734208184765322e+31
631.753843432445,7.668437719702474e+31
631.6760259997853,7.649434753265913e+31
631.5982277353729,7.596186357209065e+31
631.5204486321268,7.608291529570874e+31
631.4426886829684,7.565636417027826e+31
631.3649478808236,7.518300501387937e+31
631.2872262186211,7.43946794238921e+31
631.2095236892934,7.433090266918001e+31
631.1318402857764,7.394399577209277e+31
631.0541760010096,7.436623227460986e+31
630.9765308279359,7.393837796080492e+31
630.8989047595013,7.451154268656666e+31
630.8212977886559,7.430189971019538e+31
630.743709908353,7.443636361947216e+31
630.6661411115491,7.528510493545524e+31
630.5885913912045,7.510330267289686e+31
630.511060740283,7.494517836521262e+31
630.4335491517517,7.522600765086504e+31
630.3560566185811,7.524184102710589e+31
630.2785831337452,7.555078540412197e+31
630.2011286902215,7.587484540860604e+31
630.1236932809911,7.547277834628411e+31
630.0462768990382,7.627146140408417e+31
629.9688795373509,7.650767332040929e+31
629.8915011889202,7.638045726947461e+31
629.814141846741,7.661649453439578e+31
629.7368015038115,7.629435011383107e+31
629.6594801531331,7.647479895897587e+31
629.5821777877112,7.631325474661753e+31
629.5048944005539,7.54363430593984e+31
629.4276299846734,7.531316624313982e+31
629.3503845330849,7.528567373983647e+31
629.2731580388073,7.541561996896596e+31
629.1959504948626,7.522252573557679e+31
629.1187618942765,7.489813703355649e+31
629.0415922300783,7.561666785500417e+31
628.9644414953,7.576888213665722e+31
628.8873096829778,7.583786223744722e+31
628.8101967861511,7.547004264031388e+31
628.7331027978623,7.556145264987068e+31
628.6560277111577,7.580491078994159e+31
628.5789715190868,7.562932812989984e+31
628.5019342147025,7.563762328795239e+31
628.4249157910613,7.55056950002024e+31
628.3479162412228,7.560109278820984e+31
628.2709355582501,7.598075253307973e+31
628.1939737352101,7.609693657628003e+31
628.1170307651721,7.546903322810915e+31
628.0401066412101,7.5521273018989095e+31
627.9632013564005,7.559715132300882e+31
627.8863149038235,7.539185273665681e+31
627.8094472765627,7.477981352032569e+31
627.7325984677047,7.481384043808002e+31
627.6557684703401,7.479766981770978e+31
627.5789572775625,7.370437933038044e+31
627.5021648824688,7.405067957723568e+31
627.4253912781596,7.4526394961292315e+31
627.3486364577386,7.536071332755227e+31
627.2719004143131,7.4937156147317925e+31
627.1951831409934,7.50833310469713e+31
627.1184846308938,7.533830328137839e+31
627.0418048771312,7.529839815598455e+31
626.9651438728264,7.568274606758172e+31
626.8885016111035,7.577898264997629e+31
626.8118780850897,7.7156611392195375e+31
626.7352732879159,7.725836282709924e+31
626.6586872127162,7.7360129530660895e+31
626.5821198526279,7.742952736796239e+31
626.5055712007919,7.858576908657618e+31
626.4290412503524,7.894541347338712e+31
626.3525299944569,8.024075857385813e+31
626.276037426256,7.986131670327811e+31
626.1995635389042,8.050286648208955e+31
626.123108325559,8.0307435412213845e+31
626.0466717793811,8.083171471177509e+31
625.9702538935351,8.157717166562404e+31
625.893854661188,8.169462051683402e+31
625.8174740755112,8.17229164073429e+31
625.7411121296786,8.154751417322096e+31
625.664768816868,8.188667269185663e+31
625.58844413026,8.271013432251073e+31
625.5121380630392,8.28977858672416e+31
625.4358506083928,8.25746863383324e+31
625.3595817595117,8.295758183624209e+31
625.2833315095903,8.337401792911743e+31
625.2070998518259,8.377435995311606e+31
625.1308867794195,8.355563542042793e+31
625.054692285575,8.41313494566742e+31
624.9785163635,8.516541699666002e+31
624.9023590064053,8.504126271536161e+31
624.8262202075048,8.529820547217579e+31
624.750099960016,8.570478241344571e+31
624.6739982571595,8.69607781667346e+31
624.5979150921595,8.674794312993845e+31
624.5218504582429,8.722517147978736e+31
624.4458043486405,8.808833754679894e+31
624.3697767565864,8.854220986895083e+31
624.2937676753173,8.812881853308577e+31
624.2177770980741,8.86258618159936e+31
624.1418050181002,8.972513090651987e+31
624.0658514286428,8.934243120292952e+31
623.9899163229522,8.895881992859938e+31
623.9139996942821,8.991262710870469e+31
623.8381015358893,8.92896520698309e+31
623.7622218410341,8.892406008502712e+31
623.68636060298,8.893165346221985e+31
623.6105178149934,8.824212143688551e+31
623.5346934703447,8.805285120941319e+31
623.4588875623069,8.823156811417328e+31
623.3831000841567,8.775641496332092e+31
623.307331029174,8.737023657743436e+31
623.2315803906415,8.774033079409326e+31
623.155848161846,8.730925882057898e+31
623.080134336077,8.786158846447407e+31
623.0044389066271,8.741318795810379e+31
622.9287618667929,8.666645405998482e+31
622.8531032098736,8.666555131778633e+31
622.7774629291715,8.58071756879302e+31
622.701841017993,8.628651915396227e+31
622.626237469647,8.58436450090847e+31
622.5506522774459,8.50890571461754e+31
622.4750854347054,8.584523989489087e+31
622.3995369347444,8.571593859009825e+31
622.3240067708853,8.693660630317765e+31
622.2484949364529,8.63949122818742e+31
622.1730014247762,8.672008289975758e+31
622.097526229187,8.779000037054224e+31
622.0220693430203,8.778165882401636e+31
621.9466307596145,8.877268412731894e+31
621.8712104723112,8.846473509669039e+31
621.795808474455,8.877645924318692e+31
621.7204247593943,8.894870068078777e+31
621.6450593204798,8.991557074169393e+31
621.5697121510664,8.991094697304932e+31
621.4943832445114,9.116096684862418e+31
621.419072594176,9.052898000319764e+31
621.3437801934243,9.132976014824067e+31
621.2685060356235,9.131435729895318e+31
621.1932501141442,9.243759507224409e+31
621.1180124223603,9.228508947956379e+31
621.0427929536486,9.240342531162156e+31
620.9675917013891,9.230296308633471e+31
620.8924086589655,9.285677500010764e+31
620.8172438197644,9.237799028203315e+31
620.7420971771753,9.289463010570013e+31
620.6669687245915,9.265243658693097e+31
620.591858455409,9.363874535844336e+31
620.5167663630272,9.42506297765962e+31
620.4416924408487,9.340937197801482e+31
620.3666366822792,9.437693042846195e+31
620.2915990807279,9.426442526817864e+31
620.2165796296067,9.552835441621445e+31
620.141578322331,9.434025957339093e+31
620.0665951523193,9.529004916283794e+31
619.9916301129934,9.6258838121949e+31
619.9166831977783,9.625398232250191e+31
619.8417544001018,9.660025859338918e+31
619.766843713395,9.699871545671894e+31
619.6919511310927,9.718481414295404e+31
619.6170766466324,9.762014983689326e+31
619.5422202534547,9.742414297033881e+31
619.4673819450037,9.795031389621206e+31
619.3925617147263,9.852457028453771e+31
619.317759556073,9.836761046178519e+31
619.242975462497,9.933881280132866e+31
619.1682094274552,9.931882615551939e+31
619.0934614444069,1.0026836821679026e+32
619.0187315068154,1.00155684573612e+32
618.9440196081466,1.0049106672342174e+32
618.8693257418696,1.0126316921526759e+32
618.794649901457,1.0115805809166366e+32
618.7199920803841,1.0169137528602768e+32
618.6453522721298,1.0240119268375566e+32
618.5707304701757,1.0257892271535501e+32
618.4961266680068,1.0255557900098625e+32
618.4215408591112,1.0317284278216884e+32
618.3469730369802,1.034784020123348e+32
618.2724231951083,1.0414910654823007e+32
618.1978913269927,1.0340976451487476e+32
618.1233774261343,1.0461006697476473e+32
618.0488814860366,1.0542226377394975e+32
617.974403500207,1.0556498591363447e+32
617.8999434621552,1.0602008215951442e+32
617.8255013653944,1.0560725808208244e+32
617.7510772034408,1.0605278217507196e+32
617.6766709698142,1.0723611012540958e+32
617.6022826580368,1.0802341101497279e+32
617.5279122616342,1.0845737019143702e+32
617.4535597741354,1.095529827460733e+32
617.3792251890724,1.0959511276085624e+32
617.3049084999799,1.0978575348148408e+32
617.2306097003963,1.0973923801699747e+32
617.1563287838627,1.115999922827128e+32
617.0820657439233,1.1200544900851348e+32
617.0078205741257,1.1274922867708281e+32
616.9335932680207,1.1363808803735982e+32
616.8593838191615,1.1427551571388753e+32
616.7851922211051,1.147528041517987e+32
616.7110184674115,1.1546005140755852e+32
616.6368625516434,1.1559599200254801e+32
616.5627244673669,1.172477964580059e+32
616.4886042081512,1.1713469471383593e+32
616.4145017675686,1.1763395716490956e+32
616.3404171391943,1.176047469448495e+32
616.2663503166069,1.1880442225381312e+32
616.1923012933876,1.190621567861749e+32
616.1182700631214,1.1946107976208053e+32
616.0442566193956,1.2040238666941288e+32
615.9702609558011,1.2055927552324289e+32
615.8962830659317,1.2169175987629437e+32
615.8223229433844,1.2171595048245312e+32
615.7483805817591,1.2234298146224424e+32
615.6744559746588,1.2312725593259499e+32
615.6005491156899,1.227697106664849e+32
615.5266599984612,1.2290963632067947e+32
615.4527886165853,1.2526449711065807e+32
615.3789349636772,1.2502126032123748e+32
615.3050990333558,1.2545759997552719e+32
615.231280819242,1.2609991203624047e+32
615.1574803149607,1.2618411167926856e+32
615.0836975141393,1.2668478454343175e+32
615.0099324104085,1.288233279186872e+32
614.9361849974018,1.2859778389598726e+32
614.8624552687564,1.2882438189210558e+32
614.7887432181118,1.2896915140994186e+32
614.7150488391106,1.2941936343403928e+32
614.6413721253991,1.3083526858619727e+32
614.567713070626,1.3143872461594268e+32
614.4940716684436,1.3153903521481343e+32
614.4204479125066,1.335065665053849e+32
614.346841796473,1.3310588590006053e+32
614.2732533140043,1.332184124950309e+32
614.1996824587642,1.3448407783215333e+32
614.1261292244201,1.3494041821061523e+32
614.0525936046423,1.3509277412095173e+32
613.9790755931037,1.3632878397937888e+32
613.905575183481,1.3643205264210425e+32
613.8320923694532,1.3752167562090309e+32
613.7586271447028,1.3754431573137306e+32
613.685179502915,1.3819697749658731e+32
613.6117494377783,1.389526441411874e+32
613.5383369429838,1.3907215133615029e+32
613.4649420122264,1.4038160080673231e+32
613.391564639203,1.4060126348218138e+32
613.3182048176145,1.4114797820409799e+32
613.244862541164,1.414777575326575e+32
613.1715378035583,1.4243767745530494e+32
613.0982305985066,1.4292872908713602e+32
613.0249409197213,1.4300674119310655e+32
612.9516687609182,1.4429950848878351e+32
612.8784141158156,1.4425864581902577e+32
612.8051769781351,1.4507827072179533e+32
612.7319573416012,1.4642461718240892e+32
612.6587551999412,1.4565905381825102e+32
612.5855705468858,1.4631962764697386e+32
612.5124033761683,1.4763400939262915e+32
612.4392536815254,1.4862657079522349e+32
612.3661214566966,1.4882980701912364e+32
612.293006695424,1.4861971040777275e+32
612.2199093914534,1.4934399289921952e+32
612.1468295385331,1.5054082829471457e+32
612.0737671304146,1.507734866583833e+32
612.0007221608522,1.5161134960051071e+32
611.9276946236033,1.528151773169514e+32
611.8546845124283,1.5299747589732184e+32
611.7816918210905,1.541105606690235e+32
611.7087165433563,1.5358754483467407e+32
611.635758672995,1.5507565281079651e+32
611.5628182037789,1.5541674798600646e+32
611.4898951294831,1.5586209096902697e+32
611.4169894438857,1.564560916689494e+32
611.3441011407681,1.5662557256663166e+32
611.2712302139144,1.576164638829462e+32
611.1983766571116,1.5734620354342955e+32
611.1255404641498,1.5798564144426193e+32
611.0527216288222,1.5953140336001708e+32
610.9799201449244,1.6042493332563231e+32
610.9071360062557,1.5984997639828466e+32
610.8343692066178,1.60888715479998e+32
610.7616197398156,1.6191560536702256e+32
610.6888875996568,1.6160988399006788e+32
610.6161727799523,1.6263232605987885e+32
610.5434752745156,1.6318866672514392e+32
610.4707950771635,1.63931750364186e+32
610.3981321817156,1.6390962190954673e+32
610.3254865819943,1.653046332140553e+32
610.2528582718248,1.6623711487536398e+32
610.1802472450362,1.664149773355708e+32
610.1076534954593,1.6699744924030476e+32
610.0350770169285,1.6740318582750304e+32
609.962517803281,1.6803130940773418e+32
609.8899758483569,1.6883587887043822e+32
609.8174511459995,1.6951956395475637e+32
609.7449436900545,1.6974642956379873e+32
609.672453474371,1.7071267366899004e+32
609.5999804928007,1.7108771727320636e+32
609.5275247391984,1.715372317792965e+32
609.4550862074219,1.720372174959575e+32
609.382664891332,1.731356037805404e+32
609.3102607847916,1.7361724582328302e+32
609.2378738816677,1.7404027133467478e+32
609.1655041758296,1.7493799613176126e+32
609.0931516611492,1.7593089906434933e+32
609.0208163315023,1.7593310135628352e+32
608.9484981807664,1.7670972751946956e+32
608.8761972028228,1.770966264284801e+32
608.8039133915553,1.7800501858575622e+32
608.7316467408508,1.780738152865325e+32
608.659397244599,1.7935598088763765e+32
608.5871648966923,1.80048115245444e+32
608.5149496910265,1.804848804392192e+32
608.4427516215,1.8102118848500092e+32
608.3705706820139,1.816944389212957e+32
608.2984068664724,1.8223366687653636e+32
608.2262601687828,1.8293783308304265e+32
608.154130582855,1.836099811294842e+32
608.0820181026016,1.835088461518138e+32
608.0099227219388,1.8434104313730837e+32
607.9378444347849,1.849839418886131e+32
607.8657832350617,1.8583511988830608e+32
607.7937391166934,1.8675676989757224e+32
607.7217120736073,1.8720852726340026e+32
607.6497020997335,1.872375841321731e+32
607.5777091890052,1.882483078519912e+32
607.5057333353583,1.889598727136482e+32
607.4337745327316,1.8977794510239423e+32
607.3618327750665,1.9111836579175384e+32
607.2899080563079,1.9194460126900778e+32
607.2180003704029,1.925347518656722e+32
607.146109711302,1.9423216397649852e+32
607.0742360729581,1.949939297846405e+32
607.0023794493275,1.9224222286917216e+32
606.9305398343687,1.8768540090603605e+32
606.8587172220435,1.8403601111612184e+32
606.7869116063166,1.7978645776703727e+32
606.7151229811554,1.7649136901337894e+32
606.6433513405301,1.727143855329081e+32
606.5715966784139,1.686974456179384e+32
606.4998589887828,1.647826849669775e+32
606.4281382656155,1.6090728540140396e+32
606.3564345028939,1.5727095917353059e+32
606.2847476946022,1.5322858941192622e+32
606.2130778347281,1.4938683038565328e+32
606.1414249172617,1.454243424120214e+32
606.069788936196,1.4147154994482587e+32
605.998169885527,1.374308773980601e+32
605.9265677592533,1.3390319281782506e+32
605.8549825513766,1.3000558985201609e+32
605.7834142559011,1.2583805182328768e+32
605.7118628668343,1.2208415532524657e+32
605.640328378186,1.1834513093144437e+32
605.5688107839693,1.1414082004918323e+32
605.4973100781999,1.1150649499748957e+32
605.4258262548964,1.0936879207384876e+32
605.35435930808,1.0747811675208717e+32
605.282909231775,1.0552149472398682e+32
605.2114760200083,1.0327737310706411e+32
605.1400596668099,1.0102654807270211e+32
605.0686601662125,9.923446786936804e+31
604.9972775122512,9.704989421337236e+31
604.9259116989647,9.4829452935581e+31
604.8545627203939,9.281171811875525e+31
604.7832305705828,9.07558597007704e+31
604.711915243578,8.85746619919771e+31
604.640616733429,8.657094871330785e+31
604.5693350341885,8.41230184141905e+31
604.4980701399111,8.23980379151514e+31
604.4268220446551,8.010533568810302e+31
604.355590742481,7.761667931166456e+31
604.2843762274526,7.582100104182619e+31
604.2131784936361,7.350117749987959e+31
604.1419975351006,7.140109901904724e+31
604.0708333459181,7.036006381161736e+31
603.9996859201633,6.927592285696637e+31
603.9285552519136,6.835760707473142e+31
603.8574413352496,6.736667509426526e+31
603.786344164254,6.660015726272996e+31
603.715263733013,6.570161560149943e+31
603.644200035615,6.466629167571295e+31
603.5731530661516,6.361850657374585e+31
603.502122818717,6.278975709955072e+31
603.4311092874082,6.205446793759747e+31
603.360112466325,6.095986573163309e+31
603.2891323495699,5.997425331676399e+31
603.2181689312482,5.9112728769453065e+31
603.1472222054682,5.83535923549228e+31
603.0762921663405,5.710683936277769e+31
603.005378807979,5.63821307697427e+31
602.9344821244999,5.535566655433041e+31
602.8636021100226,5.440184181732403e+31
602.792738758669,5.357751075793566e+31
602.7218920645635,5.275287862712094e+31
602.651062021834,5.212691274699277e+31
602.5802486246106,5.178132191591482e+31
602.5094518670262,5.133430143443292e+31
602.4386717432166,5.092777872415901e+31
602.3679082473202,5.048369448256593e+31
602.2971613734784,5.022854722581158e+31
602.2264311158352,4.980245549377837e+31
602.1557174685373,4.94943627580111e+31
602.0850204257342,4.898094046259501e+31
602.0143399815784,4.849477969650216e+31
601.9436761302245,4.816311556860819e+31
601.8730288658305,4.776806685032373e+31
601.8023981825568,4.743206112552217e+31
601.7317840745667,4.702039695817805e+31
601.661186536026,4.635335012486655e+31
601.5906055611036,4.615222905962947e+31
601.5200411439707,4.581769678239531e+31
601.4494932788019,4.529913165959063e+31
601.3789619597737,4.506527692615605e+31
601.308447181066,4.448209191844597e+31
601.237948936861,4.441823742217196e+31
601.1674672213438,4.415788908389801e+31
601.0970020287024,4.4019277410639415e+31
601.026553353127,4.382421317486998e+31
600.9561211888114,4.360918436306189e+31
600.8857055299511,4.347720349100131e+31
600.8153063707451,4.307703024914562e+31
600.7449237053947,4.326603024441689e+31
600.6745575281041,4.290020590595917e+31
600.6042078330801,4.283780518912282e+31
600.5338746145324,4.253277779199161e+31
600.463557866673,4.2500770639414865e+31
600.3932575837173,4.222933198119917e+31
600.3229737598829,4.21462966514135e+31
600.25270638939,4.188102534469617e+31
600.1824554664618,4.183522288690632e+31
600.1122209853243,4.1500925408791635e+31
600.0420029402057,4.140752559314e+31
599.9718013253378,4.116361080324599e+31
599.9016161349539,4.120510345471755e+31
599.8314473632909,4.093106414896294e+31
599.7612950045882,4.099331089724179e+31
599.6911590530877,4.099196936196649e+31
599.6210395030341,4.096781928311438e+31
599.5509363486749,4.102645401592908e+31
599.48084958426,4.117565847437624e+31
599.4107792040425,4.105638096476763e+31
599.3407252022776,4.114805524897461e+31
599.2706875732234,4.126566827681326e+31
599.2006663111409,4.098616861753129e+31
599.1306614102937,4.118829062512346e+31
599.0606728649477,4.1241776104392575e+31
598.990700669372,4.110524817437957e+31
598.9207448178382,4.140654217964885e+31
598.8508053046204,4.118964066454562e+31
598.7808821239955,4.134409114871527e+31
598.7109752702431,4.130869222141583e+31
598.6410847376455,4.139201218714829e+31
598.5712105204875,4.138037333112287e+31
598.501352613057,4.142699412712287e+31
598.4315110096438,4.131519991663051e+31
598.361685704541,4.144751692112643e+31
598.2918766920442,4.138305879817292e+31
598.2220839664517,4.134244881028345e+31
598.1523075220643,4.16460278987022e+31
598.0825473531856,4.142679119385471e+31
598.0128034541219,4.144409696839346e+31
597.943075819182,4.15195292279735e+31
597.8733644426775,4.114356426387993e+31
597.8036693189223,4.080134456759758e+31
597.7339904422334,4.072912763518899e+31
597.6643278069305,4.04543890275355e+31
597.5946814073355,4.01397190330239e+31
597.5250512377733,3.9829416647937464e+31
597.4554372925709,3.951690357452746e+31
597.385839566059,3.9401426205303995e+31
597.3162580525698,3.8947583538184363e+31
597.2466927464388,3.880783980215325e+31
597.1771436420042,3.85029036983554e+31
597.1076107336064,3.816480188562385e+31
597.0380940155886,3.8128690422941616e+31
596.9685934822969,3.7741283773382783e+31
596.8991091280797,3.7344013092314392e+31
596.829640947288,3.699833054974635e+31
596.7601889342759,3.676596677982709e+31
596.6907530833995,3.6395138308529e+31
596.621333389018,3.6036609973386827e+31
596.551929845493,3.572454839372198e+31
596.482542447189,3.5385581566955044e+31
596.4131711884726,3.503559702999522e+31
596.3438160637133,3.4593368197660297e+31
596.2744770672837,3.435576797165115e+31
596.205154193558,3.421528409037457e+31
596.1358474369139,3.3942159834693306e+31
596.0665567917314,3.362801145133996e+31
595.9972822523929,3.3401877573132705e+31
595.9280238132839,3.3240143583179227e+31
595.8587814687919,3.3103270650444486e+31
595.7895552133076,3.2870520385872154e+31
595.7203450412238,3.249088160857818e+31
595.6511509469365,3.2226751413543308e+31
595.5819729248435,3.2133973162524592e+31
595.512810969346,3.1809153359879204e+31
595.4436650748473,3.159868622067251e+31
595.3745352357535,3.135575833794219e+31
595.3054214464731,3.1038107439116926e+31
595.2363237014176,3.092087013095741e+31
595.1672419950006,3.0552163739855047e+31
595.0981763216387,3.0310779720267432e+31
595.0291266757508,3.0117948329106326e+31
594.9600930517586,2.984936879820423e+31
594.8910754440861,2.9608615231661657e+31
594.8220738471605,2.9463065779542676e+31
594.7530882554107,2.9182831218160534e+31
594.684118663269,2.914006316379167e+31
594.6151650651698,2.9031677677100774e+31
594.5462274555503,2.8912238584479824e+31
594.47730582885,2.883900700289183e+31
594.4084001795113,2.855638978238615e+31
594.3395105019791,2.8482992847731845e+31
594.2706367907008,2.860037613325592e+31
594.2017790401264,2.8398610888138866e+31
594.1329372447085,2.806871363602304e+31
594.0641113989021,2.7748986219878804e+31
593.9953014971652,2.747475453872802e+31
593.9265075339578,2.76429116656006e+31
593.8577295037428,2.734018190244779e+31
593.7889674009857,2.7046290071339833e+31
593.7202212201545,2.688383380467193e+31
593.6514909557195,2.718667385823857e+31
593.5827766021541,2.679230256059391e+31
593.5140781539338,2.6600046486887793e+31
593.4453956055369,2.6230183080278008e+31
593.376728951444,2.5902822200246e+31
593.3080781861386,2.6375959005545607e+31
593.2394433041064,2.6035106519540044e+31
593.170824299836,2.6507892101196456e+31
593.1022211678182,2.64335436839874e+31
593.0336339025469,2.6293996011237033e+31
592.9650624985176,2.665077749718462e+31
592.8965069502293,2.6426350342925233e+31
592.8279672521832,2.6389206282890257e+31
592.7594433988827,2.6259857659148076e+31
592.6909353848342,2.60916426291679e+31
592.6224432045466,2.6627134127890652e+31
592.5539668525311,2.7076908826860524e+31
592.4855063233016,2.6975127938710486e+31
592.4170616113744,2.6950690589359854e+31
592.3486327112686,2.6758153322892077e+31
592.2802196175054,2.668378632716773e+31
592.2118223246091,2.6424627281536256e+31
592.143440827106,2.7823350881832487e+31
592.0750751195251,2.7726755386195754e+31
592.0067251963982,2.763522361613304e+31
591.9383910522594,2.7505382466386997e+31
591.870072681645,2.7304100924999014e+31
591.8017700790942,2.780595305528633e+31
591.7334832391491,2.7711210512732544e+31
591.6652121563535,2.8420713624968437e+31
591.5969568252541,2.810055521516343e+31
591.5287172404002,2.792557610307201e+31
591.4604933963436,2.8162911949623328e+31
591.3922852876384,2.8184946884021927e+31
591.3240929088415,2.804927866838999e+31
591.255916254512,2.7723666320289034e+31
591.1877553192118,2.7532518231655608e+31
591.1196100975052,2.797530087023291e+31
591.0514805839589,2.8574492707941985e+31
590.9833667731422,2.8665582936544404e+31
590.9152686596269,2.9930578128929105e+31
590.8471862379873,3.1480554216291024e+31
590.7791195028003,3.1570140848865367e+31
590.711068448645,3.2880059107144134e+31
590.6430330701035,3.431194932634786e+31
590.5750133617596,3.6034797264608526e+31
590.5070093182006,3.6217394042029977e+31
590.4390209340155,3.746378487132293e+31
590.3710482037961,3.881672431021255e+31
590.3030911221366,4.062678810680434e+31
590.235149683634,4.185061050739139e+31
590.1672238828872,4.273672929302472e+31
590.0993137144982,4.47750103570088e+31
590.031419173071,4.643894504952771e+31
589.9635402532123,4.767947374194118e+31
589.8956769495314,4.776689558249679e+31
589.82782925664,4.8461306574536845e+31
589.759997169152,4.9921672375752505e+31
589.6921806816842,5.159205460961981e+31
589.6243797888555,5.179765279306788e+31
589.5565944852876,5.2033987597355315e+31
589.4888247656046,5.3508867304952785e+31
589.4210706244327,5.377877323623467e+31
589.3533320564012,5.505152883865973e+31
589.2856090561412,5.6373037398498175e+31
589.217901618287,5.668529969441859e+31
589.1502097374746,5.710761254410336e+31
589.0825334083432,5.841360671809202e+31
589.0148726255338,5.845142881868052e+31
588.9472273836902,6.012999364706878e+31
588.8795976774588,6.163669710824366e+31
588.8119835014883,6.157337823419679e+31
588.7443848504295,6.318546593390966e+31
588.6768017189362,6.4827180500852605e+31
588.6092341016646,6.574520981880922e+31
588.541681993273,6.736688818069268e+31
588.4741453884224,6.7773537153639015e+31
588.4066242817761,6.788720666724419e+31
588.3391186680002,7.059571774150638e+31
588.2716285417629,7.065066225844061e+31
588.2041538977348,7.267507544310638e+31
588.1366947305893,7.363889210064221e+31
588.0692510350019,7.353291699711847e+31
588.0018228056507,7.553593484790761e+31
587.9344100372163,7.508592648865567e+31
587.8670127243814,7.718755298861299e+31
587.7996308618318,7.82442427433795e+31
587.7322644442551,8.026192457220448e+31
587.6649134663414,8.070699589952837e+31
587.5975779227838,8.218687356579263e+31
587.5302578082772,8.25187773359618e+31
587.462953117519,8.30666559356512e+31
587.3956638452095,8.44953396229977e+31
587.328389986051,8.596574759310764e+31
587.2611315347483,8.467153998303652e+31
587.1938884860086,8.492065226698024e+31
587.1266608345419,8.571330146675332e+31
587.05944857506,8.692420093259931e+31
586.9922517022775,8.925777660348184e+31
586.9250702109116,8.883342580964277e+31
586.8579040956813,9.086237979459344e+31
586.7907533513087,9.049817876255797e+31
586.7236179725179,9.245435922213708e+31
586.6564979540354,8.923880530449822e+31
586.5893932905906,9.0918450654048e+31
586.5223039769145,9.29437831965932e+31
586.4552300077412,9.238779626091693e+31
586.388171377807,9.488151605468544e+31
586.3211280818504,9.483483931571668e+31
586.2541001146127,9.422845797712625e+31
586.1870874708372,9.390312352448121e+31
586.1200901452698,9.611841648912187e+31
586.053108132659,9.626766542211872e+31
585.9861414277552,9.858950485291316e+31
585.9191900253118,9.821424941319003e+31
585.852253920084,9.710860883391755e+31
585.7853331068297,9.955170525871917e+31
585.7184275803094,9.967677680700759e+31
585.6515373352855,1.017118617891591e+32
585.5846623665233,1.0227115511616596e+32
585.5178026687902,1.0152588366239404e+32
585.4509582368559,1.0012436591291225e+32
585.3841290654927,1.036318926274267e+32
585.3173151494755,1.0246737188342368e+32
585.2505164835808,1.0321992107850112e+32
585.1837330625883,1.0241333391396465e+32
585.1169648812797,1.0566492501525767e+32
585.0502119344393,1.0606994099271735e+32
584.9834742168533,1.0474375925950222e+32
584.916751723311,1.070950896422419e+32
584.8500444486034,1.0799912216424957e+32
584.7833523875242,1.089064778442189e+32
584.7166755348695,1.0760792672380019e+32
584.6500138854378,1.0849193956401264e+32
584.5833674340298,1.1038539560511389e+32
584.5167361754485,1.1175178965821563e+32
584.4501201044997,1.0992697410396956e+32
584.3835192159911,1.105886989495848e+32
584.316933504733,1.1293960100598896e+32
584.250362965538,1.1097986763988466e+32
584.1838075932211,1.1232377157729784e+32
584.1172673825997,1.1393059812714621e+32
584.0507423284935,1.1154046080964119e+32
583.9842324257245,1.1326520242661143e+32
583.9177376691172,1.1496940638529867e+32
583.8512580534983,1.1294753405397638e+32
583.784793573697,1.1465925294792105e+32
583.7183442245448,1.172287611140218e+32
583.6519100008755,1.1574205127600804e+32
583.5854908975253,1.1680860300723169e+32
583.5190869093328,1.191252201192048e+32
583.4526980311389,1.1805917058257278e+32
583.3863242577868,1.2007837305374384e+32
583.3199655841221,1.2030633702663281e+32
583.2536220049926,1.2126603498541234e+32
583.1872935152488,1.2428249159173679e+32
583.1209801097434,1.2245421705503845e+32
583.054681783331,1.2353258245776672e+32
582.9883985308692,1.2366807650758844e+32
582.9221303472176,1.2477436585379412e+32
582.855877227238,1.2818085878816937e+32
582.7896391657949,1.2593135447712397e+32
582.723416157755,1.2970796272206817e+32
582.657208197987,1.26025933379625e+32
582.5910152813624,1.2847767731497101e+32
582.5248374027548,1.2972904152657088e+32
582.4586745570401,1.3017185355325612e+32
582.3925267390969,1.3397894915771738e+32
582.3263939438056,1.316568836960582e+32
582.2602761660489,1.3507865298190468e+32
582.1941734007127,1.3410163637213656e+32
582.1280856426839,1.33800615706897e+32
582.0620128868529,1.3569386483136579e+32
581.9959551281119,1.3588723399659365e+32
581.9299123613552,1.3708578233604907e+32
581.8638845814799,1.3890896810597144e+32
581.7978717833851,1.365967767092161e+32
581.7318739619722,1.4060087834797995e+32
581.6658911121452,1.395857328102121e+32
581.5999232288101,1.4231348221986655e+32
581.5339703068754,1.4230159347556895e+32
581.468032341252,1.4129309810960758e+32
581.4021093268526,1.432313406517263e+32
581.3362012585928,1.4320370156763893e+32
581.2703081313904,1.4363110678439293e+32
581.204429940165,1.4481948862927167e+32
581.1385666798392,1.468824461941244e+32
581.0727183453373,1.4700153683755028e+32
581.0068849315865,1.4641571790481111e+32
580.9410664335156,1.495077036563825e+32
580.8752628460564,1.4962576387857827e+32
580.8094741641426,1.516719414359742e+32
580.7437003827101,1.4998811532506244e+32
580.6779414966974,1.500922797605592e+32
580.6121975010451,1.525822803441213e+32
580.5464683906962,1.522379470225248e+32
580.4807541605958,1.5229572715789896e+32
580.4150548056915,1.5348146430548837e+32
580.3493703209332,1.535546957050762e+32
580.2837007012728,1.5331918766739536e+32
580.2180459416649,1.5597366646570587e+32
580.1524060370659,1.5558353661103264e+32
580.086780982435,1.5713714587949821e+32
580.0211707727332,1.541316740000124e+32
579.9555754029242,1.5687882344204557e+32
579.8899948679735,1.5885016344795323e+32
579.8244291628495,1.5705419290137882e+32
579.7588782825223,1.592712110555912e+32
579.6933422219646,1.6086968482069259e+32
579.6278209761512,1.6118469185484604e+32
579.5623145400593,1.5942298832110606e+32
579.4968229086684,1.6085400984338961e+32
579.43134607696,1.637839138392576e+32
579.3658840399183,1.6210063493462884e+32
579.3004367925294,1.6169337300101855e+32
579.2350043297816,1.6395659341556795e+32
579.169586646666,1.638821921980361e+32
579.1041837381754,1.6422399878798386e+32
579.0387955993051,1.664967500126784e+32
578.9734222250528,1.661093720916552e+32
578.908063610418,1.668011650922623e+32
578.842719750403,1.668401606558442e+32
578.7773906400121,1.6639705984199833e+32
578.7120762742517,1.667012520958387e+32
578.6467766481306,1.6666483590344697e+32
578.5814917566602,1.693142924100416e+32
578.5162215948535,1.704143010167139e+32
578.4509661577263,1.70707745895869e+32
578.3857254402961,1.7019084391118594e+32
578.3204994375833,1.706739090289094e+32
578.2552881446101,1.7107456443098962e+32
578.190091556401,1.7064956311561144e+32
578.1249096679828,1.7243731629925654e+32
578.0597424743847,1.7343098103989734e+32
577.9945899706379,1.7199725740135747e+32
577.9294521517759,1.717355757532921e+32
577.8643290128343,1.73067631480798e+32
577.7992205488515,1.745856532112989e+32
577.7341267548675,1.7409912009076014e+32
577.6690476259247,1.7435333015214388e+32
577.6039831570679,1.7189000352919617e+32
577.538933343344,1.7352862444366562e+32
577.4738981798023,1.74876120507099e+32
577.408877661494,1.747407544618273e+32
577.343871783473,1.7452482878755494e+32
577.2788805407948,1.7413526942777652e+32
577.2139039285178,1.7543274054612677e+32
577.1489419417022,1.7666278108492312e+32
577.0839945754104,1.745607270302613e+32
577.0190618247074,1.7476518921687774e+32
576.9541436846599,1.7458867704532868e+32
576.8892401503374,1.7724001635393046e+32
576.824351216811,1.7679541376335697e+32
576.7594768791545,1.7629024422934414e+32
576.6946171324437,1.77763805509614e+32
576.6297719717567,1.7712105043154733e+32
576.5649413921738,1.7677048914632155e+32
576.5001253887773,1.7855874443126915e+32
576.435323956652,1.780578060887681e+32
576.370537090885,1.7757460542722212e+32
576.3057647865651,1.7867261015616895e+32
576.2410070387839,1.799404044559752e+32
576.1762638426347,1.8066264078009156e+32
576.1115351932134,1.790581649451164e+32
576.0468210856178,1.782779185824194e+32
575.9821215149482,1.796440261967938e+32
575.9174364763068,1.7949332373912477e+32
575.8527659647981,1.8041332573993208e+32
575.788109975529,1.8167615617243323e+32
575.7234685036084,1.8254802593527456e+32
575.6588415441473,1.826993029323768e+32
575.5942290922592,1.8418125066943408e+32
575.5296311430594,1.8203511259525174e+32
575.4650476916659,1.8352369023331525e+32
575.4004787331983,1.8325412196346125e+32
575.3359242627789,1.8373147401164463e+32
575.271384275532,1.8654534042574268e+32
575.206858766584,1.862888104762945e+32
575.1423477310634,1.849810121991466e+32
575.0778511641013,1.860416381003421e+32
575.0133690608307,1.8739535636462575e+32
574.9489014163865,1.8773326945841375e+32
574.8844482259066,1.8740524709714446e+32
574.8200094845301,1.8837175506548876e+32
574.755585187399,1.8741116275096317e+32
574.6911753296572,1.8969463695180866e+32
574.6267799064508,1.891888112124003e+32
574.562398912928,1.8868411503822174e+32
574.4980323442393,1.8998320220939587e+32
574.4336801955372,1.8914632086394377e+32
574.3693424619768,1.8981460307264098e+32
574.3050191387148,1.9045456711761186e+32
574.2407102209104,1.9045638864830616e+32
574.176415703725,1.9097280838319402e+32
574.1121355823219,1.914873259412933e+32
574.047869851867,1.9284297831099766e+32
573.9836185075278,1.9167452197710047e+32
573.9193815444744,1.925254156662175e+32
573.855158957879,1.9296568276546565e+32
573.7909507429158,1.9435316882134706e+32
573.7267568947614,1.9473591455019305e+32
573.6625774085941,1.953340744243919e+32
573.5984122795949,1.9506351979451707e+32
573.5342615029465,1.9619833445161913e+32
573.4701250738343,1.9616289608792365e+32
573.4060029874453,1.9585607716032505e+32
573.3418952389688,1.973560735574696e+32
573.2778018235967,1.9677594308057577e+32
573.2137227365223,1.972020553571751e+32
573.1496579729417,1.972617684009304e+32
573.0856075280525,1.9812204530115444e+32
573.0215713970553,1.9842575357423995e+32
572.9575495751519,1.9898404797243047e+32
572.8935420575472,1.991065321843873e+32
572.8295488394474,2.0129782294205395e+32
572.7655699160613,2.0149485803557568e+32
572.7016052825996,2.0127529189514765e+32
572.6376549342755,2.019337582742599e+32
572.573718866304,2.018848462855199e+32
572.5097970739024,2.0268542503550202e+32
572.44588955229,2.029497968939425e+32
572.3819962966885,2.0297049999725077e+32
572.3181173023213,2.0474673811976974e+32
572.2542525644144,2.020692556248685e+32
572.1904020781956,1.9997555828370593e+32
572.1265658388949,1.971333555784426e+32
572.0627438417446,1.9253759153569082e+32
571.9989360819789,1.898342685331638e+32
571.9351425548343,1.8554131520391445e+32
571.8713632555493,1.8284652063328327e+32
571.8075981793646,1.824957024078248e+32
571.743847321523,1.7783288128536226e+32
571.6801106772695,1.7468578225396363e+32
571.6163882418509,1.7029390274728636e+32
571.5526800105166,1.6730482214848444e+32
571.4889859785177,1.6419056778057623e+32
571.4253061411077,1.637178508911033e+32
571.3616404935422,1.5914969374823827e+32
571.2979890310786,1.555691278647006e+32
571.2343517489768,1.5156509554161009e+32
571.1707286424985,1.4923066554253198e+32
571.1071197069078,1.4491741257290363e+32
571.0435249374707,1.4223368825716124e+32
570.9799443294554,1.4023598181112585e+32
570.9163778781322,1.399222077728443e+32
570.8528255787735,1.4060613872969117e+32
570.7892874266536,1.4261337516469435e+32
570.7257634170493,1.4530874806697798e+32
570.6622535452393,1.4587172087821166e+32
570.5987578065043,1.4825027398483043e+32
570.5352761961273,1.4857498510759069e+32
570.4718087093931,1.5003983324979257e+32
570.4083553415891,1.5356434036604338e+32
570.3449160880042,1.5364588102960278e+32
570.28149094393,1.573768133941681e+32
570.2180799046596,1.5630477519576723e+32
570.1546829654885,1.5842419322594463e+32
570.0913001217145,1.6101346257035071e+32
570.027931368637,1.63548756770381e+32
569.964576701558,1.632858901003482e+32
569.9012361157811,1.671478666789374e+32
569.8379096066124,1.6917469949151093e+32
569.7745971693598,1.6959010293740995e+32
569.7112987993335,1.7325662097223677e+32
569.6480144918454,1.7623540020668143e+32
569.5847442422101,1.7684388362567293e+32
569.5214880457439,1.787489745954703e+32
569.4582458977652,1.8104968750848183e+32
569.3950177935943,1.8182144730620115e+32
569.331803728554,1.8445184261090666e+32
569.2686036979688,1.863300838491246e+32
569.2054176971657,1.8939444295663004e+32
569.1422457214732,1.9139498803736707e+32
569.0790877662223,1.911647037493412e+32
569.015943826746,1.9331782583959428e+32
568.9528138983793,1.9500302700278767e+32
568.8896979764594,1.981992190385959e+32
568.8265960563252,2.0016450442140246e+32
568.7635081333182,2.0283493896827603e+32
568.7004342027815,2.032109088907846e+32
568.6373742600606,2.058745249060199e+32
568.5743283005029,2.075347725429343e+32
568.5112963194579,2.0909502786396193e+32
568.448278312277,2.136916193934358e+32
568.3852742743142,2.1477272094381346e+32
568.3222842009246,2.2203230125307145e+32
568.2593080874665,2.244789992635801e+32
568.1963459292994,2.275109906433123e+32
568.1333977217851,2.296568437301802e+32
568.0704634602876,2.3403624711814893e+32
568.007543140173,2.3639144446441116e+32
567.9446367568089,2.386516996213947e+32
567.8817443055658,2.4258291744930556e+32
567.8188657818156,2.448557711484546e+32
567.7560011809325,2.480467236051845e+32
567.6931504982927,2.5042503841148914e+32
567.6303137292743,2.5407578192983483e+32
567.567490869258,2.560922908903031e+32
567.5046819136257,2.5948450549367696e+32
567.4418868577621,2.6400149405572146e+32
567.3791056970537,2.6867112926808587e+32
567.3163384268886,2.688591664393714e+32
567.2535850426575,2.718330599648323e+32
567.190845539753,2.7524315139610737e+32
567.1281199135697,2.7919209893273876e+32
567.0654081595042,2.822322589131849e+32
567.0027102729551,2.8453316650445825e+32
566.9400262493232,2.8736812467151167e+32
566.8773560840112,2.920795843835018e+32
566.8146997724239,2.9437258218067513e+32
566.7520573099681,2.965107009274999e+32
566.6894286920525,3.0097325237836332e+32
566.6268139140881,3.0267109100496254e+32
566.5642129714877,3.0691894091983095e+32
566.5016258596662,3.1102918727516787e+32
566.4390525740406,3.135872741773464e+32
566.37649311003,3.171848038477007e+32
566.3139474630551,3.1952906886182987e+32
566.2514156285391,3.2304064530484897e+32
566.1888976019069,3.249811831345964e+32
566.1263933785857,3.288565821972096e+32
566.0639029540044,3.303428616511619e+32
566.0014263235944,3.364127749637784e+32
565.9389634827884,3.384870864706736e+32
565.8765144270217,3.411506893792206e+32
565.8140791517316,3.451185397249683e+32
565.7516576523569,3.474258277592557e+32
565.689249924339,3.5034525489835795e+32
565.6268559631211,3.5588395303519076e+32
565.5644757641483,3.580155549254585e+32
565.5021093228678,3.608618674097268e+32
565.4397566347287,3.635286385220443e+32
565.3774176951824,3.678762643735734e+32
565.315092499682,3.701404890614634e+32
565.2527810436827,3.743129294914529e+32
565.1904833226419,3.7869282735346575e+32
565.1281993320184,3.808698274305802e+32
565.0659290672739,3.8721141869805425e+32
565.0036725238714,3.9373718849906465e+32
564.9414296972761,3.988844219150244e+32
564.8792005829554,3.9493398389361066e+32
564.8169851763782,3.825551753404583e+32
564.754783473016,3.760474398474604e+32
564.6925954683419,3.702859822556276e+32
564.6304211578312,3.631676267156128e+32
564.5682605369609,3.5595851338650636e+32
564.5061136012102,3.501994843898368e+32
564.4439803460606,3.433974716169157e+32
564.3818607669949,3.367392137880173e+32
564.3197548594984,3.3076996034568964e+32
564.2576626190584,3.2363444758659972e+32
564.1955840411638,3.162587190934714e+32
564.1335191213057,3.075442485429609e+32
564.0714678549772,2.9907141762425102e+32
564.0094302376735,2.9056952120218354e+32
563.9474062648917,2.8211315752097347e+32
563.8853959321307,2.7457523037406688e+32
563.8233992348917,2.6505811866500418e+32
563.7614161686774,2.5606571335394187e+32
563.699446728993,2.46793893614928e+32
563.6374909113455,2.3684198353579838e+32
563.5755487112436,2.2971656093205964e+32
563.5136201241984,2.239617634145452e+32
563.4517051457227,2.1881644516848412e+32
563.3898037713313,2.1309785052523134e+32
563.3279159965412,2.0747524100859553e+32
563.2660418168709,2.0275697966163093e+32
563.2041812278414,1.965861277361119e+32
563.1423342249753,1.911140727703922e+32
563.0805008037975,1.8516467025187463e+32
563.0186809598342,1.799415054259882e+32
562.9568746886144,1.735192973492581e+32
562.8950819856688,1.6805962583250832e+32
562.8333028465295,1.6291644727073558e+32
562.7715372667312,1.5710675476219955e+32
562.7097852418104,1.5142115806237653e+32
562.6480467673056,1.4668246690483432e+32
562.5863218387572,1.4090946090614356e+32
562.5246104517073,1.3482386922710513e+32
562.4629126017003,1.299437037838835e+32
562.4012282842826,1.2410562830604563e+32
562.3395574950022,1.181298237339164e+32
562.2779002294094,1.1214267923345258e+32
562.2162564830562,1.0857167770789416e+32
562.1546262514967,1.0709573111399643e+32
562.093009530287,1.0552657257223579e+32
562.0314063149849,1.0491454393832e+32
561.9698166011503,1.0251624855911588e+32
561.9082403843453,1.0112697536135906e+32
561.8466776601333,1.0030515753251265e+32
561.7851284240804,9.88761689425232e+31
561.723592671754,9.730784564120917e+31
561.6620703987239,9.662413651501763e+31
561.6005616005616,9.526632132379387e+31
561.5390662728406,9.457010881827062e+31
561.4775844111364,9.211853700800942e+31
561.4161160110262,9.144039378304954e+31
561.3546610680895,8.973770599369349e+31
561.2932195779075,8.903023659617085e+31
561.2317915360634,8.760207985466717e+31
561.1703769381422,8.590651014808344e+31
561.108975779731,8.514176394251754e+31
561.0475880564189,8.369157538902018e+31
560.9862137637967,8.279957321831771e+31
560.9248528974573,8.155588163351347e+31
560.8635054529954,8.08254604622468e+31
560.8021714260077,8.067935066167961e+31
560.740850812093,7.982595418250437e+31
560.6795436068514,7.967856678986136e+31
560.618249805886,7.81187668756606e+31
560.5569694048006,7.796703204619104e+31
560.4957023992018,7.784533542140275e+31
560.4344487846979,7.683751029990906e+31
560.3732085568989,7.682744892183987e+31
560.3119817114169,7.584480936997907e+31
560.250768243866,7.570117920701401e+31
560.1895681498619,7.475241999649127e+31
560.1283814250226,7.461413828964458e+31
560.0672080649679,7.3630596197456045e+31
560.0060480653191,7.336422398196867e+31
559.9449014217001,7.242515060693155e+31
559.8837681297363,7.152248305139964e+31
559.822648185055,7.186627218792249e+31
559.7615415832855,7.093008749198001e+31
559.7004483200591,6.990105584304805e+31
559.6393683910088,6.952938852224399e+31
559.5783017917697,6.8984759312377975e+31
559.5172485179787,6.7923072756653745e+31
559.4562085652746,6.739891498658378e+31
559.395181929298,6.706070794685983e+31
559.3341686056918,6.646214558489365e+31
559.2731685901003,6.534135652788741e+31
559.21218187817,6.476303719945844e+31
559.1512084655493,6.419982849778027e+31
559.0902483478883,6.310476783127025e+31
559.0293015208392,6.246257556339489e+31
558.968367980056,6.1866692433499355e+31
558.9074477211947,6.124826122591456e+31
558.8465407399128,6.058195441071832e+31
558.7856470318703,5.993815030900311e+31
558.7247665927288,5.928396193586851e+31
558.6638994181516,5.904063695347717e+31
558.6030455038041,5.832854618595858e+31
558.5422048453536,5.692106786450824e+31
558.4813774384693,5.665221275349429e+31
558.4205632788222,5.58941378260079e+31
558.3597623620851,5.504163382622193e+31
558.298974683933,5.519288654691275e+31
558.2382002400424,5.538980773659041e+31
558.177439026092,5.492067467227674e+31
558.1166910377622,5.503402207812444e+31
558.0559562707352,5.491899621927441e+31
557.9952347206955,5.438465228442485e+31
557.934526383329,5.475863366653306e+31
557.8738312543235,5.451402924487985e+31
557.8131493293691,5.426442712163088e+31
557.7524806041574,5.393243606210022e+31
557.6918250743822,5.385900049821957e+31
557.6311827357385,5.376849935362221e+31
557.5705535839242,5.357063612690433e+31
557.5099376146379,5.358624724676734e+31
557.4493348235812,5.35389015573091e+31
557.3887452064567,5.357928276113539e+31
557.3281687589695,5.348391455793403e+31
557.267605476826,5.318443385486186e+31
557.207055355735,5.332095263477107e+31
557.1465183914066,5.302916061475291e+31
557.0859945795532,5.277082035754107e+31
557.0254839158891,5.257063784725272e+31
556.9649863961303,5.120695103034667e+31
556.9045020159944,4.861936790384945e+31
556.8440307712011,4.650372612778979e+31
556.7835726574723,4.447300674834385e+31
556.7231276705312,4.206116598177477e+31
556.6626958061032,4.0138125724654057e+31
556.6022770599155,3.785811619313989e+31
556.5418714276968,3.5643793753847623e+31
556.4814789051784,3.3559553220966615e+31
556.4210994880926,3.1185339765772135e+31
556.3607331721742,2.892020120941624e+31
556.3003799531596,2.6740832624165907e+31
556.2400398267869,2.440789042522603e+31
556.1797127887963,2.2160090864798314e+31
556.1193988349298,2.0054427555992942e+31
556.0590979609312,1.7874828737244386e+31
555.9988101625462,1.5629059281789632e+31
555.9385354355222,1.3248687045194783e+31
555.8782737756086,1.095273220486604e+31
555.8180251785566,8.802568466346732e+30
555.757789640119,6.528217244651795e+30
555.6975671560509,4.7990139060735524e+30
555.6373577221091,4.767876435727246e+30
555.5771613340519,4.76321323360781e+30
555.5169779876397,4.745391428895649e+30
555.456807678635,4.750707839729145e+30
555.3966504028014,4.719842855864418e+30
555.3365061559051,4.7150371662162656e+30
555.2763749337139,4.692736247207538e+30
555.2162567319971,4.683898139436517e+30
555.1561515465263,4.6566534805815045e+30
555.0960593730746,4.640194461052232e+30
555.035980207417,4.607033425719019e+30
554.9759140453305,4.61632287768003e+30
554.9158608825936,4.6212819382786106e+30
554.8558207149872,4.5899980368248235e+30
554.7957935382934,4.5931822973656627e+30
554.7357793482964,4.5621248738473765e+30
554.6757781407822,4.551518425364619e+30
554.6157899115389,4.5295925651279616e+30
554.5558146563556,4.531314197350375e+30
554.4958523710243,4.5148644793403677e+30
554.435903051338,4.49779607695757e+30
554.3759666930919,4.5100342471579713e+30
554.316043292083,4.5046677271240256e+30
554.2561328441099,4.5238446932174775e+30
554.1962353449733,4.5514213013788636e+30
554.1363507904755,4.5389641944742807e+30
554.0764791764208,4.564179312336551e+30
554.016620498615,4.57611230570297e+30
553.9567747528661,4.5808360152405157e+30
553.8969419349836,4.5909447935097674e+30
553.837122040779,4.614436333260384e+30
553.7773150660656,4.607133403408762e+30
553.7175210066584,4.6150363055699585e+30
553.6577398583744,4.645131411247205e+30
553.5979716170319,4.6254070932797105e+30
553.5382162784518,4.6462006430484613e+30
553.4784738384562,4.667860209756313e+30
553.4187442928692,4.6923538366775974e+30
553.3590276375166,4.675746242173937e+30
553.2993238682262,4.6872666283400406e+30
553.2396329808274,4.7107163063018576e+30
553.1799549711517,4.7350847462210666e+30
553.1202898350318,4.7129417339571404e+30
553.0606375683029,4.7335321814942665e+30
553.0009981668017,4.770997862546239e+30
552.9413716263665,4.792680492344561e+30
552.8817579428376,4.7877720826759955e+30
552.822157112057,4.8172729267697335e+30
552.7625691298688,4.822941526667362e+30
552.7029939921184,4.8620226005535373e+30
552.6434316946535,4.881472047706239e+30
552.583882233323,4.918561387791837e+30
552.5243456039782,4.897126621489148e+30
552.4648218024716,4.932318920864832e+30
552.4053108246583,4.9324920665705404e+30
552.3458126663942,4.97896233511234e+30
552.2863273235376,4.9843828374222165e+30
552.2268547919485,5.0173861965148123e+30
552.1673950674887,5.025846170461894e+30
552.1079481460215,5.05889447749549e+30
552.0485140234124,5.043776802400599e+30
551.9890926955283,5.078159335914198e+30
551.9296841582383,5.086198411266088e+30
551.8702884074128,5.103826963337316e+30
551.8109054389241,5.133454826530294e+30
551.7515352486469,5.14125733808515e+30
551.6921778324567,5.169688368284932e+30
551.6328331862312,5.186309318135227e+30
551.5735013058503,5.217926690642412e+30
551.5141821871949,5.258519577374516e+30
551.4548758261484,5.280983149980412e+30
551.3955822185952,5.312428810331341e+30
551.3363013604223,5.331396797259038e+30
551.2770332475179,5.343509860531091e+30
551.2177778757721,5.364638780071475e+30
551.1585352410767,5.397743647704715e+30
551.0993053393256,5.42264429536735e+30
551.0400881664141,5.489172856264577e+30
550.9808837182394,5.515398122862715e+30
550.9216919907004,5.528940689298357e+30
550.862512979698,5.551565036476523e+30
550.8033466811344,5.566678074817768e+30
550.7441930909141,5.595260005418653e+30
550.685052204943,5.634700710751896e+30
550.6259240191287,5.649141707520571e+30
550.566808529381,5.689635192655124e+30
550.5077057316109,5.704783923986746e+30
550.4486156217317,5.720705705527382e+30
550.389538195658,5.726902199597329e+30
550.3304734493063,5.784081555518436e+30
550.2714213785949,5.757513131238801e+30
550.2123819794441,5.756284620195925e+30
550.1533552477753,5.778937853871099e+30
550.0943411795123,5.821808064825992e+30
550.0353397705803,5.798740120093336e+30
549.9763510169063,5.804419417515329e+30
549.917374914419,5.841616300065226e+30
549.8584114590493,5.857504784810294e+30
549.7994606467291,5.849563288102232e+30
549.7405224733926,5.899716381338172e+30
549.6815969349755,5.895195307184869e+30
549.6226840274152,5.886760243707416e+30
549.5637837466511,5.929729108797148e+30
549.5048960886242,5.924194705243546e+30
549.4460210492771,5.998702545142336e+30
549.3871586245543,5.9732433988801e+30
549.3283088104021,6.02082655746674e+30
549.2694716027684,6.017070204866507e+30
549.2106469976027,6.049134028312243e+30
549.1518349908566,6.041520935315925e+30
549.0930355784833,6.103451880884289e+30
549.0342487564374,6.088836131362549e+30
548.9754745206758,6.124233093108505e+30
548.9167128671567,6.17153870861664e+30
548.8579637918401,6.15070449164571e+30
548.799227290688,6.18643759599069e+30
548.7405033596638,6.2196195572801e+30
548.6817919947326,6.220918680368716e+30
548.6230931918617,6.257092701412997e+30
548.5644069470196,6.286945667574393e+30
548.5057332561769,6.287145691877679e+30
548.4470721153054,6.316609382692083e+30
548.3884235203794,6.349042378479587e+30
548.3297874673743,6.38005902062939e+30
548.2711639522674,6.406575123837872e+30
548.2125529710379,6.423174664254371e+30
548.1539545196664,6.472563683321594e+30
548.0953685941354,6.473903042802801e+30
548.0367951904291,6.49595421079903e+30
547.9782343045334,6.538399152742251e+30
547.919685932436,6.576446517550846e+30
547.8611500701262,6.599134059822644e+30
547.8026267135951,6.658967218386331e+30
547.7441158588354,6.684578727548592e+30
547.6856175018415,6.688336761917354e+30
547.62713163861,6.728462956405851e+30
547.5686582651382,6.753680228359866e+30
547.5101973774262,6.786062823035776e+30
547.451748971475,6.822236720957294e+30
547.3933130432879,6.855397386283475e+30
547.3348895888694,6.885967291348624e+30
547.276478604226,6.935535227661514e+30
547.2180800853661,6.936384497629639e+30
547.1596940282991,6.964538795193886e+30
547.1013204290368,7.02566337600348e+30
547.0429592835925,7.038933854150205e+30
546.984610587981,7.065595419885463e+30
546.9262743382192,7.123670161793333e+30
546.8679505303252,7.145638291884691e+30
546.8096391603191,7.165906502704255e+30
546.7513402242226,7.208898318846699e+30
546.6930537180594,7.258602002941675e+30
546.6347796378544,7.280502279264509e+30
546.5765179796346,7.286288578206499e+30
546.5182687394282,7.315705416905393e+30
546.4600319132659,7.33458853639263e+30
546.4018074971792,7.394459519068067e+30
546.3435954872019,7.418567936695303e+30
546.2853958793693,7.449776011208052e+30
546.2272086697183,7.460873869515516e+30
546.1690338542876,7.521491588283268e+30
546.1108714291175,7.543077328669293e+30
546.0527213902502,7.582930483853208e+30
545.9945837337294,7.609839004756105e+30
545.9364584556004,7.629188152209333e+30
545.8783455519103,7.670290573658601e+30
545.820245018708,7.718087641497317e+30
545.7621568520439,7.733848898473891e+30
545.7040810479701,7.755475193483783e+30
545.6460176025405,7.790969304749124e+30
545.5879665118106,7.846350145138948e+30
545.5299277718376,7.862428268247395e+30
545.4719013786802,7.934257900726054e+30
545.4138873283991,7.956583725640066e+30
545.3558856170565,7.965260411990365e+30
545.2978962407163,8.017225338541383e+30
545.2399191954439,8.072685864853233e+30
545.1819544773068,8.079331408230675e+30
545.1240020823736,8.103294436924982e+30
545.0660620067151,8.131371702390944e+30
545.0081342464036,8.211735928661722e+30
544.9502187975128,8.245398842564298e+30
544.8923156561185,8.257897622799238e+30
544.8344248182977,8.275631981012807e+30
544.7765462801295,8.332814055300119e+30
544.7186800376945,8.342413360521739e+30
544.660826087075,8.388872198320557e+30
544.6029844243546,8.451947568220375e+30
544.5451550456193,8.468890310709258e+30
544.487337946956,8.387103509302859e+30
544.4295331244539,8.320480487760124e+30
544.3717405742033,8.219737344234302e+30
544.3139602922967,8.11787849486874e+30
544.2561922748276,8.006424177566999e+30
544.1984365178919,7.934880330090711e+30
544.1406930175866,7.836493197928069e+30
544.0829617700107,7.740328374367853e+30
544.0252427712646,7.638028496629551e+30
543.9675360174505,7.557502258763417e+30
543.9098415046722,7.483072316961132e+30
543.8521592290351,7.387118117267e+30
543.7944891866466,7.296301086345064e+30
543.7368313736151,7.233012120995938e+30
543.6791857860513,7.135814936391055e+30
543.6215524200672,7.049820902330107e+30
543.5639312717766,6.952186449153865e+30
543.5063223372946,6.851665261166704e+30
543.4487256127385,6.765237086069935e+30
543.3911410942268,6.679251129886028e+30
543.3335687778798,6.584815499215446e+30
543.2760086598196,6.542853477492353e+30
543.2184607361696,6.484568953524165e+30
543.1609250030554,6.44653658472485e+30
543.1034014566034,6.405492328555634e+30
543.0458900929423,6.349281283475532e+30
542.9883909082024,6.283207989281178e+30
542.9309038985153,6.253752644481984e+30
542.8734290600146,6.185255169625093e+30
542.8159663888354,6.121339252962246e+30
542.7585158811141,6.09522049113455e+30
542.7010775329894,6.033073138262414e+30
542.6436513406012,5.980552528525464e+30
542.5862373000908,5.930448042242439e+30
542.528835407602,5.869107360856048e+30
542.4714456592791,5.842480601310515e+30
542.4140680512689,5.787626804887031e+30
542.3567025797197,5.739853970247135e+30
542.2993492407809,5.684842628911441e+30
542.2420080306041,5.662293246130492e+30
542.1846789453424,5.602538378137279e+30
542.1273619811502,5.560526621337135e+30
542.070057134184,5.512199663604853e+30
542.0127644006016,5.465611209456394e+30
541.9554837765626,5.486288913090839e+30
541.8982152582281,5.471694924712429e+30
541.8409588417608,5.434498831724065e+30
541.7837145233251,5.392111494732085e+30
541.7264822990871,5.368655840147997e+30
541.6692621652145,5.366070207924299e+30
541.6120541178765,5.323664122940183e+30
541.5548581532438,5.313510464501576e+30
541.497674267489,5.274326364906788e+30
541.4405024567862,5.250948399114312e+30
541.3833427173113,5.211766508086703e+30
541.3261950452413,5.177139129561091e+30
541.2690594367555,5.14682631957366e+30
541.2119358880341,5.141829235991233e+30
541.1548243952595,5.129021792891118e+30
541.0977249546154,5.097027404952065e+30
541.0406375622873,5.0639932275975674e+30
540.9835622144622,5.051641575471504e+30
540.9264989073284,5.0496567830110105e+30
540.8694476370766,5.0185146137313975e+30
540.8124083998983,5.002351035978366e+30
540.7553811919871,4.999098135398464e+30
540.698366009538,4.983246821071977e+30
540.6413628487475,4.956582533264826e+30
540.584371705814,4.991446848993378e+30
540.5273925769374,4.973963560932326e+30
540.4704254583189,4.9532605308677584e+30
540.4134703461618,4.967135075175399e+30
540.3565272366708,4.9498341336678793e+30
540.2995961260519,4.9586249627226943e+30
540.2426770105131,4.931670071860011e+30
540.1857698862639,4.905649044241468e+30
540.1288747495153,4.920711449802968e+30
540.0719915964798,4.912706588322326e+30
540.0151204233719,4.9332142832829585e+30
539.9582612264072,4.924316504247965e+30
539.9014140018032,4.9123119463699916e+30
539.8445787457791,4.9357652104433284e+30
539.7877554545553,4.929002135360474e+30
539.730944124354,4.947901236609487e+30
539.6741447513991,4.9017049648562753e+30
539.617357331916,4.92364837367822e+30
539.5605818621315,4.9191375263287727e+30
539.5038183382743,4.8983702163136086e+30
539.4470667565745,4.938240850468859e+30
539.3903271132639,4.9107651220166265e+30
539.3335994045757,4.9571710875637313e+30
539.2768836267448,4.919763277408136e+30
539.220179776008,4.9684307141389216e+30
539.1634878486029,4.935564763840913e+30
539.1068078407694,4.9805221572447813e+30
539.0501397487487,4.980672202592208e+30
538.9934835687836,5.0102807620331344e+30
538.9368392971186,4.971167705000817e+30
538.8802069299995,4.9965642660733066e+30
538.8235864636738,5.005448345456481e+30
538.766977894391,5.0164637124028744e+30
538.7103812184013,4.998866914725464e+30
538.6537964319573,5.015225449143643e+30
538.5972235313127,4.965552470737356e+30
538.540662512723,4.9998489126886747e+30
538.4841133724452,4.9697752212009105e+30
538.4275761067379,4.987451707494728e+30
538.3710507118611,4.972877776760409e+30
538.3145371840767,4.9638498674639464e+30
538.2580355196478,4.940256212644643e+30
538.2015457148393,4.9604668418459445e+30
538.1450677659177,4.963819366983028e+30
538.0886016691509,4.925151753821318e+30
538.0321474208084,4.9381527840751275e+30
537.9757050171614,4.9206797683175585e+30
537.9192744544825,4.922797479185443e+30
537.8628557290461,4.8866463734613783e+30
537.806448837128,4.9093350337740324e+30
537.7500537750054,4.8820237044854695e+30
537.6936705389572,4.877154536577699e+30
537.6372991252641,4.8661048376830047e+30
537.5809395302081,4.8484252643078126e+30
537.5245917500725,4.864580405269397e+30
537.468255781143,4.8985218393646353e+30
537.4119316197058,4.893462506494119e+30
537.3556192620495,4.9087017388548534e+30
537.2993187044639,4.929532653212691e+30
537.2430299432402,4.9311145787290107e+30
537.1867529746717,4.947748115967318e+30
537.1304877950524,4.983750297949938e+30
537.0742344006788,4.975215393475353e+30
537.0179927878484,4.979469667694939e+30
536.9617629528601,5.023656151661659e+30
536.9055448920149,5.028057124674635e+30
536.8493386016148,5.055171548043459e+30
536.7931440779638,5.065180742807104e+30
536.7369613173672,5.061510045923134e+30
536.6807903161318,5.115379687908188e+30
536.6246310705661,5.128570403905041e+30
536.5684835769802,5.111200212277366e+30
536.5123478316854,5.138905529771662e+30
536.4562238309948,5.184904161914738e+30
536.4001115712232,5.184746084768535e+30
536.3440110486866,5.175899920638823e+30
536.2879222597028,5.190460892758088e+30
536.2318452005909,5.239097856055444e+30
536.1757798676718,5.264750415445873e+30
536.1197262572678,5.277719111556203e+30
536.0636843657027,5.304396191512366e+30
536.0076541893018,5.284212297819298e+30
535.9516357243922,5.316431919175584e+30
535.8956289673023,5.342964134489262e+30
535.8396339143621,5.350422060188508e+30
535.7836505619031,5.393283263089984e+30
535.7276789062583,5.402600748055704e+30
535.6717189437626,5.447938497441034e+30
535.6157706707515,5.463847787431141e+30
535.5598340835634,5.494784167494976e+30
535.503909178537,5.462725326593121e+30
535.4479959520131,5.500291725814722e+30
535.392094400334,5.539557598815529e+30
535.3362045198436,5.547410293044568e+30
535.2803263068869,5.589922893580267e+30
535.2244597578109,5.589229385937442e+30
535.1686048689639,5.611818911802338e+30
535.1127616366958,5.627362337168428e+30
535.056930057358,5.644697566546293e+30
535.0011101273035,5.660071906300524e+30
534.9453018428866,5.693043407874528e+30
534.8895052004632,5.691270930783212e+30
534.8337201963909,5.693699050847394e+30
534.7779468270287,5.739612181466673e+30
534.7221850887371,5.761047246402273e+30
534.6664349778782,5.778859360101396e+30
534.6106964908154,5.811414814832265e+30
534.5549696239138,5.830590979395943e+30
534.4992543735401,5.844666815470683e+30
534.4435507360623,5.896868698757768e+30
534.3878587078501,5.890860521621032e+30
534.3321782852746,5.885130633693693e+30
534.2765094647084,5.937263971584369e+30
534.2208522425256,5.96636407682695e+30
534.1652066151019,5.971572017003221e+30
534.1095725788146,5.97991141071066e+30
534.0539501300422,6.0181483509033e+30
533.9983392651649,6.06902950426376e+30
533.9427399805645,6.079040309002905e+30
533.8871522726241,6.088100658868407e+30
533.8315761377285,6.105783224598825e+30
533.7760115722639,6.132662304773747e+30
533.720458572618,6.129919111680895e+30
533.66491713518,6.168707189033275e+30
533.6093872563406,6.226276294262067e+30
533.553868932492,6.219517358717333e+30
533.4983621600281,6.231322183212649e+30
533.442866935344,6.279570675047042e+30
533.3873832548365,6.281325355971456e+30
533.3319111149036,6.324661063431047e+30
533.2764505119454,6.352469926018651e+30
533.2210014423628,6.366390819458752e+30
533.1655639025587,6.36825156451215e+30
533.1101378889372,6.39402458773797e+30
533.054723397904,6.437959192371773e+30
532.9993204258665,6.453060515082444e+30
532.9439289692332,6.479895990767838e+30
532.8885490244143,6.511469635054367e+30
532.8331805878215,6.515115846355785e+30
532.7778236558681,6.562803225365788e+30
532.7224782249688,6.562796264726512e+30
532.6671442915393,6.596360088866165e+30
532.6118218519978,6.610428971270342e+30
532.5565109027631,6.634437721438141e+30
532.501211440256,6.669517579906523e+30
532.4459234608985,6.658607091315515e+30
532.3906469611142,6.713416674411575e+30
532.3353819373282,6.75732196921749e+30
532.2801283859669,6.767612337433615e+30
532.2248863034587,6.786429568163597e+30
532.1696556862328,6.813252346823142e+30
532.1144365307204,6.830053937258612e+30
532.0592288333537,6.84766322232777e+30
532.004032590567,6.865941573754177e+30
531.9488477987957,6.900417153816607e+30
531.8936744544766,6.917152475102718e+30
531.8385125540481,6.921495419157129e+30
531.7833620939501,6.943032836218071e+30
531.7282230706242,6.991818939101518e+30
531.6730954805129,6.997149585283241e+30
531.6179793200606,7.021610386855259e+30
531.5628745857132,7.048093049677392e+30
531.5077812739179,7.048774682734438e+30
531.4526993811234,7.075623456873198e+30
531.3976289037798,7.126128479379997e+30
531.342569838339,7.142621132903125e+30
531.2875221812541,7.1544947780872e+30
531.2324859289795,7.178410711828311e+30
531.1774610779715,7.196681109525009e+30
531.1224476246877,7.225876903162611e+30
531.0674455655868,7.240290389929243e+30
531.0124548971296,7.297783324071184e+30
530.957475615778,7.322431821921979e+30
530.9025077179951,7.331435083703152e+30
530.8475512002464,7.35363300336227e+30
530.7926060589976,7.384782336533441e+30
530.7376722907169,7.422308063931685e+30
530.6827498918734,7.452403172137947e+30
530.6278388589378,7.45845154260519e+30
530.5729391883825,7.490495753231744e+30
530.5180508766811,7.546140751564594e+30
530.4631739203085,7.579228422868783e+30
530.4083083157415,7.609610491507899e+30
530.3534540594579,7.633646458148442e+30
530.2986111479373,7.660002026525781e+30
530.2437795776608,7.676151844203845e+30
530.1889593451106,7.733501864590868e+30
530.1341504467706,7.740383349633686e+30
530.079352879126,7.78805930702965e+30
530.0245666386637,7.802582624246367e+30
529.9697917218718,7.847522790821831e+30
529.9150281252402,7.888694937960649e+30
529.8602758452596,7.915701382930146e+30
529.8055348784228,7.937521146579744e+30
529.7508052212239,7.972174732928866e+30
529.6960868701583,7.98009665723178e+30
529.6413798217227,8.026528586823352e+30
529.5866840724157,8.056262876385293e+30
529.5319996187369,8.091377733042721e+30
529.4773264571877,8.1296687520762e+30
529.4226645842708,8.142908189323066e+30
529.3680139964903,8.189430514621519e+30
529.3133746903517,8.227430484800993e+30
529.258746662362,8.250866535055287e+30
529.2041299090298,8.2676428216064e+30
529.1495244268649,8.324904756763601e+30
529.0949302123787,8.342884033968099e+30
529.040347262084,8.376814342351763e+30
528.9857755724948,8.397471297056968e+30
528.931215140127,8.439097324438101e+30
528.8766659614978,8.453414008330895e+30
528.8221280331254,8.49516155259557e+30
528.76760135153,8.51286636116558e+30
528.7130859132329,8.49627373438964e+30
528.6585817147569,8.463429577984042e+30
528.6040887526265,8.387328949233462e+30
528.5496070233671,8.293228877445476e+30
528.4951365235062,8.184943459323397e+30
528.440677249572,8.065226173050433e+30
528.3862291980946,7.911760096296325e+30
528.3317923656056,7.826902963996719e+30
528.2773667486376,7.737334250638477e+30
528.2229523437252,7.675962369732537e+30
528.168549147404,7.594465008370448e+30
528.1141571562109,7.490912183942879e+30
528.0597763666847,7.382747923082678e+30
528.0054067753654,7.285572015023922e+30
527.9510483787943,7.157792888062043e+30
527.8967011735143,7.076643553799458e+30
527.8423651560698,6.957484181243546e+30
527.7880403230063,6.847638145279975e+30
527.733726670871,6.727113743082346e+30
527.6794241962123,6.619189210995503e+30
527.6251328955804,6.510651300740372e+30
527.5708527655264,6.394444853916691e+30
527.5165838026032,6.272599777560186e+30
527.4623260033652,6.171783920765221e+30
527.4080793643678,6.036792358361849e+30
527.3538438821681,5.933538211160256e+30
527.2996195533244,5.80861796457606e+30
527.2454063743969,5.672468240881893e+30
527.1912043419467,5.569218976166093e+30
527.1370134525365,5.447440418147238e+30
527.0828337027306,5.340316160550056e+30
527.0286650890941,5.237526386244411e+30
526.9745076081945,5.134144536644317e+30
526.9203612565997,5.0401363287003046e+30
526.8662260308796,4.9321561040036366e+30
526.8121019276055,4.8357938011985554e+30
526.7579889433498,4.750255462970252e+30
526.7038870746866,4.6466760663161017e+30
526.6497963181913,4.548219603253854e+30
526.5957166704407,4.4447055333351024e+30
526.5416481280128,4.364996582892929e+30
526.4875906874875,4.2557085208747147e+30
526.4335443454456,4.15459974685881e+30
526.3795090984698,4.0737089740089886e+30
526.3254849431437,3.9598918354885195e+30
526.2714718760525,3.8667339540460575e+30
526.217469893783,3.7679158918810563e+30
526.163478992923,3.665744869251761e+30
526.1094991700622,3.5690611850951033e+30
526.0555304217913,3.477339754976622e+30
526.0015727447026,3.372645785673634e+30
525.9476261353894,3.2793342800151315e+30
525.8936905904471,3.191763883519474e+30
525.8397661064721,3.130764695949151e+30
525.7858526800619,3.079093085728978e+30
525.7319503078161,3.0340269183733383e+30
525.678058986335,2.9831104697271783e+30
525.6241787122208,2.958008567118882e+30
525.5703094820767,2.905147727224047e+30
525.5164512925077,2.871806604995266e+30
525.4626041401199,2.832634296052692e+30
525.4087680215208,2.790310545166581e+30
525.3549429333193,2.750477235319018e+30
525.3011288721259,2.7026551910967766e+30
525.2473258345523,2.6707038283259513e+30
525.1935338172117,2.6226267307384924e+30
525.1397528167183,2.586461422418247e+30
525.0859828296884,2.548004610929694e+30
525.032223852739,2.5126608667661505e+30
524.9784758824887,2.4708225596155903e+30
524.9247389155579,2.4357977067242334e+30
524.8710129485679,2.3891439478833273e+30
524.8172979781414,2.3572977347056905e+30
524.7635940009026,2.314526916470699e+30
524.7099010134772,2.2781742406537937e+30
524.656219012492,2.241759526910083e+30
524.6025479945756,2.2010893562196815e+30
524.5488879563575,2.1894065973911706e+30
524.4952388944689,2.1540517504250754e+30
524.4416008055423,2.13600369378021e+30
524.3879736862115,2.104346929372436e+30
524.3343575331118,2.0804063393216482e+30
524.2807523428796,2.0708030865761826e+30
524.2271581121531,2.0397582987251675e+30
524.1735748375718,2.009656225589201e+30
524.120002515776,2.006736537074937e+30
524.0664411434082,1.9709715998910235e+30
524.0128907171116,1.9587741911327098e+30
523.9593512335313,1.9306768888056915e+30
523.9058226893134,1.9123799611809542e+30
523.8523050811054,1.885777211765909e+30
523.7987984055565,1.8792416895195398e+30
523.7453026593167,1.8526757968785565e+30
523.6918178390381,1.834591573782977e+30
523.6383439413735,1.815346294308589e+30
523.5848809629773,1.7981558009558516e+30
523.5314289005055,1.7709772360136715e+30
523.4779877506151,1.758922407966489e+30
523.4245575099648,1.7296648496815965e+30
523.3711381752141,1.7194657372588957e+30
523.3177297430249,1.6947505668501515e+30
523.2643322100593,1.7011336980211967e+30
523.2109455729814,1.682126430160641e+30
523.1575698284566,1.6746026530101115e+30
523.1042049731517,1.6538056466728978e+30
523.0508510037346,1.657396887954456e+30
522.9975079168748,1.636266423853036e+30
522.944175709243,1.6411046051349172e+30
522.8908543775116,1.6201875575485938e+30
522.8375439183537,1.6183079350357217e+30
522.7842443284444,1.605865488479685e+30
522.73095560446,1.6041209165156877e+30
522.6776777430778,1.5944771362369272e+30
522.6244107409769,1.592681098627136e+30
522.5711545948375,1.585396008092502e+30
522.5179093013413,1.5687213094358267e+30
522.4646748571712,1.5625378165373303e+30
522.4114512590116,1.5505642736684067e+30
522.3582385035481,1.5531560947897992e+30
522.3050365874678,1.537820070878994e+30
522.251845507459,1.544184096258067e+30
522.1986652602116,1.5260371135121953e+30
522.1454958424165,1.5245590107926353e+30
522.0923372507661,1.5147682593955557e+30
522.0391894819544,1.5080909394652582e+30
521.9860525326764,1.4955288593726e+30
521.9329263996284,1.4968670172897875e+30
521.8798110795084,1.490305605530646e+30
521.8267065690155,1.4906698415132874e+30
521.7736128648502,1.4876687729192025e+30
521.7205299637143,1.4884508244405782e+30
521.667457862311,1.480367095912041e+30
521.6143965573449,1.4797570175048664e+30
521.5613460455219,1.4743009761066095e+30
521.5083063235489,1.4789996647913878e+30
521.4552773881348,1.472160855918228e+30
521.4022592359893,1.4731992179371382e+30
521.3492518638236,1.4694480736807402e+30
521.2962552683503,1.4808509985643133e+30
521.2432694462833,1.464741494492949e+30
521.1902943943378,1.4687267711603963e+30
521.1373301092304,1.467419399807049e+30
521.084376587679,1.4702943957727986e+30
521.0314338264027,1.4683951321994607e+30
520.9785018221223,1.4632167042549897e+30
520.9255805715595,1.4686307777929473e+30
520.8726700714377,1.4718100036752604e+30
520.8197703184813,1.4560374609857906e+30
520.7668813094162,1.471950240020557e+30
520.7140030409698,1.458053990118775e+30
520.6611355098704,1.4674177984609757e+30
520.6082787128481,1.458919255945888e+30
520.555432646634,1.4626041127422183e+30
520.5025973079605,1.4610937597253626e+30
520.4497726935618,1.4624165927143634e+30
520.3969588001727,1.4660073551225112e+30
520.3441556245301,1.4691262851758447e+30
520.2913631633714,1.4627553849557186e+30
520.2385814134362,1.463749266148649e+30
520.1858103714646,1.4673954748960044e+30
520.1330500341987,1.470177185655688e+30
520.0803003983815,1.4701938870556456e+30
520.0275614607574,1.4697570272830968e+30
519.9748332180723,1.479592589598525e+30
519.9221156670731,1.4766336392264897e+30
519.8694088045083,1.4828103272406054e+30
519.8167126271277,1.4905655766701616e+30
519.7640271316822,1.4889065824690767e+30
519.7113523149243,1.4906607487393215e+30
519.6586881736076,1.4824686935269818e+30
519.6060347044871,1.4839941334006428e+30
519.553391904319,1.488664241454126e+30
519.5007597698611,1.4909848932071796e+30
519.4481382978723,1.485848835581978e+30
519.3955274851128,1.500811635666738e+30
519.3429273283441,1.493240506941913e+30
519.2903378243293,1.4683905003202932e+30
519.2377589698323,1.452458845731109e+30
519.1851907616187,1.4238397009773468e+30
519.1326331964553,1.4068029427843492e+30
519.0800862711103,1.3846019964825974e+30
519.0275499823531,1.3643836390171234e+30
518.9750243269543,1.3372086441794016e+30
518.922509301686,1.3078006144896485e+30
518.8700049033216,1.2925891886932767e+30
518.8175111286356,1.2684763483203648e+30
518.7650279744041,1.260454249134817e+30
518.7125554374044,1.2500128559304695e+30
518.6600935144148,1.2365981598578055e+30
518.6076422022155,1.2223807648367608e+30
518.5552014975874,1.2088182915720078e+30
518.5027713973132,1.2111586529976382e+30
518.4503518981763,1.1900700115951281e+30
518.3979429969621,1.1793470799829423e+30
518.345544690457,1.1738025977955619e+30
518.2931569754484,1.1696207160947016e+30
518.2407798487255,1.1609944804359787e+30
518.1884133070785,1.1441065906079575e+30
518.1360573472988,1.1353828047422247e+30
518.0837119661795,1.1254428272147048e+30
518.0313771605146,1.1138147377335565e+30
517.9790529270996,1.112244205404331e+30
517.9267392627313,1.0937065423280755e+30
517.8744361642076,1.0839849450181776e+30
517.8221436283279,1.0825515051425273e+30
517.7698616518929,1.0651989929884709e+30
517.7175902317045,1.0565302078959169e+30
517.6653293645658,1.0503626481757279e+30
517.6130790472813,1.0424270634376863e+30
517.560839276657,1.0352891651267525e+30
517.5086100494997,1.0293495784529464e+30
517.4563913626179,1.0213778687733567e+30
517.4041832128213,1.0146643388875945e+30
517.3519855969207,1.0107798047473471e+30
517.2997985117285,1.0038630309583014e+30
517.247621954058,1.0042539531893248e+30
517.1954559207243,9.9246156487425e+29
517.1433004085432,9.905185186074117e+29
517.0911554143322,9.894918387788175e+29
517.0390209349099,9.801701663457328e+29
516.9868969670964,9.728282108690024e+29
516.9347835077127,9.746112546556388e+29
516.8826805535813,9.685867529132696e+29
516.8305881015261,9.576984977400599e+29
516.7785061483722,9.592123686741641e+29
516.7264346909459,9.581106451438073e+29
516.6743737260747,9.642273242745193e+29
516.6223232505877,9.5141995361768e+29
516.5702832613148,9.426831777498234e+29
516.5182537550877,9.380942953761245e+29
516.466234728739,9.394170927763541e+29
516.4142261791028,9.263581866227923e+29
516.3622281030142,9.266817902325037e+29
516.31024049731,9.310957070675082e+29
516.2582633588279,9.315389122832574e+29
516.2062966844069,9.19778872690902e+29
516.1543404708875,9.242841359785496e+29
516.1023947151115,9.240938206636956e+29
516.0504594139214,9.201444836619375e+29
515.9985345641619,9.24449579736576e+29
515.946620162678,9.131850568104532e+29
515.8947162063166,9.117662481973133e+29
515.8428226919258,9.220308745744621e+29
515.7909396163548,9.174061785756558e+29
515.739066976454,9.070908307939119e+29
515.6872047690753,9.141020740640172e+29
515.6353529910717,9.104017349489823e+29
515.5835116392977,9.143814615777427e+29
515.5316807106088,9.118746039581865e+29
515.4798602018619,9.074091526781072e+29
515.428050109915,9.087040866874532e+29
515.3762504316276,9.077592399979561e+29
515.3244611638603,9.159257172084139e+29
515.272682303475,9.099411987924853e+29
515.2209138473348,9.006901995033647e+29
515.1691557923044,9.016014983131094e+29
515.1174081352492,9.12376082877516e+29
515.0656708730363,9.111016764576948e+29
515.0139440025339,9.054246505694139e+29
514.9622275206113,9.01698903672485e+29
514.9105214241396,9.084668520285646e+29
514.8588257099904,9.044189391487333e+29
514.807140375037,9.133974219758518e+29
514.755465416154,9.150175850230617e+29
514.7038008302172,9.166616926181919e+29
514.6521466141036,9.1119764740158e+29
514.6005027646912,9.119522211406169e+29
514.5488692788598,9.135560700396707e+29
514.49724615349,9.16581714565559e+29
514.4456333854638,9.199371313666264e+29
514.3940309716646,9.20144132720897e+29
514.3424389089768,9.18801303793396e+29
514.2908571942862,9.223174107631386e+29
514.2392858244798,9.198346385630257e+29
514.1877247964459,9.213247971879802e+29
514.136174107074,9.313522163034052e+29
514.0846337532548,9.328784828807124e+29
514.0331037318803,9.215333711607712e+29
513.9815840398438,9.237546448845103e+29
513.9300746740398,9.222745361449616e+29
513.878575631364,9.341059673941915e+29
513.8270869087135,9.302245109009187e+29
513.7756085029863,9.320039303259621e+29
513.7241404110821,9.347133036739483e+29
513.6726826299014,9.431704324062761e+29
513.6212351563463,9.33965479261066e+29
513.5697979873199,9.351366197961768e+29
513.5183711197268,9.361672155831642e+29
513.4669545504726,9.254620916819427e+29
513.4155482764639,9.19815966153747e+29
513.3641522946094,9.086607040240868e+29
513.3127666018182,8.98013392729766e+29
513.2613911950008,8.870185343908171e+29
513.2100260710694,8.7627914768933e+29
513.1586712269367,8.652122190123397e+29
513.1073266595173,8.535878730079137e+29
513.0559923657269,8.401712440874488e+29
513.0046683424819,8.304771770260934e+29
512.9533545867007,8.1615427837412e+29
512.9020510953023,8.131708178081701e+29
512.8507578652075,8.012499772594119e+29
512.7994748933377,7.894572571775875e+29
512.7482021766161,7.775208560935419e+29
512.6969397119668,7.641996414845926e+29
512.6456874963154,7.582113067789035e+29
512.5944455265883,7.450939703436272e+29
512.5432137997135,7.323915646116319e+29
512.4919923126201,7.197473658815949e+29
512.4407810622384,7.130327521277216e+29
512.3895800455002,7.049186190920853e+29
512.338389259338,6.993209341392587e+29
512.2872087006859,6.99177440808161e+29
512.2360383664793,6.933147904409295e+29
512.1848782536543,6.880300938337101e+29
512.1337283591491,6.807544215505774e+29
512.0825886799023,6.76210830274158e+29
512.031459212854,6.681214892476717e+29
511.98033995494575,6.645278205737753e+29
511.9292309031199,6.622132927374839e+29
511.8781320543205,6.561031313508777e+29
511.8270434054924,6.535737391292242e+29
511.77596495358193,6.447102771167339e+29
511.7248966955365,6.381348352284324e+29
511.67383862830474,6.299460086711816e+29
511.6227907488367,6.259925706433485e+29
511.57175305408333,6.262740064606764e+29
511.5207255409971,6.1693118253146004e+29
511.4697082065315,6.121486516892214e+29
511.4187010476412,6.029844683212302e+29
511.3677040612823,5.956146523289912e+29
511.3167172444119,5.892353639120662e+29
511.26574059398854,5.790180743108468e+29
511.21477410697173,5.787161580756951e+29
511.16381778032223,5.791626918748815e+29
511.1128716110022,5.837956340508447e+29
511.0619355959749,5.8327050907096964e+29
511.0110097322047,5.8560499951828285e+29
510.9600940166573,5.825874440670533e+29
510.9091884462996,5.822729020492012e+29
510.85829301809974,5.82256952443424e+29
510.80740772902686,5.815813799658167e+29
510.7565325760516,5.8020965902556435e+29
510.7056675561457,5.791101277517483e+29
510.65481266628194,5.797172795610376e+29
510.6039679034346,5.797931208254459e+29
510.55313326457883,5.7708350984155396e+29
510.5023087466913,5.857650915901658e+29
510.45149434674966,5.855599501227259e+29
510.400690061733,5.854610173312032e+29
510.34989588862123,5.814077778538775e+29
510.2991118243959,5.8218204885334035e+29
510.2483378660394,5.821162783546783e+29
510.19757401053556,5.8069909173635645e+29
510.14682025486934,5.836619052843667e+29
510.0960765960269,5.803305203728048e+29
510.0453430309954,5.8052676610637916e+29
509.99461955676367,5.8000741241489874e+29
509.9439061703212,5.8718759090288236e+29
509.8932028686591,5.881280650958355e+29
509.84250964876946,5.879896626265313e+29
509.79182650764557,5.892945891737708e+29
509.74115344228204,5.9030053602546545e+29
509.6904904496744,5.881818199321252e+29
509.6398375268198,5.882255449089118e+29
509.58919467071615,5.8677583996079536e+29
509.538561878363,5.865162732569033e+29
509.48793914676054,5.878267736348572e+29
509.4373264729106,5.885624519116411e+29
509.38672385381614,5.9449139103462965e+29
509.3361312864812,5.943899478994741e+29
509.28554876791094,5.951009918993708e+29
509.23497629511184,5.96680907576117e+29
509.1844138650916,5.9478544408332515e+29
509.1338614748589,5.95676630310737e+29
509.083319121424,5.956043077744042e+29
509.0327868017979,5.969002713195102e+29
508.9822645129931,6.035644454846582e+29
508.931752252023,6.0459075320541136e+29
508.8812500159025,6.036814122575133e+29
508.83075780164756,6.011198201198176e+29
508.78027560627527,6.032083962211635e+29
508.7298034268039,6.0244199004752365e+29
508.67934126025307,6.043340279761027e+29
508.6288891036433,6.087916367396558e+29
508.57844695399655,6.092225870695634e+29
508.5280148083358,6.0649093747740736e+29
508.4775926636853,6.057205014186737e+29
508.4271805170704,6.059550555591886e+29
508.3767783655178,6.055107276719193e+29
508.3263862060552,6.118184231996514e+29
508.2760040357115,6.095154360664452e+29
508.22563185151677,6.100206432813428e+29
508.17526965050246,6.083678295687384e+29
508.1249174297009,6.092888415740544e+29
508.0745751861458,6.1580026652883504e+29
508.02424291687197,6.1279361978994656e+29
507.97392061891543,6.112440464645021e+29
507.9236082893133,6.117445868333786e+29
507.8733059251039,6.07206326980032e+29
507.82301352332684,6.102260538855605e+29
507.77273108102276,6.113221392402165e+29
507.7224585952335,6.109822304122124e+29
507.6721960630021,6.1247541415147426e+29
507.6219434813728,6.161076592606724e+29
507.57170084739096,6.163069646444069e+29
507.52146815810306,6.1594624393192226e+29
507.4712454105569,6.1567263334704895e+29
507.4210326018013,6.2129363857678165e+29
507.3708297288864,6.2077728850407825e+29
507.3206367888633,6.173955632347322e+29
507.27045377878443,6.1631989776281005e+29
507.2202806957033,6.222560505874271e+29
507.1701175366747,6.219186527414273e+29
507.1199642987545,6.238402212999088e+29
507.0698209789997,6.188033508405119e+29
507.0196875744685,6.2774764007299744e+29
506.96956408222036,6.3076529286200574e+29
506.91945049931564,6.23686091513062e+29
506.8693468228162,6.292601044599426e+29
506.8192530497849,6.296792425253105e+29
506.7691691772856,6.304954565544959e+29
506.71909520238364,6.343070166919129e+29
506.6690311221452,6.35320795239113e+29
506.61897693363795,6.2976220551336026e+29
506.5689326339305,6.316192267749695e+29
506.5188982200926,6.372102679540962e+29
506.4688736891952,6.347885168135389e+29
506.4188590383106,6.349368656435443e+29
506.36885426451187,6.405818076115867e+29
506.31885936487356,6.38145191363832e+29
506.26887433647136,6.368682340000741e+29
506.21889917638185,6.421594308851906e+29
506.168933881683,6.415212057673104e+29
506.11897844945383,6.478663544003497e+29
506.0690328767747,6.42095560904111e+29
506.01909716072686,6.434304573957143e+29
505.9691712983928,6.49639286873752e+29
505.91925528685624,6.520150295426669e+29
505.8693491232019,6.503069155881678e+29
505.81945280451595,6.497814982524572e+29
505.76956632788534,6.510717256776407e+29
505.7196896903984,6.568497633995682e+29
505.66982288914454,6.543703201804387e+29
505.61996592121426,6.57512105638002e+29
505.5701187836994,6.564090996062082e+29
505.52028147369276,6.584094780031276e+29
505.4704539882882,6.632787664094557e+29
505.4206363245811,6.6429705518017e+29
505.37082847966764,6.657708538501527e+29
505.32103045064525,6.657824547483705e+29
505.2712422346126,6.649756465559982e+29
505.2214638286693,6.681776934628874e+29
505.1716952299163,6.61978182167636e+29
505.1219364354555,6.687680582366604e+29
505.0721874423902,6.670778739955051e+29
505.0224482478246,6.674808720509355e+29
504.9727188488642,6.681318171797244e+29
504.9229992426155,6.73269674728764e+29
504.87328942618626,6.756325327257666e+29
504.82358939668535,6.746431537480374e+29
504.7738991512227,6.749214766163445e+29
504.7242186869094,6.782532315060551e+29
504.67454800085795,6.743725480541598e+29
504.6248870901815,6.783075767992664e+29
504.5752359519947,6.79917838913962e+29
504.5255945834132,6.765491773440848e+29
504.47596298155383,6.816655744834777e+29
504.4263411435345,6.851504399763361e+29
504.37672906647435,6.816626918656387e+29
504.3271267474935,6.86179309596203e+29
504.2775341837133,6.880452450346434e+29
504.2279513722563,6.872821116499243e+29
504.17837831024616,6.91673440698433e+29
504.1288149948075,6.934458466236218e+29
504.07926142306616,6.939433938863981e+29
504.0297175921492,6.948344122987252e+29
503.98018349918476,6.976130903482584e+29
503.93065914130216,6.973595540459789e+29
503.88114451563166,7.003522686137613e+29
503.8316396193048,7.000160735560918e+29
503.7821444494543,6.999279100801734e+29
503.7326590032138,7.036544784975458e+29
503.6831832777183,7.043408284952363e+29
503.6337172701038,7.045333280042587e+29
503.58426097750737,7.059995081491513e+29
503.5348143970674,7.11074525855678e+29
503.48537752592324,7.066682099024471e+29
503.4359503612153,6.96552999485102e+29
503.3865329000853,6.940446574068575e+29
503.33712513967606,6.85011059033867e+29
503.28772707713136,6.85822342843193e+29
503.23833870959623,6.823579969533446e+29
503.1889600342168,6.77478291865322e+29
503.1395910481404,6.726646378059553e+29
503.0902317485153,6.745299902079599e+29
503.04088213249094,6.629000077360504e+29
502.99154219721794,6.630746439640343e+29
502.9422119398481,6.637222006094288e+29
502.8928913575342,6.594434502574747e+29
502.8435804474302,6.54526679714866e+29
502.79427920669116,6.502210314735909e+29
502.7449876324733,6.492770931013615e+29
502.69570572193385,6.463780664462877e+29
502.6464334722313,6.447661169826107e+29
502.59717088052514,6.345698456370361e+29
502.54791794397596,6.3158128688113045e+29
502.4986746597456,6.30355549425572e+29
502.4494410249969,6.2628096823542024e+29
502.40021703689376,6.2711758923195634e+29
502.35100269260136,6.176737711123608e+29
502.3017979892859,6.174345586724378e+29
502.2526029241146,6.12351612783262e+29
502.20341749425603,6.136235669032884e+29
502.1542416968796,6.1111836993666055e+29
502.105075529156,6.118503621205697e+29
502.0559189882569,6.0838967877144925e+29
502.0067720713553,6.068648227359908e+29
501.95763477562497,6.0454844276664185e+29
501.90850709824105,6.0149469737152836e+29
501.85938903637975,6.0512021272723676e+29
501.8102805872184,6.0140725510252615e+29
501.7611817479352,6.009011379197152e+29
501.71209251570986,6.020788360779754e+29
501.66301288772274,5.993465654491371e+29
501.6139428611558,5.964552025662764e+29
501.5648824331916,5.991901522008934e+29
501.5158316010141,5.958683548536957e+29
501.4667903618083,5.922040075074865e+29
501.4177587127603,5.944702621308694e+29
501.36873665105736,5.902934877887548e+29
501.3197241738878,5.872134235162061e+29
501.2707212784408,5.899578950314439e+29
501.2217279619071,5.8670406945142156e+29
501.17274422147824,5.852861047738598e+29
501.12377005434683,5.865330208980002e+29
501.07480545770676,5.8445399049492465e+29
501.0258504287529,5.874750001159736e+29
500.9769049646811,5.841143538922005e+29
500.92796906268865,5.890855336595947e+29
500.87904271997354,5.86474752741635e+29
500.83012593373513,5.853720210054908e+29
500.7812187011738,5.838830673692318e+29
500.73232101949094,5.864257705217371e+29
500.6834328858892,5.8875491847249325e+29
500.63455429757215,5.8706762215185634e+29
500.5856852517445,5.868204992530141e+29
500.53682574561213,5.850169126077506e+29
500.487975776382,5.896506014140301e+29
500.43913534126193,5.89926154043904e+29
500.3903044374612,5.8724223195556446e+29
500.3414830621899,5.850771140463539e+29
500.2926712126594,5.8878354839624406e+29
500.24386888608194,5.854539142674201e+29
500.195076079671,5.8891784821595725e+29
500.14629279064127,5.923901500522132e+29
500.09751901620814,5.8922686083629805e+29
500.04875475358847,5.8746156907930225e+29
